history_id,team_id,kernel_id,behavior,replicate,partition,selected_clock,selected_state_id
campaign3_gate2_v1:F01:K01:0:D00,F01,K01,D00,0,TRAIN,5,75604
campaign3_gate2_v1:F01:K01:0:D01,F01,K01,D01,0,TRAIN,20,75691
campaign3_gate2_v1:F01:K01:0:D10,F01,K01,D10,0,TRAIN,28,75663
campaign3_gate2_v1:F01:K01:0:D11,F01,K01,D11,0,TRAIN,36,75743
campaign3_gate2_v1:F01:K01:0:DbetaU,F01,K01,DbetaU,0,TRAIN,26,75769
campaign3_gate2_v1:F01:K01:1:D00,F01,K01,D00,1,TRAIN,35,75814
campaign3_gate2_v1:F01:K01:1:D01,F01,K01,D01,1,TRAIN,11,75862
campaign3_gate2_v1:F01:K01:1:D10,F01,K01,D10,1,TRAIN,8,75823
campaign3_gate2_v1:F01:K01:1:D11,F01,K01,D11,1,TRAIN,6,75893
campaign3_gate2_v1:F01:K01:1:DbetaU,F01,K01,DbetaU,1,TRAIN,1,75924
campaign3_gate2_v1:F01:K01:2:D00,F01,K01,D00,2,TRAIN,25,75984
campaign3_gate2_v1:F01:K01:2:D01,F01,K01,D01,2,TRAIN,21,76052
campaign3_gate2_v1:F01:K01:2:D10,F01,K01,D10,2,TRAIN,8,76003
campaign3_gate2_v1:F01:K01:2:D11,F01,K01,D11,2,TRAIN,19,76086
campaign3_gate2_v1:F01:K01:2:DbetaU,F01,K01,DbetaU,2,TRAIN,17,76120
campaign3_gate2_v1:F01:K01:3:D00,F01,K01,D00,3,VALIDATION,10,76149
campaign3_gate2_v1:F01:K01:3:D01,F01,K01,D01,3,VALIDATION,12,76223
campaign3_gate2_v1:F01:K01:3:D10,F01,K01,D10,3,VALIDATION,15,76190
campaign3_gate2_v1:F01:K01:3:D11,F01,K01,D11,3,VALIDATION,31,76278
campaign3_gate2_v1:F01:K01:3:DbetaU,F01,K01,DbetaU,3,VALIDATION,30,76313
campaign3_gate2_v1:F01:K01:4:D00,F01,K01,D00,4,DEVELOPMENT_TEST,9,76328
campaign3_gate2_v1:F01:K01:4:D01,F01,K01,D01,4,DEVELOPMENT_TEST,25,76416
campaign3_gate2_v1:F01:K01:4:D10,F01,K01,D10,4,DEVELOPMENT_TEST,6,76361
campaign3_gate2_v1:F01:K01:4:D11,F01,K01,D11,4,DEVELOPMENT_TEST,2,76429
campaign3_gate2_v1:F01:K01:4:DbetaU,F01,K01,DbetaU,4,DEVELOPMENT_TEST,12,76475
campaign3_gate2_v1:F01:K02:0:D00,F01,K02,D00,0,TRAIN,23,76522
campaign3_gate2_v1:F01:K02:0:D01,F01,K02,D01,0,TRAIN,30,76601
campaign3_gate2_v1:F01:K02:0:D10,F01,K02,D10,0,TRAIN,7,76542
campaign3_gate2_v1:F01:K02:0:D11,F01,K02,D11,0,TRAIN,35,76642
campaign3_gate2_v1:F01:K02:0:DbetaU,F01,K02,DbetaU,0,TRAIN,20,76663
campaign3_gate2_v1:F01:K02:1:D00,F01,K02,D00,1,TRAIN,26,76705
campaign3_gate2_v1:F01:K02:1:D01,F01,K02,D01,1,TRAIN,23,76774
campaign3_gate2_v1:F01:K02:1:D10,F01,K02,D10,1,TRAIN,15,76730
campaign3_gate2_v1:F01:K02:1:D11,F01,K02,D11,1,TRAIN,20,76807
campaign3_gate2_v1:F01:K02:1:DbetaU,F01,K02,DbetaU,1,TRAIN,22,76845
campaign3_gate2_v1:F01:K02:2:D00,F01,K02,D00,2,TRAIN,28,76887
campaign3_gate2_v1:F01:K02:2:D01,F01,K02,D01,2,TRAIN,7,76938
campaign3_gate2_v1:F01:K02:2:D10,F01,K02,D10,2,TRAIN,24,76919
campaign3_gate2_v1:F01:K02:2:D11,F01,K02,D11,2,TRAIN,1,76968
campaign3_gate2_v1:F01:K02:2:DbetaU,F01,K02,DbetaU,2,TRAIN,19,77022
campaign3_gate2_v1:F01:K02:3:D00,F01,K02,D00,3,VALIDATION,20,77059
campaign3_gate2_v1:F01:K02:3:D01,F01,K02,D01,3,VALIDATION,10,77121
campaign3_gate2_v1:F01:K02:3:D10,F01,K02,D10,3,VALIDATION,16,77091
campaign3_gate2_v1:F01:K02:3:D11,F01,K02,D11,3,VALIDATION,25,77172
campaign3_gate2_v1:F01:K02:3:DbetaU,F01,K02,DbetaU,3,VALIDATION,24,77207
campaign3_gate2_v1:F01:K02:4:D00,F01,K02,D00,4,DEVELOPMENT_TEST,18,77237
campaign3_gate2_v1:F01:K02:4:D01,F01,K02,D01,4,DEVELOPMENT_TEST,18,77309
campaign3_gate2_v1:F01:K02:4:D10,F01,K02,D10,4,DEVELOPMENT_TEST,27,77282
campaign3_gate2_v1:F01:K02:4:D11,F01,K02,D11,4,DEVELOPMENT_TEST,8,77335
campaign3_gate2_v1:F01:K02:4:DbetaU,F01,K02,DbetaU,4,DEVELOPMENT_TEST,21,77384
campaign3_gate2_v1:F01:K03:0:D00,F01,K03,D00,0,TRAIN,24,77423
campaign3_gate2_v1:F01:K03:0:D01,F01,K03,D01,0,TRAIN,7,77478
campaign3_gate2_v1:F01:K03:0:D10,F01,K03,D10,0,TRAIN,6,77441
campaign3_gate2_v1:F01:K03:0:D11,F01,K03,D11,0,TRAIN,4,77511
campaign3_gate2_v1:F01:K03:0:DbetaU,F01,K03,DbetaU,0,TRAIN,2,77545
campaign3_gate2_v1:F01:K03:1:D00,F01,K03,D00,1,TRAIN,5,77584
campaign3_gate2_v1:F01:K03:1:D01,F01,K03,D01,1,TRAIN,11,77662
campaign3_gate2_v1:F01:K03:1:D10,F01,K03,D10,1,TRAIN,22,77637
campaign3_gate2_v1:F01:K03:1:D11,F01,K03,D11,1,TRAIN,25,77712
campaign3_gate2_v1:F01:K03:1:DbetaU,F01,K03,DbetaU,1,TRAIN,28,77751
campaign3_gate2_v1:F01:K03:2:D00,F01,K03,D00,2,TRAIN,26,77785
campaign3_gate2_v1:F01:K03:2:D01,F01,K03,D01,2,TRAIN,9,77840
campaign3_gate2_v1:F01:K03:2:D10,F01,K03,D10,2,TRAIN,30,77825
campaign3_gate2_v1:F01:K03:2:D11,F01,K03,D11,2,TRAIN,18,77885
campaign3_gate2_v1:F01:K03:2:DbetaU,F01,K03,DbetaU,2,TRAIN,30,77933
campaign3_gate2_v1:F01:K03:3:D00,F01,K03,D00,3,VALIDATION,15,77954
campaign3_gate2_v1:F01:K03:3:D01,F01,K03,D01,3,VALIDATION,34,78045
campaign3_gate2_v1:F01:K03:3:D10,F01,K03,D10,3,VALIDATION,34,78009
campaign3_gate2_v1:F01:K03:3:D11,F01,K03,D11,3,VALIDATION,34,78081
campaign3_gate2_v1:F01:K03:3:DbetaU,F01,K03,DbetaU,3,VALIDATION,36,78119
campaign3_gate2_v1:F01:K03:4:D00,F01,K03,D00,4,DEVELOPMENT_TEST,26,78145
campaign3_gate2_v1:F01:K03:4:D01,F01,K03,D01,4,DEVELOPMENT_TEST,13,78204
campaign3_gate2_v1:F01:K03:4:D10,F01,K03,D10,4,DEVELOPMENT_TEST,10,78165
campaign3_gate2_v1:F01:K03:4:D11,F01,K03,D11,4,DEVELOPMENT_TEST,34,78261
campaign3_gate2_v1:F01:K03:4:DbetaU,F01,K03,DbetaU,4,DEVELOPMENT_TEST,27,78290
campaign3_gate2_v1:F01:K05:0:D00,F01,K05,D00,0,TRAIN,22,78321
campaign3_gate2_v1:F01:K05:0:D01,F01,K05,D01,0,TRAIN,33,78404
campaign3_gate2_v1:F01:K05:0:D10,F01,K05,D10,0,TRAIN,17,78352
campaign3_gate2_v1:F01:K05:0:D11,F01,K05,D11,0,TRAIN,22,78429
campaign3_gate2_v1:F01:K05:0:DbetaU,F01,K05,DbetaU,0,TRAIN,28,78471
campaign3_gate2_v1:F01:K05:1:D00,F01,K05,D00,1,TRAIN,29,78508
campaign3_gate2_v1:F01:K05:1:D01,F01,K05,D01,1,TRAIN,20,78571
campaign3_gate2_v1:F01:K05:1:D10,F01,K05,D10,1,TRAIN,27,78542
campaign3_gate2_v1:F01:K05:1:D11,F01,K05,D11,1,TRAIN,25,78612
campaign3_gate2_v1:F01:K05:1:DbetaU,F01,K05,DbetaU,1,TRAIN,13,78636
campaign3_gate2_v1:F01:K05:2:D00,F01,K05,D00,2,TRAIN,27,78686
campaign3_gate2_v1:F01:K05:2:D01,F01,K05,D01,2,TRAIN,26,78757
campaign3_gate2_v1:F01:K05:2:D10,F01,K05,D10,2,TRAIN,29,78724
campaign3_gate2_v1:F01:K05:2:D11,F01,K05,D11,2,TRAIN,21,78788
campaign3_gate2_v1:F01:K05:2:DbetaU,F01,K05,DbetaU,2,TRAIN,35,78838
campaign3_gate2_v1:F01:K05:3:D00,F01,K05,D00,3,VALIDATION,18,78857
campaign3_gate2_v1:F01:K05:3:D01,F01,K05,D01,3,VALIDATION,9,78920
campaign3_gate2_v1:F01:K05:3:D10,F01,K05,D10,3,VALIDATION,10,78885
campaign3_gate2_v1:F01:K05:3:D11,F01,K05,D11,3,VALIDATION,21,78968
campaign3_gate2_v1:F01:K05:3:DbetaU,F01,K05,DbetaU,3,VALIDATION,32,79015
campaign3_gate2_v1:F01:K05:4:D00,F01,K05,D00,4,DEVELOPMENT_TEST,26,79045
campaign3_gate2_v1:F01:K05:4:D01,F01,K05,D01,4,DEVELOPMENT_TEST,1,79092
campaign3_gate2_v1:F01:K05:4:D10,F01,K05,D10,4,DEVELOPMENT_TEST,10,79065
campaign3_gate2_v1:F01:K05:4:D11,F01,K05,D11,4,DEVELOPMENT_TEST,15,79142
campaign3_gate2_v1:F01:K05:4:DbetaU,F01,K05,DbetaU,4,DEVELOPMENT_TEST,17,79180
campaign3_gate2_v1:F01:K06:0:D00,F01,K06,D00,0,TRAIN,32,79231
campaign3_gate2_v1:F01:K06:0:D01,F01,K06,D01,0,TRAIN,25,79296
campaign3_gate2_v1:F01:K06:0:D10,F01,K06,D10,0,TRAIN,24,79259
campaign3_gate2_v1:F01:K06:0:D11,F01,K06,D11,0,TRAIN,6,79313
campaign3_gate2_v1:F01:K06:0:DbetaU,F01,K06,DbetaU,0,TRAIN,9,79352
campaign3_gate2_v1:F01:K06:1:D00,F01,K06,D00,1,TRAIN,9,79388
campaign3_gate2_v1:F01:K06:1:D01,F01,K06,D01,1,TRAIN,31,79482
campaign3_gate2_v1:F01:K06:1:D10,F01,K06,D10,1,TRAIN,14,79429
campaign3_gate2_v1:F01:K06:1:D11,F01,K06,D11,1,TRAIN,18,79505
campaign3_gate2_v1:F01:K06:1:DbetaU,F01,K06,DbetaU,1,TRAIN,36,79559
campaign3_gate2_v1:F01:K06:2:D00,F01,K06,D00,2,TRAIN,4,79563
campaign3_gate2_v1:F01:K06:2:D01,F01,K06,D01,2,TRAIN,17,79648
campaign3_gate2_v1:F01:K06:2:D10,F01,K06,D10,2,TRAIN,19,79614
campaign3_gate2_v1:F01:K06:2:D11,F01,K06,D11,2,TRAIN,31,79698
campaign3_gate2_v1:F01:K06:2:DbetaU,F01,K06,DbetaU,2,TRAIN,14,79717
campaign3_gate2_v1:F01:K06:3:D00,F01,K06,D00,3,VALIDATION,33,79772
campaign3_gate2_v1:F01:K06:3:D01,F01,K06,D01,3,VALIDATION,12,79823
campaign3_gate2_v1:F01:K06:3:D10,F01,K06,D10,3,VALIDATION,20,79795
campaign3_gate2_v1:F01:K06:3:D11,F01,K06,D11,3,VALIDATION,10,79857
campaign3_gate2_v1:F01:K06:3:DbetaU,F01,K06,DbetaU,3,VALIDATION,33,79916
campaign3_gate2_v1:F01:K06:4:D00,F01,K06,D00,4,DEVELOPMENT_TEST,6,79925
campaign3_gate2_v1:F01:K06:4:D01,F01,K06,D01,4,DEVELOPMENT_TEST,1,79992
campaign3_gate2_v1:F01:K06:4:D10,F01,K06,D10,4,DEVELOPMENT_TEST,27,79982
campaign3_gate2_v1:F01:K06:4:D11,F01,K06,D11,4,DEVELOPMENT_TEST,5,80032
campaign3_gate2_v1:F01:K06:4:DbetaU,F01,K06,DbetaU,4,DEVELOPMENT_TEST,26,80089
campaign3_gate2_v1:F01:K07:0:D00,F01,K07,D00,0,TRAIN,32,80131
campaign3_gate2_v1:F01:K07:0:D01,F01,K07,D01,0,TRAIN,29,80200
campaign3_gate2_v1:F01:K07:0:D10,F01,K07,D10,0,TRAIN,13,80148
campaign3_gate2_v1:F01:K07:0:D11,F01,K07,D11,0,TRAIN,21,80228
campaign3_gate2_v1:F01:K07:0:DbetaU,F01,K07,DbetaU,0,TRAIN,29,80272
campaign3_gate2_v1:F01:K07:1:D00,F01,K07,D00,1,TRAIN,16,80295
campaign3_gate2_v1:F01:K07:1:D01,F01,K07,D01,1,TRAIN,3,80354
campaign3_gate2_v1:F01:K07:1:D10,F01,K07,D10,1,TRAIN,11,80326
campaign3_gate2_v1:F01:K07:1:D11,F01,K07,D11,1,TRAIN,31,80418
campaign3_gate2_v1:F01:K07:1:DbetaU,F01,K07,DbetaU,1,TRAIN,19,80442
campaign3_gate2_v1:F01:K07:2:D00,F01,K07,D00,2,TRAIN,16,80475
campaign3_gate2_v1:F01:K07:2:D01,F01,K07,D01,2,TRAIN,16,80547
campaign3_gate2_v1:F01:K07:2:D10,F01,K07,D10,2,TRAIN,19,80514
campaign3_gate2_v1:F01:K07:2:D11,F01,K07,D11,2,TRAIN,24,80591
campaign3_gate2_v1:F01:K07:2:DbetaU,F01,K07,DbetaU,2,TRAIN,7,80610
campaign3_gate2_v1:F01:K07:3:D00,F01,K07,D00,3,VALIDATION,1,80640
campaign3_gate2_v1:F01:K07:3:D01,F01,K07,D01,3,VALIDATION,36,80747
campaign3_gate2_v1:F01:K07:3:D10,F01,K07,D10,3,VALIDATION,14,80689
campaign3_gate2_v1:F01:K07:3:D11,F01,K07,D11,3,VALIDATION,19,80766
campaign3_gate2_v1:F01:K07:3:DbetaU,F01,K07,DbetaU,3,VALIDATION,11,80794
campaign3_gate2_v1:F01:K07:4:D00,F01,K07,D00,4,DEVELOPMENT_TEST,3,80822
campaign3_gate2_v1:F01:K07:4:D01,F01,K07,D01,4,DEVELOPMENT_TEST,23,80914
campaign3_gate2_v1:F01:K07:4:D10,F01,K07,D10,4,DEVELOPMENT_TEST,32,80887
campaign3_gate2_v1:F01:K07:4:D11,F01,K07,D11,4,DEVELOPMENT_TEST,2,80929
campaign3_gate2_v1:F01:K07:4:DbetaU,F01,K07,DbetaU,4,DEVELOPMENT_TEST,16,80979
campaign3_gate2_v1:F01:K10:0:D00,F01,K10,D00,0,TRAIN,21,81020
campaign3_gate2_v1:F01:K10:0:D01,F01,K10,D01,0,TRAIN,11,81082
campaign3_gate2_v1:F01:K10:0:D10,F01,K10,D10,0,TRAIN,13,81048
campaign3_gate2_v1:F01:K10:0:D11,F01,K10,D11,0,TRAIN,5,81112
campaign3_gate2_v1:F01:K10:0:DbetaU,F01,K10,DbetaU,0,TRAIN,30,81173
campaign3_gate2_v1:F01:K10:1:D00,F01,K10,D00,1,TRAIN,20,81199
campaign3_gate2_v1:F01:K10:1:D01,F01,K10,D01,1,TRAIN,25,81276
campaign3_gate2_v1:F01:K10:1:D10,F01,K10,D10,1,TRAIN,12,81227
campaign3_gate2_v1:F01:K10:1:D11,F01,K10,D11,1,TRAIN,10,81297
campaign3_gate2_v1:F01:K10:1:DbetaU,F01,K10,DbetaU,1,TRAIN,31,81354
campaign3_gate2_v1:F01:K10:2:D00,F01,K10,D00,2,TRAIN,24,81383
campaign3_gate2_v1:F01:K10:2:D01,F01,K10,D01,2,TRAIN,9,81440
campaign3_gate2_v1:F01:K10:2:D10,F01,K10,D10,2,TRAIN,9,81404
campaign3_gate2_v1:F01:K10:2:D11,F01,K10,D11,2,TRAIN,23,81490
campaign3_gate2_v1:F01:K10:2:DbetaU,F01,K10,DbetaU,2,TRAIN,21,81524
campaign3_gate2_v1:F01:K10:3:D00,F01,K10,D00,3,VALIDATION,22,81561
campaign3_gate2_v1:F01:K10:3:D01,F01,K10,D01,3,VALIDATION,19,81630
campaign3_gate2_v1:F01:K10:3:D10,F01,K10,D10,3,VALIDATION,8,81583
campaign3_gate2_v1:F01:K10:3:D11,F01,K10,D11,3,VALIDATION,25,81672
campaign3_gate2_v1:F01:K10:3:DbetaU,F01,K10,DbetaU,3,VALIDATION,22,81705
campaign3_gate2_v1:F01:K10:4:D00,F01,K10,D00,4,DEVELOPMENT_TEST,7,81726
campaign3_gate2_v1:F01:K10:4:D01,F01,K10,D01,4,DEVELOPMENT_TEST,23,81814
campaign3_gate2_v1:F01:K10:4:D10,F01,K10,D10,4,DEVELOPMENT_TEST,6,81761
campaign3_gate2_v1:F01:K10:4:D11,F01,K10,D11,4,DEVELOPMENT_TEST,14,81841
campaign3_gate2_v1:F01:K10:4:DbetaU,F01,K10,DbetaU,4,DEVELOPMENT_TEST,15,81878
campaign3_gate2_v1:F01:K11:0:D00,F01,K11,D00,0,TRAIN,7,81906
campaign3_gate2_v1:F01:K11:0:D01,F01,K11,D01,0,TRAIN,10,81981
campaign3_gate2_v1:F01:K11:0:D10,F01,K11,D10,0,TRAIN,34,81969
campaign3_gate2_v1:F01:K11:0:D11,F01,K11,D11,0,TRAIN,6,82013
campaign3_gate2_v1:F01:K11:0:DbetaU,F01,K11,DbetaU,0,TRAIN,34,82077
campaign3_gate2_v1:F01:K11:1:D00,F01,K11,D00,1,TRAIN,33,82112
campaign3_gate2_v1:F01:K11:1:D01,F01,K11,D01,1,TRAIN,35,82186
campaign3_gate2_v1:F01:K11:1:D10,F01,K11,D10,1,TRAIN,11,82126
campaign3_gate2_v1:F01:K11:1:D11,F01,K11,D11,1,TRAIN,29,82216
campaign3_gate2_v1:F01:K11:1:DbetaU,F01,K11,DbetaU,1,TRAIN,14,82237
campaign3_gate2_v1:F01:K11:2:D00,F01,K11,D00,2,TRAIN,32,82291
campaign3_gate2_v1:F01:K11:2:D01,F01,K11,D01,2,TRAIN,36,82367
campaign3_gate2_v1:F01:K11:2:D10,F01,K11,D10,2,TRAIN,33,82328
campaign3_gate2_v1:F01:K11:2:D11,F01,K11,D11,2,TRAIN,30,82397
campaign3_gate2_v1:F01:K11:2:DbetaU,F01,K11,DbetaU,2,TRAIN,5,82408
campaign3_gate2_v1:F01:K11:3:D00,F01,K11,D00,3,VALIDATION,23,82462
campaign3_gate2_v1:F01:K11:3:D01,F01,K11,D01,3,VALIDATION,3,82514
campaign3_gate2_v1:F01:K11:3:D10,F01,K11,D10,3,VALIDATION,25,82500
campaign3_gate2_v1:F01:K11:3:D11,F01,K11,D11,3,VALIDATION,31,82578
campaign3_gate2_v1:F01:K11:3:DbetaU,F01,K11,DbetaU,3,VALIDATION,35,82618
campaign3_gate2_v1:F01:K11:4:D00,F01,K11,D00,4,DEVELOPMENT_TEST,1,82620
campaign3_gate2_v1:F01:K11:4:D01,F01,K11,D01,4,DEVELOPMENT_TEST,31,82722
campaign3_gate2_v1:F01:K11:4:D10,F01,K11,D10,4,DEVELOPMENT_TEST,4,82659
campaign3_gate2_v1:F01:K11:4:D11,F01,K11,D11,4,DEVELOPMENT_TEST,30,82757
campaign3_gate2_v1:F01:K11:4:DbetaU,F01,K11,DbetaU,4,DEVELOPMENT_TEST,7,82770
campaign3_gate2_v1:F01:K13:0:D00,F01,K13,D00,0,TRAIN,9,82808
campaign3_gate2_v1:F01:K13:0:D01,F01,K13,D01,0,TRAIN,29,82900
campaign3_gate2_v1:F01:K13:0:D10,F01,K13,D10,0,TRAIN,18,82853
campaign3_gate2_v1:F01:K13:0:D11,F01,K13,D11,0,TRAIN,6,82913
campaign3_gate2_v1:F01:K13:0:DbetaU,F01,K13,DbetaU,0,TRAIN,27,82970
campaign3_gate2_v1:F01:K13:1:D00,F01,K13,D00,1,TRAIN,25,83004
campaign3_gate2_v1:F01:K13:1:D01,F01,K13,D01,1,TRAIN,11,83062
campaign3_gate2_v1:F01:K13:1:D10,F01,K13,D10,1,TRAIN,23,83038
campaign3_gate2_v1:F01:K13:1:D11,F01,K13,D11,1,TRAIN,5,83092
campaign3_gate2_v1:F01:K13:1:DbetaU,F01,K13,DbetaU,1,TRAIN,16,83139
campaign3_gate2_v1:F01:K13:2:D00,F01,K13,D00,2,TRAIN,5,83164
campaign3_gate2_v1:F01:K13:2:D01,F01,K13,D01,2,TRAIN,9,83240
campaign3_gate2_v1:F01:K13:2:D10,F01,K13,D10,2,TRAIN,3,83198
campaign3_gate2_v1:F01:K13:2:D11,F01,K13,D11,2,TRAIN,25,83292
campaign3_gate2_v1:F01:K13:2:DbetaU,F01,K13,DbetaU,2,TRAIN,17,83320
campaign3_gate2_v1:F01:K13:3:D00,F01,K13,D00,3,VALIDATION,11,83350
campaign3_gate2_v1:F01:K13:3:D01,F01,K13,D01,3,VALIDATION,23,83434
campaign3_gate2_v1:F01:K13:3:D10,F01,K13,D10,3,VALIDATION,9,83384
campaign3_gate2_v1:F01:K13:3:D11,F01,K13,D11,3,VALIDATION,31,83478
campaign3_gate2_v1:F01:K13:3:DbetaU,F01,K13,DbetaU,3,VALIDATION,9,83492
campaign3_gate2_v1:F01:K13:4:D00,F01,K13,D00,4,DEVELOPMENT_TEST,26,83545
campaign3_gate2_v1:F01:K13:4:D01,F01,K13,D01,4,DEVELOPMENT_TEST,7,83598
campaign3_gate2_v1:F01:K13:4:D10,F01,K13,D10,4,DEVELOPMENT_TEST,18,83573
campaign3_gate2_v1:F01:K13:4:D11,F01,K13,D11,4,DEVELOPMENT_TEST,9,83636
campaign3_gate2_v1:F01:K13:4:DbetaU,F01,K13,DbetaU,4,DEVELOPMENT_TEST,4,83667
campaign3_gate2_v1:F01:K15:0:D00,F01,K15,D00,0,TRAIN,17,83716
campaign3_gate2_v1:F01:K15:0:D01,F01,K15,D01,0,TRAIN,1,83772
campaign3_gate2_v1:F01:K15:0:D10,F01,K15,D10,0,TRAIN,36,83771
campaign3_gate2_v1:F01:K15:0:D11,F01,K15,D11,0,TRAIN,24,83831
campaign3_gate2_v1:F01:K15:0:DbetaU,F01,K15,DbetaU,0,TRAIN,28,83871
campaign3_gate2_v1:F01:K15:1:D00,F01,K15,D00,1,TRAIN,5,83884
campaign3_gate2_v1:F01:K15:1:D01,F01,K15,D01,1,TRAIN,11,83962
campaign3_gate2_v1:F01:K15:1:D10,F01,K15,D10,1,TRAIN,6,83921
campaign3_gate2_v1:F01:K15:1:D11,F01,K15,D11,1,TRAIN,36,84023
campaign3_gate2_v1:F01:K15:1:DbetaU,F01,K15,DbetaU,1,TRAIN,31,84054
campaign3_gate2_v1:F01:K15:2:D00,F01,K15,D00,2,TRAIN,1,84060
campaign3_gate2_v1:F01:K15:2:D01,F01,K15,D01,2,TRAIN,36,84167
campaign3_gate2_v1:F01:K15:2:D10,F01,K15,D10,2,TRAIN,19,84114
campaign3_gate2_v1:F01:K15:2:D11,F01,K15,D11,2,TRAIN,30,84197
campaign3_gate2_v1:F01:K15:2:DbetaU,F01,K15,DbetaU,2,TRAIN,22,84225
campaign3_gate2_v1:F01:K15:3:D00,F01,K15,D00,3,VALIDATION,6,84245
campaign3_gate2_v1:F01:K15:3:D01,F01,K15,D01,3,VALIDATION,33,84344
campaign3_gate2_v1:F01:K15:3:D10,F01,K15,D10,3,VALIDATION,14,84289
campaign3_gate2_v1:F01:K15:3:D11,F01,K15,D11,3,VALIDATION,9,84356
campaign3_gate2_v1:F01:K15:3:DbetaU,F01,K15,DbetaU,3,VALIDATION,30,84413
campaign3_gate2_v1:F01:K15:4:D00,F01,K15,D00,4,DEVELOPMENT_TEST,31,84450
campaign3_gate2_v1:F01:K15:4:D01,F01,K15,D01,4,DEVELOPMENT_TEST,12,84503
campaign3_gate2_v1:F01:K15:4:D10,F01,K15,D10,4,DEVELOPMENT_TEST,13,84468
campaign3_gate2_v1:F01:K15:4:D11,F01,K15,D11,4,DEVELOPMENT_TEST,25,84552
campaign3_gate2_v1:F01:K15:4:DbetaU,F01,K15,DbetaU,4,DEVELOPMENT_TEST,12,84575
campaign3_gate2_v1:F01:K16:0:D00,F01,K16,D00,0,TRAIN,29,84628
campaign3_gate2_v1:F01:K16:0:D01,F01,K16,D01,0,TRAIN,18,84689
campaign3_gate2_v1:F01:K16:0:D10,F01,K16,D10,0,TRAIN,34,84669
campaign3_gate2_v1:F01:K16:0:D11,F01,K16,D11,0,TRAIN,36,84743
campaign3_gate2_v1:F01:K16:0:DbetaU,F01,K16,DbetaU,0,TRAIN,25,84768
campaign3_gate2_v1:F01:K16:1:D00,F01,K16,D00,1,TRAIN,30,84809
campaign3_gate2_v1:F01:K16:1:D01,F01,K16,D01,1,TRAIN,9,84860
campaign3_gate2_v1:F01:K16:1:D10,F01,K16,D10,1,TRAIN,4,84819
campaign3_gate2_v1:F01:K16:1:D11,F01,K16,D11,1,TRAIN,16,84903
campaign3_gate2_v1:F01:K16:1:DbetaU,F01,K16,DbetaU,1,TRAIN,8,84931
campaign3_gate2_v1:F01:K16:2:D00,F01,K16,D00,2,TRAIN,1,84960
campaign3_gate2_v1:F01:K16:2:D01,F01,K16,D01,2,TRAIN,30,85061
campaign3_gate2_v1:F01:K16:2:D10,F01,K16,D10,2,TRAIN,34,85029
campaign3_gate2_v1:F01:K16:2:D11,F01,K16,D11,2,TRAIN,9,85076
campaign3_gate2_v1:F01:K16:2:DbetaU,F01,K16,DbetaU,2,TRAIN,15,85118
campaign3_gate2_v1:F01:K16:3:D00,F01,K16,D00,3,VALIDATION,25,85164
campaign3_gate2_v1:F01:K16:3:D01,F01,K16,D01,3,VALIDATION,28,85239
campaign3_gate2_v1:F01:K16:3:D10,F01,K16,D10,3,VALIDATION,28,85203
campaign3_gate2_v1:F01:K16:3:D11,F01,K16,D11,3,VALIDATION,26,85273
campaign3_gate2_v1:F01:K16:3:DbetaU,F01,K16,DbetaU,3,VALIDATION,16,85299
campaign3_gate2_v1:F01:K16:4:D00,F01,K16,D00,4,DEVELOPMENT_TEST,30,85349
campaign3_gate2_v1:F01:K16:4:D01,F01,K16,D01,4,DEVELOPMENT_TEST,9,85400
campaign3_gate2_v1:F01:K16:4:D10,F01,K16,D10,4,DEVELOPMENT_TEST,33,85388
campaign3_gate2_v1:F01:K16:4:D11,F01,K16,D11,4,DEVELOPMENT_TEST,28,85455
campaign3_gate2_v1:F01:K16:4:DbetaU,F01,K16,DbetaU,4,DEVELOPMENT_TEST,14,85477
campaign3_gate2_v1:F01:K17:0:D00,F01,K17,D00,0,TRAIN,22,85521
campaign3_gate2_v1:F01:K17:0:D01,F01,K17,D01,0,TRAIN,29,85600
campaign3_gate2_v1:F01:K17:0:D10,F01,K17,D10,0,TRAIN,25,85560
campaign3_gate2_v1:F01:K17:0:D11,F01,K17,D11,0,TRAIN,36,85643
campaign3_gate2_v1:F01:K17:0:DbetaU,F01,K17,DbetaU,0,TRAIN,16,85659
campaign3_gate2_v1:F01:K17:1:D00,F01,K17,D00,1,TRAIN,1,85680
campaign3_gate2_v1:F01:K17:1:D01,F01,K17,D01,1,TRAIN,23,85774
campaign3_gate2_v1:F01:K17:1:D10,F01,K17,D10,1,TRAIN,32,85747
campaign3_gate2_v1:F01:K17:1:D11,F01,K17,D11,1,TRAIN,11,85798
campaign3_gate2_v1:F01:K17:1:DbetaU,F01,K17,DbetaU,1,TRAIN,14,85837
campaign3_gate2_v1:F01:K17:2:D00,F01,K17,D00,2,TRAIN,33,85892
campaign3_gate2_v1:F01:K17:2:D01,F01,K17,D01,2,TRAIN,6,85937
campaign3_gate2_v1:F01:K17:2:D10,F01,K17,D10,2,TRAIN,27,85922
campaign3_gate2_v1:F01:K17:2:D11,F01,K17,D11,2,TRAIN,22,85989
campaign3_gate2_v1:F01:K17:2:DbetaU,F01,K17,DbetaU,2,TRAIN,34,86037
campaign3_gate2_v1:F01:K17:3:D00,F01,K17,D00,3,VALIDATION,4,86043
campaign3_gate2_v1:F01:K17:3:D01,F01,K17,D01,3,VALIDATION,10,86121
campaign3_gate2_v1:F01:K17:3:D10,F01,K17,D10,3,VALIDATION,29,86104
campaign3_gate2_v1:F01:K17:3:D11,F01,K17,D11,3,VALIDATION,14,86161
campaign3_gate2_v1:F01:K17:3:DbetaU,F01,K17,DbetaU,3,VALIDATION,21,86204
campaign3_gate2_v1:F01:K17:4:D00,F01,K17,D00,4,DEVELOPMENT_TEST,2,86221
campaign3_gate2_v1:F01:K17:4:D01,F01,K17,D01,4,DEVELOPMENT_TEST,10,86301
campaign3_gate2_v1:F01:K17:4:D10,F01,K17,D10,4,DEVELOPMENT_TEST,9,86264
campaign3_gate2_v1:F01:K17:4:D11,F01,K17,D11,4,DEVELOPMENT_TEST,17,86344
campaign3_gate2_v1:F01:K17:4:DbetaU,F01,K17,DbetaU,4,DEVELOPMENT_TEST,8,86371
campaign3_gate2_v1:F01:K20:0:D00,F01,K20,D00,0,TRAIN,36,86435
campaign3_gate2_v1:F01:K20:0:D01,F01,K20,D01,0,TRAIN,16,86487
campaign3_gate2_v1:F01:K20:0:D10,F01,K20,D10,0,TRAIN,1,86436
campaign3_gate2_v1:F01:K20:0:D11,F01,K20,D11,0,TRAIN,4,86511
campaign3_gate2_v1:F01:K20:0:DbetaU,F01,K20,DbetaU,0,TRAIN,35,86578
campaign3_gate2_v1:F01:K20:1:D00,F01,K20,D00,1,TRAIN,14,86593
campaign3_gate2_v1:F01:K20:1:D01,F01,K20,D01,1,TRAIN,26,86677
campaign3_gate2_v1:F01:K20:1:D10,F01,K20,D10,1,TRAIN,4,86619
campaign3_gate2_v1:F01:K20:1:D11,F01,K20,D11,1,TRAIN,24,86711
campaign3_gate2_v1:F01:K20:1:DbetaU,F01,K20,DbetaU,1,TRAIN,21,86744
campaign3_gate2_v1:F01:K20:2:D00,F01,K20,D00,2,TRAIN,8,86767
campaign3_gate2_v1:F01:K20:2:D01,F01,K20,D01,2,TRAIN,13,86844
campaign3_gate2_v1:F01:K20:2:D10,F01,K20,D10,2,TRAIN,21,86816
campaign3_gate2_v1:F01:K20:2:D11,F01,K20,D11,2,TRAIN,23,86890
campaign3_gate2_v1:F01:K20:2:DbetaU,F01,K20,DbetaU,2,TRAIN,10,86913
campaign3_gate2_v1:F01:K20:3:D00,F01,K20,D00,3,VALIDATION,28,86967
campaign3_gate2_v1:F01:K20:3:D01,F01,K20,D01,3,VALIDATION,26,87037
campaign3_gate2_v1:F01:K20:3:D10,F01,K20,D10,3,VALIDATION,35,87010
campaign3_gate2_v1:F01:K20:3:D11,F01,K20,D11,3,VALIDATION,27,87074
campaign3_gate2_v1:F01:K20:3:DbetaU,F01,K20,DbetaU,3,VALIDATION,26,87109
campaign3_gate2_v1:F01:K20:4:D00,F01,K20,D00,4,DEVELOPMENT_TEST,9,87128
campaign3_gate2_v1:F01:K20:4:D01,F01,K20,D01,4,DEVELOPMENT_TEST,9,87200
campaign3_gate2_v1:F01:K20:4:D10,F01,K20,D10,4,DEVELOPMENT_TEST,21,87176
campaign3_gate2_v1:F01:K20:4:D11,F01,K20,D11,4,DEVELOPMENT_TEST,9,87236
campaign3_gate2_v1:F01:K20:4:DbetaU,F01,K20,DbetaU,4,DEVELOPMENT_TEST,21,87284
campaign3_gate2_v1:F01:K21:0:D00,F01,K21,D00,0,TRAIN,3,87302
campaign3_gate2_v1:F01:K21:0:D01,F01,K21,D01,0,TRAIN,15,87386
campaign3_gate2_v1:F01:K21:0:D10,F01,K21,D10,0,TRAIN,23,87358
campaign3_gate2_v1:F01:K21:0:D11,F01,K21,D11,0,TRAIN,23,87430
campaign3_gate2_v1:F01:K21:0:DbetaU,F01,K21,DbetaU,0,TRAIN,4,87447
campaign3_gate2_v1:F01:K21:1:D00,F01,K21,D00,1,TRAIN,21,87500
campaign3_gate2_v1:F01:K21:1:D01,F01,K21,D01,1,TRAIN,18,87569
campaign3_gate2_v1:F01:K21:1:D10,F01,K21,D10,1,TRAIN,31,87546
campaign3_gate2_v1:F01:K21:1:D11,F01,K21,D11,1,TRAIN,36,87623
campaign3_gate2_v1:F01:K21:1:DbetaU,F01,K21,DbetaU,1,TRAIN,22,87645
campaign3_gate2_v1:F01:K21:2:D00,F01,K21,D00,2,TRAIN,30,87689
campaign3_gate2_v1:F01:K21:2:D01,F01,K21,D01,2,TRAIN,5,87736
campaign3_gate2_v1:F01:K21:2:D10,F01,K21,D10,2,TRAIN,10,87705
campaign3_gate2_v1:F01:K21:2:D11,F01,K21,D11,2,TRAIN,21,87788
campaign3_gate2_v1:F01:K21:2:DbetaU,F01,K21,DbetaU,2,TRAIN,36,87839
campaign3_gate2_v1:F01:K21:3:D00,F01,K21,D00,3,VALIDATION,16,87855
campaign3_gate2_v1:F01:K21:3:D01,F01,K21,D01,3,VALIDATION,19,87930
campaign3_gate2_v1:F01:K21:3:D10,F01,K21,D10,3,VALIDATION,8,87883
campaign3_gate2_v1:F01:K21:3:D11,F01,K21,D11,3,VALIDATION,4,87951
campaign3_gate2_v1:F01:K21:3:DbetaU,F01,K21,DbetaU,3,VALIDATION,27,88010
campaign3_gate2_v1:F01:K21:4:D00,F01,K21,D00,4,DEVELOPMENT_TEST,22,88041
campaign3_gate2_v1:F01:K21:4:D01,F01,K21,D01,4,DEVELOPMENT_TEST,36,88127
campaign3_gate2_v1:F01:K21:4:D10,F01,K21,D10,4,DEVELOPMENT_TEST,6,88061
campaign3_gate2_v1:F01:K21:4:D11,F01,K21,D11,4,DEVELOPMENT_TEST,7,88134
campaign3_gate2_v1:F01:K21:4:DbetaU,F01,K21,DbetaU,4,DEVELOPMENT_TEST,4,88167
campaign3_gate2_v1:F01:K23:0:D00,F01,K23,D00,0,TRAIN,19,88218
campaign3_gate2_v1:F01:K23:0:D01,F01,K23,D01,0,TRAIN,32,88303
campaign3_gate2_v1:F01:K23:0:D10,F01,K23,D10,0,TRAIN,7,88242
campaign3_gate2_v1:F01:K23:0:D11,F01,K23,D11,0,TRAIN,10,88317
campaign3_gate2_v1:F01:K23:0:DbetaU,F01,K23,DbetaU,0,TRAIN,18,88361
campaign3_gate2_v1:F01:K23:1:D00,F01,K23,D00,1,TRAIN,15,88394
campaign3_gate2_v1:F01:K23:1:D01,F01,K23,D01,1,TRAIN,33,88484
campaign3_gate2_v1:F01:K23:1:D10,F01,K23,D10,1,TRAIN,15,88430
campaign3_gate2_v1:F01:K23:1:D11,F01,K23,D11,1,TRAIN,24,88511
campaign3_gate2_v1:F01:K23:1:DbetaU,F01,K23,DbetaU,1,TRAIN,9,88532
campaign3_gate2_v1:F01:K23:2:D00,F01,K23,D00,2,TRAIN,14,88573
campaign3_gate2_v1:F01:K23:2:D01,F01,K23,D01,2,TRAIN,25,88656
campaign3_gate2_v1:F01:K23:2:D10,F01,K23,D10,2,TRAIN,3,88598
campaign3_gate2_v1:F01:K23:2:D11,F01,K23,D11,2,TRAIN,6,88673
campaign3_gate2_v1:F01:K23:2:DbetaU,F01,K23,DbetaU,2,TRAIN,26,88729
campaign3_gate2_v1:F01:K23:3:D00,F01,K23,D00,3,VALIDATION,24,88763
campaign3_gate2_v1:F01:K23:3:D01,F01,K23,D01,3,VALIDATION,8,88819
campaign3_gate2_v1:F01:K23:3:D10,F01,K23,D10,3,VALIDATION,30,88805
campaign3_gate2_v1:F01:K23:3:D11,F01,K23,D11,3,VALIDATION,4,88851
campaign3_gate2_v1:F01:K23:3:DbetaU,F01,K23,DbetaU,3,VALIDATION,15,88898
campaign3_gate2_v1:F01:K23:4:D00,F01,K23,D00,4,DEVELOPMENT_TEST,14,88933
campaign3_gate2_v1:F01:K23:4:D01,F01,K23,D01,4,DEVELOPMENT_TEST,15,89006
campaign3_gate2_v1:F01:K23:4:D10,F01,K23,D10,4,DEVELOPMENT_TEST,28,88983
campaign3_gate2_v1:F01:K23:4:D11,F01,K23,D11,4,DEVELOPMENT_TEST,29,89056
campaign3_gate2_v1:F01:K23:4:DbetaU,F01,K23,DbetaU,4,DEVELOPMENT_TEST,28,89091
campaign3_gate2_v1:F01:K25:0:D00,F01,K25,D00,0,TRAIN,1,89100
campaign3_gate2_v1:F01:K25:0:D01,F01,K25,D01,0,TRAIN,32,89203
campaign3_gate2_v1:F01:K25:0:D10,F01,K25,D10,0,TRAIN,27,89162
campaign3_gate2_v1:F01:K25:0:D11,F01,K25,D11,0,TRAIN,8,89215
campaign3_gate2_v1:F01:K25:0:DbetaU,F01,K25,DbetaU,0,TRAIN,6,89249
campaign3_gate2_v1:F01:K25:1:D00,F01,K25,D00,1,TRAIN,29,89308
campaign3_gate2_v1:F01:K25:1:D01,F01,K25,D01,1,TRAIN,15,89366
campaign3_gate2_v1:F01:K25:1:D10,F01,K25,D10,1,TRAIN,11,89326
campaign3_gate2_v1:F01:K25:1:D11,F01,K25,D11,1,TRAIN,18,89405
campaign3_gate2_v1:F01:K25:1:DbetaU,F01,K25,DbetaU,1,TRAIN,4,89427
campaign3_gate2_v1:F01:K25:2:D00,F01,K25,D00,2,TRAIN,9,89468
campaign3_gate2_v1:F01:K25:2:D01,F01,K25,D01,2,TRAIN,23,89554
campaign3_gate2_v1:F01:K25:2:D10,F01,K25,D10,2,TRAIN,26,89521
campaign3_gate2_v1:F01:K25:2:D11,F01,K25,D11,2,TRAIN,28,89595
campaign3_gate2_v1:F01:K25:2:DbetaU,F01,K25,DbetaU,2,TRAIN,24,89627
campaign3_gate2_v1:F01:K25:3:D00,F01,K25,D00,3,VALIDATION,9,89648
campaign3_gate2_v1:F01:K25:3:D01,F01,K25,D01,3,VALIDATION,10,89721
campaign3_gate2_v1:F01:K25:3:D10,F01,K25,D10,3,VALIDATION,12,89687
campaign3_gate2_v1:F01:K25:3:D11,F01,K25,D11,3,VALIDATION,23,89770
campaign3_gate2_v1:F01:K25:3:DbetaU,F01,K25,DbetaU,3,VALIDATION,30,89813
campaign3_gate2_v1:F01:K25:4:D00,F01,K25,D00,4,DEVELOPMENT_TEST,16,89835
campaign3_gate2_v1:F01:K25:4:D01,F01,K25,D01,4,DEVELOPMENT_TEST,3,89894
campaign3_gate2_v1:F01:K25:4:D10,F01,K25,D10,4,DEVELOPMENT_TEST,19,89874
campaign3_gate2_v1:F01:K25:4:D11,F01,K25,D11,4,DEVELOPMENT_TEST,34,89961
campaign3_gate2_v1:F01:K25:4:DbetaU,F01,K25,DbetaU,4,DEVELOPMENT_TEST,7,89970
campaign3_gate2_v1:F01:K26:0:D00,F01,K26,D00,0,TRAIN,2,90001
campaign3_gate2_v1:F01:K26:0:D01,F01,K26,D01,0,TRAIN,36,90107
campaign3_gate2_v1:F01:K26:0:D10,F01,K26,D10,0,TRAIN,28,90063
campaign3_gate2_v1:F01:K26:0:D11,F01,K26,D11,0,TRAIN,9,90116
campaign3_gate2_v1:F01:K26:0:DbetaU,F01,K26,DbetaU,0,TRAIN,19,90162
campaign3_gate2_v1:F01:K26:1:D00,F01,K26,D00,1,TRAIN,29,90208
campaign3_gate2_v1:F01:K26:1:D01,F01,K26,D01,1,TRAIN,8,90259
campaign3_gate2_v1:F01:K26:1:D10,F01,K26,D10,1,TRAIN,16,90231
campaign3_gate2_v1:F01:K26:1:D11,F01,K26,D11,1,TRAIN,21,90308
campaign3_gate2_v1:F01:K26:1:DbetaU,F01,K26,DbetaU,1,TRAIN,30,90353
campaign3_gate2_v1:F01:K26:2:D00,F01,K26,D00,2,TRAIN,30,90389
campaign3_gate2_v1:F01:K26:2:D01,F01,K26,D01,2,TRAIN,19,90450
campaign3_gate2_v1:F01:K26:2:D10,F01,K26,D10,2,TRAIN,35,90430
campaign3_gate2_v1:F01:K26:2:D11,F01,K26,D11,2,TRAIN,36,90503
campaign3_gate2_v1:F01:K26:2:DbetaU,F01,K26,DbetaU,2,TRAIN,22,90525
campaign3_gate2_v1:F01:K26:3:D00,F01,K26,D00,3,VALIDATION,32,90571
campaign3_gate2_v1:F01:K26:3:D01,F01,K26,D01,3,VALIDATION,2,90613
campaign3_gate2_v1:F01:K26:3:D10,F01,K26,D10,3,VALIDATION,28,90603
campaign3_gate2_v1:F01:K26:3:D11,F01,K26,D11,3,VALIDATION,22,90669
campaign3_gate2_v1:F01:K26:3:DbetaU,F01,K26,DbetaU,3,VALIDATION,23,90706
campaign3_gate2_v1:F01:K26:4:D00,F01,K26,D00,4,DEVELOPMENT_TEST,19,90738
campaign3_gate2_v1:F01:K26:4:D01,F01,K26,D01,4,DEVELOPMENT_TEST,29,90820
campaign3_gate2_v1:F01:K26:4:D10,F01,K26,D10,4,DEVELOPMENT_TEST,24,90779
campaign3_gate2_v1:F01:K26:4:D11,F01,K26,D11,4,DEVELOPMENT_TEST,27,90854
campaign3_gate2_v1:F01:K26:4:DbetaU,F01,K26,DbetaU,4,DEVELOPMENT_TEST,15,90878
campaign3_gate2_v1:F01:K27:0:D00,F01,K27,D00,0,TRAIN,13,90912
campaign3_gate2_v1:F01:K27:0:D01,F01,K27,D01,0,TRAIN,1,90972
campaign3_gate2_v1:F01:K27:0:D10,F01,K27,D10,0,TRAIN,34,90969
campaign3_gate2_v1:F01:K27:0:D11,F01,K27,D11,0,TRAIN,4,91011
campaign3_gate2_v1:F01:K27:0:DbetaU,F01,K27,DbetaU,0,TRAIN,25,91068
campaign3_gate2_v1:F01:K27:1:D00,F01,K27,D00,1,TRAIN,16,91095
campaign3_gate2_v1:F01:K27:1:D01,F01,K27,D01,1,TRAIN,31,91182
campaign3_gate2_v1:F01:K27:1:D10,F01,K27,D10,1,TRAIN,4,91119
campaign3_gate2_v1:F01:K27:1:D11,F01,K27,D11,1,TRAIN,4,91191
campaign3_gate2_v1:F01:K27:1:DbetaU,F01,K27,DbetaU,1,TRAIN,22,91245
campaign3_gate2_v1:F01:K27:2:D00,F01,K27,D00,2,TRAIN,22,91281
campaign3_gate2_v1:F01:K27:2:D01,F01,K27,D01,2,TRAIN,6,91337
campaign3_gate2_v1:F01:K27:2:D10,F01,K27,D10,2,TRAIN,29,91324
campaign3_gate2_v1:F01:K27:2:D11,F01,K27,D11,2,TRAIN,12,91379
campaign3_gate2_v1:F01:K27:2:DbetaU,F01,K27,DbetaU,2,TRAIN,27,91430
campaign3_gate2_v1:F01:K27:3:D00,F01,K27,D00,3,VALIDATION,21,91460
campaign3_gate2_v1:F01:K27:3:D01,F01,K27,D01,3,VALIDATION,22,91533
campaign3_gate2_v1:F01:K27:3:D10,F01,K27,D10,3,VALIDATION,26,91501
campaign3_gate2_v1:F01:K27:3:D11,F01,K27,D11,3,VALIDATION,5,91552
campaign3_gate2_v1:F01:K27:3:DbetaU,F01,K27,DbetaU,3,VALIDATION,36,91619
campaign3_gate2_v1:F01:K27:4:D00,F01,K27,D00,4,DEVELOPMENT_TEST,33,91652
campaign3_gate2_v1:F01:K27:4:D01,F01,K27,D01,4,DEVELOPMENT_TEST,11,91702
campaign3_gate2_v1:F01:K27:4:D10,F01,K27,D10,4,DEVELOPMENT_TEST,25,91680
campaign3_gate2_v1:F01:K27:4:D11,F01,K27,D11,4,DEVELOPMENT_TEST,14,91741
campaign3_gate2_v1:F01:K27:4:DbetaU,F01,K27,DbetaU,4,DEVELOPMENT_TEST,28,91791
campaign3_gate2_v1:F01:K31:0:D00,F01,K31,D00,0,TRAIN,17,91816
campaign3_gate2_v1:F01:K31:0:D01,F01,K31,D01,0,TRAIN,6,91877
campaign3_gate2_v1:F01:K31:0:D10,F01,K31,D10,0,TRAIN,33,91868
campaign3_gate2_v1:F01:K31:0:D11,F01,K31,D11,0,TRAIN,36,91943
campaign3_gate2_v1:F01:K31:0:DbetaU,F01,K31,DbetaU,0,TRAIN,14,91957
campaign3_gate2_v1:F01:K31:1:D00,F01,K31,D00,1,TRAIN,1,91980
campaign3_gate2_v1:F01:K31:1:D01,F01,K31,D01,1,TRAIN,36,92087
campaign3_gate2_v1:F01:K31:1:D10,F01,K31,D10,1,TRAIN,27,92042
campaign3_gate2_v1:F01:K31:1:D11,F01,K31,D11,1,TRAIN,6,92093
campaign3_gate2_v1:F01:K31:1:DbetaU,F01,K31,DbetaU,1,TRAIN,4,92127
campaign3_gate2_v1:F01:K31:2:D00,F01,K31,D00,2,TRAIN,9,92168
campaign3_gate2_v1:F01:K31:2:D01,F01,K31,D01,2,TRAIN,6,92237
campaign3_gate2_v1:F01:K31:2:D10,F01,K31,D10,2,TRAIN,28,92223
campaign3_gate2_v1:F01:K31:2:D11,F01,K31,D11,2,TRAIN,6,92273
campaign3_gate2_v1:F01:K31:2:DbetaU,F01,K31,DbetaU,2,TRAIN,17,92320
campaign3_gate2_v1:F01:K31:3:D00,F01,K31,D00,3,VALIDATION,33,92372
campaign3_gate2_v1:F01:K31:3:D01,F01,K31,D01,3,VALIDATION,34,92445
campaign3_gate2_v1:F01:K31:3:D10,F01,K31,D10,3,VALIDATION,7,92382
campaign3_gate2_v1:F01:K31:3:D11,F01,K31,D11,3,VALIDATION,11,92458
campaign3_gate2_v1:F01:K31:3:DbetaU,F01,K31,DbetaU,3,VALIDATION,11,92494
campaign3_gate2_v1:F01:K31:4:D00,F01,K31,D00,4,DEVELOPMENT_TEST,29,92548
campaign3_gate2_v1:F01:K31:4:D01,F01,K31,D01,4,DEVELOPMENT_TEST,36,92627
campaign3_gate2_v1:F01:K31:4:D10,F01,K31,D10,4,DEVELOPMENT_TEST,29,92584
campaign3_gate2_v1:F01:K31:4:D11,F01,K31,D11,4,DEVELOPMENT_TEST,5,92632
campaign3_gate2_v1:F01:K31:4:DbetaU,F01,K31,DbetaU,4,DEVELOPMENT_TEST,34,92697
campaign3_gate2_v1:F01:K32:0:D00,F01,K32,D00,0,TRAIN,12,92711
campaign3_gate2_v1:F01:K32:0:D01,F01,K32,D01,0,TRAIN,33,92804
campaign3_gate2_v1:F01:K32:0:D10,F01,K32,D10,0,TRAIN,15,92750
campaign3_gate2_v1:F01:K32:0:D11,F01,K32,D11,0,TRAIN,2,92809
campaign3_gate2_v1:F01:K32:0:DbetaU,F01,K32,DbetaU,0,TRAIN,33,92876
campaign3_gate2_v1:F01:K32:1:D00,F01,K32,D00,1,TRAIN,7,92886
campaign3_gate2_v1:F01:K32:1:D01,F01,K32,D01,1,TRAIN,11,92962
campaign3_gate2_v1:F01:K32:1:D10,F01,K32,D10,1,TRAIN,33,92948
campaign3_gate2_v1:F01:K32:1:D11,F01,K32,D11,1,TRAIN,4,92991
campaign3_gate2_v1:F01:K32:1:DbetaU,F01,K32,DbetaU,1,TRAIN,13,93036
campaign3_gate2_v1:F01:K32:2:D00,F01,K32,D00,2,TRAIN,34,93093
campaign3_gate2_v1:F01:K32:2:D01,F01,K32,D01,2,TRAIN,31,93162
campaign3_gate2_v1:F01:K32:2:D10,F01,K32,D10,2,TRAIN,15,93110
campaign3_gate2_v1:F01:K32:2:D11,F01,K32,D11,2,TRAIN,18,93185
campaign3_gate2_v1:F01:K32:2:DbetaU,F01,K32,DbetaU,2,TRAIN,28,93231
campaign3_gate2_v1:F01:K32:3:D00,F01,K32,D00,3,VALIDATION,19,93258
campaign3_gate2_v1:F01:K32:3:D01,F01,K32,D01,3,VALIDATION,8,93319
campaign3_gate2_v1:F01:K32:3:D10,F01,K32,D10,3,VALIDATION,19,93294
campaign3_gate2_v1:F01:K32:3:D11,F01,K32,D11,3,VALIDATION,18,93365
campaign3_gate2_v1:F01:K32:3:DbetaU,F01,K32,DbetaU,3,VALIDATION,14,93397
campaign3_gate2_v1:F01:K32:4:D00,F01,K32,D00,4,DEVELOPMENT_TEST,20,93439
campaign3_gate2_v1:F01:K32:4:D01,F01,K32,D01,4,DEVELOPMENT_TEST,22,93513
campaign3_gate2_v1:F01:K32:4:D10,F01,K32,D10,4,DEVELOPMENT_TEST,11,93466
campaign3_gate2_v1:F01:K32:4:D11,F01,K32,D11,4,DEVELOPMENT_TEST,6,93533
campaign3_gate2_v1:F01:K32:4:DbetaU,F01,K32,DbetaU,4,DEVELOPMENT_TEST,35,93598
campaign3_gate2_v1:F01:K33:0:D00,F01,K33,D00,0,TRAIN,34,93633
campaign3_gate2_v1:F01:K33:0:D01,F01,K33,D01,0,TRAIN,33,93704
campaign3_gate2_v1:F01:K33:0:D10,F01,K33,D10,0,TRAIN,34,93669
campaign3_gate2_v1:F01:K33:0:D11,F01,K33,D11,0,TRAIN,22,93729
campaign3_gate2_v1:F01:K33:0:DbetaU,F01,K33,DbetaU,0,TRAIN,29,93772
campaign3_gate2_v1:F01:K33:1:D00,F01,K33,D00,1,TRAIN,22,93801
campaign3_gate2_v1:F01:K33:1:D01,F01,K33,D01,1,TRAIN,31,93882
campaign3_gate2_v1:F01:K33:1:D10,F01,K33,D10,1,TRAIN,13,93828
campaign3_gate2_v1:F01:K33:1:D11,F01,K33,D11,1,TRAIN,18,93905
campaign3_gate2_v1:F01:K33:1:DbetaU,F01,K33,DbetaU,1,TRAIN,25,93948
campaign3_gate2_v1:F01:K33:2:D00,F01,K33,D00,2,TRAIN,17,93976
campaign3_gate2_v1:F01:K33:2:D01,F01,K33,D01,2,TRAIN,4,94035
campaign3_gate2_v1:F01:K33:2:D10,F01,K33,D10,2,TRAIN,32,94027
campaign3_gate2_v1:F01:K33:2:D11,F01,K33,D11,2,TRAIN,6,94073
campaign3_gate2_v1:F01:K33:2:DbetaU,F01,K33,DbetaU,2,TRAIN,22,94125
campaign3_gate2_v1:F01:K33:3:D00,F01,K33,D00,3,VALIDATION,34,94173
campaign3_gate2_v1:F01:K33:3:D01,F01,K33,D01,3,VALIDATION,2,94213
campaign3_gate2_v1:F01:K33:3:D10,F01,K33,D10,3,VALIDATION,19,94194
campaign3_gate2_v1:F01:K33:3:D11,F01,K33,D11,3,VALIDATION,18,94265
campaign3_gate2_v1:F01:K33:3:DbetaU,F01,K33,DbetaU,3,VALIDATION,28,94311
campaign3_gate2_v1:F01:K33:4:D00,F01,K33,D00,4,DEVELOPMENT_TEST,24,94343
campaign3_gate2_v1:F01:K33:4:D01,F01,K33,D01,4,DEVELOPMENT_TEST,32,94423
campaign3_gate2_v1:F01:K33:4:D10,F01,K33,D10,4,DEVELOPMENT_TEST,9,94364
campaign3_gate2_v1:F01:K33:4:D11,F01,K33,D11,4,DEVELOPMENT_TEST,6,94433
campaign3_gate2_v1:F01:K33:4:DbetaU,F01,K33,DbetaU,4,DEVELOPMENT_TEST,7,94470
campaign3_gate2_v1:F02:K01:0:D00,F02,K01,D00,0,TRAIN,30,94529
campaign3_gate2_v1:F02:K01:0:D01,F02,K01,D01,0,TRAIN,36,94607
campaign3_gate2_v1:F02:K01:0:D10,F02,K01,D10,0,TRAIN,7,94542
campaign3_gate2_v1:F02:K01:0:D11,F02,K01,D11,0,TRAIN,17,94624
campaign3_gate2_v1:F02:K01:0:DbetaU,F02,K01,DbetaU,0,TRAIN,25,94668
campaign3_gate2_v1:F02:K01:1:D00,F02,K01,D00,1,TRAIN,8,94687
campaign3_gate2_v1:F02:K01:1:D01,F02,K01,D01,1,TRAIN,27,94778
campaign3_gate2_v1:F02:K01:1:D10,F02,K01,D10,1,TRAIN,5,94720
campaign3_gate2_v1:F02:K01:1:D11,F02,K01,D11,1,TRAIN,25,94812
campaign3_gate2_v1:F02:K01:1:DbetaU,F02,K01,DbetaU,1,TRAIN,9,94832
campaign3_gate2_v1:F02:K01:2:D00,F02,K01,D00,2,TRAIN,26,94885
campaign3_gate2_v1:F02:K01:2:D01,F02,K01,D01,2,TRAIN,10,94941
campaign3_gate2_v1:F02:K01:2:D10,F02,K01,D10,2,TRAIN,25,94920
campaign3_gate2_v1:F02:K01:2:D11,F02,K01,D11,2,TRAIN,11,94978
campaign3_gate2_v1:F02:K01:2:DbetaU,F02,K01,DbetaU,2,TRAIN,21,95024
campaign3_gate2_v1:F02:K01:3:D00,F02,K01,D00,3,VALIDATION,13,95052
campaign3_gate2_v1:F02:K01:3:D01,F02,K01,D01,3,VALIDATION,35,95146
campaign3_gate2_v1:F02:K01:3:D10,F02,K01,D10,3,VALIDATION,31,95106
campaign3_gate2_v1:F02:K01:3:D11,F02,K01,D11,3,VALIDATION,24,95171
campaign3_gate2_v1:F02:K01:3:DbetaU,F02,K01,DbetaU,3,VALIDATION,31,95214
campaign3_gate2_v1:F02:K01:4:D00,F02,K01,D00,4,DEVELOPMENT_TEST,13,95232
campaign3_gate2_v1:F02:K01:4:D01,F02,K01,D01,4,DEVELOPMENT_TEST,23,95314
campaign3_gate2_v1:F02:K01:4:D10,F02,K01,D10,4,DEVELOPMENT_TEST,1,95256
campaign3_gate2_v1:F02:K01:4:D11,F02,K01,D11,4,DEVELOPMENT_TEST,13,95340
campaign3_gate2_v1:F02:K01:4:DbetaU,F02,K01,DbetaU,4,DEVELOPMENT_TEST,3,95366
campaign3_gate2_v1:F02:K02:0:D00,F02,K02,D00,0,TRAIN,1,95400
campaign3_gate2_v1:F02:K02:0:D01,F02,K02,D01,0,TRAIN,1,95472
campaign3_gate2_v1:F02:K02:0:D10,F02,K02,D10,0,TRAIN,24,95459
campaign3_gate2_v1:F02:K02:0:D11,F02,K02,D11,0,TRAIN,13,95520
campaign3_gate2_v1:F02:K02:0:DbetaU,F02,K02,DbetaU,0,TRAIN,30,95573
campaign3_gate2_v1:F02:K02:1:D00,F02,K02,D00,1,TRAIN,31,95610
campaign3_gate2_v1:F02:K02:1:D01,F02,K02,D01,1,TRAIN,22,95673
campaign3_gate2_v1:F02:K02:1:D10,F02,K02,D10,1,TRAIN,25,95640
campaign3_gate2_v1:F02:K02:1:D11,F02,K02,D11,1,TRAIN,19,95706
campaign3_gate2_v1:F02:K02:1:DbetaU,F02,K02,DbetaU,1,TRAIN,31,95754
campaign3_gate2_v1:F02:K02:2:D00,F02,K02,D00,2,TRAIN,23,95782
campaign3_gate2_v1:F02:K02:2:D01,F02,K02,D01,2,TRAIN,23,95854
campaign3_gate2_v1:F02:K02:2:D10,F02,K02,D10,2,TRAIN,20,95815
campaign3_gate2_v1:F02:K02:2:D11,F02,K02,D11,2,TRAIN,34,95901
campaign3_gate2_v1:F02:K02:2:DbetaU,F02,K02,DbetaU,2,TRAIN,26,95929
campaign3_gate2_v1:F02:K02:3:D00,F02,K02,D00,3,VALIDATION,15,95954
campaign3_gate2_v1:F02:K02:3:D01,F02,K02,D01,3,VALIDATION,7,96018
campaign3_gate2_v1:F02:K02:3:D10,F02,K02,D10,3,VALIDATION,30,96005
campaign3_gate2_v1:F02:K02:3:D11,F02,K02,D11,3,VALIDATION,1,96048
campaign3_gate2_v1:F02:K02:3:DbetaU,F02,K02,DbetaU,3,VALIDATION,17,96100
campaign3_gate2_v1:F02:K02:4:D00,F02,K02,D00,4,DEVELOPMENT_TEST,18,96137
campaign3_gate2_v1:F02:K02:4:D01,F02,K02,D01,4,DEVELOPMENT_TEST,28,96219
campaign3_gate2_v1:F02:K02:4:D10,F02,K02,D10,4,DEVELOPMENT_TEST,36,96191
campaign3_gate2_v1:F02:K02:4:D11,F02,K02,D11,4,DEVELOPMENT_TEST,18,96245
campaign3_gate2_v1:F02:K02:4:DbetaU,F02,K02,DbetaU,4,DEVELOPMENT_TEST,22,96285
campaign3_gate2_v1:F02:K03:0:D00,F02,K03,D00,0,TRAIN,12,96311
campaign3_gate2_v1:F02:K03:0:D01,F02,K03,D01,0,TRAIN,18,96389
campaign3_gate2_v1:F02:K03:0:D10,F02,K03,D10,0,TRAIN,26,96361
campaign3_gate2_v1:F02:K03:0:D11,F02,K03,D11,0,TRAIN,35,96442
campaign3_gate2_v1:F02:K03:0:DbetaU,F02,K03,DbetaU,0,TRAIN,8,96451
campaign3_gate2_v1:F02:K03:1:D00,F02,K03,D00,1,TRAIN,16,96495
campaign3_gate2_v1:F02:K03:1:D01,F02,K03,D01,1,TRAIN,15,96566
campaign3_gate2_v1:F02:K03:1:D10,F02,K03,D10,1,TRAIN,22,96537
campaign3_gate2_v1:F02:K03:1:D11,F02,K03,D11,1,TRAIN,33,96620
campaign3_gate2_v1:F02:K03:1:DbetaU,F02,K03,DbetaU,1,TRAIN,14,96637
campaign3_gate2_v1:F02:K03:2:D00,F02,K03,D00,2,TRAIN,14,96673
campaign3_gate2_v1:F02:K03:2:D01,F02,K03,D01,2,TRAIN,24,96755
campaign3_gate2_v1:F02:K03:2:D10,F02,K03,D10,2,TRAIN,5,96700
campaign3_gate2_v1:F02:K03:2:D11,F02,K03,D11,2,TRAIN,34,96801
campaign3_gate2_v1:F02:K03:2:DbetaU,F02,K03,DbetaU,2,TRAIN,25,96828
campaign3_gate2_v1:F02:K03:3:D00,F02,K03,D00,3,VALIDATION,26,96865
campaign3_gate2_v1:F02:K03:3:D01,F02,K03,D01,3,VALIDATION,1,96912
campaign3_gate2_v1:F02:K03:3:D10,F02,K03,D10,3,VALIDATION,23,96898
campaign3_gate2_v1:F02:K03:3:D11,F02,K03,D11,3,VALIDATION,8,96955
campaign3_gate2_v1:F02:K03:3:DbetaU,F02,K03,DbetaU,3,VALIDATION,13,96996
campaign3_gate2_v1:F02:K03:4:D00,F02,K03,D00,4,DEVELOPMENT_TEST,4,97023
campaign3_gate2_v1:F02:K03:4:D01,F02,K03,D01,4,DEVELOPMENT_TEST,31,97122
campaign3_gate2_v1:F02:K03:4:D10,F02,K03,D10,4,DEVELOPMENT_TEST,33,97088
campaign3_gate2_v1:F02:K03:4:D11,F02,K03,D11,4,DEVELOPMENT_TEST,36,97163
campaign3_gate2_v1:F02:K03:4:DbetaU,F02,K03,DbetaU,4,DEVELOPMENT_TEST,19,97182
campaign3_gate2_v1:F02:K05:0:D00,F02,K05,D00,0,TRAIN,14,97213
campaign3_gate2_v1:F02:K05:0:D01,F02,K05,D01,0,TRAIN,10,97281
campaign3_gate2_v1:F02:K05:0:D10,F02,K05,D10,0,TRAIN,24,97259
campaign3_gate2_v1:F02:K05:0:D11,F02,K05,D11,0,TRAIN,13,97320
campaign3_gate2_v1:F02:K05:0:DbetaU,F02,K05,DbetaU,0,TRAIN,1,97344
campaign3_gate2_v1:F02:K05:1:D00,F02,K05,D00,1,TRAIN,2,97381
campaign3_gate2_v1:F02:K05:1:D01,F02,K05,D01,1,TRAIN,36,97487
campaign3_gate2_v1:F02:K05:1:D10,F02,K05,D10,1,TRAIN,14,97429
campaign3_gate2_v1:F02:K05:1:D11,F02,K05,D11,1,TRAIN,23,97510
campaign3_gate2_v1:F02:K05:1:DbetaU,F02,K05,DbetaU,1,TRAIN,14,97537
campaign3_gate2_v1:F02:K05:2:D00,F02,K05,D00,2,TRAIN,27,97586
campaign3_gate2_v1:F02:K05:2:D01,F02,K05,D01,2,TRAIN,10,97641
campaign3_gate2_v1:F02:K05:2:D10,F02,K05,D10,2,TRAIN,13,97608
campaign3_gate2_v1:F02:K05:2:D11,F02,K05,D11,2,TRAIN,19,97686
campaign3_gate2_v1:F02:K05:2:DbetaU,F02,K05,DbetaU,2,TRAIN,13,97716
campaign3_gate2_v1:F02:K05:3:D00,F02,K05,D00,3,VALIDATION,16,97755
campaign3_gate2_v1:F02:K05:3:D01,F02,K05,D01,3,VALIDATION,31,97842
campaign3_gate2_v1:F02:K05:3:D10,F02,K05,D10,3,VALIDATION,9,97784
campaign3_gate2_v1:F02:K05:3:D11,F02,K05,D11,3,VALIDATION,9,97856
campaign3_gate2_v1:F02:K05:3:DbetaU,F02,K05,DbetaU,3,VALIDATION,14,97897
campaign3_gate2_v1:F02:K05:4:D00,F02,K05,D00,4,DEVELOPMENT_TEST,30,97949
campaign3_gate2_v1:F02:K05:4:D01,F02,K05,D01,4,DEVELOPMENT_TEST,24,98015
campaign3_gate2_v1:F02:K05:4:D10,F02,K05,D10,4,DEVELOPMENT_TEST,18,97973
campaign3_gate2_v1:F02:K05:4:D11,F02,K05,D11,4,DEVELOPMENT_TEST,2,98029
campaign3_gate2_v1:F02:K05:4:DbetaU,F02,K05,DbetaU,4,DEVELOPMENT_TEST,36,98099
campaign3_gate2_v1:F02:K06:0:D00,F02,K06,D00,0,TRAIN,35,98134
campaign3_gate2_v1:F02:K06:0:D01,F02,K06,D01,0,TRAIN,14,98185
campaign3_gate2_v1:F02:K06:0:D10,F02,K06,D10,0,TRAIN,33,98168
campaign3_gate2_v1:F02:K06:0:D11,F02,K06,D11,0,TRAIN,36,98243
campaign3_gate2_v1:F02:K06:0:DbetaU,F02,K06,DbetaU,0,TRAIN,18,98261
campaign3_gate2_v1:F02:K06:1:D00,F02,K06,D00,1,TRAIN,31,98310
campaign3_gate2_v1:F02:K06:1:D01,F02,K06,D01,1,TRAIN,5,98356
campaign3_gate2_v1:F02:K06:1:D10,F02,K06,D10,1,TRAIN,25,98340
campaign3_gate2_v1:F02:K06:1:D11,F02,K06,D11,1,TRAIN,32,98419
campaign3_gate2_v1:F02:K06:1:DbetaU,F02,K06,DbetaU,1,TRAIN,35,98458
campaign3_gate2_v1:F02:K06:2:D00,F02,K06,D00,2,TRAIN,20,98479
campaign3_gate2_v1:F02:K06:2:D01,F02,K06,D01,2,TRAIN,30,98561
campaign3_gate2_v1:F02:K06:2:D10,F02,K06,D10,2,TRAIN,31,98526
campaign3_gate2_v1:F02:K06:2:D11,F02,K06,D11,2,TRAIN,14,98581
campaign3_gate2_v1:F02:K06:2:DbetaU,F02,K06,DbetaU,2,TRAIN,21,98624
campaign3_gate2_v1:F02:K06:3:D00,F02,K06,D00,3,VALIDATION,4,98643
campaign3_gate2_v1:F02:K06:3:D01,F02,K06,D01,3,VALIDATION,34,98745
campaign3_gate2_v1:F02:K06:3:D10,F02,K06,D10,3,VALIDATION,10,98685
campaign3_gate2_v1:F02:K06:3:D11,F02,K06,D11,3,VALIDATION,16,98763
campaign3_gate2_v1:F02:K06:3:DbetaU,F02,K06,DbetaU,3,VALIDATION,33,98816
campaign3_gate2_v1:F02:K06:4:D00,F02,K06,D00,4,DEVELOPMENT_TEST,34,98853
campaign3_gate2_v1:F02:K06:4:D01,F02,K06,D01,4,DEVELOPMENT_TEST,1,98892
campaign3_gate2_v1:F02:K06:4:D10,F02,K06,D10,4,DEVELOPMENT_TEST,5,98860
campaign3_gate2_v1:F02:K06:4:D11,F02,K06,D11,4,DEVELOPMENT_TEST,27,98954
campaign3_gate2_v1:F02:K06:4:DbetaU,F02,K06,DbetaU,4,DEVELOPMENT_TEST,34,98997
campaign3_gate2_v1:F02:K07:0:D00,F02,K07,D00,0,TRAIN,33,99032
campaign3_gate2_v1:F02:K07:0:D01,F02,K07,D01,0,TRAIN,15,99086
campaign3_gate2_v1:F02:K07:0:D10,F02,K07,D10,0,TRAIN,16,99051
campaign3_gate2_v1:F02:K07:0:D11,F02,K07,D11,0,TRAIN,34,99141
campaign3_gate2_v1:F02:K07:0:DbetaU,F02,K07,DbetaU,0,TRAIN,15,99158
campaign3_gate2_v1:F02:K07:1:D00,F02,K07,D00,1,TRAIN,28,99207
campaign3_gate2_v1:F02:K07:1:D01,F02,K07,D01,1,TRAIN,33,99284
campaign3_gate2_v1:F02:K07:1:D10,F02,K07,D10,1,TRAIN,4,99219
campaign3_gate2_v1:F02:K07:1:D11,F02,K07,D11,1,TRAIN,15,99302
campaign3_gate2_v1:F02:K07:1:DbetaU,F02,K07,DbetaU,1,TRAIN,10,99333
campaign3_gate2_v1:F02:K07:2:D00,F02,K07,D00,2,TRAIN,25,99384
campaign3_gate2_v1:F02:K07:2:D01,F02,K07,D01,2,TRAIN,32,99463
campaign3_gate2_v1:F02:K07:2:D10,F02,K07,D10,2,TRAIN,20,99415
campaign3_gate2_v1:F02:K07:2:D11,F02,K07,D11,2,TRAIN,4,99471
campaign3_gate2_v1:F02:K07:2:DbetaU,F02,K07,DbetaU,2,TRAIN,33,99536
campaign3_gate2_v1:F02:K07:3:D00,F02,K07,D00,3,VALIDATION,34,99573
campaign3_gate2_v1:F02:K07:3:D01,F02,K07,D01,3,VALIDATION,18,99629
campaign3_gate2_v1:F02:K07:3:D10,F02,K07,D10,3,VALIDATION,28,99603
campaign3_gate2_v1:F02:K07:3:D11,F02,K07,D11,3,VALIDATION,13,99660
campaign3_gate2_v1:F02:K07:3:DbetaU,F02,K07,DbetaU,3,VALIDATION,21,99704
campaign3_gate2_v1:F02:K07:4:D00,F02,K07,D00,4,DEVELOPMENT_TEST,36,99755
campaign3_gate2_v1:F02:K07:4:D01,F02,K07,D01,4,DEVELOPMENT_TEST,28,99819
campaign3_gate2_v1:F02:K07:4:D10,F02,K07,D10,4,DEVELOPMENT_TEST,25,99780
campaign3_gate2_v1:F02:K07:4:D11,F02,K07,D11,4,DEVELOPMENT_TEST,14,99841
campaign3_gate2_v1:F02:K07:4:DbetaU,F02,K07,DbetaU,4,DEVELOPMENT_TEST,20,99883
campaign3_gate2_v1:F02:K10:0:D00,F02,K10,D00,0,TRAIN,1,99900
campaign3_gate2_v1:F02:K10:0:D01,F02,K10,D01,0,TRAIN,7,99978
campaign3_gate2_v1:F02:K10:0:D10,F02,K10,D10,0,TRAIN,24,99959
campaign3_gate2_v1:F02:K10:0:D11,F02,K10,D11,0,TRAIN,21,100028
campaign3_gate2_v1:F02:K10:0:DbetaU,F02,K10,DbetaU,0,TRAIN,1,100044
campaign3_gate2_v1:F02:K10:1:D00,F02,K10,D00,1,TRAIN,22,100101
campaign3_gate2_v1:F02:K10:1:D01,F02,K10,D01,1,TRAIN,24,100175
campaign3_gate2_v1:F02:K10:1:D10,F02,K10,D10,1,TRAIN,33,100148
campaign3_gate2_v1:F02:K10:1:D11,F02,K10,D11,1,TRAIN,23,100210
campaign3_gate2_v1:F02:K10:1:DbetaU,F02,K10,DbetaU,1,TRAIN,4,100227
campaign3_gate2_v1:F02:K10:2:D00,F02,K10,D00,2,TRAIN,17,100276
campaign3_gate2_v1:F02:K10:2:D01,F02,K10,D01,2,TRAIN,19,100350
campaign3_gate2_v1:F02:K10:2:D10,F02,K10,D10,2,TRAIN,28,100323
campaign3_gate2_v1:F02:K10:2:D11,F02,K10,D11,2,TRAIN,8,100375
campaign3_gate2_v1:F02:K10:2:DbetaU,F02,K10,DbetaU,2,TRAIN,21,100424
campaign3_gate2_v1:F02:K10:3:D00,F02,K10,D00,3,VALIDATION,36,100475
campaign3_gate2_v1:F02:K10:3:D01,F02,K10,D01,3,VALIDATION,9,100520
campaign3_gate2_v1:F02:K10:3:D10,F02,K10,D10,3,VALIDATION,27,100502
campaign3_gate2_v1:F02:K10:3:D11,F02,K10,D11,3,VALIDATION,1,100548
campaign3_gate2_v1:F02:K10:3:DbetaU,F02,K10,DbetaU,3,VALIDATION,6,100589
campaign3_gate2_v1:F02:K10:4:D00,F02,K10,D00,4,DEVELOPMENT_TEST,4,100623
campaign3_gate2_v1:F02:K10:4:D01,F02,K10,D01,4,DEVELOPMENT_TEST,15,100706
campaign3_gate2_v1:F02:K10:4:D10,F02,K10,D10,4,DEVELOPMENT_TEST,29,100684
campaign3_gate2_v1:F02:K10:4:D11,F02,K10,D11,4,DEVELOPMENT_TEST,18,100745
campaign3_gate2_v1:F02:K10:4:DbetaU,F02,K10,DbetaU,4,DEVELOPMENT_TEST,35,100798
campaign3_gate2_v1:F02:K11:0:D00,F02,K11,D00,0,TRAIN,34,100833
campaign3_gate2_v1:F02:K11:0:D01,F02,K11,D01,0,TRAIN,18,100889
campaign3_gate2_v1:F02:K11:0:D10,F02,K11,D10,0,TRAIN,12,100847
campaign3_gate2_v1:F02:K11:0:D11,F02,K11,D11,0,TRAIN,1,100908
campaign3_gate2_v1:F02:K11:0:DbetaU,F02,K11,DbetaU,0,TRAIN,10,100953
campaign3_gate2_v1:F02:K11:1:D00,F02,K11,D00,1,TRAIN,11,100990
campaign3_gate2_v1:F02:K11:1:D01,F02,K11,D01,1,TRAIN,13,101064
campaign3_gate2_v1:F02:K11:1:D10,F02,K11,D10,1,TRAIN,7,101022
campaign3_gate2_v1:F02:K11:1:D11,F02,K11,D11,1,TRAIN,21,101108
campaign3_gate2_v1:F02:K11:1:DbetaU,F02,K11,DbetaU,1,TRAIN,8,101131
campaign3_gate2_v1:F02:K11:2:D00,F02,K11,D00,2,TRAIN,6,101165
campaign3_gate2_v1:F02:K11:2:D01,F02,K11,D01,2,TRAIN,32,101263
campaign3_gate2_v1:F02:K11:2:D10,F02,K11,D10,2,TRAIN,21,101216
campaign3_gate2_v1:F02:K11:2:D11,F02,K11,D11,2,TRAIN,30,101297
campaign3_gate2_v1:F02:K11:2:DbetaU,F02,K11,DbetaU,2,TRAIN,14,101317
campaign3_gate2_v1:F02:K11:3:D00,F02,K11,D00,3,VALIDATION,1,101340
campaign3_gate2_v1:F02:K11:3:D01,F02,K11,D01,3,VALIDATION,29,101440
campaign3_gate2_v1:F02:K11:3:D10,F02,K11,D10,3,VALIDATION,34,101409
campaign3_gate2_v1:F02:K11:3:D11,F02,K11,D11,3,VALIDATION,22,101469
campaign3_gate2_v1:F02:K11:3:DbetaU,F02,K11,DbetaU,3,VALIDATION,3,101486
campaign3_gate2_v1:F02:K11:4:D00,F02,K11,D00,4,DEVELOPMENT_TEST,9,101528
campaign3_gate2_v1:F02:K11:4:D01,F02,K11,D01,4,DEVELOPMENT_TEST,29,101620
campaign3_gate2_v1:F02:K11:4:D10,F02,K11,D10,4,DEVELOPMENT_TEST,32,101587
campaign3_gate2_v1:F02:K11:4:D11,F02,K11,D11,4,DEVELOPMENT_TEST,33,101660
campaign3_gate2_v1:F02:K11:4:DbetaU,F02,K11,DbetaU,4,DEVELOPMENT_TEST,34,101697
campaign3_gate2_v1:F02:K13:0:D00,F02,K13,D00,0,TRAIN,35,101734
campaign3_gate2_v1:F02:K13:0:D01,F02,K13,D01,0,TRAIN,32,101803
campaign3_gate2_v1:F02:K13:0:D10,F02,K13,D10,0,TRAIN,9,101744
campaign3_gate2_v1:F02:K13:0:D11,F02,K13,D11,0,TRAIN,29,101836
campaign3_gate2_v1:F02:K13:0:DbetaU,F02,K13,DbetaU,0,TRAIN,27,101870
campaign3_gate2_v1:F02:K13:1:D00,F02,K13,D00,1,TRAIN,13,101892
campaign3_gate2_v1:F02:K13:1:D01,F02,K13,D01,1,TRAIN,5,101956
campaign3_gate2_v1:F02:K13:1:D10,F02,K13,D10,1,TRAIN,8,101923
campaign3_gate2_v1:F02:K13:1:D11,F02,K13,D11,1,TRAIN,32,102019
campaign3_gate2_v1:F02:K13:1:DbetaU,F02,K13,DbetaU,1,TRAIN,18,102041
campaign3_gate2_v1:F02:K13:2:D00,F02,K13,D00,2,TRAIN,9,102068
campaign3_gate2_v1:F02:K13:2:D01,F02,K13,D01,2,TRAIN,22,102153
campaign3_gate2_v1:F02:K13:2:D10,F02,K13,D10,2,TRAIN,30,102125
campaign3_gate2_v1:F02:K13:2:D11,F02,K13,D11,2,TRAIN,14,102181
campaign3_gate2_v1:F02:K13:2:DbetaU,F02,K13,DbetaU,2,TRAIN,36,102239
campaign3_gate2_v1:F02:K13:3:D00,F02,K13,D00,3,VALIDATION,10,102249
campaign3_gate2_v1:F02:K13:3:D01,F02,K13,D01,3,VALIDATION,31,102342
campaign3_gate2_v1:F02:K13:3:D10,F02,K13,D10,3,VALIDATION,19,102294
campaign3_gate2_v1:F02:K13:3:D11,F02,K13,D11,3,VALIDATION,34,102381
campaign3_gate2_v1:F02:K13:3:DbetaU,F02,K13,DbetaU,3,VALIDATION,13,102396
campaign3_gate2_v1:F02:K13:4:D00,F02,K13,D00,4,DEVELOPMENT_TEST,33,102452
campaign3_gate2_v1:F02:K13:4:D01,F02,K13,D01,4,DEVELOPMENT_TEST,21,102512
campaign3_gate2_v1:F02:K13:4:D10,F02,K13,D10,4,DEVELOPMENT_TEST,13,102468
campaign3_gate2_v1:F02:K13:4:D11,F02,K13,D11,4,DEVELOPMENT_TEST,31,102558
campaign3_gate2_v1:F02:K13:4:DbetaU,F02,K13,DbetaU,4,DEVELOPMENT_TEST,11,102574
campaign3_gate2_v1:F02:K15:0:D00,F02,K15,D00,0,TRAIN,15,102614
campaign3_gate2_v1:F02:K15:0:D01,F02,K15,D01,0,TRAIN,3,102674
campaign3_gate2_v1:F02:K15:0:D10,F02,K15,D10,0,TRAIN,8,102643
campaign3_gate2_v1:F02:K15:0:D11,F02,K15,D11,0,TRAIN,10,102717
campaign3_gate2_v1:F02:K15:0:DbetaU,F02,K15,DbetaU,0,TRAIN,20,102763
campaign3_gate2_v1:F02:K15:1:D00,F02,K15,D00,1,TRAIN,25,102804
campaign3_gate2_v1:F02:K15:1:D01,F02,K15,D01,1,TRAIN,22,102873
campaign3_gate2_v1:F02:K15:1:D10,F02,K15,D10,1,TRAIN,11,102826
campaign3_gate2_v1:F02:K15:1:D11,F02,K15,D11,1,TRAIN,13,102900
campaign3_gate2_v1:F02:K15:1:DbetaU,F02,K15,DbetaU,1,TRAIN,14,102937
campaign3_gate2_v1:F02:K15:2:D00,F02,K15,D00,2,TRAIN,33,102992
campaign3_gate2_v1:F02:K15:2:D01,F02,K15,D01,2,TRAIN,33,103064
campaign3_gate2_v1:F02:K15:2:D10,F02,K15,D10,2,TRAIN,11,103006
campaign3_gate2_v1:F02:K15:2:D11,F02,K15,D11,2,TRAIN,32,103099
campaign3_gate2_v1:F02:K15:2:DbetaU,F02,K15,DbetaU,2,TRAIN,25,103128
campaign3_gate2_v1:F02:K15:3:D00,F02,K15,D00,3,VALIDATION,24,103163
campaign3_gate2_v1:F02:K15:3:D01,F02,K15,D01,3,VALIDATION,4,103215
campaign3_gate2_v1:F02:K15:3:D10,F02,K15,D10,3,VALIDATION,17,103192
campaign3_gate2_v1:F02:K15:3:D11,F02,K15,D11,3,VALIDATION,30,103277
campaign3_gate2_v1:F02:K15:3:DbetaU,F02,K15,DbetaU,3,VALIDATION,1,103284
campaign3_gate2_v1:F02:K15:4:D00,F02,K15,D00,4,DEVELOPMENT_TEST,28,103347
campaign3_gate2_v1:F02:K15:4:D01,F02,K15,D01,4,DEVELOPMENT_TEST,22,103413
campaign3_gate2_v1:F02:K15:4:D10,F02,K15,D10,4,DEVELOPMENT_TEST,21,103376
campaign3_gate2_v1:F02:K15:4:D11,F02,K15,D11,4,DEVELOPMENT_TEST,4,103431
campaign3_gate2_v1:F02:K15:4:DbetaU,F02,K15,DbetaU,4,DEVELOPMENT_TEST,16,103479
campaign3_gate2_v1:F02:K16:0:D00,F02,K16,D00,0,TRAIN,33,103532
campaign3_gate2_v1:F02:K16:0:D01,F02,K16,D01,0,TRAIN,29,103600
campaign3_gate2_v1:F02:K16:0:D10,F02,K16,D10,0,TRAIN,29,103564
campaign3_gate2_v1:F02:K16:0:D11,F02,K16,D11,0,TRAIN,32,103639
campaign3_gate2_v1:F02:K16:0:DbetaU,F02,K16,DbetaU,0,TRAIN,31,103674
campaign3_gate2_v1:F02:K16:1:D00,F02,K16,D00,1,TRAIN,29,103708
campaign3_gate2_v1:F02:K16:1:D01,F02,K16,D01,1,TRAIN,17,103768
campaign3_gate2_v1:F02:K16:1:D10,F02,K16,D10,1,TRAIN,24,103739
campaign3_gate2_v1:F02:K16:1:D11,F02,K16,D11,1,TRAIN,12,103799
campaign3_gate2_v1:F02:K16:1:DbetaU,F02,K16,DbetaU,1,TRAIN,26,103849
campaign3_gate2_v1:F02:K16:2:D00,F02,K16,D00,2,TRAIN,6,103865
campaign3_gate2_v1:F02:K16:2:D01,F02,K16,D01,2,TRAIN,16,103947
campaign3_gate2_v1:F02:K16:2:D10,F02,K16,D10,2,TRAIN,19,103914
campaign3_gate2_v1:F02:K16:2:D11,F02,K16,D11,2,TRAIN,20,103987
campaign3_gate2_v1:F02:K16:2:DbetaU,F02,K16,DbetaU,2,TRAIN,32,104035
campaign3_gate2_v1:F02:K16:3:D00,F02,K16,D00,3,VALIDATION,31,104070
campaign3_gate2_v1:F02:K16:3:D01,F02,K16,D01,3,VALIDATION,31,104142
campaign3_gate2_v1:F02:K16:3:D10,F02,K16,D10,3,VALIDATION,32,104107
campaign3_gate2_v1:F02:K16:3:D11,F02,K16,D11,3,VALIDATION,14,104161
campaign3_gate2_v1:F02:K16:3:DbetaU,F02,K16,DbetaU,3,VALIDATION,8,104191
campaign3_gate2_v1:F02:K16:4:D00,F02,K16,D00,4,DEVELOPMENT_TEST,17,104236
campaign3_gate2_v1:F02:K16:4:D01,F02,K16,D01,4,DEVELOPMENT_TEST,22,104313
campaign3_gate2_v1:F02:K16:4:D10,F02,K16,D10,4,DEVELOPMENT_TEST,28,104283
campaign3_gate2_v1:F02:K16:4:D11,F02,K16,D11,4,DEVELOPMENT_TEST,1,104328
campaign3_gate2_v1:F02:K16:4:DbetaU,F02,K16,DbetaU,4,DEVELOPMENT_TEST,23,104386
campaign3_gate2_v1:F02:K17:0:D00,F02,K17,D00,0,TRAIN,17,104416
campaign3_gate2_v1:F02:K17:0:D01,F02,K17,D01,0,TRAIN,33,104504
campaign3_gate2_v1:F02:K17:0:D10,F02,K17,D10,0,TRAIN,25,104460
campaign3_gate2_v1:F02:K17:0:D11,F02,K17,D11,0,TRAIN,25,104532
campaign3_gate2_v1:F02:K17:0:DbetaU,F02,K17,DbetaU,0,TRAIN,12,104555
campaign3_gate2_v1:F02:K17:1:D00,F02,K17,D00,1,TRAIN,15,104594
campaign3_gate2_v1:F02:K17:1:D01,F02,K17,D01,1,TRAIN,27,104678
campaign3_gate2_v1:F02:K17:1:D10,F02,K17,D10,1,TRAIN,25,104640
campaign3_gate2_v1:F02:K17:1:D11,F02,K17,D11,1,TRAIN,28,104715
campaign3_gate2_v1:F02:K17:1:DbetaU,F02,K17,DbetaU,1,TRAIN,1,104724
campaign3_gate2_v1:F02:K17:2:D00,F02,K17,D00,2,TRAIN,19,104778
campaign3_gate2_v1:F02:K17:2:D01,F02,K17,D01,2,TRAIN,32,104863
campaign3_gate2_v1:F02:K17:2:D10,F02,K17,D10,2,TRAIN,36,104831
campaign3_gate2_v1:F02:K17:2:D11,F02,K17,D11,2,TRAIN,14,104881
campaign3_gate2_v1:F02:K17:2:DbetaU,F02,K17,DbetaU,2,TRAIN,16,104919
campaign3_gate2_v1:F02:K17:3:D00,F02,K17,D00,3,VALIDATION,29,104968
campaign3_gate2_v1:F02:K17:3:D01,F02,K17,D01,3,VALIDATION,3,105014
campaign3_gate2_v1:F02:K17:3:D10,F02,K17,D10,3,VALIDATION,34,105009
campaign3_gate2_v1:F02:K17:3:D11,F02,K17,D11,3,VALIDATION,8,105055
campaign3_gate2_v1:F02:K17:3:DbetaU,F02,K17,DbetaU,3,VALIDATION,3,105086
campaign3_gate2_v1:F02:K17:4:D00,F02,K17,D00,4,DEVELOPMENT_TEST,31,105150
campaign3_gate2_v1:F02:K17:4:D01,F02,K17,D01,4,DEVELOPMENT_TEST,23,105214
campaign3_gate2_v1:F02:K17:4:D10,F02,K17,D10,4,DEVELOPMENT_TEST,12,105167
campaign3_gate2_v1:F02:K17:4:D11,F02,K17,D11,4,DEVELOPMENT_TEST,30,105257
campaign3_gate2_v1:F02:K17:4:DbetaU,F02,K17,DbetaU,4,DEVELOPMENT_TEST,21,105284
campaign3_gate2_v1:F02:K20:0:D00,F02,K20,D00,0,TRAIN,33,105332
campaign3_gate2_v1:F02:K20:0:D01,F02,K20,D01,0,TRAIN,7,105378
campaign3_gate2_v1:F02:K20:0:D10,F02,K20,D10,0,TRAIN,24,105359
campaign3_gate2_v1:F02:K20:0:D11,F02,K20,D11,0,TRAIN,22,105429
campaign3_gate2_v1:F02:K20:0:DbetaU,F02,K20,DbetaU,0,TRAIN,35,105478
campaign3_gate2_v1:F02:K20:1:D00,F02,K20,D00,1,TRAIN,9,105488
campaign3_gate2_v1:F02:K20:1:D01,F02,K20,D01,1,TRAIN,31,105582
campaign3_gate2_v1:F02:K20:1:D10,F02,K20,D10,1,TRAIN,11,105526
campaign3_gate2_v1:F02:K20:1:D11,F02,K20,D11,1,TRAIN,28,105615
campaign3_gate2_v1:F02:K20:1:DbetaU,F02,K20,DbetaU,1,TRAIN,36,105659
campaign3_gate2_v1:F02:K20:2:D00,F02,K20,D00,2,TRAIN,23,105682
campaign3_gate2_v1:F02:K20:2:D01,F02,K20,D01,2,TRAIN,29,105760
campaign3_gate2_v1:F02:K20:2:D10,F02,K20,D10,2,TRAIN,22,105717
campaign3_gate2_v1:F02:K20:2:D11,F02,K20,D11,2,TRAIN,29,105796
campaign3_gate2_v1:F02:K20:2:DbetaU,F02,K20,DbetaU,2,TRAIN,2,105805
campaign3_gate2_v1:F02:K20:3:D00,F02,K20,D00,3,VALIDATION,7,105846
campaign3_gate2_v1:F02:K20:3:D01,F02,K20,D01,3,VALIDATION,3,105914
campaign3_gate2_v1:F02:K20:3:D10,F02,K20,D10,3,VALIDATION,25,105900
campaign3_gate2_v1:F02:K20:3:D11,F02,K20,D11,3,VALIDATION,13,105960
campaign3_gate2_v1:F02:K20:3:DbetaU,F02,K20,DbetaU,3,VALIDATION,20,106003
campaign3_gate2_v1:F02:K20:4:D00,F02,K20,D00,4,DEVELOPMENT_TEST,2,106021
campaign3_gate2_v1:F02:K20:4:D01,F02,K20,D01,4,DEVELOPMENT_TEST,6,106097
campaign3_gate2_v1:F02:K20:4:D10,F02,K20,D10,4,DEVELOPMENT_TEST,10,106065
campaign3_gate2_v1:F02:K20:4:D11,F02,K20,D11,4,DEVELOPMENT_TEST,10,106137
campaign3_gate2_v1:F02:K20:4:DbetaU,F02,K20,DbetaU,4,DEVELOPMENT_TEST,8,106171
campaign3_gate2_v1:F02:K21:0:D00,F02,K21,D00,0,TRAIN,11,106210
campaign3_gate2_v1:F02:K21:0:D01,F02,K21,D01,0,TRAIN,13,106284
campaign3_gate2_v1:F02:K21:0:D10,F02,K21,D10,0,TRAIN,19,106254
campaign3_gate2_v1:F02:K21:0:D11,F02,K21,D11,0,TRAIN,11,106318
campaign3_gate2_v1:F02:K21:0:DbetaU,F02,K21,DbetaU,0,TRAIN,1,106344
campaign3_gate2_v1:F02:K21:1:D00,F02,K21,D00,1,TRAIN,35,106414
campaign3_gate2_v1:F02:K21:1:D01,F02,K21,D01,1,TRAIN,30,106481
campaign3_gate2_v1:F02:K21:1:D10,F02,K21,D10,1,TRAIN,26,106441
campaign3_gate2_v1:F02:K21:1:D11,F02,K21,D11,1,TRAIN,14,106501
campaign3_gate2_v1:F02:K21:1:DbetaU,F02,K21,DbetaU,1,TRAIN,34,106557
campaign3_gate2_v1:F02:K21:2:D00,F02,K21,D00,2,TRAIN,26,106585
campaign3_gate2_v1:F02:K21:2:D01,F02,K21,D01,2,TRAIN,6,106637
campaign3_gate2_v1:F02:K21:2:D10,F02,K21,D10,2,TRAIN,22,106617
campaign3_gate2_v1:F02:K21:2:D11,F02,K21,D11,2,TRAIN,4,106671
campaign3_gate2_v1:F02:K21:2:DbetaU,F02,K21,DbetaU,2,TRAIN,21,106724
campaign3_gate2_v1:F02:K21:3:D00,F02,K21,D00,3,VALIDATION,18,106757
campaign3_gate2_v1:F02:K21:3:D01,F02,K21,D01,3,VALIDATION,7,106818
campaign3_gate2_v1:F02:K21:3:D10,F02,K21,D10,3,VALIDATION,33,106808
campaign3_gate2_v1:F02:K21:3:D11,F02,K21,D11,3,VALIDATION,13,106860
campaign3_gate2_v1:F02:K21:3:DbetaU,F02,K21,DbetaU,3,VALIDATION,15,106898
campaign3_gate2_v1:F02:K21:4:D00,F02,K21,D00,4,DEVELOPMENT_TEST,36,106955
campaign3_gate2_v1:F02:K21:4:D01,F02,K21,D01,4,DEVELOPMENT_TEST,25,107016
campaign3_gate2_v1:F02:K21:4:D10,F02,K21,D10,4,DEVELOPMENT_TEST,35,106990
campaign3_gate2_v1:F02:K21:4:D11,F02,K21,D11,4,DEVELOPMENT_TEST,12,107039
campaign3_gate2_v1:F02:K21:4:DbetaU,F02,K21,DbetaU,4,DEVELOPMENT_TEST,2,107065
campaign3_gate2_v1:F02:K23:0:D00,F02,K23,D00,0,TRAIN,17,107116
campaign3_gate2_v1:F02:K23:0:D01,F02,K23,D01,0,TRAIN,13,107184
campaign3_gate2_v1:F02:K23:0:D10,F02,K23,D10,0,TRAIN,11,107146
campaign3_gate2_v1:F02:K23:0:D11,F02,K23,D11,0,TRAIN,12,107219
campaign3_gate2_v1:F02:K23:0:DbetaU,F02,K23,DbetaU,0,TRAIN,13,107256
campaign3_gate2_v1:F02:K23:1:D00,F02,K23,D00,1,TRAIN,31,107310
campaign3_gate2_v1:F02:K23:1:D01,F02,K23,D01,1,TRAIN,2,107353
campaign3_gate2_v1:F02:K23:1:D10,F02,K23,D10,1,TRAIN,17,107332
campaign3_gate2_v1:F02:K23:1:D11,F02,K23,D11,1,TRAIN,23,107410
campaign3_gate2_v1:F02:K23:1:DbetaU,F02,K23,DbetaU,1,TRAIN,33,107456
campaign3_gate2_v1:F02:K23:2:D00,F02,K23,D00,2,TRAIN,22,107481
campaign3_gate2_v1:F02:K23:2:D01,F02,K23,D01,2,TRAIN,10,107541
campaign3_gate2_v1:F02:K23:2:D10,F02,K23,D10,2,TRAIN,6,107501
campaign3_gate2_v1:F02:K23:2:D11,F02,K23,D11,2,TRAIN,21,107588
campaign3_gate2_v1:F02:K23:2:DbetaU,F02,K23,DbetaU,2,TRAIN,34,107637
campaign3_gate2_v1:F02:K23:3:D00,F02,K23,D00,3,VALIDATION,31,107670
campaign3_gate2_v1:F02:K23:3:D01,F02,K23,D01,3,VALIDATION,24,107735
campaign3_gate2_v1:F02:K23:3:D10,F02,K23,D10,3,VALIDATION,25,107700
campaign3_gate2_v1:F02:K23:3:D11,F02,K23,D11,3,VALIDATION,12,107759
campaign3_gate2_v1:F02:K23:3:DbetaU,F02,K23,DbetaU,3,VALIDATION,22,107805
campaign3_gate2_v1:F02:K23:4:D00,F02,K23,D00,4,DEVELOPMENT_TEST,31,107850
campaign3_gate2_v1:F02:K23:4:D01,F02,K23,D01,4,DEVELOPMENT_TEST,26,107917
campaign3_gate2_v1:F02:K23:4:D10,F02,K23,D10,4,DEVELOPMENT_TEST,36,107891
campaign3_gate2_v1:F02:K23:4:D11,F02,K23,D11,4,DEVELOPMENT_TEST,3,107930
campaign3_gate2_v1:F02:K23:4:DbetaU,F02,K23,DbetaU,4,DEVELOPMENT_TEST,10,107973
campaign3_gate2_v1:F02:K25:0:D00,F02,K25,D00,0,TRAIN,1,108000
campaign3_gate2_v1:F02:K25:0:D01,F02,K25,D01,0,TRAIN,19,108090
campaign3_gate2_v1:F02:K25:0:D10,F02,K25,D10,0,TRAIN,19,108054
campaign3_gate2_v1:F02:K25:0:D11,F02,K25,D11,0,TRAIN,13,108120
campaign3_gate2_v1:F02:K25:0:DbetaU,F02,K25,DbetaU,0,TRAIN,4,108147
campaign3_gate2_v1:F02:K25:1:D00,F02,K25,D00,1,TRAIN,23,108202
campaign3_gate2_v1:F02:K25:1:D01,F02,K25,D01,1,TRAIN,23,108274
campaign3_gate2_v1:F02:K25:1:D10,F02,K25,D10,1,TRAIN,6,108221
campaign3_gate2_v1:F02:K25:1:D11,F02,K25,D11,1,TRAIN,32,108319
campaign3_gate2_v1:F02:K25:1:DbetaU,F02,K25,DbetaU,1,TRAIN,9,108332
campaign3_gate2_v1:F02:K25:2:D00,F02,K25,D00,2,TRAIN,5,108364
campaign3_gate2_v1:F02:K25:2:D01,F02,K25,D01,2,TRAIN,22,108453
campaign3_gate2_v1:F02:K25:2:D10,F02,K25,D10,2,TRAIN,21,108416
campaign3_gate2_v1:F02:K25:2:D11,F02,K25,D11,2,TRAIN,27,108494
campaign3_gate2_v1:F02:K25:2:DbetaU,F02,K25,DbetaU,2,TRAIN,5,108508
campaign3_gate2_v1:F02:K25:3:D00,F02,K25,D00,3,VALIDATION,17,108556
campaign3_gate2_v1:F02:K25:3:D01,F02,K25,D01,3,VALIDATION,14,108625
campaign3_gate2_v1:F02:K25:3:D10,F02,K25,D10,3,VALIDATION,17,108592
campaign3_gate2_v1:F02:K25:3:D11,F02,K25,D11,3,VALIDATION,36,108683
campaign3_gate2_v1:F02:K25:3:DbetaU,F02,K25,DbetaU,3,VALIDATION,16,108699
campaign3_gate2_v1:F02:K25:4:D00,F02,K25,D00,4,DEVELOPMENT_TEST,13,108732
campaign3_gate2_v1:F02:K25:4:D01,F02,K25,D01,4,DEVELOPMENT_TEST,33,108824
campaign3_gate2_v1:F02:K25:4:D10,F02,K25,D10,4,DEVELOPMENT_TEST,11,108766
campaign3_gate2_v1:F02:K25:4:D11,F02,K25,D11,4,DEVELOPMENT_TEST,9,108836
campaign3_gate2_v1:F02:K25:4:DbetaU,F02,K25,DbetaU,4,DEVELOPMENT_TEST,8,108871
campaign3_gate2_v1:F02:K26:0:D00,F02,K26,D00,0,TRAIN,2,108901
campaign3_gate2_v1:F02:K26:0:D01,F02,K26,D01,0,TRAIN,20,108991
campaign3_gate2_v1:F02:K26:0:D10,F02,K26,D10,0,TRAIN,31,108966
campaign3_gate2_v1:F02:K26:0:D11,F02,K26,D11,0,TRAIN,34,109041
campaign3_gate2_v1:F02:K26:0:DbetaU,F02,K26,DbetaU,0,TRAIN,12,109055
campaign3_gate2_v1:F02:K26:1:D00,F02,K26,D00,1,TRAIN,35,109114
campaign3_gate2_v1:F02:K26:1:D01,F02,K26,D01,1,TRAIN,15,109166
campaign3_gate2_v1:F02:K26:1:D10,F02,K26,D10,1,TRAIN,5,109120
campaign3_gate2_v1:F02:K26:1:D11,F02,K26,D11,1,TRAIN,14,109201
campaign3_gate2_v1:F02:K26:1:DbetaU,F02,K26,DbetaU,1,TRAIN,19,109242
campaign3_gate2_v1:F02:K26:2:D00,F02,K26,D00,2,TRAIN,13,109272
campaign3_gate2_v1:F02:K26:2:D01,F02,K26,D01,2,TRAIN,28,109359
campaign3_gate2_v1:F02:K26:2:D10,F02,K26,D10,2,TRAIN,2,109297
campaign3_gate2_v1:F02:K26:2:D11,F02,K26,D11,2,TRAIN,25,109392
campaign3_gate2_v1:F02:K26:2:DbetaU,F02,K26,DbetaU,2,TRAIN,34,109437
campaign3_gate2_v1:F02:K26:3:D00,F02,K26,D00,3,VALIDATION,18,109457
campaign3_gate2_v1:F02:K26:3:D01,F02,K26,D01,3,VALIDATION,21,109532
campaign3_gate2_v1:F02:K26:3:D10,F02,K26,D10,3,VALIDATION,19,109494
campaign3_gate2_v1:F02:K26:3:D11,F02,K26,D11,3,VALIDATION,21,109568
campaign3_gate2_v1:F02:K26:3:DbetaU,F02,K26,DbetaU,3,VALIDATION,3,109586
campaign3_gate2_v1:F02:K26:4:D00,F02,K26,D00,4,DEVELOPMENT_TEST,18,109637
campaign3_gate2_v1:F02:K26:4:D01,F02,K26,D01,4,DEVELOPMENT_TEST,35,109726
campaign3_gate2_v1:F02:K26:4:D10,F02,K26,D10,4,DEVELOPMENT_TEST,28,109683
campaign3_gate2_v1:F02:K26:4:D11,F02,K26,D11,4,DEVELOPMENT_TEST,13,109740
campaign3_gate2_v1:F02:K26:4:DbetaU,F02,K26,DbetaU,4,DEVELOPMENT_TEST,17,109780
campaign3_gate2_v1:F02:K27:0:D00,F02,K27,D00,0,TRAIN,28,109827
campaign3_gate2_v1:F02:K27:0:D01,F02,K27,D01,0,TRAIN,4,109875
campaign3_gate2_v1:F02:K27:0:D10,F02,K27,D10,0,TRAIN,7,109842
campaign3_gate2_v1:F02:K27:0:D11,F02,K27,D11,0,TRAIN,19,109926
campaign3_gate2_v1:F02:K27:0:DbetaU,F02,K27,DbetaU,0,TRAIN,22,109965
campaign3_gate2_v1:F02:K27:1:D00,F02,K27,D00,1,TRAIN,8,109987
campaign3_gate2_v1:F02:K27:1:D01,F02,K27,D01,1,TRAIN,1,110052
campaign3_gate2_v1:F02:K27:1:D10,F02,K27,D10,1,TRAIN,16,110031
campaign3_gate2_v1:F02:K27:1:D11,F02,K27,D11,1,TRAIN,19,110106
campaign3_gate2_v1:F02:K27:1:DbetaU,F02,K27,DbetaU,1,TRAIN,18,110141
campaign3_gate2_v1:F02:K27:2:D00,F02,K27,D00,2,TRAIN,34,110193
campaign3_gate2_v1:F02:K27:2:D01,F02,K27,D01,2,TRAIN,4,110235
campaign3_gate2_v1:F02:K27:2:D10,F02,K27,D10,2,TRAIN,7,110202
campaign3_gate2_v1:F02:K27:2:D11,F02,K27,D11,2,TRAIN,15,110282
campaign3_gate2_v1:F02:K27:2:DbetaU,F02,K27,DbetaU,2,TRAIN,14,110317
campaign3_gate2_v1:F02:K27:3:D00,F02,K27,D00,3,VALIDATION,31,110370
campaign3_gate2_v1:F02:K27:3:D01,F02,K27,D01,3,VALIDATION,26,110437
campaign3_gate2_v1:F02:K27:3:D10,F02,K27,D10,3,VALIDATION,7,110382
campaign3_gate2_v1:F02:K27:3:D11,F02,K27,D11,3,VALIDATION,18,110465
campaign3_gate2_v1:F02:K27:3:DbetaU,F02,K27,DbetaU,3,VALIDATION,21,110504
campaign3_gate2_v1:F02:K27:4:D00,F02,K27,D00,4,DEVELOPMENT_TEST,30,110549
campaign3_gate2_v1:F02:K27:4:D01,F02,K27,D01,4,DEVELOPMENT_TEST,12,110603
campaign3_gate2_v1:F02:K27:4:D10,F02,K27,D10,4,DEVELOPMENT_TEST,32,110587
campaign3_gate2_v1:F02:K27:4:D11,F02,K27,D11,4,DEVELOPMENT_TEST,8,110635
campaign3_gate2_v1:F02:K27:4:DbetaU,F02,K27,DbetaU,4,DEVELOPMENT_TEST,17,110680
campaign3_gate2_v1:F02:K31:0:D00,F02,K31,D00,0,TRAIN,5,110704
campaign3_gate2_v1:F02:K31:0:D01,F02,K31,D01,0,TRAIN,31,110802
campaign3_gate2_v1:F02:K31:0:D10,F02,K31,D10,0,TRAIN,33,110768
campaign3_gate2_v1:F02:K31:0:D11,F02,K31,D11,0,TRAIN,18,110825
campaign3_gate2_v1:F02:K31:0:DbetaU,F02,K31,DbetaU,0,TRAIN,17,110860
campaign3_gate2_v1:F02:K31:1:D00,F02,K31,D00,1,TRAIN,5,110884
campaign3_gate2_v1:F02:K31:1:D01,F02,K31,D01,1,TRAIN,27,110978
campaign3_gate2_v1:F02:K31:1:D10,F02,K31,D10,1,TRAIN,16,110931
campaign3_gate2_v1:F02:K31:1:D11,F02,K31,D11,1,TRAIN,16,111003
campaign3_gate2_v1:F02:K31:1:DbetaU,F02,K31,DbetaU,1,TRAIN,2,111025
campaign3_gate2_v1:F02:K31:2:D00,F02,K31,D00,2,TRAIN,28,111087
campaign3_gate2_v1:F02:K31:2:D01,F02,K31,D01,2,TRAIN,21,111152
campaign3_gate2_v1:F02:K31:2:D10,F02,K31,D10,2,TRAIN,17,111112
campaign3_gate2_v1:F02:K31:2:D11,F02,K31,D11,2,TRAIN,26,111193
campaign3_gate2_v1:F02:K31:2:DbetaU,F02,K31,DbetaU,2,TRAIN,4,111207
campaign3_gate2_v1:F02:K31:3:D00,F02,K31,D00,3,VALIDATION,11,111250
campaign3_gate2_v1:F02:K31:3:D01,F02,K31,D01,3,VALIDATION,10,111321
campaign3_gate2_v1:F02:K31:3:D10,F02,K31,D10,3,VALIDATION,33,111308
campaign3_gate2_v1:F02:K31:3:D11,F02,K31,D11,3,VALIDATION,7,111354
campaign3_gate2_v1:F02:K31:3:DbetaU,F02,K31,DbetaU,3,VALIDATION,12,111395
campaign3_gate2_v1:F02:K31:4:D00,F02,K31,D00,4,DEVELOPMENT_TEST,26,111445
campaign3_gate2_v1:F02:K31:4:D01,F02,K31,D01,4,DEVELOPMENT_TEST,23,111514
campaign3_gate2_v1:F02:K31:4:D10,F02,K31,D10,4,DEVELOPMENT_TEST,17,111472
campaign3_gate2_v1:F02:K31:4:D11,F02,K31,D11,4,DEVELOPMENT_TEST,22,111549
campaign3_gate2_v1:F02:K31:4:DbetaU,F02,K31,DbetaU,4,DEVELOPMENT_TEST,34,111597
campaign3_gate2_v1:F02:K32:0:D00,F02,K32,D00,0,TRAIN,13,111612
campaign3_gate2_v1:F02:K32:0:D01,F02,K32,D01,0,TRAIN,10,111681
campaign3_gate2_v1:F02:K32:0:D10,F02,K32,D10,0,TRAIN,17,111652
campaign3_gate2_v1:F02:K32:0:D11,F02,K32,D11,0,TRAIN,17,111724
campaign3_gate2_v1:F02:K32:0:DbetaU,F02,K32,DbetaU,0,TRAIN,4,111747
campaign3_gate2_v1:F02:K32:1:D00,F02,K32,D00,1,TRAIN,4,111783
campaign3_gate2_v1:F02:K32:1:D01,F02,K32,D01,1,TRAIN,22,111873
campaign3_gate2_v1:F02:K32:1:D10,F02,K32,D10,1,TRAIN,14,111829
campaign3_gate2_v1:F02:K32:1:D11,F02,K32,D11,1,TRAIN,9,111896
campaign3_gate2_v1:F02:K32:1:DbetaU,F02,K32,DbetaU,1,TRAIN,9,111932
campaign3_gate2_v1:F02:K32:2:D00,F02,K32,D00,2,TRAIN,16,111975
campaign3_gate2_v1:F02:K32:2:D01,F02,K32,D01,2,TRAIN,13,112044
campaign3_gate2_v1:F02:K32:2:D10,F02,K32,D10,2,TRAIN,2,111997
campaign3_gate2_v1:F02:K32:2:D11,F02,K32,D11,2,TRAIN,6,112073
campaign3_gate2_v1:F02:K32:2:DbetaU,F02,K32,DbetaU,2,TRAIN,5,112108
campaign3_gate2_v1:F02:K32:3:D00,F02,K32,D00,3,VALIDATION,29,112168
campaign3_gate2_v1:F02:K32:3:D01,F02,K32,D01,3,VALIDATION,28,112239
campaign3_gate2_v1:F02:K32:3:D10,F02,K32,D10,3,VALIDATION,18,112193
campaign3_gate2_v1:F02:K32:3:D11,F02,K32,D11,3,VALIDATION,31,112278
campaign3_gate2_v1:F02:K32:3:DbetaU,F02,K32,DbetaU,3,VALIDATION,27,112310
campaign3_gate2_v1:F02:K32:4:D00,F02,K32,D00,4,DEVELOPMENT_TEST,16,112335
campaign3_gate2_v1:F02:K32:4:D01,F02,K32,D01,4,DEVELOPMENT_TEST,12,112403
campaign3_gate2_v1:F02:K32:4:D10,F02,K32,D10,4,DEVELOPMENT_TEST,7,112362
campaign3_gate2_v1:F02:K32:4:D11,F02,K32,D11,4,DEVELOPMENT_TEST,9,112436
campaign3_gate2_v1:F02:K32:4:DbetaU,F02,K32,DbetaU,4,DEVELOPMENT_TEST,20,112483
campaign3_gate2_v1:F02:K33:0:D00,F02,K33,D00,0,TRAIN,27,112526
campaign3_gate2_v1:F02:K33:0:D01,F02,K33,D01,0,TRAIN,5,112576
campaign3_gate2_v1:F02:K33:0:D10,F02,K33,D10,0,TRAIN,31,112566
campaign3_gate2_v1:F02:K33:0:D11,F02,K33,D11,0,TRAIN,32,112639
campaign3_gate2_v1:F02:K33:0:DbetaU,F02,K33,DbetaU,0,TRAIN,16,112659
campaign3_gate2_v1:F02:K33:1:D00,F02,K33,D00,1,TRAIN,15,112694
campaign3_gate2_v1:F02:K33:1:D01,F02,K33,D01,1,TRAIN,35,112786
campaign3_gate2_v1:F02:K33:1:D10,F02,K33,D10,1,TRAIN,27,112742
campaign3_gate2_v1:F02:K33:1:D11,F02,K33,D11,1,TRAIN,4,112791
campaign3_gate2_v1:F02:K33:1:DbetaU,F02,K33,DbetaU,1,TRAIN,28,112851
campaign3_gate2_v1:F02:K33:2:D00,F02,K33,D00,2,TRAIN,29,112888
campaign3_gate2_v1:F02:K33:2:D01,F02,K33,D01,2,TRAIN,10,112941
campaign3_gate2_v1:F02:K33:2:D10,F02,K33,D10,2,TRAIN,27,112922
campaign3_gate2_v1:F02:K33:2:D11,F02,K33,D11,2,TRAIN,18,112985
campaign3_gate2_v1:F02:K33:2:DbetaU,F02,K33,DbetaU,2,TRAIN,9,113012
campaign3_gate2_v1:F02:K33:3:D00,F02,K33,D00,3,VALIDATION,5,113044
campaign3_gate2_v1:F02:K33:3:D01,F02,K33,D01,3,VALIDATION,27,113138
campaign3_gate2_v1:F02:K33:3:D10,F02,K33,D10,3,VALIDATION,35,113110
campaign3_gate2_v1:F02:K33:3:D11,F02,K33,D11,3,VALIDATION,30,113177
campaign3_gate2_v1:F02:K33:3:DbetaU,F02,K33,DbetaU,3,VALIDATION,16,113199
campaign3_gate2_v1:F02:K33:4:D00,F02,K33,D00,4,DEVELOPMENT_TEST,9,113228
campaign3_gate2_v1:F02:K33:4:D01,F02,K33,D01,4,DEVELOPMENT_TEST,35,113326
campaign3_gate2_v1:F02:K33:4:D10,F02,K33,D10,4,DEVELOPMENT_TEST,36,113291
campaign3_gate2_v1:F02:K33:4:D11,F02,K33,D11,4,DEVELOPMENT_TEST,26,113353
campaign3_gate2_v1:F02:K33:4:DbetaU,F02,K33,DbetaU,4,DEVELOPMENT_TEST,19,113382
campaign3_gate2_v1:F03:K01:0:D00,F03,K01,D00,0,TRAIN,27,113426
campaign3_gate2_v1:F03:K01:0:D01,F03,K01,D01,0,TRAIN,28,113499
campaign3_gate2_v1:F03:K01:0:D10,F03,K01,D10,0,TRAIN,7,113442
campaign3_gate2_v1:F03:K01:0:D11,F03,K01,D11,0,TRAIN,2,113509
campaign3_gate2_v1:F03:K01:0:DbetaU,F03,K01,DbetaU,0,TRAIN,5,113548
campaign3_gate2_v1:F03:K01:1:D00,F03,K01,D00,1,TRAIN,33,113612
campaign3_gate2_v1:F03:K01:1:D01,F03,K01,D01,1,TRAIN,26,113677
campaign3_gate2_v1:F03:K01:1:D10,F03,K01,D10,1,TRAIN,8,113623
campaign3_gate2_v1:F03:K01:1:D11,F03,K01,D11,1,TRAIN,11,113698
campaign3_gate2_v1:F03:K01:1:DbetaU,F03,K01,DbetaU,1,TRAIN,20,113743
campaign3_gate2_v1:F03:K01:2:D00,F03,K01,D00,2,TRAIN,10,113769
campaign3_gate2_v1:F03:K01:2:D01,F03,K01,D01,2,TRAIN,10,113841
campaign3_gate2_v1:F03:K01:2:D10,F03,K01,D10,2,TRAIN,3,113798
campaign3_gate2_v1:F03:K01:2:D11,F03,K01,D11,2,TRAIN,10,113877
campaign3_gate2_v1:F03:K01:2:DbetaU,F03,K01,DbetaU,2,TRAIN,27,113930
campaign3_gate2_v1:F03:K01:3:D00,F03,K01,D00,3,VALIDATION,25,113964
campaign3_gate2_v1:F03:K01:3:D01,F03,K01,D01,3,VALIDATION,27,114038
campaign3_gate2_v1:F03:K01:3:D10,F03,K01,D10,3,VALIDATION,11,113986
campaign3_gate2_v1:F03:K01:3:D11,F03,K01,D11,3,VALIDATION,9,114056
campaign3_gate2_v1:F03:K01:3:DbetaU,F03,K01,DbetaU,3,VALIDATION,34,114117
campaign3_gate2_v1:F03:K01:4:D00,F03,K01,D00,4,DEVELOPMENT_TEST,21,114140
campaign3_gate2_v1:F03:K01:4:D01,F03,K01,D01,4,DEVELOPMENT_TEST,11,114202
campaign3_gate2_v1:F03:K01:4:D10,F03,K01,D10,4,DEVELOPMENT_TEST,5,114160
campaign3_gate2_v1:F03:K01:4:D11,F03,K01,D11,4,DEVELOPMENT_TEST,1,114228
campaign3_gate2_v1:F03:K01:4:DbetaU,F03,K01,DbetaU,4,DEVELOPMENT_TEST,1,114264
campaign3_gate2_v1:F03:K02:0:D00,F03,K02,D00,0,TRAIN,35,114334
campaign3_gate2_v1:F03:K02:0:D01,F03,K02,D01,0,TRAIN,34,114405
campaign3_gate2_v1:F03:K02:0:D10,F03,K02,D10,0,TRAIN,4,114339
campaign3_gate2_v1:F03:K02:0:D11,F03,K02,D11,0,TRAIN,10,114417
campaign3_gate2_v1:F03:K02:0:DbetaU,F03,K02,DbetaU,0,TRAIN,4,114447
campaign3_gate2_v1:F03:K02:1:D00,F03,K02,D00,1,TRAIN,28,114507
campaign3_gate2_v1:F03:K02:1:D01,F03,K02,D01,1,TRAIN,32,114583
campaign3_gate2_v1:F03:K02:1:D10,F03,K02,D10,1,TRAIN,1,114516
campaign3_gate2_v1:F03:K02:1:D11,F03,K02,D11,1,TRAIN,22,114609
campaign3_gate2_v1:F03:K02:1:DbetaU,F03,K02,DbetaU,1,TRAIN,25,114648
campaign3_gate2_v1:F03:K02:2:D00,F03,K02,D00,2,TRAIN,23,114682
campaign3_gate2_v1:F03:K02:2:D01,F03,K02,D01,2,TRAIN,18,114749
campaign3_gate2_v1:F03:K02:2:D10,F03,K02,D10,2,TRAIN,33,114728
campaign3_gate2_v1:F03:K02:2:D11,F03,K02,D11,2,TRAIN,28,114795
campaign3_gate2_v1:F03:K02:2:DbetaU,F03,K02,DbetaU,2,TRAIN,31,114834
campaign3_gate2_v1:F03:K02:3:D00,F03,K02,D00,3,VALIDATION,24,114863
campaign3_gate2_v1:F03:K02:3:D01,F03,K02,D01,3,VALIDATION,31,114942
campaign3_gate2_v1:F03:K02:3:D10,F03,K02,D10,3,VALIDATION,2,114877
campaign3_gate2_v1:F03:K02:3:D11,F03,K02,D11,3,VALIDATION,3,114950
campaign3_gate2_v1:F03:K02:3:DbetaU,F03,K02,DbetaU,3,VALIDATION,8,114991
campaign3_gate2_v1:F03:K02:4:D00,F03,K02,D00,4,DEVELOPMENT_TEST,34,115053
campaign3_gate2_v1:F03:K02:4:D01,F03,K02,D01,4,DEVELOPMENT_TEST,20,115111
campaign3_gate2_v1:F03:K02:4:D10,F03,K02,D10,4,DEVELOPMENT_TEST,12,115067
campaign3_gate2_v1:F03:K02:4:D11,F03,K02,D11,4,DEVELOPMENT_TEST,21,115148
campaign3_gate2_v1:F03:K02:4:DbetaU,F03,K02,DbetaU,4,DEVELOPMENT_TEST,19,115182
campaign3_gate2_v1:F03:K03:0:D00,F03,K03,D00,0,TRAIN,35,115234
campaign3_gate2_v1:F03:K03:0:D01,F03,K03,D01,0,TRAIN,24,115295
campaign3_gate2_v1:F03:K03:0:D10,F03,K03,D10,0,TRAIN,15,115250
campaign3_gate2_v1:F03:K03:0:D11,F03,K03,D11,0,TRAIN,34,115341
campaign3_gate2_v1:F03:K03:0:DbetaU,F03,K03,DbetaU,0,TRAIN,29,115372
campaign3_gate2_v1:F03:K03:1:D00,F03,K03,D00,1,TRAIN,23,115402
campaign3_gate2_v1:F03:K03:1:D01,F03,K03,D01,1,TRAIN,16,115467
campaign3_gate2_v1:F03:K03:1:D10,F03,K03,D10,1,TRAIN,26,115441
campaign3_gate2_v1:F03:K03:1:D11,F03,K03,D11,1,TRAIN,35,115522
campaign3_gate2_v1:F03:K03:1:DbetaU,F03,K03,DbetaU,1,TRAIN,36,115559
campaign3_gate2_v1:F03:K03:2:D00,F03,K03,D00,2,TRAIN,14,115573
campaign3_gate2_v1:F03:K03:2:D01,F03,K03,D01,2,TRAIN,28,115659
campaign3_gate2_v1:F03:K03:2:D10,F03,K03,D10,2,TRAIN,6,115601
campaign3_gate2_v1:F03:K03:2:D11,F03,K03,D11,2,TRAIN,8,115675
campaign3_gate2_v1:F03:K03:2:DbetaU,F03,K03,DbetaU,2,TRAIN,34,115737
campaign3_gate2_v1:F03:K03:3:D00,F03,K03,D00,3,VALIDATION,8,115747
campaign3_gate2_v1:F03:K03:3:D01,F03,K03,D01,3,VALIDATION,16,115827
campaign3_gate2_v1:F03:K03:3:D10,F03,K03,D10,3,VALIDATION,20,115795
campaign3_gate2_v1:F03:K03:3:D11,F03,K03,D11,3,VALIDATION,14,115861
campaign3_gate2_v1:F03:K03:3:DbetaU,F03,K03,DbetaU,3,VALIDATION,24,115907
campaign3_gate2_v1:F03:K03:4:D00,F03,K03,D00,4,DEVELOPMENT_TEST,15,115934
campaign3_gate2_v1:F03:K03:4:D01,F03,K03,D01,4,DEVELOPMENT_TEST,11,116002
campaign3_gate2_v1:F03:K03:4:D10,F03,K03,D10,4,DEVELOPMENT_TEST,32,115987
campaign3_gate2_v1:F03:K03:4:D11,F03,K03,D11,4,DEVELOPMENT_TEST,27,116054
campaign3_gate2_v1:F03:K03:4:DbetaU,F03,K03,DbetaU,4,DEVELOPMENT_TEST,7,116070
campaign3_gate2_v1:F03:K05:0:D00,F03,K05,D00,0,TRAIN,29,116128
campaign3_gate2_v1:F03:K05:0:D01,F03,K05,D01,0,TRAIN,7,116178
campaign3_gate2_v1:F03:K05:0:D10,F03,K05,D10,0,TRAIN,7,116142
campaign3_gate2_v1:F03:K05:0:D11,F03,K05,D11,0,TRAIN,30,116237
campaign3_gate2_v1:F03:K05:0:DbetaU,F03,K05,DbetaU,0,TRAIN,30,116273
campaign3_gate2_v1:F03:K05:1:D00,F03,K05,D00,1,TRAIN,30,116309
campaign3_gate2_v1:F03:K05:1:D01,F03,K05,D01,1,TRAIN,2,116353
campaign3_gate2_v1:F03:K05:1:D10,F03,K05,D10,1,TRAIN,19,116334
campaign3_gate2_v1:F03:K05:1:D11,F03,K05,D11,1,TRAIN,13,116400
campaign3_gate2_v1:F03:K05:1:DbetaU,F03,K05,DbetaU,1,TRAIN,8,116431
campaign3_gate2_v1:F03:K05:2:D00,F03,K05,D00,2,TRAIN,22,116481
campaign3_gate2_v1:F03:K05:2:D01,F03,K05,D01,2,TRAIN,12,116543
campaign3_gate2_v1:F03:K05:2:D10,F03,K05,D10,2,TRAIN,29,116524
campaign3_gate2_v1:F03:K05:2:D11,F03,K05,D11,2,TRAIN,1,116568
campaign3_gate2_v1:F03:K05:2:DbetaU,F03,K05,DbetaU,2,TRAIN,9,116612
campaign3_gate2_v1:F03:K05:3:D00,F03,K05,D00,3,VALIDATION,27,116666
campaign3_gate2_v1:F03:K05:3:D01,F03,K05,D01,3,VALIDATION,20,116731
campaign3_gate2_v1:F03:K05:3:D10,F03,K05,D10,3,VALIDATION,25,116700
campaign3_gate2_v1:F03:K05:3:D11,F03,K05,D11,3,VALIDATION,2,116749
campaign3_gate2_v1:F03:K05:3:DbetaU,F03,K05,DbetaU,3,VALIDATION,36,116819
campaign3_gate2_v1:F03:K05:4:D00,F03,K05,D00,4,DEVELOPMENT_TEST,33,116852
campaign3_gate2_v1:F03:K05:4:D01,F03,K05,D01,4,DEVELOPMENT_TEST,17,116908
campaign3_gate2_v1:F03:K05:4:D10,F03,K05,D10,4,DEVELOPMENT_TEST,21,116876
campaign3_gate2_v1:F03:K05:4:D11,F03,K05,D11,4,DEVELOPMENT_TEST,4,116931
campaign3_gate2_v1:F03:K05:4:DbetaU,F03,K05,DbetaU,4,DEVELOPMENT_TEST,34,116997
campaign3_gate2_v1:F03:K06:0:D00,F03,K06,D00,0,TRAIN,20,117019
campaign3_gate2_v1:F03:K06:0:D01,F03,K06,D01,0,TRAIN,32,117103
campaign3_gate2_v1:F03:K06:0:D10,F03,K06,D10,0,TRAIN,5,117040
campaign3_gate2_v1:F03:K06:0:D11,F03,K06,D11,0,TRAIN,12,117119
campaign3_gate2_v1:F03:K06:0:DbetaU,F03,K06,DbetaU,0,TRAIN,26,117169
campaign3_gate2_v1:F03:K06:1:D00,F03,K06,D00,1,TRAIN,8,117187
campaign3_gate2_v1:F03:K06:1:D01,F03,K06,D01,1,TRAIN,31,117282
campaign3_gate2_v1:F03:K06:1:D10,F03,K06,D10,1,TRAIN,8,117223
campaign3_gate2_v1:F03:K06:1:D11,F03,K06,D11,1,TRAIN,18,117305
campaign3_gate2_v1:F03:K06:1:DbetaU,F03,K06,DbetaU,1,TRAIN,19,117342
campaign3_gate2_v1:F03:K06:2:D00,F03,K06,D00,2,TRAIN,28,117387
campaign3_gate2_v1:F03:K06:2:D01,F03,K06,D01,2,TRAIN,7,117438
campaign3_gate2_v1:F03:K06:2:D10,F03,K06,D10,2,TRAIN,4,117399
campaign3_gate2_v1:F03:K06:2:D11,F03,K06,D11,2,TRAIN,34,117501
campaign3_gate2_v1:F03:K06:2:DbetaU,F03,K06,DbetaU,2,TRAIN,28,117531
campaign3_gate2_v1:F03:K06:3:D00,F03,K06,D00,3,VALIDATION,21,117560
campaign3_gate2_v1:F03:K06:3:D01,F03,K06,D01,3,VALIDATION,36,117647
campaign3_gate2_v1:F03:K06:3:D10,F03,K06,D10,3,VALIDATION,30,117605
campaign3_gate2_v1:F03:K06:3:D11,F03,K06,D11,3,VALIDATION,6,117653
campaign3_gate2_v1:F03:K06:3:DbetaU,F03,K06,DbetaU,3,VALIDATION,21,117704
campaign3_gate2_v1:F03:K06:4:D00,F03,K06,D00,4,DEVELOPMENT_TEST,4,117723
campaign3_gate2_v1:F03:K06:4:D01,F03,K06,D01,4,DEVELOPMENT_TEST,24,117815
campaign3_gate2_v1:F03:K06:4:D10,F03,K06,D10,4,DEVELOPMENT_TEST,8,117763
campaign3_gate2_v1:F03:K06:4:D11,F03,K06,D11,4,DEVELOPMENT_TEST,7,117834
campaign3_gate2_v1:F03:K06:4:DbetaU,F03,K06,DbetaU,4,DEVELOPMENT_TEST,30,117893
campaign3_gate2_v1:F03:K07:0:D00,F03,K07,D00,0,TRAIN,20,117919
campaign3_gate2_v1:F03:K07:0:D01,F03,K07,D01,0,TRAIN,1,117972
campaign3_gate2_v1:F03:K07:0:D10,F03,K07,D10,0,TRAIN,27,117962
campaign3_gate2_v1:F03:K07:0:D11,F03,K07,D11,0,TRAIN,10,118017
campaign3_gate2_v1:F03:K07:0:DbetaU,F03,K07,DbetaU,0,TRAIN,8,118051
campaign3_gate2_v1:F03:K07:1:D00,F03,K07,D00,1,TRAIN,2,118081
campaign3_gate2_v1:F03:K07:1:D01,F03,K07,D01,1,TRAIN,9,118160
campaign3_gate2_v1:F03:K07:1:D10,F03,K07,D10,1,TRAIN,8,118123
campaign3_gate2_v1:F03:K07:1:D11,F03,K07,D11,1,TRAIN,12,118199
campaign3_gate2_v1:F03:K07:1:DbetaU,F03,K07,DbetaU,1,TRAIN,18,118241
campaign3_gate2_v1:F03:K07:2:D00,F03,K07,D00,2,TRAIN,24,118283
campaign3_gate2_v1:F03:K07:2:D01,F03,K07,D01,2,TRAIN,18,118349
campaign3_gate2_v1:F03:K07:2:D10,F03,K07,D10,2,TRAIN,4,118299
campaign3_gate2_v1:F03:K07:2:D11,F03,K07,D11,2,TRAIN,27,118394
campaign3_gate2_v1:F03:K07:2:DbetaU,F03,K07,DbetaU,2,TRAIN,2,118405
campaign3_gate2_v1:F03:K07:3:D00,F03,K07,D00,3,VALIDATION,2,118441
campaign3_gate2_v1:F03:K07:3:D01,F03,K07,D01,3,VALIDATION,6,118517
campaign3_gate2_v1:F03:K07:3:D10,F03,K07,D10,3,VALIDATION,23,118498
campaign3_gate2_v1:F03:K07:3:D11,F03,K07,D11,3,VALIDATION,8,118555
campaign3_gate2_v1:F03:K07:3:DbetaU,F03,K07,DbetaU,3,VALIDATION,24,118607
campaign3_gate2_v1:F03:K07:4:D00,F03,K07,D00,4,DEVELOPMENT_TEST,9,118628
campaign3_gate2_v1:F03:K07:4:D01,F03,K07,D01,4,DEVELOPMENT_TEST,5,118696
campaign3_gate2_v1:F03:K07:4:D10,F03,K07,D10,4,DEVELOPMENT_TEST,32,118687
campaign3_gate2_v1:F03:K07:4:D11,F03,K07,D11,4,DEVELOPMENT_TEST,31,118758
campaign3_gate2_v1:F03:K07:4:DbetaU,F03,K07,DbetaU,4,DEVELOPMENT_TEST,6,118769
campaign3_gate2_v1:F03:K10:0:D00,F03,K10,D00,0,TRAIN,26,118825
campaign3_gate2_v1:F03:K10:0:D01,F03,K10,D01,0,TRAIN,11,118882
campaign3_gate2_v1:F03:K10:0:D10,F03,K10,D10,0,TRAIN,1,118836
campaign3_gate2_v1:F03:K10:0:D11,F03,K10,D11,0,TRAIN,14,118921
campaign3_gate2_v1:F03:K10:0:DbetaU,F03,K10,DbetaU,0,TRAIN,22,118965
campaign3_gate2_v1:F03:K10:1:D00,F03,K10,D00,1,TRAIN,36,119015
campaign3_gate2_v1:F03:K10:1:D01,F03,K10,D01,1,TRAIN,14,119065
campaign3_gate2_v1:F03:K10:1:D10,F03,K10,D10,1,TRAIN,36,119051
campaign3_gate2_v1:F03:K10:1:D11,F03,K10,D11,1,TRAIN,5,119092
campaign3_gate2_v1:F03:K10:1:DbetaU,F03,K10,DbetaU,1,TRAIN,24,119147
campaign3_gate2_v1:F03:K10:2:D00,F03,K10,D00,2,TRAIN,4,119163
campaign3_gate2_v1:F03:K10:2:D01,F03,K10,D01,2,TRAIN,10,119241
campaign3_gate2_v1:F03:K10:2:D10,F03,K10,D10,2,TRAIN,1,119196
campaign3_gate2_v1:F03:K10:2:D11,F03,K10,D11,2,TRAIN,21,119288
campaign3_gate2_v1:F03:K10:2:DbetaU,F03,K10,DbetaU,2,TRAIN,4,119307
campaign3_gate2_v1:F03:K10:3:D00,F03,K10,D00,3,VALIDATION,13,119352
campaign3_gate2_v1:F03:K10:3:D01,F03,K10,D01,3,VALIDATION,30,119441
campaign3_gate2_v1:F03:K10:3:D10,F03,K10,D10,3,VALIDATION,20,119395
campaign3_gate2_v1:F03:K10:3:D11,F03,K10,D11,3,VALIDATION,24,119471
campaign3_gate2_v1:F03:K10:3:DbetaU,F03,K10,DbetaU,3,VALIDATION,17,119500
campaign3_gate2_v1:F03:K10:4:D00,F03,K10,D00,4,DEVELOPMENT_TEST,14,119533
campaign3_gate2_v1:F03:K10:4:D01,F03,K10,D01,4,DEVELOPMENT_TEST,19,119610
campaign3_gate2_v1:F03:K10:4:D10,F03,K10,D10,4,DEVELOPMENT_TEST,36,119591
campaign3_gate2_v1:F03:K10:4:D11,F03,K10,D11,4,DEVELOPMENT_TEST,32,119659
campaign3_gate2_v1:F03:K10:4:DbetaU,F03,K10,DbetaU,4,DEVELOPMENT_TEST,19,119682
campaign3_gate2_v1:F03:K11:0:D00,F03,K11,D00,0,TRAIN,23,119722
campaign3_gate2_v1:F03:K11:0:D01,F03,K11,D01,0,TRAIN,27,119798
campaign3_gate2_v1:F03:K11:0:D10,F03,K11,D10,0,TRAIN,27,119762
campaign3_gate2_v1:F03:K11:0:D11,F03,K11,D11,0,TRAIN,3,119810
campaign3_gate2_v1:F03:K11:0:DbetaU,F03,K11,DbetaU,0,TRAIN,4,119847
campaign3_gate2_v1:F03:K11:1:D00,F03,K11,D00,1,TRAIN,23,119902
campaign3_gate2_v1:F03:K11:1:D01,F03,K11,D01,1,TRAIN,21,119972
campaign3_gate2_v1:F03:K11:1:D10,F03,K11,D10,1,TRAIN,31,119946
campaign3_gate2_v1:F03:K11:1:D11,F03,K11,D11,1,TRAIN,36,120023
campaign3_gate2_v1:F03:K11:1:DbetaU,F03,K11,DbetaU,1,TRAIN,17,120040
campaign3_gate2_v1:F03:K11:2:D00,F03,K11,D00,2,TRAIN,24,120083
campaign3_gate2_v1:F03:K11:2:D01,F03,K11,D01,2,TRAIN,9,120140
campaign3_gate2_v1:F03:K11:2:D10,F03,K11,D10,2,TRAIN,36,120131
campaign3_gate2_v1:F03:K11:2:D11,F03,K11,D11,2,TRAIN,35,120202
campaign3_gate2_v1:F03:K11:2:DbetaU,F03,K11,DbetaU,2,TRAIN,32,120235
campaign3_gate2_v1:F03:K11:3:D00,F03,K11,D00,3,VALIDATION,23,120262
campaign3_gate2_v1:F03:K11:3:D01,F03,K11,D01,3,VALIDATION,29,120340
campaign3_gate2_v1:F03:K11:3:D10,F03,K11,D10,3,VALIDATION,25,120300
campaign3_gate2_v1:F03:K11:3:D11,F03,K11,D11,3,VALIDATION,33,120380
campaign3_gate2_v1:F03:K11:3:DbetaU,F03,K11,DbetaU,3,VALIDATION,34,120417
campaign3_gate2_v1:F03:K11:4:D00,F03,K11,D00,4,DEVELOPMENT_TEST,27,120446
campaign3_gate2_v1:F03:K11:4:D01,F03,K11,D01,4,DEVELOPMENT_TEST,1,120492
campaign3_gate2_v1:F03:K11:4:D10,F03,K11,D10,4,DEVELOPMENT_TEST,33,120488
campaign3_gate2_v1:F03:K11:4:D11,F03,K11,D11,4,DEVELOPMENT_TEST,29,120556
campaign3_gate2_v1:F03:K11:4:DbetaU,F03,K11,DbetaU,4,DEVELOPMENT_TEST,1,120564
campaign3_gate2_v1:F03:K13:0:D00,F03,K13,D00,0,TRAIN,28,120627
campaign3_gate2_v1:F03:K13:0:D01,F03,K13,D01,0,TRAIN,4,120675
campaign3_gate2_v1:F03:K13:0:D10,F03,K13,D10,0,TRAIN,9,120644
campaign3_gate2_v1:F03:K13:0:D11,F03,K13,D11,0,TRAIN,1,120708
campaign3_gate2_v1:F03:K13:0:DbetaU,F03,K13,DbetaU,0,TRAIN,4,120747
campaign3_gate2_v1:F03:K13:1:D00,F03,K13,D00,1,TRAIN,2,120781
campaign3_gate2_v1:F03:K13:1:D01,F03,K13,D01,1,TRAIN,26,120877
campaign3_gate2_v1:F03:K13:1:D10,F03,K13,D10,1,TRAIN,31,120846
campaign3_gate2_v1:F03:K13:1:D11,F03,K13,D11,1,TRAIN,6,120893
campaign3_gate2_v1:F03:K13:1:DbetaU,F03,K13,DbetaU,1,TRAIN,19,120942
campaign3_gate2_v1:F03:K13:2:D00,F03,K13,D00,2,TRAIN,1,120960
campaign3_gate2_v1:F03:K13:2:D01,F03,K13,D01,2,TRAIN,12,121043
campaign3_gate2_v1:F03:K13:2:D10,F03,K13,D10,2,TRAIN,18,121013
campaign3_gate2_v1:F03:K13:2:D11,F03,K13,D11,2,TRAIN,2,121069
campaign3_gate2_v1:F03:K13:2:DbetaU,F03,K13,DbetaU,2,TRAIN,15,121118
campaign3_gate2_v1:F03:K13:3:D00,F03,K13,D00,3,VALIDATION,23,121162
campaign3_gate2_v1:F03:K13:3:D01,F03,K13,D01,3,VALIDATION,29,121240
campaign3_gate2_v1:F03:K13:3:D10,F03,K13,D10,3,VALIDATION,28,121203
campaign3_gate2_v1:F03:K13:3:D11,F03,K13,D11,3,VALIDATION,24,121271
campaign3_gate2_v1:F03:K13:3:DbetaU,F03,K13,DbetaU,3,VALIDATION,18,121301
campaign3_gate2_v1:F03:K13:4:D00,F03,K13,D00,4,DEVELOPMENT_TEST,10,121329
campaign3_gate2_v1:F03:K13:4:D01,F03,K13,D01,4,DEVELOPMENT_TEST,25,121416
campaign3_gate2_v1:F03:K13:4:D10,F03,K13,D10,4,DEVELOPMENT_TEST,3,121358
campaign3_gate2_v1:F03:K13:4:D11,F03,K13,D11,4,DEVELOPMENT_TEST,31,121458
campaign3_gate2_v1:F03:K13:4:DbetaU,F03,K13,DbetaU,4,DEVELOPMENT_TEST,35,121498
campaign3_gate2_v1:F03:K15:0:D00,F03,K15,D00,0,TRAIN,28,121527
campaign3_gate2_v1:F03:K15:0:D01,F03,K15,D01,0,TRAIN,25,121596
campaign3_gate2_v1:F03:K15:0:D10,F03,K15,D10,0,TRAIN,36,121571
campaign3_gate2_v1:F03:K15:0:D11,F03,K15,D11,0,TRAIN,23,121630
campaign3_gate2_v1:F03:K15:0:DbetaU,F03,K15,DbetaU,0,TRAIN,14,121657
campaign3_gate2_v1:F03:K15:1:D00,F03,K15,D00,1,TRAIN,3,121682
campaign3_gate2_v1:F03:K15:1:D01,F03,K15,D01,1,TRAIN,33,121784
campaign3_gate2_v1:F03:K15:1:D10,F03,K15,D10,1,TRAIN,5,121720
campaign3_gate2_v1:F03:K15:1:D11,F03,K15,D11,1,TRAIN,8,121795
campaign3_gate2_v1:F03:K15:1:DbetaU,F03,K15,DbetaU,1,TRAIN,2,121825
campaign3_gate2_v1:F03:K15:2:D00,F03,K15,D00,2,TRAIN,21,121880
campaign3_gate2_v1:F03:K15:2:D01,F03,K15,D01,2,TRAIN,7,121938
campaign3_gate2_v1:F03:K15:2:D10,F03,K15,D10,2,TRAIN,21,121916
campaign3_gate2_v1:F03:K15:2:D11,F03,K15,D11,2,TRAIN,4,121971
campaign3_gate2_v1:F03:K15:2:DbetaU,F03,K15,DbetaU,2,TRAIN,6,122009
campaign3_gate2_v1:F03:K15:3:D00,F03,K15,D00,3,VALIDATION,27,122066
campaign3_gate2_v1:F03:K15:3:D01,F03,K15,D01,3,VALIDATION,12,122123
campaign3_gate2_v1:F03:K15:3:D10,F03,K15,D10,3,VALIDATION,31,122106
campaign3_gate2_v1:F03:K15:3:D11,F03,K15,D11,3,VALIDATION,23,122170
campaign3_gate2_v1:F03:K15:3:DbetaU,F03,K15,DbetaU,3,VALIDATION,2,122185
campaign3_gate2_v1:F03:K15:4:D00,F03,K15,D00,4,DEVELOPMENT_TEST,12,122231
campaign3_gate2_v1:F03:K15:4:D01,F03,K15,D01,4,DEVELOPMENT_TEST,36,122327
campaign3_gate2_v1:F03:K15:4:D10,F03,K15,D10,4,DEVELOPMENT_TEST,20,122275
campaign3_gate2_v1:F03:K15:4:D11,F03,K15,D11,4,DEVELOPMENT_TEST,26,122353
campaign3_gate2_v1:F03:K15:4:DbetaU,F03,K15,DbetaU,4,DEVELOPMENT_TEST,17,122380
campaign3_gate2_v1:F03:K16:0:D00,F03,K16,D00,0,TRAIN,32,122431
campaign3_gate2_v1:F03:K16:0:D01,F03,K16,D01,0,TRAIN,31,122502
campaign3_gate2_v1:F03:K16:0:D10,F03,K16,D10,0,TRAIN,17,122452
campaign3_gate2_v1:F03:K16:0:D11,F03,K16,D11,0,TRAIN,6,122513
campaign3_gate2_v1:F03:K16:0:DbetaU,F03,K16,DbetaU,0,TRAIN,3,122546
campaign3_gate2_v1:F03:K16:1:D00,F03,K16,D00,1,TRAIN,30,122609
campaign3_gate2_v1:F03:K16:1:D01,F03,K16,D01,1,TRAIN,18,122669
campaign3_gate2_v1:F03:K16:1:D10,F03,K16,D10,1,TRAIN,27,122642
campaign3_gate2_v1:F03:K16:1:D11,F03,K16,D11,1,TRAIN,6,122693
campaign3_gate2_v1:F03:K16:1:DbetaU,F03,K16,DbetaU,1,TRAIN,25,122748
campaign3_gate2_v1:F03:K16:2:D00,F03,K16,D00,2,TRAIN,22,122781
campaign3_gate2_v1:F03:K16:2:D01,F03,K16,D01,2,TRAIN,15,122846
campaign3_gate2_v1:F03:K16:2:D10,F03,K16,D10,2,TRAIN,13,122808
campaign3_gate2_v1:F03:K16:2:D11,F03,K16,D11,2,TRAIN,29,122896
campaign3_gate2_v1:F03:K16:2:DbetaU,F03,K16,DbetaU,2,TRAIN,5,122908
campaign3_gate2_v1:F03:K16:3:D00,F03,K16,D00,3,VALIDATION,17,122956
campaign3_gate2_v1:F03:K16:3:D01,F03,K16,D01,3,VALIDATION,28,123039
campaign3_gate2_v1:F03:K16:3:D10,F03,K16,D10,3,VALIDATION,32,123007
campaign3_gate2_v1:F03:K16:3:D11,F03,K16,D11,3,VALIDATION,22,123069
campaign3_gate2_v1:F03:K16:3:DbetaU,F03,K16,DbetaU,3,VALIDATION,1,123084
campaign3_gate2_v1:F03:K16:4:D00,F03,K16,D00,4,DEVELOPMENT_TEST,30,123149
campaign3_gate2_v1:F03:K16:4:D01,F03,K16,D01,4,DEVELOPMENT_TEST,20,123211
campaign3_gate2_v1:F03:K16:4:D10,F03,K16,D10,4,DEVELOPMENT_TEST,18,123173
campaign3_gate2_v1:F03:K16:4:D11,F03,K16,D11,4,DEVELOPMENT_TEST,12,123239
campaign3_gate2_v1:F03:K16:4:DbetaU,F03,K16,DbetaU,4,DEVELOPMENT_TEST,2,123265
campaign3_gate2_v1:F03:K17:0:D00,F03,K17,D00,0,TRAIN,18,123317
campaign3_gate2_v1:F03:K17:0:D01,F03,K17,D01,0,TRAIN,13,123384
campaign3_gate2_v1:F03:K17:0:D10,F03,K17,D10,0,TRAIN,24,123359
campaign3_gate2_v1:F03:K17:0:D11,F03,K17,D11,0,TRAIN,17,123424
campaign3_gate2_v1:F03:K17:0:DbetaU,F03,K17,DbetaU,0,TRAIN,10,123453
campaign3_gate2_v1:F03:K17:1:D00,F03,K17,D00,1,TRAIN,9,123488
campaign3_gate2_v1:F03:K17:1:D01,F03,K17,D01,1,TRAIN,22,123573
campaign3_gate2_v1:F03:K17:1:D10,F03,K17,D10,1,TRAIN,35,123550
campaign3_gate2_v1:F03:K17:1:D11,F03,K17,D11,1,TRAIN,12,123599
campaign3_gate2_v1:F03:K17:1:DbetaU,F03,K17,DbetaU,1,TRAIN,3,123626
campaign3_gate2_v1:F03:K17:2:D00,F03,K17,D00,2,TRAIN,25,123684
campaign3_gate2_v1:F03:K17:2:D01,F03,K17,D01,2,TRAIN,11,123742
campaign3_gate2_v1:F03:K17:2:D10,F03,K17,D10,2,TRAIN,25,123720
campaign3_gate2_v1:F03:K17:2:D11,F03,K17,D11,2,TRAIN,14,123781
campaign3_gate2_v1:F03:K17:2:DbetaU,F03,K17,DbetaU,2,TRAIN,18,123821
campaign3_gate2_v1:F03:K17:3:D00,F03,K17,D00,3,VALIDATION,14,123853
campaign3_gate2_v1:F03:K17:3:D01,F03,K17,D01,3,VALIDATION,29,123940
campaign3_gate2_v1:F03:K17:3:D10,F03,K17,D10,3,VALIDATION,28,123903
campaign3_gate2_v1:F03:K17:3:D11,F03,K17,D11,3,VALIDATION,7,123954
campaign3_gate2_v1:F03:K17:3:DbetaU,F03,K17,DbetaU,3,VALIDATION,5,123988
campaign3_gate2_v1:F03:K17:4:D00,F03,K17,D00,4,DEVELOPMENT_TEST,4,124023
campaign3_gate2_v1:F03:K17:4:D01,F03,K17,D01,4,DEVELOPMENT_TEST,30,124121
campaign3_gate2_v1:F03:K17:4:D10,F03,K17,D10,4,DEVELOPMENT_TEST,2,124057
campaign3_gate2_v1:F03:K17:4:D11,F03,K17,D11,4,DEVELOPMENT_TEST,11,124138
campaign3_gate2_v1:F03:K17:4:DbetaU,F03,K17,DbetaU,4,DEVELOPMENT_TEST,16,124179
campaign3_gate2_v1:F03:K20:0:D00,F03,K20,D00,0,TRAIN,14,124213
campaign3_gate2_v1:F03:K20:0:D01,F03,K20,D01,0,TRAIN,22,124293
campaign3_gate2_v1:F03:K20:0:D10,F03,K20,D10,0,TRAIN,18,124253
campaign3_gate2_v1:F03:K20:0:D11,F03,K20,D11,0,TRAIN,12,124319
campaign3_gate2_v1:F03:K20:0:DbetaU,F03,K20,DbetaU,0,TRAIN,29,124372
campaign3_gate2_v1:F03:K20:1:D00,F03,K20,D00,1,TRAIN,3,124382
campaign3_gate2_v1:F03:K20:1:D01,F03,K20,D01,1,TRAIN,24,124475
campaign3_gate2_v1:F03:K20:1:D10,F03,K20,D10,1,TRAIN,23,124438
campaign3_gate2_v1:F03:K20:1:D11,F03,K20,D11,1,TRAIN,5,124492
campaign3_gate2_v1:F03:K20:1:DbetaU,F03,K20,DbetaU,1,TRAIN,25,124548
campaign3_gate2_v1:F03:K20:2:D00,F03,K20,D00,2,TRAIN,16,124575
campaign3_gate2_v1:F03:K20:2:D01,F03,K20,D01,2,TRAIN,10,124641
campaign3_gate2_v1:F03:K20:2:D10,F03,K20,D10,2,TRAIN,26,124621
campaign3_gate2_v1:F03:K20:2:D11,F03,K20,D11,2,TRAIN,13,124680
campaign3_gate2_v1:F03:K20:2:DbetaU,F03,K20,DbetaU,2,TRAIN,29,124732
campaign3_gate2_v1:F03:K20:3:D00,F03,K20,D00,3,VALIDATION,4,124743
campaign3_gate2_v1:F03:K20:3:D01,F03,K20,D01,3,VALIDATION,19,124830
campaign3_gate2_v1:F03:K20:3:D10,F03,K20,D10,3,VALIDATION,30,124805
campaign3_gate2_v1:F03:K20:3:D11,F03,K20,D11,3,VALIDATION,1,124848
campaign3_gate2_v1:F03:K20:3:DbetaU,F03,K20,DbetaU,3,VALIDATION,10,124893
campaign3_gate2_v1:F03:K20:4:D00,F03,K20,D00,4,DEVELOPMENT_TEST,35,124954
campaign3_gate2_v1:F03:K20:4:D01,F03,K20,D01,4,DEVELOPMENT_TEST,24,125015
campaign3_gate2_v1:F03:K20:4:D10,F03,K20,D10,4,DEVELOPMENT_TEST,16,124971
campaign3_gate2_v1:F03:K20:4:D11,F03,K20,D11,4,DEVELOPMENT_TEST,7,125034
campaign3_gate2_v1:F03:K20:4:DbetaU,F03,K20,DbetaU,4,DEVELOPMENT_TEST,18,125081
campaign3_gate2_v1:F03:K21:0:D00,F03,K21,D00,0,TRAIN,30,125129
campaign3_gate2_v1:F03:K21:0:D01,F03,K21,D01,0,TRAIN,36,125207
campaign3_gate2_v1:F03:K21:0:D10,F03,K21,D10,0,TRAIN,19,125154
campaign3_gate2_v1:F03:K21:0:D11,F03,K21,D11,0,TRAIN,14,125221
campaign3_gate2_v1:F03:K21:0:DbetaU,F03,K21,DbetaU,0,TRAIN,36,125279
campaign3_gate2_v1:F03:K21:1:D00,F03,K21,D00,1,TRAIN,28,125307
campaign3_gate2_v1:F03:K21:1:D01,F03,K21,D01,1,TRAIN,33,125384
campaign3_gate2_v1:F03:K21:1:D10,F03,K21,D10,1,TRAIN,32,125347
campaign3_gate2_v1:F03:K21:1:D11,F03,K21,D11,1,TRAIN,4,125391
campaign3_gate2_v1:F03:K21:1:DbetaU,F03,K21,DbetaU,1,TRAIN,15,125438
campaign3_gate2_v1:F03:K21:2:D00,F03,K21,D00,2,TRAIN,26,125485
campaign3_gate2_v1:F03:K21:2:D01,F03,K21,D01,2,TRAIN,17,125548
campaign3_gate2_v1:F03:K21:2:D10,F03,K21,D10,2,TRAIN,15,125510
campaign3_gate2_v1:F03:K21:2:D11,F03,K21,D11,2,TRAIN,17,125584
campaign3_gate2_v1:F03:K21:2:DbetaU,F03,K21,DbetaU,2,TRAIN,18,125621
campaign3_gate2_v1:F03:K21:3:D00,F03,K21,D00,3,VALIDATION,7,125646
campaign3_gate2_v1:F03:K21:3:D01,F03,K21,D01,3,VALIDATION,19,125730
campaign3_gate2_v1:F03:K21:3:D10,F03,K21,D10,3,VALIDATION,7,125682
campaign3_gate2_v1:F03:K21:3:D11,F03,K21,D11,3,VALIDATION,34,125781
campaign3_gate2_v1:F03:K21:3:DbetaU,F03,K21,DbetaU,3,VALIDATION,8,125791
campaign3_gate2_v1:F03:K21:4:D00,F03,K21,D00,4,DEVELOPMENT_TEST,11,125830
campaign3_gate2_v1:F03:K21:4:D01,F03,K21,D01,4,DEVELOPMENT_TEST,33,125924
campaign3_gate2_v1:F03:K21:4:D10,F03,K21,D10,4,DEVELOPMENT_TEST,30,125885
campaign3_gate2_v1:F03:K21:4:D11,F03,K21,D11,4,DEVELOPMENT_TEST,2,125929
campaign3_gate2_v1:F03:K21:4:DbetaU,F03,K21,DbetaU,4,DEVELOPMENT_TEST,14,125977
campaign3_gate2_v1:F03:K23:0:D00,F03,K23,D00,0,TRAIN,31,126030
campaign3_gate2_v1:F03:K23:0:D01,F03,K23,D01,0,TRAIN,26,126097
campaign3_gate2_v1:F03:K23:0:D10,F03,K23,D10,0,TRAIN,14,126049
campaign3_gate2_v1:F03:K23:0:D11,F03,K23,D11,0,TRAIN,7,126114
campaign3_gate2_v1:F03:K23:0:DbetaU,F03,K23,DbetaU,0,TRAIN,14,126157
campaign3_gate2_v1:F03:K23:1:D00,F03,K23,D00,1,TRAIN,31,126210
campaign3_gate2_v1:F03:K23:1:D01,F03,K23,D01,1,TRAIN,26,126277
campaign3_gate2_v1:F03:K23:1:D10,F03,K23,D10,1,TRAIN,10,126225
campaign3_gate2_v1:F03:K23:1:D11,F03,K23,D11,1,TRAIN,29,126316
campaign3_gate2_v1:F03:K23:1:DbetaU,F03,K23,DbetaU,1,TRAIN,20,126343
campaign3_gate2_v1:F03:K23:2:D00,F03,K23,D00,2,TRAIN,29,126388
campaign3_gate2_v1:F03:K23:2:D01,F03,K23,D01,2,TRAIN,14,126445
campaign3_gate2_v1:F03:K23:2:D10,F03,K23,D10,2,TRAIN,5,126400
campaign3_gate2_v1:F03:K23:2:D11,F03,K23,D11,2,TRAIN,5,126472
campaign3_gate2_v1:F03:K23:2:DbetaU,F03,K23,DbetaU,2,TRAIN,35,126538
campaign3_gate2_v1:F03:K23:3:D00,F03,K23,D00,3,VALIDATION,2,126541
campaign3_gate2_v1:F03:K23:3:D01,F03,K23,D01,3,VALIDATION,1,126612
campaign3_gate2_v1:F03:K23:3:D10,F03,K23,D10,3,VALIDATION,15,126590
campaign3_gate2_v1:F03:K23:3:D11,F03,K23,D11,3,VALIDATION,31,126678
campaign3_gate2_v1:F03:K23:3:DbetaU,F03,K23,DbetaU,3,VALIDATION,18,126701
campaign3_gate2_v1:F03:K23:4:D00,F03,K23,D00,4,DEVELOPMENT_TEST,6,126725
campaign3_gate2_v1:F03:K23:4:D01,F03,K23,D01,4,DEVELOPMENT_TEST,33,126824
campaign3_gate2_v1:F03:K23:4:D10,F03,K23,D10,4,DEVELOPMENT_TEST,4,126759
campaign3_gate2_v1:F03:K23:4:D11,F03,K23,D11,4,DEVELOPMENT_TEST,30,126857
campaign3_gate2_v1:F03:K23:4:DbetaU,F03,K23,DbetaU,4,DEVELOPMENT_TEST,35,126898
campaign3_gate2_v1:F03:K25:0:D00,F03,K25,D00,0,TRAIN,27,126926
campaign3_gate2_v1:F03:K25:0:D01,F03,K25,D01,0,TRAIN,33,127004
campaign3_gate2_v1:F03:K25:0:D10,F03,K25,D10,0,TRAIN,29,126964
campaign3_gate2_v1:F03:K25:0:D11,F03,K25,D11,0,TRAIN,9,127016
campaign3_gate2_v1:F03:K25:0:DbetaU,F03,K25,DbetaU,0,TRAIN,32,127075
campaign3_gate2_v1:F03:K25:1:D00,F03,K25,D00,1,TRAIN,25,127104
campaign3_gate2_v1:F03:K25:1:D01,F03,K25,D01,1,TRAIN,20,127171
campaign3_gate2_v1:F03:K25:1:D10,F03,K25,D10,1,TRAIN,4,127119
campaign3_gate2_v1:F03:K25:1:D11,F03,K25,D11,1,TRAIN,36,127223
campaign3_gate2_v1:F03:K25:1:DbetaU,F03,K25,DbetaU,1,TRAIN,9,127232
campaign3_gate2_v1:F03:K25:2:D00,F03,K25,D00,2,TRAIN,19,127278
campaign3_gate2_v1:F03:K25:2:D01,F03,K25,D01,2,TRAIN,6,127337
campaign3_gate2_v1:F03:K25:2:D10,F03,K25,D10,2,TRAIN,14,127309
campaign3_gate2_v1:F03:K25:2:D11,F03,K25,D11,2,TRAIN,26,127393
campaign3_gate2_v1:F03:K25:2:DbetaU,F03,K25,DbetaU,2,TRAIN,19,127422
campaign3_gate2_v1:F03:K25:3:D00,F03,K25,D00,3,VALIDATION,24,127463
campaign3_gate2_v1:F03:K25:3:D01,F03,K25,D01,3,VALIDATION,13,127524
campaign3_gate2_v1:F03:K25:3:D10,F03,K25,D10,3,VALIDATION,24,127499
campaign3_gate2_v1:F03:K25:3:D11,F03,K25,D11,3,VALIDATION,20,127567
campaign3_gate2_v1:F03:K25:3:DbetaU,F03,K25,DbetaU,3,VALIDATION,14,127597
campaign3_gate2_v1:F03:K25:4:D00,F03,K25,D00,4,DEVELOPMENT_TEST,30,127649
campaign3_gate2_v1:F03:K25:4:D01,F03,K25,D01,4,DEVELOPMENT_TEST,27,127718
campaign3_gate2_v1:F03:K25:4:D10,F03,K25,D10,4,DEVELOPMENT_TEST,5,127660
campaign3_gate2_v1:F03:K25:4:D11,F03,K25,D11,4,DEVELOPMENT_TEST,11,127738
campaign3_gate2_v1:F03:K25:4:DbetaU,F03,K25,DbetaU,4,DEVELOPMENT_TEST,5,127768
campaign3_gate2_v1:F03:K26:0:D00,F03,K26,D00,0,TRAIN,12,127811
campaign3_gate2_v1:F03:K26:0:D01,F03,K26,D01,0,TRAIN,23,127894
campaign3_gate2_v1:F03:K26:0:D10,F03,K26,D10,0,TRAIN,25,127860
campaign3_gate2_v1:F03:K26:0:D11,F03,K26,D11,0,TRAIN,1,127908
campaign3_gate2_v1:F03:K26:0:DbetaU,F03,K26,DbetaU,0,TRAIN,33,127976
campaign3_gate2_v1:F03:K26:1:D00,F03,K26,D00,1,TRAIN,16,127995
campaign3_gate2_v1:F03:K26:1:D01,F03,K26,D01,1,TRAIN,34,128085
campaign3_gate2_v1:F03:K26:1:D10,F03,K26,D10,1,TRAIN,18,128033
campaign3_gate2_v1:F03:K26:1:D11,F03,K26,D11,1,TRAIN,23,128110
campaign3_gate2_v1:F03:K26:1:DbetaU,F03,K26,DbetaU,1,TRAIN,30,128153
campaign3_gate2_v1:F03:K26:2:D00,F03,K26,D00,2,TRAIN,8,128167
campaign3_gate2_v1:F03:K26:2:D01,F03,K26,D01,2,TRAIN,27,128258
campaign3_gate2_v1:F03:K26:2:D10,F03,K26,D10,2,TRAIN,20,128215
campaign3_gate2_v1:F03:K26:2:D11,F03,K26,D11,2,TRAIN,21,128288
campaign3_gate2_v1:F03:K26:2:DbetaU,F03,K26,DbetaU,2,TRAIN,11,128314
campaign3_gate2_v1:F03:K26:3:D00,F03,K26,D00,3,VALIDATION,26,128365
campaign3_gate2_v1:F03:K26:3:D01,F03,K26,D01,3,VALIDATION,26,128437
campaign3_gate2_v1:F03:K26:3:D10,F03,K26,D10,3,VALIDATION,31,128406
campaign3_gate2_v1:F03:K26:3:D11,F03,K26,D11,3,VALIDATION,36,128483
campaign3_gate2_v1:F03:K26:3:DbetaU,F03,K26,DbetaU,3,VALIDATION,6,128489
campaign3_gate2_v1:F03:K26:4:D00,F03,K26,D00,4,DEVELOPMENT_TEST,4,128523
campaign3_gate2_v1:F03:K26:4:D01,F03,K26,D01,4,DEVELOPMENT_TEST,29,128620
campaign3_gate2_v1:F03:K26:4:D10,F03,K26,D10,4,DEVELOPMENT_TEST,15,128570
campaign3_gate2_v1:F03:K26:4:D11,F03,K26,D11,4,DEVELOPMENT_TEST,2,128629
campaign3_gate2_v1:F03:K26:4:DbetaU,F03,K26,DbetaU,4,DEVELOPMENT_TEST,26,128689
campaign3_gate2_v1:F03:K27:0:D00,F03,K27,D00,0,TRAIN,24,128723
campaign3_gate2_v1:F03:K27:0:D01,F03,K27,D01,0,TRAIN,24,128795
campaign3_gate2_v1:F03:K27:0:D10,F03,K27,D10,0,TRAIN,22,128757
campaign3_gate2_v1:F03:K27:0:D11,F03,K27,D11,0,TRAIN,4,128811
campaign3_gate2_v1:F03:K27:0:DbetaU,F03,K27,DbetaU,0,TRAIN,33,128876
campaign3_gate2_v1:F03:K27:1:D00,F03,K27,D00,1,TRAIN,12,128891
campaign3_gate2_v1:F03:K27:1:D01,F03,K27,D01,1,TRAIN,16,128967
campaign3_gate2_v1:F03:K27:1:D10,F03,K27,D10,1,TRAIN,3,128918
campaign3_gate2_v1:F03:K27:1:D11,F03,K27,D11,1,TRAIN,21,129008
campaign3_gate2_v1:F03:K27:1:DbetaU,F03,K27,DbetaU,1,TRAIN,4,129027
campaign3_gate2_v1:F03:K27:2:D00,F03,K27,D00,2,TRAIN,15,129074
campaign3_gate2_v1:F03:K27:2:D01,F03,K27,D01,2,TRAIN,29,129160
campaign3_gate2_v1:F03:K27:2:D10,F03,K27,D10,2,TRAIN,35,129130
campaign3_gate2_v1:F03:K27:2:D11,F03,K27,D11,2,TRAIN,31,129198
campaign3_gate2_v1:F03:K27:2:DbetaU,F03,K27,DbetaU,2,TRAIN,17,129220
campaign3_gate2_v1:F03:K27:3:D00,F03,K27,D00,3,VALIDATION,2,129241
campaign3_gate2_v1:F03:K27:3:D01,F03,K27,D01,3,VALIDATION,19,129330
campaign3_gate2_v1:F03:K27:3:D10,F03,K27,D10,3,VALIDATION,27,129302
campaign3_gate2_v1:F03:K27:3:D11,F03,K27,D11,3,VALIDATION,3,129350
campaign3_gate2_v1:F03:K27:3:DbetaU,F03,K27,DbetaU,3,VALIDATION,4,129387
campaign3_gate2_v1:F03:K27:4:D00,F03,K27,D00,4,DEVELOPMENT_TEST,24,129443
campaign3_gate2_v1:F03:K27:4:D01,F03,K27,D01,4,DEVELOPMENT_TEST,30,129521
campaign3_gate2_v1:F03:K27:4:D10,F03,K27,D10,4,DEVELOPMENT_TEST,1,129456
campaign3_gate2_v1:F03:K27:4:D11,F03,K27,D11,4,DEVELOPMENT_TEST,18,129545
campaign3_gate2_v1:F03:K27:4:DbetaU,F03,K27,DbetaU,4,DEVELOPMENT_TEST,33,129596
campaign3_gate2_v1:F03:K31:0:D00,F03,K31,D00,0,TRAIN,1,129600
campaign3_gate2_v1:F03:K31:0:D01,F03,K31,D01,0,TRAIN,14,129685
campaign3_gate2_v1:F03:K31:0:D10,F03,K31,D10,0,TRAIN,16,129651
campaign3_gate2_v1:F03:K31:0:D11,F03,K31,D11,0,TRAIN,22,129729
campaign3_gate2_v1:F03:K31:0:DbetaU,F03,K31,DbetaU,0,TRAIN,17,129760
campaign3_gate2_v1:F03:K31:1:D00,F03,K31,D00,1,TRAIN,10,129789
campaign3_gate2_v1:F03:K31:1:D01,F03,K31,D01,1,TRAIN,4,129855
campaign3_gate2_v1:F03:K31:1:D10,F03,K31,D10,1,TRAIN,3,129818
campaign3_gate2_v1:F03:K31:1:D11,F03,K31,D11,1,TRAIN,19,129906
campaign3_gate2_v1:F03:K31:1:DbetaU,F03,K31,DbetaU,1,TRAIN,20,129943
campaign3_gate2_v1:F03:K31:2:D00,F03,K31,D00,2,TRAIN,26,129985
campaign3_gate2_v1:F03:K31:2:D01,F03,K31,D01,2,TRAIN,9,130040
campaign3_gate2_v1:F03:K31:2:D10,F03,K31,D10,2,TRAIN,8,130003
campaign3_gate2_v1:F03:K31:2:D11,F03,K31,D11,2,TRAIN,23,130090
campaign3_gate2_v1:F03:K31:2:DbetaU,F03,K31,DbetaU,2,TRAIN,24,130127
campaign3_gate2_v1:F03:K31:3:D00,F03,K31,D00,3,VALIDATION,17,130156
campaign3_gate2_v1:F03:K31:3:D01,F03,K31,D01,3,VALIDATION,4,130215
campaign3_gate2_v1:F03:K31:3:D10,F03,K31,D10,3,VALIDATION,17,130192
campaign3_gate2_v1:F03:K31:3:D11,F03,K31,D11,3,VALIDATION,30,130277
campaign3_gate2_v1:F03:K31:3:DbetaU,F03,K31,DbetaU,3,VALIDATION,34,130317
campaign3_gate2_v1:F03:K31:4:D00,F03,K31,D00,4,DEVELOPMENT_TEST,15,130334
campaign3_gate2_v1:F03:K31:4:D01,F03,K31,D01,4,DEVELOPMENT_TEST,34,130425
campaign3_gate2_v1:F03:K31:4:D10,F03,K31,D10,4,DEVELOPMENT_TEST,14,130369
campaign3_gate2_v1:F03:K31:4:D11,F03,K31,D11,4,DEVELOPMENT_TEST,21,130448
campaign3_gate2_v1:F03:K31:4:DbetaU,F03,K31,DbetaU,4,DEVELOPMENT_TEST,16,130479
campaign3_gate2_v1:F03:K32:0:D00,F03,K32,D00,0,TRAIN,35,130534
campaign3_gate2_v1:F03:K32:0:D01,F03,K32,D01,0,TRAIN,21,130592
campaign3_gate2_v1:F03:K32:0:D10,F03,K32,D10,0,TRAIN,25,130560
campaign3_gate2_v1:F03:K32:0:D11,F03,K32,D11,0,TRAIN,22,130629
campaign3_gate2_v1:F03:K32:0:DbetaU,F03,K32,DbetaU,0,TRAIN,21,130664
campaign3_gate2_v1:F03:K32:1:D00,F03,K32,D00,1,TRAIN,15,130694
campaign3_gate2_v1:F03:K32:1:D01,F03,K32,D01,1,TRAIN,25,130776
campaign3_gate2_v1:F03:K32:1:D10,F03,K32,D10,1,TRAIN,14,130729
campaign3_gate2_v1:F03:K32:1:D11,F03,K32,D11,1,TRAIN,14,130801
campaign3_gate2_v1:F03:K32:1:DbetaU,F03,K32,DbetaU,1,TRAIN,27,130850
campaign3_gate2_v1:F03:K32:2:D00,F03,K32,D00,2,TRAIN,34,130893
campaign3_gate2_v1:F03:K32:2:D01,F03,K32,D01,2,TRAIN,31,130962
campaign3_gate2_v1:F03:K32:2:D10,F03,K32,D10,2,TRAIN,10,130905
campaign3_gate2_v1:F03:K32:2:D11,F03,K32,D11,2,TRAIN,7,130974
campaign3_gate2_v1:F03:K32:2:DbetaU,F03,K32,DbetaU,2,TRAIN,10,131013
campaign3_gate2_v1:F03:K32:3:D00,F03,K32,D00,3,VALIDATION,18,131057
campaign3_gate2_v1:F03:K32:3:D01,F03,K32,D01,3,VALIDATION,8,131119
campaign3_gate2_v1:F03:K32:3:D10,F03,K32,D10,3,VALIDATION,36,131111
campaign3_gate2_v1:F03:K32:3:D11,F03,K32,D11,3,VALIDATION,16,131163
campaign3_gate2_v1:F03:K32:3:DbetaU,F03,K32,DbetaU,3,VALIDATION,7,131190
campaign3_gate2_v1:F03:K32:4:D00,F03,K32,D00,4,DEVELOPMENT_TEST,30,131249
campaign3_gate2_v1:F03:K32:4:D01,F03,K32,D01,4,DEVELOPMENT_TEST,31,131322
campaign3_gate2_v1:F03:K32:4:D10,F03,K32,D10,4,DEVELOPMENT_TEST,14,131269
campaign3_gate2_v1:F03:K32:4:D11,F03,K32,D11,4,DEVELOPMENT_TEST,24,131351
campaign3_gate2_v1:F03:K32:4:DbetaU,F03,K32,DbetaU,4,DEVELOPMENT_TEST,10,131373
campaign3_gate2_v1:F03:K33:0:D00,F03,K33,D00,0,TRAIN,2,131401
campaign3_gate2_v1:F03:K33:0:D01,F03,K33,D01,0,TRAIN,29,131500
campaign3_gate2_v1:F03:K33:0:D10,F03,K33,D10,0,TRAIN,35,131470
campaign3_gate2_v1:F03:K33:0:D11,F03,K33,D11,0,TRAIN,22,131529
campaign3_gate2_v1:F03:K33:0:DbetaU,F03,K33,DbetaU,0,TRAIN,10,131553
campaign3_gate2_v1:F03:K33:1:D00,F03,K33,D00,1,TRAIN,8,131587
campaign3_gate2_v1:F03:K33:1:D01,F03,K33,D01,1,TRAIN,33,131684
campaign3_gate2_v1:F03:K33:1:D10,F03,K33,D10,1,TRAIN,3,131618
campaign3_gate2_v1:F03:K33:1:D11,F03,K33,D11,1,TRAIN,22,131709
campaign3_gate2_v1:F03:K33:1:DbetaU,F03,K33,DbetaU,1,TRAIN,35,131758
campaign3_gate2_v1:F03:K33:2:D00,F03,K33,D00,2,TRAIN,2,131761
campaign3_gate2_v1:F03:K33:2:D01,F03,K33,D01,2,TRAIN,20,131851
campaign3_gate2_v1:F03:K33:2:D10,F03,K33,D10,2,TRAIN,18,131813
campaign3_gate2_v1:F03:K33:2:D11,F03,K33,D11,2,TRAIN,8,131875
campaign3_gate2_v1:F03:K33:2:DbetaU,F03,K33,DbetaU,2,TRAIN,3,131906
campaign3_gate2_v1:F03:K33:3:D00,F03,K33,D00,3,VALIDATION,18,131957
campaign3_gate2_v1:F03:K33:3:D01,F03,K33,D01,3,VALIDATION,30,132041
campaign3_gate2_v1:F03:K33:3:D10,F03,K33,D10,3,VALIDATION,24,131999
campaign3_gate2_v1:F03:K33:3:D11,F03,K33,D11,3,VALIDATION,7,132054
campaign3_gate2_v1:F03:K33:3:DbetaU,F03,K33,DbetaU,3,VALIDATION,13,132096
campaign3_gate2_v1:F03:K33:4:D00,F03,K33,D00,4,DEVELOPMENT_TEST,4,132123
campaign3_gate2_v1:F03:K33:4:D01,F03,K33,D01,4,DEVELOPMENT_TEST,11,132202
campaign3_gate2_v1:F03:K33:4:D10,F03,K33,D10,4,DEVELOPMENT_TEST,28,132183
campaign3_gate2_v1:F03:K33:4:D11,F03,K33,D11,4,DEVELOPMENT_TEST,9,132236
campaign3_gate2_v1:F03:K33:4:DbetaU,F03,K33,DbetaU,4,DEVELOPMENT_TEST,14,132277
campaign3_gate2_v1:F04:K01:0:D00,F04,K01,D00,0,TRAIN,22,132321
campaign3_gate2_v1:F04:K01:0:D01,F04,K01,D01,0,TRAIN,27,132398
campaign3_gate2_v1:F04:K01:0:D10,F04,K01,D10,0,TRAIN,27,132362
campaign3_gate2_v1:F04:K01:0:D11,F04,K01,D11,0,TRAIN,11,132418
campaign3_gate2_v1:F04:K01:0:DbetaU,F04,K01,DbetaU,0,TRAIN,29,132472
campaign3_gate2_v1:F04:K01:1:D00,F04,K01,D00,1,TRAIN,23,132502
campaign3_gate2_v1:F04:K01:1:D01,F04,K01,D01,1,TRAIN,20,132571
campaign3_gate2_v1:F04:K01:1:D10,F04,K01,D10,1,TRAIN,7,132522
campaign3_gate2_v1:F04:K01:1:D11,F04,K01,D11,1,TRAIN,12,132599
campaign3_gate2_v1:F04:K01:1:DbetaU,F04,K01,DbetaU,1,TRAIN,7,132630
campaign3_gate2_v1:F04:K01:2:D00,F04,K01,D00,2,TRAIN,13,132672
campaign3_gate2_v1:F04:K01:2:D01,F04,K01,D01,2,TRAIN,22,132753
campaign3_gate2_v1:F04:K01:2:D10,F04,K01,D10,2,TRAIN,29,132724
campaign3_gate2_v1:F04:K01:2:D11,F04,K01,D11,2,TRAIN,25,132792
campaign3_gate2_v1:F04:K01:2:DbetaU,F04,K01,DbetaU,2,TRAIN,11,132814
campaign3_gate2_v1:F04:K01:3:D00,F04,K01,D00,3,VALIDATION,11,132850
campaign3_gate2_v1:F04:K01:3:D01,F04,K01,D01,3,VALIDATION,8,132919
campaign3_gate2_v1:F04:K01:3:D10,F04,K01,D10,3,VALIDATION,30,132905
campaign3_gate2_v1:F04:K01:3:D11,F04,K01,D11,3,VALIDATION,30,132977
campaign3_gate2_v1:F04:K01:3:DbetaU,F04,K01,DbetaU,3,VALIDATION,34,133017
campaign3_gate2_v1:F04:K01:4:D00,F04,K01,D00,4,DEVELOPMENT_TEST,16,133035
campaign3_gate2_v1:F04:K01:4:D01,F04,K01,D01,4,DEVELOPMENT_TEST,4,133095
campaign3_gate2_v1:F04:K01:4:D10,F04,K01,D10,4,DEVELOPMENT_TEST,35,133090
campaign3_gate2_v1:F04:K01:4:D11,F04,K01,D11,4,DEVELOPMENT_TEST,25,133152
campaign3_gate2_v1:F04:K01:4:DbetaU,F04,K01,DbetaU,4,DEVELOPMENT_TEST,16,133179
campaign3_gate2_v1:F04:K02:0:D00,F04,K02,D00,0,TRAIN,36,133235
campaign3_gate2_v1:F04:K02:0:D01,F04,K02,D01,0,TRAIN,12,133283
campaign3_gate2_v1:F04:K02:0:D10,F04,K02,D10,0,TRAIN,13,133248
campaign3_gate2_v1:F04:K02:0:D11,F04,K02,D11,0,TRAIN,13,133320
campaign3_gate2_v1:F04:K02:0:DbetaU,F04,K02,DbetaU,0,TRAIN,23,133366
campaign3_gate2_v1:F04:K02:1:D00,F04,K02,D00,1,TRAIN,35,133414
campaign3_gate2_v1:F04:K02:1:D01,F04,K02,D01,1,TRAIN,26,133477
campaign3_gate2_v1:F04:K02:1:D10,F04,K02,D10,1,TRAIN,28,133443
campaign3_gate2_v1:F04:K02:1:D11,F04,K02,D11,1,TRAIN,22,133509
campaign3_gate2_v1:F04:K02:1:DbetaU,F04,K02,DbetaU,1,TRAIN,12,133535
campaign3_gate2_v1:F04:K02:2:D00,F04,K02,D00,2,TRAIN,4,133563
campaign3_gate2_v1:F04:K02:2:D01,F04,K02,D01,2,TRAIN,18,133649
campaign3_gate2_v1:F04:K02:2:D10,F04,K02,D10,2,TRAIN,10,133605
campaign3_gate2_v1:F04:K02:2:D11,F04,K02,D11,2,TRAIN,36,133703
campaign3_gate2_v1:F04:K02:2:DbetaU,F04,K02,DbetaU,2,TRAIN,17,133720
campaign3_gate2_v1:F04:K02:3:D00,F04,K02,D00,3,VALIDATION,15,133754
campaign3_gate2_v1:F04:K02:3:D01,F04,K02,D01,3,VALIDATION,35,133846
campaign3_gate2_v1:F04:K02:3:D10,F04,K02,D10,3,VALIDATION,18,133793
campaign3_gate2_v1:F04:K02:3:D11,F04,K02,D11,3,VALIDATION,27,133874
campaign3_gate2_v1:F04:K02:3:DbetaU,F04,K02,DbetaU,3,VALIDATION,21,133904
campaign3_gate2_v1:F04:K02:4:D00,F04,K02,D00,4,DEVELOPMENT_TEST,31,133950
campaign3_gate2_v1:F04:K02:4:D01,F04,K02,D01,4,DEVELOPMENT_TEST,23,134014
campaign3_gate2_v1:F04:K02:4:D10,F04,K02,D10,4,DEVELOPMENT_TEST,7,133962
campaign3_gate2_v1:F04:K02:4:D11,F04,K02,D11,4,DEVELOPMENT_TEST,23,134050
campaign3_gate2_v1:F04:K02:4:DbetaU,F04,K02,DbetaU,4,DEVELOPMENT_TEST,31,134094
campaign3_gate2_v1:F04:K03:0:D00,F04,K03,D00,0,TRAIN,28,134127
campaign3_gate2_v1:F04:K03:0:D01,F04,K03,D01,0,TRAIN,13,134184
campaign3_gate2_v1:F04:K03:0:D10,F04,K03,D10,0,TRAIN,23,134158
campaign3_gate2_v1:F04:K03:0:D11,F04,K03,D11,0,TRAIN,6,134213
campaign3_gate2_v1:F04:K03:0:DbetaU,F04,K03,DbetaU,0,TRAIN,27,134270
campaign3_gate2_v1:F04:K03:1:D00,F04,K03,D00,1,TRAIN,27,134306
campaign3_gate2_v1:F04:K03:1:D01,F04,K03,D01,1,TRAIN,20,134371
campaign3_gate2_v1:F04:K03:1:D10,F04,K03,D10,1,TRAIN,21,134336
campaign3_gate2_v1:F04:K03:1:D11,F04,K03,D11,1,TRAIN,3,134390
campaign3_gate2_v1:F04:K03:1:DbetaU,F04,K03,DbetaU,1,TRAIN,28,134451
campaign3_gate2_v1:F04:K03:2:D00,F04,K03,D00,2,TRAIN,12,134471
campaign3_gate2_v1:F04:K03:2:D01,F04,K03,D01,2,TRAIN,18,134549
campaign3_gate2_v1:F04:K03:2:D10,F04,K03,D10,2,TRAIN,8,134503
campaign3_gate2_v1:F04:K03:2:D11,F04,K03,D11,2,TRAIN,5,134572
campaign3_gate2_v1:F04:K03:2:DbetaU,F04,K03,DbetaU,2,TRAIN,1,134604
campaign3_gate2_v1:F04:K03:3:D00,F04,K03,D00,3,VALIDATION,21,134660
campaign3_gate2_v1:F04:K03:3:D01,F04,K03,D01,3,VALIDATION,29,134740
campaign3_gate2_v1:F04:K03:3:D10,F04,K03,D10,3,VALIDATION,32,134707
campaign3_gate2_v1:F04:K03:3:D11,F04,K03,D11,3,VALIDATION,5,134752
campaign3_gate2_v1:F04:K03:3:DbetaU,F04,K03,DbetaU,3,VALIDATION,8,134791
campaign3_gate2_v1:F04:K03:4:D00,F04,K03,D00,4,DEVELOPMENT_TEST,10,134829
campaign3_gate2_v1:F04:K03:4:D01,F04,K03,D01,4,DEVELOPMENT_TEST,24,134915
campaign3_gate2_v1:F04:K03:4:D10,F04,K03,D10,4,DEVELOPMENT_TEST,15,134870
campaign3_gate2_v1:F04:K03:4:D11,F04,K03,D11,4,DEVELOPMENT_TEST,18,134945
campaign3_gate2_v1:F04:K03:4:DbetaU,F04,K03,DbetaU,4,DEVELOPMENT_TEST,3,134966
campaign3_gate2_v1:F04:K05:0:D00,F04,K05,D00,0,TRAIN,6,135005
campaign3_gate2_v1:F04:K05:0:D01,F04,K05,D01,0,TRAIN,25,135096
campaign3_gate2_v1:F04:K05:0:D10,F04,K05,D10,0,TRAIN,10,135045
campaign3_gate2_v1:F04:K05:0:D11,F04,K05,D11,0,TRAIN,7,135114
campaign3_gate2_v1:F04:K05:0:DbetaU,F04,K05,DbetaU,0,TRAIN,13,135156
campaign3_gate2_v1:F04:K05:1:D00,F04,K05,D00,1,TRAIN,13,135192
campaign3_gate2_v1:F04:K05:1:D01,F04,K05,D01,1,TRAIN,17,135268
campaign3_gate2_v1:F04:K05:1:D10,F04,K05,D10,1,TRAIN,29,135244
campaign3_gate2_v1:F04:K05:1:D11,F04,K05,D11,1,TRAIN,20,135307
campaign3_gate2_v1:F04:K05:1:DbetaU,F04,K05,DbetaU,1,TRAIN,22,135345
campaign3_gate2_v1:F04:K05:2:D00,F04,K05,D00,2,TRAIN,21,135380
campaign3_gate2_v1:F04:K05:2:D01,F04,K05,D01,2,TRAIN,14,135445
campaign3_gate2_v1:F04:K05:2:D10,F04,K05,D10,2,TRAIN,30,135425
campaign3_gate2_v1:F04:K05:2:D11,F04,K05,D11,2,TRAIN,17,135484
campaign3_gate2_v1:F04:K05:2:DbetaU,F04,K05,DbetaU,2,TRAIN,23,135526
campaign3_gate2_v1:F04:K05:3:D00,F04,K05,D00,3,VALIDATION,19,135558
campaign3_gate2_v1:F04:K05:3:D01,F04,K05,D01,3,VALIDATION,8,135619
campaign3_gate2_v1:F04:K05:3:D10,F04,K05,D10,3,VALIDATION,9,135584
campaign3_gate2_v1:F04:K05:3:D11,F04,K05,D11,3,VALIDATION,25,135672
campaign3_gate2_v1:F04:K05:3:DbetaU,F04,K05,DbetaU,3,VALIDATION,1,135684
campaign3_gate2_v1:F04:K05:4:D00,F04,K05,D00,4,DEVELOPMENT_TEST,4,135723
campaign3_gate2_v1:F04:K05:4:D01,F04,K05,D01,4,DEVELOPMENT_TEST,4,135795
campaign3_gate2_v1:F04:K05:4:D10,F04,K05,D10,4,DEVELOPMENT_TEST,35,135790
campaign3_gate2_v1:F04:K05:4:D11,F04,K05,D11,4,DEVELOPMENT_TEST,35,135862
campaign3_gate2_v1:F04:K05:4:DbetaU,F04,K05,DbetaU,4,DEVELOPMENT_TEST,25,135888
campaign3_gate2_v1:F04:K06:0:D00,F04,K06,D00,0,TRAIN,25,135924
campaign3_gate2_v1:F04:K06:0:D01,F04,K06,D01,0,TRAIN,1,135972
campaign3_gate2_v1:F04:K06:0:D10,F04,K06,D10,0,TRAIN,15,135950
campaign3_gate2_v1:F04:K06:0:D11,F04,K06,D11,0,TRAIN,6,136013
campaign3_gate2_v1:F04:K06:0:DbetaU,F04,K06,DbetaU,0,TRAIN,21,136064
campaign3_gate2_v1:F04:K06:1:D00,F04,K06,D00,1,TRAIN,8,136087
campaign3_gate2_v1:F04:K06:1:D01,F04,K06,D01,1,TRAIN,22,136173
campaign3_gate2_v1:F04:K06:1:D10,F04,K06,D10,1,TRAIN,35,136150
campaign3_gate2_v1:F04:K06:1:D11,F04,K06,D11,1,TRAIN,17,136204
campaign3_gate2_v1:F04:K06:1:DbetaU,F04,K06,DbetaU,1,TRAIN,36,136259
campaign3_gate2_v1:F04:K06:2:D00,F04,K06,D00,2,TRAIN,8,136267
campaign3_gate2_v1:F04:K06:2:D01,F04,K06,D01,2,TRAIN,27,136358
campaign3_gate2_v1:F04:K06:2:D10,F04,K06,D10,2,TRAIN,24,136319
campaign3_gate2_v1:F04:K06:2:D11,F04,K06,D11,2,TRAIN,29,136396
campaign3_gate2_v1:F04:K06:2:DbetaU,F04,K06,DbetaU,2,TRAIN,5,136408
campaign3_gate2_v1:F04:K06:3:D00,F04,K06,D00,3,VALIDATION,5,136444
campaign3_gate2_v1:F04:K06:3:D01,F04,K06,D01,3,VALIDATION,7,136518
campaign3_gate2_v1:F04:K06:3:D10,F04,K06,D10,3,VALIDATION,19,136494
campaign3_gate2_v1:F04:K06:3:D11,F04,K06,D11,3,VALIDATION,15,136562
campaign3_gate2_v1:F04:K06:3:DbetaU,F04,K06,DbetaU,3,VALIDATION,6,136589
campaign3_gate2_v1:F04:K06:4:D00,F04,K06,D00,4,DEVELOPMENT_TEST,4,136623
campaign3_gate2_v1:F04:K06:4:D01,F04,K06,D01,4,DEVELOPMENT_TEST,30,136721
campaign3_gate2_v1:F04:K06:4:D10,F04,K06,D10,4,DEVELOPMENT_TEST,3,136658
campaign3_gate2_v1:F04:K06:4:D11,F04,K06,D11,4,DEVELOPMENT_TEST,26,136753
campaign3_gate2_v1:F04:K06:4:DbetaU,F04,K06,DbetaU,4,DEVELOPMENT_TEST,17,136780
campaign3_gate2_v1:F04:K07:0:D00,F04,K07,D00,0,TRAIN,3,136802
campaign3_gate2_v1:F04:K07:0:D01,F04,K07,D01,0,TRAIN,26,136897
campaign3_gate2_v1:F04:K07:0:D10,F04,K07,D10,0,TRAIN,1,136836
campaign3_gate2_v1:F04:K07:0:D11,F04,K07,D11,0,TRAIN,18,136925
campaign3_gate2_v1:F04:K07:0:DbetaU,F04,K07,DbetaU,0,TRAIN,30,136973
campaign3_gate2_v1:F04:K07:1:D00,F04,K07,D00,1,TRAIN,10,136989
campaign3_gate2_v1:F04:K07:1:D01,F04,K07,D01,1,TRAIN,30,137081
campaign3_gate2_v1:F04:K07:1:D10,F04,K07,D10,1,TRAIN,25,137040
campaign3_gate2_v1:F04:K07:1:D11,F04,K07,D11,1,TRAIN,27,137114
campaign3_gate2_v1:F04:K07:1:DbetaU,F04,K07,DbetaU,1,TRAIN,24,137147
campaign3_gate2_v1:F04:K07:2:D00,F04,K07,D00,2,TRAIN,9,137168
campaign3_gate2_v1:F04:K07:2:D01,F04,K07,D01,2,TRAIN,21,137252
campaign3_gate2_v1:F04:K07:2:D10,F04,K07,D10,2,TRAIN,11,137206
campaign3_gate2_v1:F04:K07:2:D11,F04,K07,D11,2,TRAIN,1,137268
campaign3_gate2_v1:F04:K07:2:DbetaU,F04,K07,DbetaU,2,TRAIN,5,137308
campaign3_gate2_v1:F04:K07:3:D00,F04,K07,D00,3,VALIDATION,8,137347
campaign3_gate2_v1:F04:K07:3:D01,F04,K07,D01,3,VALIDATION,6,137417
campaign3_gate2_v1:F04:K07:3:D10,F04,K07,D10,3,VALIDATION,17,137392
campaign3_gate2_v1:F04:K07:3:D11,F04,K07,D11,3,VALIDATION,22,137469
campaign3_gate2_v1:F04:K07:3:DbetaU,F04,K07,DbetaU,3,VALIDATION,10,137493
campaign3_gate2_v1:F04:K07:4:D00,F04,K07,D00,4,DEVELOPMENT_TEST,16,137535
campaign3_gate2_v1:F04:K07:4:D01,F04,K07,D01,4,DEVELOPMENT_TEST,19,137610
campaign3_gate2_v1:F04:K07:4:D10,F04,K07,D10,4,DEVELOPMENT_TEST,23,137578
campaign3_gate2_v1:F04:K07:4:D11,F04,K07,D11,4,DEVELOPMENT_TEST,1,137628
campaign3_gate2_v1:F04:K07:4:DbetaU,F04,K07,DbetaU,4,DEVELOPMENT_TEST,18,137681
campaign3_gate2_v1:F04:K10:0:D00,F04,K10,D00,0,TRAIN,14,137713
campaign3_gate2_v1:F04:K10:0:D01,F04,K10,D01,0,TRAIN,2,137773
campaign3_gate2_v1:F04:K10:0:D10,F04,K10,D10,0,TRAIN,2,137737
campaign3_gate2_v1:F04:K10:0:D11,F04,K10,D11,0,TRAIN,8,137815
campaign3_gate2_v1:F04:K10:0:DbetaU,F04,K10,DbetaU,0,TRAIN,33,137876
campaign3_gate2_v1:F04:K10:1:D00,F04,K10,D00,1,TRAIN,19,137898
campaign3_gate2_v1:F04:K10:1:D01,F04,K10,D01,1,TRAIN,12,137963
campaign3_gate2_v1:F04:K10:1:D10,F04,K10,D10,1,TRAIN,35,137950
campaign3_gate2_v1:F04:K10:1:D11,F04,K10,D11,1,TRAIN,36,138023
campaign3_gate2_v1:F04:K10:1:DbetaU,F04,K10,DbetaU,1,TRAIN,20,138043
campaign3_gate2_v1:F04:K10:2:D00,F04,K10,D00,2,TRAIN,21,138080
campaign3_gate2_v1:F04:K10:2:D01,F04,K10,D01,2,TRAIN,13,138144
campaign3_gate2_v1:F04:K10:2:D10,F04,K10,D10,2,TRAIN,36,138131
campaign3_gate2_v1:F04:K10:2:D11,F04,K10,D11,2,TRAIN,18,138185
campaign3_gate2_v1:F04:K10:2:DbetaU,F04,K10,DbetaU,2,TRAIN,14,138217
campaign3_gate2_v1:F04:K10:3:D00,F04,K10,D00,3,VALIDATION,23,138262
campaign3_gate2_v1:F04:K10:3:D01,F04,K10,D01,3,VALIDATION,8,138319
campaign3_gate2_v1:F04:K10:3:D10,F04,K10,D10,3,VALIDATION,3,138278
campaign3_gate2_v1:F04:K10:3:D11,F04,K10,D11,3,VALIDATION,1,138348
campaign3_gate2_v1:F04:K10:3:DbetaU,F04,K10,DbetaU,3,VALIDATION,5,138388
campaign3_gate2_v1:F04:K10:4:D00,F04,K10,D00,4,DEVELOPMENT_TEST,22,138441
campaign3_gate2_v1:F04:K10:4:D01,F04,K10,D01,4,DEVELOPMENT_TEST,25,138516
campaign3_gate2_v1:F04:K10:4:D10,F04,K10,D10,4,DEVELOPMENT_TEST,11,138466
campaign3_gate2_v1:F04:K10:4:D11,F04,K10,D11,4,DEVELOPMENT_TEST,32,138559
campaign3_gate2_v1:F04:K10:4:DbetaU,F04,K10,DbetaU,4,DEVELOPMENT_TEST,10,138573
campaign3_gate2_v1:F04:K11:0:D00,F04,K11,D00,0,TRAIN,32,138631
campaign3_gate2_v1:F04:K11:0:D01,F04,K11,D01,0,TRAIN,6,138677
campaign3_gate2_v1:F04:K11:0:D10,F04,K11,D10,0,TRAIN,23,138658
campaign3_gate2_v1:F04:K11:0:D11,F04,K11,D11,0,TRAIN,20,138727
campaign3_gate2_v1:F04:K11:0:DbetaU,F04,K11,DbetaU,0,TRAIN,17,138760
campaign3_gate2_v1:F04:K11:1:D00,F04,K11,D00,1,TRAIN,29,138808
campaign3_gate2_v1:F04:K11:1:D01,F04,K11,D01,1,TRAIN,28,138879
campaign3_gate2_v1:F04:K11:1:D10,F04,K11,D10,1,TRAIN,12,138827
campaign3_gate2_v1:F04:K11:1:D11,F04,K11,D11,1,TRAIN,1,138888
campaign3_gate2_v1:F04:K11:1:DbetaU,F04,K11,DbetaU,1,TRAIN,35,138958
campaign3_gate2_v1:F04:K11:2:D00,F04,K11,D00,2,TRAIN,9,138968
campaign3_gate2_v1:F04:K11:2:D01,F04,K11,D01,2,TRAIN,6,139037
campaign3_gate2_v1:F04:K11:2:D10,F04,K11,D10,2,TRAIN,3,138998
campaign3_gate2_v1:F04:K11:2:D11,F04,K11,D11,2,TRAIN,20,139087
campaign3_gate2_v1:F04:K11:2:DbetaU,F04,K11,DbetaU,2,TRAIN,33,139136
campaign3_gate2_v1:F04:K11:3:D00,F04,K11,D00,3,VALIDATION,15,139154
campaign3_gate2_v1:F04:K11:3:D01,F04,K11,D01,3,VALIDATION,18,139229
campaign3_gate2_v1:F04:K11:3:D10,F04,K11,D10,3,VALIDATION,17,139192
campaign3_gate2_v1:F04:K11:3:D11,F04,K11,D11,3,VALIDATION,4,139251
campaign3_gate2_v1:F04:K11:3:DbetaU,F04,K11,DbetaU,3,VALIDATION,35,139318
campaign3_gate2_v1:F04:K11:4:D00,F04,K11,D00,4,DEVELOPMENT_TEST,21,139340
campaign3_gate2_v1:F04:K11:4:D01,F04,K11,D01,4,DEVELOPMENT_TEST,11,139402
campaign3_gate2_v1:F04:K11:4:D10,F04,K11,D10,4,DEVELOPMENT_TEST,33,139388
campaign3_gate2_v1:F04:K11:4:D11,F04,K11,D11,4,DEVELOPMENT_TEST,8,139435
campaign3_gate2_v1:F04:K11:4:DbetaU,F04,K11,DbetaU,4,DEVELOPMENT_TEST,23,139486
campaign3_gate2_v1:F04:K13:0:D00,F04,K13,D00,0,TRAIN,2,139501
campaign3_gate2_v1:F04:K13:0:D01,F04,K13,D01,0,TRAIN,13,139584
campaign3_gate2_v1:F04:K13:0:D10,F04,K13,D10,0,TRAIN,7,139542
campaign3_gate2_v1:F04:K13:0:D11,F04,K13,D11,0,TRAIN,22,139629
campaign3_gate2_v1:F04:K13:0:DbetaU,F04,K13,DbetaU,0,TRAIN,24,139667
campaign3_gate2_v1:F04:K13:1:D00,F04,K13,D00,1,TRAIN,15,139694
campaign3_gate2_v1:F04:K13:1:D01,F04,K13,D01,1,TRAIN,17,139768
campaign3_gate2_v1:F04:K13:1:D10,F04,K13,D10,1,TRAIN,27,139742
campaign3_gate2_v1:F04:K13:1:D11,F04,K13,D11,1,TRAIN,8,139795
campaign3_gate2_v1:F04:K13:1:DbetaU,F04,K13,DbetaU,1,TRAIN,23,139846
campaign3_gate2_v1:F04:K13:2:D00,F04,K13,D00,2,TRAIN,12,139871
campaign3_gate2_v1:F04:K13:2:D01,F04,K13,D01,2,TRAIN,26,139957
campaign3_gate2_v1:F04:K13:2:D10,F04,K13,D10,2,TRAIN,8,139903
campaign3_gate2_v1:F04:K13:2:D11,F04,K13,D11,2,TRAIN,8,139975
campaign3_gate2_v1:F04:K13:2:DbetaU,F04,K13,DbetaU,2,TRAIN,19,140022
campaign3_gate2_v1:F04:K13:3:D00,F04,K13,D00,3,VALIDATION,30,140069
campaign3_gate2_v1:F04:K13:3:D01,F04,K13,D01,3,VALIDATION,26,140137
campaign3_gate2_v1:F04:K13:3:D10,F04,K13,D10,3,VALIDATION,32,140107
campaign3_gate2_v1:F04:K13:3:D11,F04,K13,D11,3,VALIDATION,10,140157
campaign3_gate2_v1:F04:K13:3:DbetaU,F04,K13,DbetaU,3,VALIDATION,28,140211
campaign3_gate2_v1:F04:K13:4:D00,F04,K13,D00,4,DEVELOPMENT_TEST,8,140227
campaign3_gate2_v1:F04:K13:4:D01,F04,K13,D01,4,DEVELOPMENT_TEST,36,140327
campaign3_gate2_v1:F04:K13:4:D10,F04,K13,D10,4,DEVELOPMENT_TEST,19,140274
campaign3_gate2_v1:F04:K13:4:D11,F04,K13,D11,4,DEVELOPMENT_TEST,32,140359
campaign3_gate2_v1:F04:K13:4:DbetaU,F04,K13,DbetaU,4,DEVELOPMENT_TEST,14,140377
campaign3_gate2_v1:F04:K15:0:D00,F04,K15,D00,0,TRAIN,18,140417
campaign3_gate2_v1:F04:K15:0:D01,F04,K15,D01,0,TRAIN,25,140496
campaign3_gate2_v1:F04:K15:0:D10,F04,K15,D10,0,TRAIN,31,140466
campaign3_gate2_v1:F04:K15:0:D11,F04,K15,D11,0,TRAIN,26,140533
campaign3_gate2_v1:F04:K15:0:DbetaU,F04,K15,DbetaU,0,TRAIN,5,140548
campaign3_gate2_v1:F04:K15:1:D00,F04,K15,D00,1,TRAIN,26,140605
campaign3_gate2_v1:F04:K15:1:D01,F04,K15,D01,1,TRAIN,2,140653
campaign3_gate2_v1:F04:K15:1:D10,F04,K15,D10,1,TRAIN,6,140621
campaign3_gate2_v1:F04:K15:1:D11,F04,K15,D11,1,TRAIN,23,140710
campaign3_gate2_v1:F04:K15:1:DbetaU,F04,K15,DbetaU,1,TRAIN,24,140747
campaign3_gate2_v1:F04:K15:2:D00,F04,K15,D00,2,TRAIN,22,140781
campaign3_gate2_v1:F04:K15:2:D01,F04,K15,D01,2,TRAIN,31,140862
campaign3_gate2_v1:F04:K15:2:D10,F04,K15,D10,2,TRAIN,36,140831
campaign3_gate2_v1:F04:K15:2:D11,F04,K15,D11,2,TRAIN,20,140887
campaign3_gate2_v1:F04:K15:2:DbetaU,F04,K15,DbetaU,2,TRAIN,27,140930
campaign3_gate2_v1:F04:K15:3:D00,F04,K15,D00,3,VALIDATION,28,140967
campaign3_gate2_v1:F04:K15:3:D01,F04,K15,D01,3,VALIDATION,21,141032
campaign3_gate2_v1:F04:K15:3:D10,F04,K15,D10,3,VALIDATION,3,140978
campaign3_gate2_v1:F04:K15:3:D11,F04,K15,D11,3,VALIDATION,12,141059
campaign3_gate2_v1:F04:K15:3:DbetaU,F04,K15,DbetaU,3,VALIDATION,6,141089
campaign3_gate2_v1:F04:K15:4:D00,F04,K15,D00,4,DEVELOPMENT_TEST,30,141149
campaign3_gate2_v1:F04:K15:4:D01,F04,K15,D01,4,DEVELOPMENT_TEST,26,141217
campaign3_gate2_v1:F04:K15:4:D10,F04,K15,D10,4,DEVELOPMENT_TEST,11,141166
campaign3_gate2_v1:F04:K15:4:D11,F04,K15,D11,4,DEVELOPMENT_TEST,8,141235
campaign3_gate2_v1:F04:K15:4:DbetaU,F04,K15,DbetaU,4,DEVELOPMENT_TEST,30,141293
campaign3_gate2_v1:F04:K16:0:D00,F04,K16,D00,0,TRAIN,9,141308
campaign3_gate2_v1:F04:K16:0:D01,F04,K16,D01,0,TRAIN,31,141402
campaign3_gate2_v1:F04:K16:0:D10,F04,K16,D10,0,TRAIN,15,141350
campaign3_gate2_v1:F04:K16:0:D11,F04,K16,D11,0,TRAIN,5,141412
campaign3_gate2_v1:F04:K16:0:DbetaU,F04,K16,DbetaU,0,TRAIN,25,141468
campaign3_gate2_v1:F04:K16:1:D00,F04,K16,D00,1,TRAIN,31,141510
campaign3_gate2_v1:F04:K16:1:D01,F04,K16,D01,1,TRAIN,11,141562
campaign3_gate2_v1:F04:K16:1:D10,F04,K16,D10,1,TRAIN,35,141550
campaign3_gate2_v1:F04:K16:1:D11,F04,K16,D11,1,TRAIN,13,141600
campaign3_gate2_v1:F04:K16:1:DbetaU,F04,K16,DbetaU,1,TRAIN,2,141625
campaign3_gate2_v1:F04:K16:2:D00,F04,K16,D00,2,TRAIN,16,141675
campaign3_gate2_v1:F04:K16:2:D01,F04,K16,D01,2,TRAIN,6,141737
campaign3_gate2_v1:F04:K16:2:D10,F04,K16,D10,2,TRAIN,24,141719
campaign3_gate2_v1:F04:K16:2:D11,F04,K16,D11,2,TRAIN,2,141769
campaign3_gate2_v1:F04:K16:2:DbetaU,F04,K16,DbetaU,2,TRAIN,8,141811
campaign3_gate2_v1:F04:K16:3:D00,F04,K16,D00,3,VALIDATION,35,141874
campaign3_gate2_v1:F04:K16:3:D01,F04,K16,D01,3,VALIDATION,19,141930
campaign3_gate2_v1:F04:K16:3:D10,F04,K16,D10,3,VALIDATION,33,141908
campaign3_gate2_v1:F04:K16:3:D11,F04,K16,D11,3,VALIDATION,5,141952
campaign3_gate2_v1:F04:K16:3:DbetaU,F04,K16,DbetaU,3,VALIDATION,9,141992
campaign3_gate2_v1:F04:K16:4:D00,F04,K16,D00,4,DEVELOPMENT_TEST,23,142042
campaign3_gate2_v1:F04:K16:4:D01,F04,K16,D01,4,DEVELOPMENT_TEST,12,142103
campaign3_gate2_v1:F04:K16:4:D10,F04,K16,D10,4,DEVELOPMENT_TEST,26,142081
campaign3_gate2_v1:F04:K16:4:D11,F04,K16,D11,4,DEVELOPMENT_TEST,26,142153
campaign3_gate2_v1:F04:K16:4:DbetaU,F04,K16,DbetaU,4,DEVELOPMENT_TEST,34,142197
campaign3_gate2_v1:F04:K17:0:D00,F04,K17,D00,0,TRAIN,24,142223
campaign3_gate2_v1:F04:K17:0:D01,F04,K17,D01,0,TRAIN,30,142301
campaign3_gate2_v1:F04:K17:0:D10,F04,K17,D10,0,TRAIN,6,142241
campaign3_gate2_v1:F04:K17:0:D11,F04,K17,D11,0,TRAIN,9,142316
campaign3_gate2_v1:F04:K17:0:DbetaU,F04,K17,DbetaU,0,TRAIN,33,142376
campaign3_gate2_v1:F04:K17:1:D00,F04,K17,D00,1,TRAIN,5,142384
campaign3_gate2_v1:F04:K17:1:D01,F04,K17,D01,1,TRAIN,18,142469
campaign3_gate2_v1:F04:K17:1:D10,F04,K17,D10,1,TRAIN,35,142450
campaign3_gate2_v1:F04:K17:1:D11,F04,K17,D11,1,TRAIN,3,142490
campaign3_gate2_v1:F04:K17:1:DbetaU,F04,K17,DbetaU,1,TRAIN,34,142557
campaign3_gate2_v1:F04:K17:2:D00,F04,K17,D00,2,TRAIN,31,142590
campaign3_gate2_v1:F04:K17:2:D01,F04,K17,D01,2,TRAIN,13,142644
campaign3_gate2_v1:F04:K17:2:D10,F04,K17,D10,2,TRAIN,33,142628
campaign3_gate2_v1:F04:K17:2:D11,F04,K17,D11,2,TRAIN,14,142681
campaign3_gate2_v1:F04:K17:2:DbetaU,F04,K17,DbetaU,2,TRAIN,4,142707
campaign3_gate2_v1:F04:K17:3:D00,F04,K17,D00,3,VALIDATION,12,142751
campaign3_gate2_v1:F04:K17:3:D01,F04,K17,D01,3,VALIDATION,21,142832
campaign3_gate2_v1:F04:K17:3:D10,F04,K17,D10,3,VALIDATION,26,142801
campaign3_gate2_v1:F04:K17:3:D11,F04,K17,D11,3,VALIDATION,5,142852
campaign3_gate2_v1:F04:K17:3:DbetaU,F04,K17,DbetaU,3,VALIDATION,15,142898
campaign3_gate2_v1:F04:K17:4:D00,F04,K17,D00,4,DEVELOPMENT_TEST,12,142931
campaign3_gate2_v1:F04:K17:4:D01,F04,K17,D01,4,DEVELOPMENT_TEST,7,142998
campaign3_gate2_v1:F04:K17:4:D10,F04,K17,D10,4,DEVELOPMENT_TEST,23,142978
campaign3_gate2_v1:F04:K17:4:D11,F04,K17,D11,4,DEVELOPMENT_TEST,24,143051
campaign3_gate2_v1:F04:K17:4:DbetaU,F04,K17,DbetaU,4,DEVELOPMENT_TEST,32,143095
campaign3_gate2_v1:F04:K20:0:D00,F04,K20,D00,0,TRAIN,30,143129
campaign3_gate2_v1:F04:K20:0:D01,F04,K20,D01,0,TRAIN,31,143202
campaign3_gate2_v1:F04:K20:0:D10,F04,K20,D10,0,TRAIN,26,143161
campaign3_gate2_v1:F04:K20:0:D11,F04,K20,D11,0,TRAIN,3,143210
campaign3_gate2_v1:F04:K20:0:DbetaU,F04,K20,DbetaU,0,TRAIN,23,143266
campaign3_gate2_v1:F04:K20:1:D00,F04,K20,D00,1,TRAIN,15,143294
campaign3_gate2_v1:F04:K20:1:D01,F04,K20,D01,1,TRAIN,32,143383
campaign3_gate2_v1:F04:K20:1:D10,F04,K20,D10,1,TRAIN,15,143330
campaign3_gate2_v1:F04:K20:1:D11,F04,K20,D11,1,TRAIN,12,143399
campaign3_gate2_v1:F04:K20:1:DbetaU,F04,K20,DbetaU,1,TRAIN,26,143449
campaign3_gate2_v1:F04:K20:2:D00,F04,K20,D00,2,TRAIN,35,143494
campaign3_gate2_v1:F04:K20:2:D01,F04,K20,D01,2,TRAIN,5,143536
campaign3_gate2_v1:F04:K20:2:D10,F04,K20,D10,2,TRAIN,31,143526
campaign3_gate2_v1:F04:K20:2:D11,F04,K20,D11,2,TRAIN,18,143585
campaign3_gate2_v1:F04:K20:2:DbetaU,F04,K20,DbetaU,2,TRAIN,12,143615
campaign3_gate2_v1:F04:K20:3:D00,F04,K20,D00,3,VALIDATION,13,143652
campaign3_gate2_v1:F04:K20:3:D01,F04,K20,D01,3,VALIDATION,27,143738
campaign3_gate2_v1:F04:K20:3:D10,F04,K20,D10,3,VALIDATION,14,143689
campaign3_gate2_v1:F04:K20:3:D11,F04,K20,D11,3,VALIDATION,12,143759
campaign3_gate2_v1:F04:K20:3:DbetaU,F04,K20,DbetaU,3,VALIDATION,7,143790
campaign3_gate2_v1:F04:K20:4:D00,F04,K20,D00,4,DEVELOPMENT_TEST,3,143822
campaign3_gate2_v1:F04:K20:4:D01,F04,K20,D01,4,DEVELOPMENT_TEST,17,143908
campaign3_gate2_v1:F04:K20:4:D10,F04,K20,D10,4,DEVELOPMENT_TEST,2,143857
campaign3_gate2_v1:F04:K20:4:D11,F04,K20,D11,4,DEVELOPMENT_TEST,8,143935
campaign3_gate2_v1:F04:K20:4:DbetaU,F04,K20,DbetaU,4,DEVELOPMENT_TEST,4,143967
campaign3_gate2_v1:F04:K21:0:D00,F04,K21,D00,0,TRAIN,32,144031
campaign3_gate2_v1:F04:K21:0:D01,F04,K21,D01,0,TRAIN,19,144090
campaign3_gate2_v1:F04:K21:0:D10,F04,K21,D10,0,TRAIN,28,144063
campaign3_gate2_v1:F04:K21:0:D11,F04,K21,D11,0,TRAIN,31,144138
campaign3_gate2_v1:F04:K21:0:DbetaU,F04,K21,DbetaU,0,TRAIN,11,144154
campaign3_gate2_v1:F04:K21:1:D00,F04,K21,D00,1,TRAIN,23,144202
campaign3_gate2_v1:F04:K21:1:D01,F04,K21,D01,1,TRAIN,31,144282
campaign3_gate2_v1:F04:K21:1:D10,F04,K21,D10,1,TRAIN,35,144250
campaign3_gate2_v1:F04:K21:1:D11,F04,K21,D11,1,TRAIN,7,144294
campaign3_gate2_v1:F04:K21:1:DbetaU,F04,K21,DbetaU,1,TRAIN,26,144349
campaign3_gate2_v1:F04:K21:2:D00,F04,K21,D00,2,TRAIN,34,144393
campaign3_gate2_v1:F04:K21:2:D01,F04,K21,D01,2,TRAIN,32,144463
campaign3_gate2_v1:F04:K21:2:D10,F04,K21,D10,2,TRAIN,1,144396
campaign3_gate2_v1:F04:K21:2:D11,F04,K21,D11,2,TRAIN,2,144469
campaign3_gate2_v1:F04:K21:2:DbetaU,F04,K21,DbetaU,2,TRAIN,29,144532
campaign3_gate2_v1:F04:K21:3:D00,F04,K21,D00,3,VALIDATION,5,144544
campaign3_gate2_v1:F04:K21:3:D01,F04,K21,D01,3,VALIDATION,30,144641
campaign3_gate2_v1:F04:K21:3:D10,F04,K21,D10,3,VALIDATION,24,144599
campaign3_gate2_v1:F04:K21:3:D11,F04,K21,D11,3,VALIDATION,17,144664
campaign3_gate2_v1:F04:K21:3:DbetaU,F04,K21,DbetaU,3,VALIDATION,21,144704
campaign3_gate2_v1:F04:K21:4:D00,F04,K21,D00,4,DEVELOPMENT_TEST,3,144722
campaign3_gate2_v1:F04:K21:4:D01,F04,K21,D01,4,DEVELOPMENT_TEST,25,144816
campaign3_gate2_v1:F04:K21:4:D10,F04,K21,D10,4,DEVELOPMENT_TEST,30,144785
campaign3_gate2_v1:F04:K21:4:D11,F04,K21,D11,4,DEVELOPMENT_TEST,8,144835
campaign3_gate2_v1:F04:K21:4:DbetaU,F04,K21,DbetaU,4,DEVELOPMENT_TEST,15,144878
campaign3_gate2_v1:F04:K23:0:D00,F04,K23,D00,0,TRAIN,34,144933
campaign3_gate2_v1:F04:K23:0:D01,F04,K23,D01,0,TRAIN,9,144980
campaign3_gate2_v1:F04:K23:0:D10,F04,K23,D10,0,TRAIN,5,144940
campaign3_gate2_v1:F04:K23:0:D11,F04,K23,D11,0,TRAIN,15,145022
campaign3_gate2_v1:F04:K23:0:DbetaU,F04,K23,DbetaU,0,TRAIN,4,145047
campaign3_gate2_v1:F04:K23:1:D00,F04,K23,D00,1,TRAIN,10,145089
campaign3_gate2_v1:F04:K23:1:D01,F04,K23,D01,1,TRAIN,30,145181
campaign3_gate2_v1:F04:K23:1:D10,F04,K23,D10,1,TRAIN,21,145136
campaign3_gate2_v1:F04:K23:1:D11,F04,K23,D11,1,TRAIN,8,145195
campaign3_gate2_v1:F04:K23:1:DbetaU,F04,K23,DbetaU,1,TRAIN,21,145244
campaign3_gate2_v1:F04:K23:2:D00,F04,K23,D00,2,TRAIN,30,145289
campaign3_gate2_v1:F04:K23:2:D01,F04,K23,D01,2,TRAIN,23,145354
campaign3_gate2_v1:F04:K23:2:D10,F04,K23,D10,2,TRAIN,21,145316
campaign3_gate2_v1:F04:K23:2:D11,F04,K23,D11,2,TRAIN,11,145378
campaign3_gate2_v1:F04:K23:2:DbetaU,F04,K23,DbetaU,2,TRAIN,36,145439
campaign3_gate2_v1:F04:K23:3:D00,F04,K23,D00,3,VALIDATION,25,145464
campaign3_gate2_v1:F04:K23:3:D01,F04,K23,D01,3,VALIDATION,22,145533
campaign3_gate2_v1:F04:K23:3:D10,F04,K23,D10,3,VALIDATION,18,145493
campaign3_gate2_v1:F04:K23:3:D11,F04,K23,D11,3,VALIDATION,8,145555
campaign3_gate2_v1:F04:K23:3:DbetaU,F04,K23,DbetaU,3,VALIDATION,16,145599
campaign3_gate2_v1:F04:K23:4:D00,F04,K23,D00,4,DEVELOPMENT_TEST,7,145626
campaign3_gate2_v1:F04:K23:4:D01,F04,K23,D01,4,DEVELOPMENT_TEST,32,145723
campaign3_gate2_v1:F04:K23:4:D10,F04,K23,D10,4,DEVELOPMENT_TEST,14,145669
campaign3_gate2_v1:F04:K23:4:D11,F04,K23,D11,4,DEVELOPMENT_TEST,12,145739
campaign3_gate2_v1:F04:K23:4:DbetaU,F04,K23,DbetaU,4,DEVELOPMENT_TEST,21,145784
campaign3_gate2_v1:F04:K25:0:D00,F04,K25,D00,0,TRAIN,6,145805
campaign3_gate2_v1:F04:K25:0:D01,F04,K25,D01,0,TRAIN,5,145876
campaign3_gate2_v1:F04:K25:0:D10,F04,K25,D10,0,TRAIN,3,145838
campaign3_gate2_v1:F04:K25:0:D11,F04,K25,D11,0,TRAIN,23,145930
campaign3_gate2_v1:F04:K25:0:DbetaU,F04,K25,DbetaU,0,TRAIN,10,145953
campaign3_gate2_v1:F04:K25:1:D00,F04,K25,D00,1,TRAIN,25,146004
campaign3_gate2_v1:F04:K25:1:D01,F04,K25,D01,1,TRAIN,31,146082
campaign3_gate2_v1:F04:K25:1:D10,F04,K25,D10,1,TRAIN,35,146050
campaign3_gate2_v1:F04:K25:1:D11,F04,K25,D11,1,TRAIN,9,146096
campaign3_gate2_v1:F04:K25:1:DbetaU,F04,K25,DbetaU,1,TRAIN,2,146125
campaign3_gate2_v1:F04:K25:2:D00,F04,K25,D00,2,TRAIN,26,146185
campaign3_gate2_v1:F04:K25:2:D01,F04,K25,D01,2,TRAIN,26,146257
campaign3_gate2_v1:F04:K25:2:D10,F04,K25,D10,2,TRAIN,11,146206
campaign3_gate2_v1:F04:K25:2:D11,F04,K25,D11,2,TRAIN,13,146280
campaign3_gate2_v1:F04:K25:2:DbetaU,F04,K25,DbetaU,2,TRAIN,11,146314
campaign3_gate2_v1:F04:K25:3:D00,F04,K25,D00,3,VALIDATION,27,146366
campaign3_gate2_v1:F04:K25:3:D01,F04,K25,D01,3,VALIDATION,19,146430
campaign3_gate2_v1:F04:K25:3:D10,F04,K25,D10,3,VALIDATION,21,146396
campaign3_gate2_v1:F04:K25:3:D11,F04,K25,D11,3,VALIDATION,18,146465
campaign3_gate2_v1:F04:K25:3:DbetaU,F04,K25,DbetaU,3,VALIDATION,13,146496
campaign3_gate2_v1:F04:K25:4:D00,F04,K25,D00,4,DEVELOPMENT_TEST,24,146543
campaign3_gate2_v1:F04:K25:4:D01,F04,K25,D01,4,DEVELOPMENT_TEST,18,146609
campaign3_gate2_v1:F04:K25:4:D10,F04,K25,D10,4,DEVELOPMENT_TEST,16,146571
campaign3_gate2_v1:F04:K25:4:D11,F04,K25,D11,4,DEVELOPMENT_TEST,7,146634
campaign3_gate2_v1:F04:K25:4:DbetaU,F04,K25,DbetaU,4,DEVELOPMENT_TEST,15,146678
campaign3_gate2_v1:F04:K26:0:D00,F04,K26,D00,0,TRAIN,6,146705
campaign3_gate2_v1:F04:K26:0:D01,F04,K26,D01,0,TRAIN,24,146795
campaign3_gate2_v1:F04:K26:0:D10,F04,K26,D10,0,TRAIN,1,146736
campaign3_gate2_v1:F04:K26:0:D11,F04,K26,D11,0,TRAIN,33,146840
campaign3_gate2_v1:F04:K26:0:DbetaU,F04,K26,DbetaU,0,TRAIN,23,146866
campaign3_gate2_v1:F04:K26:1:D00,F04,K26,D00,1,TRAIN,32,146911
campaign3_gate2_v1:F04:K26:1:D01,F04,K26,D01,1,TRAIN,26,146977
campaign3_gate2_v1:F04:K26:1:D10,F04,K26,D10,1,TRAIN,31,146946
campaign3_gate2_v1:F04:K26:1:D11,F04,K26,D11,1,TRAIN,6,146993
campaign3_gate2_v1:F04:K26:1:DbetaU,F04,K26,DbetaU,1,TRAIN,21,147044
campaign3_gate2_v1:F04:K26:2:D00,F04,K26,D00,2,TRAIN,24,147083
campaign3_gate2_v1:F04:K26:2:D01,F04,K26,D01,2,TRAIN,26,147157
campaign3_gate2_v1:F04:K26:2:D10,F04,K26,D10,2,TRAIN,36,147131
campaign3_gate2_v1:F04:K26:2:D11,F04,K26,D11,2,TRAIN,20,147187
campaign3_gate2_v1:F04:K26:2:DbetaU,F04,K26,DbetaU,2,TRAIN,23,147226
campaign3_gate2_v1:F04:K26:3:D00,F04,K26,D00,3,VALIDATION,31,147270
campaign3_gate2_v1:F04:K26:3:D01,F04,K26,D01,3,VALIDATION,29,147340
campaign3_gate2_v1:F04:K26:3:D10,F04,K26,D10,3,VALIDATION,12,147287
campaign3_gate2_v1:F04:K26:3:D11,F04,K26,D11,3,VALIDATION,35,147382
campaign3_gate2_v1:F04:K26:3:DbetaU,F04,K26,DbetaU,3,VALIDATION,6,147389
campaign3_gate2_v1:F04:K26:4:D00,F04,K26,D00,4,DEVELOPMENT_TEST,28,147447
campaign3_gate2_v1:F04:K26:4:D01,F04,K26,D01,4,DEVELOPMENT_TEST,19,147510
campaign3_gate2_v1:F04:K26:4:D10,F04,K26,D10,4,DEVELOPMENT_TEST,26,147481
campaign3_gate2_v1:F04:K26:4:D11,F04,K26,D11,4,DEVELOPMENT_TEST,23,147550
campaign3_gate2_v1:F04:K26:4:DbetaU,F04,K26,DbetaU,4,DEVELOPMENT_TEST,30,147593
campaign3_gate2_v1:F04:K27:0:D00,F04,K27,D00,0,TRAIN,33,147632
campaign3_gate2_v1:F04:K27:0:D01,F04,K27,D01,0,TRAIN,1,147672
campaign3_gate2_v1:F04:K27:0:D10,F04,K27,D10,0,TRAIN,29,147664
campaign3_gate2_v1:F04:K27:0:D11,F04,K27,D11,0,TRAIN,23,147730
campaign3_gate2_v1:F04:K27:0:DbetaU,F04,K27,DbetaU,0,TRAIN,21,147764
campaign3_gate2_v1:F04:K27:1:D00,F04,K27,D00,1,TRAIN,24,147803
campaign3_gate2_v1:F04:K27:1:D01,F04,K27,D01,1,TRAIN,9,147860
campaign3_gate2_v1:F04:K27:1:D10,F04,K27,D10,1,TRAIN,31,147846
campaign3_gate2_v1:F04:K27:1:D11,F04,K27,D11,1,TRAIN,9,147896
campaign3_gate2_v1:F04:K27:1:DbetaU,F04,K27,DbetaU,1,TRAIN,16,147939
campaign3_gate2_v1:F04:K27:2:D00,F04,K27,D00,2,TRAIN,19,147978
campaign3_gate2_v1:F04:K27:2:D01,F04,K27,D01,2,TRAIN,36,148067
campaign3_gate2_v1:F04:K27:2:D10,F04,K27,D10,2,TRAIN,27,148022
campaign3_gate2_v1:F04:K27:2:D11,F04,K27,D11,2,TRAIN,22,148089
campaign3_gate2_v1:F04:K27:2:DbetaU,F04,K27,DbetaU,2,TRAIN,16,148119
campaign3_gate2_v1:F04:K27:3:D00,F04,K27,D00,3,VALIDATION,2,148141
campaign3_gate2_v1:F04:K27:3:D01,F04,K27,D01,3,VALIDATION,27,148238
campaign3_gate2_v1:F04:K27:3:D10,F04,K27,D10,3,VALIDATION,13,148188
campaign3_gate2_v1:F04:K27:3:D11,F04,K27,D11,3,VALIDATION,11,148258
campaign3_gate2_v1:F04:K27:3:DbetaU,F04,K27,DbetaU,3,VALIDATION,35,148318
campaign3_gate2_v1:F04:K27:4:D00,F04,K27,D00,4,DEVELOPMENT_TEST,1,148320
campaign3_gate2_v1:F04:K27:4:D01,F04,K27,D01,4,DEVELOPMENT_TEST,28,148419
campaign3_gate2_v1:F04:K27:4:D10,F04,K27,D10,4,DEVELOPMENT_TEST,16,148371
campaign3_gate2_v1:F04:K27:4:D11,F04,K27,D11,4,DEVELOPMENT_TEST,8,148435
campaign3_gate2_v1:F04:K27:4:DbetaU,F04,K27,DbetaU,4,DEVELOPMENT_TEST,35,148498
campaign3_gate2_v1:F04:K31:0:D00,F04,K31,D00,0,TRAIN,16,148515
campaign3_gate2_v1:F04:K31:0:D01,F04,K31,D01,0,TRAIN,10,148581
campaign3_gate2_v1:F04:K31:0:D10,F04,K31,D10,0,TRAIN,34,148569
campaign3_gate2_v1:F04:K31:0:D11,F04,K31,D11,0,TRAIN,26,148633
campaign3_gate2_v1:F04:K31:0:DbetaU,F04,K31,DbetaU,0,TRAIN,2,148645
campaign3_gate2_v1:F04:K31:1:D00,F04,K31,D00,1,TRAIN,33,148712
campaign3_gate2_v1:F04:K31:1:D01,F04,K31,D01,1,TRAIN,35,148786
campaign3_gate2_v1:F04:K31:1:D10,F04,K31,D10,1,TRAIN,15,148730
campaign3_gate2_v1:F04:K31:1:D11,F04,K31,D11,1,TRAIN,17,148804
campaign3_gate2_v1:F04:K31:1:DbetaU,F04,K31,DbetaU,1,TRAIN,27,148850
campaign3_gate2_v1:F04:K31:2:D00,F04,K31,D00,2,TRAIN,16,148875
campaign3_gate2_v1:F04:K31:2:D01,F04,K31,D01,2,TRAIN,35,148966
campaign3_gate2_v1:F04:K31:2:D10,F04,K31,D10,2,TRAIN,20,148915
campaign3_gate2_v1:F04:K31:2:D11,F04,K31,D11,2,TRAIN,5,148972
campaign3_gate2_v1:F04:K31:2:DbetaU,F04,K31,DbetaU,2,TRAIN,8,149011
campaign3_gate2_v1:F04:K31:3:D00,F04,K31,D00,3,VALIDATION,4,149043
campaign3_gate2_v1:F04:K31:3:D01,F04,K31,D01,3,VALIDATION,17,149128
campaign3_gate2_v1:F04:K31:3:D10,F04,K31,D10,3,VALIDATION,19,149094
campaign3_gate2_v1:F04:K31:3:D11,F04,K31,D11,3,VALIDATION,31,149178
campaign3_gate2_v1:F04:K31:3:DbetaU,F04,K31,DbetaU,3,VALIDATION,23,149206
campaign3_gate2_v1:F04:K31:4:D00,F04,K31,D00,4,DEVELOPMENT_TEST,4,149223
campaign3_gate2_v1:F04:K31:4:D01,F04,K31,D01,4,DEVELOPMENT_TEST,4,149295
campaign3_gate2_v1:F04:K31:4:D10,F04,K31,D10,4,DEVELOPMENT_TEST,14,149269
campaign3_gate2_v1:F04:K31:4:D11,F04,K31,D11,4,DEVELOPMENT_TEST,27,149354
campaign3_gate2_v1:F04:K31:4:DbetaU,F04,K31,DbetaU,4,DEVELOPMENT_TEST,18,149381
campaign3_gate2_v1:F04:K32:0:D00,F04,K32,D00,0,TRAIN,5,149404
campaign3_gate2_v1:F04:K32:0:D01,F04,K32,D01,0,TRAIN,1,149472
campaign3_gate2_v1:F04:K32:0:D10,F04,K32,D10,0,TRAIN,1,149436
campaign3_gate2_v1:F04:K32:0:D11,F04,K32,D11,0,TRAIN,5,149512
campaign3_gate2_v1:F04:K32:0:DbetaU,F04,K32,DbetaU,0,TRAIN,15,149558
campaign3_gate2_v1:F04:K32:1:D00,F04,K32,D00,1,TRAIN,27,149606
campaign3_gate2_v1:F04:K32:1:D01,F04,K32,D01,1,TRAIN,12,149663
campaign3_gate2_v1:F04:K32:1:D10,F04,K32,D10,1,TRAIN,31,149646
campaign3_gate2_v1:F04:K32:1:D11,F04,K32,D11,1,TRAIN,22,149709
campaign3_gate2_v1:F04:K32:1:DbetaU,F04,K32,DbetaU,1,TRAIN,7,149730
campaign3_gate2_v1:F04:K32:2:D00,F04,K32,D00,2,TRAIN,26,149785
campaign3_gate2_v1:F04:K32:2:D01,F04,K32,D01,2,TRAIN,20,149851
campaign3_gate2_v1:F04:K32:2:D10,F04,K32,D10,2,TRAIN,32,149827
campaign3_gate2_v1:F04:K32:2:D11,F04,K32,D11,2,TRAIN,25,149892
campaign3_gate2_v1:F04:K32:2:DbetaU,F04,K32,DbetaU,2,TRAIN,21,149924
campaign3_gate2_v1:F04:K32:3:D00,F04,K32,D00,3,VALIDATION,19,149958
campaign3_gate2_v1:F04:K32:3:D01,F04,K32,D01,3,VALIDATION,5,150016
campaign3_gate2_v1:F04:K32:3:D10,F04,K32,D10,3,VALIDATION,30,150005
campaign3_gate2_v1:F04:K32:3:D11,F04,K32,D11,3,VALIDATION,19,150066
campaign3_gate2_v1:F04:K32:3:DbetaU,F04,K32,DbetaU,3,VALIDATION,28,150111
campaign3_gate2_v1:F04:K32:4:D00,F04,K32,D00,4,DEVELOPMENT_TEST,31,150150
campaign3_gate2_v1:F04:K32:4:D01,F04,K32,D01,4,DEVELOPMENT_TEST,31,150222
campaign3_gate2_v1:F04:K32:4:D10,F04,K32,D10,4,DEVELOPMENT_TEST,12,150167
campaign3_gate2_v1:F04:K32:4:D11,F04,K32,D11,4,DEVELOPMENT_TEST,6,150233
campaign3_gate2_v1:F04:K32:4:DbetaU,F04,K32,DbetaU,4,DEVELOPMENT_TEST,36,150299
campaign3_gate2_v1:F04:K33:0:D00,F04,K33,D00,0,TRAIN,35,150334
campaign3_gate2_v1:F04:K33:0:D01,F04,K33,D01,0,TRAIN,27,150398
campaign3_gate2_v1:F04:K33:0:D10,F04,K33,D10,0,TRAIN,36,150371
campaign3_gate2_v1:F04:K33:0:D11,F04,K33,D11,0,TRAIN,23,150430
campaign3_gate2_v1:F04:K33:0:DbetaU,F04,K33,DbetaU,0,TRAIN,34,150477
campaign3_gate2_v1:F04:K33:1:D00,F04,K33,D00,1,TRAIN,9,150488
campaign3_gate2_v1:F04:K33:1:D01,F04,K33,D01,1,TRAIN,12,150563
campaign3_gate2_v1:F04:K33:1:D10,F04,K33,D10,1,TRAIN,26,150541
campaign3_gate2_v1:F04:K33:1:D11,F04,K33,D11,1,TRAIN,30,150617
campaign3_gate2_v1:F04:K33:1:DbetaU,F04,K33,DbetaU,1,TRAIN,16,150639
campaign3_gate2_v1:F04:K33:2:D00,F04,K33,D00,2,TRAIN,12,150671
campaign3_gate2_v1:F04:K33:2:D01,F04,K33,D01,2,TRAIN,2,150733
campaign3_gate2_v1:F04:K33:2:D10,F04,K33,D10,2,TRAIN,25,150720
campaign3_gate2_v1:F04:K33:2:D11,F04,K33,D11,2,TRAIN,30,150797
campaign3_gate2_v1:F04:K33:2:DbetaU,F04,K33,DbetaU,2,TRAIN,20,150823
campaign3_gate2_v1:F04:K33:3:D00,F04,K33,D00,3,VALIDATION,34,150873
campaign3_gate2_v1:F04:K33:3:D01,F04,K33,D01,3,VALIDATION,23,150934
campaign3_gate2_v1:F04:K33:3:D10,F04,K33,D10,3,VALIDATION,17,150892
campaign3_gate2_v1:F04:K33:3:D11,F04,K33,D11,3,VALIDATION,35,150982
campaign3_gate2_v1:F04:K33:3:DbetaU,F04,K33,DbetaU,3,VALIDATION,1,150984
campaign3_gate2_v1:F04:K33:4:D00,F04,K33,D00,4,DEVELOPMENT_TEST,17,151036
campaign3_gate2_v1:F04:K33:4:D01,F04,K33,D01,4,DEVELOPMENT_TEST,35,151126
campaign3_gate2_v1:F04:K33:4:D10,F04,K33,D10,4,DEVELOPMENT_TEST,12,151067
campaign3_gate2_v1:F04:K33:4:D11,F04,K33,D11,4,DEVELOPMENT_TEST,6,151133
campaign3_gate2_v1:F04:K33:4:DbetaU,F04,K33,DbetaU,4,DEVELOPMENT_TEST,13,151176
campaign3_gate2_v1:F05:K01:0:D00,F05,K01,D00,0,TRAIN,9,151208
campaign3_gate2_v1:F05:K01:0:D01,F05,K01,D01,0,TRAIN,14,151285
campaign3_gate2_v1:F05:K01:0:D10,F05,K01,D10,0,TRAIN,19,151254
campaign3_gate2_v1:F05:K01:0:D11,F05,K01,D11,0,TRAIN,12,151319
campaign3_gate2_v1:F05:K01:0:DbetaU,F05,K01,DbetaU,0,TRAIN,33,151376
campaign3_gate2_v1:F05:K01:1:D00,F05,K01,D00,1,TRAIN,24,151403
campaign3_gate2_v1:F05:K01:1:D01,F05,K01,D01,1,TRAIN,35,151486
campaign3_gate2_v1:F05:K01:1:D10,F05,K01,D10,1,TRAIN,23,151438
campaign3_gate2_v1:F05:K01:1:D11,F05,K01,D11,1,TRAIN,5,151492
campaign3_gate2_v1:F05:K01:1:DbetaU,F05,K01,DbetaU,1,TRAIN,13,151536
campaign3_gate2_v1:F05:K01:2:D00,F05,K01,D00,2,TRAIN,15,151574
campaign3_gate2_v1:F05:K01:2:D01,F05,K01,D01,2,TRAIN,20,151651
campaign3_gate2_v1:F05:K01:2:D10,F05,K01,D10,2,TRAIN,18,151613
campaign3_gate2_v1:F05:K01:2:D11,F05,K01,D11,2,TRAIN,27,151694
campaign3_gate2_v1:F05:K01:2:DbetaU,F05,K01,DbetaU,2,TRAIN,11,151714
campaign3_gate2_v1:F05:K01:3:D00,F05,K01,D00,3,VALIDATION,5,151744
campaign3_gate2_v1:F05:K01:3:D01,F05,K01,D01,3,VALIDATION,16,151827
campaign3_gate2_v1:F05:K01:3:D10,F05,K01,D10,3,VALIDATION,22,151797
campaign3_gate2_v1:F05:K01:3:D11,F05,K01,D11,3,VALIDATION,35,151882
campaign3_gate2_v1:F05:K01:3:DbetaU,F05,K01,DbetaU,3,VALIDATION,13,151896
campaign3_gate2_v1:F05:K01:4:D00,F05,K01,D00,4,DEVELOPMENT_TEST,26,151945
campaign3_gate2_v1:F05:K01:4:D01,F05,K01,D01,4,DEVELOPMENT_TEST,22,152013
campaign3_gate2_v1:F05:K01:4:D10,F05,K01,D10,4,DEVELOPMENT_TEST,7,151962
campaign3_gate2_v1:F05:K01:4:D11,F05,K01,D11,4,DEVELOPMENT_TEST,22,152049
campaign3_gate2_v1:F05:K01:4:DbetaU,F05,K01,DbetaU,4,DEVELOPMENT_TEST,20,152083
campaign3_gate2_v1:F05:K02:0:D00,F05,K02,D00,0,TRAIN,2,152101
campaign3_gate2_v1:F05:K02:0:D01,F05,K02,D01,0,TRAIN,33,152204
campaign3_gate2_v1:F05:K02:0:D10,F05,K02,D10,0,TRAIN,3,152138
campaign3_gate2_v1:F05:K02:0:D11,F05,K02,D11,0,TRAIN,3,152210
campaign3_gate2_v1:F05:K02:0:DbetaU,F05,K02,DbetaU,0,TRAIN,19,152262
campaign3_gate2_v1:F05:K02:1:D00,F05,K02,D00,1,TRAIN,18,152297
campaign3_gate2_v1:F05:K02:1:D01,F05,K02,D01,1,TRAIN,23,152374
campaign3_gate2_v1:F05:K02:1:D10,F05,K02,D10,1,TRAIN,34,152349
campaign3_gate2_v1:F05:K02:1:D11,F05,K02,D11,1,TRAIN,28,152415
campaign3_gate2_v1:F05:K02:1:DbetaU,F05,K02,DbetaU,1,TRAIN,3,152426
campaign3_gate2_v1:F05:K02:2:D00,F05,K02,D00,2,TRAIN,6,152465
campaign3_gate2_v1:F05:K02:2:D01,F05,K02,D01,2,TRAIN,13,152544
campaign3_gate2_v1:F05:K02:2:D10,F05,K02,D10,2,TRAIN,11,152506
campaign3_gate2_v1:F05:K02:2:D11,F05,K02,D11,2,TRAIN,18,152585
campaign3_gate2_v1:F05:K02:2:DbetaU,F05,K02,DbetaU,2,TRAIN,16,152619
campaign3_gate2_v1:F05:K02:3:D00,F05,K02,D00,3,VALIDATION,21,152660
campaign3_gate2_v1:F05:K02:3:D01,F05,K02,D01,3,VALIDATION,30,152741
campaign3_gate2_v1:F05:K02:3:D10,F05,K02,D10,3,VALIDATION,17,152692
campaign3_gate2_v1:F05:K02:3:D11,F05,K02,D11,3,VALIDATION,12,152759
campaign3_gate2_v1:F05:K02:3:DbetaU,F05,K02,DbetaU,3,VALIDATION,13,152796
campaign3_gate2_v1:F05:K02:4:D00,F05,K02,D00,4,DEVELOPMENT_TEST,17,152836
campaign3_gate2_v1:F05:K02:4:D01,F05,K02,D01,4,DEVELOPMENT_TEST,23,152914
campaign3_gate2_v1:F05:K02:4:D10,F05,K02,D10,4,DEVELOPMENT_TEST,25,152880
campaign3_gate2_v1:F05:K02:4:D11,F05,K02,D11,4,DEVELOPMENT_TEST,18,152945
campaign3_gate2_v1:F05:K02:4:DbetaU,F05,K02,DbetaU,4,DEVELOPMENT_TEST,31,152994
campaign3_gate2_v1:F05:K03:0:D00,F05,K03,D00,0,TRAIN,35,153034
campaign3_gate2_v1:F05:K03:0:D01,F05,K03,D01,0,TRAIN,17,153088
campaign3_gate2_v1:F05:K03:0:D10,F05,K03,D10,0,TRAIN,8,153043
campaign3_gate2_v1:F05:K03:0:D11,F05,K03,D11,0,TRAIN,35,153142
campaign3_gate2_v1:F05:K03:0:DbetaU,F05,K03,DbetaU,0,TRAIN,23,153166
campaign3_gate2_v1:F05:K03:1:D00,F05,K03,D00,1,TRAIN,2,153181
campaign3_gate2_v1:F05:K03:1:D01,F05,K03,D01,1,TRAIN,36,153287
campaign3_gate2_v1:F05:K03:1:D10,F05,K03,D10,1,TRAIN,23,153238
campaign3_gate2_v1:F05:K03:1:D11,F05,K03,D11,1,TRAIN,35,153322
campaign3_gate2_v1:F05:K03:1:DbetaU,F05,K03,DbetaU,1,TRAIN,5,153328
campaign3_gate2_v1:F05:K03:2:D00,F05,K03,D00,2,TRAIN,36,153395
campaign3_gate2_v1:F05:K03:2:D01,F05,K03,D01,2,TRAIN,34,153465
campaign3_gate2_v1:F05:K03:2:D10,F05,K03,D10,2,TRAIN,33,153428
campaign3_gate2_v1:F05:K03:2:D11,F05,K03,D11,2,TRAIN,32,153499
campaign3_gate2_v1:F05:K03:2:DbetaU,F05,K03,DbetaU,2,TRAIN,29,153532
campaign3_gate2_v1:F05:K03:3:D00,F05,K03,D00,3,VALIDATION,35,153574
campaign3_gate2_v1:F05:K03:3:D01,F05,K03,D01,3,VALIDATION,20,153631
campaign3_gate2_v1:F05:K03:3:D10,F05,K03,D10,3,VALIDATION,29,153604
campaign3_gate2_v1:F05:K03:3:D11,F05,K03,D11,3,VALIDATION,35,153682
campaign3_gate2_v1:F05:K03:3:DbetaU,F05,K03,DbetaU,3,VALIDATION,34,153717
campaign3_gate2_v1:F05:K03:4:D00,F05,K03,D00,4,DEVELOPMENT_TEST,2,153721
campaign3_gate2_v1:F05:K03:4:D01,F05,K03,D01,4,DEVELOPMENT_TEST,25,153816
campaign3_gate2_v1:F05:K03:4:D10,F05,K03,D10,4,DEVELOPMENT_TEST,1,153756
campaign3_gate2_v1:F05:K03:4:D11,F05,K03,D11,4,DEVELOPMENT_TEST,5,153832
campaign3_gate2_v1:F05:K03:4:DbetaU,F05,K03,DbetaU,4,DEVELOPMENT_TEST,7,153870
campaign3_gate2_v1:F05:K05:0:D00,F05,K05,D00,0,TRAIN,33,153932
campaign3_gate2_v1:F05:K05:0:D01,F05,K05,D01,0,TRAIN,9,153980
campaign3_gate2_v1:F05:K05:0:D10,F05,K05,D10,0,TRAIN,12,153947
campaign3_gate2_v1:F05:K05:0:D11,F05,K05,D11,0,TRAIN,28,154035
campaign3_gate2_v1:F05:K05:0:DbetaU,F05,K05,DbetaU,0,TRAIN,27,154070
campaign3_gate2_v1:F05:K05:1:D00,F05,K05,D00,1,TRAIN,16,154095
campaign3_gate2_v1:F05:K05:1:D01,F05,K05,D01,1,TRAIN,8,154159
campaign3_gate2_v1:F05:K05:1:D10,F05,K05,D10,1,TRAIN,18,154133
campaign3_gate2_v1:F05:K05:1:D11,F05,K05,D11,1,TRAIN,26,154213
campaign3_gate2_v1:F05:K05:1:DbetaU,F05,K05,DbetaU,1,TRAIN,3,154226
campaign3_gate2_v1:F05:K05:2:D00,F05,K05,D00,2,TRAIN,28,154287
campaign3_gate2_v1:F05:K05:2:D01,F05,K05,D01,2,TRAIN,22,154353
campaign3_gate2_v1:F05:K05:2:D10,F05,K05,D10,2,TRAIN,7,154302
campaign3_gate2_v1:F05:K05:2:D11,F05,K05,D11,2,TRAIN,25,154392
campaign3_gate2_v1:F05:K05:2:DbetaU,F05,K05,DbetaU,2,TRAIN,26,154429
campaign3_gate2_v1:F05:K05:3:D00,F05,K05,D00,3,VALIDATION,17,154456
campaign3_gate2_v1:F05:K05:3:D01,F05,K05,D01,3,VALIDATION,9,154520
campaign3_gate2_v1:F05:K05:3:D10,F05,K05,D10,3,VALIDATION,32,154507
campaign3_gate2_v1:F05:K05:3:D11,F05,K05,D11,3,VALIDATION,16,154563
campaign3_gate2_v1:F05:K05:3:DbetaU,F05,K05,DbetaU,3,VALIDATION,26,154609
campaign3_gate2_v1:F05:K05:4:D00,F05,K05,D00,4,DEVELOPMENT_TEST,4,154623
campaign3_gate2_v1:F05:K05:4:D01,F05,K05,D01,4,DEVELOPMENT_TEST,8,154699
campaign3_gate2_v1:F05:K05:4:D10,F05,K05,D10,4,DEVELOPMENT_TEST,30,154685
campaign3_gate2_v1:F05:K05:4:D11,F05,K05,D11,4,DEVELOPMENT_TEST,34,154761
campaign3_gate2_v1:F05:K05:4:DbetaU,F05,K05,DbetaU,4,DEVELOPMENT_TEST,18,154781
campaign3_gate2_v1:F05:K06:0:D00,F05,K06,D00,0,TRAIN,26,154825
campaign3_gate2_v1:F05:K06:0:D01,F05,K06,D01,0,TRAIN,7,154878
campaign3_gate2_v1:F05:K06:0:D10,F05,K06,D10,0,TRAIN,34,154869
campaign3_gate2_v1:F05:K06:0:D11,F05,K06,D11,0,TRAIN,34,154941
campaign3_gate2_v1:F05:K06:0:DbetaU,F05,K06,DbetaU,0,TRAIN,22,154965
campaign3_gate2_v1:F05:K06:1:D00,F05,K06,D00,1,TRAIN,19,154998
campaign3_gate2_v1:F05:K06:1:D01,F05,K06,D01,1,TRAIN,8,155059
campaign3_gate2_v1:F05:K06:1:D10,F05,K06,D10,1,TRAIN,21,155036
campaign3_gate2_v1:F05:K06:1:D11,F05,K06,D11,1,TRAIN,16,155103
campaign3_gate2_v1:F05:K06:1:DbetaU,F05,K06,DbetaU,1,TRAIN,14,155137
campaign3_gate2_v1:F05:K06:2:D00,F05,K06,D00,2,TRAIN,1,155160
campaign3_gate2_v1:F05:K06:2:D01,F05,K06,D01,2,TRAIN,17,155248
campaign3_gate2_v1:F05:K06:2:D10,F05,K06,D10,2,TRAIN,30,155225
campaign3_gate2_v1:F05:K06:2:D11,F05,K06,D11,2,TRAIN,16,155283
campaign3_gate2_v1:F05:K06:2:DbetaU,F05,K06,DbetaU,2,TRAIN,3,155306
campaign3_gate2_v1:F05:K06:3:D00,F05,K06,D00,3,VALIDATION,9,155348
campaign3_gate2_v1:F05:K06:3:D01,F05,K06,D01,3,VALIDATION,31,155442
campaign3_gate2_v1:F05:K06:3:D10,F05,K06,D10,3,VALIDATION,35,155410
campaign3_gate2_v1:F05:K06:3:D11,F05,K06,D11,3,VALIDATION,17,155464
campaign3_gate2_v1:F05:K06:3:DbetaU,F05,K06,DbetaU,3,VALIDATION,36,155519
campaign3_gate2_v1:F05:K06:4:D00,F05,K06,D00,4,DEVELOPMENT_TEST,3,155522
campaign3_gate2_v1:F05:K06:4:D01,F05,K06,D01,4,DEVELOPMENT_TEST,20,155611
campaign3_gate2_v1:F05:K06:4:D10,F05,K06,D10,4,DEVELOPMENT_TEST,8,155563
campaign3_gate2_v1:F05:K06:4:D11,F05,K06,D11,4,DEVELOPMENT_TEST,24,155651
campaign3_gate2_v1:F05:K06:4:DbetaU,F05,K06,DbetaU,4,DEVELOPMENT_TEST,7,155670
campaign3_gate2_v1:F05:K07:0:D00,F05,K07,D00,0,TRAIN,24,155723
campaign3_gate2_v1:F05:K07:0:D01,F05,K07,D01,0,TRAIN,9,155780
campaign3_gate2_v1:F05:K07:0:D10,F05,K07,D10,0,TRAIN,26,155761
campaign3_gate2_v1:F05:K07:0:D11,F05,K07,D11,0,TRAIN,28,155835
campaign3_gate2_v1:F05:K07:0:DbetaU,F05,K07,DbetaU,0,TRAIN,15,155858
campaign3_gate2_v1:F05:K07:1:D00,F05,K07,D00,1,TRAIN,2,155881
campaign3_gate2_v1:F05:K07:1:D01,F05,K07,D01,1,TRAIN,25,155976
campaign3_gate2_v1:F05:K07:1:D10,F05,K07,D10,1,TRAIN,33,155948
campaign3_gate2_v1:F05:K07:1:D11,F05,K07,D11,1,TRAIN,26,156013
campaign3_gate2_v1:F05:K07:1:DbetaU,F05,K07,DbetaU,1,TRAIN,27,156050
campaign3_gate2_v1:F05:K07:2:D00,F05,K07,D00,2,TRAIN,20,156079
campaign3_gate2_v1:F05:K07:2:D01,F05,K07,D01,2,TRAIN,31,156162
campaign3_gate2_v1:F05:K07:2:D10,F05,K07,D10,2,TRAIN,8,156103
campaign3_gate2_v1:F05:K07:2:D11,F05,K07,D11,2,TRAIN,1,156168
campaign3_gate2_v1:F05:K07:2:DbetaU,F05,K07,DbetaU,2,TRAIN,29,156232
campaign3_gate2_v1:F05:K07:3:D00,F05,K07,D00,3,VALIDATION,12,156251
campaign3_gate2_v1:F05:K07:3:D01,F05,K07,D01,3,VALIDATION,28,156339
campaign3_gate2_v1:F05:K07:3:D10,F05,K07,D10,3,VALIDATION,2,156277
campaign3_gate2_v1:F05:K07:3:D11,F05,K07,D11,3,VALIDATION,6,156353
campaign3_gate2_v1:F05:K07:3:DbetaU,F05,K07,DbetaU,3,VALIDATION,15,156398
campaign3_gate2_v1:F05:K07:4:D00,F05,K07,D00,4,DEVELOPMENT_TEST,36,156455
campaign3_gate2_v1:F05:K07:4:D01,F05,K07,D01,4,DEVELOPMENT_TEST,11,156502
campaign3_gate2_v1:F05:K07:4:D10,F05,K07,D10,4,DEVELOPMENT_TEST,10,156465
campaign3_gate2_v1:F05:K07:4:D11,F05,K07,D11,4,DEVELOPMENT_TEST,15,156542
campaign3_gate2_v1:F05:K07:4:DbetaU,F05,K07,DbetaU,4,DEVELOPMENT_TEST,1,156564
campaign3_gate2_v1:F05:K10:0:D00,F05,K10,D00,0,TRAIN,2,156601
campaign3_gate2_v1:F05:K10:0:D01,F05,K10,D01,0,TRAIN,11,156682
campaign3_gate2_v1:F05:K10:0:D10,F05,K10,D10,0,TRAIN,6,156641
campaign3_gate2_v1:F05:K10:0:D11,F05,K10,D11,0,TRAIN,21,156728
campaign3_gate2_v1:F05:K10:0:DbetaU,F05,K10,DbetaU,0,TRAIN,30,156773
campaign3_gate2_v1:F05:K10:1:D00,F05,K10,D00,1,TRAIN,13,156792
campaign3_gate2_v1:F05:K10:1:D01,F05,K10,D01,1,TRAIN,24,156875
campaign3_gate2_v1:F05:K10:1:D10,F05,K10,D10,1,TRAIN,15,156830
campaign3_gate2_v1:F05:K10:1:D11,F05,K10,D11,1,TRAIN,28,156915
campaign3_gate2_v1:F05:K10:1:DbetaU,F05,K10,DbetaU,1,TRAIN,25,156948
campaign3_gate2_v1:F05:K10:2:D00,F05,K10,D00,2,TRAIN,24,156983
campaign3_gate2_v1:F05:K10:2:D01,F05,K10,D01,2,TRAIN,5,157036
campaign3_gate2_v1:F05:K10:2:D10,F05,K10,D10,2,TRAIN,10,157005
campaign3_gate2_v1:F05:K10:2:D11,F05,K10,D11,2,TRAIN,31,157098
campaign3_gate2_v1:F05:K10:2:DbetaU,F05,K10,DbetaU,2,TRAIN,23,157126
campaign3_gate2_v1:F05:K10:3:D00,F05,K10,D00,3,VALIDATION,25,157164
campaign3_gate2_v1:F05:K10:3:D01,F05,K10,D01,3,VALIDATION,6,157217
campaign3_gate2_v1:F05:K10:3:D10,F05,K10,D10,3,VALIDATION,9,157184
campaign3_gate2_v1:F05:K10:3:D11,F05,K10,D11,3,VALIDATION,9,157256
campaign3_gate2_v1:F05:K10:3:DbetaU,F05,K10,DbetaU,3,VALIDATION,5,157288
campaign3_gate2_v1:F05:K10:4:D00,F05,K10,D00,4,DEVELOPMENT_TEST,33,157352
campaign3_gate2_v1:F05:K10:4:D01,F05,K10,D01,4,DEVELOPMENT_TEST,8,157399
campaign3_gate2_v1:F05:K10:4:D10,F05,K10,D10,4,DEVELOPMENT_TEST,27,157382
campaign3_gate2_v1:F05:K10:4:D11,F05,K10,D11,4,DEVELOPMENT_TEST,28,157455
campaign3_gate2_v1:F05:K10:4:DbetaU,F05,K10,DbetaU,4,DEVELOPMENT_TEST,33,157496
campaign3_gate2_v1:F05:K11:0:D00,F05,K11,D00,0,TRAIN,4,157503
campaign3_gate2_v1:F05:K11:0:D01,F05,K11,D01,0,TRAIN,24,157595
campaign3_gate2_v1:F05:K11:0:D10,F05,K11,D10,0,TRAIN,22,157557
campaign3_gate2_v1:F05:K11:0:D11,F05,K11,D11,0,TRAIN,29,157636
campaign3_gate2_v1:F05:K11:0:DbetaU,F05,K11,DbetaU,0,TRAIN,31,157674
campaign3_gate2_v1:F05:K11:1:D00,F05,K11,D00,1,TRAIN,5,157684
campaign3_gate2_v1:F05:K11:1:D01,F05,K11,D01,1,TRAIN,2,157753
campaign3_gate2_v1:F05:K11:1:D10,F05,K11,D10,1,TRAIN,34,157749
campaign3_gate2_v1:F05:K11:1:D11,F05,K11,D11,1,TRAIN,30,157817
campaign3_gate2_v1:F05:K11:1:DbetaU,F05,K11,DbetaU,1,TRAIN,6,157829
campaign3_gate2_v1:F05:K11:2:D00,F05,K11,D00,2,TRAIN,30,157889
campaign3_gate2_v1:F05:K11:2:D01,F05,K11,D01,2,TRAIN,30,157961
campaign3_gate2_v1:F05:K11:2:D10,F05,K11,D10,2,TRAIN,35,157930
campaign3_gate2_v1:F05:K11:2:D11,F05,K11,D11,2,TRAIN,4,157971
campaign3_gate2_v1:F05:K11:2:DbetaU,F05,K11,DbetaU,2,TRAIN,36,158039
campaign3_gate2_v1:F05:K11:3:D00,F05,K11,D00,3,VALIDATION,29,158068
campaign3_gate2_v1:F05:K11:3:D01,F05,K11,D01,3,VALIDATION,21,158132
campaign3_gate2_v1:F05:K11:3:D10,F05,K11,D10,3,VALIDATION,6,158081
campaign3_gate2_v1:F05:K11:3:D11,F05,K11,D11,3,VALIDATION,2,158149
campaign3_gate2_v1:F05:K11:3:DbetaU,F05,K11,DbetaU,3,VALIDATION,12,158195
campaign3_gate2_v1:F05:K11:4:D00,F05,K11,D00,4,DEVELOPMENT_TEST,28,158247
campaign3_gate2_v1:F05:K11:4:D01,F05,K11,D01,4,DEVELOPMENT_TEST,36,158327
campaign3_gate2_v1:F05:K11:4:D10,F05,K11,D10,4,DEVELOPMENT_TEST,29,158284
campaign3_gate2_v1:F05:K11:4:D11,F05,K11,D11,4,DEVELOPMENT_TEST,6,158333
campaign3_gate2_v1:F05:K11:4:DbetaU,F05,K11,DbetaU,4,DEVELOPMENT_TEST,1,158364
campaign3_gate2_v1:F05:K13:0:D00,F05,K13,D00,0,TRAIN,34,158433
campaign3_gate2_v1:F05:K13:0:D01,F05,K13,D01,0,TRAIN,31,158502
campaign3_gate2_v1:F05:K13:0:D10,F05,K13,D10,0,TRAIN,32,158467
campaign3_gate2_v1:F05:K13:0:D11,F05,K13,D11,0,TRAIN,36,158543
campaign3_gate2_v1:F05:K13:0:DbetaU,F05,K13,DbetaU,0,TRAIN,5,158548
campaign3_gate2_v1:F05:K13:1:D00,F05,K13,D00,1,TRAIN,26,158605
campaign3_gate2_v1:F05:K13:1:D01,F05,K13,D01,1,TRAIN,23,158674
campaign3_gate2_v1:F05:K13:1:D10,F05,K13,D10,1,TRAIN,4,158619
campaign3_gate2_v1:F05:K13:1:D11,F05,K13,D11,1,TRAIN,29,158716
campaign3_gate2_v1:F05:K13:1:DbetaU,F05,K13,DbetaU,1,TRAIN,16,158739
campaign3_gate2_v1:F05:K13:2:D00,F05,K13,D00,2,TRAIN,12,158771
campaign3_gate2_v1:F05:K13:2:D01,F05,K13,D01,2,TRAIN,17,158848
campaign3_gate2_v1:F05:K13:2:D10,F05,K13,D10,2,TRAIN,22,158817
campaign3_gate2_v1:F05:K13:2:D11,F05,K13,D11,2,TRAIN,11,158878
campaign3_gate2_v1:F05:K13:2:DbetaU,F05,K13,DbetaU,2,TRAIN,13,158916
campaign3_gate2_v1:F05:K13:3:D00,F05,K13,D00,3,VALIDATION,14,158953
campaign3_gate2_v1:F05:K13:3:D01,F05,K13,D01,3,VALIDATION,10,159021
campaign3_gate2_v1:F05:K13:3:D10,F05,K13,D10,3,VALIDATION,34,159009
campaign3_gate2_v1:F05:K13:3:D11,F05,K13,D11,3,VALIDATION,28,159075
campaign3_gate2_v1:F05:K13:3:DbetaU,F05,K13,DbetaU,3,VALIDATION,9,159092
campaign3_gate2_v1:F05:K13:4:D00,F05,K13,D00,4,DEVELOPMENT_TEST,23,159142
campaign3_gate2_v1:F05:K13:4:D01,F05,K13,D01,4,DEVELOPMENT_TEST,8,159199
campaign3_gate2_v1:F05:K13:4:D10,F05,K13,D10,4,DEVELOPMENT_TEST,22,159177
campaign3_gate2_v1:F05:K13:4:D11,F05,K13,D11,4,DEVELOPMENT_TEST,26,159253
campaign3_gate2_v1:F05:K13:4:DbetaU,F05,K13,DbetaU,4,DEVELOPMENT_TEST,32,159295
campaign3_gate2_v1:F05:K15:0:D00,F05,K15,D00,0,TRAIN,34,159333
campaign3_gate2_v1:F05:K15:0:D01,F05,K15,D01,0,TRAIN,22,159393
campaign3_gate2_v1:F05:K15:0:D10,F05,K15,D10,0,TRAIN,23,159358
campaign3_gate2_v1:F05:K15:0:D11,F05,K15,D11,0,TRAIN,15,159422
campaign3_gate2_v1:F05:K15:0:DbetaU,F05,K15,DbetaU,0,TRAIN,3,159446
campaign3_gate2_v1:F05:K15:1:D00,F05,K15,D00,1,TRAIN,4,159483
campaign3_gate2_v1:F05:K15:1:D01,F05,K15,D01,1,TRAIN,26,159577
campaign3_gate2_v1:F05:K15:1:D10,F05,K15,D10,1,TRAIN,24,159539
campaign3_gate2_v1:F05:K15:1:D11,F05,K15,D11,1,TRAIN,16,159603
campaign3_gate2_v1:F05:K15:1:DbetaU,F05,K15,DbetaU,1,TRAIN,3,159626
campaign3_gate2_v1:F05:K15:2:D00,F05,K15,D00,2,TRAIN,35,159694
campaign3_gate2_v1:F05:K15:2:D01,F05,K15,D01,2,TRAIN,12,159743
campaign3_gate2_v1:F05:K15:2:D10,F05,K15,D10,2,TRAIN,21,159716
campaign3_gate2_v1:F05:K15:2:D11,F05,K15,D11,2,TRAIN,30,159797
campaign3_gate2_v1:F05:K15:2:DbetaU,F05,K15,DbetaU,2,TRAIN,6,159809
campaign3_gate2_v1:F05:K15:3:D00,F05,K15,D00,3,VALIDATION,27,159866
campaign3_gate2_v1:F05:K15:3:D01,F05,K15,D01,3,VALIDATION,17,159928
campaign3_gate2_v1:F05:K15:3:D10,F05,K15,D10,3,VALIDATION,10,159885
campaign3_gate2_v1:F05:K15:3:D11,F05,K15,D11,3,VALIDATION,27,159974
campaign3_gate2_v1:F05:K15:3:DbetaU,F05,K15,DbetaU,3,VALIDATION,10,159993
campaign3_gate2_v1:F05:K15:4:D00,F05,K15,D00,4,DEVELOPMENT_TEST,5,160024
campaign3_gate2_v1:F05:K15:4:D01,F05,K15,D01,4,DEVELOPMENT_TEST,28,160119
campaign3_gate2_v1:F05:K15:4:D10,F05,K15,D10,4,DEVELOPMENT_TEST,22,160077
campaign3_gate2_v1:F05:K15:4:D11,F05,K15,D11,4,DEVELOPMENT_TEST,3,160130
campaign3_gate2_v1:F05:K15:4:DbetaU,F05,K15,DbetaU,4,DEVELOPMENT_TEST,34,160197
campaign3_gate2_v1:F05:K16:0:D00,F05,K16,D00,0,TRAIN,2,160201
campaign3_gate2_v1:F05:K16:0:D01,F05,K16,D01,0,TRAIN,16,160287
campaign3_gate2_v1:F05:K16:0:D10,F05,K16,D10,0,TRAIN,2,160237
campaign3_gate2_v1:F05:K16:0:D11,F05,K16,D11,0,TRAIN,4,160311
campaign3_gate2_v1:F05:K16:0:DbetaU,F05,K16,DbetaU,0,TRAIN,1,160344
campaign3_gate2_v1:F05:K16:1:D00,F05,K16,D00,1,TRAIN,13,160392
campaign3_gate2_v1:F05:K16:1:D01,F05,K16,D01,1,TRAIN,5,160456
campaign3_gate2_v1:F05:K16:1:D10,F05,K16,D10,1,TRAIN,30,160445
campaign3_gate2_v1:F05:K16:1:D11,F05,K16,D11,1,TRAIN,2,160489
campaign3_gate2_v1:F05:K16:1:DbetaU,F05,K16,DbetaU,1,TRAIN,32,160555
campaign3_gate2_v1:F05:K16:2:D00,F05,K16,D00,2,TRAIN,13,160572
campaign3_gate2_v1:F05:K16:2:D01,F05,K16,D01,2,TRAIN,35,160666
campaign3_gate2_v1:F05:K16:2:D10,F05,K16,D10,2,TRAIN,9,160604
campaign3_gate2_v1:F05:K16:2:D11,F05,K16,D11,2,TRAIN,4,160671
campaign3_gate2_v1:F05:K16:2:DbetaU,F05,K16,DbetaU,2,TRAIN,19,160722
campaign3_gate2_v1:F05:K16:3:D00,F05,K16,D00,3,VALIDATION,9,160748
campaign3_gate2_v1:F05:K16:3:D01,F05,K16,D01,3,VALIDATION,17,160828
campaign3_gate2_v1:F05:K16:3:D10,F05,K16,D10,3,VALIDATION,20,160795
campaign3_gate2_v1:F05:K16:3:D11,F05,K16,D11,3,VALIDATION,21,160868
campaign3_gate2_v1:F05:K16:3:DbetaU,F05,K16,DbetaU,3,VALIDATION,21,160904
campaign3_gate2_v1:F05:K16:4:D00,F05,K16,D00,4,DEVELOPMENT_TEST,7,160926
campaign3_gate2_v1:F05:K16:4:D01,F05,K16,D01,4,DEVELOPMENT_TEST,21,161012
campaign3_gate2_v1:F05:K16:4:D10,F05,K16,D10,4,DEVELOPMENT_TEST,1,160956
campaign3_gate2_v1:F05:K16:4:D11,F05,K16,D11,4,DEVELOPMENT_TEST,5,161032
campaign3_gate2_v1:F05:K16:4:DbetaU,F05,K16,DbetaU,4,DEVELOPMENT_TEST,27,161090
campaign3_gate2_v1:F05:K17:0:D00,F05,K17,D00,0,TRAIN,20,161119
campaign3_gate2_v1:F05:K17:0:D01,F05,K17,D01,0,TRAIN,3,161174
campaign3_gate2_v1:F05:K17:0:D10,F05,K17,D10,0,TRAIN,6,161141
campaign3_gate2_v1:F05:K17:0:D11,F05,K17,D11,0,TRAIN,24,161231
campaign3_gate2_v1:F05:K17:0:DbetaU,F05,K17,DbetaU,0,TRAIN,18,161261
campaign3_gate2_v1:F05:K17:1:D00,F05,K17,D00,1,TRAIN,2,161281
campaign3_gate2_v1:F05:K17:1:D01,F05,K17,D01,1,TRAIN,1,161352
campaign3_gate2_v1:F05:K17:1:D10,F05,K17,D10,1,TRAIN,32,161347
campaign3_gate2_v1:F05:K17:1:D11,F05,K17,D11,1,TRAIN,28,161415
campaign3_gate2_v1:F05:K17:1:DbetaU,F05,K17,DbetaU,1,TRAIN,31,161454
campaign3_gate2_v1:F05:K17:2:D00,F05,K17,D00,2,TRAIN,28,161487
campaign3_gate2_v1:F05:K17:2:D01,F05,K17,D01,2,TRAIN,34,161565
campaign3_gate2_v1:F05:K17:2:D10,F05,K17,D10,2,TRAIN,30,161525
campaign3_gate2_v1:F05:K17:2:D11,F05,K17,D11,2,TRAIN,2,161569
campaign3_gate2_v1:F05:K17:2:DbetaU,F05,K17,DbetaU,2,TRAIN,32,161635
campaign3_gate2_v1:F05:K17:3:D00,F05,K17,D00,3,VALIDATION,7,161646
campaign3_gate2_v1:F05:K17:3:D01,F05,K17,D01,3,VALIDATION,14,161725
campaign3_gate2_v1:F05:K17:3:D10,F05,K17,D10,3,VALIDATION,33,161708
campaign3_gate2_v1:F05:K17:3:D11,F05,K17,D11,3,VALIDATION,19,161766
campaign3_gate2_v1:F05:K17:3:DbetaU,F05,K17,DbetaU,3,VALIDATION,24,161807
campaign3_gate2_v1:F05:K17:4:D00,F05,K17,D00,4,DEVELOPMENT_TEST,17,161836
campaign3_gate2_v1:F05:K17:4:D01,F05,K17,D01,4,DEVELOPMENT_TEST,25,161916
campaign3_gate2_v1:F05:K17:4:D10,F05,K17,D10,4,DEVELOPMENT_TEST,6,161861
campaign3_gate2_v1:F05:K17:4:D11,F05,K17,D11,4,DEVELOPMENT_TEST,14,161941
campaign3_gate2_v1:F05:K17:4:DbetaU,F05,K17,DbetaU,4,DEVELOPMENT_TEST,9,161972
campaign3_gate2_v1:F05:K20:0:D00,F05,K20,D00,0,TRAIN,4,162003
campaign3_gate2_v1:F05:K20:0:D01,F05,K20,D01,0,TRAIN,27,162098
campaign3_gate2_v1:F05:K20:0:D10,F05,K20,D10,0,TRAIN,22,162057
campaign3_gate2_v1:F05:K20:0:D11,F05,K20,D11,0,TRAIN,34,162141
campaign3_gate2_v1:F05:K20:0:DbetaU,F05,K20,DbetaU,0,TRAIN,24,162167
campaign3_gate2_v1:F05:K20:1:D00,F05,K20,D00,1,TRAIN,3,162182
campaign3_gate2_v1:F05:K20:1:D01,F05,K20,D01,1,TRAIN,24,162275
campaign3_gate2_v1:F05:K20:1:D10,F05,K20,D10,1,TRAIN,17,162232
campaign3_gate2_v1:F05:K20:1:D11,F05,K20,D11,1,TRAIN,5,162292
campaign3_gate2_v1:F05:K20:1:DbetaU,F05,K20,DbetaU,1,TRAIN,14,162337
campaign3_gate2_v1:F05:K20:2:D00,F05,K20,D00,2,TRAIN,35,162394
campaign3_gate2_v1:F05:K20:2:D01,F05,K20,D01,2,TRAIN,26,162457
campaign3_gate2_v1:F05:K20:2:D10,F05,K20,D10,2,TRAIN,14,162409
campaign3_gate2_v1:F05:K20:2:D11,F05,K20,D11,2,TRAIN,10,162477
campaign3_gate2_v1:F05:K20:2:DbetaU,F05,K20,DbetaU,2,TRAIN,28,162531
campaign3_gate2_v1:F05:K20:3:D00,F05,K20,D00,3,VALIDATION,14,162553
campaign3_gate2_v1:F05:K20:3:D01,F05,K20,D01,3,VALIDATION,8,162619
campaign3_gate2_v1:F05:K20:3:D10,F05,K20,D10,3,VALIDATION,24,162599
campaign3_gate2_v1:F05:K20:3:D11,F05,K20,D11,3,VALIDATION,1,162648
campaign3_gate2_v1:F05:K20:3:DbetaU,F05,K20,DbetaU,3,VALIDATION,35,162718
campaign3_gate2_v1:F05:K20:4:D00,F05,K20,D00,4,DEVELOPMENT_TEST,2,162721
campaign3_gate2_v1:F05:K20:4:D01,F05,K20,D01,4,DEVELOPMENT_TEST,12,162803
campaign3_gate2_v1:F05:K20:4:D10,F05,K20,D10,4,DEVELOPMENT_TEST,15,162770
campaign3_gate2_v1:F05:K20:4:D11,F05,K20,D11,4,DEVELOPMENT_TEST,12,162839
campaign3_gate2_v1:F05:K20:4:DbetaU,F05,K20,DbetaU,4,DEVELOPMENT_TEST,22,162885
campaign3_gate2_v1:F05:K21:0:D00,F05,K21,D00,0,TRAIN,7,162906
campaign3_gate2_v1:F05:K21:0:D01,F05,K21,D01,0,TRAIN,25,162996
campaign3_gate2_v1:F05:K21:0:D10,F05,K21,D10,0,TRAIN,11,162946
campaign3_gate2_v1:F05:K21:0:D11,F05,K21,D11,0,TRAIN,17,163024
campaign3_gate2_v1:F05:K21:0:DbetaU,F05,K21,DbetaU,0,TRAIN,2,163045
campaign3_gate2_v1:F05:K21:1:D00,F05,K21,D00,1,TRAIN,7,163086
campaign3_gate2_v1:F05:K21:1:D01,F05,K21,D01,1,TRAIN,14,163165
campaign3_gate2_v1:F05:K21:1:D10,F05,K21,D10,1,TRAIN,14,163129
campaign3_gate2_v1:F05:K21:1:D11,F05,K21,D11,1,TRAIN,1,163188
campaign3_gate2_v1:F05:K21:1:DbetaU,F05,K21,DbetaU,1,TRAIN,29,163252
campaign3_gate2_v1:F05:K21:2:D00,F05,K21,D00,2,TRAIN,16,163275
campaign3_gate2_v1:F05:K21:2:D01,F05,K21,D01,2,TRAIN,20,163351
campaign3_gate2_v1:F05:K21:2:D10,F05,K21,D10,2,TRAIN,8,163303
campaign3_gate2_v1:F05:K21:2:D11,F05,K21,D11,2,TRAIN,21,163388
campaign3_gate2_v1:F05:K21:2:DbetaU,F05,K21,DbetaU,2,TRAIN,12,163415
campaign3_gate2_v1:F05:K21:3:D00,F05,K21,D00,3,VALIDATION,4,163443
campaign3_gate2_v1:F05:K21:3:D01,F05,K21,D01,3,VALIDATION,6,163517
campaign3_gate2_v1:F05:K21:3:D10,F05,K21,D10,3,VALIDATION,14,163489
campaign3_gate2_v1:F05:K21:3:D11,F05,K21,D11,3,VALIDATION,14,163561
campaign3_gate2_v1:F05:K21:3:DbetaU,F05,K21,DbetaU,3,VALIDATION,22,163605
campaign3_gate2_v1:F05:K21:4:D00,F05,K21,D00,4,DEVELOPMENT_TEST,19,163638
campaign3_gate2_v1:F05:K21:4:D01,F05,K21,D01,4,DEVELOPMENT_TEST,6,163697
campaign3_gate2_v1:F05:K21:4:D10,F05,K21,D10,4,DEVELOPMENT_TEST,5,163660
campaign3_gate2_v1:F05:K21:4:D11,F05,K21,D11,4,DEVELOPMENT_TEST,11,163738
campaign3_gate2_v1:F05:K21:4:DbetaU,F05,K21,DbetaU,4,DEVELOPMENT_TEST,16,163779
campaign3_gate2_v1:F05:K23:0:D00,F05,K23,D00,0,TRAIN,25,163824
campaign3_gate2_v1:F05:K23:0:D01,F05,K23,D01,0,TRAIN,18,163889
campaign3_gate2_v1:F05:K23:0:D10,F05,K23,D10,0,TRAIN,17,163852
campaign3_gate2_v1:F05:K23:0:D11,F05,K23,D11,0,TRAIN,13,163920
campaign3_gate2_v1:F05:K23:0:DbetaU,F05,K23,DbetaU,0,TRAIN,5,163948
campaign3_gate2_v1:F05:K23:1:D00,F05,K23,D00,1,TRAIN,36,164015
campaign3_gate2_v1:F05:K23:1:D01,F05,K23,D01,1,TRAIN,33,164084
campaign3_gate2_v1:F05:K23:1:D10,F05,K23,D10,1,TRAIN,21,164036
campaign3_gate2_v1:F05:K23:1:D11,F05,K23,D11,1,TRAIN,30,164117
campaign3_gate2_v1:F05:K23:1:DbetaU,F05,K23,DbetaU,1,TRAIN,35,164158
campaign3_gate2_v1:F05:K23:2:D00,F05,K23,D00,2,TRAIN,33,164192
campaign3_gate2_v1:F05:K23:2:D01,F05,K23,D01,2,TRAIN,6,164237
campaign3_gate2_v1:F05:K23:2:D10,F05,K23,D10,2,TRAIN,11,164206
campaign3_gate2_v1:F05:K23:2:D11,F05,K23,D11,2,TRAIN,3,164270
campaign3_gate2_v1:F05:K23:2:DbetaU,F05,K23,DbetaU,2,TRAIN,31,164334
campaign3_gate2_v1:F05:K23:3:D00,F05,K23,D00,3,VALIDATION,21,164360
campaign3_gate2_v1:F05:K23:3:D01,F05,K23,D01,3,VALIDATION,18,164429
campaign3_gate2_v1:F05:K23:3:D10,F05,K23,D10,3,VALIDATION,20,164395
campaign3_gate2_v1:F05:K23:3:D11,F05,K23,D11,3,VALIDATION,18,164465
campaign3_gate2_v1:F05:K23:3:DbetaU,F05,K23,DbetaU,3,VALIDATION,31,164514
campaign3_gate2_v1:F05:K23:4:D00,F05,K23,D00,4,DEVELOPMENT_TEST,10,164529
campaign3_gate2_v1:F05:K23:4:D01,F05,K23,D01,4,DEVELOPMENT_TEST,20,164611
campaign3_gate2_v1:F05:K23:4:D10,F05,K23,D10,4,DEVELOPMENT_TEST,28,164583
campaign3_gate2_v1:F05:K23:4:D11,F05,K23,D11,4,DEVELOPMENT_TEST,1,164628
campaign3_gate2_v1:F05:K23:4:DbetaU,F05,K23,DbetaU,4,DEVELOPMENT_TEST,8,164671
campaign3_gate2_v1:F05:K25:0:D00,F05,K25,D00,0,TRAIN,29,164728
campaign3_gate2_v1:F05:K25:0:D01,F05,K25,D01,0,TRAIN,16,164787
campaign3_gate2_v1:F05:K25:0:D10,F05,K25,D10,0,TRAIN,4,164739
campaign3_gate2_v1:F05:K25:0:D11,F05,K25,D11,0,TRAIN,35,164842
campaign3_gate2_v1:F05:K25:0:DbetaU,F05,K25,DbetaU,0,TRAIN,20,164863
campaign3_gate2_v1:F05:K25:1:D00,F05,K25,D00,1,TRAIN,8,164887
campaign3_gate2_v1:F05:K25:1:D01,F05,K25,D01,1,TRAIN,18,164969
campaign3_gate2_v1:F05:K25:1:D10,F05,K25,D10,1,TRAIN,22,164937
campaign3_gate2_v1:F05:K25:1:D11,F05,K25,D11,1,TRAIN,16,165003
campaign3_gate2_v1:F05:K25:1:DbetaU,F05,K25,DbetaU,1,TRAIN,14,165037
campaign3_gate2_v1:F05:K25:2:D00,F05,K25,D00,2,TRAIN,2,165061
campaign3_gate2_v1:F05:K25:2:D01,F05,K25,D01,2,TRAIN,35,165166
campaign3_gate2_v1:F05:K25:2:D10,F05,K25,D10,2,TRAIN,31,165126
campaign3_gate2_v1:F05:K25:2:D11,F05,K25,D11,2,TRAIN,17,165184
campaign3_gate2_v1:F05:K25:2:DbetaU,F05,K25,DbetaU,2,TRAIN,10,165213
campaign3_gate2_v1:F05:K25:3:D00,F05,K25,D00,3,VALIDATION,29,165268
campaign3_gate2_v1:F05:K25:3:D01,F05,K25,D01,3,VALIDATION,26,165337
campaign3_gate2_v1:F05:K25:3:D10,F05,K25,D10,3,VALIDATION,14,165289
campaign3_gate2_v1:F05:K25:3:D11,F05,K25,D11,3,VALIDATION,30,165377
campaign3_gate2_v1:F05:K25:3:DbetaU,F05,K25,DbetaU,3,VALIDATION,16,165399
campaign3_gate2_v1:F05:K25:4:D00,F05,K25,D00,4,DEVELOPMENT_TEST,7,165426
campaign3_gate2_v1:F05:K25:4:D01,F05,K25,D01,4,DEVELOPMENT_TEST,6,165497
campaign3_gate2_v1:F05:K25:4:D10,F05,K25,D10,4,DEVELOPMENT_TEST,4,165459
campaign3_gate2_v1:F05:K25:4:D11,F05,K25,D11,4,DEVELOPMENT_TEST,1,165528
campaign3_gate2_v1:F05:K25:4:DbetaU,F05,K25,DbetaU,4,DEVELOPMENT_TEST,13,165576
campaign3_gate2_v1:F05:K26:0:D00,F05,K26,D00,0,TRAIN,2,165601
campaign3_gate2_v1:F05:K26:0:D01,F05,K26,D01,0,TRAIN,6,165677
campaign3_gate2_v1:F05:K26:0:D10,F05,K26,D10,0,TRAIN,1,165636
campaign3_gate2_v1:F05:K26:0:D11,F05,K26,D11,0,TRAIN,2,165709
campaign3_gate2_v1:F05:K26:0:DbetaU,F05,K26,DbetaU,0,TRAIN,14,165757
campaign3_gate2_v1:F05:K26:1:D00,F05,K26,D00,1,TRAIN,21,165800
campaign3_gate2_v1:F05:K26:1:D01,F05,K26,D01,1,TRAIN,17,165868
campaign3_gate2_v1:F05:K26:1:D10,F05,K26,D10,1,TRAIN,15,165830
campaign3_gate2_v1:F05:K26:1:D11,F05,K26,D11,1,TRAIN,20,165907
campaign3_gate2_v1:F05:K26:1:DbetaU,F05,K26,DbetaU,1,TRAIN,20,165943
campaign3_gate2_v1:F05:K26:2:D00,F05,K26,D00,2,TRAIN,1,165960
campaign3_gate2_v1:F05:K26:2:D01,F05,K26,D01,2,TRAIN,12,166043
campaign3_gate2_v1:F05:K26:2:D10,F05,K26,D10,2,TRAIN,12,166007
campaign3_gate2_v1:F05:K26:2:D11,F05,K26,D11,2,TRAIN,7,166074
campaign3_gate2_v1:F05:K26:2:DbetaU,F05,K26,DbetaU,2,TRAIN,10,166113
campaign3_gate2_v1:F05:K26:3:D00,F05,K26,D00,3,VALIDATION,27,166166
campaign3_gate2_v1:F05:K26:3:D01,F05,K26,D01,3,VALIDATION,12,166223
campaign3_gate2_v1:F05:K26:3:D10,F05,K26,D10,3,VALIDATION,18,166193
campaign3_gate2_v1:F05:K26:3:D11,F05,K26,D11,3,VALIDATION,36,166283
campaign3_gate2_v1:F05:K26:3:DbetaU,F05,K26,DbetaU,3,VALIDATION,10,166293
campaign3_gate2_v1:F05:K26:4:D00,F05,K26,D00,4,DEVELOPMENT_TEST,1,166320
campaign3_gate2_v1:F05:K26:4:D01,F05,K26,D01,4,DEVELOPMENT_TEST,35,166426
campaign3_gate2_v1:F05:K26:4:D10,F05,K26,D10,4,DEVELOPMENT_TEST,5,166360
campaign3_gate2_v1:F05:K26:4:D11,F05,K26,D11,4,DEVELOPMENT_TEST,23,166450
campaign3_gate2_v1:F05:K26:4:DbetaU,F05,K26,DbetaU,4,DEVELOPMENT_TEST,27,166490
campaign3_gate2_v1:F05:K27:0:D00,F05,K27,D00,0,TRAIN,3,166502
campaign3_gate2_v1:F05:K27:0:D01,F05,K27,D01,0,TRAIN,3,166574
campaign3_gate2_v1:F05:K27:0:D10,F05,K27,D10,0,TRAIN,8,166543
campaign3_gate2_v1:F05:K27:0:D11,F05,K27,D11,0,TRAIN,27,166634
campaign3_gate2_v1:F05:K27:0:DbetaU,F05,K27,DbetaU,0,TRAIN,29,166672
campaign3_gate2_v1:F05:K27:1:D00,F05,K27,D00,1,TRAIN,18,166697
campaign3_gate2_v1:F05:K27:1:D01,F05,K27,D01,1,TRAIN,15,166766
campaign3_gate2_v1:F05:K27:1:D10,F05,K27,D10,1,TRAIN,22,166737
campaign3_gate2_v1:F05:K27:1:D11,F05,K27,D11,1,TRAIN,2,166789
campaign3_gate2_v1:F05:K27:1:DbetaU,F05,K27,DbetaU,1,TRAIN,32,166855
campaign3_gate2_v1:F05:K27:2:D00,F05,K27,D00,2,TRAIN,29,166888
campaign3_gate2_v1:F05:K27:2:D01,F05,K27,D01,2,TRAIN,18,166949
campaign3_gate2_v1:F05:K27:2:D10,F05,K27,D10,2,TRAIN,36,166931
campaign3_gate2_v1:F05:K27:2:D11,F05,K27,D11,2,TRAIN,31,166998
campaign3_gate2_v1:F05:K27:2:DbetaU,F05,K27,DbetaU,2,TRAIN,7,167010
campaign3_gate2_v1:F05:K27:3:D00,F05,K27,D00,3,VALIDATION,14,167053
campaign3_gate2_v1:F05:K27:3:D01,F05,K27,D01,3,VALIDATION,12,167123
campaign3_gate2_v1:F05:K27:3:D10,F05,K27,D10,3,VALIDATION,36,167111
campaign3_gate2_v1:F05:K27:3:D11,F05,K27,D11,3,VALIDATION,22,167169
campaign3_gate2_v1:F05:K27:3:DbetaU,F05,K27,DbetaU,3,VALIDATION,1,167184
campaign3_gate2_v1:F05:K27:4:D00,F05,K27,D00,4,DEVELOPMENT_TEST,4,167223
campaign3_gate2_v1:F05:K27:4:D01,F05,K27,D01,4,DEVELOPMENT_TEST,36,167327
campaign3_gate2_v1:F05:K27:4:D10,F05,K27,D10,4,DEVELOPMENT_TEST,20,167275
campaign3_gate2_v1:F05:K27:4:D11,F05,K27,D11,4,DEVELOPMENT_TEST,16,167343
campaign3_gate2_v1:F05:K27:4:DbetaU,F05,K27,DbetaU,4,DEVELOPMENT_TEST,21,167384
campaign3_gate2_v1:F05:K31:0:D00,F05,K31,D00,0,TRAIN,19,167418
campaign3_gate2_v1:F05:K31:0:D01,F05,K31,D01,0,TRAIN,4,167475
campaign3_gate2_v1:F05:K31:0:D10,F05,K31,D10,0,TRAIN,9,167444
campaign3_gate2_v1:F05:K31:0:D11,F05,K31,D11,0,TRAIN,22,167529
campaign3_gate2_v1:F05:K31:0:DbetaU,F05,K31,DbetaU,0,TRAIN,32,167575
campaign3_gate2_v1:F05:K31:1:D00,F05,K31,D00,1,TRAIN,12,167591
campaign3_gate2_v1:F05:K31:1:D01,F05,K31,D01,1,TRAIN,33,167684
campaign3_gate2_v1:F05:K31:1:D10,F05,K31,D10,1,TRAIN,34,167649
campaign3_gate2_v1:F05:K31:1:D11,F05,K31,D11,1,TRAIN,6,167693
campaign3_gate2_v1:F05:K31:1:DbetaU,F05,K31,DbetaU,1,TRAIN,18,167741
campaign3_gate2_v1:F05:K31:2:D00,F05,K31,D00,2,TRAIN,16,167775
campaign3_gate2_v1:F05:K31:2:D01,F05,K31,D01,2,TRAIN,32,167863
campaign3_gate2_v1:F05:K31:2:D10,F05,K31,D10,2,TRAIN,36,167831
campaign3_gate2_v1:F05:K31:2:D11,F05,K31,D11,2,TRAIN,32,167899
campaign3_gate2_v1:F05:K31:2:DbetaU,F05,K31,DbetaU,2,TRAIN,30,167933
campaign3_gate2_v1:F05:K31:3:D00,F05,K31,D00,3,VALIDATION,36,167975
campaign3_gate2_v1:F05:K31:3:D01,F05,K31,D01,3,VALIDATION,29,168040
campaign3_gate2_v1:F05:K31:3:D10,F05,K31,D10,3,VALIDATION,25,168000
campaign3_gate2_v1:F05:K31:3:D11,F05,K31,D11,3,VALIDATION,35,168082
campaign3_gate2_v1:F05:K31:3:DbetaU,F05,K31,DbetaU,3,VALIDATION,26,168109
campaign3_gate2_v1:F05:K31:4:D00,F05,K31,D00,4,DEVELOPMENT_TEST,32,168151
campaign3_gate2_v1:F05:K31:4:D01,F05,K31,D01,4,DEVELOPMENT_TEST,33,168224
campaign3_gate2_v1:F05:K31:4:D10,F05,K31,D10,4,DEVELOPMENT_TEST,8,168163
campaign3_gate2_v1:F05:K31:4:D11,F05,K31,D11,4,DEVELOPMENT_TEST,34,168261
campaign3_gate2_v1:F05:K31:4:DbetaU,F05,K31,DbetaU,4,DEVELOPMENT_TEST,27,168290
campaign3_gate2_v1:F05:K32:0:D00,F05,K32,D00,0,TRAIN,7,168306
campaign3_gate2_v1:F05:K32:0:D01,F05,K32,D01,0,TRAIN,19,168390
campaign3_gate2_v1:F05:K32:0:D10,F05,K32,D10,0,TRAIN,36,168371
campaign3_gate2_v1:F05:K32:0:D11,F05,K32,D11,0,TRAIN,19,168426
campaign3_gate2_v1:F05:K32:0:DbetaU,F05,K32,DbetaU,0,TRAIN,15,168458
campaign3_gate2_v1:F05:K32:1:D00,F05,K32,D00,1,TRAIN,29,168508
campaign3_gate2_v1:F05:K32:1:D01,F05,K32,D01,1,TRAIN,31,168582
campaign3_gate2_v1:F05:K32:1:D10,F05,K32,D10,1,TRAIN,3,168518
campaign3_gate2_v1:F05:K32:1:D11,F05,K32,D11,1,TRAIN,21,168608
campaign3_gate2_v1:F05:K32:1:DbetaU,F05,K32,DbetaU,1,TRAIN,28,168651
campaign3_gate2_v1:F05:K32:2:D00,F05,K32,D00,2,TRAIN,3,168662
campaign3_gate2_v1:F05:K32:2:D01,F05,K32,D01,2,TRAIN,33,168764
campaign3_gate2_v1:F05:K32:2:D10,F05,K32,D10,2,TRAIN,1,168696
campaign3_gate2_v1:F05:K32:2:D11,F05,K32,D11,2,TRAIN,24,168791
campaign3_gate2_v1:F05:K32:2:DbetaU,F05,K32,DbetaU,2,TRAIN,10,168813
campaign3_gate2_v1:F05:K32:3:D00,F05,K32,D00,3,VALIDATION,20,168859
campaign3_gate2_v1:F05:K32:3:D01,F05,K32,D01,3,VALIDATION,21,168932
campaign3_gate2_v1:F05:K32:3:D10,F05,K32,D10,3,VALIDATION,13,168888
campaign3_gate2_v1:F05:K32:3:D11,F05,K32,D11,3,VALIDATION,11,168958
campaign3_gate2_v1:F05:K32:3:DbetaU,F05,K32,DbetaU,3,VALIDATION,2,168985
campaign3_gate2_v1:F05:K32:4:D00,F05,K32,D00,4,DEVELOPMENT_TEST,33,169052
campaign3_gate2_v1:F05:K32:4:D01,F05,K32,D01,4,DEVELOPMENT_TEST,25,169116
campaign3_gate2_v1:F05:K32:4:D10,F05,K32,D10,4,DEVELOPMENT_TEST,7,169062
campaign3_gate2_v1:F05:K32:4:D11,F05,K32,D11,4,DEVELOPMENT_TEST,2,169129
campaign3_gate2_v1:F05:K32:4:DbetaU,F05,K32,DbetaU,4,DEVELOPMENT_TEST,25,169188
campaign3_gate2_v1:F05:K33:0:D00,F05,K33,D00,0,TRAIN,24,169223
campaign3_gate2_v1:F05:K33:0:D01,F05,K33,D01,0,TRAIN,12,169283
campaign3_gate2_v1:F05:K33:0:D10,F05,K33,D10,0,TRAIN,16,169251
campaign3_gate2_v1:F05:K33:0:D11,F05,K33,D11,0,TRAIN,18,169325
campaign3_gate2_v1:F05:K33:0:DbetaU,F05,K33,DbetaU,0,TRAIN,20,169363
campaign3_gate2_v1:F05:K33:1:D00,F05,K33,D00,1,TRAIN,20,169399
campaign3_gate2_v1:F05:K33:1:D01,F05,K33,D01,1,TRAIN,17,169468
campaign3_gate2_v1:F05:K33:1:D10,F05,K33,D10,1,TRAIN,23,169438
campaign3_gate2_v1:F05:K33:1:D11,F05,K33,D11,1,TRAIN,19,169506
campaign3_gate2_v1:F05:K33:1:DbetaU,F05,K33,DbetaU,1,TRAIN,33,169556
campaign3_gate2_v1:F05:K33:2:D00,F05,K33,D00,2,TRAIN,13,169572
campaign3_gate2_v1:F05:K33:2:D01,F05,K33,D01,2,TRAIN,18,169649
campaign3_gate2_v1:F05:K33:2:D10,F05,K33,D10,2,TRAIN,23,169618
campaign3_gate2_v1:F05:K33:2:D11,F05,K33,D11,2,TRAIN,17,169684
campaign3_gate2_v1:F05:K33:2:DbetaU,F05,K33,DbetaU,2,TRAIN,23,169726
campaign3_gate2_v1:F05:K33:3:D00,F05,K33,D00,3,VALIDATION,13,169752
campaign3_gate2_v1:F05:K33:3:D01,F05,K33,D01,3,VALIDATION,3,169814
campaign3_gate2_v1:F05:K33:3:D10,F05,K33,D10,3,VALIDATION,13,169788
campaign3_gate2_v1:F05:K33:3:D11,F05,K33,D11,3,VALIDATION,23,169870
campaign3_gate2_v1:F05:K33:3:DbetaU,F05,K33,DbetaU,3,VALIDATION,13,169896
campaign3_gate2_v1:F05:K33:4:D00,F05,K33,D00,4,DEVELOPMENT_TEST,7,169926
campaign3_gate2_v1:F05:K33:4:D01,F05,K33,D01,4,DEVELOPMENT_TEST,27,170018
campaign3_gate2_v1:F05:K33:4:D10,F05,K33,D10,4,DEVELOPMENT_TEST,12,169967
campaign3_gate2_v1:F05:K33:4:D11,F05,K33,D11,4,DEVELOPMENT_TEST,3,170030
campaign3_gate2_v1:F05:K33:4:DbetaU,F05,K33,DbetaU,4,DEVELOPMENT_TEST,31,170094
campaign3_gate2_v1:F06:K01:0:D00,F06,K01,D00,0,TRAIN,32,170131
campaign3_gate2_v1:F06:K01:0:D01,F06,K01,D01,0,TRAIN,26,170197
campaign3_gate2_v1:F06:K01:0:D10,F06,K01,D10,0,TRAIN,7,170142
campaign3_gate2_v1:F06:K01:0:D11,F06,K01,D11,0,TRAIN,14,170221
campaign3_gate2_v1:F06:K01:0:DbetaU,F06,K01,DbetaU,0,TRAIN,20,170263
campaign3_gate2_v1:F06:K01:1:D00,F06,K01,D00,1,TRAIN,18,170297
campaign3_gate2_v1:F06:K01:1:D01,F06,K01,D01,1,TRAIN,17,170368
campaign3_gate2_v1:F06:K01:1:D10,F06,K01,D10,1,TRAIN,36,170351
campaign3_gate2_v1:F06:K01:1:D11,F06,K01,D11,1,TRAIN,3,170390
campaign3_gate2_v1:F06:K01:1:DbetaU,F06,K01,DbetaU,1,TRAIN,24,170447
campaign3_gate2_v1:F06:K01:2:D00,F06,K01,D00,2,TRAIN,30,170489
campaign3_gate2_v1:F06:K01:2:D01,F06,K01,D01,2,TRAIN,12,170543
campaign3_gate2_v1:F06:K01:2:D10,F06,K01,D10,2,TRAIN,18,170513
campaign3_gate2_v1:F06:K01:2:D11,F06,K01,D11,2,TRAIN,21,170588
campaign3_gate2_v1:F06:K01:2:DbetaU,F06,K01,DbetaU,2,TRAIN,4,170607
campaign3_gate2_v1:F06:K01:3:D00,F06,K01,D00,3,VALIDATION,22,170661
campaign3_gate2_v1:F06:K01:3:D01,F06,K01,D01,3,VALIDATION,24,170735
campaign3_gate2_v1:F06:K01:3:D10,F06,K01,D10,3,VALIDATION,25,170700
campaign3_gate2_v1:F06:K01:3:D11,F06,K01,D11,3,VALIDATION,7,170754
campaign3_gate2_v1:F06:K01:3:DbetaU,F06,K01,DbetaU,3,VALIDATION,14,170797
campaign3_gate2_v1:F06:K01:4:D00,F06,K01,D00,4,DEVELOPMENT_TEST,29,170848
campaign3_gate2_v1:F06:K01:4:D01,F06,K01,D01,4,DEVELOPMENT_TEST,25,170916
campaign3_gate2_v1:F06:K01:4:D10,F06,K01,D10,4,DEVELOPMENT_TEST,18,170873
campaign3_gate2_v1:F06:K01:4:D11,F06,K01,D11,4,DEVELOPMENT_TEST,7,170934
campaign3_gate2_v1:F06:K01:4:DbetaU,F06,K01,DbetaU,4,DEVELOPMENT_TEST,15,170978
campaign3_gate2_v1:F06:K02:0:D00,F06,K02,D00,0,TRAIN,19,171018
campaign3_gate2_v1:F06:K02:0:D01,F06,K02,D01,0,TRAIN,5,171076
campaign3_gate2_v1:F06:K02:0:D10,F06,K02,D10,0,TRAIN,22,171057
campaign3_gate2_v1:F06:K02:0:D11,F06,K02,D11,0,TRAIN,6,171113
campaign3_gate2_v1:F06:K02:0:DbetaU,F06,K02,DbetaU,0,TRAIN,14,171157
campaign3_gate2_v1:F06:K02:1:D00,F06,K02,D00,1,TRAIN,28,171207
campaign3_gate2_v1:F06:K02:1:D01,F06,K02,D01,1,TRAIN,29,171280
campaign3_gate2_v1:F06:K02:1:D10,F06,K02,D10,1,TRAIN,9,171224
campaign3_gate2_v1:F06:K02:1:D11,F06,K02,D11,1,TRAIN,19,171306
campaign3_gate2_v1:F06:K02:1:DbetaU,F06,K02,DbetaU,1,TRAIN,21,171344
campaign3_gate2_v1:F06:K02:2:D00,F06,K02,D00,2,TRAIN,3,171362
campaign3_gate2_v1:F06:K02:2:D01,F06,K02,D01,2,TRAIN,21,171452
campaign3_gate2_v1:F06:K02:2:D10,F06,K02,D10,2,TRAIN,26,171421
campaign3_gate2_v1:F06:K02:2:D11,F06,K02,D11,2,TRAIN,29,171496
campaign3_gate2_v1:F06:K02:2:DbetaU,F06,K02,DbetaU,2,TRAIN,36,171539
campaign3_gate2_v1:F06:K02:3:D00,F06,K02,D00,3,VALIDATION,32,171571
campaign3_gate2_v1:F06:K02:3:D01,F06,K02,D01,3,VALIDATION,1,171612
campaign3_gate2_v1:F06:K02:3:D10,F06,K02,D10,3,VALIDATION,10,171585
campaign3_gate2_v1:F06:K02:3:D11,F06,K02,D11,3,VALIDATION,28,171675
campaign3_gate2_v1:F06:K02:3:DbetaU,F06,K02,DbetaU,3,VALIDATION,8,171691
campaign3_gate2_v1:F06:K02:4:D00,F06,K02,D00,4,DEVELOPMENT_TEST,6,171725
campaign3_gate2_v1:F06:K02:4:D01,F06,K02,D01,4,DEVELOPMENT_TEST,20,171811
campaign3_gate2_v1:F06:K02:4:D10,F06,K02,D10,4,DEVELOPMENT_TEST,15,171770
campaign3_gate2_v1:F06:K02:4:D11,F06,K02,D11,4,DEVELOPMENT_TEST,31,171858
campaign3_gate2_v1:F06:K02:4:DbetaU,F06,K02,DbetaU,4,DEVELOPMENT_TEST,4,171867
campaign3_gate2_v1:F06:K03:0:D00,F06,K03,D00,0,TRAIN,3,171902
campaign3_gate2_v1:F06:K03:0:D01,F06,K03,D01,0,TRAIN,31,172002
campaign3_gate2_v1:F06:K03:0:D10,F06,K03,D10,0,TRAIN,9,171944
campaign3_gate2_v1:F06:K03:0:D11,F06,K03,D11,0,TRAIN,20,172027
campaign3_gate2_v1:F06:K03:0:DbetaU,F06,K03,DbetaU,0,TRAIN,7,172050
campaign3_gate2_v1:F06:K03:1:D00,F06,K03,D00,1,TRAIN,28,172107
campaign3_gate2_v1:F06:K03:1:D01,F06,K03,D01,1,TRAIN,27,172178
campaign3_gate2_v1:F06:K03:1:D10,F06,K03,D10,1,TRAIN,25,172140
campaign3_gate2_v1:F06:K03:1:D11,F06,K03,D11,1,TRAIN,33,172220
campaign3_gate2_v1:F06:K03:1:DbetaU,F06,K03,DbetaU,1,TRAIN,5,172228
campaign3_gate2_v1:F06:K03:2:D00,F06,K03,D00,2,TRAIN,21,172280
campaign3_gate2_v1:F06:K03:2:D01,F06,K03,D01,2,TRAIN,36,172367
campaign3_gate2_v1:F06:K03:2:D10,F06,K03,D10,2,TRAIN,35,172330
campaign3_gate2_v1:F06:K03:2:D11,F06,K03,D11,2,TRAIN,25,172392
campaign3_gate2_v1:F06:K03:2:DbetaU,F06,K03,DbetaU,2,TRAIN,15,172418
campaign3_gate2_v1:F06:K03:3:D00,F06,K03,D00,3,VALIDATION,4,172443
campaign3_gate2_v1:F06:K03:3:D01,F06,K03,D01,3,VALIDATION,27,172538
campaign3_gate2_v1:F06:K03:3:D10,F06,K03,D10,3,VALIDATION,12,172487
campaign3_gate2_v1:F06:K03:3:D11,F06,K03,D11,3,VALIDATION,25,172572
campaign3_gate2_v1:F06:K03:3:DbetaU,F06,K03,DbetaU,3,VALIDATION,13,172596
campaign3_gate2_v1:F06:K03:4:D00,F06,K03,D00,4,DEVELOPMENT_TEST,11,172630
campaign3_gate2_v1:F06:K03:4:D01,F06,K03,D01,4,DEVELOPMENT_TEST,7,172698
campaign3_gate2_v1:F06:K03:4:D10,F06,K03,D10,4,DEVELOPMENT_TEST,14,172669
campaign3_gate2_v1:F06:K03:4:D11,F06,K03,D11,4,DEVELOPMENT_TEST,1,172728
campaign3_gate2_v1:F06:K03:4:DbetaU,F06,K03,DbetaU,4,DEVELOPMENT_TEST,22,172785
campaign3_gate2_v1:F06:K05:0:D00,F06,K05,D00,0,TRAIN,12,172811
campaign3_gate2_v1:F06:K05:0:D01,F06,K05,D01,0,TRAIN,30,172901
campaign3_gate2_v1:F06:K05:0:D10,F06,K05,D10,0,TRAIN,17,172852
campaign3_gate2_v1:F06:K05:0:D11,F06,K05,D11,0,TRAIN,6,172913
campaign3_gate2_v1:F06:K05:0:DbetaU,F06,K05,DbetaU,0,TRAIN,33,172976
campaign3_gate2_v1:F06:K05:1:D00,F06,K05,D00,1,TRAIN,23,173002
campaign3_gate2_v1:F06:K05:1:D01,F06,K05,D01,1,TRAIN,1,173052
campaign3_gate2_v1:F06:K05:1:D10,F06,K05,D10,1,TRAIN,10,173025
campaign3_gate2_v1:F06:K05:1:D11,F06,K05,D11,1,TRAIN,14,173101
campaign3_gate2_v1:F06:K05:1:DbetaU,F06,K05,DbetaU,1,TRAIN,12,173135
campaign3_gate2_v1:F06:K05:2:D00,F06,K05,D00,2,TRAIN,26,173185
campaign3_gate2_v1:F06:K05:2:D01,F06,K05,D01,2,TRAIN,11,173242
campaign3_gate2_v1:F06:K05:2:D10,F06,K05,D10,2,TRAIN,14,173209
campaign3_gate2_v1:F06:K05:2:D11,F06,K05,D11,2,TRAIN,36,173303
campaign3_gate2_v1:F06:K05:2:DbetaU,F06,K05,DbetaU,2,TRAIN,8,173311
campaign3_gate2_v1:F06:K05:3:D00,F06,K05,D00,3,VALIDATION,1,173340
campaign3_gate2_v1:F06:K05:3:D01,F06,K05,D01,3,VALIDATION,31,173442
campaign3_gate2_v1:F06:K05:3:D10,F06,K05,D10,3,VALIDATION,35,173410
campaign3_gate2_v1:F06:K05:3:D11,F06,K05,D11,3,VALIDATION,9,173456
campaign3_gate2_v1:F06:K05:3:DbetaU,F06,K05,DbetaU,3,VALIDATION,9,173492
campaign3_gate2_v1:F06:K05:4:D00,F06,K05,D00,4,DEVELOPMENT_TEST,21,173540
campaign3_gate2_v1:F06:K05:4:D01,F06,K05,D01,4,DEVELOPMENT_TEST,6,173597
campaign3_gate2_v1:F06:K05:4:D10,F06,K05,D10,4,DEVELOPMENT_TEST,21,173576
campaign3_gate2_v1:F06:K05:4:D11,F06,K05,D11,4,DEVELOPMENT_TEST,8,173635
campaign3_gate2_v1:F06:K05:4:DbetaU,F06,K05,DbetaU,4,DEVELOPMENT_TEST,36,173699
campaign3_gate2_v1:F06:K06:0:D00,F06,K06,D00,0,TRAIN,3,173702
campaign3_gate2_v1:F06:K06:0:D01,F06,K06,D01,0,TRAIN,32,173803
campaign3_gate2_v1:F06:K06:0:D10,F06,K06,D10,0,TRAIN,29,173764
campaign3_gate2_v1:F06:K06:0:D11,F06,K06,D11,0,TRAIN,13,173820
campaign3_gate2_v1:F06:K06:0:DbetaU,F06,K06,DbetaU,0,TRAIN,30,173873
campaign3_gate2_v1:F06:K06:1:D00,F06,K06,D00,1,TRAIN,34,173913
campaign3_gate2_v1:F06:K06:1:D01,F06,K06,D01,1,TRAIN,12,173963
campaign3_gate2_v1:F06:K06:1:D10,F06,K06,D10,1,TRAIN,35,173950
campaign3_gate2_v1:F06:K06:1:D11,F06,K06,D11,1,TRAIN,26,174013
campaign3_gate2_v1:F06:K06:1:DbetaU,F06,K06,DbetaU,1,TRAIN,25,174048
campaign3_gate2_v1:F06:K06:2:D00,F06,K06,D00,2,TRAIN,1,174060
campaign3_gate2_v1:F06:K06:2:D01,F06,K06,D01,2,TRAIN,23,174154
campaign3_gate2_v1:F06:K06:2:D10,F06,K06,D10,2,TRAIN,24,174119
campaign3_gate2_v1:F06:K06:2:D11,F06,K06,D11,2,TRAIN,15,174182
campaign3_gate2_v1:F06:K06:2:DbetaU,F06,K06,DbetaU,2,TRAIN,9,174212
campaign3_gate2_v1:F06:K06:3:D00,F06,K06,D00,3,VALIDATION,5,174244
campaign3_gate2_v1:F06:K06:3:D01,F06,K06,D01,3,VALIDATION,6,174317
campaign3_gate2_v1:F06:K06:3:D10,F06,K06,D10,3,VALIDATION,34,174309
campaign3_gate2_v1:F06:K06:3:D11,F06,K06,D11,3,VALIDATION,36,174383
campaign3_gate2_v1:F06:K06:3:DbetaU,F06,K06,DbetaU,3,VALIDATION,10,174393
campaign3_gate2_v1:F06:K06:4:D00,F06,K06,D00,4,DEVELOPMENT_TEST,6,174425
campaign3_gate2_v1:F06:K06:4:D01,F06,K06,D01,4,DEVELOPMENT_TEST,21,174512
campaign3_gate2_v1:F06:K06:4:D10,F06,K06,D10,4,DEVELOPMENT_TEST,26,174481
campaign3_gate2_v1:F06:K06:4:D11,F06,K06,D11,4,DEVELOPMENT_TEST,34,174561
campaign3_gate2_v1:F06:K06:4:DbetaU,F06,K06,DbetaU,4,DEVELOPMENT_TEST,29,174592
campaign3_gate2_v1:F06:K07:0:D00,F06,K07,D00,0,TRAIN,36,174635
campaign3_gate2_v1:F06:K07:0:D01,F06,K07,D01,0,TRAIN,36,174707
campaign3_gate2_v1:F06:K07:0:D10,F06,K07,D10,0,TRAIN,29,174664
campaign3_gate2_v1:F06:K07:0:D11,F06,K07,D11,0,TRAIN,14,174721
campaign3_gate2_v1:F06:K07:0:DbetaU,F06,K07,DbetaU,0,TRAIN,8,174751
campaign3_gate2_v1:F06:K07:1:D00,F06,K07,D00,1,TRAIN,6,174785
campaign3_gate2_v1:F06:K07:1:D01,F06,K07,D01,1,TRAIN,34,174885
campaign3_gate2_v1:F06:K07:1:D10,F06,K07,D10,1,TRAIN,18,174833
campaign3_gate2_v1:F06:K07:1:D11,F06,K07,D11,1,TRAIN,12,174899
campaign3_gate2_v1:F06:K07:1:DbetaU,F06,K07,DbetaU,1,TRAIN,5,174928
campaign3_gate2_v1:F06:K07:2:D00,F06,K07,D00,2,TRAIN,27,174986
campaign3_gate2_v1:F06:K07:2:D01,F06,K07,D01,2,TRAIN,11,175042
campaign3_gate2_v1:F06:K07:2:D10,F06,K07,D10,2,TRAIN,27,175022
campaign3_gate2_v1:F06:K07:2:D11,F06,K07,D11,2,TRAIN,24,175091
campaign3_gate2_v1:F06:K07:2:DbetaU,F06,K07,DbetaU,2,TRAIN,24,175127
campaign3_gate2_v1:F06:K07:3:D00,F06,K07,D00,3,VALIDATION,29,175168
campaign3_gate2_v1:F06:K07:3:D01,F06,K07,D01,3,VALIDATION,13,175224
campaign3_gate2_v1:F06:K07:3:D10,F06,K07,D10,3,VALIDATION,23,175198
campaign3_gate2_v1:F06:K07:3:D11,F06,K07,D11,3,VALIDATION,10,175257
campaign3_gate2_v1:F06:K07:3:DbetaU,F06,K07,DbetaU,3,VALIDATION,24,175307
campaign3_gate2_v1:F06:K07:4:D00,F06,K07,D00,4,DEVELOPMENT_TEST,17,175336
campaign3_gate2_v1:F06:K07:4:D01,F06,K07,D01,4,DEVELOPMENT_TEST,31,175422
campaign3_gate2_v1:F06:K07:4:D10,F06,K07,D10,4,DEVELOPMENT_TEST,23,175378
campaign3_gate2_v1:F06:K07:4:D11,F06,K07,D11,4,DEVELOPMENT_TEST,24,175451
campaign3_gate2_v1:F06:K07:4:DbetaU,F06,K07,DbetaU,4,DEVELOPMENT_TEST,35,175498
campaign3_gate2_v1:F06:K10:0:D00,F06,K10,D00,0,TRAIN,36,175535
campaign3_gate2_v1:F06:K10:0:D01,F06,K10,D01,0,TRAIN,10,175581
campaign3_gate2_v1:F06:K10:0:D10,F06,K10,D10,0,TRAIN,30,175565
campaign3_gate2_v1:F06:K10:0:D11,F06,K10,D11,0,TRAIN,14,175621
campaign3_gate2_v1:F06:K10:0:DbetaU,F06,K10,DbetaU,0,TRAIN,20,175663
campaign3_gate2_v1:F06:K10:1:D00,F06,K10,D00,1,TRAIN,13,175692
campaign3_gate2_v1:F06:K10:1:D01,F06,K10,D01,1,TRAIN,21,175772
campaign3_gate2_v1:F06:K10:1:D10,F06,K10,D10,1,TRAIN,13,175728
campaign3_gate2_v1:F06:K10:1:D11,F06,K10,D11,1,TRAIN,29,175816
campaign3_gate2_v1:F06:K10:1:DbetaU,F06,K10,DbetaU,1,TRAIN,11,175834
campaign3_gate2_v1:F06:K10:2:D00,F06,K10,D00,2,TRAIN,27,175886
campaign3_gate2_v1:F06:K10:2:D01,F06,K10,D01,2,TRAIN,10,175941
campaign3_gate2_v1:F06:K10:2:D10,F06,K10,D10,2,TRAIN,34,175929
campaign3_gate2_v1:F06:K10:2:D11,F06,K10,D11,2,TRAIN,30,175997
campaign3_gate2_v1:F06:K10:2:DbetaU,F06,K10,DbetaU,2,TRAIN,27,176030
campaign3_gate2_v1:F06:K10:3:D00,F06,K10,D00,3,VALIDATION,27,176066
campaign3_gate2_v1:F06:K10:3:D01,F06,K10,D01,3,VALIDATION,33,176144
campaign3_gate2_v1:F06:K10:3:D10,F06,K10,D10,3,VALIDATION,34,176109
campaign3_gate2_v1:F06:K10:3:D11,F06,K10,D11,3,VALIDATION,15,176162
campaign3_gate2_v1:F06:K10:3:DbetaU,F06,K10,DbetaU,3,VALIDATION,26,176209
campaign3_gate2_v1:F06:K10:4:D00,F06,K10,D00,4,DEVELOPMENT_TEST,12,176231
campaign3_gate2_v1:F06:K10:4:D01,F06,K10,D01,4,DEVELOPMENT_TEST,22,176313
campaign3_gate2_v1:F06:K10:4:D10,F06,K10,D10,4,DEVELOPMENT_TEST,22,176277
campaign3_gate2_v1:F06:K10:4:D11,F06,K10,D11,4,DEVELOPMENT_TEST,7,176334
campaign3_gate2_v1:F06:K10:4:DbetaU,F06,K10,DbetaU,4,DEVELOPMENT_TEST,6,176369
campaign3_gate2_v1:F06:K11:0:D00,F06,K11,D00,0,TRAIN,35,176434
campaign3_gate2_v1:F06:K11:0:D01,F06,K11,D01,0,TRAIN,28,176499
campaign3_gate2_v1:F06:K11:0:D10,F06,K11,D10,0,TRAIN,13,176448
campaign3_gate2_v1:F06:K11:0:D11,F06,K11,D11,0,TRAIN,33,176540
campaign3_gate2_v1:F06:K11:0:DbetaU,F06,K11,DbetaU,0,TRAIN,34,176577
campaign3_gate2_v1:F06:K11:1:D00,F06,K11,D00,1,TRAIN,35,176614
campaign3_gate2_v1:F06:K11:1:D01,F06,K11,D01,1,TRAIN,24,176675
campaign3_gate2_v1:F06:K11:1:D10,F06,K11,D10,1,TRAIN,29,176644
campaign3_gate2_v1:F06:K11:1:D11,F06,K11,D11,1,TRAIN,15,176702
campaign3_gate2_v1:F06:K11:1:DbetaU,F06,K11,DbetaU,1,TRAIN,30,176753
campaign3_gate2_v1:F06:K11:2:D00,F06,K11,D00,2,TRAIN,13,176772
campaign3_gate2_v1:F06:K11:2:D01,F06,K11,D01,2,TRAIN,32,176863
campaign3_gate2_v1:F06:K11:2:D10,F06,K11,D10,2,TRAIN,18,176813
campaign3_gate2_v1:F06:K11:2:D11,F06,K11,D11,2,TRAIN,33,176900
campaign3_gate2_v1:F06:K11:2:DbetaU,F06,K11,DbetaU,2,TRAIN,15,176918
campaign3_gate2_v1:F06:K11:3:D00,F06,K11,D00,3,VALIDATION,25,176964
campaign3_gate2_v1:F06:K11:3:D01,F06,K11,D01,3,VALIDATION,2,177013
campaign3_gate2_v1:F06:K11:3:D10,F06,K11,D10,3,VALIDATION,27,177002
campaign3_gate2_v1:F06:K11:3:D11,F06,K11,D11,3,VALIDATION,9,177056
campaign3_gate2_v1:F06:K11:3:DbetaU,F06,K11,DbetaU,3,VALIDATION,24,177107
campaign3_gate2_v1:F06:K11:4:D00,F06,K11,D00,4,DEVELOPMENT_TEST,5,177124
campaign3_gate2_v1:F06:K11:4:D01,F06,K11,D01,4,DEVELOPMENT_TEST,21,177212
campaign3_gate2_v1:F06:K11:4:D10,F06,K11,D10,4,DEVELOPMENT_TEST,16,177171
campaign3_gate2_v1:F06:K11:4:D11,F06,K11,D11,4,DEVELOPMENT_TEST,14,177241
campaign3_gate2_v1:F06:K11:4:DbetaU,F06,K11,DbetaU,4,DEVELOPMENT_TEST,21,177284
campaign3_gate2_v1:F06:K13:0:D00,F06,K13,D00,0,TRAIN,3,177302
campaign3_gate2_v1:F06:K13:0:D01,F06,K13,D01,0,TRAIN,35,177406
campaign3_gate2_v1:F06:K13:0:D10,F06,K13,D10,0,TRAIN,35,177370
campaign3_gate2_v1:F06:K13:0:D11,F06,K13,D11,0,TRAIN,10,177417
campaign3_gate2_v1:F06:K13:0:DbetaU,F06,K13,DbetaU,0,TRAIN,16,177459
campaign3_gate2_v1:F06:K13:1:D00,F06,K13,D00,1,TRAIN,33,177512
campaign3_gate2_v1:F06:K13:1:D01,F06,K13,D01,1,TRAIN,1,177552
campaign3_gate2_v1:F06:K13:1:D10,F06,K13,D10,1,TRAIN,7,177522
campaign3_gate2_v1:F06:K13:1:D11,F06,K13,D11,1,TRAIN,1,177588
campaign3_gate2_v1:F06:K13:1:DbetaU,F06,K13,DbetaU,1,TRAIN,31,177654
campaign3_gate2_v1:F06:K13:2:D00,F06,K13,D00,2,TRAIN,24,177683
campaign3_gate2_v1:F06:K13:2:D01,F06,K13,D01,2,TRAIN,18,177749
campaign3_gate2_v1:F06:K13:2:D10,F06,K13,D10,2,TRAIN,22,177717
campaign3_gate2_v1:F06:K13:2:D11,F06,K13,D11,2,TRAIN,2,177769
campaign3_gate2_v1:F06:K13:2:DbetaU,F06,K13,DbetaU,2,TRAIN,15,177818
campaign3_gate2_v1:F06:K13:3:D00,F06,K13,D00,3,VALIDATION,4,177843
campaign3_gate2_v1:F06:K13:3:D01,F06,K13,D01,3,VALIDATION,10,177921
campaign3_gate2_v1:F06:K13:3:D10,F06,K13,D10,3,VALIDATION,35,177910
campaign3_gate2_v1:F06:K13:3:D11,F06,K13,D11,3,VALIDATION,1,177948
campaign3_gate2_v1:F06:K13:3:DbetaU,F06,K13,DbetaU,3,VALIDATION,30,178013
campaign3_gate2_v1:F06:K13:4:D00,F06,K13,D00,4,DEVELOPMENT_TEST,2,178021
campaign3_gate2_v1:F06:K13:4:D01,F06,K13,D01,4,DEVELOPMENT_TEST,6,178097
campaign3_gate2_v1:F06:K13:4:D10,F06,K13,D10,4,DEVELOPMENT_TEST,33,178088
campaign3_gate2_v1:F06:K13:4:D11,F06,K13,D11,4,DEVELOPMENT_TEST,17,178144
campaign3_gate2_v1:F06:K13:4:DbetaU,F06,K13,DbetaU,4,DEVELOPMENT_TEST,35,178198
campaign3_gate2_v1:F06:K15:0:D00,F06,K15,D00,0,TRAIN,1,178200
campaign3_gate2_v1:F06:K15:0:D01,F06,K15,D01,0,TRAIN,16,178287
campaign3_gate2_v1:F06:K15:0:D10,F06,K15,D10,0,TRAIN,13,178248
campaign3_gate2_v1:F06:K15:0:D11,F06,K15,D11,0,TRAIN,14,178321
campaign3_gate2_v1:F06:K15:0:DbetaU,F06,K15,DbetaU,0,TRAIN,15,178358
campaign3_gate2_v1:F06:K15:1:D00,F06,K15,D00,1,TRAIN,30,178409
campaign3_gate2_v1:F06:K15:1:D01,F06,K15,D01,1,TRAIN,26,178477
campaign3_gate2_v1:F06:K15:1:D10,F06,K15,D10,1,TRAIN,32,178447
campaign3_gate2_v1:F06:K15:1:D11,F06,K15,D11,1,TRAIN,1,178488
campaign3_gate2_v1:F06:K15:1:DbetaU,F06,K15,DbetaU,1,TRAIN,32,178555
campaign3_gate2_v1:F06:K15:2:D00,F06,K15,D00,2,TRAIN,28,178587
campaign3_gate2_v1:F06:K15:2:D01,F06,K15,D01,2,TRAIN,33,178664
campaign3_gate2_v1:F06:K15:2:D10,F06,K15,D10,2,TRAIN,22,178617
campaign3_gate2_v1:F06:K15:2:D11,F06,K15,D11,2,TRAIN,21,178688
campaign3_gate2_v1:F06:K15:2:DbetaU,F06,K15,DbetaU,2,TRAIN,23,178726
campaign3_gate2_v1:F06:K15:3:D00,F06,K15,D00,3,VALIDATION,11,178750
campaign3_gate2_v1:F06:K15:3:D01,F06,K15,D01,3,VALIDATION,10,178821
campaign3_gate2_v1:F06:K15:3:D10,F06,K15,D10,3,VALIDATION,16,178791
campaign3_gate2_v1:F06:K15:3:D11,F06,K15,D11,3,VALIDATION,2,178849
campaign3_gate2_v1:F06:K15:3:DbetaU,F06,K15,DbetaU,3,VALIDATION,12,178895
campaign3_gate2_v1:F06:K15:4:D00,F06,K15,D00,4,DEVELOPMENT_TEST,15,178934
campaign3_gate2_v1:F06:K15:4:D01,F06,K15,D01,4,DEVELOPMENT_TEST,15,179006
campaign3_gate2_v1:F06:K15:4:D10,F06,K15,D10,4,DEVELOPMENT_TEST,24,178979
campaign3_gate2_v1:F06:K15:4:D11,F06,K15,D11,4,DEVELOPMENT_TEST,9,179036
campaign3_gate2_v1:F06:K15:4:DbetaU,F06,K15,DbetaU,4,DEVELOPMENT_TEST,30,179093
campaign3_gate2_v1:F06:K16:0:D00,F06,K16,D00,0,TRAIN,15,179114
campaign3_gate2_v1:F06:K16:0:D01,F06,K16,D01,0,TRAIN,8,179179
campaign3_gate2_v1:F06:K16:0:D10,F06,K16,D10,0,TRAIN,7,179142
campaign3_gate2_v1:F06:K16:0:D11,F06,K16,D11,0,TRAIN,17,179224
campaign3_gate2_v1:F06:K16:0:DbetaU,F06,K16,DbetaU,0,TRAIN,8,179251
campaign3_gate2_v1:F06:K16:1:D00,F06,K16,D00,1,TRAIN,27,179306
campaign3_gate2_v1:F06:K16:1:D01,F06,K16,D01,1,TRAIN,4,179355
campaign3_gate2_v1:F06:K16:1:D10,F06,K16,D10,1,TRAIN,14,179329
campaign3_gate2_v1:F06:K16:1:D11,F06,K16,D11,1,TRAIN,25,179412
campaign3_gate2_v1:F06:K16:1:DbetaU,F06,K16,DbetaU,1,TRAIN,2,179425
campaign3_gate2_v1:F06:K16:2:D00,F06,K16,D00,2,TRAIN,34,179493
campaign3_gate2_v1:F06:K16:2:D01,F06,K16,D01,2,TRAIN,5,179536
campaign3_gate2_v1:F06:K16:2:D10,F06,K16,D10,2,TRAIN,16,179511
campaign3_gate2_v1:F06:K16:2:D11,F06,K16,D11,2,TRAIN,12,179579
campaign3_gate2_v1:F06:K16:2:DbetaU,F06,K16,DbetaU,2,TRAIN,11,179614
campaign3_gate2_v1:F06:K16:3:D00,F06,K16,D00,3,VALIDATION,2,179641
campaign3_gate2_v1:F06:K16:3:D01,F06,K16,D01,3,VALIDATION,19,179730
campaign3_gate2_v1:F06:K16:3:D10,F06,K16,D10,3,VALIDATION,33,179708
campaign3_gate2_v1:F06:K16:3:D11,F06,K16,D11,3,VALIDATION,11,179758
campaign3_gate2_v1:F06:K16:3:DbetaU,F06,K16,DbetaU,3,VALIDATION,11,179794
campaign3_gate2_v1:F06:K16:4:D00,F06,K16,D00,4,DEVELOPMENT_TEST,29,179848
campaign3_gate2_v1:F06:K16:4:D01,F06,K16,D01,4,DEVELOPMENT_TEST,15,179906
campaign3_gate2_v1:F06:K16:4:D10,F06,K16,D10,4,DEVELOPMENT_TEST,9,179864
campaign3_gate2_v1:F06:K16:4:D11,F06,K16,D11,4,DEVELOPMENT_TEST,14,179941
campaign3_gate2_v1:F06:K16:4:DbetaU,F06,K16,DbetaU,4,DEVELOPMENT_TEST,20,179983
campaign3_gate2_v1:F06:K17:0:D00,F06,K17,D00,0,TRAIN,18,180017
campaign3_gate2_v1:F06:K17:0:D01,F06,K17,D01,0,TRAIN,9,180080
campaign3_gate2_v1:F06:K17:0:D10,F06,K17,D10,0,TRAIN,15,180050
campaign3_gate2_v1:F06:K17:0:D11,F06,K17,D11,0,TRAIN,31,180138
campaign3_gate2_v1:F06:K17:0:DbetaU,F06,K17,DbetaU,0,TRAIN,19,180162
campaign3_gate2_v1:F06:K17:1:D00,F06,K17,D00,1,TRAIN,7,180186
campaign3_gate2_v1:F06:K17:1:D01,F06,K17,D01,1,TRAIN,7,180258
campaign3_gate2_v1:F06:K17:1:D10,F06,K17,D10,1,TRAIN,31,180246
campaign3_gate2_v1:F06:K17:1:D11,F06,K17,D11,1,TRAIN,20,180307
campaign3_gate2_v1:F06:K17:1:DbetaU,F06,K17,DbetaU,1,TRAIN,22,180345
campaign3_gate2_v1:F06:K17:2:D00,F06,K17,D00,2,TRAIN,32,180391
campaign3_gate2_v1:F06:K17:2:D01,F06,K17,D01,2,TRAIN,2,180433
campaign3_gate2_v1:F06:K17:2:D10,F06,K17,D10,2,TRAIN,14,180409
campaign3_gate2_v1:F06:K17:2:D11,F06,K17,D11,2,TRAIN,33,180500
campaign3_gate2_v1:F06:K17:2:DbetaU,F06,K17,DbetaU,2,TRAIN,18,180521
campaign3_gate2_v1:F06:K17:3:D00,F06,K17,D00,3,VALIDATION,21,180560
campaign3_gate2_v1:F06:K17:3:D01,F06,K17,D01,3,VALIDATION,1,180612
campaign3_gate2_v1:F06:K17:3:D10,F06,K17,D10,3,VALIDATION,4,180579
campaign3_gate2_v1:F06:K17:3:D11,F06,K17,D11,3,VALIDATION,20,180667
campaign3_gate2_v1:F06:K17:3:DbetaU,F06,K17,DbetaU,3,VALIDATION,22,180705
campaign3_gate2_v1:F06:K17:4:D00,F06,K17,D00,4,DEVELOPMENT_TEST,6,180725
campaign3_gate2_v1:F06:K17:4:D01,F06,K17,D01,4,DEVELOPMENT_TEST,16,180807
campaign3_gate2_v1:F06:K17:4:D10,F06,K17,D10,4,DEVELOPMENT_TEST,15,180770
campaign3_gate2_v1:F06:K17:4:D11,F06,K17,D11,4,DEVELOPMENT_TEST,23,180850
campaign3_gate2_v1:F06:K17:4:DbetaU,F06,K17,DbetaU,4,DEVELOPMENT_TEST,19,180882
campaign3_gate2_v1:F06:K20:0:D00,F06,K20,D00,0,TRAIN,1,180900
campaign3_gate2_v1:F06:K20:0:D01,F06,K20,D01,0,TRAIN,21,180992
campaign3_gate2_v1:F06:K20:0:D10,F06,K20,D10,0,TRAIN,29,180964
campaign3_gate2_v1:F06:K20:0:D11,F06,K20,D11,0,TRAIN,23,181030
campaign3_gate2_v1:F06:K20:0:DbetaU,F06,K20,DbetaU,0,TRAIN,35,181078
campaign3_gate2_v1:F06:K20:1:D00,F06,K20,D00,1,TRAIN,30,181109
campaign3_gate2_v1:F06:K20:1:D01,F06,K20,D01,1,TRAIN,29,181180
campaign3_gate2_v1:F06:K20:1:D10,F06,K20,D10,1,TRAIN,4,181119
campaign3_gate2_v1:F06:K20:1:D11,F06,K20,D11,1,TRAIN,2,181189
campaign3_gate2_v1:F06:K20:1:DbetaU,F06,K20,DbetaU,1,TRAIN,11,181234
campaign3_gate2_v1:F06:K20:2:D00,F06,K20,D00,2,TRAIN,11,181270
campaign3_gate2_v1:F06:K20:2:D01,F06,K20,D01,2,TRAIN,18,181349
campaign3_gate2_v1:F06:K20:2:D10,F06,K20,D10,2,TRAIN,17,181312
campaign3_gate2_v1:F06:K20:2:D11,F06,K20,D11,2,TRAIN,4,181371
campaign3_gate2_v1:F06:K20:2:DbetaU,F06,K20,DbetaU,2,TRAIN,24,181427
campaign3_gate2_v1:F06:K20:3:D00,F06,K20,D00,3,VALIDATION,19,181458
campaign3_gate2_v1:F06:K20:3:D01,F06,K20,D01,3,VALIDATION,25,181536
campaign3_gate2_v1:F06:K20:3:D10,F06,K20,D10,3,VALIDATION,32,181507
campaign3_gate2_v1:F06:K20:3:D11,F06,K20,D11,3,VALIDATION,18,181565
campaign3_gate2_v1:F06:K20:3:DbetaU,F06,K20,DbetaU,3,VALIDATION,22,181605
campaign3_gate2_v1:F06:K20:4:D00,F06,K20,D00,4,DEVELOPMENT_TEST,27,181646
campaign3_gate2_v1:F06:K20:4:D01,F06,K20,D01,4,DEVELOPMENT_TEST,30,181721
campaign3_gate2_v1:F06:K20:4:D10,F06,K20,D10,4,DEVELOPMENT_TEST,33,181688
campaign3_gate2_v1:F06:K20:4:D11,F06,K20,D11,4,DEVELOPMENT_TEST,12,181739
campaign3_gate2_v1:F06:K20:4:DbetaU,F06,K20,DbetaU,4,DEVELOPMENT_TEST,1,181764
campaign3_gate2_v1:F06:K21:0:D00,F06,K21,D00,0,TRAIN,16,181815
campaign3_gate2_v1:F06:K21:0:D01,F06,K21,D01,0,TRAIN,34,181905
campaign3_gate2_v1:F06:K21:0:D10,F06,K21,D10,0,TRAIN,24,181859
campaign3_gate2_v1:F06:K21:0:D11,F06,K21,D11,0,TRAIN,34,181941
campaign3_gate2_v1:F06:K21:0:DbetaU,F06,K21,DbetaU,0,TRAIN,32,181975
campaign3_gate2_v1:F06:K21:1:D00,F06,K21,D00,1,TRAIN,20,181999
campaign3_gate2_v1:F06:K21:1:D01,F06,K21,D01,1,TRAIN,3,182054
campaign3_gate2_v1:F06:K21:1:D10,F06,K21,D10,1,TRAIN,1,182016
campaign3_gate2_v1:F06:K21:1:D11,F06,K21,D11,1,TRAIN,16,182103
campaign3_gate2_v1:F06:K21:1:DbetaU,F06,K21,DbetaU,1,TRAIN,33,182156
campaign3_gate2_v1:F06:K21:2:D00,F06,K21,D00,2,TRAIN,25,182184
campaign3_gate2_v1:F06:K21:2:D01,F06,K21,D01,2,TRAIN,27,182258
campaign3_gate2_v1:F06:K21:2:D10,F06,K21,D10,2,TRAIN,25,182220
campaign3_gate2_v1:F06:K21:2:D11,F06,K21,D11,2,TRAIN,27,182294
campaign3_gate2_v1:F06:K21:2:DbetaU,F06,K21,DbetaU,2,TRAIN,23,182326
campaign3_gate2_v1:F06:K21:3:D00,F06,K21,D00,3,VALIDATION,22,182361
campaign3_gate2_v1:F06:K21:3:D01,F06,K21,D01,3,VALIDATION,35,182446
campaign3_gate2_v1:F06:K21:3:D10,F06,K21,D10,3,VALIDATION,27,182402
campaign3_gate2_v1:F06:K21:3:D11,F06,K21,D11,3,VALIDATION,11,182458
campaign3_gate2_v1:F06:K21:3:DbetaU,F06,K21,DbetaU,3,VALIDATION,3,182486
campaign3_gate2_v1:F06:K21:4:D00,F06,K21,D00,4,DEVELOPMENT_TEST,19,182538
campaign3_gate2_v1:F06:K21:4:D01,F06,K21,D01,4,DEVELOPMENT_TEST,23,182614
campaign3_gate2_v1:F06:K21:4:D10,F06,K21,D10,4,DEVELOPMENT_TEST,29,182584
campaign3_gate2_v1:F06:K21:4:D11,F06,K21,D11,4,DEVELOPMENT_TEST,16,182643
campaign3_gate2_v1:F06:K21:4:DbetaU,F06,K21,DbetaU,4,DEVELOPMENT_TEST,19,182682
campaign3_gate2_v1:F06:K23:0:D00,F06,K23,D00,0,TRAIN,5,182704
campaign3_gate2_v1:F06:K23:0:D01,F06,K23,D01,0,TRAIN,10,182781
campaign3_gate2_v1:F06:K23:0:D10,F06,K23,D10,0,TRAIN,1,182736
campaign3_gate2_v1:F06:K23:0:D11,F06,K23,D11,0,TRAIN,2,182809
campaign3_gate2_v1:F06:K23:0:DbetaU,F06,K23,DbetaU,0,TRAIN,34,182877
campaign3_gate2_v1:F06:K23:1:D00,F06,K23,D00,1,TRAIN,16,182895
campaign3_gate2_v1:F06:K23:1:D01,F06,K23,D01,1,TRAIN,17,182968
campaign3_gate2_v1:F06:K23:1:D10,F06,K23,D10,1,TRAIN,14,182929
campaign3_gate2_v1:F06:K23:1:D11,F06,K23,D11,1,TRAIN,31,183018
campaign3_gate2_v1:F06:K23:1:DbetaU,F06,K23,DbetaU,1,TRAIN,24,183047
campaign3_gate2_v1:F06:K23:2:D00,F06,K23,D00,2,TRAIN,26,183085
campaign3_gate2_v1:F06:K23:2:D01,F06,K23,D01,2,TRAIN,10,183141
campaign3_gate2_v1:F06:K23:2:D10,F06,K23,D10,2,TRAIN,6,183101
campaign3_gate2_v1:F06:K23:2:D11,F06,K23,D11,2,TRAIN,34,183201
campaign3_gate2_v1:F06:K23:2:DbetaU,F06,K23,DbetaU,2,TRAIN,9,183212
campaign3_gate2_v1:F06:K23:3:D00,F06,K23,D00,3,VALIDATION,11,183250
campaign3_gate2_v1:F06:K23:3:D01,F06,K23,D01,3,VALIDATION,17,183328
campaign3_gate2_v1:F06:K23:3:D10,F06,K23,D10,3,VALIDATION,33,183308
campaign3_gate2_v1:F06:K23:3:D11,F06,K23,D11,3,VALIDATION,30,183377
campaign3_gate2_v1:F06:K23:3:DbetaU,F06,K23,DbetaU,3,VALIDATION,1,183384
campaign3_gate2_v1:F06:K23:4:D00,F06,K23,D00,4,DEVELOPMENT_TEST,27,183446
campaign3_gate2_v1:F06:K23:4:D01,F06,K23,D01,4,DEVELOPMENT_TEST,5,183496
campaign3_gate2_v1:F06:K23:4:D10,F06,K23,D10,4,DEVELOPMENT_TEST,21,183476
campaign3_gate2_v1:F06:K23:4:D11,F06,K23,D11,4,DEVELOPMENT_TEST,14,183541
campaign3_gate2_v1:F06:K23:4:DbetaU,F06,K23,DbetaU,4,DEVELOPMENT_TEST,20,183583
campaign3_gate2_v1:F06:K25:0:D00,F06,K25,D00,0,TRAIN,27,183626
campaign3_gate2_v1:F06:K25:0:D01,F06,K25,D01,0,TRAIN,34,183705
campaign3_gate2_v1:F06:K25:0:D10,F06,K25,D10,0,TRAIN,16,183651
campaign3_gate2_v1:F06:K25:0:D11,F06,K25,D11,0,TRAIN,26,183733
campaign3_gate2_v1:F06:K25:0:DbetaU,F06,K25,DbetaU,0,TRAIN,3,183746
campaign3_gate2_v1:F06:K25:1:D00,F06,K25,D00,1,TRAIN,22,183801
campaign3_gate2_v1:F06:K25:1:D01,F06,K25,D01,1,TRAIN,35,183886
campaign3_gate2_v1:F06:K25:1:D10,F06,K25,D10,1,TRAIN,19,183834
campaign3_gate2_v1:F06:K25:1:D11,F06,K25,D11,1,TRAIN,3,183890
campaign3_gate2_v1:F06:K25:1:DbetaU,F06,K25,DbetaU,1,TRAIN,7,183930
campaign3_gate2_v1:F06:K25:2:D00,F06,K25,D00,2,TRAIN,24,183983
campaign3_gate2_v1:F06:K25:2:D01,F06,K25,D01,2,TRAIN,11,184042
campaign3_gate2_v1:F06:K25:2:D10,F06,K25,D10,2,TRAIN,13,184008
campaign3_gate2_v1:F06:K25:2:D11,F06,K25,D11,2,TRAIN,2,184069
campaign3_gate2_v1:F06:K25:2:DbetaU,F06,K25,DbetaU,2,TRAIN,23,184126
campaign3_gate2_v1:F06:K25:3:D00,F06,K25,D00,3,VALIDATION,34,184173
campaign3_gate2_v1:F06:K25:3:D01,F06,K25,D01,3,VALIDATION,26,184237
campaign3_gate2_v1:F06:K25:3:D10,F06,K25,D10,3,VALIDATION,33,184208
campaign3_gate2_v1:F06:K25:3:D11,F06,K25,D11,3,VALIDATION,4,184251
campaign3_gate2_v1:F06:K25:3:DbetaU,F06,K25,DbetaU,3,VALIDATION,6,184289
campaign3_gate2_v1:F06:K25:4:D00,F06,K25,D00,4,DEVELOPMENT_TEST,34,184353
campaign3_gate2_v1:F06:K25:4:D01,F06,K25,D01,4,DEVELOPMENT_TEST,20,184411
campaign3_gate2_v1:F06:K25:4:D10,F06,K25,D10,4,DEVELOPMENT_TEST,7,184362
campaign3_gate2_v1:F06:K25:4:D11,F06,K25,D11,4,DEVELOPMENT_TEST,15,184442
campaign3_gate2_v1:F06:K25:4:DbetaU,F06,K25,DbetaU,4,DEVELOPMENT_TEST,15,184478
campaign3_gate2_v1:F06:K26:0:D00,F06,K26,D00,0,TRAIN,29,184528
campaign3_gate2_v1:F06:K26:0:D01,F06,K26,D01,0,TRAIN,17,184588
campaign3_gate2_v1:F06:K26:0:D10,F06,K26,D10,0,TRAIN,10,184545
campaign3_gate2_v1:F06:K26:0:D11,F06,K26,D11,0,TRAIN,3,184610
campaign3_gate2_v1:F06:K26:0:DbetaU,F06,K26,DbetaU,0,TRAIN,5,184648
campaign3_gate2_v1:F06:K26:1:D00,F06,K26,D00,1,TRAIN,16,184695
campaign3_gate2_v1:F06:K26:1:D01,F06,K26,D01,1,TRAIN,33,184784
campaign3_gate2_v1:F06:K26:1:D10,F06,K26,D10,1,TRAIN,32,184747
campaign3_gate2_v1:F06:K26:1:D11,F06,K26,D11,1,TRAIN,15,184802
campaign3_gate2_v1:F06:K26:1:DbetaU,F06,K26,DbetaU,1,TRAIN,3,184826
campaign3_gate2_v1:F06:K26:2:D00,F06,K26,D00,2,TRAIN,35,184894
campaign3_gate2_v1:F06:K26:2:D01,F06,K26,D01,2,TRAIN,22,184953
campaign3_gate2_v1:F06:K26:2:D10,F06,K26,D10,2,TRAIN,6,184901
campaign3_gate2_v1:F06:K26:2:D11,F06,K26,D11,2,TRAIN,5,184972
campaign3_gate2_v1:F06:K26:2:DbetaU,F06,K26,DbetaU,2,TRAIN,14,185017
campaign3_gate2_v1:F06:K26:3:D00,F06,K26,D00,3,VALIDATION,29,185068
campaign3_gate2_v1:F06:K26:3:D01,F06,K26,D01,3,VALIDATION,25,185136
campaign3_gate2_v1:F06:K26:3:D10,F06,K26,D10,3,VALIDATION,35,185110
campaign3_gate2_v1:F06:K26:3:D11,F06,K26,D11,3,VALIDATION,16,185163
campaign3_gate2_v1:F06:K26:3:DbetaU,F06,K26,DbetaU,3,VALIDATION,20,185203
campaign3_gate2_v1:F06:K26:4:D00,F06,K26,D00,4,DEVELOPMENT_TEST,13,185232
campaign3_gate2_v1:F06:K26:4:D01,F06,K26,D01,4,DEVELOPMENT_TEST,19,185310
campaign3_gate2_v1:F06:K26:4:D10,F06,K26,D10,4,DEVELOPMENT_TEST,23,185278
campaign3_gate2_v1:F06:K26:4:D11,F06,K26,D11,4,DEVELOPMENT_TEST,23,185350
campaign3_gate2_v1:F06:K26:4:DbetaU,F06,K26,DbetaU,4,DEVELOPMENT_TEST,24,185387
campaign3_gate2_v1:F06:K27:0:D00,F06,K27,D00,0,TRAIN,3,185402
campaign3_gate2_v1:F06:K27:0:D01,F06,K27,D01,0,TRAIN,8,185479
campaign3_gate2_v1:F06:K27:0:D10,F06,K27,D10,0,TRAIN,15,185450
campaign3_gate2_v1:F06:K27:0:D11,F06,K27,D11,0,TRAIN,11,185518
campaign3_gate2_v1:F06:K27:0:DbetaU,F06,K27,DbetaU,0,TRAIN,33,185576
campaign3_gate2_v1:F06:K27:1:D00,F06,K27,D00,1,TRAIN,3,185582
campaign3_gate2_v1:F06:K27:1:D01,F06,K27,D01,1,TRAIN,30,185681
campaign3_gate2_v1:F06:K27:1:D10,F06,K27,D10,1,TRAIN,22,185637
campaign3_gate2_v1:F06:K27:1:D11,F06,K27,D11,1,TRAIN,3,185690
campaign3_gate2_v1:F06:K27:1:DbetaU,F06,K27,DbetaU,1,TRAIN,31,185754
campaign3_gate2_v1:F06:K27:2:D00,F06,K27,D00,2,TRAIN,14,185773
campaign3_gate2_v1:F06:K27:2:D01,F06,K27,D01,2,TRAIN,29,185860
campaign3_gate2_v1:F06:K27:2:D10,F06,K27,D10,2,TRAIN,9,185804
campaign3_gate2_v1:F06:K27:2:D11,F06,K27,D11,2,TRAIN,7,185874
campaign3_gate2_v1:F06:K27:2:DbetaU,F06,K27,DbetaU,2,TRAIN,26,185929
campaign3_gate2_v1:F06:K27:3:D00,F06,K27,D00,3,VALIDATION,11,185950
campaign3_gate2_v1:F06:K27:3:D01,F06,K27,D01,3,VALIDATION,14,186025
campaign3_gate2_v1:F06:K27:3:D10,F06,K27,D10,3,VALIDATION,6,185981
campaign3_gate2_v1:F06:K27:3:D11,F06,K27,D11,3,VALIDATION,5,186052
campaign3_gate2_v1:F06:K27:3:DbetaU,F06,K27,DbetaU,3,VALIDATION,15,186098
campaign3_gate2_v1:F06:K27:4:D00,F06,K27,D00,4,DEVELOPMENT_TEST,34,186153
campaign3_gate2_v1:F06:K27:4:D01,F06,K27,D01,4,DEVELOPMENT_TEST,17,186208
campaign3_gate2_v1:F06:K27:4:D10,F06,K27,D10,4,DEVELOPMENT_TEST,4,186159
campaign3_gate2_v1:F06:K27:4:D11,F06,K27,D11,4,DEVELOPMENT_TEST,14,186241
campaign3_gate2_v1:F06:K27:4:DbetaU,F06,K27,DbetaU,4,DEVELOPMENT_TEST,5,186268
campaign3_gate2_v1:F06:K31:0:D00,F06,K31,D00,0,TRAIN,11,186310
campaign3_gate2_v1:F06:K31:0:D01,F06,K31,D01,0,TRAIN,6,186377
campaign3_gate2_v1:F06:K31:0:D10,F06,K31,D10,0,TRAIN,21,186356
campaign3_gate2_v1:F06:K31:0:D11,F06,K31,D11,0,TRAIN,8,186415
campaign3_gate2_v1:F06:K31:0:DbetaU,F06,K31,DbetaU,0,TRAIN,25,186468
campaign3_gate2_v1:F06:K31:1:D00,F06,K31,D00,1,TRAIN,19,186498
campaign3_gate2_v1:F06:K31:1:D01,F06,K31,D01,1,TRAIN,23,186574
campaign3_gate2_v1:F06:K31:1:D10,F06,K31,D10,1,TRAIN,7,186522
campaign3_gate2_v1:F06:K31:1:D11,F06,K31,D11,1,TRAIN,2,186589
campaign3_gate2_v1:F06:K31:1:DbetaU,F06,K31,DbetaU,1,TRAIN,30,186653
campaign3_gate2_v1:F06:K31:2:D00,F06,K31,D00,2,TRAIN,6,186665
campaign3_gate2_v1:F06:K31:2:D01,F06,K31,D01,2,TRAIN,1,186732
campaign3_gate2_v1:F06:K31:2:D10,F06,K31,D10,2,TRAIN,36,186731
campaign3_gate2_v1:F06:K31:2:D11,F06,K31,D11,2,TRAIN,28,186795
campaign3_gate2_v1:F06:K31:2:DbetaU,F06,K31,DbetaU,2,TRAIN,9,186812
campaign3_gate2_v1:F06:K31:3:D00,F06,K31,D00,3,VALIDATION,2,186841
campaign3_gate2_v1:F06:K31:3:D01,F06,K31,D01,3,VALIDATION,20,186931
campaign3_gate2_v1:F06:K31:3:D10,F06,K31,D10,3,VALIDATION,29,186904
campaign3_gate2_v1:F06:K31:3:D11,F06,K31,D11,3,VALIDATION,6,186953
campaign3_gate2_v1:F06:K31:3:DbetaU,F06,K31,DbetaU,3,VALIDATION,13,186996
campaign3_gate2_v1:F06:K31:4:D00,F06,K31,D00,4,DEVELOPMENT_TEST,21,187040
campaign3_gate2_v1:F06:K31:4:D01,F06,K31,D01,4,DEVELOPMENT_TEST,1,187092
campaign3_gate2_v1:F06:K31:4:D10,F06,K31,D10,4,DEVELOPMENT_TEST,7,187062
campaign3_gate2_v1:F06:K31:4:D11,F06,K31,D11,4,DEVELOPMENT_TEST,34,187161
campaign3_gate2_v1:F06:K31:4:DbetaU,F06,K31,DbetaU,4,DEVELOPMENT_TEST,20,187183
campaign3_gate2_v1:F06:K32:0:D00,F06,K32,D00,0,TRAIN,21,187220
campaign3_gate2_v1:F06:K32:0:D01,F06,K32,D01,0,TRAIN,28,187299
campaign3_gate2_v1:F06:K32:0:D10,F06,K32,D10,0,TRAIN,13,187248
campaign3_gate2_v1:F06:K32:0:D11,F06,K32,D11,0,TRAIN,1,187308
campaign3_gate2_v1:F06:K32:0:DbetaU,F06,K32,DbetaU,0,TRAIN,32,187375
campaign3_gate2_v1:F06:K32:1:D00,F06,K32,D00,1,TRAIN,23,187402
campaign3_gate2_v1:F06:K32:1:D01,F06,K32,D01,1,TRAIN,3,187454
campaign3_gate2_v1:F06:K32:1:D10,F06,K32,D10,1,TRAIN,22,187437
campaign3_gate2_v1:F06:K32:1:D11,F06,K32,D11,1,TRAIN,12,187499
campaign3_gate2_v1:F06:K32:1:DbetaU,F06,K32,DbetaU,1,TRAIN,2,187525
campaign3_gate2_v1:F06:K32:2:D00,F06,K32,D00,2,TRAIN,33,187592
campaign3_gate2_v1:F06:K32:2:D01,F06,K32,D01,2,TRAIN,12,187643
campaign3_gate2_v1:F06:K32:2:D10,F06,K32,D10,2,TRAIN,15,187610
campaign3_gate2_v1:F06:K32:2:D11,F06,K32,D11,2,TRAIN,13,187680
campaign3_gate2_v1:F06:K32:2:DbetaU,F06,K32,DbetaU,2,TRAIN,31,187734
campaign3_gate2_v1:F06:K32:3:D00,F06,K32,D00,3,VALIDATION,19,187758
campaign3_gate2_v1:F06:K32:3:D01,F06,K32,D01,3,VALIDATION,5,187816
campaign3_gate2_v1:F06:K32:3:D10,F06,K32,D10,3,VALIDATION,15,187790
campaign3_gate2_v1:F06:K32:3:D11,F06,K32,D11,3,VALIDATION,15,187862
campaign3_gate2_v1:F06:K32:3:DbetaU,F06,K32,DbetaU,3,VALIDATION,3,187886
campaign3_gate2_v1:F06:K32:4:D00,F06,K32,D00,4,DEVELOPMENT_TEST,23,187942
campaign3_gate2_v1:F06:K32:4:D01,F06,K32,D01,4,DEVELOPMENT_TEST,15,188006
campaign3_gate2_v1:F06:K32:4:D10,F06,K32,D10,4,DEVELOPMENT_TEST,3,187958
campaign3_gate2_v1:F06:K32:4:D11,F06,K32,D11,4,DEVELOPMENT_TEST,21,188048
campaign3_gate2_v1:F06:K32:4:DbetaU,F06,K32,DbetaU,4,DEVELOPMENT_TEST,29,188092
campaign3_gate2_v1:F06:K33:0:D00,F06,K33,D00,0,TRAIN,5,188104
campaign3_gate2_v1:F06:K33:0:D01,F06,K33,D01,0,TRAIN,15,188186
campaign3_gate2_v1:F06:K33:0:D10,F06,K33,D10,0,TRAIN,29,188164
campaign3_gate2_v1:F06:K33:0:D11,F06,K33,D11,0,TRAIN,16,188223
campaign3_gate2_v1:F06:K33:0:DbetaU,F06,K33,DbetaU,0,TRAIN,29,188272
campaign3_gate2_v1:F06:K33:1:D00,F06,K33,D00,1,TRAIN,14,188293
campaign3_gate2_v1:F06:K33:1:D01,F06,K33,D01,1,TRAIN,12,188363
campaign3_gate2_v1:F06:K33:1:D10,F06,K33,D10,1,TRAIN,6,188321
campaign3_gate2_v1:F06:K33:1:D11,F06,K33,D11,1,TRAIN,1,188388
campaign3_gate2_v1:F06:K33:1:DbetaU,F06,K33,DbetaU,1,TRAIN,28,188451
campaign3_gate2_v1:F06:K33:2:D00,F06,K33,D00,2,TRAIN,7,188466
campaign3_gate2_v1:F06:K33:2:D01,F06,K33,D01,2,TRAIN,13,188544
campaign3_gate2_v1:F06:K33:2:D10,F06,K33,D10,2,TRAIN,33,188528
campaign3_gate2_v1:F06:K33:2:D11,F06,K33,D11,2,TRAIN,12,188579
campaign3_gate2_v1:F06:K33:2:DbetaU,F06,K33,DbetaU,2,TRAIN,5,188608
campaign3_gate2_v1:F06:K33:3:D00,F06,K33,D00,3,VALIDATION,34,188673
campaign3_gate2_v1:F06:K33:3:D01,F06,K33,D01,3,VALIDATION,25,188736
campaign3_gate2_v1:F06:K33:3:D10,F06,K33,D10,3,VALIDATION,8,188683
campaign3_gate2_v1:F06:K33:3:D11,F06,K33,D11,3,VALIDATION,15,188762
campaign3_gate2_v1:F06:K33:3:DbetaU,F06,K33,DbetaU,3,VALIDATION,8,188791
campaign3_gate2_v1:F06:K33:4:D00,F06,K33,D00,4,DEVELOPMENT_TEST,13,188832
campaign3_gate2_v1:F06:K33:4:D01,F06,K33,D01,4,DEVELOPMENT_TEST,26,188917
campaign3_gate2_v1:F06:K33:4:D10,F06,K33,D10,4,DEVELOPMENT_TEST,35,188890
campaign3_gate2_v1:F06:K33:4:D11,F06,K33,D11,4,DEVELOPMENT_TEST,32,188959
campaign3_gate2_v1:F06:K33:4:DbetaU,F06,K33,DbetaU,4,DEVELOPMENT_TEST,33,188996
campaign3_gate2_v1:F07:K01:0:D00,F07,K01,D00,0,TRAIN,27,189026
campaign3_gate2_v1:F07:K01:0:D01,F07,K01,D01,0,TRAIN,5,189076
campaign3_gate2_v1:F07:K01:0:D10,F07,K01,D10,0,TRAIN,10,189045
campaign3_gate2_v1:F07:K01:0:D11,F07,K01,D11,0,TRAIN,5,189112
campaign3_gate2_v1:F07:K01:0:DbetaU,F07,K01,DbetaU,0,TRAIN,26,189169
campaign3_gate2_v1:F07:K01:1:D00,F07,K01,D00,1,TRAIN,10,189189
campaign3_gate2_v1:F07:K01:1:D01,F07,K01,D01,1,TRAIN,7,189258
campaign3_gate2_v1:F07:K01:1:D10,F07,K01,D10,1,TRAIN,8,189223
campaign3_gate2_v1:F07:K01:1:D11,F07,K01,D11,1,TRAIN,25,189312
campaign3_gate2_v1:F07:K01:1:DbetaU,F07,K01,DbetaU,1,TRAIN,13,189336
campaign3_gate2_v1:F07:K01:2:D00,F07,K01,D00,2,TRAIN,14,189373
campaign3_gate2_v1:F07:K01:2:D01,F07,K01,D01,2,TRAIN,26,189457
campaign3_gate2_v1:F07:K01:2:D10,F07,K01,D10,2,TRAIN,17,189412
campaign3_gate2_v1:F07:K01:2:D11,F07,K01,D11,2,TRAIN,36,189503
campaign3_gate2_v1:F07:K01:2:DbetaU,F07,K01,DbetaU,2,TRAIN,17,189520
campaign3_gate2_v1:F07:K01:3:D00,F07,K01,D00,3,VALIDATION,18,189557
campaign3_gate2_v1:F07:K01:3:D01,F07,K01,D01,3,VALIDATION,19,189630
campaign3_gate2_v1:F07:K01:3:D10,F07,K01,D10,3,VALIDATION,36,189611
campaign3_gate2_v1:F07:K01:3:D11,F07,K01,D11,3,VALIDATION,5,189652
campaign3_gate2_v1:F07:K01:3:DbetaU,F07,K01,DbetaU,3,VALIDATION,34,189717
campaign3_gate2_v1:F07:K01:4:D00,F07,K01,D00,4,DEVELOPMENT_TEST,25,189744
campaign3_gate2_v1:F07:K01:4:D01,F07,K01,D01,4,DEVELOPMENT_TEST,20,189811
campaign3_gate2_v1:F07:K01:4:D10,F07,K01,D10,4,DEVELOPMENT_TEST,4,189759
campaign3_gate2_v1:F07:K01:4:D11,F07,K01,D11,4,DEVELOPMENT_TEST,22,189849
campaign3_gate2_v1:F07:K01:4:DbetaU,F07,K01,DbetaU,4,DEVELOPMENT_TEST,20,189883
campaign3_gate2_v1:F07:K02:0:D00,F07,K02,D00,0,TRAIN,6,189905
campaign3_gate2_v1:F07:K02:0:D01,F07,K02,D01,0,TRAIN,36,190007
campaign3_gate2_v1:F07:K02:0:D10,F07,K02,D10,0,TRAIN,5,189940
campaign3_gate2_v1:F07:K02:0:D11,F07,K02,D11,0,TRAIN,19,190026
campaign3_gate2_v1:F07:K02:0:DbetaU,F07,K02,DbetaU,0,TRAIN,1,190044
campaign3_gate2_v1:F07:K02:1:D00,F07,K02,D00,1,TRAIN,31,190110
campaign3_gate2_v1:F07:K02:1:D01,F07,K02,D01,1,TRAIN,12,190163
campaign3_gate2_v1:F07:K02:1:D10,F07,K02,D10,1,TRAIN,23,190138
campaign3_gate2_v1:F07:K02:1:D11,F07,K02,D11,1,TRAIN,21,190208
campaign3_gate2_v1:F07:K02:1:DbetaU,F07,K02,DbetaU,1,TRAIN,7,190230
campaign3_gate2_v1:F07:K02:2:D00,F07,K02,D00,2,TRAIN,16,190275
campaign3_gate2_v1:F07:K02:2:D01,F07,K02,D01,2,TRAIN,16,190347
campaign3_gate2_v1:F07:K02:2:D10,F07,K02,D10,2,TRAIN,23,190318
campaign3_gate2_v1:F07:K02:2:D11,F07,K02,D11,2,TRAIN,31,190398
campaign3_gate2_v1:F07:K02:2:DbetaU,F07,K02,DbetaU,2,TRAIN,27,190430
campaign3_gate2_v1:F07:K02:3:D00,F07,K02,D00,3,VALIDATION,18,190457
campaign3_gate2_v1:F07:K02:3:D01,F07,K02,D01,3,VALIDATION,14,190525
campaign3_gate2_v1:F07:K02:3:D10,F07,K02,D10,3,VALIDATION,31,190506
campaign3_gate2_v1:F07:K02:3:D11,F07,K02,D11,3,VALIDATION,11,190558
campaign3_gate2_v1:F07:K02:3:DbetaU,F07,K02,DbetaU,3,VALIDATION,20,190603
campaign3_gate2_v1:F07:K02:4:D00,F07,K02,D00,4,DEVELOPMENT_TEST,29,190648
campaign3_gate2_v1:F07:K02:4:D01,F07,K02,D01,4,DEVELOPMENT_TEST,20,190711
campaign3_gate2_v1:F07:K02:4:D10,F07,K02,D10,4,DEVELOPMENT_TEST,9,190664
campaign3_gate2_v1:F07:K02:4:D11,F07,K02,D11,4,DEVELOPMENT_TEST,12,190739
campaign3_gate2_v1:F07:K02:4:DbetaU,F07,K02,DbetaU,4,DEVELOPMENT_TEST,10,190773
campaign3_gate2_v1:F07:K03:0:D00,F07,K03,D00,0,TRAIN,25,190824
campaign3_gate2_v1:F07:K03:0:D01,F07,K03,D01,0,TRAIN,26,190897
campaign3_gate2_v1:F07:K03:0:D10,F07,K03,D10,0,TRAIN,1,190836
campaign3_gate2_v1:F07:K03:0:D11,F07,K03,D11,0,TRAIN,6,190913
campaign3_gate2_v1:F07:K03:0:DbetaU,F07,K03,DbetaU,0,TRAIN,22,190965
campaign3_gate2_v1:F07:K03:1:D00,F07,K03,D00,1,TRAIN,30,191009
campaign3_gate2_v1:F07:K03:1:D01,F07,K03,D01,1,TRAIN,6,191057
campaign3_gate2_v1:F07:K03:1:D10,F07,K03,D10,1,TRAIN,35,191050
campaign3_gate2_v1:F07:K03:1:D11,F07,K03,D11,1,TRAIN,27,191114
campaign3_gate2_v1:F07:K03:1:DbetaU,F07,K03,DbetaU,1,TRAIN,22,191145
campaign3_gate2_v1:F07:K03:2:D00,F07,K03,D00,2,TRAIN,19,191178
campaign3_gate2_v1:F07:K03:2:D01,F07,K03,D01,2,TRAIN,27,191258
campaign3_gate2_v1:F07:K03:2:D10,F07,K03,D10,2,TRAIN,31,191226
campaign3_gate2_v1:F07:K03:2:D11,F07,K03,D11,2,TRAIN,35,191302
campaign3_gate2_v1:F07:K03:2:DbetaU,F07,K03,DbetaU,2,TRAIN,17,191320
campaign3_gate2_v1:F07:K03:3:D00,F07,K03,D00,3,VALIDATION,13,191352
campaign3_gate2_v1:F07:K03:3:D01,F07,K03,D01,3,VALIDATION,25,191436
campaign3_gate2_v1:F07:K03:3:D10,F07,K03,D10,3,VALIDATION,30,191405
campaign3_gate2_v1:F07:K03:3:D11,F07,K03,D11,3,VALIDATION,5,191452
campaign3_gate2_v1:F07:K03:3:DbetaU,F07,K03,DbetaU,3,VALIDATION,23,191506
campaign3_gate2_v1:F07:K03:4:D00,F07,K03,D00,4,DEVELOPMENT_TEST,22,191541
campaign3_gate2_v1:F07:K03:4:D01,F07,K03,D01,4,DEVELOPMENT_TEST,19,191610
campaign3_gate2_v1:F07:K03:4:D10,F07,K03,D10,4,DEVELOPMENT_TEST,11,191566
campaign3_gate2_v1:F07:K03:4:D11,F07,K03,D11,4,DEVELOPMENT_TEST,22,191649
campaign3_gate2_v1:F07:K03:4:DbetaU,F07,K03,DbetaU,4,DEVELOPMENT_TEST,28,191691
campaign3_gate2_v1:F07:K05:0:D00,F07,K05,D00,0,TRAIN,4,191703
campaign3_gate2_v1:F07:K05:0:D01,F07,K05,D01,0,TRAIN,25,191796
campaign3_gate2_v1:F07:K05:0:D10,F07,K05,D10,0,TRAIN,6,191741
campaign3_gate2_v1:F07:K05:0:D11,F07,K05,D11,0,TRAIN,3,191810
campaign3_gate2_v1:F07:K05:0:DbetaU,F07,K05,DbetaU,0,TRAIN,20,191863
campaign3_gate2_v1:F07:K05:1:D00,F07,K05,D00,1,TRAIN,7,191886
campaign3_gate2_v1:F07:K05:1:D01,F07,K05,D01,1,TRAIN,1,191952
campaign3_gate2_v1:F07:K05:1:D10,F07,K05,D10,1,TRAIN,4,191919
campaign3_gate2_v1:F07:K05:1:D11,F07,K05,D11,1,TRAIN,23,192010
campaign3_gate2_v1:F07:K05:1:DbetaU,F07,K05,DbetaU,1,TRAIN,7,192030
campaign3_gate2_v1:F07:K05:2:D00,F07,K05,D00,2,TRAIN,27,192086
campaign3_gate2_v1:F07:K05:2:D01,F07,K05,D01,2,TRAIN,33,192164
campaign3_gate2_v1:F07:K05:2:D10,F07,K05,D10,2,TRAIN,31,192126
campaign3_gate2_v1:F07:K05:2:D11,F07,K05,D11,2,TRAIN,19,192186
campaign3_gate2_v1:F07:K05:2:DbetaU,F07,K05,DbetaU,2,TRAIN,32,192235
campaign3_gate2_v1:F07:K05:3:D00,F07,K05,D00,3,VALIDATION,25,192264
campaign3_gate2_v1:F07:K05:3:D01,F07,K05,D01,3,VALIDATION,17,192328
campaign3_gate2_v1:F07:K05:3:D10,F07,K05,D10,3,VALIDATION,13,192288
campaign3_gate2_v1:F07:K05:3:D11,F07,K05,D11,3,VALIDATION,26,192373
campaign3_gate2_v1:F07:K05:3:DbetaU,F07,K05,DbetaU,3,VALIDATION,25,192408
campaign3_gate2_v1:F07:K05:4:D00,F07,K05,D00,4,DEVELOPMENT_TEST,24,192443
campaign3_gate2_v1:F07:K05:4:D01,F07,K05,D01,4,DEVELOPMENT_TEST,27,192518
campaign3_gate2_v1:F07:K05:4:D10,F07,K05,D10,4,DEVELOPMENT_TEST,20,192475
campaign3_gate2_v1:F07:K05:4:D11,F07,K05,D11,4,DEVELOPMENT_TEST,23,192550
campaign3_gate2_v1:F07:K05:4:DbetaU,F07,K05,DbetaU,4,DEVELOPMENT_TEST,11,192574
campaign3_gate2_v1:F07:K06:0:D00,F07,K06,D00,0,TRAIN,25,192624
campaign3_gate2_v1:F07:K06:0:D01,F07,K06,D01,0,TRAIN,25,192696
campaign3_gate2_v1:F07:K06:0:D10,F07,K06,D10,0,TRAIN,14,192649
campaign3_gate2_v1:F07:K06:0:D11,F07,K06,D11,0,TRAIN,27,192734
campaign3_gate2_v1:F07:K06:0:DbetaU,F07,K06,DbetaU,0,TRAIN,31,192774
campaign3_gate2_v1:F07:K06:1:D00,F07,K06,D00,1,TRAIN,17,192796
campaign3_gate2_v1:F07:K06:1:D01,F07,K06,D01,1,TRAIN,13,192864
campaign3_gate2_v1:F07:K06:1:D10,F07,K06,D10,1,TRAIN,12,192827
campaign3_gate2_v1:F07:K06:1:D11,F07,K06,D11,1,TRAIN,12,192899
campaign3_gate2_v1:F07:K06:1:DbetaU,F07,K06,DbetaU,1,TRAIN,35,192958
campaign3_gate2_v1:F07:K06:2:D00,F07,K06,D00,2,TRAIN,30,192989
campaign3_gate2_v1:F07:K06:2:D01,F07,K06,D01,2,TRAIN,6,193037
campaign3_gate2_v1:F07:K06:2:D10,F07,K06,D10,2,TRAIN,35,193030
campaign3_gate2_v1:F07:K06:2:D11,F07,K06,D11,2,TRAIN,31,193098
campaign3_gate2_v1:F07:K06:2:DbetaU,F07,K06,DbetaU,2,TRAIN,7,193110
campaign3_gate2_v1:F07:K06:3:D00,F07,K06,D00,3,VALIDATION,5,193144
campaign3_gate2_v1:F07:K06:3:D01,F07,K06,D01,3,VALIDATION,3,193214
campaign3_gate2_v1:F07:K06:3:D10,F07,K06,D10,3,VALIDATION,28,193203
campaign3_gate2_v1:F07:K06:3:D11,F07,K06,D11,3,VALIDATION,19,193266
campaign3_gate2_v1:F07:K06:3:DbetaU,F07,K06,DbetaU,3,VALIDATION,22,193305
campaign3_gate2_v1:F07:K06:4:D00,F07,K06,D00,4,DEVELOPMENT_TEST,25,193344
campaign3_gate2_v1:F07:K06:4:D01,F07,K06,D01,4,DEVELOPMENT_TEST,23,193414
campaign3_gate2_v1:F07:K06:4:D10,F07,K06,D10,4,DEVELOPMENT_TEST,35,193390
campaign3_gate2_v1:F07:K06:4:D11,F07,K06,D11,4,DEVELOPMENT_TEST,26,193453
campaign3_gate2_v1:F07:K06:4:DbetaU,F07,K06,DbetaU,4,DEVELOPMENT_TEST,20,193483
campaign3_gate2_v1:F07:K07:0:D00,F07,K07,D00,0,TRAIN,22,193521
campaign3_gate2_v1:F07:K07:0:D01,F07,K07,D01,0,TRAIN,3,193574
campaign3_gate2_v1:F07:K07:0:D10,F07,K07,D10,0,TRAIN,15,193550
campaign3_gate2_v1:F07:K07:0:D11,F07,K07,D11,0,TRAIN,5,193612
campaign3_gate2_v1:F07:K07:0:DbetaU,F07,K07,DbetaU,0,TRAIN,3,193646
campaign3_gate2_v1:F07:K07:1:D00,F07,K07,D00,1,TRAIN,9,193688
campaign3_gate2_v1:F07:K07:1:D01,F07,K07,D01,1,TRAIN,8,193759
campaign3_gate2_v1:F07:K07:1:D10,F07,K07,D10,1,TRAIN,28,193743
campaign3_gate2_v1:F07:K07:1:D11,F07,K07,D11,1,TRAIN,11,193798
campaign3_gate2_v1:F07:K07:1:DbetaU,F07,K07,DbetaU,1,TRAIN,24,193847
campaign3_gate2_v1:F07:K07:2:D00,F07,K07,D00,2,TRAIN,16,193875
campaign3_gate2_v1:F07:K07:2:D01,F07,K07,D01,2,TRAIN,1,193932
campaign3_gate2_v1:F07:K07:2:D10,F07,K07,D10,2,TRAIN,20,193915
campaign3_gate2_v1:F07:K07:2:D11,F07,K07,D11,2,TRAIN,24,193991
campaign3_gate2_v1:F07:K07:2:DbetaU,F07,K07,DbetaU,2,TRAIN,9,194012
campaign3_gate2_v1:F07:K07:3:D00,F07,K07,D00,3,VALIDATION,26,194065
campaign3_gate2_v1:F07:K07:3:D01,F07,K07,D01,3,VALIDATION,19,194130
campaign3_gate2_v1:F07:K07:3:D10,F07,K07,D10,3,VALIDATION,25,194100
campaign3_gate2_v1:F07:K07:3:D11,F07,K07,D11,3,VALIDATION,9,194156
campaign3_gate2_v1:F07:K07:3:DbetaU,F07,K07,DbetaU,3,VALIDATION,23,194206
campaign3_gate2_v1:F07:K07:4:D00,F07,K07,D00,4,DEVELOPMENT_TEST,1,194220
campaign3_gate2_v1:F07:K07:4:D01,F07,K07,D01,4,DEVELOPMENT_TEST,21,194312
campaign3_gate2_v1:F07:K07:4:D10,F07,K07,D10,4,DEVELOPMENT_TEST,24,194279
campaign3_gate2_v1:F07:K07:4:D11,F07,K07,D11,4,DEVELOPMENT_TEST,9,194336
campaign3_gate2_v1:F07:K07:4:DbetaU,F07,K07,DbetaU,4,DEVELOPMENT_TEST,27,194390
campaign3_gate2_v1:F07:K10:0:D00,F07,K10,D00,0,TRAIN,5,194404
campaign3_gate2_v1:F07:K10:0:D01,F07,K10,D01,0,TRAIN,35,194506
campaign3_gate2_v1:F07:K10:0:D10,F07,K10,D10,0,TRAIN,14,194449
campaign3_gate2_v1:F07:K10:0:D11,F07,K10,D11,0,TRAIN,35,194542
campaign3_gate2_v1:F07:K10:0:DbetaU,F07,K10,DbetaU,0,TRAIN,11,194554
campaign3_gate2_v1:F07:K10:1:D00,F07,K10,D00,1,TRAIN,19,194598
campaign3_gate2_v1:F07:K10:1:D01,F07,K10,D01,1,TRAIN,4,194655
campaign3_gate2_v1:F07:K10:1:D10,F07,K10,D10,1,TRAIN,32,194647
campaign3_gate2_v1:F07:K10:1:D11,F07,K10,D11,1,TRAIN,15,194702
campaign3_gate2_v1:F07:K10:1:DbetaU,F07,K10,DbetaU,1,TRAIN,1,194724
campaign3_gate2_v1:F07:K10:2:D00,F07,K10,D00,2,TRAIN,7,194766
campaign3_gate2_v1:F07:K10:2:D01,F07,K10,D01,2,TRAIN,27,194858
campaign3_gate2_v1:F07:K10:2:D10,F07,K10,D10,2,TRAIN,14,194809
campaign3_gate2_v1:F07:K10:2:D11,F07,K10,D11,2,TRAIN,16,194883
campaign3_gate2_v1:F07:K10:2:DbetaU,F07,K10,DbetaU,2,TRAIN,11,194914
campaign3_gate2_v1:F07:K10:3:D00,F07,K10,D00,3,VALIDATION,29,194968
campaign3_gate2_v1:F07:K10:3:D01,F07,K10,D01,3,VALIDATION,27,195038
campaign3_gate2_v1:F07:K10:3:D10,F07,K10,D10,3,VALIDATION,15,194990
campaign3_gate2_v1:F07:K10:3:D11,F07,K10,D11,3,VALIDATION,5,195052
campaign3_gate2_v1:F07:K10:3:DbetaU,F07,K10,DbetaU,3,VALIDATION,20,195103
campaign3_gate2_v1:F07:K10:4:D00,F07,K10,D00,4,DEVELOPMENT_TEST,15,195134
campaign3_gate2_v1:F07:K10:4:D01,F07,K10,D01,4,DEVELOPMENT_TEST,13,195204
campaign3_gate2_v1:F07:K10:4:D10,F07,K10,D10,4,DEVELOPMENT_TEST,20,195175
campaign3_gate2_v1:F07:K10:4:D11,F07,K10,D11,4,DEVELOPMENT_TEST,36,195263
campaign3_gate2_v1:F07:K10:4:DbetaU,F07,K10,DbetaU,4,DEVELOPMENT_TEST,12,195275
campaign3_gate2_v1:F07:K11:0:D00,F07,K11,D00,0,TRAIN,34,195333
campaign3_gate2_v1:F07:K11:0:D01,F07,K11,D01,0,TRAIN,1,195372
campaign3_gate2_v1:F07:K11:0:D10,F07,K11,D10,0,TRAIN,5,195340
campaign3_gate2_v1:F07:K11:0:D11,F07,K11,D11,0,TRAIN,8,195415
campaign3_gate2_v1:F07:K11:0:DbetaU,F07,K11,DbetaU,0,TRAIN,15,195458
campaign3_gate2_v1:F07:K11:1:D00,F07,K11,D00,1,TRAIN,16,195495
campaign3_gate2_v1:F07:K11:1:D01,F07,K11,D01,1,TRAIN,9,195560
campaign3_gate2_v1:F07:K11:1:D10,F07,K11,D10,1,TRAIN,13,195528
campaign3_gate2_v1:F07:K11:1:D11,F07,K11,D11,1,TRAIN,10,195597
campaign3_gate2_v1:F07:K11:1:DbetaU,F07,K11,DbetaU,1,TRAIN,30,195653
campaign3_gate2_v1:F07:K11:2:D00,F07,K11,D00,2,TRAIN,20,195679
campaign3_gate2_v1:F07:K11:2:D01,F07,K11,D01,2,TRAIN,22,195753
campaign3_gate2_v1:F07:K11:2:D10,F07,K11,D10,2,TRAIN,13,195708
campaign3_gate2_v1:F07:K11:2:D11,F07,K11,D11,2,TRAIN,3,195770
campaign3_gate2_v1:F07:K11:2:DbetaU,F07,K11,DbetaU,2,TRAIN,32,195835
campaign3_gate2_v1:F07:K11:3:D00,F07,K11,D00,3,VALIDATION,32,195871
campaign3_gate2_v1:F07:K11:3:D01,F07,K11,D01,3,VALIDATION,21,195932
campaign3_gate2_v1:F07:K11:3:D10,F07,K11,D10,3,VALIDATION,30,195905
campaign3_gate2_v1:F07:K11:3:D11,F07,K11,D11,3,VALIDATION,25,195972
campaign3_gate2_v1:F07:K11:3:DbetaU,F07,K11,DbetaU,3,VALIDATION,6,195989
campaign3_gate2_v1:F07:K11:4:D00,F07,K11,D00,4,DEVELOPMENT_TEST,36,196055
campaign3_gate2_v1:F07:K11:4:D01,F07,K11,D01,4,DEVELOPMENT_TEST,27,196118
campaign3_gate2_v1:F07:K11:4:D10,F07,K11,D10,4,DEVELOPMENT_TEST,10,196065
campaign3_gate2_v1:F07:K11:4:D11,F07,K11,D11,4,DEVELOPMENT_TEST,35,196162
campaign3_gate2_v1:F07:K11:4:DbetaU,F07,K11,DbetaU,4,DEVELOPMENT_TEST,33,196196
campaign3_gate2_v1:F07:K13:0:D00,F07,K13,D00,0,TRAIN,36,196235
campaign3_gate2_v1:F07:K13:0:D01,F07,K13,D01,0,TRAIN,6,196277
campaign3_gate2_v1:F07:K13:0:D10,F07,K13,D10,0,TRAIN,19,196254
campaign3_gate2_v1:F07:K13:0:D11,F07,K13,D11,0,TRAIN,22,196329
campaign3_gate2_v1:F07:K13:0:DbetaU,F07,K13,DbetaU,0,TRAIN,10,196353
campaign3_gate2_v1:F07:K13:1:D00,F07,K13,D00,1,TRAIN,17,196396
campaign3_gate2_v1:F07:K13:1:D01,F07,K13,D01,1,TRAIN,9,196460
campaign3_gate2_v1:F07:K13:1:D10,F07,K13,D10,1,TRAIN,36,196451
campaign3_gate2_v1:F07:K13:1:D11,F07,K13,D11,1,TRAIN,33,196520
campaign3_gate2_v1:F07:K13:1:DbetaU,F07,K13,DbetaU,1,TRAIN,9,196532
campaign3_gate2_v1:F07:K13:2:D00,F07,K13,D00,2,TRAIN,8,196567
campaign3_gate2_v1:F07:K13:2:D01,F07,K13,D01,2,TRAIN,9,196640
campaign3_gate2_v1:F07:K13:2:D10,F07,K13,D10,2,TRAIN,27,196622
campaign3_gate2_v1:F07:K13:2:D11,F07,K13,D11,2,TRAIN,5,196672
campaign3_gate2_v1:F07:K13:2:DbetaU,F07,K13,DbetaU,2,TRAIN,9,196712
campaign3_gate2_v1:F07:K13:3:D00,F07,K13,D00,3,VALIDATION,13,196752
campaign3_gate2_v1:F07:K13:3:D01,F07,K13,D01,3,VALIDATION,30,196841
campaign3_gate2_v1:F07:K13:3:D10,F07,K13,D10,3,VALIDATION,23,196798
campaign3_gate2_v1:F07:K13:3:D11,F07,K13,D11,3,VALIDATION,18,196865
campaign3_gate2_v1:F07:K13:3:DbetaU,F07,K13,DbetaU,3,VALIDATION,15,196898
campaign3_gate2_v1:F07:K13:4:D00,F07,K13,D00,4,DEVELOPMENT_TEST,32,196951
campaign3_gate2_v1:F07:K13:4:D01,F07,K13,D01,4,DEVELOPMENT_TEST,27,197018
campaign3_gate2_v1:F07:K13:4:D10,F07,K13,D10,4,DEVELOPMENT_TEST,35,196990
campaign3_gate2_v1:F07:K13:4:D11,F07,K13,D11,4,DEVELOPMENT_TEST,14,197041
campaign3_gate2_v1:F07:K13:4:DbetaU,F07,K13,DbetaU,4,DEVELOPMENT_TEST,7,197070
campaign3_gate2_v1:F07:K15:0:D00,F07,K15,D00,0,TRAIN,13,197112
campaign3_gate2_v1:F07:K15:0:D01,F07,K15,D01,0,TRAIN,20,197191
campaign3_gate2_v1:F07:K15:0:D10,F07,K15,D10,0,TRAIN,11,197146
campaign3_gate2_v1:F07:K15:0:D11,F07,K15,D11,0,TRAIN,3,197210
campaign3_gate2_v1:F07:K15:0:DbetaU,F07,K15,DbetaU,0,TRAIN,17,197260
campaign3_gate2_v1:F07:K15:1:D00,F07,K15,D00,1,TRAIN,24,197303
campaign3_gate2_v1:F07:K15:1:D01,F07,K15,D01,1,TRAIN,21,197372
campaign3_gate2_v1:F07:K15:1:D10,F07,K15,D10,1,TRAIN,8,197323
campaign3_gate2_v1:F07:K15:1:D11,F07,K15,D11,1,TRAIN,26,197413
campaign3_gate2_v1:F07:K15:1:DbetaU,F07,K15,DbetaU,1,TRAIN,23,197446
campaign3_gate2_v1:F07:K15:2:D00,F07,K15,D00,2,TRAIN,12,197471
campaign3_gate2_v1:F07:K15:2:D01,F07,K15,D01,2,TRAIN,10,197541
campaign3_gate2_v1:F07:K15:2:D10,F07,K15,D10,2,TRAIN,23,197518
campaign3_gate2_v1:F07:K15:2:D11,F07,K15,D11,2,TRAIN,15,197582
campaign3_gate2_v1:F07:K15:2:DbetaU,F07,K15,DbetaU,2,TRAIN,26,197629
campaign3_gate2_v1:F07:K15:3:D00,F07,K15,D00,3,VALIDATION,29,197668
campaign3_gate2_v1:F07:K15:3:D01,F07,K15,D01,3,VALIDATION,19,197730
campaign3_gate2_v1:F07:K15:3:D10,F07,K15,D10,3,VALIDATION,10,197685
campaign3_gate2_v1:F07:K15:3:D11,F07,K15,D11,3,VALIDATION,9,197756
campaign3_gate2_v1:F07:K15:3:DbetaU,F07,K15,DbetaU,3,VALIDATION,17,197800
campaign3_gate2_v1:F07:K15:4:D00,F07,K15,D00,4,DEVELOPMENT_TEST,10,197829
campaign3_gate2_v1:F07:K15:4:D01,F07,K15,D01,4,DEVELOPMENT_TEST,26,197917
campaign3_gate2_v1:F07:K15:4:D10,F07,K15,D10,4,DEVELOPMENT_TEST,12,197867
campaign3_gate2_v1:F07:K15:4:D11,F07,K15,D11,4,DEVELOPMENT_TEST,5,197932
campaign3_gate2_v1:F07:K15:4:DbetaU,F07,K15,DbetaU,4,DEVELOPMENT_TEST,8,197971
campaign3_gate2_v1:F07:K16:0:D00,F07,K16,D00,0,TRAIN,7,198006
campaign3_gate2_v1:F07:K16:0:D01,F07,K16,D01,0,TRAIN,4,198075
campaign3_gate2_v1:F07:K16:0:D10,F07,K16,D10,0,TRAIN,8,198043
campaign3_gate2_v1:F07:K16:0:D11,F07,K16,D11,0,TRAIN,26,198133
campaign3_gate2_v1:F07:K16:0:DbetaU,F07,K16,DbetaU,0,TRAIN,29,198172
campaign3_gate2_v1:F07:K16:1:D00,F07,K16,D00,1,TRAIN,5,198184
campaign3_gate2_v1:F07:K16:1:D01,F07,K16,D01,1,TRAIN,17,198268
campaign3_gate2_v1:F07:K16:1:D10,F07,K16,D10,1,TRAIN,13,198228
campaign3_gate2_v1:F07:K16:1:D11,F07,K16,D11,1,TRAIN,18,198305
campaign3_gate2_v1:F07:K16:1:DbetaU,F07,K16,DbetaU,1,TRAIN,13,198336
campaign3_gate2_v1:F07:K16:2:D00,F07,K16,D00,2,TRAIN,18,198377
campaign3_gate2_v1:F07:K16:2:D01,F07,K16,D01,2,TRAIN,29,198460
campaign3_gate2_v1:F07:K16:2:D10,F07,K16,D10,2,TRAIN,20,198415
campaign3_gate2_v1:F07:K16:2:D11,F07,K16,D11,2,TRAIN,3,198470
campaign3_gate2_v1:F07:K16:2:DbetaU,F07,K16,DbetaU,2,TRAIN,14,198517
campaign3_gate2_v1:F07:K16:3:D00,F07,K16,D00,3,VALIDATION,20,198559
campaign3_gate2_v1:F07:K16:3:D01,F07,K16,D01,3,VALIDATION,31,198642
campaign3_gate2_v1:F07:K16:3:D10,F07,K16,D10,3,VALIDATION,3,198578
campaign3_gate2_v1:F07:K16:3:D11,F07,K16,D11,3,VALIDATION,6,198653
campaign3_gate2_v1:F07:K16:3:DbetaU,F07,K16,DbetaU,3,VALIDATION,20,198703
campaign3_gate2_v1:F07:K16:4:D00,F07,K16,D00,4,DEVELOPMENT_TEST,29,198748
campaign3_gate2_v1:F07:K16:4:D01,F07,K16,D01,4,DEVELOPMENT_TEST,5,198796
campaign3_gate2_v1:F07:K16:4:D10,F07,K16,D10,4,DEVELOPMENT_TEST,36,198791
campaign3_gate2_v1:F07:K16:4:D11,F07,K16,D11,4,DEVELOPMENT_TEST,2,198829
campaign3_gate2_v1:F07:K16:4:DbetaU,F07,K16,DbetaU,4,DEVELOPMENT_TEST,2,198865
campaign3_gate2_v1:F07:K17:0:D00,F07,K17,D00,0,TRAIN,21,198920
campaign3_gate2_v1:F07:K17:0:D01,F07,K17,D01,0,TRAIN,27,198998
campaign3_gate2_v1:F07:K17:0:D10,F07,K17,D10,0,TRAIN,5,198940
campaign3_gate2_v1:F07:K17:0:D11,F07,K17,D11,0,TRAIN,22,199029
campaign3_gate2_v1:F07:K17:0:DbetaU,F07,K17,DbetaU,0,TRAIN,31,199074
campaign3_gate2_v1:F07:K17:1:D00,F07,K17,D00,1,TRAIN,33,199112
campaign3_gate2_v1:F07:K17:1:D01,F07,K17,D01,1,TRAIN,10,199161
campaign3_gate2_v1:F07:K17:1:D10,F07,K17,D10,1,TRAIN,33,199148
campaign3_gate2_v1:F07:K17:1:D11,F07,K17,D11,1,TRAIN,34,199221
campaign3_gate2_v1:F07:K17:1:DbetaU,F07,K17,DbetaU,1,TRAIN,9,199232
campaign3_gate2_v1:F07:K17:2:D00,F07,K17,D00,2,TRAIN,7,199266
campaign3_gate2_v1:F07:K17:2:D01,F07,K17,D01,2,TRAIN,19,199350
campaign3_gate2_v1:F07:K17:2:D10,F07,K17,D10,2,TRAIN,24,199319
campaign3_gate2_v1:F07:K17:2:D11,F07,K17,D11,2,TRAIN,19,199386
campaign3_gate2_v1:F07:K17:2:DbetaU,F07,K17,DbetaU,2,TRAIN,6,199409
campaign3_gate2_v1:F07:K17:3:D00,F07,K17,D00,3,VALIDATION,2,199441
campaign3_gate2_v1:F07:K17:3:D01,F07,K17,D01,3,VALIDATION,28,199539
campaign3_gate2_v1:F07:K17:3:D10,F07,K17,D10,3,VALIDATION,8,199483
campaign3_gate2_v1:F07:K17:3:D11,F07,K17,D11,3,VALIDATION,13,199560
campaign3_gate2_v1:F07:K17:3:DbetaU,F07,K17,DbetaU,3,VALIDATION,22,199605
campaign3_gate2_v1:F07:K17:4:D00,F07,K17,D00,4,DEVELOPMENT_TEST,5,199624
campaign3_gate2_v1:F07:K17:4:D01,F07,K17,D01,4,DEVELOPMENT_TEST,26,199717
campaign3_gate2_v1:F07:K17:4:D10,F07,K17,D10,4,DEVELOPMENT_TEST,5,199660
campaign3_gate2_v1:F07:K17:4:D11,F07,K17,D11,4,DEVELOPMENT_TEST,18,199745
campaign3_gate2_v1:F07:K17:4:DbetaU,F07,K17,DbetaU,4,DEVELOPMENT_TEST,35,199798
campaign3_gate2_v1:F07:K20:0:D00,F07,K20,D00,0,TRAIN,14,199813
campaign3_gate2_v1:F07:K20:0:D01,F07,K20,D01,0,TRAIN,1,199872
campaign3_gate2_v1:F07:K20:0:D10,F07,K20,D10,0,TRAIN,13,199848
campaign3_gate2_v1:F07:K20:0:D11,F07,K20,D11,0,TRAIN,14,199921
campaign3_gate2_v1:F07:K20:0:DbetaU,F07,K20,DbetaU,0,TRAIN,15,199958
campaign3_gate2_v1:F07:K20:1:D00,F07,K20,D00,1,TRAIN,25,200004
campaign3_gate2_v1:F07:K20:1:D01,F07,K20,D01,1,TRAIN,27,200078
campaign3_gate2_v1:F07:K20:1:D10,F07,K20,D10,1,TRAIN,25,200040
campaign3_gate2_v1:F07:K20:1:D11,F07,K20,D11,1,TRAIN,3,200090
campaign3_gate2_v1:F07:K20:1:DbetaU,F07,K20,DbetaU,1,TRAIN,27,200150
campaign3_gate2_v1:F07:K20:2:D00,F07,K20,D00,2,TRAIN,28,200187
campaign3_gate2_v1:F07:K20:2:D01,F07,K20,D01,2,TRAIN,13,200244
campaign3_gate2_v1:F07:K20:2:D10,F07,K20,D10,2,TRAIN,31,200226
campaign3_gate2_v1:F07:K20:2:D11,F07,K20,D11,2,TRAIN,26,200293
campaign3_gate2_v1:F07:K20:2:DbetaU,F07,K20,DbetaU,2,TRAIN,10,200313
campaign3_gate2_v1:F07:K20:3:D00,F07,K20,D00,3,VALIDATION,32,200371
campaign3_gate2_v1:F07:K20:3:D01,F07,K20,D01,3,VALIDATION,16,200427
campaign3_gate2_v1:F07:K20:3:D10,F07,K20,D10,3,VALIDATION,22,200397
campaign3_gate2_v1:F07:K20:3:D11,F07,K20,D11,3,VALIDATION,31,200478
campaign3_gate2_v1:F07:K20:3:DbetaU,F07,K20,DbetaU,3,VALIDATION,10,200493
campaign3_gate2_v1:F07:K20:4:D00,F07,K20,D00,4,DEVELOPMENT_TEST,12,200531
campaign3_gate2_v1:F07:K20:4:D01,F07,K20,D01,4,DEVELOPMENT_TEST,17,200608
campaign3_gate2_v1:F07:K20:4:D10,F07,K20,D10,4,DEVELOPMENT_TEST,36,200591
campaign3_gate2_v1:F07:K20:4:D11,F07,K20,D11,4,DEVELOPMENT_TEST,33,200660
campaign3_gate2_v1:F07:K20:4:DbetaU,F07,K20,DbetaU,4,DEVELOPMENT_TEST,34,200697
campaign3_gate2_v1:F07:K21:0:D00,F07,K21,D00,0,TRAIN,2,200701
campaign3_gate2_v1:F07:K21:0:D01,F07,K21,D01,0,TRAIN,29,200800
campaign3_gate2_v1:F07:K21:0:D10,F07,K21,D10,0,TRAIN,6,200741
campaign3_gate2_v1:F07:K21:0:D11,F07,K21,D11,0,TRAIN,25,200832
campaign3_gate2_v1:F07:K21:0:DbetaU,F07,K21,DbetaU,0,TRAIN,25,200868
campaign3_gate2_v1:F07:K21:1:D00,F07,K21,D00,1,TRAIN,3,200882
campaign3_gate2_v1:F07:K21:1:D01,F07,K21,D01,1,TRAIN,28,200979
campaign3_gate2_v1:F07:K21:1:D10,F07,K21,D10,1,TRAIN,36,200951
campaign3_gate2_v1:F07:K21:1:D11,F07,K21,D11,1,TRAIN,18,201005
campaign3_gate2_v1:F07:K21:1:DbetaU,F07,K21,DbetaU,1,TRAIN,27,201050
campaign3_gate2_v1:F07:K21:2:D00,F07,K21,D00,2,TRAIN,8,201067
campaign3_gate2_v1:F07:K21:2:D01,F07,K21,D01,2,TRAIN,29,201160
campaign3_gate2_v1:F07:K21:2:D10,F07,K21,D10,2,TRAIN,18,201113
campaign3_gate2_v1:F07:K21:2:D11,F07,K21,D11,2,TRAIN,33,201200
campaign3_gate2_v1:F07:K21:2:DbetaU,F07,K21,DbetaU,2,TRAIN,3,201206
campaign3_gate2_v1:F07:K21:3:D00,F07,K21,D00,3,VALIDATION,32,201271
campaign3_gate2_v1:F07:K21:3:D01,F07,K21,D01,3,VALIDATION,22,201333
campaign3_gate2_v1:F07:K21:3:D10,F07,K21,D10,3,VALIDATION,17,201292
campaign3_gate2_v1:F07:K21:3:D11,F07,K21,D11,3,VALIDATION,17,201364
campaign3_gate2_v1:F07:K21:3:DbetaU,F07,K21,DbetaU,3,VALIDATION,19,201402
campaign3_gate2_v1:F07:K21:4:D00,F07,K21,D00,4,DEVELOPMENT_TEST,30,201449
campaign3_gate2_v1:F07:K21:4:D01,F07,K21,D01,4,DEVELOPMENT_TEST,26,201517
campaign3_gate2_v1:F07:K21:4:D10,F07,K21,D10,4,DEVELOPMENT_TEST,3,201458
campaign3_gate2_v1:F07:K21:4:D11,F07,K21,D11,4,DEVELOPMENT_TEST,19,201546
campaign3_gate2_v1:F07:K21:4:DbetaU,F07,K21,DbetaU,4,DEVELOPMENT_TEST,34,201597
campaign3_gate2_v1:F07:K23:0:D00,F07,K23,D00,0,TRAIN,14,201613
campaign3_gate2_v1:F07:K23:0:D01,F07,K23,D01,0,TRAIN,32,201703
campaign3_gate2_v1:F07:K23:0:D10,F07,K23,D10,0,TRAIN,27,201662
campaign3_gate2_v1:F07:K23:0:D11,F07,K23,D11,0,TRAIN,14,201721
campaign3_gate2_v1:F07:K23:0:DbetaU,F07,K23,DbetaU,0,TRAIN,29,201772
campaign3_gate2_v1:F07:K23:1:D00,F07,K23,D00,1,TRAIN,2,201781
campaign3_gate2_v1:F07:K23:1:D01,F07,K23,D01,1,TRAIN,17,201868
campaign3_gate2_v1:F07:K23:1:D10,F07,K23,D10,1,TRAIN,20,201835
campaign3_gate2_v1:F07:K23:1:D11,F07,K23,D11,1,TRAIN,8,201895
campaign3_gate2_v1:F07:K23:1:DbetaU,F07,K23,DbetaU,1,TRAIN,1,201924
campaign3_gate2_v1:F07:K23:2:D00,F07,K23,D00,2,TRAIN,22,201981
campaign3_gate2_v1:F07:K23:2:D01,F07,K23,D01,2,TRAIN,24,202055
campaign3_gate2_v1:F07:K23:2:D10,F07,K23,D10,2,TRAIN,19,202014
campaign3_gate2_v1:F07:K23:2:D11,F07,K23,D11,2,TRAIN,34,202101
campaign3_gate2_v1:F07:K23:2:DbetaU,F07,K23,DbetaU,2,TRAIN,19,202122
campaign3_gate2_v1:F07:K23:3:D00,F07,K23,D00,3,VALIDATION,36,202175
campaign3_gate2_v1:F07:K23:3:D01,F07,K23,D01,3,VALIDATION,7,202218
campaign3_gate2_v1:F07:K23:3:D10,F07,K23,D10,3,VALIDATION,19,202194
campaign3_gate2_v1:F07:K23:3:D11,F07,K23,D11,3,VALIDATION,17,202264
campaign3_gate2_v1:F07:K23:3:DbetaU,F07,K23,DbetaU,3,VALIDATION,34,202317
campaign3_gate2_v1:F07:K23:4:D00,F07,K23,D00,4,DEVELOPMENT_TEST,4,202323
campaign3_gate2_v1:F07:K23:4:D01,F07,K23,D01,4,DEVELOPMENT_TEST,32,202423
campaign3_gate2_v1:F07:K23:4:D10,F07,K23,D10,4,DEVELOPMENT_TEST,34,202389
campaign3_gate2_v1:F07:K23:4:D11,F07,K23,D11,4,DEVELOPMENT_TEST,10,202437
campaign3_gate2_v1:F07:K23:4:DbetaU,F07,K23,DbetaU,4,DEVELOPMENT_TEST,27,202490
campaign3_gate2_v1:F07:K25:0:D00,F07,K25,D00,0,TRAIN,16,202515
campaign3_gate2_v1:F07:K25:0:D01,F07,K25,D01,0,TRAIN,32,202603
campaign3_gate2_v1:F07:K25:0:D10,F07,K25,D10,0,TRAIN,11,202546
campaign3_gate2_v1:F07:K25:0:D11,F07,K25,D11,0,TRAIN,11,202618
campaign3_gate2_v1:F07:K25:0:DbetaU,F07,K25,DbetaU,0,TRAIN,16,202659
campaign3_gate2_v1:F07:K25:1:D00,F07,K25,D00,1,TRAIN,10,202689
campaign3_gate2_v1:F07:K25:1:D01,F07,K25,D01,1,TRAIN,8,202759
campaign3_gate2_v1:F07:K25:1:D10,F07,K25,D10,1,TRAIN,34,202749
campaign3_gate2_v1:F07:K25:1:D11,F07,K25,D11,1,TRAIN,16,202803
campaign3_gate2_v1:F07:K25:1:DbetaU,F07,K25,DbetaU,1,TRAIN,30,202853
campaign3_gate2_v1:F07:K25:2:D00,F07,K25,D00,2,TRAIN,6,202865
campaign3_gate2_v1:F07:K25:2:D01,F07,K25,D01,2,TRAIN,20,202951
campaign3_gate2_v1:F07:K25:2:D10,F07,K25,D10,2,TRAIN,3,202898
campaign3_gate2_v1:F07:K25:2:D11,F07,K25,D11,2,TRAIN,30,202997
campaign3_gate2_v1:F07:K25:2:DbetaU,F07,K25,DbetaU,2,TRAIN,6,203009
campaign3_gate2_v1:F07:K25:3:D00,F07,K25,D00,3,VALIDATION,9,203048
campaign3_gate2_v1:F07:K25:3:D01,F07,K25,D01,3,VALIDATION,3,203114
campaign3_gate2_v1:F07:K25:3:D10,F07,K25,D10,3,VALIDATION,30,203105
campaign3_gate2_v1:F07:K25:3:D11,F07,K25,D11,3,VALIDATION,34,203181
campaign3_gate2_v1:F07:K25:3:DbetaU,F07,K25,DbetaU,3,VALIDATION,3,203186
campaign3_gate2_v1:F07:K25:4:D00,F07,K25,D00,4,DEVELOPMENT_TEST,10,203229
campaign3_gate2_v1:F07:K25:4:D01,F07,K25,D01,4,DEVELOPMENT_TEST,3,203294
campaign3_gate2_v1:F07:K25:4:D10,F07,K25,D10,4,DEVELOPMENT_TEST,8,203263
campaign3_gate2_v1:F07:K25:4:D11,F07,K25,D11,4,DEVELOPMENT_TEST,23,203350
campaign3_gate2_v1:F07:K25:4:DbetaU,F07,K25,DbetaU,4,DEVELOPMENT_TEST,28,203391
campaign3_gate2_v1:F07:K26:0:D00,F07,K26,D00,0,TRAIN,1,203400
campaign3_gate2_v1:F07:K26:0:D01,F07,K26,D01,0,TRAIN,8,203479
campaign3_gate2_v1:F07:K26:0:D10,F07,K26,D10,0,TRAIN,11,203446
campaign3_gate2_v1:F07:K26:0:D11,F07,K26,D11,0,TRAIN,12,203519
campaign3_gate2_v1:F07:K26:0:DbetaU,F07,K26,DbetaU,0,TRAIN,21,203564
campaign3_gate2_v1:F07:K26:1:D00,F07,K26,D00,1,TRAIN,6,203585
campaign3_gate2_v1:F07:K26:1:D01,F07,K26,D01,1,TRAIN,26,203677
campaign3_gate2_v1:F07:K26:1:D10,F07,K26,D10,1,TRAIN,32,203647
campaign3_gate2_v1:F07:K26:1:D11,F07,K26,D11,1,TRAIN,7,203694
campaign3_gate2_v1:F07:K26:1:DbetaU,F07,K26,DbetaU,1,TRAIN,12,203735
campaign3_gate2_v1:F07:K26:2:D00,F07,K26,D00,2,TRAIN,10,203769
campaign3_gate2_v1:F07:K26:2:D01,F07,K26,D01,2,TRAIN,13,203844
campaign3_gate2_v1:F07:K26:2:D10,F07,K26,D10,2,TRAIN,10,203805
campaign3_gate2_v1:F07:K26:2:D11,F07,K26,D11,2,TRAIN,15,203882
campaign3_gate2_v1:F07:K26:2:DbetaU,F07,K26,DbetaU,2,TRAIN,33,203936
campaign3_gate2_v1:F07:K26:3:D00,F07,K26,D00,3,VALIDATION,30,203969
campaign3_gate2_v1:F07:K26:3:D01,F07,K26,D01,3,VALIDATION,11,204022
campaign3_gate2_v1:F07:K26:3:D10,F07,K26,D10,3,VALIDATION,7,203982
campaign3_gate2_v1:F07:K26:3:D11,F07,K26,D11,3,VALIDATION,9,204056
campaign3_gate2_v1:F07:K26:3:DbetaU,F07,K26,DbetaU,3,VALIDATION,6,204089
campaign3_gate2_v1:F07:K26:4:D00,F07,K26,D00,4,DEVELOPMENT_TEST,35,204154
campaign3_gate2_v1:F07:K26:4:D01,F07,K26,D01,4,DEVELOPMENT_TEST,17,204208
campaign3_gate2_v1:F07:K26:4:D10,F07,K26,D10,4,DEVELOPMENT_TEST,26,204181
campaign3_gate2_v1:F07:K26:4:D11,F07,K26,D11,4,DEVELOPMENT_TEST,21,204248
campaign3_gate2_v1:F07:K26:4:DbetaU,F07,K26,DbetaU,4,DEVELOPMENT_TEST,27,204290
campaign3_gate2_v1:F07:K27:0:D00,F07,K27,D00,0,TRAIN,26,204325
campaign3_gate2_v1:F07:K27:0:D01,F07,K27,D01,0,TRAIN,5,204376
campaign3_gate2_v1:F07:K27:0:D10,F07,K27,D10,0,TRAIN,8,204343
campaign3_gate2_v1:F07:K27:0:D11,F07,K27,D11,0,TRAIN,30,204437
campaign3_gate2_v1:F07:K27:0:DbetaU,F07,K27,DbetaU,0,TRAIN,35,204478
campaign3_gate2_v1:F07:K27:1:D00,F07,K27,D00,1,TRAIN,24,204503
campaign3_gate2_v1:F07:K27:1:D01,F07,K27,D01,1,TRAIN,6,204557
campaign3_gate2_v1:F07:K27:1:D10,F07,K27,D10,1,TRAIN,29,204544
campaign3_gate2_v1:F07:K27:1:D11,F07,K27,D11,1,TRAIN,22,204609
campaign3_gate2_v1:F07:K27:1:DbetaU,F07,K27,DbetaU,1,TRAIN,15,204638
campaign3_gate2_v1:F07:K27:2:D00,F07,K27,D00,2,TRAIN,8,204667
campaign3_gate2_v1:F07:K27:2:D01,F07,K27,D01,2,TRAIN,31,204762
campaign3_gate2_v1:F07:K27:2:D10,F07,K27,D10,2,TRAIN,33,204728
campaign3_gate2_v1:F07:K27:2:D11,F07,K27,D11,2,TRAIN,7,204774
campaign3_gate2_v1:F07:K27:2:DbetaU,F07,K27,DbetaU,2,TRAIN,8,204811
campaign3_gate2_v1:F07:K27:3:D00,F07,K27,D00,3,VALIDATION,10,204849
campaign3_gate2_v1:F07:K27:3:D01,F07,K27,D01,3,VALIDATION,28,204939
campaign3_gate2_v1:F07:K27:3:D10,F07,K27,D10,3,VALIDATION,19,204894
campaign3_gate2_v1:F07:K27:3:D11,F07,K27,D11,3,VALIDATION,25,204972
campaign3_gate2_v1:F07:K27:3:DbetaU,F07,K27,DbetaU,3,VALIDATION,18,205001
campaign3_gate2_v1:F07:K27:4:D00,F07,K27,D00,4,DEVELOPMENT_TEST,20,205039
campaign3_gate2_v1:F07:K27:4:D01,F07,K27,D01,4,DEVELOPMENT_TEST,34,205125
campaign3_gate2_v1:F07:K27:4:D10,F07,K27,D10,4,DEVELOPMENT_TEST,18,205073
campaign3_gate2_v1:F07:K27:4:D11,F07,K27,D11,4,DEVELOPMENT_TEST,2,205129
campaign3_gate2_v1:F07:K27:4:DbetaU,F07,K27,DbetaU,4,DEVELOPMENT_TEST,31,205194
campaign3_gate2_v1:F07:K31:0:D00,F07,K31,D00,0,TRAIN,27,205226
campaign3_gate2_v1:F07:K31:0:D01,F07,K31,D01,0,TRAIN,3,205274
campaign3_gate2_v1:F07:K31:0:D10,F07,K31,D10,0,TRAIN,4,205239
campaign3_gate2_v1:F07:K31:0:D11,F07,K31,D11,0,TRAIN,16,205323
campaign3_gate2_v1:F07:K31:0:DbetaU,F07,K31,DbetaU,0,TRAIN,4,205347
campaign3_gate2_v1:F07:K31:1:D00,F07,K31,D00,1,TRAIN,32,205411
campaign3_gate2_v1:F07:K31:1:D01,F07,K31,D01,1,TRAIN,12,205463
campaign3_gate2_v1:F07:K31:1:D10,F07,K31,D10,1,TRAIN,27,205442
campaign3_gate2_v1:F07:K31:1:D11,F07,K31,D11,1,TRAIN,24,205511
campaign3_gate2_v1:F07:K31:1:DbetaU,F07,K31,DbetaU,1,TRAIN,27,205550
campaign3_gate2_v1:F07:K31:2:D00,F07,K31,D00,2,TRAIN,31,205590
campaign3_gate2_v1:F07:K31:2:D01,F07,K31,D01,2,TRAIN,25,205656
campaign3_gate2_v1:F07:K31:2:D10,F07,K31,D10,2,TRAIN,34,205629
campaign3_gate2_v1:F07:K31:2:D11,F07,K31,D11,2,TRAIN,26,205693
campaign3_gate2_v1:F07:K31:2:DbetaU,F07,K31,DbetaU,2,TRAIN,21,205724
campaign3_gate2_v1:F07:K31:3:D00,F07,K31,D00,3,VALIDATION,1,205740
campaign3_gate2_v1:F07:K31:3:D01,F07,K31,D01,3,VALIDATION,28,205839
campaign3_gate2_v1:F07:K31:3:D10,F07,K31,D10,3,VALIDATION,11,205786
campaign3_gate2_v1:F07:K31:3:D11,F07,K31,D11,3,VALIDATION,21,205868
campaign3_gate2_v1:F07:K31:3:DbetaU,F07,K31,DbetaU,3,VALIDATION,32,205915
campaign3_gate2_v1:F07:K31:4:D00,F07,K31,D00,4,DEVELOPMENT_TEST,16,205935
campaign3_gate2_v1:F07:K31:4:D01,F07,K31,D01,4,DEVELOPMENT_TEST,23,206014
campaign3_gate2_v1:F07:K31:4:D10,F07,K31,D10,4,DEVELOPMENT_TEST,17,205972
campaign3_gate2_v1:F07:K31:4:D11,F07,K31,D11,4,DEVELOPMENT_TEST,25,206052
campaign3_gate2_v1:F07:K31:4:DbetaU,F07,K31,DbetaU,4,DEVELOPMENT_TEST,4,206067
campaign3_gate2_v1:F07:K32:0:D00,F07,K32,D00,0,TRAIN,1,206100
campaign3_gate2_v1:F07:K32:0:D01,F07,K32,D01,0,TRAIN,16,206187
campaign3_gate2_v1:F07:K32:0:D10,F07,K32,D10,0,TRAIN,2,206137
campaign3_gate2_v1:F07:K32:0:D11,F07,K32,D11,0,TRAIN,27,206234
campaign3_gate2_v1:F07:K32:0:DbetaU,F07,K32,DbetaU,0,TRAIN,10,206253
campaign3_gate2_v1:F07:K32:1:D00,F07,K32,D00,1,TRAIN,19,206298
campaign3_gate2_v1:F07:K32:1:D01,F07,K32,D01,1,TRAIN,5,206356
campaign3_gate2_v1:F07:K32:1:D10,F07,K32,D10,1,TRAIN,22,206337
campaign3_gate2_v1:F07:K32:1:D11,F07,K32,D11,1,TRAIN,27,206414
campaign3_gate2_v1:F07:K32:1:DbetaU,F07,K32,DbetaU,1,TRAIN,26,206449
campaign3_gate2_v1:F07:K32:2:D00,F07,K32,D00,2,TRAIN,29,206488
campaign3_gate2_v1:F07:K32:2:D01,F07,K32,D01,2,TRAIN,22,206553
campaign3_gate2_v1:F07:K32:2:D10,F07,K32,D10,2,TRAIN,24,206519
campaign3_gate2_v1:F07:K32:2:D11,F07,K32,D11,2,TRAIN,28,206595
campaign3_gate2_v1:F07:K32:2:DbetaU,F07,K32,DbetaU,2,TRAIN,24,206627
campaign3_gate2_v1:F07:K32:3:D00,F07,K32,D00,3,VALIDATION,31,206670
campaign3_gate2_v1:F07:K32:3:D01,F07,K32,D01,3,VALIDATION,11,206722
campaign3_gate2_v1:F07:K32:3:D10,F07,K32,D10,3,VALIDATION,9,206684
campaign3_gate2_v1:F07:K32:3:D11,F07,K32,D11,3,VALIDATION,5,206752
campaign3_gate2_v1:F07:K32:3:DbetaU,F07,K32,DbetaU,3,VALIDATION,27,206810
campaign3_gate2_v1:F07:K32:4:D00,F07,K32,D00,4,DEVELOPMENT_TEST,10,206829
campaign3_gate2_v1:F07:K32:4:D01,F07,K32,D01,4,DEVELOPMENT_TEST,33,206924
campaign3_gate2_v1:F07:K32:4:D10,F07,K32,D10,4,DEVELOPMENT_TEST,9,206864
campaign3_gate2_v1:F07:K32:4:D11,F07,K32,D11,4,DEVELOPMENT_TEST,33,206960
campaign3_gate2_v1:F07:K32:4:DbetaU,F07,K32,DbetaU,4,DEVELOPMENT_TEST,29,206992
campaign3_gate2_v1:F07:K33:0:D00,F07,K33,D00,0,TRAIN,8,207007
campaign3_gate2_v1:F07:K33:0:D01,F07,K33,D01,0,TRAIN,30,207101
campaign3_gate2_v1:F07:K33:0:D10,F07,K33,D10,0,TRAIN,15,207050
campaign3_gate2_v1:F07:K33:0:D11,F07,K33,D11,0,TRAIN,26,207133
campaign3_gate2_v1:F07:K33:0:DbetaU,F07,K33,DbetaU,0,TRAIN,22,207165
campaign3_gate2_v1:F07:K33:1:D00,F07,K33,D00,1,TRAIN,14,207193
campaign3_gate2_v1:F07:K33:1:D01,F07,K33,D01,1,TRAIN,36,207287
campaign3_gate2_v1:F07:K33:1:D10,F07,K33,D10,1,TRAIN,26,207241
campaign3_gate2_v1:F07:K33:1:D11,F07,K33,D11,1,TRAIN,27,207314
campaign3_gate2_v1:F07:K33:1:DbetaU,F07,K33,DbetaU,1,TRAIN,20,207343
campaign3_gate2_v1:F07:K33:2:D00,F07,K33,D00,2,TRAIN,29,207388
campaign3_gate2_v1:F07:K33:2:D01,F07,K33,D01,2,TRAIN,7,207438
campaign3_gate2_v1:F07:K33:2:D10,F07,K33,D10,2,TRAIN,13,207408
campaign3_gate2_v1:F07:K33:2:D11,F07,K33,D11,2,TRAIN,26,207493
campaign3_gate2_v1:F07:K33:2:DbetaU,F07,K33,DbetaU,2,TRAIN,34,207537
campaign3_gate2_v1:F07:K33:3:D00,F07,K33,D00,3,VALIDATION,9,207548
campaign3_gate2_v1:F07:K33:3:D01,F07,K33,D01,3,VALIDATION,26,207637
campaign3_gate2_v1:F07:K33:3:D10,F07,K33,D10,3,VALIDATION,18,207593
campaign3_gate2_v1:F07:K33:3:D11,F07,K33,D11,3,VALIDATION,33,207680
campaign3_gate2_v1:F07:K33:3:DbetaU,F07,K33,DbetaU,3,VALIDATION,31,207714
campaign3_gate2_v1:F07:K33:4:D00,F07,K33,D00,4,DEVELOPMENT_TEST,36,207755
campaign3_gate2_v1:F07:K33:4:D01,F07,K33,D01,4,DEVELOPMENT_TEST,12,207803
campaign3_gate2_v1:F07:K33:4:D10,F07,K33,D10,4,DEVELOPMENT_TEST,23,207778
campaign3_gate2_v1:F07:K33:4:D11,F07,K33,D11,4,DEVELOPMENT_TEST,16,207843
campaign3_gate2_v1:F07:K33:4:DbetaU,F07,K33,DbetaU,4,DEVELOPMENT_TEST,9,207872
campaign3_gate2_v1:F08:K01:0:D00,F08,K01,D00,0,TRAIN,22,207921
campaign3_gate2_v1:F08:K01:0:D01,F08,K01,D01,0,TRAIN,23,207994
campaign3_gate2_v1:F08:K01:0:D10,F08,K01,D10,0,TRAIN,17,207952
campaign3_gate2_v1:F08:K01:0:D11,F08,K01,D11,0,TRAIN,8,208015
campaign3_gate2_v1:F08:K01:0:DbetaU,F08,K01,DbetaU,0,TRAIN,20,208063
campaign3_gate2_v1:F08:K01:1:D00,F08,K01,D00,1,TRAIN,6,208085
campaign3_gate2_v1:F08:K01:1:D01,F08,K01,D01,1,TRAIN,34,208185
campaign3_gate2_v1:F08:K01:1:D10,F08,K01,D10,1,TRAIN,10,208125
campaign3_gate2_v1:F08:K01:1:D11,F08,K01,D11,1,TRAIN,10,208197
campaign3_gate2_v1:F08:K01:1:DbetaU,F08,K01,DbetaU,1,TRAIN,21,208244
campaign3_gate2_v1:F08:K01:2:D00,F08,K01,D00,2,TRAIN,24,208283
campaign3_gate2_v1:F08:K01:2:D01,F08,K01,D01,2,TRAIN,8,208339
campaign3_gate2_v1:F08:K01:2:D10,F08,K01,D10,2,TRAIN,16,208311
campaign3_gate2_v1:F08:K01:2:D11,F08,K01,D11,2,TRAIN,3,208370
campaign3_gate2_v1:F08:K01:2:DbetaU,F08,K01,DbetaU,2,TRAIN,29,208432
campaign3_gate2_v1:F08:K01:3:D00,F08,K01,D00,3,VALIDATION,17,208456
campaign3_gate2_v1:F08:K01:3:D01,F08,K01,D01,3,VALIDATION,30,208541
campaign3_gate2_v1:F08:K01:3:D10,F08,K01,D10,3,VALIDATION,27,208502
campaign3_gate2_v1:F08:K01:3:D11,F08,K01,D11,3,VALIDATION,30,208577
campaign3_gate2_v1:F08:K01:3:DbetaU,F08,K01,DbetaU,3,VALIDATION,5,208588
campaign3_gate2_v1:F08:K01:4:D00,F08,K01,D00,4,DEVELOPMENT_TEST,5,208624
campaign3_gate2_v1:F08:K01:4:D01,F08,K01,D01,4,DEVELOPMENT_TEST,7,208698
campaign3_gate2_v1:F08:K01:4:D10,F08,K01,D10,4,DEVELOPMENT_TEST,34,208689
campaign3_gate2_v1:F08:K01:4:D11,F08,K01,D11,4,DEVELOPMENT_TEST,5,208732
campaign3_gate2_v1:F08:K01:4:DbetaU,F08,K01,DbetaU,4,DEVELOPMENT_TEST,33,208796
campaign3_gate2_v1:F08:K02:0:D00,F08,K02,D00,0,TRAIN,26,208825
campaign3_gate2_v1:F08:K02:0:D01,F08,K02,D01,0,TRAIN,25,208896
campaign3_gate2_v1:F08:K02:0:D10,F08,K02,D10,0,TRAIN,6,208841
campaign3_gate2_v1:F08:K02:0:D11,F08,K02,D11,0,TRAIN,6,208913
campaign3_gate2_v1:F08:K02:0:DbetaU,F08,K02,DbetaU,0,TRAIN,2,208945
campaign3_gate2_v1:F08:K02:1:D00,F08,K02,D00,1,TRAIN,4,208983
campaign3_gate2_v1:F08:K02:1:D01,F08,K02,D01,1,TRAIN,9,209060
campaign3_gate2_v1:F08:K02:1:D10,F08,K02,D10,1,TRAIN,1,209016
campaign3_gate2_v1:F08:K02:1:D11,F08,K02,D11,1,TRAIN,5,209092
campaign3_gate2_v1:F08:K02:1:DbetaU,F08,K02,DbetaU,1,TRAIN,14,209137
campaign3_gate2_v1:F08:K02:2:D00,F08,K02,D00,2,TRAIN,6,209165
campaign3_gate2_v1:F08:K02:2:D01,F08,K02,D01,2,TRAIN,11,209242
campaign3_gate2_v1:F08:K02:2:D10,F08,K02,D10,2,TRAIN,7,209202
campaign3_gate2_v1:F08:K02:2:D11,F08,K02,D11,2,TRAIN,30,209297
campaign3_gate2_v1:F08:K02:2:DbetaU,F08,K02,DbetaU,2,TRAIN,3,209306
campaign3_gate2_v1:F08:K02:3:D00,F08,K02,D00,3,VALIDATION,27,209366
campaign3_gate2_v1:F08:K02:3:D01,F08,K02,D01,3,VALIDATION,31,209442
campaign3_gate2_v1:F08:K02:3:D10,F08,K02,D10,3,VALIDATION,26,209401
campaign3_gate2_v1:F08:K02:3:D11,F08,K02,D11,3,VALIDATION,9,209456
campaign3_gate2_v1:F08:K02:3:DbetaU,F08,K02,DbetaU,3,VALIDATION,2,209485
campaign3_gate2_v1:F08:K02:4:D00,F08,K02,D00,4,DEVELOPMENT_TEST,25,209544
campaign3_gate2_v1:F08:K02:4:D01,F08,K02,D01,4,DEVELOPMENT_TEST,6,209597
campaign3_gate2_v1:F08:K02:4:D10,F08,K02,D10,4,DEVELOPMENT_TEST,29,209584
campaign3_gate2_v1:F08:K02:4:D11,F08,K02,D11,4,DEVELOPMENT_TEST,31,209658
campaign3_gate2_v1:F08:K02:4:DbetaU,F08,K02,DbetaU,4,DEVELOPMENT_TEST,33,209696
campaign3_gate2_v1:F08:K03:0:D00,F08,K03,D00,0,TRAIN,27,209726
campaign3_gate2_v1:F08:K03:0:D01,F08,K03,D01,0,TRAIN,35,209806
campaign3_gate2_v1:F08:K03:0:D10,F08,K03,D10,0,TRAIN,18,209753
campaign3_gate2_v1:F08:K03:0:D11,F08,K03,D11,0,TRAIN,26,209833
campaign3_gate2_v1:F08:K03:0:DbetaU,F08,K03,DbetaU,0,TRAIN,9,209852
campaign3_gate2_v1:F08:K03:1:D00,F08,K03,D00,1,TRAIN,18,209897
campaign3_gate2_v1:F08:K03:1:D01,F08,K03,D01,1,TRAIN,25,209976
campaign3_gate2_v1:F08:K03:1:D10,F08,K03,D10,1,TRAIN,21,209936
campaign3_gate2_v1:F08:K03:1:D11,F08,K03,D11,1,TRAIN,12,209999
campaign3_gate2_v1:F08:K03:1:DbetaU,F08,K03,DbetaU,1,TRAIN,31,210054
campaign3_gate2_v1:F08:K03:2:D00,F08,K03,D00,2,TRAIN,7,210066
campaign3_gate2_v1:F08:K03:2:D01,F08,K03,D01,2,TRAIN,13,210144
campaign3_gate2_v1:F08:K03:2:D10,F08,K03,D10,2,TRAIN,18,210113
campaign3_gate2_v1:F08:K03:2:D11,F08,K03,D11,2,TRAIN,28,210195
campaign3_gate2_v1:F08:K03:2:DbetaU,F08,K03,DbetaU,2,TRAIN,17,210220
campaign3_gate2_v1:F08:K03:3:D00,F08,K03,D00,3,VALIDATION,23,210262
campaign3_gate2_v1:F08:K03:3:D01,F08,K03,D01,3,VALIDATION,5,210316
campaign3_gate2_v1:F08:K03:3:D10,F08,K03,D10,3,VALIDATION,2,210277
campaign3_gate2_v1:F08:K03:3:D11,F08,K03,D11,3,VALIDATION,18,210365
campaign3_gate2_v1:F08:K03:3:DbetaU,F08,K03,DbetaU,3,VALIDATION,3,210386
campaign3_gate2_v1:F08:K03:4:D00,F08,K03,D00,4,DEVELOPMENT_TEST,22,210441
campaign3_gate2_v1:F08:K03:4:D01,F08,K03,D01,4,DEVELOPMENT_TEST,30,210521
campaign3_gate2_v1:F08:K03:4:D10,F08,K03,D10,4,DEVELOPMENT_TEST,35,210490
campaign3_gate2_v1:F08:K03:4:D11,F08,K03,D11,4,DEVELOPMENT_TEST,25,210552
campaign3_gate2_v1:F08:K03:4:DbetaU,F08,K03,DbetaU,4,DEVELOPMENT_TEST,31,210594
campaign3_gate2_v1:F08:K05:0:D00,F08,K05,D00,0,TRAIN,26,210625
campaign3_gate2_v1:F08:K05:0:D01,F08,K05,D01,0,TRAIN,7,210678
campaign3_gate2_v1:F08:K05:0:D10,F08,K05,D10,0,TRAIN,5,210640
campaign3_gate2_v1:F08:K05:0:D11,F08,K05,D11,0,TRAIN,14,210721
campaign3_gate2_v1:F08:K05:0:DbetaU,F08,K05,DbetaU,0,TRAIN,7,210750
campaign3_gate2_v1:F08:K05:1:D00,F08,K05,D00,1,TRAIN,2,210781
campaign3_gate2_v1:F08:K05:1:D01,F08,K05,D01,1,TRAIN,9,210860
campaign3_gate2_v1:F08:K05:1:D10,F08,K05,D10,1,TRAIN,7,210822
campaign3_gate2_v1:F08:K05:1:D11,F08,K05,D11,1,TRAIN,27,210914
campaign3_gate2_v1:F08:K05:1:DbetaU,F08,K05,DbetaU,1,TRAIN,29,210952
campaign3_gate2_v1:F08:K05:2:D00,F08,K05,D00,2,TRAIN,31,210990
campaign3_gate2_v1:F08:K05:2:D01,F08,K05,D01,2,TRAIN,16,211047
campaign3_gate2_v1:F08:K05:2:D10,F08,K05,D10,2,TRAIN,36,211031
campaign3_gate2_v1:F08:K05:2:D11,F08,K05,D11,2,TRAIN,5,211072
campaign3_gate2_v1:F08:K05:2:DbetaU,F08,K05,DbetaU,2,TRAIN,25,211128
campaign3_gate2_v1:F08:K05:3:D00,F08,K05,D00,3,VALIDATION,10,211149
campaign3_gate2_v1:F08:K05:3:D01,F08,K05,D01,3,VALIDATION,13,211224
campaign3_gate2_v1:F08:K05:3:D10,F08,K05,D10,3,VALIDATION,17,211192
campaign3_gate2_v1:F08:K05:3:D11,F08,K05,D11,3,VALIDATION,23,211270
campaign3_gate2_v1:F08:K05:3:DbetaU,F08,K05,DbetaU,3,VALIDATION,5,211288
campaign3_gate2_v1:F08:K05:4:D00,F08,K05,D00,4,DEVELOPMENT_TEST,29,211348
campaign3_gate2_v1:F08:K05:4:D01,F08,K05,D01,4,DEVELOPMENT_TEST,24,211415
campaign3_gate2_v1:F08:K05:4:D10,F08,K05,D10,4,DEVELOPMENT_TEST,22,211377
campaign3_gate2_v1:F08:K05:4:D11,F08,K05,D11,4,DEVELOPMENT_TEST,12,211439
campaign3_gate2_v1:F08:K05:4:DbetaU,F08,K05,DbetaU,4,DEVELOPMENT_TEST,27,211490
campaign3_gate2_v1:F08:K06:0:D00,F08,K06,D00,0,TRAIN,6,211505
campaign3_gate2_v1:F08:K06:0:D01,F08,K06,D01,0,TRAIN,12,211583
campaign3_gate2_v1:F08:K06:0:D10,F08,K06,D10,0,TRAIN,9,211544
campaign3_gate2_v1:F08:K06:0:D11,F08,K06,D11,0,TRAIN,30,211637
campaign3_gate2_v1:F08:K06:0:DbetaU,F08,K06,DbetaU,0,TRAIN,35,211678
campaign3_gate2_v1:F08:K06:1:D00,F08,K06,D00,1,TRAIN,6,211685
campaign3_gate2_v1:F08:K06:1:D01,F08,K06,D01,1,TRAIN,23,211774
campaign3_gate2_v1:F08:K06:1:D10,F08,K06,D10,1,TRAIN,13,211728
campaign3_gate2_v1:F08:K06:1:D11,F08,K06,D11,1,TRAIN,8,211795
campaign3_gate2_v1:F08:K06:1:DbetaU,F08,K06,DbetaU,1,TRAIN,21,211844
campaign3_gate2_v1:F08:K06:2:D00,F08,K06,D00,2,TRAIN,21,211880
campaign3_gate2_v1:F08:K06:2:D01,F08,K06,D01,2,TRAIN,25,211956
campaign3_gate2_v1:F08:K06:2:D10,F08,K06,D10,2,TRAIN,36,211931
campaign3_gate2_v1:F08:K06:2:D11,F08,K06,D11,2,TRAIN,31,211998
campaign3_gate2_v1:F08:K06:2:DbetaU,F08,K06,DbetaU,2,TRAIN,8,212011
campaign3_gate2_v1:F08:K06:3:D00,F08,K06,D00,3,VALIDATION,4,212043
campaign3_gate2_v1:F08:K06:3:D01,F08,K06,D01,3,VALIDATION,35,212146
campaign3_gate2_v1:F08:K06:3:D10,F08,K06,D10,3,VALIDATION,33,212108
campaign3_gate2_v1:F08:K06:3:D11,F08,K06,D11,3,VALIDATION,7,212154
campaign3_gate2_v1:F08:K06:3:DbetaU,F08,K06,DbetaU,3,VALIDATION,32,212215
campaign3_gate2_v1:F08:K06:4:D00,F08,K06,D00,4,DEVELOPMENT_TEST,2,212221
campaign3_gate2_v1:F08:K06:4:D01,F08,K06,D01,4,DEVELOPMENT_TEST,20,212311
campaign3_gate2_v1:F08:K06:4:D10,F08,K06,D10,4,DEVELOPMENT_TEST,25,212280
campaign3_gate2_v1:F08:K06:4:D11,F08,K06,D11,4,DEVELOPMENT_TEST,9,212336
campaign3_gate2_v1:F08:K06:4:DbetaU,F08,K06,DbetaU,4,DEVELOPMENT_TEST,30,212393
campaign3_gate2_v1:F08:K07:0:D00,F08,K07,D00,0,TRAIN,7,212406
campaign3_gate2_v1:F08:K07:0:D01,F08,K07,D01,0,TRAIN,12,212483
campaign3_gate2_v1:F08:K07:0:D10,F08,K07,D10,0,TRAIN,26,212461
campaign3_gate2_v1:F08:K07:0:D11,F08,K07,D11,0,TRAIN,15,212522
campaign3_gate2_v1:F08:K07:0:DbetaU,F08,K07,DbetaU,0,TRAIN,2,212545
campaign3_gate2_v1:F08:K07:1:D00,F08,K07,D00,1,TRAIN,4,212583
campaign3_gate2_v1:F08:K07:1:D01,F08,K07,D01,1,TRAIN,12,212663
campaign3_gate2_v1:F08:K07:1:D10,F08,K07,D10,1,TRAIN,10,212625
campaign3_gate2_v1:F08:K07:1:D11,F08,K07,D11,1,TRAIN,4,212691
campaign3_gate2_v1:F08:K07:1:DbetaU,F08,K07,DbetaU,1,TRAIN,22,212745
campaign3_gate2_v1:F08:K07:2:D00,F08,K07,D00,2,TRAIN,21,212780
campaign3_gate2_v1:F08:K07:2:D01,F08,K07,D01,2,TRAIN,15,212846
campaign3_gate2_v1:F08:K07:2:D10,F08,K07,D10,2,TRAIN,4,212799
campaign3_gate2_v1:F08:K07:2:D11,F08,K07,D11,2,TRAIN,16,212883
campaign3_gate2_v1:F08:K07:2:DbetaU,F08,K07,DbetaU,2,TRAIN,1,212904
campaign3_gate2_v1:F08:K07:3:D00,F08,K07,D00,3,VALIDATION,15,212954
campaign3_gate2_v1:F08:K07:3:D01,F08,K07,D01,3,VALIDATION,1,213012
campaign3_gate2_v1:F08:K07:3:D10,F08,K07,D10,3,VALIDATION,25,213000
campaign3_gate2_v1:F08:K07:3:D11,F08,K07,D11,3,VALIDATION,32,213079
campaign3_gate2_v1:F08:K07:3:DbetaU,F08,K07,DbetaU,3,VALIDATION,22,213105
campaign3_gate2_v1:F08:K07:4:D00,F08,K07,D00,4,DEVELOPMENT_TEST,3,213122
campaign3_gate2_v1:F08:K07:4:D01,F08,K07,D01,4,DEVELOPMENT_TEST,3,213194
campaign3_gate2_v1:F08:K07:4:D10,F08,K07,D10,4,DEVELOPMENT_TEST,5,213160
campaign3_gate2_v1:F08:K07:4:D11,F08,K07,D11,4,DEVELOPMENT_TEST,24,213251
campaign3_gate2_v1:F08:K07:4:DbetaU,F08,K07,DbetaU,4,DEVELOPMENT_TEST,13,213276
campaign3_gate2_v1:F08:K10:0:D00,F08,K10,D00,0,TRAIN,12,213311
campaign3_gate2_v1:F08:K10:0:D01,F08,K10,D01,0,TRAIN,32,213403
campaign3_gate2_v1:F08:K10:0:D10,F08,K10,D10,0,TRAIN,13,213348
campaign3_gate2_v1:F08:K10:0:D11,F08,K10,D11,0,TRAIN,25,213432
campaign3_gate2_v1:F08:K10:0:DbetaU,F08,K10,DbetaU,0,TRAIN,21,213464
campaign3_gate2_v1:F08:K10:1:D00,F08,K10,D00,1,TRAIN,19,213498
campaign3_gate2_v1:F08:K10:1:D01,F08,K10,D01,1,TRAIN,32,213583
campaign3_gate2_v1:F08:K10:1:D10,F08,K10,D10,1,TRAIN,9,213524
campaign3_gate2_v1:F08:K10:1:D11,F08,K10,D11,1,TRAIN,33,213620
campaign3_gate2_v1:F08:K10:1:DbetaU,F08,K10,DbetaU,1,TRAIN,22,213645
campaign3_gate2_v1:F08:K10:2:D00,F08,K10,D00,2,TRAIN,18,213677
campaign3_gate2_v1:F08:K10:2:D01,F08,K10,D01,2,TRAIN,29,213760
campaign3_gate2_v1:F08:K10:2:D10,F08,K10,D10,2,TRAIN,22,213717
campaign3_gate2_v1:F08:K10:2:D11,F08,K10,D11,2,TRAIN,3,213770
campaign3_gate2_v1:F08:K10:2:DbetaU,F08,K10,DbetaU,2,TRAIN,13,213816
campaign3_gate2_v1:F08:K10:3:D00,F08,K10,D00,3,VALIDATION,10,213849
campaign3_gate2_v1:F08:K10:3:D01,F08,K10,D01,3,VALIDATION,3,213914
campaign3_gate2_v1:F08:K10:3:D10,F08,K10,D10,3,VALIDATION,4,213879
campaign3_gate2_v1:F08:K10:3:D11,F08,K10,D11,3,VALIDATION,12,213959
campaign3_gate2_v1:F08:K10:3:DbetaU,F08,K10,DbetaU,3,VALIDATION,29,214012
campaign3_gate2_v1:F08:K10:4:D00,F08,K10,D00,4,DEVELOPMENT_TEST,21,214040
campaign3_gate2_v1:F08:K10:4:D01,F08,K10,D01,4,DEVELOPMENT_TEST,34,214125
campaign3_gate2_v1:F08:K10:4:D10,F08,K10,D10,4,DEVELOPMENT_TEST,10,214065
campaign3_gate2_v1:F08:K10:4:D11,F08,K10,D11,4,DEVELOPMENT_TEST,8,214135
campaign3_gate2_v1:F08:K10:4:DbetaU,F08,K10,DbetaU,4,DEVELOPMENT_TEST,34,214197
campaign3_gate2_v1:F08:K11:0:D00,F08,K11,D00,0,TRAIN,6,214205
campaign3_gate2_v1:F08:K11:0:D01,F08,K11,D01,0,TRAIN,35,214306
campaign3_gate2_v1:F08:K11:0:D10,F08,K11,D10,0,TRAIN,14,214249
campaign3_gate2_v1:F08:K11:0:D11,F08,K11,D11,0,TRAIN,4,214311
campaign3_gate2_v1:F08:K11:0:DbetaU,F08,K11,DbetaU,0,TRAIN,9,214352
campaign3_gate2_v1:F08:K11:1:D00,F08,K11,D00,1,TRAIN,23,214402
campaign3_gate2_v1:F08:K11:1:D01,F08,K11,D01,1,TRAIN,31,214482
campaign3_gate2_v1:F08:K11:1:D10,F08,K11,D10,1,TRAIN,1,214416
campaign3_gate2_v1:F08:K11:1:D11,F08,K11,D11,1,TRAIN,18,214505
campaign3_gate2_v1:F08:K11:1:DbetaU,F08,K11,DbetaU,1,TRAIN,18,214541
campaign3_gate2_v1:F08:K11:2:D00,F08,K11,D00,2,TRAIN,33,214592
campaign3_gate2_v1:F08:K11:2:D01,F08,K11,D01,2,TRAIN,27,214658
campaign3_gate2_v1:F08:K11:2:D10,F08,K11,D10,2,TRAIN,15,214610
campaign3_gate2_v1:F08:K11:2:D11,F08,K11,D11,2,TRAIN,24,214691
campaign3_gate2_v1:F08:K11:2:DbetaU,F08,K11,DbetaU,2,TRAIN,15,214718
campaign3_gate2_v1:F08:K11:3:D00,F08,K11,D00,3,VALIDATION,4,214743
campaign3_gate2_v1:F08:K11:3:D01,F08,K11,D01,3,VALIDATION,25,214836
campaign3_gate2_v1:F08:K11:3:D10,F08,K11,D10,3,VALIDATION,14,214789
campaign3_gate2_v1:F08:K11:3:D11,F08,K11,D11,3,VALIDATION,3,214850
campaign3_gate2_v1:F08:K11:3:DbetaU,F08,K11,DbetaU,3,VALIDATION,10,214893
campaign3_gate2_v1:F08:K11:4:D00,F08,K11,D00,4,DEVELOPMENT_TEST,8,214927
campaign3_gate2_v1:F08:K11:4:D01,F08,K11,D01,4,DEVELOPMENT_TEST,6,214997
campaign3_gate2_v1:F08:K11:4:D10,F08,K11,D10,4,DEVELOPMENT_TEST,34,214989
campaign3_gate2_v1:F08:K11:4:D11,F08,K11,D11,4,DEVELOPMENT_TEST,33,215060
campaign3_gate2_v1:F08:K11:4:DbetaU,F08,K11,DbetaU,4,DEVELOPMENT_TEST,25,215088
campaign3_gate2_v1:F08:K13:0:D00,F08,K13,D00,0,TRAIN,34,215133
campaign3_gate2_v1:F08:K13:0:D01,F08,K13,D01,0,TRAIN,2,215173
campaign3_gate2_v1:F08:K13:0:D10,F08,K13,D10,0,TRAIN,11,215146
campaign3_gate2_v1:F08:K13:0:D11,F08,K13,D11,0,TRAIN,18,215225
campaign3_gate2_v1:F08:K13:0:DbetaU,F08,K13,DbetaU,0,TRAIN,34,215277
campaign3_gate2_v1:F08:K13:1:D00,F08,K13,D00,1,TRAIN,33,215312
campaign3_gate2_v1:F08:K13:1:D01,F08,K13,D01,1,TRAIN,33,215384
campaign3_gate2_v1:F08:K13:1:D10,F08,K13,D10,1,TRAIN,23,215338
campaign3_gate2_v1:F08:K13:1:D11,F08,K13,D11,1,TRAIN,30,215417
campaign3_gate2_v1:F08:K13:1:DbetaU,F08,K13,DbetaU,1,TRAIN,4,215427
campaign3_gate2_v1:F08:K13:2:D00,F08,K13,D00,2,TRAIN,25,215484
campaign3_gate2_v1:F08:K13:2:D01,F08,K13,D01,2,TRAIN,8,215539
campaign3_gate2_v1:F08:K13:2:D10,F08,K13,D10,2,TRAIN,31,215526
campaign3_gate2_v1:F08:K13:2:D11,F08,K13,D11,2,TRAIN,21,215588
campaign3_gate2_v1:F08:K13:2:DbetaU,F08,K13,DbetaU,2,TRAIN,10,215613
campaign3_gate2_v1:F08:K13:3:D00,F08,K13,D00,3,VALIDATION,30,215669
campaign3_gate2_v1:F08:K13:3:D01,F08,K13,D01,3,VALIDATION,14,215725
campaign3_gate2_v1:F08:K13:3:D10,F08,K13,D10,3,VALIDATION,36,215711
campaign3_gate2_v1:F08:K13:3:D11,F08,K13,D11,3,VALIDATION,8,215755
campaign3_gate2_v1:F08:K13:3:DbetaU,F08,K13,DbetaU,3,VALIDATION,30,215813
campaign3_gate2_v1:F08:K13:4:D00,F08,K13,D00,4,DEVELOPMENT_TEST,6,215825
campaign3_gate2_v1:F08:K13:4:D01,F08,K13,D01,4,DEVELOPMENT_TEST,25,215916
campaign3_gate2_v1:F08:K13:4:D10,F08,K13,D10,4,DEVELOPMENT_TEST,23,215878
campaign3_gate2_v1:F08:K13:4:D11,F08,K13,D11,4,DEVELOPMENT_TEST,8,215935
campaign3_gate2_v1:F08:K13:4:DbetaU,F08,K13,DbetaU,4,DEVELOPMENT_TEST,13,215976
campaign3_gate2_v1:F08:K15:0:D00,F08,K15,D00,0,TRAIN,15,216014
campaign3_gate2_v1:F08:K15:0:D01,F08,K15,D01,0,TRAIN,36,216107
campaign3_gate2_v1:F08:K15:0:D10,F08,K15,D10,0,TRAIN,20,216055
campaign3_gate2_v1:F08:K15:0:D11,F08,K15,D11,0,TRAIN,21,216128
campaign3_gate2_v1:F08:K15:0:DbetaU,F08,K15,DbetaU,0,TRAIN,4,216147
campaign3_gate2_v1:F08:K15:1:D00,F08,K15,D00,1,TRAIN,20,216199
campaign3_gate2_v1:F08:K15:1:D01,F08,K15,D01,1,TRAIN,12,216263
campaign3_gate2_v1:F08:K15:1:D10,F08,K15,D10,1,TRAIN,10,216225
campaign3_gate2_v1:F08:K15:1:D11,F08,K15,D11,1,TRAIN,32,216319
campaign3_gate2_v1:F08:K15:1:DbetaU,F08,K15,DbetaU,1,TRAIN,2,216325
campaign3_gate2_v1:F08:K15:2:D00,F08,K15,D00,2,TRAIN,28,216387
campaign3_gate2_v1:F08:K15:2:D01,F08,K15,D01,2,TRAIN,35,216466
campaign3_gate2_v1:F08:K15:2:D10,F08,K15,D10,2,TRAIN,16,216411
campaign3_gate2_v1:F08:K15:2:D11,F08,K15,D11,2,TRAIN,18,216485
campaign3_gate2_v1:F08:K15:2:DbetaU,F08,K15,DbetaU,2,TRAIN,18,216521
campaign3_gate2_v1:F08:K15:3:D00,F08,K15,D00,3,VALIDATION,2,216541
campaign3_gate2_v1:F08:K15:3:D01,F08,K15,D01,3,VALIDATION,31,216642
campaign3_gate2_v1:F08:K15:3:D10,F08,K15,D10,3,VALIDATION,20,216595
campaign3_gate2_v1:F08:K15:3:D11,F08,K15,D11,3,VALIDATION,29,216676
campaign3_gate2_v1:F08:K15:3:DbetaU,F08,K15,DbetaU,3,VALIDATION,7,216690
campaign3_gate2_v1:F08:K15:4:D00,F08,K15,D00,4,DEVELOPMENT_TEST,23,216742
campaign3_gate2_v1:F08:K15:4:D01,F08,K15,D01,4,DEVELOPMENT_TEST,31,216822
campaign3_gate2_v1:F08:K15:4:D10,F08,K15,D10,4,DEVELOPMENT_TEST,21,216776
campaign3_gate2_v1:F08:K15:4:D11,F08,K15,D11,4,DEVELOPMENT_TEST,5,216832
campaign3_gate2_v1:F08:K15:4:DbetaU,F08,K15,DbetaU,4,DEVELOPMENT_TEST,5,216868
campaign3_gate2_v1:F08:K16:0:D00,F08,K16,D00,0,TRAIN,19,216918
campaign3_gate2_v1:F08:K16:0:D01,F08,K16,D01,0,TRAIN,26,216997
campaign3_gate2_v1:F08:K16:0:D10,F08,K16,D10,0,TRAIN,15,216950
campaign3_gate2_v1:F08:K16:0:D11,F08,K16,D11,0,TRAIN,4,217011
campaign3_gate2_v1:F08:K16:0:DbetaU,F08,K16,DbetaU,0,TRAIN,22,217065
campaign3_gate2_v1:F08:K16:1:D00,F08,K16,D00,1,TRAIN,32,217111
campaign3_gate2_v1:F08:K16:1:D01,F08,K16,D01,1,TRAIN,26,217177
campaign3_gate2_v1:F08:K16:1:D10,F08,K16,D10,1,TRAIN,12,217127
campaign3_gate2_v1:F08:K16:1:D11,F08,K16,D11,1,TRAIN,13,217200
campaign3_gate2_v1:F08:K16:1:DbetaU,F08,K16,DbetaU,1,TRAIN,3,217226
campaign3_gate2_v1:F08:K16:2:D00,F08,K16,D00,2,TRAIN,2,217261
campaign3_gate2_v1:F08:K16:2:D01,F08,K16,D01,2,TRAIN,7,217338
campaign3_gate2_v1:F08:K16:2:D10,F08,K16,D10,2,TRAIN,12,217307
campaign3_gate2_v1:F08:K16:2:D11,F08,K16,D11,2,TRAIN,25,217392
campaign3_gate2_v1:F08:K16:2:DbetaU,F08,K16,DbetaU,2,TRAIN,32,217435
campaign3_gate2_v1:F08:K16:3:D00,F08,K16,D00,3,VALIDATION,28,217467
campaign3_gate2_v1:F08:K16:3:D01,F08,K16,D01,3,VALIDATION,16,217527
campaign3_gate2_v1:F08:K16:3:D10,F08,K16,D10,3,VALIDATION,27,217502
campaign3_gate2_v1:F08:K16:3:D11,F08,K16,D11,3,VALIDATION,16,217563
campaign3_gate2_v1:F08:K16:3:DbetaU,F08,K16,DbetaU,3,VALIDATION,34,217617
campaign3_gate2_v1:F08:K16:4:D00,F08,K16,D00,4,DEVELOPMENT_TEST,29,217648
campaign3_gate2_v1:F08:K16:4:D01,F08,K16,D01,4,DEVELOPMENT_TEST,28,217719
campaign3_gate2_v1:F08:K16:4:D10,F08,K16,D10,4,DEVELOPMENT_TEST,9,217664
campaign3_gate2_v1:F08:K16:4:D11,F08,K16,D11,4,DEVELOPMENT_TEST,5,217732
campaign3_gate2_v1:F08:K16:4:DbetaU,F08,K16,DbetaU,4,DEVELOPMENT_TEST,12,217775
campaign3_gate2_v1:F08:K17:0:D00,F08,K17,D00,0,TRAIN,34,217833
campaign3_gate2_v1:F08:K17:0:D01,F08,K17,D01,0,TRAIN,27,217898
campaign3_gate2_v1:F08:K17:0:D10,F08,K17,D10,0,TRAIN,31,217866
campaign3_gate2_v1:F08:K17:0:D11,F08,K17,D11,0,TRAIN,4,217911
campaign3_gate2_v1:F08:K17:0:DbetaU,F08,K17,DbetaU,0,TRAIN,8,217951
campaign3_gate2_v1:F08:K17:1:D00,F08,K17,D00,1,TRAIN,11,217990
campaign3_gate2_v1:F08:K17:1:D01,F08,K17,D01,1,TRAIN,32,218083
campaign3_gate2_v1:F08:K17:1:D10,F08,K17,D10,1,TRAIN,30,218045
campaign3_gate2_v1:F08:K17:1:D11,F08,K17,D11,1,TRAIN,35,218122
campaign3_gate2_v1:F08:K17:1:DbetaU,F08,K17,DbetaU,1,TRAIN,13,218136
campaign3_gate2_v1:F08:K17:2:D00,F08,K17,D00,2,TRAIN,13,218172
campaign3_gate2_v1:F08:K17:2:D01,F08,K17,D01,2,TRAIN,15,218246
campaign3_gate2_v1:F08:K17:2:D10,F08,K17,D10,2,TRAIN,2,218197
campaign3_gate2_v1:F08:K17:2:D11,F08,K17,D11,2,TRAIN,24,218291
campaign3_gate2_v1:F08:K17:2:DbetaU,F08,K17,DbetaU,2,TRAIN,27,218330
campaign3_gate2_v1:F08:K17:3:D00,F08,K17,D00,3,VALIDATION,8,218347
campaign3_gate2_v1:F08:K17:3:D01,F08,K17,D01,3,VALIDATION,18,218429
campaign3_gate2_v1:F08:K17:3:D10,F08,K17,D10,3,VALIDATION,32,218407
campaign3_gate2_v1:F08:K17:3:D11,F08,K17,D11,3,VALIDATION,36,218483
campaign3_gate2_v1:F08:K17:3:DbetaU,F08,K17,DbetaU,3,VALIDATION,11,218494
campaign3_gate2_v1:F08:K17:4:D00,F08,K17,D00,4,DEVELOPMENT_TEST,20,218539
campaign3_gate2_v1:F08:K17:4:D01,F08,K17,D01,4,DEVELOPMENT_TEST,17,218608
campaign3_gate2_v1:F08:K17:4:D10,F08,K17,D10,4,DEVELOPMENT_TEST,2,218557
campaign3_gate2_v1:F08:K17:4:D11,F08,K17,D11,4,DEVELOPMENT_TEST,35,218662
campaign3_gate2_v1:F08:K17:4:DbetaU,F08,K17,DbetaU,4,DEVELOPMENT_TEST,17,218680
campaign3_gate2_v1:F08:K20:0:D00,F08,K20,D00,0,TRAIN,18,218717
campaign3_gate2_v1:F08:K20:0:D01,F08,K20,D01,0,TRAIN,24,218795
campaign3_gate2_v1:F08:K20:0:D10,F08,K20,D10,0,TRAIN,26,218761
campaign3_gate2_v1:F08:K20:0:D11,F08,K20,D11,0,TRAIN,4,218811
campaign3_gate2_v1:F08:K20:0:DbetaU,F08,K20,DbetaU,0,TRAIN,17,218860
campaign3_gate2_v1:F08:K20:1:D00,F08,K20,D00,1,TRAIN,9,218888
campaign3_gate2_v1:F08:K20:1:D01,F08,K20,D01,1,TRAIN,11,218962
campaign3_gate2_v1:F08:K20:1:D10,F08,K20,D10,1,TRAIN,3,218918
campaign3_gate2_v1:F08:K20:1:D11,F08,K20,D11,1,TRAIN,14,219001
campaign3_gate2_v1:F08:K20:1:DbetaU,F08,K20,DbetaU,1,TRAIN,30,219053
campaign3_gate2_v1:F08:K20:2:D00,F08,K20,D00,2,TRAIN,15,219074
campaign3_gate2_v1:F08:K20:2:D01,F08,K20,D01,2,TRAIN,16,219147
campaign3_gate2_v1:F08:K20:2:D10,F08,K20,D10,2,TRAIN,4,219099
campaign3_gate2_v1:F08:K20:2:D11,F08,K20,D11,2,TRAIN,1,219168
campaign3_gate2_v1:F08:K20:2:DbetaU,F08,K20,DbetaU,2,TRAIN,31,219234
campaign3_gate2_v1:F08:K20:3:D00,F08,K20,D00,3,VALIDATION,10,219249
campaign3_gate2_v1:F08:K20:3:D01,F08,K20,D01,3,VALIDATION,32,219343
campaign3_gate2_v1:F08:K20:3:D10,F08,K20,D10,3,VALIDATION,8,219283
campaign3_gate2_v1:F08:K20:3:D11,F08,K20,D11,3,VALIDATION,31,219378
campaign3_gate2_v1:F08:K20:3:DbetaU,F08,K20,DbetaU,3,VALIDATION,24,219407
campaign3_gate2_v1:F08:K20:4:D00,F08,K20,D00,4,DEVELOPMENT_TEST,8,219427
campaign3_gate2_v1:F08:K20:4:D01,F08,K20,D01,4,DEVELOPMENT_TEST,16,219507
campaign3_gate2_v1:F08:K20:4:D10,F08,K20,D10,4,DEVELOPMENT_TEST,19,219474
campaign3_gate2_v1:F08:K20:4:D11,F08,K20,D11,4,DEVELOPMENT_TEST,30,219557
campaign3_gate2_v1:F08:K20:4:DbetaU,F08,K20,DbetaU,4,DEVELOPMENT_TEST,24,219587
campaign3_gate2_v1:F08:K21:0:D00,F08,K21,D00,0,TRAIN,3,219602
campaign3_gate2_v1:F08:K21:0:D01,F08,K21,D01,0,TRAIN,32,219703
campaign3_gate2_v1:F08:K21:0:D10,F08,K21,D10,0,TRAIN,34,219669
campaign3_gate2_v1:F08:K21:0:D11,F08,K21,D11,0,TRAIN,18,219725
campaign3_gate2_v1:F08:K21:0:DbetaU,F08,K21,DbetaU,0,TRAIN,36,219779
campaign3_gate2_v1:F08:K21:1:D00,F08,K21,D00,1,TRAIN,34,219813
campaign3_gate2_v1:F08:K21:1:D01,F08,K21,D01,1,TRAIN,28,219879
campaign3_gate2_v1:F08:K21:1:D10,F08,K21,D10,1,TRAIN,19,219834
campaign3_gate2_v1:F08:K21:1:D11,F08,K21,D11,1,TRAIN,23,219910
campaign3_gate2_v1:F08:K21:1:DbetaU,F08,K21,DbetaU,1,TRAIN,36,219959
campaign3_gate2_v1:F08:K21:2:D00,F08,K21,D00,2,TRAIN,21,219980
campaign3_gate2_v1:F08:K21:2:D01,F08,K21,D01,2,TRAIN,12,220043
campaign3_gate2_v1:F08:K21:2:D10,F08,K21,D10,2,TRAIN,5,220000
campaign3_gate2_v1:F08:K21:2:D11,F08,K21,D11,2,TRAIN,1,220068
campaign3_gate2_v1:F08:K21:2:DbetaU,F08,K21,DbetaU,2,TRAIN,8,220111
campaign3_gate2_v1:F08:K21:3:D00,F08,K21,D00,3,VALIDATION,9,220148
campaign3_gate2_v1:F08:K21:3:D01,F08,K21,D01,3,VALIDATION,14,220225
campaign3_gate2_v1:F08:K21:3:D10,F08,K21,D10,3,VALIDATION,21,220196
campaign3_gate2_v1:F08:K21:3:D11,F08,K21,D11,3,VALIDATION,27,220274
campaign3_gate2_v1:F08:K21:3:DbetaU,F08,K21,DbetaU,3,VALIDATION,15,220298
campaign3_gate2_v1:F08:K21:4:D00,F08,K21,D00,4,DEVELOPMENT_TEST,19,220338
campaign3_gate2_v1:F08:K21:4:D01,F08,K21,D01,4,DEVELOPMENT_TEST,24,220415
campaign3_gate2_v1:F08:K21:4:D10,F08,K21,D10,4,DEVELOPMENT_TEST,29,220384
campaign3_gate2_v1:F08:K21:4:D11,F08,K21,D11,4,DEVELOPMENT_TEST,31,220458
campaign3_gate2_v1:F08:K21:4:DbetaU,F08,K21,DbetaU,4,DEVELOPMENT_TEST,25,220488
campaign3_gate2_v1:F08:K23:0:D00,F08,K23,D00,0,TRAIN,7,220506
campaign3_gate2_v1:F08:K23:0:D01,F08,K23,D01,0,TRAIN,29,220600
campaign3_gate2_v1:F08:K23:0:D10,F08,K23,D10,0,TRAIN,17,220552
campaign3_gate2_v1:F08:K23:0:D11,F08,K23,D11,0,TRAIN,29,220636
campaign3_gate2_v1:F08:K23:0:DbetaU,F08,K23,DbetaU,0,TRAIN,13,220656
campaign3_gate2_v1:F08:K23:1:D00,F08,K23,D00,1,TRAIN,10,220689
campaign3_gate2_v1:F08:K23:1:D01,F08,K23,D01,1,TRAIN,21,220772
campaign3_gate2_v1:F08:K23:1:D10,F08,K23,D10,1,TRAIN,18,220733
campaign3_gate2_v1:F08:K23:1:D11,F08,K23,D11,1,TRAIN,26,220813
campaign3_gate2_v1:F08:K23:1:DbetaU,F08,K23,DbetaU,1,TRAIN,5,220828
campaign3_gate2_v1:F08:K23:2:D00,F08,K23,D00,2,TRAIN,19,220878
campaign3_gate2_v1:F08:K23:2:D01,F08,K23,D01,2,TRAIN,21,220952
campaign3_gate2_v1:F08:K23:2:D10,F08,K23,D10,2,TRAIN,4,220899
campaign3_gate2_v1:F08:K23:2:D11,F08,K23,D11,2,TRAIN,11,220978
campaign3_gate2_v1:F08:K23:2:DbetaU,F08,K23,DbetaU,2,TRAIN,33,221036
campaign3_gate2_v1:F08:K23:3:D00,F08,K23,D00,3,VALIDATION,5,221044
campaign3_gate2_v1:F08:K23:3:D01,F08,K23,D01,3,VALIDATION,7,221118
campaign3_gate2_v1:F08:K23:3:D10,F08,K23,D10,3,VALIDATION,32,221107
campaign3_gate2_v1:F08:K23:3:D11,F08,K23,D11,3,VALIDATION,34,221181
campaign3_gate2_v1:F08:K23:3:DbetaU,F08,K23,DbetaU,3,VALIDATION,36,221219
campaign3_gate2_v1:F08:K23:4:D00,F08,K23,D00,4,DEVELOPMENT_TEST,10,221229
campaign3_gate2_v1:F08:K23:4:D01,F08,K23,D01,4,DEVELOPMENT_TEST,18,221309
campaign3_gate2_v1:F08:K23:4:D10,F08,K23,D10,4,DEVELOPMENT_TEST,13,221268
campaign3_gate2_v1:F08:K23:4:D11,F08,K23,D11,4,DEVELOPMENT_TEST,8,221335
campaign3_gate2_v1:F08:K23:4:DbetaU,F08,K23,DbetaU,4,DEVELOPMENT_TEST,33,221396
campaign3_gate2_v1:F08:K25:0:D00,F08,K25,D00,0,TRAIN,31,221430
campaign3_gate2_v1:F08:K25:0:D01,F08,K25,D01,0,TRAIN,23,221494
campaign3_gate2_v1:F08:K25:0:D10,F08,K25,D10,0,TRAIN,14,221449
campaign3_gate2_v1:F08:K25:0:D11,F08,K25,D11,0,TRAIN,1,221508
campaign3_gate2_v1:F08:K25:0:DbetaU,F08,K25,DbetaU,0,TRAIN,30,221573
campaign3_gate2_v1:F08:K25:1:D00,F08,K25,D00,1,TRAIN,11,221590
campaign3_gate2_v1:F08:K25:1:D01,F08,K25,D01,1,TRAIN,28,221679
campaign3_gate2_v1:F08:K25:1:D10,F08,K25,D10,1,TRAIN,22,221637
campaign3_gate2_v1:F08:K25:1:D11,F08,K25,D11,1,TRAIN,12,221699
campaign3_gate2_v1:F08:K25:1:DbetaU,F08,K25,DbetaU,1,TRAIN,10,221733
campaign3_gate2_v1:F08:K25:2:D00,F08,K25,D00,2,TRAIN,15,221774
campaign3_gate2_v1:F08:K25:2:D01,F08,K25,D01,2,TRAIN,9,221840
campaign3_gate2_v1:F08:K25:2:D10,F08,K25,D10,2,TRAIN,23,221818
campaign3_gate2_v1:F08:K25:2:D11,F08,K25,D11,2,TRAIN,5,221872
campaign3_gate2_v1:F08:K25:2:DbetaU,F08,K25,DbetaU,2,TRAIN,33,221936
campaign3_gate2_v1:F08:K25:3:D00,F08,K25,D00,3,VALIDATION,35,221974
campaign3_gate2_v1:F08:K25:3:D01,F08,K25,D01,3,VALIDATION,16,222027
campaign3_gate2_v1:F08:K25:3:D10,F08,K25,D10,3,VALIDATION,23,221998
campaign3_gate2_v1:F08:K25:3:D11,F08,K25,D11,3,VALIDATION,29,222076
campaign3_gate2_v1:F08:K25:3:DbetaU,F08,K25,DbetaU,3,VALIDATION,4,222087
campaign3_gate2_v1:F08:K25:4:D00,F08,K25,D00,4,DEVELOPMENT_TEST,9,222128
campaign3_gate2_v1:F08:K25:4:D01,F08,K25,D01,4,DEVELOPMENT_TEST,24,222215
campaign3_gate2_v1:F08:K25:4:D10,F08,K25,D10,4,DEVELOPMENT_TEST,35,222190
campaign3_gate2_v1:F08:K25:4:D11,F08,K25,D11,4,DEVELOPMENT_TEST,1,222228
campaign3_gate2_v1:F08:K25:4:DbetaU,F08,K25,DbetaU,4,DEVELOPMENT_TEST,34,222297
campaign3_gate2_v1:F08:K26:0:D00,F08,K26,D00,0,TRAIN,9,222308
campaign3_gate2_v1:F08:K26:0:D01,F08,K26,D01,0,TRAIN,15,222386
campaign3_gate2_v1:F08:K26:0:D10,F08,K26,D10,0,TRAIN,7,222342
campaign3_gate2_v1:F08:K26:0:D11,F08,K26,D11,0,TRAIN,28,222435
campaign3_gate2_v1:F08:K26:0:DbetaU,F08,K26,DbetaU,0,TRAIN,4,222447
campaign3_gate2_v1:F08:K26:1:D00,F08,K26,D00,1,TRAIN,23,222502
campaign3_gate2_v1:F08:K26:1:D01,F08,K26,D01,1,TRAIN,13,222564
campaign3_gate2_v1:F08:K26:1:D10,F08,K26,D10,1,TRAIN,21,222536
campaign3_gate2_v1:F08:K26:1:D11,F08,K26,D11,1,TRAIN,15,222602
campaign3_gate2_v1:F08:K26:1:DbetaU,F08,K26,DbetaU,1,TRAIN,33,222656
campaign3_gate2_v1:F08:K26:2:D00,F08,K26,D00,2,TRAIN,24,222683
campaign3_gate2_v1:F08:K26:2:D01,F08,K26,D01,2,TRAIN,10,222741
campaign3_gate2_v1:F08:K26:2:D10,F08,K26,D10,2,TRAIN,3,222698
campaign3_gate2_v1:F08:K26:2:D11,F08,K26,D11,2,TRAIN,13,222780
campaign3_gate2_v1:F08:K26:2:DbetaU,F08,K26,DbetaU,2,TRAIN,35,222838
campaign3_gate2_v1:F08:K26:3:D00,F08,K26,D00,3,VALIDATION,14,222853
campaign3_gate2_v1:F08:K26:3:D01,F08,K26,D01,3,VALIDATION,11,222922
campaign3_gate2_v1:F08:K26:3:D10,F08,K26,D10,3,VALIDATION,35,222910
campaign3_gate2_v1:F08:K26:3:D11,F08,K26,D11,3,VALIDATION,33,222980
campaign3_gate2_v1:F08:K26:3:DbetaU,F08,K26,DbetaU,3,VALIDATION,28,223011
campaign3_gate2_v1:F08:K26:4:D00,F08,K26,D00,4,DEVELOPMENT_TEST,18,223037
campaign3_gate2_v1:F08:K26:4:D01,F08,K26,D01,4,DEVELOPMENT_TEST,14,223105
campaign3_gate2_v1:F08:K26:4:D10,F08,K26,D10,4,DEVELOPMENT_TEST,15,223070
campaign3_gate2_v1:F08:K26:4:D11,F08,K26,D11,4,DEVELOPMENT_TEST,23,223150
campaign3_gate2_v1:F08:K26:4:DbetaU,F08,K26,DbetaU,4,DEVELOPMENT_TEST,34,223197
campaign3_gate2_v1:F08:K27:0:D00,F08,K27,D00,0,TRAIN,28,223227
campaign3_gate2_v1:F08:K27:0:D01,F08,K27,D01,0,TRAIN,5,223276
campaign3_gate2_v1:F08:K27:0:D10,F08,K27,D10,0,TRAIN,23,223258
campaign3_gate2_v1:F08:K27:0:D11,F08,K27,D11,0,TRAIN,31,223338
campaign3_gate2_v1:F08:K27:0:DbetaU,F08,K27,DbetaU,0,TRAIN,4,223347
campaign3_gate2_v1:F08:K27:1:D00,F08,K27,D00,1,TRAIN,29,223408
campaign3_gate2_v1:F08:K27:1:D01,F08,K27,D01,1,TRAIN,28,223479
campaign3_gate2_v1:F08:K27:1:D10,F08,K27,D10,1,TRAIN,13,223428
campaign3_gate2_v1:F08:K27:1:D11,F08,K27,D11,1,TRAIN,19,223506
campaign3_gate2_v1:F08:K27:1:DbetaU,F08,K27,DbetaU,1,TRAIN,23,223546
campaign3_gate2_v1:F08:K27:2:D00,F08,K27,D00,2,TRAIN,6,223565
campaign3_gate2_v1:F08:K27:2:D01,F08,K27,D01,2,TRAIN,33,223664
campaign3_gate2_v1:F08:K27:2:D10,F08,K27,D10,2,TRAIN,4,223599
campaign3_gate2_v1:F08:K27:2:D11,F08,K27,D11,2,TRAIN,3,223670
campaign3_gate2_v1:F08:K27:2:DbetaU,F08,K27,DbetaU,2,TRAIN,21,223724
campaign3_gate2_v1:F08:K27:3:D00,F08,K27,D00,3,VALIDATION,16,223755
campaign3_gate2_v1:F08:K27:3:D01,F08,K27,D01,3,VALIDATION,28,223839
campaign3_gate2_v1:F08:K27:3:D10,F08,K27,D10,3,VALIDATION,28,223803
campaign3_gate2_v1:F08:K27:3:D11,F08,K27,D11,3,VALIDATION,7,223854
campaign3_gate2_v1:F08:K27:3:DbetaU,F08,K27,DbetaU,3,VALIDATION,22,223905
campaign3_gate2_v1:F08:K27:4:D00,F08,K27,D00,4,DEVELOPMENT_TEST,5,223924
campaign3_gate2_v1:F08:K27:4:D01,F08,K27,D01,4,DEVELOPMENT_TEST,20,224011
campaign3_gate2_v1:F08:K27:4:D10,F08,K27,D10,4,DEVELOPMENT_TEST,1,223956
campaign3_gate2_v1:F08:K27:4:D11,F08,K27,D11,4,DEVELOPMENT_TEST,15,224042
campaign3_gate2_v1:F08:K27:4:DbetaU,F08,K27,DbetaU,4,DEVELOPMENT_TEST,16,224079
campaign3_gate2_v1:F08:K31:0:D00,F08,K31,D00,0,TRAIN,16,224115
campaign3_gate2_v1:F08:K31:0:D01,F08,K31,D01,0,TRAIN,35,224206
campaign3_gate2_v1:F08:K31:0:D10,F08,K31,D10,0,TRAIN,16,224151
campaign3_gate2_v1:F08:K31:0:D11,F08,K31,D11,0,TRAIN,17,224224
campaign3_gate2_v1:F08:K31:0:DbetaU,F08,K31,DbetaU,0,TRAIN,19,224262
campaign3_gate2_v1:F08:K31:1:D00,F08,K31,D00,1,TRAIN,19,224298
campaign3_gate2_v1:F08:K31:1:D01,F08,K31,D01,1,TRAIN,4,224355
campaign3_gate2_v1:F08:K31:1:D10,F08,K31,D10,1,TRAIN,9,224324
campaign3_gate2_v1:F08:K31:1:D11,F08,K31,D11,1,TRAIN,24,224411
campaign3_gate2_v1:F08:K31:1:DbetaU,F08,K31,DbetaU,1,TRAIN,29,224452
campaign3_gate2_v1:F08:K31:2:D00,F08,K31,D00,2,TRAIN,24,224483
campaign3_gate2_v1:F08:K31:2:D01,F08,K31,D01,2,TRAIN,30,224561
campaign3_gate2_v1:F08:K31:2:D10,F08,K31,D10,2,TRAIN,11,224506
campaign3_gate2_v1:F08:K31:2:D11,F08,K31,D11,2,TRAIN,31,224598
campaign3_gate2_v1:F08:K31:2:DbetaU,F08,K31,DbetaU,2,TRAIN,36,224639
campaign3_gate2_v1:F08:K31:3:D00,F08,K31,D00,3,VALIDATION,4,224643
campaign3_gate2_v1:F08:K31:3:D01,F08,K31,D01,3,VALIDATION,22,224733
campaign3_gate2_v1:F08:K31:3:D10,F08,K31,D10,3,VALIDATION,15,224690
campaign3_gate2_v1:F08:K31:3:D11,F08,K31,D11,3,VALIDATION,26,224773
campaign3_gate2_v1:F08:K31:3:DbetaU,F08,K31,DbetaU,3,VALIDATION,21,224804
campaign3_gate2_v1:F08:K31:4:D00,F08,K31,D00,4,DEVELOPMENT_TEST,16,224835
campaign3_gate2_v1:F08:K31:4:D01,F08,K31,D01,4,DEVELOPMENT_TEST,36,224927
campaign3_gate2_v1:F08:K31:4:D10,F08,K31,D10,4,DEVELOPMENT_TEST,14,224869
campaign3_gate2_v1:F08:K31:4:D11,F08,K31,D11,4,DEVELOPMENT_TEST,15,224942
campaign3_gate2_v1:F08:K31:4:DbetaU,F08,K31,DbetaU,4,DEVELOPMENT_TEST,15,224978
campaign3_gate2_v1:F08:K32:0:D00,F08,K32,D00,0,TRAIN,35,225034
campaign3_gate2_v1:F08:K32:0:D01,F08,K32,D01,0,TRAIN,25,225096
campaign3_gate2_v1:F08:K32:0:D10,F08,K32,D10,0,TRAIN,8,225043
campaign3_gate2_v1:F08:K32:0:D11,F08,K32,D11,0,TRAIN,2,225109
campaign3_gate2_v1:F08:K32:0:DbetaU,F08,K32,DbetaU,0,TRAIN,12,225155
campaign3_gate2_v1:F08:K32:1:D00,F08,K32,D00,1,TRAIN,22,225201
campaign3_gate2_v1:F08:K32:1:D01,F08,K32,D01,1,TRAIN,34,225285
campaign3_gate2_v1:F08:K32:1:D10,F08,K32,D10,1,TRAIN,11,225226
campaign3_gate2_v1:F08:K32:1:D11,F08,K32,D11,1,TRAIN,12,225299
campaign3_gate2_v1:F08:K32:1:DbetaU,F08,K32,DbetaU,1,TRAIN,27,225350
campaign3_gate2_v1:F08:K32:2:D00,F08,K32,D00,2,TRAIN,18,225377
campaign3_gate2_v1:F08:K32:2:D01,F08,K32,D01,2,TRAIN,32,225463
campaign3_gate2_v1:F08:K32:2:D10,F08,K32,D10,2,TRAIN,10,225405
campaign3_gate2_v1:F08:K32:2:D11,F08,K32,D11,2,TRAIN,17,225484
campaign3_gate2_v1:F08:K32:2:DbetaU,F08,K32,DbetaU,2,TRAIN,5,225508
campaign3_gate2_v1:F08:K32:3:D00,F08,K32,D00,3,VALIDATION,16,225555
campaign3_gate2_v1:F08:K32:3:D01,F08,K32,D01,3,VALIDATION,9,225620
campaign3_gate2_v1:F08:K32:3:D10,F08,K32,D10,3,VALIDATION,33,225608
campaign3_gate2_v1:F08:K32:3:D11,F08,K32,D11,3,VALIDATION,12,225659
campaign3_gate2_v1:F08:K32:3:DbetaU,F08,K32,DbetaU,3,VALIDATION,28,225711
campaign3_gate2_v1:F08:K32:4:D00,F08,K32,D00,4,DEVELOPMENT_TEST,35,225754
campaign3_gate2_v1:F08:K32:4:D01,F08,K32,D01,4,DEVELOPMENT_TEST,32,225823
campaign3_gate2_v1:F08:K32:4:D10,F08,K32,D10,4,DEVELOPMENT_TEST,20,225775
campaign3_gate2_v1:F08:K32:4:D11,F08,K32,D11,4,DEVELOPMENT_TEST,3,225830
campaign3_gate2_v1:F08:K32:4:DbetaU,F08,K32,DbetaU,4,DEVELOPMENT_TEST,36,225899
campaign3_gate2_v1:F08:K33:0:D00,F08,K33,D00,0,TRAIN,8,225907
campaign3_gate2_v1:F08:K33:0:D01,F08,K33,D01,0,TRAIN,20,225991
campaign3_gate2_v1:F08:K33:0:D10,F08,K33,D10,0,TRAIN,12,225947
campaign3_gate2_v1:F08:K33:0:D11,F08,K33,D11,0,TRAIN,21,226028
campaign3_gate2_v1:F08:K33:0:DbetaU,F08,K33,DbetaU,0,TRAIN,24,226067
campaign3_gate2_v1:F08:K33:1:D00,F08,K33,D00,1,TRAIN,21,226100
campaign3_gate2_v1:F08:K33:1:D01,F08,K33,D01,1,TRAIN,11,226162
campaign3_gate2_v1:F08:K33:1:D10,F08,K33,D10,1,TRAIN,26,226141
campaign3_gate2_v1:F08:K33:1:D11,F08,K33,D11,1,TRAIN,17,226204
campaign3_gate2_v1:F08:K33:1:DbetaU,F08,K33,DbetaU,1,TRAIN,12,226235
campaign3_gate2_v1:F08:K33:2:D00,F08,K33,D00,2,TRAIN,28,226287
campaign3_gate2_v1:F08:K33:2:D01,F08,K33,D01,2,TRAIN,14,226345
campaign3_gate2_v1:F08:K33:2:D10,F08,K33,D10,2,TRAIN,14,226309
campaign3_gate2_v1:F08:K33:2:D11,F08,K33,D11,2,TRAIN,36,226403
campaign3_gate2_v1:F08:K33:2:DbetaU,F08,K33,DbetaU,2,TRAIN,17,226420
campaign3_gate2_v1:F08:K33:3:D00,F08,K33,D00,3,VALIDATION,26,226465
campaign3_gate2_v1:F08:K33:3:D01,F08,K33,D01,3,VALIDATION,4,226515
campaign3_gate2_v1:F08:K33:3:D10,F08,K33,D10,3,VALIDATION,24,226499
campaign3_gate2_v1:F08:K33:3:D11,F08,K33,D11,3,VALIDATION,12,226559
campaign3_gate2_v1:F08:K33:3:DbetaU,F08,K33,DbetaU,3,VALIDATION,35,226618
campaign3_gate2_v1:F08:K33:4:D00,F08,K33,D00,4,DEVELOPMENT_TEST,15,226634
campaign3_gate2_v1:F08:K33:4:D01,F08,K33,D01,4,DEVELOPMENT_TEST,25,226716
campaign3_gate2_v1:F08:K33:4:D10,F08,K33,D10,4,DEVELOPMENT_TEST,3,226658
campaign3_gate2_v1:F08:K33:4:D11,F08,K33,D11,4,DEVELOPMENT_TEST,22,226749
campaign3_gate2_v1:F08:K33:4:DbetaU,F08,K33,DbetaU,4,DEVELOPMENT_TEST,19,226782
campaign3_gate2_v1:F09:K01:0:D00,F09,K01,D00,0,TRAIN,7,226806
campaign3_gate2_v1:F09:K01:0:D01,F09,K01,D01,0,TRAIN,35,226906
campaign3_gate2_v1:F09:K01:0:D10,F09,K01,D10,0,TRAIN,36,226871
campaign3_gate2_v1:F09:K01:0:D11,F09,K01,D11,0,TRAIN,13,226920
campaign3_gate2_v1:F09:K01:0:DbetaU,F09,K01,DbetaU,0,TRAIN,16,226959
campaign3_gate2_v1:F09:K01:1:D00,F09,K01,D00,1,TRAIN,33,227012
campaign3_gate2_v1:F09:K01:1:D01,F09,K01,D01,1,TRAIN,30,227081
campaign3_gate2_v1:F09:K01:1:D10,F09,K01,D10,1,TRAIN,7,227022
campaign3_gate2_v1:F09:K01:1:D11,F09,K01,D11,1,TRAIN,20,227107
campaign3_gate2_v1:F09:K01:1:DbetaU,F09,K01,DbetaU,1,TRAIN,15,227138
campaign3_gate2_v1:F09:K01:2:D00,F09,K01,D00,2,TRAIN,2,227161
campaign3_gate2_v1:F09:K01:2:D01,F09,K01,D01,2,TRAIN,7,227238
campaign3_gate2_v1:F09:K01:2:D10,F09,K01,D10,2,TRAIN,1,227196
campaign3_gate2_v1:F09:K01:2:D11,F09,K01,D11,2,TRAIN,5,227272
campaign3_gate2_v1:F09:K01:2:DbetaU,F09,K01,DbetaU,2,TRAIN,19,227322
campaign3_gate2_v1:F09:K01:3:D00,F09,K01,D00,3,VALIDATION,24,227363
campaign3_gate2_v1:F09:K01:3:D01,F09,K01,D01,3,VALIDATION,23,227434
campaign3_gate2_v1:F09:K01:3:D10,F09,K01,D10,3,VALIDATION,12,227387
campaign3_gate2_v1:F09:K01:3:D11,F09,K01,D11,3,VALIDATION,13,227460
campaign3_gate2_v1:F09:K01:3:DbetaU,F09,K01,DbetaU,3,VALIDATION,16,227499
campaign3_gate2_v1:F09:K01:4:D00,F09,K01,D00,4,DEVELOPMENT_TEST,5,227524
campaign3_gate2_v1:F09:K01:4:D01,F09,K01,D01,4,DEVELOPMENT_TEST,14,227605
campaign3_gate2_v1:F09:K01:4:D10,F09,K01,D10,4,DEVELOPMENT_TEST,1,227556
campaign3_gate2_v1:F09:K01:4:D11,F09,K01,D11,4,DEVELOPMENT_TEST,32,227659
campaign3_gate2_v1:F09:K01:4:DbetaU,F09,K01,DbetaU,4,DEVELOPMENT_TEST,23,227686
campaign3_gate2_v1:F09:K02:0:D00,F09,K02,D00,0,TRAIN,18,227717
campaign3_gate2_v1:F09:K02:0:D01,F09,K02,D01,0,TRAIN,14,227785
campaign3_gate2_v1:F09:K02:0:D10,F09,K02,D10,0,TRAIN,10,227745
campaign3_gate2_v1:F09:K02:0:D11,F09,K02,D11,0,TRAIN,10,227817
campaign3_gate2_v1:F09:K02:0:DbetaU,F09,K02,DbetaU,0,TRAIN,36,227879
campaign3_gate2_v1:F09:K02:1:D00,F09,K02,D00,1,TRAIN,11,227890
campaign3_gate2_v1:F09:K02:1:D01,F09,K02,D01,1,TRAIN,11,227962
campaign3_gate2_v1:F09:K02:1:D10,F09,K02,D10,1,TRAIN,30,227945
campaign3_gate2_v1:F09:K02:1:D11,F09,K02,D11,1,TRAIN,25,228012
campaign3_gate2_v1:F09:K02:1:DbetaU,F09,K02,DbetaU,1,TRAIN,24,228047
campaign3_gate2_v1:F09:K02:2:D00,F09,K02,D00,2,TRAIN,17,228076
campaign3_gate2_v1:F09:K02:2:D01,F09,K02,D01,2,TRAIN,35,228166
campaign3_gate2_v1:F09:K02:2:D10,F09,K02,D10,2,TRAIN,21,228116
campaign3_gate2_v1:F09:K02:2:D11,F09,K02,D11,2,TRAIN,2,228169
campaign3_gate2_v1:F09:K02:2:DbetaU,F09,K02,DbetaU,2,TRAIN,32,228235
campaign3_gate2_v1:F09:K02:3:D00,F09,K02,D00,3,VALIDATION,20,228259
campaign3_gate2_v1:F09:K02:3:D01,F09,K02,D01,3,VALIDATION,33,228344
campaign3_gate2_v1:F09:K02:3:D10,F09,K02,D10,3,VALIDATION,7,228282
campaign3_gate2_v1:F09:K02:3:D11,F09,K02,D11,3,VALIDATION,4,228351
campaign3_gate2_v1:F09:K02:3:DbetaU,F09,K02,DbetaU,3,VALIDATION,2,228385
campaign3_gate2_v1:F09:K02:4:D00,F09,K02,D00,4,DEVELOPMENT_TEST,25,228444
campaign3_gate2_v1:F09:K02:4:D01,F09,K02,D01,4,DEVELOPMENT_TEST,22,228513
campaign3_gate2_v1:F09:K02:4:D10,F09,K02,D10,4,DEVELOPMENT_TEST,16,228471
campaign3_gate2_v1:F09:K02:4:D11,F09,K02,D11,4,DEVELOPMENT_TEST,30,228557
campaign3_gate2_v1:F09:K02:4:DbetaU,F09,K02,DbetaU,4,DEVELOPMENT_TEST,12,228575
campaign3_gate2_v1:F09:K03:0:D00,F09,K03,D00,0,TRAIN,28,228627
campaign3_gate2_v1:F09:K03:0:D01,F09,K03,D01,0,TRAIN,36,228707
campaign3_gate2_v1:F09:K03:0:D10,F09,K03,D10,0,TRAIN,15,228650
campaign3_gate2_v1:F09:K03:0:D11,F09,K03,D11,0,TRAIN,36,228743
campaign3_gate2_v1:F09:K03:0:DbetaU,F09,K03,DbetaU,0,TRAIN,15,228758
campaign3_gate2_v1:F09:K03:1:D00,F09,K03,D00,1,TRAIN,18,228797
campaign3_gate2_v1:F09:K03:1:D01,F09,K03,D01,1,TRAIN,26,228877
campaign3_gate2_v1:F09:K03:1:D10,F09,K03,D10,1,TRAIN,14,228829
campaign3_gate2_v1:F09:K03:1:D11,F09,K03,D11,1,TRAIN,23,228910
campaign3_gate2_v1:F09:K03:1:DbetaU,F09,K03,DbetaU,1,TRAIN,28,228951
campaign3_gate2_v1:F09:K03:2:D00,F09,K03,D00,2,TRAIN,2,228961
campaign3_gate2_v1:F09:K03:2:D01,F09,K03,D01,2,TRAIN,21,229052
campaign3_gate2_v1:F09:K03:2:D10,F09,K03,D10,2,TRAIN,20,229015
campaign3_gate2_v1:F09:K03:2:D11,F09,K03,D11,2,TRAIN,31,229098
campaign3_gate2_v1:F09:K03:2:DbetaU,F09,K03,DbetaU,2,TRAIN,26,229129
campaign3_gate2_v1:F09:K03:3:D00,F09,K03,D00,3,VALIDATION,23,229162
campaign3_gate2_v1:F09:K03:3:D01,F09,K03,D01,3,VALIDATION,1,229212
campaign3_gate2_v1:F09:K03:3:D10,F09,K03,D10,3,VALIDATION,23,229198
campaign3_gate2_v1:F09:K03:3:D11,F09,K03,D11,3,VALIDATION,15,229262
campaign3_gate2_v1:F09:K03:3:DbetaU,F09,K03,DbetaU,3,VALIDATION,28,229311
campaign3_gate2_v1:F09:K03:4:D00,F09,K03,D00,4,DEVELOPMENT_TEST,26,229345
campaign3_gate2_v1:F09:K03:4:D01,F09,K03,D01,4,DEVELOPMENT_TEST,18,229409
campaign3_gate2_v1:F09:K03:4:D10,F09,K03,D10,4,DEVELOPMENT_TEST,5,229360
campaign3_gate2_v1:F09:K03:4:D11,F09,K03,D11,4,DEVELOPMENT_TEST,34,229461
campaign3_gate2_v1:F09:K03:4:DbetaU,F09,K03,DbetaU,4,DEVELOPMENT_TEST,33,229496
campaign3_gate2_v1:F09:K05:0:D00,F09,K05,D00,0,TRAIN,9,229508
campaign3_gate2_v1:F09:K05:0:D01,F09,K05,D01,0,TRAIN,7,229578
campaign3_gate2_v1:F09:K05:0:D10,F09,K05,D10,0,TRAIN,34,229569
campaign3_gate2_v1:F09:K05:0:D11,F09,K05,D11,0,TRAIN,12,229619
campaign3_gate2_v1:F09:K05:0:DbetaU,F09,K05,DbetaU,0,TRAIN,28,229671
campaign3_gate2_v1:F09:K05:1:D00,F09,K05,D00,1,TRAIN,26,229705
campaign3_gate2_v1:F09:K05:1:D01,F09,K05,D01,1,TRAIN,17,229768
campaign3_gate2_v1:F09:K05:1:D10,F09,K05,D10,1,TRAIN,9,229724
campaign3_gate2_v1:F09:K05:1:D11,F09,K05,D11,1,TRAIN,6,229793
campaign3_gate2_v1:F09:K05:1:DbetaU,F09,K05,DbetaU,1,TRAIN,6,229829
campaign3_gate2_v1:F09:K05:2:D00,F09,K05,D00,2,TRAIN,18,229877
campaign3_gate2_v1:F09:K05:2:D01,F09,K05,D01,2,TRAIN,10,229941
campaign3_gate2_v1:F09:K05:2:D10,F09,K05,D10,2,TRAIN,7,229902
campaign3_gate2_v1:F09:K05:2:D11,F09,K05,D11,2,TRAIN,1,229968
campaign3_gate2_v1:F09:K05:2:DbetaU,F09,K05,DbetaU,2,TRAIN,23,230026
campaign3_gate2_v1:F09:K05:3:D00,F09,K05,D00,3,VALIDATION,29,230068
campaign3_gate2_v1:F09:K05:3:D01,F09,K05,D01,3,VALIDATION,4,230115
campaign3_gate2_v1:F09:K05:3:D10,F09,K05,D10,3,VALIDATION,27,230102
campaign3_gate2_v1:F09:K05:3:D11,F09,K05,D11,3,VALIDATION,3,230150
campaign3_gate2_v1:F09:K05:3:DbetaU,F09,K05,DbetaU,3,VALIDATION,6,230189
campaign3_gate2_v1:F09:K05:4:D00,F09,K05,D00,4,DEVELOPMENT_TEST,21,230240
campaign3_gate2_v1:F09:K05:4:D01,F09,K05,D01,4,DEVELOPMENT_TEST,20,230311
campaign3_gate2_v1:F09:K05:4:D10,F09,K05,D10,4,DEVELOPMENT_TEST,10,230265
campaign3_gate2_v1:F09:K05:4:D11,F09,K05,D11,4,DEVELOPMENT_TEST,18,230345
campaign3_gate2_v1:F09:K05:4:DbetaU,F09,K05,DbetaU,4,DEVELOPMENT_TEST,32,230395
campaign3_gate2_v1:F09:K06:0:D00,F09,K06,D00,0,TRAIN,17,230416
campaign3_gate2_v1:F09:K06:0:D01,F09,K06,D01,0,TRAIN,31,230502
campaign3_gate2_v1:F09:K06:0:D10,F09,K06,D10,0,TRAIN,20,230455
campaign3_gate2_v1:F09:K06:0:D11,F09,K06,D11,0,TRAIN,1,230508
campaign3_gate2_v1:F09:K06:0:DbetaU,F09,K06,DbetaU,0,TRAIN,28,230571
campaign3_gate2_v1:F09:K06:1:D00,F09,K06,D00,1,TRAIN,30,230609
campaign3_gate2_v1:F09:K06:1:D01,F09,K06,D01,1,TRAIN,4,230655
campaign3_gate2_v1:F09:K06:1:D10,F09,K06,D10,1,TRAIN,17,230632
campaign3_gate2_v1:F09:K06:1:D11,F09,K06,D11,1,TRAIN,25,230712
campaign3_gate2_v1:F09:K06:1:DbetaU,F09,K06,DbetaU,1,TRAIN,24,230747
campaign3_gate2_v1:F09:K06:2:D00,F09,K06,D00,2,TRAIN,21,230780
campaign3_gate2_v1:F09:K06:2:D01,F09,K06,D01,2,TRAIN,17,230848
campaign3_gate2_v1:F09:K06:2:D10,F09,K06,D10,2,TRAIN,20,230815
campaign3_gate2_v1:F09:K06:2:D11,F09,K06,D11,2,TRAIN,16,230883
campaign3_gate2_v1:F09:K06:2:DbetaU,F09,K06,DbetaU,2,TRAIN,18,230921
campaign3_gate2_v1:F09:K06:3:D00,F09,K06,D00,3,VALIDATION,11,230950
campaign3_gate2_v1:F09:K06:3:D01,F09,K06,D01,3,VALIDATION,12,231023
campaign3_gate2_v1:F09:K06:3:D10,F09,K06,D10,3,VALIDATION,18,230993
campaign3_gate2_v1:F09:K06:3:D11,F09,K06,D11,3,VALIDATION,12,231059
campaign3_gate2_v1:F09:K06:3:DbetaU,F09,K06,DbetaU,3,VALIDATION,12,231095
campaign3_gate2_v1:F09:K06:4:D00,F09,K06,D00,4,DEVELOPMENT_TEST,29,231148
campaign3_gate2_v1:F09:K06:4:D01,F09,K06,D01,4,DEVELOPMENT_TEST,29,231220
campaign3_gate2_v1:F09:K06:4:D10,F09,K06,D10,4,DEVELOPMENT_TEST,25,231180
campaign3_gate2_v1:F09:K06:4:D11,F09,K06,D11,4,DEVELOPMENT_TEST,22,231249
campaign3_gate2_v1:F09:K06:4:DbetaU,F09,K06,DbetaU,4,DEVELOPMENT_TEST,17,231280
campaign3_gate2_v1:F09:K07:0:D00,F09,K07,D00,0,TRAIN,3,231302
campaign3_gate2_v1:F09:K07:0:D01,F09,K07,D01,0,TRAIN,9,231380
campaign3_gate2_v1:F09:K07:0:D10,F09,K07,D10,0,TRAIN,22,231357
campaign3_gate2_v1:F09:K07:0:D11,F09,K07,D11,0,TRAIN,16,231423
campaign3_gate2_v1:F09:K07:0:DbetaU,F09,K07,DbetaU,0,TRAIN,36,231479
campaign3_gate2_v1:F09:K07:1:D00,F09,K07,D00,1,TRAIN,28,231507
campaign3_gate2_v1:F09:K07:1:D01,F09,K07,D01,1,TRAIN,19,231570
campaign3_gate2_v1:F09:K07:1:D10,F09,K07,D10,1,TRAIN,10,231525
campaign3_gate2_v1:F09:K07:1:D11,F09,K07,D11,1,TRAIN,19,231606
campaign3_gate2_v1:F09:K07:1:DbetaU,F09,K07,DbetaU,1,TRAIN,23,231646
campaign3_gate2_v1:F09:K07:2:D00,F09,K07,D00,2,TRAIN,11,231670
campaign3_gate2_v1:F09:K07:2:D01,F09,K07,D01,2,TRAIN,30,231761
campaign3_gate2_v1:F09:K07:2:D10,F09,K07,D10,2,TRAIN,6,231701
campaign3_gate2_v1:F09:K07:2:D11,F09,K07,D11,2,TRAIN,7,231774
campaign3_gate2_v1:F09:K07:2:DbetaU,F09,K07,DbetaU,2,TRAIN,16,231819
campaign3_gate2_v1:F09:K07:3:D00,F09,K07,D00,3,VALIDATION,19,231858
campaign3_gate2_v1:F09:K07:3:D01,F09,K07,D01,3,VALIDATION,15,231926
campaign3_gate2_v1:F09:K07:3:D10,F09,K07,D10,3,VALIDATION,30,231905
campaign3_gate2_v1:F09:K07:3:D11,F09,K07,D11,3,VALIDATION,25,231972
campaign3_gate2_v1:F09:K07:3:DbetaU,F09,K07,DbetaU,3,VALIDATION,10,231993
campaign3_gate2_v1:F09:K07:4:D00,F09,K07,D00,4,DEVELOPMENT_TEST,4,232023
campaign3_gate2_v1:F09:K07:4:D01,F09,K07,D01,4,DEVELOPMENT_TEST,23,232114
campaign3_gate2_v1:F09:K07:4:D10,F09,K07,D10,4,DEVELOPMENT_TEST,12,232067
campaign3_gate2_v1:F09:K07:4:D11,F09,K07,D11,4,DEVELOPMENT_TEST,28,232155
campaign3_gate2_v1:F09:K07:4:DbetaU,F09,K07,DbetaU,4,DEVELOPMENT_TEST,14,232177
campaign3_gate2_v1:F09:K10:0:D00,F09,K10,D00,0,TRAIN,1,232200
campaign3_gate2_v1:F09:K10:0:D01,F09,K10,D01,0,TRAIN,18,232289
campaign3_gate2_v1:F09:K10:0:D10,F09,K10,D10,0,TRAIN,24,232259
campaign3_gate2_v1:F09:K10:0:D11,F09,K10,D11,0,TRAIN,26,232333
campaign3_gate2_v1:F09:K10:0:DbetaU,F09,K10,DbetaU,0,TRAIN,1,232344
campaign3_gate2_v1:F09:K10:1:D00,F09,K10,D00,1,TRAIN,25,232404
campaign3_gate2_v1:F09:K10:1:D01,F09,K10,D01,1,TRAIN,29,232480
campaign3_gate2_v1:F09:K10:1:D10,F09,K10,D10,1,TRAIN,12,232427
campaign3_gate2_v1:F09:K10:1:D11,F09,K10,D11,1,TRAIN,33,232520
campaign3_gate2_v1:F09:K10:1:DbetaU,F09,K10,DbetaU,1,TRAIN,32,232555
campaign3_gate2_v1:F09:K10:2:D00,F09,K10,D00,2,TRAIN,3,232562
campaign3_gate2_v1:F09:K10:2:D01,F09,K10,D01,2,TRAIN,15,232646
campaign3_gate2_v1:F09:K10:2:D10,F09,K10,D10,2,TRAIN,18,232613
campaign3_gate2_v1:F09:K10:2:D11,F09,K10,D11,2,TRAIN,10,232677
campaign3_gate2_v1:F09:K10:2:DbetaU,F09,K10,DbetaU,2,TRAIN,35,232738
campaign3_gate2_v1:F09:K10:3:D00,F09,K10,D00,3,VALIDATION,2,232741
campaign3_gate2_v1:F09:K10:3:D01,F09,K10,D01,3,VALIDATION,12,232823
campaign3_gate2_v1:F09:K10:3:D10,F09,K10,D10,3,VALIDATION,16,232791
campaign3_gate2_v1:F09:K10:3:D11,F09,K10,D11,3,VALIDATION,23,232870
campaign3_gate2_v1:F09:K10:3:DbetaU,F09,K10,DbetaU,3,VALIDATION,3,232886
campaign3_gate2_v1:F09:K10:4:D00,F09,K10,D00,4,DEVELOPMENT_TEST,22,232941
campaign3_gate2_v1:F09:K10:4:D01,F09,K10,D01,4,DEVELOPMENT_TEST,6,232997
campaign3_gate2_v1:F09:K10:4:D10,F09,K10,D10,4,DEVELOPMENT_TEST,21,232976
campaign3_gate2_v1:F09:K10:4:D11,F09,K10,D11,4,DEVELOPMENT_TEST,2,233029
campaign3_gate2_v1:F09:K10:4:DbetaU,F09,K10,DbetaU,4,DEVELOPMENT_TEST,19,233082
campaign3_gate2_v1:F09:K11:0:D00,F09,K11,D00,0,TRAIN,2,233101
campaign3_gate2_v1:F09:K11:0:D01,F09,K11,D01,0,TRAIN,7,233178
campaign3_gate2_v1:F09:K11:0:D10,F09,K11,D10,0,TRAIN,9,233144
campaign3_gate2_v1:F09:K11:0:D11,F09,K11,D11,0,TRAIN,17,233224
campaign3_gate2_v1:F09:K11:0:DbetaU,F09,K11,DbetaU,0,TRAIN,26,233269
campaign3_gate2_v1:F09:K11:1:D00,F09,K11,D00,1,TRAIN,2,233281
campaign3_gate2_v1:F09:K11:1:D01,F09,K11,D01,1,TRAIN,18,233369
campaign3_gate2_v1:F09:K11:1:D10,F09,K11,D10,1,TRAIN,1,233316
campaign3_gate2_v1:F09:K11:1:D11,F09,K11,D11,1,TRAIN,21,233408
campaign3_gate2_v1:F09:K11:1:DbetaU,F09,K11,DbetaU,1,TRAIN,35,233458
campaign3_gate2_v1:F09:K11:2:D00,F09,K11,D00,2,TRAIN,19,233478
campaign3_gate2_v1:F09:K11:2:D01,F09,K11,D01,2,TRAIN,34,233565
campaign3_gate2_v1:F09:K11:2:D10,F09,K11,D10,2,TRAIN,5,233500
campaign3_gate2_v1:F09:K11:2:D11,F09,K11,D11,2,TRAIN,33,233600
campaign3_gate2_v1:F09:K11:2:DbetaU,F09,K11,DbetaU,2,TRAIN,26,233629
campaign3_gate2_v1:F09:K11:3:D00,F09,K11,D00,3,VALIDATION,2,233641
campaign3_gate2_v1:F09:K11:3:D01,F09,K11,D01,3,VALIDATION,14,233725
campaign3_gate2_v1:F09:K11:3:D10,F09,K11,D10,3,VALIDATION,34,233709
campaign3_gate2_v1:F09:K11:3:D11,F09,K11,D11,3,VALIDATION,35,233782
campaign3_gate2_v1:F09:K11:3:DbetaU,F09,K11,DbetaU,3,VALIDATION,10,233793
campaign3_gate2_v1:F09:K11:4:D00,F09,K11,D00,4,DEVELOPMENT_TEST,28,233847
campaign3_gate2_v1:F09:K11:4:D01,F09,K11,D01,4,DEVELOPMENT_TEST,6,233897
campaign3_gate2_v1:F09:K11:4:D10,F09,K11,D10,4,DEVELOPMENT_TEST,31,233886
campaign3_gate2_v1:F09:K11:4:D11,F09,K11,D11,4,DEVELOPMENT_TEST,4,233931
campaign3_gate2_v1:F09:K11:4:DbetaU,F09,K11,DbetaU,4,DEVELOPMENT_TEST,29,233992
campaign3_gate2_v1:F09:K13:0:D00,F09,K13,D00,0,TRAIN,3,234002
campaign3_gate2_v1:F09:K13:0:D01,F09,K13,D01,0,TRAIN,36,234107
campaign3_gate2_v1:F09:K13:0:D10,F09,K13,D10,0,TRAIN,5,234040
campaign3_gate2_v1:F09:K13:0:D11,F09,K13,D11,0,TRAIN,1,234108
campaign3_gate2_v1:F09:K13:0:DbetaU,F09,K13,DbetaU,0,TRAIN,30,234173
campaign3_gate2_v1:F09:K13:1:D00,F09,K13,D00,1,TRAIN,13,234192
campaign3_gate2_v1:F09:K13:1:D01,F09,K13,D01,1,TRAIN,3,234254
campaign3_gate2_v1:F09:K13:1:D10,F09,K13,D10,1,TRAIN,12,234227
campaign3_gate2_v1:F09:K13:1:D11,F09,K13,D11,1,TRAIN,19,234306
campaign3_gate2_v1:F09:K13:1:DbetaU,F09,K13,DbetaU,1,TRAIN,15,234338
campaign3_gate2_v1:F09:K13:2:D00,F09,K13,D00,2,TRAIN,21,234380
campaign3_gate2_v1:F09:K13:2:D01,F09,K13,D01,2,TRAIN,9,234440
campaign3_gate2_v1:F09:K13:2:D10,F09,K13,D10,2,TRAIN,35,234430
campaign3_gate2_v1:F09:K13:2:D11,F09,K13,D11,2,TRAIN,4,234471
campaign3_gate2_v1:F09:K13:2:DbetaU,F09,K13,DbetaU,2,TRAIN,14,234517
campaign3_gate2_v1:F09:K13:3:D00,F09,K13,D00,3,VALIDATION,24,234563
campaign3_gate2_v1:F09:K13:3:D01,F09,K13,D01,3,VALIDATION,23,234634
campaign3_gate2_v1:F09:K13:3:D10,F09,K13,D10,3,VALIDATION,5,234580
campaign3_gate2_v1:F09:K13:3:D11,F09,K13,D11,3,VALIDATION,26,234673
campaign3_gate2_v1:F09:K13:3:DbetaU,F09,K13,DbetaU,3,VALIDATION,21,234704
campaign3_gate2_v1:F09:K13:4:D00,F09,K13,D00,4,DEVELOPMENT_TEST,26,234745
campaign3_gate2_v1:F09:K13:4:D01,F09,K13,D01,4,DEVELOPMENT_TEST,28,234819
campaign3_gate2_v1:F09:K13:4:D10,F09,K13,D10,4,DEVELOPMENT_TEST,12,234767
campaign3_gate2_v1:F09:K13:4:D11,F09,K13,D11,4,DEVELOPMENT_TEST,31,234858
campaign3_gate2_v1:F09:K13:4:DbetaU,F09,K13,DbetaU,4,DEVELOPMENT_TEST,28,234891
campaign3_gate2_v1:F09:K15:0:D00,F09,K15,D00,0,TRAIN,1,234900
campaign3_gate2_v1:F09:K15:0:D01,F09,K15,D01,0,TRAIN,17,234988
campaign3_gate2_v1:F09:K15:0:D10,F09,K15,D10,0,TRAIN,23,234958
campaign3_gate2_v1:F09:K15:0:D11,F09,K15,D11,0,TRAIN,9,235016
campaign3_gate2_v1:F09:K15:0:DbetaU,F09,K15,DbetaU,0,TRAIN,20,235063
campaign3_gate2_v1:F09:K15:1:D00,F09,K15,D00,1,TRAIN,17,235096
campaign3_gate2_v1:F09:K15:1:D01,F09,K15,D01,1,TRAIN,18,235169
campaign3_gate2_v1:F09:K15:1:D10,F09,K15,D10,1,TRAIN,31,235146
campaign3_gate2_v1:F09:K15:1:D11,F09,K15,D11,1,TRAIN,27,235214
campaign3_gate2_v1:F09:K15:1:DbetaU,F09,K15,DbetaU,1,TRAIN,6,235229
campaign3_gate2_v1:F09:K15:2:D00,F09,K15,D00,2,TRAIN,33,235292
campaign3_gate2_v1:F09:K15:2:D01,F09,K15,D01,2,TRAIN,18,235349
campaign3_gate2_v1:F09:K15:2:D10,F09,K15,D10,2,TRAIN,1,235296
campaign3_gate2_v1:F09:K15:2:D11,F09,K15,D11,2,TRAIN,13,235380
campaign3_gate2_v1:F09:K15:2:DbetaU,F09,K15,DbetaU,2,TRAIN,12,235415
campaign3_gate2_v1:F09:K15:3:D00,F09,K15,D00,3,VALIDATION,23,235462
campaign3_gate2_v1:F09:K15:3:D01,F09,K15,D01,3,VALIDATION,9,235520
campaign3_gate2_v1:F09:K15:3:D10,F09,K15,D10,3,VALIDATION,33,235508
campaign3_gate2_v1:F09:K15:3:D11,F09,K15,D11,3,VALIDATION,18,235565
campaign3_gate2_v1:F09:K15:3:DbetaU,F09,K15,DbetaU,3,VALIDATION,4,235587
campaign3_gate2_v1:F09:K15:4:D00,F09,K15,D00,4,DEVELOPMENT_TEST,15,235634
campaign3_gate2_v1:F09:K15:4:D01,F09,K15,D01,4,DEVELOPMENT_TEST,16,235707
campaign3_gate2_v1:F09:K15:4:D10,F09,K15,D10,4,DEVELOPMENT_TEST,20,235675
campaign3_gate2_v1:F09:K15:4:D11,F09,K15,D11,4,DEVELOPMENT_TEST,15,235742
campaign3_gate2_v1:F09:K15:4:DbetaU,F09,K15,DbetaU,4,DEVELOPMENT_TEST,10,235773
campaign3_gate2_v1:F09:K16:0:D00,F09,K16,D00,0,TRAIN,28,235827
campaign3_gate2_v1:F09:K16:0:D01,F09,K16,D01,0,TRAIN,11,235882
campaign3_gate2_v1:F09:K16:0:D10,F09,K16,D10,0,TRAIN,29,235864
campaign3_gate2_v1:F09:K16:0:D11,F09,K16,D11,0,TRAIN,13,235920
campaign3_gate2_v1:F09:K16:0:DbetaU,F09,K16,DbetaU,0,TRAIN,13,235956
campaign3_gate2_v1:F09:K16:1:D00,F09,K16,D00,1,TRAIN,12,235991
campaign3_gate2_v1:F09:K16:1:D01,F09,K16,D01,1,TRAIN,33,236084
campaign3_gate2_v1:F09:K16:1:D10,F09,K16,D10,1,TRAIN,26,236041
campaign3_gate2_v1:F09:K16:1:D11,F09,K16,D11,1,TRAIN,25,236112
campaign3_gate2_v1:F09:K16:1:DbetaU,F09,K16,DbetaU,1,TRAIN,12,236135
campaign3_gate2_v1:F09:K16:2:D00,F09,K16,D00,2,TRAIN,10,236169
campaign3_gate2_v1:F09:K16:2:D01,F09,K16,D01,2,TRAIN,2,236233
campaign3_gate2_v1:F09:K16:2:D10,F09,K16,D10,2,TRAIN,30,236225
campaign3_gate2_v1:F09:K16:2:D11,F09,K16,D11,2,TRAIN,32,236299
campaign3_gate2_v1:F09:K16:2:DbetaU,F09,K16,DbetaU,2,TRAIN,2,236305
campaign3_gate2_v1:F09:K16:3:D00,F09,K16,D00,3,VALIDATION,12,236351
campaign3_gate2_v1:F09:K16:3:D01,F09,K16,D01,3,VALIDATION,15,236426
campaign3_gate2_v1:F09:K16:3:D10,F09,K16,D10,3,VALIDATION,13,236388
campaign3_gate2_v1:F09:K16:3:D11,F09,K16,D11,3,VALIDATION,3,236450
campaign3_gate2_v1:F09:K16:3:DbetaU,F09,K16,DbetaU,3,VALIDATION,34,236517
campaign3_gate2_v1:F09:K16:4:D00,F09,K16,D00,4,DEVELOPMENT_TEST,5,236524
campaign3_gate2_v1:F09:K16:4:D01,F09,K16,D01,4,DEVELOPMENT_TEST,17,236608
campaign3_gate2_v1:F09:K16:4:D10,F09,K16,D10,4,DEVELOPMENT_TEST,3,236558
campaign3_gate2_v1:F09:K16:4:D11,F09,K16,D11,4,DEVELOPMENT_TEST,9,236636
campaign3_gate2_v1:F09:K16:4:DbetaU,F09,K16,DbetaU,4,DEVELOPMENT_TEST,16,236679
campaign3_gate2_v1:F09:K17:0:D00,F09,K17,D00,0,TRAIN,11,236710
campaign3_gate2_v1:F09:K17:0:D01,F09,K17,D01,0,TRAIN,8,236779
campaign3_gate2_v1:F09:K17:0:D10,F09,K17,D10,0,TRAIN,21,236756
campaign3_gate2_v1:F09:K17:0:D11,F09,K17,D11,0,TRAIN,32,236839
campaign3_gate2_v1:F09:K17:0:DbetaU,F09,K17,DbetaU,0,TRAIN,11,236854
campaign3_gate2_v1:F09:K17:1:D00,F09,K17,D00,1,TRAIN,19,236898
campaign3_gate2_v1:F09:K17:1:D01,F09,K17,D01,1,TRAIN,8,236959
campaign3_gate2_v1:F09:K17:1:D10,F09,K17,D10,1,TRAIN,29,236944
campaign3_gate2_v1:F09:K17:1:D11,F09,K17,D11,1,TRAIN,7,236994
campaign3_gate2_v1:F09:K17:1:DbetaU,F09,K17,DbetaU,1,TRAIN,24,237047
campaign3_gate2_v1:F09:K17:2:D00,F09,K17,D00,2,TRAIN,5,237064
campaign3_gate2_v1:F09:K17:2:D01,F09,K17,D01,2,TRAIN,6,237137
campaign3_gate2_v1:F09:K17:2:D10,F09,K17,D10,2,TRAIN,3,237098
campaign3_gate2_v1:F09:K17:2:D11,F09,K17,D11,2,TRAIN,32,237199
campaign3_gate2_v1:F09:K17:2:DbetaU,F09,K17,DbetaU,2,TRAIN,17,237220
campaign3_gate2_v1:F09:K17:3:D00,F09,K17,D00,3,VALIDATION,4,237243
campaign3_gate2_v1:F09:K17:3:D01,F09,K17,D01,3,VALIDATION,34,237345
campaign3_gate2_v1:F09:K17:3:D10,F09,K17,D10,3,VALIDATION,3,237278
campaign3_gate2_v1:F09:K17:3:D11,F09,K17,D11,3,VALIDATION,31,237378
campaign3_gate2_v1:F09:K17:3:DbetaU,F09,K17,DbetaU,3,VALIDATION,20,237403
campaign3_gate2_v1:F09:K17:4:D00,F09,K17,D00,4,DEVELOPMENT_TEST,25,237444
campaign3_gate2_v1:F09:K17:4:D01,F09,K17,D01,4,DEVELOPMENT_TEST,3,237494
campaign3_gate2_v1:F09:K17:4:D10,F09,K17,D10,4,DEVELOPMENT_TEST,23,237478
campaign3_gate2_v1:F09:K17:4:D11,F09,K17,D11,4,DEVELOPMENT_TEST,17,237544
campaign3_gate2_v1:F09:K17:4:DbetaU,F09,K17,DbetaU,4,DEVELOPMENT_TEST,18,237581
campaign3_gate2_v1:F09:K20:0:D00,F09,K20,D00,0,TRAIN,16,237615
campaign3_gate2_v1:F09:K20:0:D01,F09,K20,D01,0,TRAIN,20,237691
campaign3_gate2_v1:F09:K20:0:D10,F09,K20,D10,0,TRAIN,12,237647
campaign3_gate2_v1:F09:K20:0:D11,F09,K20,D11,0,TRAIN,5,237712
campaign3_gate2_v1:F09:K20:0:DbetaU,F09,K20,DbetaU,0,TRAIN,36,237779
campaign3_gate2_v1:F09:K20:1:D00,F09,K20,D00,1,TRAIN,13,237792
campaign3_gate2_v1:F09:K20:1:D01,F09,K20,D01,1,TRAIN,24,237875
campaign3_gate2_v1:F09:K20:1:D10,F09,K20,D10,1,TRAIN,10,237825
campaign3_gate2_v1:F09:K20:1:D11,F09,K20,D11,1,TRAIN,16,237903
campaign3_gate2_v1:F09:K20:1:DbetaU,F09,K20,DbetaU,1,TRAIN,8,237931
campaign3_gate2_v1:F09:K20:2:D00,F09,K20,D00,2,TRAIN,34,237993
campaign3_gate2_v1:F09:K20:2:D01,F09,K20,D01,2,TRAIN,30,238061
campaign3_gate2_v1:F09:K20:2:D10,F09,K20,D10,2,TRAIN,18,238013
campaign3_gate2_v1:F09:K20:2:D11,F09,K20,D11,2,TRAIN,17,238084
campaign3_gate2_v1:F09:K20:2:DbetaU,F09,K20,DbetaU,2,TRAIN,16,238119
campaign3_gate2_v1:F09:K20:3:D00,F09,K20,D00,3,VALIDATION,28,238167
campaign3_gate2_v1:F09:K20:3:D01,F09,K20,D01,3,VALIDATION,35,238246
campaign3_gate2_v1:F09:K20:3:D10,F09,K20,D10,3,VALIDATION,30,238205
campaign3_gate2_v1:F09:K20:3:D11,F09,K20,D11,3,VALIDATION,7,238254
campaign3_gate2_v1:F09:K20:3:DbetaU,F09,K20,DbetaU,3,VALIDATION,24,238307
campaign3_gate2_v1:F09:K20:4:D00,F09,K20,D00,4,DEVELOPMENT_TEST,31,238350
campaign3_gate2_v1:F09:K20:4:D01,F09,K20,D01,4,DEVELOPMENT_TEST,5,238396
campaign3_gate2_v1:F09:K20:4:D10,F09,K20,D10,4,DEVELOPMENT_TEST,11,238366
campaign3_gate2_v1:F09:K20:4:D11,F09,K20,D11,4,DEVELOPMENT_TEST,33,238460
campaign3_gate2_v1:F09:K20:4:DbetaU,F09,K20,DbetaU,4,DEVELOPMENT_TEST,13,238476
campaign3_gate2_v1:F09:K21:0:D00,F09,K21,D00,0,TRAIN,6,238505
campaign3_gate2_v1:F09:K21:0:D01,F09,K21,D01,0,TRAIN,4,238575
campaign3_gate2_v1:F09:K21:0:D10,F09,K21,D10,0,TRAIN,34,238569
campaign3_gate2_v1:F09:K21:0:D11,F09,K21,D11,0,TRAIN,20,238627
campaign3_gate2_v1:F09:K21:0:DbetaU,F09,K21,DbetaU,0,TRAIN,11,238654
campaign3_gate2_v1:F09:K21:1:D00,F09,K21,D00,1,TRAIN,29,238708
campaign3_gate2_v1:F09:K21:1:D01,F09,K21,D01,1,TRAIN,2,238753
campaign3_gate2_v1:F09:K21:1:D10,F09,K21,D10,1,TRAIN,32,238747
campaign3_gate2_v1:F09:K21:1:D11,F09,K21,D11,1,TRAIN,34,238821
campaign3_gate2_v1:F09:K21:1:DbetaU,F09,K21,DbetaU,1,TRAIN,24,238847
campaign3_gate2_v1:F09:K21:2:D00,F09,K21,D00,2,TRAIN,17,238876
campaign3_gate2_v1:F09:K21:2:D01,F09,K21,D01,2,TRAIN,10,238941
campaign3_gate2_v1:F09:K21:2:D10,F09,K21,D10,2,TRAIN,11,238906
campaign3_gate2_v1:F09:K21:2:D11,F09,K21,D11,2,TRAIN,13,238980
campaign3_gate2_v1:F09:K21:2:DbetaU,F09,K21,DbetaU,2,TRAIN,33,239036
campaign3_gate2_v1:F09:K21:3:D00,F09,K21,D00,3,VALIDATION,31,239070
campaign3_gate2_v1:F09:K21:3:D01,F09,K21,D01,3,VALIDATION,8,239119
campaign3_gate2_v1:F09:K21:3:D10,F09,K21,D10,3,VALIDATION,2,239077
campaign3_gate2_v1:F09:K21:3:D11,F09,K21,D11,3,VALIDATION,29,239176
campaign3_gate2_v1:F09:K21:3:DbetaU,F09,K21,DbetaU,3,VALIDATION,18,239201
campaign3_gate2_v1:F09:K21:4:D00,F09,K21,D00,4,DEVELOPMENT_TEST,32,239251
campaign3_gate2_v1:F09:K21:4:D01,F09,K21,D01,4,DEVELOPMENT_TEST,8,239299
campaign3_gate2_v1:F09:K21:4:D10,F09,K21,D10,4,DEVELOPMENT_TEST,34,239289
campaign3_gate2_v1:F09:K21:4:D11,F09,K21,D11,4,DEVELOPMENT_TEST,16,239343
campaign3_gate2_v1:F09:K21:4:DbetaU,F09,K21,DbetaU,4,DEVELOPMENT_TEST,6,239369
campaign3_gate2_v1:F09:K23:0:D00,F09,K23,D00,0,TRAIN,27,239426
campaign3_gate2_v1:F09:K23:0:D01,F09,K23,D01,0,TRAIN,34,239505
campaign3_gate2_v1:F09:K23:0:D10,F09,K23,D10,0,TRAIN,22,239457
campaign3_gate2_v1:F09:K23:0:D11,F09,K23,D11,0,TRAIN,5,239512
campaign3_gate2_v1:F09:K23:0:DbetaU,F09,K23,DbetaU,0,TRAIN,12,239555
campaign3_gate2_v1:F09:K23:1:D00,F09,K23,D00,1,TRAIN,26,239605
campaign3_gate2_v1:F09:K23:1:D01,F09,K23,D01,1,TRAIN,36,239687
campaign3_gate2_v1:F09:K23:1:D10,F09,K23,D10,1,TRAIN,17,239632
campaign3_gate2_v1:F09:K23:1:D11,F09,K23,D11,1,TRAIN,26,239713
campaign3_gate2_v1:F09:K23:1:DbetaU,F09,K23,DbetaU,1,TRAIN,33,239756
campaign3_gate2_v1:F09:K23:2:D00,F09,K23,D00,2,TRAIN,20,239779
campaign3_gate2_v1:F09:K23:2:D01,F09,K23,D01,2,TRAIN,21,239852
campaign3_gate2_v1:F09:K23:2:D10,F09,K23,D10,2,TRAIN,33,239828
campaign3_gate2_v1:F09:K23:2:D11,F09,K23,D11,2,TRAIN,18,239885
campaign3_gate2_v1:F09:K23:2:DbetaU,F09,K23,DbetaU,2,TRAIN,24,239927
campaign3_gate2_v1:F09:K23:3:D00,F09,K23,D00,3,VALIDATION,8,239947
campaign3_gate2_v1:F09:K23:3:D01,F09,K23,D01,3,VALIDATION,11,240022
campaign3_gate2_v1:F09:K23:3:D10,F09,K23,D10,3,VALIDATION,14,239989
campaign3_gate2_v1:F09:K23:3:D11,F09,K23,D11,3,VALIDATION,14,240061
campaign3_gate2_v1:F09:K23:3:DbetaU,F09,K23,DbetaU,3,VALIDATION,8,240091
campaign3_gate2_v1:F09:K23:4:D00,F09,K23,D00,4,DEVELOPMENT_TEST,13,240132
campaign3_gate2_v1:F09:K23:4:D01,F09,K23,D01,4,DEVELOPMENT_TEST,18,240209
campaign3_gate2_v1:F09:K23:4:D10,F09,K23,D10,4,DEVELOPMENT_TEST,30,240185
campaign3_gate2_v1:F09:K23:4:D11,F09,K23,D11,4,DEVELOPMENT_TEST,31,240258
campaign3_gate2_v1:F09:K23:4:DbetaU,F09,K23,DbetaU,4,DEVELOPMENT_TEST,8,240271
campaign3_gate2_v1:F09:K25:0:D00,F09,K25,D00,0,TRAIN,11,240310
campaign3_gate2_v1:F09:K25:0:D01,F09,K25,D01,0,TRAIN,3,240374
campaign3_gate2_v1:F09:K25:0:D10,F09,K25,D10,0,TRAIN,30,240365
campaign3_gate2_v1:F09:K25:0:D11,F09,K25,D11,0,TRAIN,27,240434
campaign3_gate2_v1:F09:K25:0:DbetaU,F09,K25,DbetaU,0,TRAIN,35,240478
campaign3_gate2_v1:F09:K25:1:D00,F09,K25,D00,1,TRAIN,1,240480
campaign3_gate2_v1:F09:K25:1:D01,F09,K25,D01,1,TRAIN,35,240586
campaign3_gate2_v1:F09:K25:1:D10,F09,K25,D10,1,TRAIN,13,240528
campaign3_gate2_v1:F09:K25:1:D11,F09,K25,D11,1,TRAIN,26,240613
campaign3_gate2_v1:F09:K25:1:DbetaU,F09,K25,DbetaU,1,TRAIN,14,240637
campaign3_gate2_v1:F09:K25:2:D00,F09,K25,D00,2,TRAIN,9,240668
campaign3_gate2_v1:F09:K25:2:D01,F09,K25,D01,2,TRAIN,7,240738
campaign3_gate2_v1:F09:K25:2:D10,F09,K25,D10,2,TRAIN,36,240731
campaign3_gate2_v1:F09:K25:2:D11,F09,K25,D11,2,TRAIN,30,240797
campaign3_gate2_v1:F09:K25:2:DbetaU,F09,K25,DbetaU,2,TRAIN,5,240808
campaign3_gate2_v1:F09:K25:3:D00,F09,K25,D00,3,VALIDATION,12,240851
campaign3_gate2_v1:F09:K25:3:D01,F09,K25,D01,3,VALIDATION,35,240946
campaign3_gate2_v1:F09:K25:3:D10,F09,K25,D10,3,VALIDATION,24,240899
campaign3_gate2_v1:F09:K25:3:D11,F09,K25,D11,3,VALIDATION,24,240971
campaign3_gate2_v1:F09:K25:3:DbetaU,F09,K25,DbetaU,3,VALIDATION,22,241005
campaign3_gate2_v1:F09:K25:4:D00,F09,K25,D00,4,DEVELOPMENT_TEST,11,241030
campaign3_gate2_v1:F09:K25:4:D01,F09,K25,D01,4,DEVELOPMENT_TEST,22,241113
campaign3_gate2_v1:F09:K25:4:D10,F09,K25,D10,4,DEVELOPMENT_TEST,15,241070
campaign3_gate2_v1:F09:K25:4:D11,F09,K25,D11,4,DEVELOPMENT_TEST,10,241137
campaign3_gate2_v1:F09:K25:4:DbetaU,F09,K25,DbetaU,4,DEVELOPMENT_TEST,24,241187
campaign3_gate2_v1:F09:K26:0:D00,F09,K26,D00,0,TRAIN,31,241230
campaign3_gate2_v1:F09:K26:0:D01,F09,K26,D01,0,TRAIN,1,241272
campaign3_gate2_v1:F09:K26:0:D10,F09,K26,D10,0,TRAIN,35,241270
campaign3_gate2_v1:F09:K26:0:D11,F09,K26,D11,0,TRAIN,20,241327
campaign3_gate2_v1:F09:K26:0:DbetaU,F09,K26,DbetaU,0,TRAIN,28,241371
campaign3_gate2_v1:F09:K26:1:D00,F09,K26,D00,1,TRAIN,4,241383
campaign3_gate2_v1:F09:K26:1:D01,F09,K26,D01,1,TRAIN,24,241475
campaign3_gate2_v1:F09:K26:1:D10,F09,K26,D10,1,TRAIN,2,241417
campaign3_gate2_v1:F09:K26:1:D11,F09,K26,D11,1,TRAIN,25,241512
campaign3_gate2_v1:F09:K26:1:DbetaU,F09,K26,DbetaU,1,TRAIN,16,241539
campaign3_gate2_v1:F09:K26:2:D00,F09,K26,D00,2,TRAIN,23,241582
campaign3_gate2_v1:F09:K26:2:D01,F09,K26,D01,2,TRAIN,30,241661
campaign3_gate2_v1:F09:K26:2:D10,F09,K26,D10,2,TRAIN,32,241627
campaign3_gate2_v1:F09:K26:2:D11,F09,K26,D11,2,TRAIN,12,241679
campaign3_gate2_v1:F09:K26:2:DbetaU,F09,K26,DbetaU,2,TRAIN,11,241714
campaign3_gate2_v1:F09:K26:3:D00,F09,K26,D00,3,VALIDATION,11,241750
campaign3_gate2_v1:F09:K26:3:D01,F09,K26,D01,3,VALIDATION,34,241845
campaign3_gate2_v1:F09:K26:3:D10,F09,K26,D10,3,VALIDATION,2,241777
campaign3_gate2_v1:F09:K26:3:D11,F09,K26,D11,3,VALIDATION,24,241871
campaign3_gate2_v1:F09:K26:3:DbetaU,F09,K26,DbetaU,3,VALIDATION,2,241885
campaign3_gate2_v1:F09:K26:4:D00,F09,K26,D00,4,DEVELOPMENT_TEST,13,241932
campaign3_gate2_v1:F09:K26:4:D01,F09,K26,D01,4,DEVELOPMENT_TEST,16,242007
campaign3_gate2_v1:F09:K26:4:D10,F09,K26,D10,4,DEVELOPMENT_TEST,18,241973
campaign3_gate2_v1:F09:K26:4:D11,F09,K26,D11,4,DEVELOPMENT_TEST,36,242063
campaign3_gate2_v1:F09:K26:4:DbetaU,F09,K26,DbetaU,4,DEVELOPMENT_TEST,32,242095
campaign3_gate2_v1:F09:K27:0:D00,F09,K27,D00,0,TRAIN,2,242101
campaign3_gate2_v1:F09:K27:0:D01,F09,K27,D01,0,TRAIN,13,242184
campaign3_gate2_v1:F09:K27:0:D10,F09,K27,D10,0,TRAIN,6,242141
campaign3_gate2_v1:F09:K27:0:D11,F09,K27,D11,0,TRAIN,8,242215
campaign3_gate2_v1:F09:K27:0:DbetaU,F09,K27,DbetaU,0,TRAIN,29,242272
campaign3_gate2_v1:F09:K27:1:D00,F09,K27,D00,1,TRAIN,5,242284
campaign3_gate2_v1:F09:K27:1:D01,F09,K27,D01,1,TRAIN,5,242356
campaign3_gate2_v1:F09:K27:1:D10,F09,K27,D10,1,TRAIN,36,242351
campaign3_gate2_v1:F09:K27:1:D11,F09,K27,D11,1,TRAIN,4,242391
campaign3_gate2_v1:F09:K27:1:DbetaU,F09,K27,DbetaU,1,TRAIN,5,242428
campaign3_gate2_v1:F09:K27:2:D00,F09,K27,D00,2,TRAIN,7,242466
campaign3_gate2_v1:F09:K27:2:D01,F09,K27,D01,2,TRAIN,20,242551
campaign3_gate2_v1:F09:K27:2:D10,F09,K27,D10,2,TRAIN,32,242527
campaign3_gate2_v1:F09:K27:2:D11,F09,K27,D11,2,TRAIN,25,242592
campaign3_gate2_v1:F09:K27:2:DbetaU,F09,K27,DbetaU,2,TRAIN,32,242635
campaign3_gate2_v1:F09:K27:3:D00,F09,K27,D00,3,VALIDATION,34,242673
campaign3_gate2_v1:F09:K27:3:D01,F09,K27,D01,3,VALIDATION,32,242743
campaign3_gate2_v1:F09:K27:3:D10,F09,K27,D10,3,VALIDATION,1,242676
campaign3_gate2_v1:F09:K27:3:D11,F09,K27,D11,3,VALIDATION,19,242766
campaign3_gate2_v1:F09:K27:3:DbetaU,F09,K27,DbetaU,3,VALIDATION,20,242803
campaign3_gate2_v1:F09:K27:4:D00,F09,K27,D00,4,DEVELOPMENT_TEST,23,242842
campaign3_gate2_v1:F09:K27:4:D01,F09,K27,D01,4,DEVELOPMENT_TEST,11,242902
campaign3_gate2_v1:F09:K27:4:D10,F09,K27,D10,4,DEVELOPMENT_TEST,12,242867
campaign3_gate2_v1:F09:K27:4:D11,F09,K27,D11,4,DEVELOPMENT_TEST,15,242942
campaign3_gate2_v1:F09:K27:4:DbetaU,F09,K27,DbetaU,4,DEVELOPMENT_TEST,6,242969
campaign3_gate2_v1:F09:K31:0:D00,F09,K31,D00,0,TRAIN,36,243035
campaign3_gate2_v1:F09:K31:0:D01,F09,K31,D01,0,TRAIN,17,243088
campaign3_gate2_v1:F09:K31:0:D10,F09,K31,D10,0,TRAIN,20,243055
campaign3_gate2_v1:F09:K31:0:D11,F09,K31,D11,0,TRAIN,16,243123
campaign3_gate2_v1:F09:K31:0:DbetaU,F09,K31,DbetaU,0,TRAIN,20,243163
campaign3_gate2_v1:F09:K31:1:D00,F09,K31,D00,1,TRAIN,13,243192
campaign3_gate2_v1:F09:K31:1:D01,F09,K31,D01,1,TRAIN,17,243268
campaign3_gate2_v1:F09:K31:1:D10,F09,K31,D10,1,TRAIN,15,243230
campaign3_gate2_v1:F09:K31:1:D11,F09,K31,D11,1,TRAIN,18,243305
campaign3_gate2_v1:F09:K31:1:DbetaU,F09,K31,DbetaU,1,TRAIN,18,243341
campaign3_gate2_v1:F09:K31:2:D00,F09,K31,D00,2,TRAIN,16,243375
campaign3_gate2_v1:F09:K31:2:D01,F09,K31,D01,2,TRAIN,36,243467
campaign3_gate2_v1:F09:K31:2:D10,F09,K31,D10,2,TRAIN,24,243419
campaign3_gate2_v1:F09:K31:2:D11,F09,K31,D11,2,TRAIN,26,243493
campaign3_gate2_v1:F09:K31:2:DbetaU,F09,K31,DbetaU,2,TRAIN,27,243530
campaign3_gate2_v1:F09:K31:3:D00,F09,K31,D00,3,VALIDATION,22,243561
campaign3_gate2_v1:F09:K31:3:D01,F09,K31,D01,3,VALIDATION,14,243625
campaign3_gate2_v1:F09:K31:3:D10,F09,K31,D10,3,VALIDATION,9,243584
campaign3_gate2_v1:F09:K31:3:D11,F09,K31,D11,3,VALIDATION,19,243666
campaign3_gate2_v1:F09:K31:3:DbetaU,F09,K31,DbetaU,3,VALIDATION,11,243694
campaign3_gate2_v1:F09:K31:4:D00,F09,K31,D00,4,DEVELOPMENT_TEST,12,243731
campaign3_gate2_v1:F09:K31:4:D01,F09,K31,D01,4,DEVELOPMENT_TEST,30,243821
campaign3_gate2_v1:F09:K31:4:D10,F09,K31,D10,4,DEVELOPMENT_TEST,31,243786
campaign3_gate2_v1:F09:K31:4:D11,F09,K31,D11,4,DEVELOPMENT_TEST,26,243853
campaign3_gate2_v1:F09:K31:4:DbetaU,F09,K31,DbetaU,4,DEVELOPMENT_TEST,23,243886
campaign3_gate2_v1:F09:K32:0:D00,F09,K32,D00,0,TRAIN,30,243929
campaign3_gate2_v1:F09:K32:0:D01,F09,K32,D01,0,TRAIN,30,244001
campaign3_gate2_v1:F09:K32:0:D10,F09,K32,D10,0,TRAIN,18,243953
campaign3_gate2_v1:F09:K32:0:D11,F09,K32,D11,0,TRAIN,14,244021
campaign3_gate2_v1:F09:K32:0:DbetaU,F09,K32,DbetaU,0,TRAIN,22,244065
campaign3_gate2_v1:F09:K32:1:D00,F09,K32,D00,1,TRAIN,19,244098
campaign3_gate2_v1:F09:K32:1:D01,F09,K32,D01,1,TRAIN,2,244153
campaign3_gate2_v1:F09:K32:1:D10,F09,K32,D10,1,TRAIN,14,244129
campaign3_gate2_v1:F09:K32:1:D11,F09,K32,D11,1,TRAIN,23,244210
campaign3_gate2_v1:F09:K32:1:DbetaU,F09,K32,DbetaU,1,TRAIN,36,244259
campaign3_gate2_v1:F09:K32:2:D00,F09,K32,D00,2,TRAIN,9,244268
campaign3_gate2_v1:F09:K32:2:D01,F09,K32,D01,2,TRAIN,14,244345
campaign3_gate2_v1:F09:K32:2:D10,F09,K32,D10,2,TRAIN,8,244303
campaign3_gate2_v1:F09:K32:2:D11,F09,K32,D11,2,TRAIN,21,244388
campaign3_gate2_v1:F09:K32:2:DbetaU,F09,K32,DbetaU,2,TRAIN,8,244411
campaign3_gate2_v1:F09:K32:3:D00,F09,K32,D00,3,VALIDATION,30,244469
campaign3_gate2_v1:F09:K32:3:D01,F09,K32,D01,3,VALIDATION,36,244547
campaign3_gate2_v1:F09:K32:3:D10,F09,K32,D10,3,VALIDATION,14,244489
campaign3_gate2_v1:F09:K32:3:D11,F09,K32,D11,3,VALIDATION,30,244577
campaign3_gate2_v1:F09:K32:3:DbetaU,F09,K32,DbetaU,3,VALIDATION,10,244593
campaign3_gate2_v1:F09:K32:4:D00,F09,K32,D00,4,DEVELOPMENT_TEST,26,244645
campaign3_gate2_v1:F09:K32:4:D01,F09,K32,D01,4,DEVELOPMENT_TEST,8,244699
campaign3_gate2_v1:F09:K32:4:D10,F09,K32,D10,4,DEVELOPMENT_TEST,26,244681
campaign3_gate2_v1:F09:K32:4:D11,F09,K32,D11,4,DEVELOPMENT_TEST,1,244728
campaign3_gate2_v1:F09:K32:4:DbetaU,F09,K32,DbetaU,4,DEVELOPMENT_TEST,17,244780
campaign3_gate2_v1:F09:K33:0:D00,F09,K33,D00,0,TRAIN,14,244813
campaign3_gate2_v1:F09:K33:0:D01,F09,K33,D01,0,TRAIN,16,244887
campaign3_gate2_v1:F09:K33:0:D10,F09,K33,D10,0,TRAIN,28,244863
campaign3_gate2_v1:F09:K33:0:D11,F09,K33,D11,0,TRAIN,17,244924
campaign3_gate2_v1:F09:K33:0:DbetaU,F09,K33,DbetaU,0,TRAIN,27,244970
campaign3_gate2_v1:F09:K33:1:D00,F09,K33,D00,1,TRAIN,7,244986
campaign3_gate2_v1:F09:K33:1:D01,F09,K33,D01,1,TRAIN,8,245059
campaign3_gate2_v1:F09:K33:1:D10,F09,K33,D10,1,TRAIN,20,245035
campaign3_gate2_v1:F09:K33:1:D11,F09,K33,D11,1,TRAIN,23,245110
campaign3_gate2_v1:F09:K33:1:DbetaU,F09,K33,DbetaU,1,TRAIN,28,245151
campaign3_gate2_v1:F09:K33:2:D00,F09,K33,D00,2,TRAIN,12,245171
campaign3_gate2_v1:F09:K33:2:D01,F09,K33,D01,2,TRAIN,2,245233
campaign3_gate2_v1:F09:K33:2:D10,F09,K33,D10,2,TRAIN,20,245215
campaign3_gate2_v1:F09:K33:2:D11,F09,K33,D11,2,TRAIN,3,245270
campaign3_gate2_v1:F09:K33:2:DbetaU,F09,K33,DbetaU,2,TRAIN,21,245324
campaign3_gate2_v1:F09:K33:3:D00,F09,K33,D00,3,VALIDATION,21,245360
campaign3_gate2_v1:F09:K33:3:D01,F09,K33,D01,3,VALIDATION,26,245437
campaign3_gate2_v1:F09:K33:3:D10,F09,K33,D10,3,VALIDATION,22,245397
campaign3_gate2_v1:F09:K33:3:D11,F09,K33,D11,3,VALIDATION,16,245463
campaign3_gate2_v1:F09:K33:3:DbetaU,F09,K33,DbetaU,3,VALIDATION,23,245506
campaign3_gate2_v1:F09:K33:4:D00,F09,K33,D00,4,DEVELOPMENT_TEST,34,245553
campaign3_gate2_v1:F09:K33:4:D01,F09,K33,D01,4,DEVELOPMENT_TEST,27,245618
campaign3_gate2_v1:F09:K33:4:D10,F09,K33,D10,4,DEVELOPMENT_TEST,25,245580
campaign3_gate2_v1:F09:K33:4:D11,F09,K33,D11,4,DEVELOPMENT_TEST,4,245631
campaign3_gate2_v1:F09:K33:4:DbetaU,F09,K33,DbetaU,4,DEVELOPMENT_TEST,10,245673
campaign3_gate2_v1:F10:K01:0:D00,F10,K01,D00,0,TRAIN,20,245719
campaign3_gate2_v1:F10:K01:0:D01,F10,K01,D01,0,TRAIN,36,245807
campaign3_gate2_v1:F10:K01:0:D10,F10,K01,D10,0,TRAIN,24,245759
campaign3_gate2_v1:F10:K01:0:D11,F10,K01,D11,0,TRAIN,11,245818
campaign3_gate2_v1:F10:K01:0:DbetaU,F10,K01,DbetaU,0,TRAIN,22,245865
campaign3_gate2_v1:F10:K01:1:D00,F10,K01,D00,1,TRAIN,34,245913
campaign3_gate2_v1:F10:K01:1:D01,F10,K01,D01,1,TRAIN,6,245957
campaign3_gate2_v1:F10:K01:1:D10,F10,K01,D10,1,TRAIN,5,245920
campaign3_gate2_v1:F10:K01:1:D11,F10,K01,D11,1,TRAIN,20,246007
campaign3_gate2_v1:F10:K01:1:DbetaU,F10,K01,DbetaU,1,TRAIN,1,246024
campaign3_gate2_v1:F10:K01:2:D00,F10,K01,D00,2,TRAIN,12,246071
campaign3_gate2_v1:F10:K01:2:D01,F10,K01,D01,2,TRAIN,24,246155
campaign3_gate2_v1:F10:K01:2:D10,F10,K01,D10,2,TRAIN,17,246112
campaign3_gate2_v1:F10:K01:2:D11,F10,K01,D11,2,TRAIN,25,246192
campaign3_gate2_v1:F10:K01:2:DbetaU,F10,K01,DbetaU,2,TRAIN,18,246221
campaign3_gate2_v1:F10:K01:3:D00,F10,K01,D00,3,VALIDATION,13,246252
campaign3_gate2_v1:F10:K01:3:D01,F10,K01,D01,3,VALIDATION,24,246335
campaign3_gate2_v1:F10:K01:3:D10,F10,K01,D10,3,VALIDATION,27,246302
campaign3_gate2_v1:F10:K01:3:D11,F10,K01,D11,3,VALIDATION,14,246361
campaign3_gate2_v1:F10:K01:3:DbetaU,F10,K01,DbetaU,3,VALIDATION,14,246397
campaign3_gate2_v1:F10:K01:4:D00,F10,K01,D00,4,DEVELOPMENT_TEST,27,246446
campaign3_gate2_v1:F10:K01:4:D01,F10,K01,D01,4,DEVELOPMENT_TEST,36,246527
campaign3_gate2_v1:F10:K01:4:D10,F10,K01,D10,4,DEVELOPMENT_TEST,31,246486
campaign3_gate2_v1:F10:K01:4:D11,F10,K01,D11,4,DEVELOPMENT_TEST,11,246538
campaign3_gate2_v1:F10:K01:4:DbetaU,F10,K01,DbetaU,4,DEVELOPMENT_TEST,29,246592
campaign3_gate2_v1:F10:K02:0:D00,F10,K02,D00,0,TRAIN,2,246601
campaign3_gate2_v1:F10:K02:0:D01,F10,K02,D01,0,TRAIN,2,246673
campaign3_gate2_v1:F10:K02:0:D10,F10,K02,D10,0,TRAIN,5,246640
campaign3_gate2_v1:F10:K02:0:D11,F10,K02,D11,0,TRAIN,26,246733
campaign3_gate2_v1:F10:K02:0:DbetaU,F10,K02,DbetaU,0,TRAIN,30,246773
campaign3_gate2_v1:F10:K02:1:D00,F10,K02,D00,1,TRAIN,10,246789
campaign3_gate2_v1:F10:K02:1:D01,F10,K02,D01,1,TRAIN,13,246864
campaign3_gate2_v1:F10:K02:1:D10,F10,K02,D10,1,TRAIN,8,246823
campaign3_gate2_v1:F10:K02:1:D11,F10,K02,D11,1,TRAIN,4,246891
campaign3_gate2_v1:F10:K02:1:DbetaU,F10,K02,DbetaU,1,TRAIN,23,246946
campaign3_gate2_v1:F10:K02:2:D00,F10,K02,D00,2,TRAIN,26,246985
campaign3_gate2_v1:F10:K02:2:D01,F10,K02,D01,2,TRAIN,7,247038
campaign3_gate2_v1:F10:K02:2:D10,F10,K02,D10,2,TRAIN,28,247023
campaign3_gate2_v1:F10:K02:2:D11,F10,K02,D11,2,TRAIN,23,247090
campaign3_gate2_v1:F10:K02:2:DbetaU,F10,K02,DbetaU,2,TRAIN,7,247110
campaign3_gate2_v1:F10:K02:3:D00,F10,K02,D00,3,VALIDATION,1,247140
campaign3_gate2_v1:F10:K02:3:D01,F10,K02,D01,3,VALIDATION,31,247242
campaign3_gate2_v1:F10:K02:3:D10,F10,K02,D10,3,VALIDATION,4,247179
campaign3_gate2_v1:F10:K02:3:D11,F10,K02,D11,3,VALIDATION,22,247269
campaign3_gate2_v1:F10:K02:3:DbetaU,F10,K02,DbetaU,3,VALIDATION,11,247294
campaign3_gate2_v1:F10:K02:4:D00,F10,K02,D00,4,DEVELOPMENT_TEST,21,247340
campaign3_gate2_v1:F10:K02:4:D01,F10,K02,D01,4,DEVELOPMENT_TEST,24,247415
campaign3_gate2_v1:F10:K02:4:D10,F10,K02,D10,4,DEVELOPMENT_TEST,3,247358
campaign3_gate2_v1:F10:K02:4:D11,F10,K02,D11,4,DEVELOPMENT_TEST,15,247442
campaign3_gate2_v1:F10:K02:4:DbetaU,F10,K02,DbetaU,4,DEVELOPMENT_TEST,33,247496
campaign3_gate2_v1:F10:K03:0:D00,F10,K03,D00,0,TRAIN,3,247502
campaign3_gate2_v1:F10:K03:0:D01,F10,K03,D01,0,TRAIN,30,247601
campaign3_gate2_v1:F10:K03:0:D10,F10,K03,D10,0,TRAIN,7,247542
campaign3_gate2_v1:F10:K03:0:D11,F10,K03,D11,0,TRAIN,23,247630
campaign3_gate2_v1:F10:K03:0:DbetaU,F10,K03,DbetaU,0,TRAIN,35,247678
campaign3_gate2_v1:F10:K03:1:D00,F10,K03,D00,1,TRAIN,18,247697
campaign3_gate2_v1:F10:K03:1:D01,F10,K03,D01,1,TRAIN,11,247762
campaign3_gate2_v1:F10:K03:1:D10,F10,K03,D10,1,TRAIN,20,247735
campaign3_gate2_v1:F10:K03:1:D11,F10,K03,D11,1,TRAIN,14,247801
campaign3_gate2_v1:F10:K03:1:DbetaU,F10,K03,DbetaU,1,TRAIN,19,247842
campaign3_gate2_v1:F10:K03:2:D00,F10,K03,D00,2,TRAIN,7,247866
campaign3_gate2_v1:F10:K03:2:D01,F10,K03,D01,2,TRAIN,12,247943
campaign3_gate2_v1:F10:K03:2:D10,F10,K03,D10,2,TRAIN,25,247920
campaign3_gate2_v1:F10:K03:2:D11,F10,K03,D11,2,TRAIN,33,248000
campaign3_gate2_v1:F10:K03:2:DbetaU,F10,K03,DbetaU,2,TRAIN,3,248006
campaign3_gate2_v1:F10:K03:3:D00,F10,K03,D00,3,VALIDATION,22,248061
campaign3_gate2_v1:F10:K03:3:D01,F10,K03,D01,3,VALIDATION,21,248132
campaign3_gate2_v1:F10:K03:3:D10,F10,K03,D10,3,VALIDATION,15,248090
campaign3_gate2_v1:F10:K03:3:D11,F10,K03,D11,3,VALIDATION,2,248149
campaign3_gate2_v1:F10:K03:3:DbetaU,F10,K03,DbetaU,3,VALIDATION,10,248193
campaign3_gate2_v1:F10:K03:4:D00,F10,K03,D00,4,DEVELOPMENT_TEST,6,248225
campaign3_gate2_v1:F10:K03:4:D01,F10,K03,D01,4,DEVELOPMENT_TEST,35,248326
campaign3_gate2_v1:F10:K03:4:D10,F10,K03,D10,4,DEVELOPMENT_TEST,29,248284
campaign3_gate2_v1:F10:K03:4:D11,F10,K03,D11,4,DEVELOPMENT_TEST,22,248349
campaign3_gate2_v1:F10:K03:4:DbetaU,F10,K03,DbetaU,4,DEVELOPMENT_TEST,2,248365
campaign3_gate2_v1:F10:K05:0:D00,F10,K05,D00,0,TRAIN,31,248430
campaign3_gate2_v1:F10:K05:0:D01,F10,K05,D01,0,TRAIN,20,248491
campaign3_gate2_v1:F10:K05:0:D10,F10,K05,D10,0,TRAIN,17,248452
campaign3_gate2_v1:F10:K05:0:D11,F10,K05,D11,0,TRAIN,13,248520
campaign3_gate2_v1:F10:K05:0:DbetaU,F10,K05,DbetaU,0,TRAIN,10,248553
campaign3_gate2_v1:F10:K05:1:D00,F10,K05,D00,1,TRAIN,31,248610
campaign3_gate2_v1:F10:K05:1:D01,F10,K05,D01,1,TRAIN,9,248660
campaign3_gate2_v1:F10:K05:1:D10,F10,K05,D10,1,TRAIN,15,248630
campaign3_gate2_v1:F10:K05:1:D11,F10,K05,D11,1,TRAIN,1,248688
campaign3_gate2_v1:F10:K05:1:DbetaU,F10,K05,DbetaU,1,TRAIN,6,248729
campaign3_gate2_v1:F10:K05:2:D00,F10,K05,D00,2,TRAIN,30,248789
campaign3_gate2_v1:F10:K05:2:D01,F10,K05,D01,2,TRAIN,3,248834
campaign3_gate2_v1:F10:K05:2:D10,F10,K05,D10,2,TRAIN,3,248798
campaign3_gate2_v1:F10:K05:2:D11,F10,K05,D11,2,TRAIN,5,248872
campaign3_gate2_v1:F10:K05:2:DbetaU,F10,K05,DbetaU,2,TRAIN,19,248922
campaign3_gate2_v1:F10:K05:3:D00,F10,K05,D00,3,VALIDATION,33,248972
campaign3_gate2_v1:F10:K05:3:D01,F10,K05,D01,3,VALIDATION,31,249042
campaign3_gate2_v1:F10:K05:3:D10,F10,K05,D10,3,VALIDATION,9,248984
campaign3_gate2_v1:F10:K05:3:D11,F10,K05,D11,3,VALIDATION,17,249064
campaign3_gate2_v1:F10:K05:3:DbetaU,F10,K05,DbetaU,3,VALIDATION,31,249114
campaign3_gate2_v1:F10:K05:4:D00,F10,K05,D00,4,DEVELOPMENT_TEST,19,249138
campaign3_gate2_v1:F10:K05:4:D01,F10,K05,D01,4,DEVELOPMENT_TEST,22,249213
campaign3_gate2_v1:F10:K05:4:D10,F10,K05,D10,4,DEVELOPMENT_TEST,31,249186
campaign3_gate2_v1:F10:K05:4:D11,F10,K05,D11,4,DEVELOPMENT_TEST,32,249259
campaign3_gate2_v1:F10:K05:4:DbetaU,F10,K05,DbetaU,4,DEVELOPMENT_TEST,33,249296
campaign3_gate2_v1:F10:K06:0:D00,F10,K06,D00,0,TRAIN,26,249325
campaign3_gate2_v1:F10:K06:0:D01,F10,K06,D01,0,TRAIN,8,249379
campaign3_gate2_v1:F10:K06:0:D10,F10,K06,D10,0,TRAIN,4,249339
campaign3_gate2_v1:F10:K06:0:D11,F10,K06,D11,0,TRAIN,19,249426
campaign3_gate2_v1:F10:K06:0:DbetaU,F10,K06,DbetaU,0,TRAIN,4,249447
campaign3_gate2_v1:F10:K06:1:D00,F10,K06,D00,1,TRAIN,3,249482
campaign3_gate2_v1:F10:K06:1:D01,F10,K06,D01,1,TRAIN,4,249555
campaign3_gate2_v1:F10:K06:1:D10,F10,K06,D10,1,TRAIN,36,249551
campaign3_gate2_v1:F10:K06:1:D11,F10,K06,D11,1,TRAIN,1,249588
campaign3_gate2_v1:F10:K06:1:DbetaU,F10,K06,DbetaU,1,TRAIN,10,249633
campaign3_gate2_v1:F10:K06:2:D00,F10,K06,D00,2,TRAIN,8,249667
campaign3_gate2_v1:F10:K06:2:D01,F10,K06,D01,2,TRAIN,18,249749
campaign3_gate2_v1:F10:K06:2:D10,F10,K06,D10,2,TRAIN,19,249714
campaign3_gate2_v1:F10:K06:2:D11,F10,K06,D11,2,TRAIN,30,249797
campaign3_gate2_v1:F10:K06:2:DbetaU,F10,K06,DbetaU,2,TRAIN,26,249829
campaign3_gate2_v1:F10:K06:3:D00,F10,K06,D00,3,VALIDATION,5,249844
campaign3_gate2_v1:F10:K06:3:D01,F10,K06,D01,3,VALIDATION,22,249933
campaign3_gate2_v1:F10:K06:3:D10,F10,K06,D10,3,VALIDATION,9,249884
campaign3_gate2_v1:F10:K06:3:D11,F10,K06,D11,3,VALIDATION,3,249950
campaign3_gate2_v1:F10:K06:3:DbetaU,F10,K06,DbetaU,3,VALIDATION,20,250003
campaign3_gate2_v1:F10:K06:4:D00,F10,K06,D00,4,DEVELOPMENT_TEST,8,250027
campaign3_gate2_v1:F10:K06:4:D01,F10,K06,D01,4,DEVELOPMENT_TEST,23,250114
campaign3_gate2_v1:F10:K06:4:D10,F10,K06,D10,4,DEVELOPMENT_TEST,27,250082
campaign3_gate2_v1:F10:K06:4:D11,F10,K06,D11,4,DEVELOPMENT_TEST,10,250137
campaign3_gate2_v1:F10:K06:4:DbetaU,F10,K06,DbetaU,4,DEVELOPMENT_TEST,3,250166
campaign3_gate2_v1:F10:K07:0:D00,F10,K07,D00,0,TRAIN,8,250207
campaign3_gate2_v1:F10:K07:0:D01,F10,K07,D01,0,TRAIN,36,250307
campaign3_gate2_v1:F10:K07:0:D10,F10,K07,D10,0,TRAIN,6,250241
campaign3_gate2_v1:F10:K07:0:D11,F10,K07,D11,0,TRAIN,12,250319
campaign3_gate2_v1:F10:K07:0:DbetaU,F10,K07,DbetaU,0,TRAIN,18,250361
campaign3_gate2_v1:F10:K07:1:D00,F10,K07,D00,1,TRAIN,29,250408
campaign3_gate2_v1:F10:K07:1:D01,F10,K07,D01,1,TRAIN,21,250472
campaign3_gate2_v1:F10:K07:1:D10,F10,K07,D10,1,TRAIN,6,250421
campaign3_gate2_v1:F10:K07:1:D11,F10,K07,D11,1,TRAIN,24,250511
campaign3_gate2_v1:F10:K07:1:DbetaU,F10,K07,DbetaU,1,TRAIN,30,250553
campaign3_gate2_v1:F10:K07:2:D00,F10,K07,D00,2,TRAIN,20,250579
campaign3_gate2_v1:F10:K07:2:D01,F10,K07,D01,2,TRAIN,14,250645
campaign3_gate2_v1:F10:K07:2:D10,F10,K07,D10,2,TRAIN,21,250616
campaign3_gate2_v1:F10:K07:2:D11,F10,K07,D11,2,TRAIN,30,250697
campaign3_gate2_v1:F10:K07:2:DbetaU,F10,K07,DbetaU,2,TRAIN,3,250706
campaign3_gate2_v1:F10:K07:3:D00,F10,K07,D00,3,VALIDATION,27,250766
campaign3_gate2_v1:F10:K07:3:D01,F10,K07,D01,3,VALIDATION,17,250828
campaign3_gate2_v1:F10:K07:3:D10,F10,K07,D10,3,VALIDATION,18,250793
campaign3_gate2_v1:F10:K07:3:D11,F10,K07,D11,3,VALIDATION,32,250879
campaign3_gate2_v1:F10:K07:3:DbetaU,F10,K07,DbetaU,3,VALIDATION,23,250906
campaign3_gate2_v1:F10:K07:4:D00,F10,K07,D00,4,DEVELOPMENT_TEST,11,250930
campaign3_gate2_v1:F10:K07:4:D01,F10,K07,D01,4,DEVELOPMENT_TEST,20,251011
campaign3_gate2_v1:F10:K07:4:D10,F10,K07,D10,4,DEVELOPMENT_TEST,20,250975
campaign3_gate2_v1:F10:K07:4:D11,F10,K07,D11,4,DEVELOPMENT_TEST,14,251041
campaign3_gate2_v1:F10:K07:4:DbetaU,F10,K07,DbetaU,4,DEVELOPMENT_TEST,23,251086
campaign3_gate2_v1:F10:K10:0:D00,F10,K10,D00,0,TRAIN,15,251114
campaign3_gate2_v1:F10:K10:0:D01,F10,K10,D01,0,TRAIN,20,251191
campaign3_gate2_v1:F10:K10:0:D10,F10,K10,D10,0,TRAIN,33,251168
campaign3_gate2_v1:F10:K10:0:D11,F10,K10,D11,0,TRAIN,35,251242
campaign3_gate2_v1:F10:K10:0:DbetaU,F10,K10,DbetaU,0,TRAIN,16,251259
campaign3_gate2_v1:F10:K10:1:D00,F10,K10,D00,1,TRAIN,32,251311
campaign3_gate2_v1:F10:K10:1:D01,F10,K10,D01,1,TRAIN,15,251366
campaign3_gate2_v1:F10:K10:1:D10,F10,K10,D10,1,TRAIN,5,251320
campaign3_gate2_v1:F10:K10:1:D11,F10,K10,D11,1,TRAIN,25,251412
campaign3_gate2_v1:F10:K10:1:DbetaU,F10,K10,DbetaU,1,TRAIN,10,251433
campaign3_gate2_v1:F10:K10:2:D00,F10,K10,D00,2,TRAIN,23,251482
campaign3_gate2_v1:F10:K10:2:D01,F10,K10,D01,2,TRAIN,27,251558
campaign3_gate2_v1:F10:K10:2:D10,F10,K10,D10,2,TRAIN,22,251517
campaign3_gate2_v1:F10:K10:2:D11,F10,K10,D11,2,TRAIN,30,251597
campaign3_gate2_v1:F10:K10:2:DbetaU,F10,K10,DbetaU,2,TRAIN,17,251620
campaign3_gate2_v1:F10:K10:3:D00,F10,K10,D00,3,VALIDATION,5,251644
campaign3_gate2_v1:F10:K10:3:D01,F10,K10,D01,3,VALIDATION,22,251733
campaign3_gate2_v1:F10:K10:3:D10,F10,K10,D10,3,VALIDATION,2,251677
campaign3_gate2_v1:F10:K10:3:D11,F10,K10,D11,3,VALIDATION,2,251749
campaign3_gate2_v1:F10:K10:3:DbetaU,F10,K10,DbetaU,3,VALIDATION,13,251796
campaign3_gate2_v1:F10:K10:4:D00,F10,K10,D00,4,DEVELOPMENT_TEST,29,251848
campaign3_gate2_v1:F10:K10:4:D01,F10,K10,D01,4,DEVELOPMENT_TEST,18,251909
campaign3_gate2_v1:F10:K10:4:D10,F10,K10,D10,4,DEVELOPMENT_TEST,7,251862
campaign3_gate2_v1:F10:K10:4:D11,F10,K10,D11,4,DEVELOPMENT_TEST,3,251930
campaign3_gate2_v1:F10:K10:4:DbetaU,F10,K10,DbetaU,4,DEVELOPMENT_TEST,2,251965
campaign3_gate2_v1:F10:K11:0:D00,F10,K11,D00,0,TRAIN,19,252018
campaign3_gate2_v1:F10:K11:0:D01,F10,K11,D01,0,TRAIN,19,252090
campaign3_gate2_v1:F10:K11:0:D10,F10,K11,D10,0,TRAIN,36,252071
campaign3_gate2_v1:F10:K11:0:D11,F10,K11,D11,0,TRAIN,31,252138
campaign3_gate2_v1:F10:K11:0:DbetaU,F10,K11,DbetaU,0,TRAIN,15,252158
campaign3_gate2_v1:F10:K11:1:D00,F10,K11,D00,1,TRAIN,15,252194
campaign3_gate2_v1:F10:K11:1:D01,F10,K11,D01,1,TRAIN,29,252280
campaign3_gate2_v1:F10:K11:1:D10,F10,K11,D10,1,TRAIN,9,252224
campaign3_gate2_v1:F10:K11:1:D11,F10,K11,D11,1,TRAIN,27,252314
campaign3_gate2_v1:F10:K11:1:DbetaU,F10,K11,DbetaU,1,TRAIN,26,252349
campaign3_gate2_v1:F10:K11:2:D00,F10,K11,D00,2,TRAIN,9,252368
campaign3_gate2_v1:F10:K11:2:D01,F10,K11,D01,2,TRAIN,34,252465
campaign3_gate2_v1:F10:K11:2:D10,F10,K11,D10,2,TRAIN,23,252418
campaign3_gate2_v1:F10:K11:2:D11,F10,K11,D11,2,TRAIN,5,252472
campaign3_gate2_v1:F10:K11:2:DbetaU,F10,K11,DbetaU,2,TRAIN,10,252513
campaign3_gate2_v1:F10:K11:3:D00,F10,K11,D00,3,VALIDATION,21,252560
campaign3_gate2_v1:F10:K11:3:D01,F10,K11,D01,3,VALIDATION,36,252647
campaign3_gate2_v1:F10:K11:3:D10,F10,K11,D10,3,VALIDATION,25,252600
campaign3_gate2_v1:F10:K11:3:D11,F10,K11,D11,3,VALIDATION,29,252676
campaign3_gate2_v1:F10:K11:3:DbetaU,F10,K11,DbetaU,3,VALIDATION,24,252707
campaign3_gate2_v1:F10:K11:4:D00,F10,K11,D00,4,DEVELOPMENT_TEST,19,252738
campaign3_gate2_v1:F10:K11:4:D01,F10,K11,D01,4,DEVELOPMENT_TEST,7,252798
campaign3_gate2_v1:F10:K11:4:D10,F10,K11,D10,4,DEVELOPMENT_TEST,7,252762
campaign3_gate2_v1:F10:K11:4:D11,F10,K11,D11,4,DEVELOPMENT_TEST,14,252841
campaign3_gate2_v1:F10:K11:4:DbetaU,F10,K11,DbetaU,4,DEVELOPMENT_TEST,25,252888
campaign3_gate2_v1:F10:K13:0:D00,F10,K13,D00,0,TRAIN,30,252929
campaign3_gate2_v1:F10:K13:0:D01,F10,K13,D01,0,TRAIN,15,252986
campaign3_gate2_v1:F10:K13:0:D10,F10,K13,D10,0,TRAIN,19,252954
campaign3_gate2_v1:F10:K13:0:D11,F10,K13,D11,0,TRAIN,25,253032
campaign3_gate2_v1:F10:K13:0:DbetaU,F10,K13,DbetaU,0,TRAIN,14,253057
campaign3_gate2_v1:F10:K13:1:D00,F10,K13,D00,1,TRAIN,14,253093
campaign3_gate2_v1:F10:K13:1:D01,F10,K13,D01,1,TRAIN,24,253175
campaign3_gate2_v1:F10:K13:1:D10,F10,K13,D10,1,TRAIN,4,253119
campaign3_gate2_v1:F10:K13:1:D11,F10,K13,D11,1,TRAIN,6,253193
campaign3_gate2_v1:F10:K13:1:DbetaU,F10,K13,DbetaU,1,TRAIN,30,253253
campaign3_gate2_v1:F10:K13:2:D00,F10,K13,D00,2,TRAIN,16,253275
campaign3_gate2_v1:F10:K13:2:D01,F10,K13,D01,2,TRAIN,16,253347
campaign3_gate2_v1:F10:K13:2:D10,F10,K13,D10,2,TRAIN,23,253318
campaign3_gate2_v1:F10:K13:2:D11,F10,K13,D11,2,TRAIN,7,253374
campaign3_gate2_v1:F10:K13:2:DbetaU,F10,K13,DbetaU,2,TRAIN,16,253419
campaign3_gate2_v1:F10:K13:3:D00,F10,K13,D00,3,VALIDATION,15,253454
campaign3_gate2_v1:F10:K13:3:D01,F10,K13,D01,3,VALIDATION,12,253523
campaign3_gate2_v1:F10:K13:3:D10,F10,K13,D10,3,VALIDATION,20,253495
campaign3_gate2_v1:F10:K13:3:D11,F10,K13,D11,3,VALIDATION,19,253566
campaign3_gate2_v1:F10:K13:3:DbetaU,F10,K13,DbetaU,3,VALIDATION,10,253593
campaign3_gate2_v1:F10:K13:4:D00,F10,K13,D00,4,DEVELOPMENT_TEST,27,253646
campaign3_gate2_v1:F10:K13:4:D01,F10,K13,D01,4,DEVELOPMENT_TEST,21,253712
campaign3_gate2_v1:F10:K13:4:D10,F10,K13,D10,4,DEVELOPMENT_TEST,11,253666
campaign3_gate2_v1:F10:K13:4:D11,F10,K13,D11,4,DEVELOPMENT_TEST,24,253751
campaign3_gate2_v1:F10:K13:4:DbetaU,F10,K13,DbetaU,4,DEVELOPMENT_TEST,11,253774
campaign3_gate2_v1:F10:K15:0:D00,F10,K15,D00,0,TRAIN,7,253806
campaign3_gate2_v1:F10:K15:0:D01,F10,K15,D01,0,TRAIN,21,253892
campaign3_gate2_v1:F10:K15:0:D10,F10,K15,D10,0,TRAIN,26,253861
campaign3_gate2_v1:F10:K15:0:D11,F10,K15,D11,0,TRAIN,29,253936
campaign3_gate2_v1:F10:K15:0:DbetaU,F10,K15,DbetaU,0,TRAIN,21,253964
campaign3_gate2_v1:F10:K15:1:D00,F10,K15,D00,1,TRAIN,20,253999
campaign3_gate2_v1:F10:K15:1:D01,F10,K15,D01,1,TRAIN,30,254081
campaign3_gate2_v1:F10:K15:1:D10,F10,K15,D10,1,TRAIN,2,254017
campaign3_gate2_v1:F10:K15:1:D11,F10,K15,D11,1,TRAIN,18,254105
campaign3_gate2_v1:F10:K15:1:DbetaU,F10,K15,DbetaU,1,TRAIN,23,254146
campaign3_gate2_v1:F10:K15:2:D00,F10,K15,D00,2,TRAIN,10,254169
campaign3_gate2_v1:F10:K15:2:D01,F10,K15,D01,2,TRAIN,23,254254
campaign3_gate2_v1:F10:K15:2:D10,F10,K15,D10,2,TRAIN,4,254199
campaign3_gate2_v1:F10:K15:2:D11,F10,K15,D11,2,TRAIN,32,254299
campaign3_gate2_v1:F10:K15:2:DbetaU,F10,K15,DbetaU,2,TRAIN,25,254328
campaign3_gate2_v1:F10:K15:3:D00,F10,K15,D00,3,VALIDATION,36,254375
campaign3_gate2_v1:F10:K15:3:D01,F10,K15,D01,3,VALIDATION,5,254416
campaign3_gate2_v1:F10:K15:3:D10,F10,K15,D10,3,VALIDATION,9,254384
campaign3_gate2_v1:F10:K15:3:D11,F10,K15,D11,3,VALIDATION,34,254481
campaign3_gate2_v1:F10:K15:3:DbetaU,F10,K15,DbetaU,3,VALIDATION,11,254494
campaign3_gate2_v1:F10:K15:4:D00,F10,K15,D00,4,DEVELOPMENT_TEST,18,254537
campaign3_gate2_v1:F10:K15:4:D01,F10,K15,D01,4,DEVELOPMENT_TEST,12,254603
campaign3_gate2_v1:F10:K15:4:D10,F10,K15,D10,4,DEVELOPMENT_TEST,18,254573
campaign3_gate2_v1:F10:K15:4:D11,F10,K15,D11,4,DEVELOPMENT_TEST,11,254638
campaign3_gate2_v1:F10:K15:4:DbetaU,F10,K15,DbetaU,4,DEVELOPMENT_TEST,12,254675
campaign3_gate2_v1:F10:K16:0:D00,F10,K16,D00,0,TRAIN,11,254710
campaign3_gate2_v1:F10:K16:0:D01,F10,K16,D01,0,TRAIN,35,254806
campaign3_gate2_v1:F10:K16:0:D10,F10,K16,D10,0,TRAIN,2,254737
campaign3_gate2_v1:F10:K16:0:D11,F10,K16,D11,0,TRAIN,28,254835
campaign3_gate2_v1:F10:K16:0:DbetaU,F10,K16,DbetaU,0,TRAIN,20,254863
campaign3_gate2_v1:F10:K16:1:D00,F10,K16,D00,1,TRAIN,22,254901
campaign3_gate2_v1:F10:K16:1:D01,F10,K16,D01,1,TRAIN,35,254986
campaign3_gate2_v1:F10:K16:1:D10,F10,K16,D10,1,TRAIN,2,254917
campaign3_gate2_v1:F10:K16:1:D11,F10,K16,D11,1,TRAIN,29,255016
campaign3_gate2_v1:F10:K16:1:DbetaU,F10,K16,DbetaU,1,TRAIN,18,255041
campaign3_gate2_v1:F10:K16:2:D00,F10,K16,D00,2,TRAIN,34,255093
campaign3_gate2_v1:F10:K16:2:D01,F10,K16,D01,2,TRAIN,13,255144
campaign3_gate2_v1:F10:K16:2:D10,F10,K16,D10,2,TRAIN,35,255130
campaign3_gate2_v1:F10:K16:2:D11,F10,K16,D11,2,TRAIN,4,255171
campaign3_gate2_v1:F10:K16:2:DbetaU,F10,K16,DbetaU,2,TRAIN,6,255209
campaign3_gate2_v1:F10:K16:3:D00,F10,K16,D00,3,VALIDATION,29,255268
campaign3_gate2_v1:F10:K16:3:D01,F10,K16,D01,3,VALIDATION,3,255314
campaign3_gate2_v1:F10:K16:3:D10,F10,K16,D10,3,VALIDATION,35,255310
campaign3_gate2_v1:F10:K16:3:D11,F10,K16,D11,3,VALIDATION,23,255370
campaign3_gate2_v1:F10:K16:3:DbetaU,F10,K16,DbetaU,3,VALIDATION,25,255408
campaign3_gate2_v1:F10:K16:4:D00,F10,K16,D00,4,DEVELOPMENT_TEST,2,255421
campaign3_gate2_v1:F10:K16:4:D01,F10,K16,D01,4,DEVELOPMENT_TEST,26,255517
campaign3_gate2_v1:F10:K16:4:D10,F10,K16,D10,4,DEVELOPMENT_TEST,31,255486
campaign3_gate2_v1:F10:K16:4:D11,F10,K16,D11,4,DEVELOPMENT_TEST,18,255545
campaign3_gate2_v1:F10:K16:4:DbetaU,F10,K16,DbetaU,4,DEVELOPMENT_TEST,4,255567
campaign3_gate2_v1:F10:K17:0:D00,F10,K17,D00,0,TRAIN,25,255624
campaign3_gate2_v1:F10:K17:0:D01,F10,K17,D01,0,TRAIN,30,255701
campaign3_gate2_v1:F10:K17:0:D10,F10,K17,D10,0,TRAIN,15,255650
campaign3_gate2_v1:F10:K17:0:D11,F10,K17,D11,0,TRAIN,11,255718
campaign3_gate2_v1:F10:K17:0:DbetaU,F10,K17,DbetaU,0,TRAIN,8,255751
campaign3_gate2_v1:F10:K17:1:D00,F10,K17,D00,1,TRAIN,1,255780
campaign3_gate2_v1:F10:K17:1:D01,F10,K17,D01,1,TRAIN,5,255856
campaign3_gate2_v1:F10:K17:1:D10,F10,K17,D10,1,TRAIN,25,255840
campaign3_gate2_v1:F10:K17:1:D11,F10,K17,D11,1,TRAIN,32,255919
campaign3_gate2_v1:F10:K17:1:DbetaU,F10,K17,DbetaU,1,TRAIN,9,255932
campaign3_gate2_v1:F10:K17:2:D00,F10,K17,D00,2,TRAIN,2,255961
campaign3_gate2_v1:F10:K17:2:D01,F10,K17,D01,2,TRAIN,22,256053
campaign3_gate2_v1:F10:K17:2:D10,F10,K17,D10,2,TRAIN,27,256022
campaign3_gate2_v1:F10:K17:2:D11,F10,K17,D11,2,TRAIN,10,256077
campaign3_gate2_v1:F10:K17:2:DbetaU,F10,K17,DbetaU,2,TRAIN,17,256120
campaign3_gate2_v1:F10:K17:3:D00,F10,K17,D00,3,VALIDATION,19,256158
campaign3_gate2_v1:F10:K17:3:D01,F10,K17,D01,3,VALIDATION,28,256239
campaign3_gate2_v1:F10:K17:3:D10,F10,K17,D10,3,VALIDATION,24,256199
campaign3_gate2_v1:F10:K17:3:D11,F10,K17,D11,3,VALIDATION,9,256256
campaign3_gate2_v1:F10:K17:3:DbetaU,F10,K17,DbetaU,3,VALIDATION,34,256317
campaign3_gate2_v1:F10:K17:4:D00,F10,K17,D00,4,DEVELOPMENT_TEST,24,256343
campaign3_gate2_v1:F10:K17:4:D01,F10,K17,D01,4,DEVELOPMENT_TEST,6,256397
campaign3_gate2_v1:F10:K17:4:D10,F10,K17,D10,4,DEVELOPMENT_TEST,34,256389
campaign3_gate2_v1:F10:K17:4:D11,F10,K17,D11,4,DEVELOPMENT_TEST,7,256434
campaign3_gate2_v1:F10:K17:4:DbetaU,F10,K17,DbetaU,4,DEVELOPMENT_TEST,30,256493
campaign3_gate2_v1:F10:K20:0:D00,F10,K20,D00,0,TRAIN,20,256519
campaign3_gate2_v1:F10:K20:0:D01,F10,K20,D01,0,TRAIN,22,256593
campaign3_gate2_v1:F10:K20:0:D10,F10,K20,D10,0,TRAIN,8,256543
campaign3_gate2_v1:F10:K20:0:D11,F10,K20,D11,0,TRAIN,9,256616
campaign3_gate2_v1:F10:K20:0:DbetaU,F10,K20,DbetaU,0,TRAIN,10,256653
campaign3_gate2_v1:F10:K20:1:D00,F10,K20,D00,1,TRAIN,23,256702
campaign3_gate2_v1:F10:K20:1:D01,F10,K20,D01,1,TRAIN,13,256764
campaign3_gate2_v1:F10:K20:1:D10,F10,K20,D10,1,TRAIN,4,256719
campaign3_gate2_v1:F10:K20:1:D11,F10,K20,D11,1,TRAIN,34,256821
campaign3_gate2_v1:F10:K20:1:DbetaU,F10,K20,DbetaU,1,TRAIN,18,256841
campaign3_gate2_v1:F10:K20:2:D00,F10,K20,D00,2,TRAIN,32,256891
campaign3_gate2_v1:F10:K20:2:D01,F10,K20,D01,2,TRAIN,27,256958
campaign3_gate2_v1:F10:K20:2:D10,F10,K20,D10,2,TRAIN,1,256896
campaign3_gate2_v1:F10:K20:2:D11,F10,K20,D11,2,TRAIN,26,256993
campaign3_gate2_v1:F10:K20:2:DbetaU,F10,K20,DbetaU,2,TRAIN,16,257019
campaign3_gate2_v1:F10:K20:3:D00,F10,K20,D00,3,VALIDATION,15,257054
campaign3_gate2_v1:F10:K20:3:D01,F10,K20,D01,3,VALIDATION,11,257122
campaign3_gate2_v1:F10:K20:3:D10,F10,K20,D10,3,VALIDATION,11,257086
campaign3_gate2_v1:F10:K20:3:D11,F10,K20,D11,3,VALIDATION,12,257159
campaign3_gate2_v1:F10:K20:3:DbetaU,F10,K20,DbetaU,3,VALIDATION,9,257192
campaign3_gate2_v1:F10:K20:4:D00,F10,K20,D00,4,DEVELOPMENT_TEST,33,257252
campaign3_gate2_v1:F10:K20:4:D01,F10,K20,D01,4,DEVELOPMENT_TEST,14,257305
campaign3_gate2_v1:F10:K20:4:D10,F10,K20,D10,4,DEVELOPMENT_TEST,19,257274
campaign3_gate2_v1:F10:K20:4:D11,F10,K20,D11,4,DEVELOPMENT_TEST,12,257339
campaign3_gate2_v1:F10:K20:4:DbetaU,F10,K20,DbetaU,4,DEVELOPMENT_TEST,27,257390
campaign3_gate2_v1:F10:K21:0:D00,F10,K21,D00,0,TRAIN,34,257433
campaign3_gate2_v1:F10:K21:0:D01,F10,K21,D01,0,TRAIN,24,257495
campaign3_gate2_v1:F10:K21:0:D10,F10,K21,D10,0,TRAIN,16,257451
campaign3_gate2_v1:F10:K21:0:D11,F10,K21,D11,0,TRAIN,30,257537
campaign3_gate2_v1:F10:K21:0:DbetaU,F10,K21,DbetaU,0,TRAIN,11,257554
campaign3_gate2_v1:F10:K21:1:D00,F10,K21,D00,1,TRAIN,27,257606
campaign3_gate2_v1:F10:K21:1:D01,F10,K21,D01,1,TRAIN,1,257652
campaign3_gate2_v1:F10:K21:1:D10,F10,K21,D10,1,TRAIN,2,257617
campaign3_gate2_v1:F10:K21:1:D11,F10,K21,D11,1,TRAIN,11,257698
campaign3_gate2_v1:F10:K21:1:DbetaU,F10,K21,DbetaU,1,TRAIN,22,257745
campaign3_gate2_v1:F10:K21:2:D00,F10,K21,D00,2,TRAIN,21,257780
campaign3_gate2_v1:F10:K21:2:D01,F10,K21,D01,2,TRAIN,3,257834
campaign3_gate2_v1:F10:K21:2:D10,F10,K21,D10,2,TRAIN,30,257825
campaign3_gate2_v1:F10:K21:2:D11,F10,K21,D11,2,TRAIN,36,257903
campaign3_gate2_v1:F10:K21:2:DbetaU,F10,K21,DbetaU,2,TRAIN,23,257926
campaign3_gate2_v1:F10:K21:3:D00,F10,K21,D00,3,VALIDATION,30,257969
campaign3_gate2_v1:F10:K21:3:D01,F10,K21,D01,3,VALIDATION,34,258045
campaign3_gate2_v1:F10:K21:3:D10,F10,K21,D10,3,VALIDATION,23,257998
campaign3_gate2_v1:F10:K21:3:D11,F10,K21,D11,3,VALIDATION,36,258083
campaign3_gate2_v1:F10:K21:3:DbetaU,F10,K21,DbetaU,3,VALIDATION,21,258104
campaign3_gate2_v1:F10:K21:4:D00,F10,K21,D00,4,DEVELOPMENT_TEST,17,258136
campaign3_gate2_v1:F10:K21:4:D01,F10,K21,D01,4,DEVELOPMENT_TEST,33,258224
campaign3_gate2_v1:F10:K21:4:D10,F10,K21,D10,4,DEVELOPMENT_TEST,19,258174
campaign3_gate2_v1:F10:K21:4:D11,F10,K21,D11,4,DEVELOPMENT_TEST,28,258255
campaign3_gate2_v1:F10:K21:4:DbetaU,F10,K21,DbetaU,4,DEVELOPMENT_TEST,24,258287
campaign3_gate2_v1:F10:K23:0:D00,F10,K23,D00,0,TRAIN,2,258301
campaign3_gate2_v1:F10:K23:0:D01,F10,K23,D01,0,TRAIN,35,258406
campaign3_gate2_v1:F10:K23:0:D10,F10,K23,D10,0,TRAIN,13,258348
campaign3_gate2_v1:F10:K23:0:D11,F10,K23,D11,0,TRAIN,14,258421
campaign3_gate2_v1:F10:K23:0:DbetaU,F10,K23,DbetaU,0,TRAIN,7,258450
campaign3_gate2_v1:F10:K23:1:D00,F10,K23,D00,1,TRAIN,30,258509
campaign3_gate2_v1:F10:K23:1:D01,F10,K23,D01,1,TRAIN,29,258580
campaign3_gate2_v1:F10:K23:1:D10,F10,K23,D10,1,TRAIN,12,258527
campaign3_gate2_v1:F10:K23:1:D11,F10,K23,D11,1,TRAIN,19,258606
campaign3_gate2_v1:F10:K23:1:DbetaU,F10,K23,DbetaU,1,TRAIN,33,258656
campaign3_gate2_v1:F10:K23:2:D00,F10,K23,D00,2,TRAIN,18,258677
campaign3_gate2_v1:F10:K23:2:D01,F10,K23,D01,2,TRAIN,10,258741
campaign3_gate2_v1:F10:K23:2:D10,F10,K23,D10,2,TRAIN,9,258704
campaign3_gate2_v1:F10:K23:2:D11,F10,K23,D11,2,TRAIN,18,258785
campaign3_gate2_v1:F10:K23:2:DbetaU,F10,K23,DbetaU,2,TRAIN,5,258808
campaign3_gate2_v1:F10:K23:3:D00,F10,K23,D00,3,VALIDATION,21,258860
campaign3_gate2_v1:F10:K23:3:D01,F10,K23,D01,3,VALIDATION,17,258928
campaign3_gate2_v1:F10:K23:3:D10,F10,K23,D10,3,VALIDATION,6,258881
campaign3_gate2_v1:F10:K23:3:D11,F10,K23,D11,3,VALIDATION,33,258980
campaign3_gate2_v1:F10:K23:3:DbetaU,F10,K23,DbetaU,3,VALIDATION,3,258986
campaign3_gate2_v1:F10:K23:4:D00,F10,K23,D00,4,DEVELOPMENT_TEST,20,259039
campaign3_gate2_v1:F10:K23:4:D01,F10,K23,D01,4,DEVELOPMENT_TEST,10,259101
campaign3_gate2_v1:F10:K23:4:D10,F10,K23,D10,4,DEVELOPMENT_TEST,24,259079
campaign3_gate2_v1:F10:K23:4:D11,F10,K23,D11,4,DEVELOPMENT_TEST,30,259157
campaign3_gate2_v1:F10:K23:4:DbetaU,F10,K23,DbetaU,4,DEVELOPMENT_TEST,33,259196
campaign3_gate2_v1:F10:K25:0:D00,F10,K25,D00,0,TRAIN,35,259234
campaign3_gate2_v1:F10:K25:0:D01,F10,K25,D01,0,TRAIN,32,259303
campaign3_gate2_v1:F10:K25:0:D10,F10,K25,D10,0,TRAIN,12,259247
campaign3_gate2_v1:F10:K25:0:D11,F10,K25,D11,0,TRAIN,8,259315
campaign3_gate2_v1:F10:K25:0:DbetaU,F10,K25,DbetaU,0,TRAIN,24,259367
campaign3_gate2_v1:F10:K25:1:D00,F10,K25,D00,1,TRAIN,19,259398
campaign3_gate2_v1:F10:K25:1:D01,F10,K25,D01,1,TRAIN,24,259475
campaign3_gate2_v1:F10:K25:1:D10,F10,K25,D10,1,TRAIN,17,259432
campaign3_gate2_v1:F10:K25:1:D11,F10,K25,D11,1,TRAIN,6,259493
campaign3_gate2_v1:F10:K25:1:DbetaU,F10,K25,DbetaU,1,TRAIN,29,259552
campaign3_gate2_v1:F10:K25:2:D00,F10,K25,D00,2,TRAIN,24,259583
campaign3_gate2_v1:F10:K25:2:D01,F10,K25,D01,2,TRAIN,28,259659
campaign3_gate2_v1:F10:K25:2:D10,F10,K25,D10,2,TRAIN,31,259626
campaign3_gate2_v1:F10:K25:2:D11,F10,K25,D11,2,TRAIN,11,259678
campaign3_gate2_v1:F10:K25:2:DbetaU,F10,K25,DbetaU,2,TRAIN,35,259738
campaign3_gate2_v1:F10:K25:3:D00,F10,K25,D00,3,VALIDATION,27,259766
campaign3_gate2_v1:F10:K25:3:D01,F10,K25,D01,3,VALIDATION,16,259827
campaign3_gate2_v1:F10:K25:3:D10,F10,K25,D10,3,VALIDATION,20,259795
campaign3_gate2_v1:F10:K25:3:D11,F10,K25,D11,3,VALIDATION,26,259873
campaign3_gate2_v1:F10:K25:3:DbetaU,F10,K25,DbetaU,3,VALIDATION,7,259890
campaign3_gate2_v1:F10:K25:4:D00,F10,K25,D00,4,DEVELOPMENT_TEST,4,259923
campaign3_gate2_v1:F10:K25:4:D01,F10,K25,D01,4,DEVELOPMENT_TEST,7,259998
campaign3_gate2_v1:F10:K25:4:D10,F10,K25,D10,4,DEVELOPMENT_TEST,13,259968
campaign3_gate2_v1:F10:K25:4:D11,F10,K25,D11,4,DEVELOPMENT_TEST,21,260048
campaign3_gate2_v1:F10:K25:4:DbetaU,F10,K25,DbetaU,4,DEVELOPMENT_TEST,33,260096
campaign3_gate2_v1:F10:K26:0:D00,F10,K26,D00,0,TRAIN,28,260127
campaign3_gate2_v1:F10:K26:0:D01,F10,K26,D01,0,TRAIN,11,260182
campaign3_gate2_v1:F10:K26:0:D10,F10,K26,D10,0,TRAIN,24,260159
campaign3_gate2_v1:F10:K26:0:D11,F10,K26,D11,0,TRAIN,8,260215
campaign3_gate2_v1:F10:K26:0:DbetaU,F10,K26,DbetaU,0,TRAIN,20,260263
campaign3_gate2_v1:F10:K26:1:D00,F10,K26,D00,1,TRAIN,29,260308
campaign3_gate2_v1:F10:K26:1:D01,F10,K26,D01,1,TRAIN,15,260366
campaign3_gate2_v1:F10:K26:1:D10,F10,K26,D10,1,TRAIN,8,260323
campaign3_gate2_v1:F10:K26:1:D11,F10,K26,D11,1,TRAIN,16,260403
campaign3_gate2_v1:F10:K26:1:DbetaU,F10,K26,DbetaU,1,TRAIN,15,260438
campaign3_gate2_v1:F10:K26:2:D00,F10,K26,D00,2,TRAIN,6,260465
campaign3_gate2_v1:F10:K26:2:D01,F10,K26,D01,2,TRAIN,28,260559
campaign3_gate2_v1:F10:K26:2:D10,F10,K26,D10,2,TRAIN,35,260530
campaign3_gate2_v1:F10:K26:2:D11,F10,K26,D11,2,TRAIN,25,260592
campaign3_gate2_v1:F10:K26:2:DbetaU,F10,K26,DbetaU,2,TRAIN,6,260609
campaign3_gate2_v1:F10:K26:3:D00,F10,K26,D00,3,VALIDATION,2,260641
campaign3_gate2_v1:F10:K26:3:D01,F10,K26,D01,3,VALIDATION,15,260726
campaign3_gate2_v1:F10:K26:3:D10,F10,K26,D10,3,VALIDATION,24,260699
campaign3_gate2_v1:F10:K26:3:D11,F10,K26,D11,3,VALIDATION,6,260753
campaign3_gate2_v1:F10:K26:3:DbetaU,F10,K26,DbetaU,3,VALIDATION,16,260799
campaign3_gate2_v1:F10:K26:4:D00,F10,K26,D00,4,DEVELOPMENT_TEST,35,260854
campaign3_gate2_v1:F10:K26:4:D01,F10,K26,D01,4,DEVELOPMENT_TEST,16,260907
campaign3_gate2_v1:F10:K26:4:D10,F10,K26,D10,4,DEVELOPMENT_TEST,28,260883
campaign3_gate2_v1:F10:K26:4:D11,F10,K26,D11,4,DEVELOPMENT_TEST,30,260957
campaign3_gate2_v1:F10:K26:4:DbetaU,F10,K26,DbetaU,4,DEVELOPMENT_TEST,13,260976
campaign3_gate2_v1:F10:K27:0:D00,F10,K27,D00,0,TRAIN,21,261020
campaign3_gate2_v1:F10:K27:0:D01,F10,K27,D01,0,TRAIN,26,261097
campaign3_gate2_v1:F10:K27:0:D10,F10,K27,D10,0,TRAIN,17,261052
campaign3_gate2_v1:F10:K27:0:D11,F10,K27,D11,0,TRAIN,31,261138
campaign3_gate2_v1:F10:K27:0:DbetaU,F10,K27,DbetaU,0,TRAIN,27,261170
campaign3_gate2_v1:F10:K27:1:D00,F10,K27,D00,1,TRAIN,5,261184
campaign3_gate2_v1:F10:K27:1:D01,F10,K27,D01,1,TRAIN,34,261285
campaign3_gate2_v1:F10:K27:1:D10,F10,K27,D10,1,TRAIN,5,261220
campaign3_gate2_v1:F10:K27:1:D11,F10,K27,D11,1,TRAIN,35,261322
campaign3_gate2_v1:F10:K27:1:DbetaU,F10,K27,DbetaU,1,TRAIN,33,261356
campaign3_gate2_v1:F10:K27:2:D00,F10,K27,D00,2,TRAIN,1,261360
campaign3_gate2_v1:F10:K27:2:D01,F10,K27,D01,2,TRAIN,19,261450
campaign3_gate2_v1:F10:K27:2:D10,F10,K27,D10,2,TRAIN,31,261426
campaign3_gate2_v1:F10:K27:2:D11,F10,K27,D11,2,TRAIN,14,261481
campaign3_gate2_v1:F10:K27:2:DbetaU,F10,K27,DbetaU,2,TRAIN,7,261510
campaign3_gate2_v1:F10:K27:3:D00,F10,K27,D00,3,VALIDATION,6,261545
campaign3_gate2_v1:F10:K27:3:D01,F10,K27,D01,3,VALIDATION,5,261616
campaign3_gate2_v1:F10:K27:3:D10,F10,K27,D10,3,VALIDATION,27,261602
campaign3_gate2_v1:F10:K27:3:D11,F10,K27,D11,3,VALIDATION,31,261678
campaign3_gate2_v1:F10:K27:3:DbetaU,F10,K27,DbetaU,3,VALIDATION,4,261687
campaign3_gate2_v1:F10:K27:4:D00,F10,K27,D00,4,DEVELOPMENT_TEST,31,261750
campaign3_gate2_v1:F10:K27:4:D01,F10,K27,D01,4,DEVELOPMENT_TEST,31,261822
campaign3_gate2_v1:F10:K27:4:D10,F10,K27,D10,4,DEVELOPMENT_TEST,14,261769
campaign3_gate2_v1:F10:K27:4:D11,F10,K27,D11,4,DEVELOPMENT_TEST,9,261836
campaign3_gate2_v1:F10:K27:4:DbetaU,F10,K27,DbetaU,4,DEVELOPMENT_TEST,10,261873
campaign3_gate2_v1:F10:K31:0:D00,F10,K31,D00,0,TRAIN,14,261913
campaign3_gate2_v1:F10:K31:0:D01,F10,K31,D01,0,TRAIN,28,261999
campaign3_gate2_v1:F10:K31:0:D10,F10,K31,D10,0,TRAIN,4,261939
campaign3_gate2_v1:F10:K31:0:D11,F10,K31,D11,0,TRAIN,27,262034
campaign3_gate2_v1:F10:K31:0:DbetaU,F10,K31,DbetaU,0,TRAIN,15,262058
campaign3_gate2_v1:F10:K31:1:D00,F10,K31,D00,1,TRAIN,25,262104
campaign3_gate2_v1:F10:K31:1:D01,F10,K31,D01,1,TRAIN,10,262161
campaign3_gate2_v1:F10:K31:1:D10,F10,K31,D10,1,TRAIN,15,262130
campaign3_gate2_v1:F10:K31:1:D11,F10,K31,D11,1,TRAIN,4,262191
campaign3_gate2_v1:F10:K31:1:DbetaU,F10,K31,DbetaU,1,TRAIN,12,262235
campaign3_gate2_v1:F10:K31:2:D00,F10,K31,D00,2,TRAIN,27,262286
campaign3_gate2_v1:F10:K31:2:D01,F10,K31,D01,2,TRAIN,29,262360
campaign3_gate2_v1:F10:K31:2:D10,F10,K31,D10,2,TRAIN,23,262318
campaign3_gate2_v1:F10:K31:2:D11,F10,K31,D11,2,TRAIN,32,262399
campaign3_gate2_v1:F10:K31:2:DbetaU,F10,K31,DbetaU,2,TRAIN,2,262405
campaign3_gate2_v1:F10:K31:3:D00,F10,K31,D00,3,VALIDATION,12,262451
campaign3_gate2_v1:F10:K31:3:D01,F10,K31,D01,3,VALIDATION,21,262532
campaign3_gate2_v1:F10:K31:3:D10,F10,K31,D10,3,VALIDATION,20,262495
campaign3_gate2_v1:F10:K31:3:D11,F10,K31,D11,3,VALIDATION,17,262564
campaign3_gate2_v1:F10:K31:3:DbetaU,F10,K31,DbetaU,3,VALIDATION,1,262584
campaign3_gate2_v1:F10:K31:4:D00,F10,K31,D00,4,DEVELOPMENT_TEST,32,262651
campaign3_gate2_v1:F10:K31:4:D01,F10,K31,D01,4,DEVELOPMENT_TEST,4,262695
campaign3_gate2_v1:F10:K31:4:D10,F10,K31,D10,4,DEVELOPMENT_TEST,36,262691
campaign3_gate2_v1:F10:K31:4:D11,F10,K31,D11,4,DEVELOPMENT_TEST,34,262761
campaign3_gate2_v1:F10:K31:4:DbetaU,F10,K31,DbetaU,4,DEVELOPMENT_TEST,7,262770
campaign3_gate2_v1:F10:K32:0:D00,F10,K32,D00,0,TRAIN,18,262817
campaign3_gate2_v1:F10:K32:0:D01,F10,K32,D01,0,TRAIN,12,262883
campaign3_gate2_v1:F10:K32:0:D10,F10,K32,D10,0,TRAIN,30,262865
campaign3_gate2_v1:F10:K32:0:D11,F10,K32,D11,0,TRAIN,22,262929
campaign3_gate2_v1:F10:K32:0:DbetaU,F10,K32,DbetaU,0,TRAIN,26,262969
campaign3_gate2_v1:F10:K32:1:D00,F10,K32,D00,1,TRAIN,28,263007
campaign3_gate2_v1:F10:K32:1:D01,F10,K32,D01,1,TRAIN,31,263082
campaign3_gate2_v1:F10:K32:1:D10,F10,K32,D10,1,TRAIN,36,263051
campaign3_gate2_v1:F10:K32:1:D11,F10,K32,D11,1,TRAIN,16,263103
campaign3_gate2_v1:F10:K32:1:DbetaU,F10,K32,DbetaU,1,TRAIN,10,263133
campaign3_gate2_v1:F10:K32:2:D00,F10,K32,D00,2,TRAIN,3,263162
campaign3_gate2_v1:F10:K32:2:D01,F10,K32,D01,2,TRAIN,22,263253
campaign3_gate2_v1:F10:K32:2:D10,F10,K32,D10,2,TRAIN,30,263225
campaign3_gate2_v1:F10:K32:2:D11,F10,K32,D11,2,TRAIN,30,263297
campaign3_gate2_v1:F10:K32:2:DbetaU,F10,K32,DbetaU,2,TRAIN,31,263334
campaign3_gate2_v1:F10:K32:3:D00,F10,K32,D00,3,VALIDATION,6,263345
campaign3_gate2_v1:F10:K32:3:D01,F10,K32,D01,3,VALIDATION,10,263421
campaign3_gate2_v1:F10:K32:3:D10,F10,K32,D10,3,VALIDATION,17,263392
campaign3_gate2_v1:F10:K32:3:D11,F10,K32,D11,3,VALIDATION,26,263473
campaign3_gate2_v1:F10:K32:3:DbetaU,F10,K32,DbetaU,3,VALIDATION,15,263498
campaign3_gate2_v1:F10:K32:4:D00,F10,K32,D00,4,DEVELOPMENT_TEST,20,263539
campaign3_gate2_v1:F10:K32:4:D01,F10,K32,D01,4,DEVELOPMENT_TEST,3,263594
campaign3_gate2_v1:F10:K32:4:D10,F10,K32,D10,4,DEVELOPMENT_TEST,30,263585
campaign3_gate2_v1:F10:K32:4:D11,F10,K32,D11,4,DEVELOPMENT_TEST,15,263642
campaign3_gate2_v1:F10:K32:4:DbetaU,F10,K32,DbetaU,4,DEVELOPMENT_TEST,12,263675
campaign3_gate2_v1:F10:K33:0:D00,F10,K33,D00,0,TRAIN,33,263732
campaign3_gate2_v1:F10:K33:0:D01,F10,K33,D01,0,TRAIN,15,263786
campaign3_gate2_v1:F10:K33:0:D10,F10,K33,D10,0,TRAIN,10,263745
campaign3_gate2_v1:F10:K33:0:D11,F10,K33,D11,0,TRAIN,16,263823
campaign3_gate2_v1:F10:K33:0:DbetaU,F10,K33,DbetaU,0,TRAIN,6,263849
campaign3_gate2_v1:F10:K33:1:D00,F10,K33,D00,1,TRAIN,13,263892
campaign3_gate2_v1:F10:K33:1:D01,F10,K33,D01,1,TRAIN,9,263960
campaign3_gate2_v1:F10:K33:1:D10,F10,K33,D10,1,TRAIN,8,263923
campaign3_gate2_v1:F10:K33:1:D11,F10,K33,D11,1,TRAIN,11,263998
campaign3_gate2_v1:F10:K33:1:DbetaU,F10,K33,DbetaU,1,TRAIN,3,264026
campaign3_gate2_v1:F10:K33:2:D00,F10,K33,D00,2,TRAIN,27,264086
campaign3_gate2_v1:F10:K33:2:D01,F10,K33,D01,2,TRAIN,6,264137
campaign3_gate2_v1:F10:K33:2:D10,F10,K33,D10,2,TRAIN,21,264116
campaign3_gate2_v1:F10:K33:2:D11,F10,K33,D11,2,TRAIN,10,264177
campaign3_gate2_v1:F10:K33:2:DbetaU,F10,K33,DbetaU,2,TRAIN,34,264237
campaign3_gate2_v1:F10:K33:3:D00,F10,K33,D00,3,VALIDATION,24,264263
campaign3_gate2_v1:F10:K33:3:D01,F10,K33,D01,3,VALIDATION,20,264331
campaign3_gate2_v1:F10:K33:3:D10,F10,K33,D10,3,VALIDATION,3,264278
campaign3_gate2_v1:F10:K33:3:D11,F10,K33,D11,3,VALIDATION,13,264360
campaign3_gate2_v1:F10:K33:3:DbetaU,F10,K33,DbetaU,3,VALIDATION,2,264385
campaign3_gate2_v1:F10:K33:4:D00,F10,K33,D00,4,DEVELOPMENT_TEST,14,264433
campaign3_gate2_v1:F10:K33:4:D01,F10,K33,D01,4,DEVELOPMENT_TEST,18,264509
campaign3_gate2_v1:F10:K33:4:D10,F10,K33,D10,4,DEVELOPMENT_TEST,32,264487
campaign3_gate2_v1:F10:K33:4:D11,F10,K33,D11,4,DEVELOPMENT_TEST,26,264553
campaign3_gate2_v1:F10:K33:4:DbetaU,F10,K33,DbetaU,4,DEVELOPMENT_TEST,26,264589
campaign3_gate2_v1:F11:K01:0:D00,F11,K01,D00,0,TRAIN,16,264615
campaign3_gate2_v1:F11:K01:0:D01,F11,K01,D01,0,TRAIN,32,264703
campaign3_gate2_v1:F11:K01:0:D10,F11,K01,D10,0,TRAIN,21,264656
campaign3_gate2_v1:F11:K01:0:D11,F11,K01,D11,0,TRAIN,22,264729
campaign3_gate2_v1:F11:K01:0:DbetaU,F11,K01,DbetaU,0,TRAIN,8,264751
campaign3_gate2_v1:F11:K01:1:D00,F11,K01,D00,1,TRAIN,1,264780
campaign3_gate2_v1:F11:K01:1:D01,F11,K01,D01,1,TRAIN,29,264880
campaign3_gate2_v1:F11:K01:1:D10,F11,K01,D10,1,TRAIN,25,264840
campaign3_gate2_v1:F11:K01:1:D11,F11,K01,D11,1,TRAIN,5,264892
campaign3_gate2_v1:F11:K01:1:DbetaU,F11,K01,DbetaU,1,TRAIN,31,264954
campaign3_gate2_v1:F11:K01:2:D00,F11,K01,D00,2,TRAIN,8,264967
campaign3_gate2_v1:F11:K01:2:D01,F11,K01,D01,2,TRAIN,14,265045
campaign3_gate2_v1:F11:K01:2:D10,F11,K01,D10,2,TRAIN,34,265029
campaign3_gate2_v1:F11:K01:2:D11,F11,K01,D11,2,TRAIN,14,265081
campaign3_gate2_v1:F11:K01:2:DbetaU,F11,K01,DbetaU,2,TRAIN,21,265124
campaign3_gate2_v1:F11:K01:3:D00,F11,K01,D00,3,VALIDATION,13,265152
campaign3_gate2_v1:F11:K01:3:D01,F11,K01,D01,3,VALIDATION,25,265236
campaign3_gate2_v1:F11:K01:3:D10,F11,K01,D10,3,VALIDATION,24,265199
campaign3_gate2_v1:F11:K01:3:D11,F11,K01,D11,3,VALIDATION,3,265250
campaign3_gate2_v1:F11:K01:3:DbetaU,F11,K01,DbetaU,3,VALIDATION,2,265285
campaign3_gate2_v1:F11:K01:4:D00,F11,K01,D00,4,DEVELOPMENT_TEST,13,265332
campaign3_gate2_v1:F11:K01:4:D01,F11,K01,D01,4,DEVELOPMENT_TEST,10,265401
campaign3_gate2_v1:F11:K01:4:D10,F11,K01,D10,4,DEVELOPMENT_TEST,35,265390
campaign3_gate2_v1:F11:K01:4:D11,F11,K01,D11,4,DEVELOPMENT_TEST,28,265455
campaign3_gate2_v1:F11:K01:4:DbetaU,F11,K01,DbetaU,4,DEVELOPMENT_TEST,3,265466
campaign3_gate2_v1:F11:K02:0:D00,F11,K02,D00,0,TRAIN,33,265532
campaign3_gate2_v1:F11:K02:0:D01,F11,K02,D01,0,TRAIN,6,265577
campaign3_gate2_v1:F11:K02:0:D10,F11,K02,D10,0,TRAIN,36,265571
campaign3_gate2_v1:F11:K02:0:D11,F11,K02,D11,0,TRAIN,9,265616
campaign3_gate2_v1:F11:K02:0:DbetaU,F11,K02,DbetaU,0,TRAIN,31,265674
campaign3_gate2_v1:F11:K02:1:D00,F11,K02,D00,1,TRAIN,34,265713
campaign3_gate2_v1:F11:K02:1:D01,F11,K02,D01,1,TRAIN,16,265767
campaign3_gate2_v1:F11:K02:1:D10,F11,K02,D10,1,TRAIN,21,265736
campaign3_gate2_v1:F11:K02:1:D11,F11,K02,D11,1,TRAIN,18,265805
campaign3_gate2_v1:F11:K02:1:DbetaU,F11,K02,DbetaU,1,TRAIN,28,265851
campaign3_gate2_v1:F11:K02:2:D00,F11,K02,D00,2,TRAIN,28,265887
campaign3_gate2_v1:F11:K02:2:D01,F11,K02,D01,2,TRAIN,19,265950
campaign3_gate2_v1:F11:K02:2:D10,F11,K02,D10,2,TRAIN,26,265921
campaign3_gate2_v1:F11:K02:2:D11,F11,K02,D11,2,TRAIN,17,265984
campaign3_gate2_v1:F11:K02:2:DbetaU,F11,K02,DbetaU,2,TRAIN,6,266009
campaign3_gate2_v1:F11:K02:3:D00,F11,K02,D00,3,VALIDATION,14,266053
campaign3_gate2_v1:F11:K02:3:D01,F11,K02,D01,3,VALIDATION,26,266137
campaign3_gate2_v1:F11:K02:3:D10,F11,K02,D10,3,VALIDATION,35,266110
campaign3_gate2_v1:F11:K02:3:D11,F11,K02,D11,3,VALIDATION,34,266181
campaign3_gate2_v1:F11:K02:3:DbetaU,F11,K02,DbetaU,3,VALIDATION,36,266219
campaign3_gate2_v1:F11:K02:4:D00,F11,K02,D00,4,DEVELOPMENT_TEST,16,266235
campaign3_gate2_v1:F11:K02:4:D01,F11,K02,D01,4,DEVELOPMENT_TEST,3,266294
campaign3_gate2_v1:F11:K02:4:D10,F11,K02,D10,4,DEVELOPMENT_TEST,22,266277
campaign3_gate2_v1:F11:K02:4:D11,F11,K02,D11,4,DEVELOPMENT_TEST,12,266339
campaign3_gate2_v1:F11:K02:4:DbetaU,F11,K02,DbetaU,4,DEVELOPMENT_TEST,13,266376
campaign3_gate2_v1:F11:K03:0:D00,F11,K03,D00,0,TRAIN,26,266425
campaign3_gate2_v1:F11:K03:0:D01,F11,K03,D01,0,TRAIN,21,266492
campaign3_gate2_v1:F11:K03:0:D10,F11,K03,D10,0,TRAIN,28,266463
campaign3_gate2_v1:F11:K03:0:D11,F11,K03,D11,0,TRAIN,5,266512
campaign3_gate2_v1:F11:K03:0:DbetaU,F11,K03,DbetaU,0,TRAIN,23,266566
campaign3_gate2_v1:F11:K03:1:D00,F11,K03,D00,1,TRAIN,22,266601
campaign3_gate2_v1:F11:K03:1:D01,F11,K03,D01,1,TRAIN,27,266678
campaign3_gate2_v1:F11:K03:1:D10,F11,K03,D10,1,TRAIN,23,266638
campaign3_gate2_v1:F11:K03:1:D11,F11,K03,D11,1,TRAIN,1,266688
campaign3_gate2_v1:F11:K03:1:DbetaU,F11,K03,DbetaU,1,TRAIN,29,266752
campaign3_gate2_v1:F11:K03:2:D00,F11,K03,D00,2,TRAIN,32,266791
campaign3_gate2_v1:F11:K03:2:D01,F11,K03,D01,2,TRAIN,16,266847
campaign3_gate2_v1:F11:K03:2:D10,F11,K03,D10,2,TRAIN,34,266829
campaign3_gate2_v1:F11:K03:2:D11,F11,K03,D11,2,TRAIN,34,266901
campaign3_gate2_v1:F11:K03:2:DbetaU,F11,K03,DbetaU,2,TRAIN,20,266923
campaign3_gate2_v1:F11:K03:3:D00,F11,K03,D00,3,VALIDATION,22,266961
campaign3_gate2_v1:F11:K03:3:D01,F11,K03,D01,3,VALIDATION,16,267027
campaign3_gate2_v1:F11:K03:3:D10,F11,K03,D10,3,VALIDATION,12,266987
campaign3_gate2_v1:F11:K03:3:D11,F11,K03,D11,3,VALIDATION,15,267062
campaign3_gate2_v1:F11:K03:3:DbetaU,F11,K03,DbetaU,3,VALIDATION,29,267112
campaign3_gate2_v1:F11:K03:4:D00,F11,K03,D00,4,DEVELOPMENT_TEST,31,267150
campaign3_gate2_v1:F11:K03:4:D01,F11,K03,D01,4,DEVELOPMENT_TEST,23,267214
campaign3_gate2_v1:F11:K03:4:D10,F11,K03,D10,4,DEVELOPMENT_TEST,25,267180
campaign3_gate2_v1:F11:K03:4:D11,F11,K03,D11,4,DEVELOPMENT_TEST,3,267230
campaign3_gate2_v1:F11:K03:4:DbetaU,F11,K03,DbetaU,4,DEVELOPMENT_TEST,24,267287
campaign3_gate2_v1:F11:K05:0:D00,F11,K05,D00,0,TRAIN,36,267335
campaign3_gate2_v1:F11:K05:0:D01,F11,K05,D01,0,TRAIN,1,267372
campaign3_gate2_v1:F11:K05:0:D10,F11,K05,D10,0,TRAIN,10,267345
campaign3_gate2_v1:F11:K05:0:D11,F11,K05,D11,0,TRAIN,31,267438
campaign3_gate2_v1:F11:K05:0:DbetaU,F11,K05,DbetaU,0,TRAIN,19,267462
campaign3_gate2_v1:F11:K05:1:D00,F11,K05,D00,1,TRAIN,18,267497
campaign3_gate2_v1:F11:K05:1:D01,F11,K05,D01,1,TRAIN,4,267555
campaign3_gate2_v1:F11:K05:1:D10,F11,K05,D10,1,TRAIN,7,267522
campaign3_gate2_v1:F11:K05:1:D11,F11,K05,D11,1,TRAIN,26,267613
campaign3_gate2_v1:F11:K05:1:DbetaU,F11,K05,DbetaU,1,TRAIN,25,267648
campaign3_gate2_v1:F11:K05:2:D00,F11,K05,D00,2,TRAIN,25,267684
campaign3_gate2_v1:F11:K05:2:D01,F11,K05,D01,2,TRAIN,15,267746
campaign3_gate2_v1:F11:K05:2:D10,F11,K05,D10,2,TRAIN,5,267700
campaign3_gate2_v1:F11:K05:2:D11,F11,K05,D11,2,TRAIN,12,267779
campaign3_gate2_v1:F11:K05:2:DbetaU,F11,K05,DbetaU,2,TRAIN,24,267827
campaign3_gate2_v1:F11:K05:3:D00,F11,K05,D00,3,VALIDATION,3,267842
campaign3_gate2_v1:F11:K05:3:D01,F11,K05,D01,3,VALIDATION,18,267929
campaign3_gate2_v1:F11:K05:3:D10,F11,K05,D10,3,VALIDATION,23,267898
campaign3_gate2_v1:F11:K05:3:D11,F11,K05,D11,3,VALIDATION,25,267972
campaign3_gate2_v1:F11:K05:3:DbetaU,F11,K05,DbetaU,3,VALIDATION,1,267984
campaign3_gate2_v1:F11:K05:4:D00,F11,K05,D00,4,DEVELOPMENT_TEST,32,268051
campaign3_gate2_v1:F11:K05:4:D01,F11,K05,D01,4,DEVELOPMENT_TEST,19,268110
campaign3_gate2_v1:F11:K05:4:D10,F11,K05,D10,4,DEVELOPMENT_TEST,9,268064
campaign3_gate2_v1:F11:K05:4:D11,F11,K05,D11,4,DEVELOPMENT_TEST,35,268162
campaign3_gate2_v1:F11:K05:4:DbetaU,F11,K05,DbetaU,4,DEVELOPMENT_TEST,20,268183
campaign3_gate2_v1:F11:K06:0:D00,F11,K06,D00,0,TRAIN,33,268232
campaign3_gate2_v1:F11:K06:0:D01,F11,K06,D01,0,TRAIN,2,268273
campaign3_gate2_v1:F11:K06:0:D10,F11,K06,D10,0,TRAIN,30,268265
campaign3_gate2_v1:F11:K06:0:D11,F11,K06,D11,0,TRAIN,25,268332
campaign3_gate2_v1:F11:K06:0:DbetaU,F11,K06,DbetaU,0,TRAIN,29,268372
campaign3_gate2_v1:F11:K06:1:D00,F11,K06,D00,1,TRAIN,8,268387
campaign3_gate2_v1:F11:K06:1:D01,F11,K06,D01,1,TRAIN,30,268481
campaign3_gate2_v1:F11:K06:1:D10,F11,K06,D10,1,TRAIN,12,268427
campaign3_gate2_v1:F11:K06:1:D11,F11,K06,D11,1,TRAIN,31,268518
campaign3_gate2_v1:F11:K06:1:DbetaU,F11,K06,DbetaU,1,TRAIN,7,268530
campaign3_gate2_v1:F11:K06:2:D00,F11,K06,D00,2,TRAIN,20,268579
campaign3_gate2_v1:F11:K06:2:D01,F11,K06,D01,2,TRAIN,36,268667
campaign3_gate2_v1:F11:K06:2:D10,F11,K06,D10,2,TRAIN,19,268614
campaign3_gate2_v1:F11:K06:2:D11,F11,K06,D11,2,TRAIN,28,268695
campaign3_gate2_v1:F11:K06:2:DbetaU,F11,K06,DbetaU,2,TRAIN,32,268735
campaign3_gate2_v1:F11:K06:3:D00,F11,K06,D00,3,VALIDATION,10,268749
campaign3_gate2_v1:F11:K06:3:D01,F11,K06,D01,3,VALIDATION,35,268846
campaign3_gate2_v1:F11:K06:3:D10,F11,K06,D10,3,VALIDATION,13,268788
campaign3_gate2_v1:F11:K06:3:D11,F11,K06,D11,3,VALIDATION,17,268864
campaign3_gate2_v1:F11:K06:3:DbetaU,F11,K06,DbetaU,3,VALIDATION,36,268919
campaign3_gate2_v1:F11:K06:4:D00,F11,K06,D00,4,DEVELOPMENT_TEST,16,268935
campaign3_gate2_v1:F11:K06:4:D01,F11,K06,D01,4,DEVELOPMENT_TEST,30,269021
campaign3_gate2_v1:F11:K06:4:D10,F11,K06,D10,4,DEVELOPMENT_TEST,16,268971
campaign3_gate2_v1:F11:K06:4:D11,F11,K06,D11,4,DEVELOPMENT_TEST,11,269038
campaign3_gate2_v1:F11:K06:4:DbetaU,F11,K06,DbetaU,4,DEVELOPMENT_TEST,4,269067
campaign3_gate2_v1:F11:K07:0:D00,F11,K07,D00,0,TRAIN,12,269111
campaign3_gate2_v1:F11:K07:0:D01,F11,K07,D01,0,TRAIN,20,269191
campaign3_gate2_v1:F11:K07:0:D10,F11,K07,D10,0,TRAIN,22,269157
campaign3_gate2_v1:F11:K07:0:D11,F11,K07,D11,0,TRAIN,22,269229
campaign3_gate2_v1:F11:K07:0:DbetaU,F11,K07,DbetaU,0,TRAIN,35,269278
campaign3_gate2_v1:F11:K07:1:D00,F11,K07,D00,1,TRAIN,28,269307
campaign3_gate2_v1:F11:K07:1:D01,F11,K07,D01,1,TRAIN,12,269363
campaign3_gate2_v1:F11:K07:1:D10,F11,K07,D10,1,TRAIN,2,269317
campaign3_gate2_v1:F11:K07:1:D11,F11,K07,D11,1,TRAIN,21,269408
campaign3_gate2_v1:F11:K07:1:DbetaU,F11,K07,DbetaU,1,TRAIN,17,269440
campaign3_gate2_v1:F11:K07:2:D00,F11,K07,D00,2,TRAIN,12,269471
campaign3_gate2_v1:F11:K07:2:D01,F11,K07,D01,2,TRAIN,3,269534
campaign3_gate2_v1:F11:K07:2:D10,F11,K07,D10,2,TRAIN,16,269511
campaign3_gate2_v1:F11:K07:2:D11,F11,K07,D11,2,TRAIN,32,269599
campaign3_gate2_v1:F11:K07:2:DbetaU,F11,K07,DbetaU,2,TRAIN,16,269619
campaign3_gate2_v1:F11:K07:3:D00,F11,K07,D00,3,VALIDATION,32,269671
campaign3_gate2_v1:F11:K07:3:D01,F11,K07,D01,3,VALIDATION,32,269743
campaign3_gate2_v1:F11:K07:3:D10,F11,K07,D10,3,VALIDATION,15,269690
campaign3_gate2_v1:F11:K07:3:D11,F11,K07,D11,3,VALIDATION,24,269771
campaign3_gate2_v1:F11:K07:3:DbetaU,F11,K07,DbetaU,3,VALIDATION,30,269813
campaign3_gate2_v1:F11:K07:4:D00,F11,K07,D00,4,DEVELOPMENT_TEST,25,269844
campaign3_gate2_v1:F11:K07:4:D01,F11,K07,D01,4,DEVELOPMENT_TEST,17,269908
campaign3_gate2_v1:F11:K07:4:D10,F11,K07,D10,4,DEVELOPMENT_TEST,2,269857
campaign3_gate2_v1:F11:K07:4:D11,F11,K07,D11,4,DEVELOPMENT_TEST,15,269942
campaign3_gate2_v1:F11:K07:4:DbetaU,F11,K07,DbetaU,4,DEVELOPMENT_TEST,32,269995
campaign3_gate2_v1:F11:K10:0:D00,F11,K10,D00,0,TRAIN,4,270003
campaign3_gate2_v1:F11:K10:0:D01,F11,K10,D01,0,TRAIN,33,270104
campaign3_gate2_v1:F11:K10:0:D10,F11,K10,D10,0,TRAIN,33,270068
campaign3_gate2_v1:F11:K10:0:D11,F11,K10,D11,0,TRAIN,9,270116
campaign3_gate2_v1:F11:K10:0:DbetaU,F11,K10,DbetaU,0,TRAIN,4,270147
campaign3_gate2_v1:F11:K10:1:D00,F11,K10,D00,1,TRAIN,11,270190
campaign3_gate2_v1:F11:K10:1:D01,F11,K10,D01,1,TRAIN,1,270252
campaign3_gate2_v1:F11:K10:1:D10,F11,K10,D10,1,TRAIN,20,270235
campaign3_gate2_v1:F11:K10:1:D11,F11,K10,D11,1,TRAIN,20,270307
campaign3_gate2_v1:F11:K10:1:DbetaU,F11,K10,DbetaU,1,TRAIN,29,270352
campaign3_gate2_v1:F11:K10:2:D00,F11,K10,D00,2,TRAIN,11,270370
campaign3_gate2_v1:F11:K10:2:D01,F11,K10,D01,2,TRAIN,36,270467
campaign3_gate2_v1:F11:K10:2:D10,F11,K10,D10,2,TRAIN,12,270407
campaign3_gate2_v1:F11:K10:2:D11,F11,K10,D11,2,TRAIN,2,270469
campaign3_gate2_v1:F11:K10:2:DbetaU,F11,K10,DbetaU,2,TRAIN,6,270509
campaign3_gate2_v1:F11:K10:3:D00,F11,K10,D00,3,VALIDATION,16,270555
campaign3_gate2_v1:F11:K10:3:D01,F11,K10,D01,3,VALIDATION,25,270636
campaign3_gate2_v1:F11:K10:3:D10,F11,K10,D10,3,VALIDATION,7,270582
campaign3_gate2_v1:F11:K10:3:D11,F11,K10,D11,3,VALIDATION,21,270668
campaign3_gate2_v1:F11:K10:3:DbetaU,F11,K10,DbetaU,3,VALIDATION,4,270687
campaign3_gate2_v1:F11:K10:4:D00,F11,K10,D00,4,DEVELOPMENT_TEST,29,270748
campaign3_gate2_v1:F11:K10:4:D01,F11,K10,D01,4,DEVELOPMENT_TEST,35,270826
campaign3_gate2_v1:F11:K10:4:D10,F11,K10,D10,4,DEVELOPMENT_TEST,23,270778
campaign3_gate2_v1:F11:K10:4:D11,F11,K10,D11,4,DEVELOPMENT_TEST,25,270852
campaign3_gate2_v1:F11:K10:4:DbetaU,F11,K10,DbetaU,4,DEVELOPMENT_TEST,18,270881
campaign3_gate2_v1:F11:K11:0:D00,F11,K11,D00,0,TRAIN,28,270927
campaign3_gate2_v1:F11:K11:0:D01,F11,K11,D01,0,TRAIN,33,271004
campaign3_gate2_v1:F11:K11:0:D10,F11,K11,D10,0,TRAIN,19,270954
campaign3_gate2_v1:F11:K11:0:D11,F11,K11,D11,0,TRAIN,16,271023
campaign3_gate2_v1:F11:K11:0:DbetaU,F11,K11,DbetaU,0,TRAIN,23,271066
campaign3_gate2_v1:F11:K11:1:D00,F11,K11,D00,1,TRAIN,8,271087
campaign3_gate2_v1:F11:K11:1:D01,F11,K11,D01,1,TRAIN,9,271160
campaign3_gate2_v1:F11:K11:1:D10,F11,K11,D10,1,TRAIN,18,271133
campaign3_gate2_v1:F11:K11:1:D11,F11,K11,D11,1,TRAIN,19,271206
campaign3_gate2_v1:F11:K11:1:DbetaU,F11,K11,DbetaU,1,TRAIN,14,271237
campaign3_gate2_v1:F11:K11:2:D00,F11,K11,D00,2,TRAIN,30,271289
campaign3_gate2_v1:F11:K11:2:D01,F11,K11,D01,2,TRAIN,22,271353
campaign3_gate2_v1:F11:K11:2:D10,F11,K11,D10,2,TRAIN,35,271330
campaign3_gate2_v1:F11:K11:2:D11,F11,K11,D11,2,TRAIN,13,271380
campaign3_gate2_v1:F11:K11:2:DbetaU,F11,K11,DbetaU,2,TRAIN,26,271429
campaign3_gate2_v1:F11:K11:3:D00,F11,K11,D00,3,VALIDATION,4,271443
campaign3_gate2_v1:F11:K11:3:D01,F11,K11,D01,3,VALIDATION,16,271527
campaign3_gate2_v1:F11:K11:3:D10,F11,K11,D10,3,VALIDATION,4,271479
campaign3_gate2_v1:F11:K11:3:D11,F11,K11,D11,3,VALIDATION,3,271550
campaign3_gate2_v1:F11:K11:3:DbetaU,F11,K11,DbetaU,3,VALIDATION,14,271597
campaign3_gate2_v1:F11:K11:4:D00,F11,K11,D00,4,DEVELOPMENT_TEST,26,271645
campaign3_gate2_v1:F11:K11:4:D01,F11,K11,D01,4,DEVELOPMENT_TEST,28,271719
campaign3_gate2_v1:F11:K11:4:D10,F11,K11,D10,4,DEVELOPMENT_TEST,5,271660
campaign3_gate2_v1:F11:K11:4:D11,F11,K11,D11,4,DEVELOPMENT_TEST,36,271763
campaign3_gate2_v1:F11:K11:4:DbetaU,F11,K11,DbetaU,4,DEVELOPMENT_TEST,9,271772
campaign3_gate2_v1:F11:K13:0:D00,F11,K13,D00,0,TRAIN,31,271830
campaign3_gate2_v1:F11:K13:0:D01,F11,K13,D01,0,TRAIN,21,271892
campaign3_gate2_v1:F11:K13:0:D10,F11,K13,D10,0,TRAIN,13,271848
campaign3_gate2_v1:F11:K13:0:D11,F11,K13,D11,0,TRAIN,30,271937
campaign3_gate2_v1:F11:K13:0:DbetaU,F11,K13,DbetaU,0,TRAIN,11,271954
campaign3_gate2_v1:F11:K13:1:D00,F11,K13,D00,1,TRAIN,34,272013
campaign3_gate2_v1:F11:K13:1:D01,F11,K13,D01,1,TRAIN,8,272059
campaign3_gate2_v1:F11:K13:1:D10,F11,K13,D10,1,TRAIN,27,272042
campaign3_gate2_v1:F11:K13:1:D11,F11,K13,D11,1,TRAIN,9,272096
campaign3_gate2_v1:F11:K13:1:DbetaU,F11,K13,DbetaU,1,TRAIN,28,272151
campaign3_gate2_v1:F11:K13:2:D00,F11,K13,D00,2,TRAIN,32,272191
campaign3_gate2_v1:F11:K13:2:D01,F11,K13,D01,2,TRAIN,24,272255
campaign3_gate2_v1:F11:K13:2:D10,F11,K13,D10,2,TRAIN,4,272199
campaign3_gate2_v1:F11:K13:2:D11,F11,K13,D11,2,TRAIN,32,272299
campaign3_gate2_v1:F11:K13:2:DbetaU,F11,K13,DbetaU,2,TRAIN,17,272320
campaign3_gate2_v1:F11:K13:3:D00,F11,K13,D00,3,VALIDATION,27,272366
campaign3_gate2_v1:F11:K13:3:D01,F11,K13,D01,3,VALIDATION,25,272436
campaign3_gate2_v1:F11:K13:3:D10,F11,K13,D10,3,VALIDATION,8,272383
campaign3_gate2_v1:F11:K13:3:D11,F11,K13,D11,3,VALIDATION,29,272476
campaign3_gate2_v1:F11:K13:3:DbetaU,F11,K13,DbetaU,3,VALIDATION,24,272507
campaign3_gate2_v1:F11:K13:4:D00,F11,K13,D00,4,DEVELOPMENT_TEST,36,272555
campaign3_gate2_v1:F11:K13:4:D01,F11,K13,D01,4,DEVELOPMENT_TEST,22,272613
campaign3_gate2_v1:F11:K13:4:D10,F11,K13,D10,4,DEVELOPMENT_TEST,10,272565
campaign3_gate2_v1:F11:K13:4:D11,F11,K13,D11,4,DEVELOPMENT_TEST,16,272643
campaign3_gate2_v1:F11:K13:4:DbetaU,F11,K13,DbetaU,4,DEVELOPMENT_TEST,19,272682
campaign3_gate2_v1:F11:K15:0:D00,F11,K15,D00,0,TRAIN,33,272732
campaign3_gate2_v1:F11:K15:0:D01,F11,K15,D01,0,TRAIN,32,272803
campaign3_gate2_v1:F11:K15:0:D10,F11,K15,D10,0,TRAIN,5,272740
campaign3_gate2_v1:F11:K15:0:D11,F11,K15,D11,0,TRAIN,21,272828
campaign3_gate2_v1:F11:K15:0:DbetaU,F11,K15,DbetaU,0,TRAIN,1,272844
campaign3_gate2_v1:F11:K15:1:D00,F11,K15,D00,1,TRAIN,2,272881
campaign3_gate2_v1:F11:K15:1:D01,F11,K15,D01,1,TRAIN,2,272953
campaign3_gate2_v1:F11:K15:1:D10,F11,K15,D10,1,TRAIN,9,272924
campaign3_gate2_v1:F11:K15:1:D11,F11,K15,D11,1,TRAIN,19,273006
campaign3_gate2_v1:F11:K15:1:DbetaU,F11,K15,DbetaU,1,TRAIN,4,273027
campaign3_gate2_v1:F11:K15:2:D00,F11,K15,D00,2,TRAIN,36,273095
campaign3_gate2_v1:F11:K15:2:D01,F11,K15,D01,2,TRAIN,27,273158
campaign3_gate2_v1:F11:K15:2:D10,F11,K15,D10,2,TRAIN,3,273098
campaign3_gate2_v1:F11:K15:2:D11,F11,K15,D11,2,TRAIN,16,273183
campaign3_gate2_v1:F11:K15:2:DbetaU,F11,K15,DbetaU,2,TRAIN,6,273209
campaign3_gate2_v1:F11:K15:3:D00,F11,K15,D00,3,VALIDATION,7,273246
campaign3_gate2_v1:F11:K15:3:D01,F11,K15,D01,3,VALIDATION,24,273335
campaign3_gate2_v1:F11:K15:3:D10,F11,K15,D10,3,VALIDATION,31,273306
campaign3_gate2_v1:F11:K15:3:D11,F11,K15,D11,3,VALIDATION,20,273367
campaign3_gate2_v1:F11:K15:3:DbetaU,F11,K15,DbetaU,3,VALIDATION,24,273407
campaign3_gate2_v1:F11:K15:4:D00,F11,K15,D00,4,DEVELOPMENT_TEST,1,273420
campaign3_gate2_v1:F11:K15:4:D01,F11,K15,D01,4,DEVELOPMENT_TEST,32,273523
campaign3_gate2_v1:F11:K15:4:D10,F11,K15,D10,4,DEVELOPMENT_TEST,14,273469
campaign3_gate2_v1:F11:K15:4:D11,F11,K15,D11,4,DEVELOPMENT_TEST,3,273530
campaign3_gate2_v1:F11:K15:4:DbetaU,F11,K15,DbetaU,4,DEVELOPMENT_TEST,33,273596
campaign3_gate2_v1:F11:K16:0:D00,F11,K16,D00,0,TRAIN,32,273631
campaign3_gate2_v1:F11:K16:0:D01,F11,K16,D01,0,TRAIN,7,273678
campaign3_gate2_v1:F11:K16:0:D10,F11,K16,D10,0,TRAIN,2,273637
campaign3_gate2_v1:F11:K16:0:D11,F11,K16,D11,0,TRAIN,30,273737
campaign3_gate2_v1:F11:K16:0:DbetaU,F11,K16,DbetaU,0,TRAIN,10,273753
campaign3_gate2_v1:F11:K16:1:D00,F11,K16,D00,1,TRAIN,18,273797
campaign3_gate2_v1:F11:K16:1:D01,F11,K16,D01,1,TRAIN,19,273870
campaign3_gate2_v1:F11:K16:1:D10,F11,K16,D10,1,TRAIN,15,273830
campaign3_gate2_v1:F11:K16:1:D11,F11,K16,D11,1,TRAIN,11,273898
campaign3_gate2_v1:F11:K16:1:DbetaU,F11,K16,DbetaU,1,TRAIN,1,273924
campaign3_gate2_v1:F11:K16:2:D00,F11,K16,D00,2,TRAIN,28,273987
campaign3_gate2_v1:F11:K16:2:D01,F11,K16,D01,2,TRAIN,12,274043
campaign3_gate2_v1:F11:K16:2:D10,F11,K16,D10,2,TRAIN,7,274002
campaign3_gate2_v1:F11:K16:2:D11,F11,K16,D11,2,TRAIN,25,274092
campaign3_gate2_v1:F11:K16:2:DbetaU,F11,K16,DbetaU,2,TRAIN,24,274127
campaign3_gate2_v1:F11:K16:3:D00,F11,K16,D00,3,VALIDATION,17,274156
campaign3_gate2_v1:F11:K16:3:D01,F11,K16,D01,3,VALIDATION,33,274244
campaign3_gate2_v1:F11:K16:3:D10,F11,K16,D10,3,VALIDATION,28,274203
campaign3_gate2_v1:F11:K16:3:D11,F11,K16,D11,3,VALIDATION,7,274254
campaign3_gate2_v1:F11:K16:3:DbetaU,F11,K16,DbetaU,3,VALIDATION,15,274298
campaign3_gate2_v1:F11:K16:4:D00,F11,K16,D00,4,DEVELOPMENT_TEST,7,274326
campaign3_gate2_v1:F11:K16:4:D01,F11,K16,D01,4,DEVELOPMENT_TEST,2,274393
campaign3_gate2_v1:F11:K16:4:D10,F11,K16,D10,4,DEVELOPMENT_TEST,19,274374
campaign3_gate2_v1:F11:K16:4:D11,F11,K16,D11,4,DEVELOPMENT_TEST,5,274432
campaign3_gate2_v1:F11:K16:4:DbetaU,F11,K16,DbetaU,4,DEVELOPMENT_TEST,12,274475
campaign3_gate2_v1:F11:K17:0:D00,F11,K17,D00,0,TRAIN,32,274531
campaign3_gate2_v1:F11:K17:0:D01,F11,K17,D01,0,TRAIN,26,274597
campaign3_gate2_v1:F11:K17:0:D10,F11,K17,D10,0,TRAIN,16,274551
campaign3_gate2_v1:F11:K17:0:D11,F11,K17,D11,0,TRAIN,10,274617
campaign3_gate2_v1:F11:K17:0:DbetaU,F11,K17,DbetaU,0,TRAIN,32,274675
campaign3_gate2_v1:F11:K17:1:D00,F11,K17,D00,1,TRAIN,28,274707
campaign3_gate2_v1:F11:K17:1:D01,F11,K17,D01,1,TRAIN,13,274764
campaign3_gate2_v1:F11:K17:1:D10,F11,K17,D10,1,TRAIN,7,274722
campaign3_gate2_v1:F11:K17:1:D11,F11,K17,D11,1,TRAIN,35,274822
campaign3_gate2_v1:F11:K17:1:DbetaU,F11,K17,DbetaU,1,TRAIN,11,274834
campaign3_gate2_v1:F11:K17:2:D00,F11,K17,D00,2,TRAIN,5,274864
campaign3_gate2_v1:F11:K17:2:D01,F11,K17,D01,2,TRAIN,19,274950
campaign3_gate2_v1:F11:K17:2:D10,F11,K17,D10,2,TRAIN,28,274923
campaign3_gate2_v1:F11:K17:2:D11,F11,K17,D11,2,TRAIN,35,275002
campaign3_gate2_v1:F11:K17:2:DbetaU,F11,K17,DbetaU,2,TRAIN,15,275018
campaign3_gate2_v1:F11:K17:3:D00,F11,K17,D00,3,VALIDATION,5,275044
campaign3_gate2_v1:F11:K17:3:D01,F11,K17,D01,3,VALIDATION,3,275114
campaign3_gate2_v1:F11:K17:3:D10,F11,K17,D10,3,VALIDATION,26,275101
campaign3_gate2_v1:F11:K17:3:D11,F11,K17,D11,3,VALIDATION,34,275181
campaign3_gate2_v1:F11:K17:3:DbetaU,F11,K17,DbetaU,3,VALIDATION,7,275190
campaign3_gate2_v1:F11:K17:4:D00,F11,K17,D00,4,DEVELOPMENT_TEST,3,275222
campaign3_gate2_v1:F11:K17:4:D01,F11,K17,D01,4,DEVELOPMENT_TEST,4,275295
campaign3_gate2_v1:F11:K17:4:D10,F11,K17,D10,4,DEVELOPMENT_TEST,19,275274
campaign3_gate2_v1:F11:K17:4:D11,F11,K17,D11,4,DEVELOPMENT_TEST,33,275360
campaign3_gate2_v1:F11:K17:4:DbetaU,F11,K17,DbetaU,4,DEVELOPMENT_TEST,33,275396
campaign3_gate2_v1:F11:K20:0:D00,F11,K20,D00,0,TRAIN,30,275429
campaign3_gate2_v1:F11:K20:0:D01,F11,K20,D01,0,TRAIN,21,275492
campaign3_gate2_v1:F11:K20:0:D10,F11,K20,D10,0,TRAIN,28,275463
campaign3_gate2_v1:F11:K20:0:D11,F11,K20,D11,0,TRAIN,35,275542
campaign3_gate2_v1:F11:K20:0:DbetaU,F11,K20,DbetaU,0,TRAIN,16,275559
campaign3_gate2_v1:F11:K20:1:D00,F11,K20,D00,1,TRAIN,14,275593
campaign3_gate2_v1:F11:K20:1:D01,F11,K20,D01,1,TRAIN,3,275654
campaign3_gate2_v1:F11:K20:1:D10,F11,K20,D10,1,TRAIN,36,275651
campaign3_gate2_v1:F11:K20:1:D11,F11,K20,D11,1,TRAIN,7,275694
campaign3_gate2_v1:F11:K20:1:DbetaU,F11,K20,DbetaU,1,TRAIN,16,275739
campaign3_gate2_v1:F11:K20:2:D00,F11,K20,D00,2,TRAIN,21,275780
campaign3_gate2_v1:F11:K20:2:D01,F11,K20,D01,2,TRAIN,31,275862
campaign3_gate2_v1:F11:K20:2:D10,F11,K20,D10,2,TRAIN,18,275813
campaign3_gate2_v1:F11:K20:2:D11,F11,K20,D11,2,TRAIN,5,275872
campaign3_gate2_v1:F11:K20:2:DbetaU,F11,K20,DbetaU,2,TRAIN,27,275930
campaign3_gate2_v1:F11:K20:3:D00,F11,K20,D00,3,VALIDATION,19,275958
campaign3_gate2_v1:F11:K20:3:D01,F11,K20,D01,3,VALIDATION,12,276023
campaign3_gate2_v1:F11:K20:3:D10,F11,K20,D10,3,VALIDATION,31,276006
campaign3_gate2_v1:F11:K20:3:D11,F11,K20,D11,3,VALIDATION,7,276054
campaign3_gate2_v1:F11:K20:3:DbetaU,F11,K20,DbetaU,3,VALIDATION,32,276115
campaign3_gate2_v1:F11:K20:4:D00,F11,K20,D00,4,DEVELOPMENT_TEST,17,276136
campaign3_gate2_v1:F11:K20:4:D01,F11,K20,D01,4,DEVELOPMENT_TEST,32,276223
campaign3_gate2_v1:F11:K20:4:D10,F11,K20,D10,4,DEVELOPMENT_TEST,29,276184
campaign3_gate2_v1:F11:K20:4:D11,F11,K20,D11,4,DEVELOPMENT_TEST,2,276229
campaign3_gate2_v1:F11:K20:4:DbetaU,F11,K20,DbetaU,4,DEVELOPMENT_TEST,27,276290
campaign3_gate2_v1:F11:K21:0:D00,F11,K21,D00,0,TRAIN,3,276302
campaign3_gate2_v1:F11:K21:0:D01,F11,K21,D01,0,TRAIN,12,276383
campaign3_gate2_v1:F11:K21:0:D10,F11,K21,D10,0,TRAIN,11,276346
campaign3_gate2_v1:F11:K21:0:D11,F11,K21,D11,0,TRAIN,2,276409
campaign3_gate2_v1:F11:K21:0:DbetaU,F11,K21,DbetaU,0,TRAIN,28,276471
campaign3_gate2_v1:F11:K21:1:D00,F11,K21,D00,1,TRAIN,34,276513
campaign3_gate2_v1:F11:K21:1:D01,F11,K21,D01,1,TRAIN,11,276562
campaign3_gate2_v1:F11:K21:1:D10,F11,K21,D10,1,TRAIN,32,276547
campaign3_gate2_v1:F11:K21:1:D11,F11,K21,D11,1,TRAIN,26,276613
campaign3_gate2_v1:F11:K21:1:DbetaU,F11,K21,DbetaU,1,TRAIN,28,276651
campaign3_gate2_v1:F11:K21:2:D00,F11,K21,D00,2,TRAIN,26,276685
campaign3_gate2_v1:F11:K21:2:D01,F11,K21,D01,2,TRAIN,10,276741
campaign3_gate2_v1:F11:K21:2:D10,F11,K21,D10,2,TRAIN,29,276724
campaign3_gate2_v1:F11:K21:2:D11,F11,K21,D11,2,TRAIN,6,276773
campaign3_gate2_v1:F11:K21:2:DbetaU,F11,K21,DbetaU,2,TRAIN,19,276822
campaign3_gate2_v1:F11:K21:3:D00,F11,K21,D00,3,VALIDATION,7,276846
campaign3_gate2_v1:F11:K21:3:D01,F11,K21,D01,3,VALIDATION,12,276923
campaign3_gate2_v1:F11:K21:3:D10,F11,K21,D10,3,VALIDATION,4,276879
campaign3_gate2_v1:F11:K21:3:D11,F11,K21,D11,3,VALIDATION,27,276974
campaign3_gate2_v1:F11:K21:3:DbetaU,F11,K21,DbetaU,3,VALIDATION,3,276986
campaign3_gate2_v1:F11:K21:4:D00,F11,K21,D00,4,DEVELOPMENT_TEST,2,277021
campaign3_gate2_v1:F11:K21:4:D01,F11,K21,D01,4,DEVELOPMENT_TEST,36,277127
campaign3_gate2_v1:F11:K21:4:D10,F11,K21,D10,4,DEVELOPMENT_TEST,27,277082
campaign3_gate2_v1:F11:K21:4:D11,F11,K21,D11,4,DEVELOPMENT_TEST,12,277139
campaign3_gate2_v1:F11:K21:4:DbetaU,F11,K21,DbetaU,4,DEVELOPMENT_TEST,2,277165
campaign3_gate2_v1:F11:K23:0:D00,F11,K23,D00,0,TRAIN,14,277213
campaign3_gate2_v1:F11:K23:0:D01,F11,K23,D01,0,TRAIN,34,277305
campaign3_gate2_v1:F11:K23:0:D10,F11,K23,D10,0,TRAIN,10,277245
campaign3_gate2_v1:F11:K23:0:D11,F11,K23,D11,0,TRAIN,28,277335
campaign3_gate2_v1:F11:K23:0:DbetaU,F11,K23,DbetaU,0,TRAIN,33,277376
campaign3_gate2_v1:F11:K23:1:D00,F11,K23,D00,1,TRAIN,8,277387
campaign3_gate2_v1:F11:K23:1:D01,F11,K23,D01,1,TRAIN,24,277475
campaign3_gate2_v1:F11:K23:1:D10,F11,K23,D10,1,TRAIN,28,277443
campaign3_gate2_v1:F11:K23:1:D11,F11,K23,D11,1,TRAIN,11,277498
campaign3_gate2_v1:F11:K23:1:DbetaU,F11,K23,DbetaU,1,TRAIN,15,277538
campaign3_gate2_v1:F11:K23:2:D00,F11,K23,D00,2,TRAIN,15,277574
campaign3_gate2_v1:F11:K23:2:D01,F11,K23,D01,2,TRAIN,1,277632
campaign3_gate2_v1:F11:K23:2:D10,F11,K23,D10,2,TRAIN,24,277619
campaign3_gate2_v1:F11:K23:2:D11,F11,K23,D11,2,TRAIN,12,277679
campaign3_gate2_v1:F11:K23:2:DbetaU,F11,K23,DbetaU,2,TRAIN,16,277719
campaign3_gate2_v1:F11:K23:3:D00,F11,K23,D00,3,VALIDATION,20,277759
campaign3_gate2_v1:F11:K23:3:D01,F11,K23,D01,3,VALIDATION,27,277838
campaign3_gate2_v1:F11:K23:3:D10,F11,K23,D10,3,VALIDATION,16,277791
campaign3_gate2_v1:F11:K23:3:D11,F11,K23,D11,3,VALIDATION,16,277863
campaign3_gate2_v1:F11:K23:3:DbetaU,F11,K23,DbetaU,3,VALIDATION,1,277884
campaign3_gate2_v1:F11:K23:4:D00,F11,K23,D00,4,DEVELOPMENT_TEST,6,277925
campaign3_gate2_v1:F11:K23:4:D01,F11,K23,D01,4,DEVELOPMENT_TEST,6,277997
campaign3_gate2_v1:F11:K23:4:D10,F11,K23,D10,4,DEVELOPMENT_TEST,29,277984
campaign3_gate2_v1:F11:K23:4:D11,F11,K23,D11,4,DEVELOPMENT_TEST,34,278061
campaign3_gate2_v1:F11:K23:4:DbetaU,F11,K23,DbetaU,4,DEVELOPMENT_TEST,24,278087
campaign3_gate2_v1:F11:K25:0:D00,F11,K25,D00,0,TRAIN,4,278103
campaign3_gate2_v1:F11:K25:0:D01,F11,K25,D01,0,TRAIN,5,278176
campaign3_gate2_v1:F11:K25:0:D10,F11,K25,D10,0,TRAIN,12,278147
campaign3_gate2_v1:F11:K25:0:D11,F11,K25,D11,0,TRAIN,12,278219
campaign3_gate2_v1:F11:K25:0:DbetaU,F11,K25,DbetaU,0,TRAIN,31,278274
campaign3_gate2_v1:F11:K25:1:D00,F11,K25,D00,1,TRAIN,34,278313
campaign3_gate2_v1:F11:K25:1:D01,F11,K25,D01,1,TRAIN,15,278366
campaign3_gate2_v1:F11:K25:1:D10,F11,K25,D10,1,TRAIN,30,278345
campaign3_gate2_v1:F11:K25:1:D11,F11,K25,D11,1,TRAIN,33,278420
campaign3_gate2_v1:F11:K25:1:DbetaU,F11,K25,DbetaU,1,TRAIN,31,278454
campaign3_gate2_v1:F11:K25:2:D00,F11,K25,D00,2,TRAIN,13,278472
campaign3_gate2_v1:F11:K25:2:D01,F11,K25,D01,2,TRAIN,14,278545
campaign3_gate2_v1:F11:K25:2:D10,F11,K25,D10,2,TRAIN,29,278524
campaign3_gate2_v1:F11:K25:2:D11,F11,K25,D11,2,TRAIN,36,278603
campaign3_gate2_v1:F11:K25:2:DbetaU,F11,K25,DbetaU,2,TRAIN,9,278612
campaign3_gate2_v1:F11:K25:3:D00,F11,K25,D00,3,VALIDATION,6,278645
campaign3_gate2_v1:F11:K25:3:D01,F11,K25,D01,3,VALIDATION,11,278722
campaign3_gate2_v1:F11:K25:3:D10,F11,K25,D10,3,VALIDATION,35,278710
campaign3_gate2_v1:F11:K25:3:D11,F11,K25,D11,3,VALIDATION,17,278764
campaign3_gate2_v1:F11:K25:3:DbetaU,F11,K25,DbetaU,3,VALIDATION,22,278805
campaign3_gate2_v1:F11:K25:4:D00,F11,K25,D00,4,DEVELOPMENT_TEST,5,278824
campaign3_gate2_v1:F11:K25:4:D01,F11,K25,D01,4,DEVELOPMENT_TEST,11,278902
campaign3_gate2_v1:F11:K25:4:D10,F11,K25,D10,4,DEVELOPMENT_TEST,17,278872
campaign3_gate2_v1:F11:K25:4:D11,F11,K25,D11,4,DEVELOPMENT_TEST,20,278947
campaign3_gate2_v1:F11:K25:4:DbetaU,F11,K25,DbetaU,4,DEVELOPMENT_TEST,22,278985
campaign3_gate2_v1:F11:K26:0:D00,F11,K26,D00,0,TRAIN,9,279008
campaign3_gate2_v1:F11:K26:0:D01,F11,K26,D01,0,TRAIN,34,279105
campaign3_gate2_v1:F11:K26:0:D10,F11,K26,D10,0,TRAIN,35,279070
campaign3_gate2_v1:F11:K26:0:D11,F11,K26,D11,0,TRAIN,13,279120
campaign3_gate2_v1:F11:K26:0:DbetaU,F11,K26,DbetaU,0,TRAIN,1,279144
campaign3_gate2_v1:F11:K26:1:D00,F11,K26,D00,1,TRAIN,4,279183
campaign3_gate2_v1:F11:K26:1:D01,F11,K26,D01,1,TRAIN,10,279261
campaign3_gate2_v1:F11:K26:1:D10,F11,K26,D10,1,TRAIN,29,279244
campaign3_gate2_v1:F11:K26:1:D11,F11,K26,D11,1,TRAIN,28,279315
campaign3_gate2_v1:F11:K26:1:DbetaU,F11,K26,DbetaU,1,TRAIN,33,279356
campaign3_gate2_v1:F11:K26:2:D00,F11,K26,D00,2,TRAIN,35,279394
campaign3_gate2_v1:F11:K26:2:D01,F11,K26,D01,2,TRAIN,34,279465
campaign3_gate2_v1:F11:K26:2:D10,F11,K26,D10,2,TRAIN,14,279409
campaign3_gate2_v1:F11:K26:2:D11,F11,K26,D11,2,TRAIN,11,279478
campaign3_gate2_v1:F11:K26:2:DbetaU,F11,K26,DbetaU,2,TRAIN,24,279527
campaign3_gate2_v1:F11:K26:3:D00,F11,K26,D00,3,VALIDATION,33,279572
campaign3_gate2_v1:F11:K26:3:D01,F11,K26,D01,3,VALIDATION,36,279647
campaign3_gate2_v1:F11:K26:3:D10,F11,K26,D10,3,VALIDATION,11,279586
campaign3_gate2_v1:F11:K26:3:D11,F11,K26,D11,3,VALIDATION,28,279675
campaign3_gate2_v1:F11:K26:3:DbetaU,F11,K26,DbetaU,3,VALIDATION,4,279687
campaign3_gate2_v1:F11:K26:4:D00,F11,K26,D00,4,DEVELOPMENT_TEST,2,279721
campaign3_gate2_v1:F11:K26:4:D01,F11,K26,D01,4,DEVELOPMENT_TEST,18,279809
campaign3_gate2_v1:F11:K26:4:D10,F11,K26,D10,4,DEVELOPMENT_TEST,23,279778
campaign3_gate2_v1:F11:K26:4:D11,F11,K26,D11,4,DEVELOPMENT_TEST,23,279850
campaign3_gate2_v1:F11:K26:4:DbetaU,F11,K26,DbetaU,4,DEVELOPMENT_TEST,15,279878
campaign3_gate2_v1:F11:K27:0:D00,F11,K27,D00,0,TRAIN,33,279932
campaign3_gate2_v1:F11:K27:0:D01,F11,K27,D01,0,TRAIN,13,279984
campaign3_gate2_v1:F11:K27:0:D10,F11,K27,D10,0,TRAIN,14,279949
campaign3_gate2_v1:F11:K27:0:D11,F11,K27,D11,0,TRAIN,36,280043
campaign3_gate2_v1:F11:K27:0:DbetaU,F11,K27,DbetaU,0,TRAIN,34,280077
campaign3_gate2_v1:F11:K27:1:D00,F11,K27,D00,1,TRAIN,28,280107
campaign3_gate2_v1:F11:K27:1:D01,F11,K27,D01,1,TRAIN,7,280158
campaign3_gate2_v1:F11:K27:1:D10,F11,K27,D10,1,TRAIN,23,280138
campaign3_gate2_v1:F11:K27:1:D11,F11,K27,D11,1,TRAIN,7,280194
campaign3_gate2_v1:F11:K27:1:DbetaU,F11,K27,DbetaU,1,TRAIN,34,280257
campaign3_gate2_v1:F11:K27:2:D00,F11,K27,D00,2,TRAIN,12,280271
campaign3_gate2_v1:F11:K27:2:D01,F11,K27,D01,2,TRAIN,27,280358
campaign3_gate2_v1:F11:K27:2:D10,F11,K27,D10,2,TRAIN,24,280319
campaign3_gate2_v1:F11:K27:2:D11,F11,K27,D11,2,TRAIN,15,280382
campaign3_gate2_v1:F11:K27:2:DbetaU,F11,K27,DbetaU,2,TRAIN,17,280420
campaign3_gate2_v1:F11:K27:3:D00,F11,K27,D00,3,VALIDATION,21,280460
campaign3_gate2_v1:F11:K27:3:D01,F11,K27,D01,3,VALIDATION,22,280533
campaign3_gate2_v1:F11:K27:3:D10,F11,K27,D10,3,VALIDATION,14,280489
campaign3_gate2_v1:F11:K27:3:D11,F11,K27,D11,3,VALIDATION,23,280570
campaign3_gate2_v1:F11:K27:3:DbetaU,F11,K27,DbetaU,3,VALIDATION,13,280596
campaign3_gate2_v1:F11:K27:4:D00,F11,K27,D00,4,DEVELOPMENT_TEST,11,280630
campaign3_gate2_v1:F11:K27:4:D01,F11,K27,D01,4,DEVELOPMENT_TEST,36,280727
campaign3_gate2_v1:F11:K27:4:D10,F11,K27,D10,4,DEVELOPMENT_TEST,6,280661
campaign3_gate2_v1:F11:K27:4:D11,F11,K27,D11,4,DEVELOPMENT_TEST,10,280737
campaign3_gate2_v1:F11:K27:4:DbetaU,F11,K27,DbetaU,4,DEVELOPMENT_TEST,29,280792
campaign3_gate2_v1:F11:K31:0:D00,F11,K31,D00,0,TRAIN,29,280828
campaign3_gate2_v1:F11:K31:0:D01,F11,K31,D01,0,TRAIN,21,280892
campaign3_gate2_v1:F11:K31:0:D10,F11,K31,D10,0,TRAIN,24,280859
campaign3_gate2_v1:F11:K31:0:D11,F11,K31,D11,0,TRAIN,26,280933
campaign3_gate2_v1:F11:K31:0:DbetaU,F11,K31,DbetaU,0,TRAIN,30,280973
campaign3_gate2_v1:F11:K31:1:D00,F11,K31,D00,1,TRAIN,14,280993
campaign3_gate2_v1:F11:K31:1:D01,F11,K31,D01,1,TRAIN,29,281080
campaign3_gate2_v1:F11:K31:1:D10,F11,K31,D10,1,TRAIN,10,281025
campaign3_gate2_v1:F11:K31:1:D11,F11,K31,D11,1,TRAIN,26,281113
campaign3_gate2_v1:F11:K31:1:DbetaU,F11,K31,DbetaU,1,TRAIN,34,281157
campaign3_gate2_v1:F11:K31:2:D00,F11,K31,D00,2,TRAIN,26,281185
campaign3_gate2_v1:F11:K31:2:D01,F11,K31,D01,2,TRAIN,20,281251
campaign3_gate2_v1:F11:K31:2:D10,F11,K31,D10,2,TRAIN,18,281213
campaign3_gate2_v1:F11:K31:2:D11,F11,K31,D11,2,TRAIN,15,281282
campaign3_gate2_v1:F11:K31:2:DbetaU,F11,K31,DbetaU,2,TRAIN,7,281310
campaign3_gate2_v1:F11:K31:3:D00,F11,K31,D00,3,VALIDATION,3,281342
campaign3_gate2_v1:F11:K31:3:D01,F11,K31,D01,3,VALIDATION,1,281412
campaign3_gate2_v1:F11:K31:3:D10,F11,K31,D10,3,VALIDATION,11,281386
campaign3_gate2_v1:F11:K31:3:D11,F11,K31,D11,3,VALIDATION,5,281452
campaign3_gate2_v1:F11:K31:3:DbetaU,F11,K31,DbetaU,3,VALIDATION,5,281488
campaign3_gate2_v1:F11:K31:4:D00,F11,K31,D00,4,DEVELOPMENT_TEST,13,281532
campaign3_gate2_v1:F11:K31:4:D01,F11,K31,D01,4,DEVELOPMENT_TEST,10,281601
campaign3_gate2_v1:F11:K31:4:D10,F11,K31,D10,4,DEVELOPMENT_TEST,36,281591
campaign3_gate2_v1:F11:K31:4:D11,F11,K31,D11,4,DEVELOPMENT_TEST,8,281635
campaign3_gate2_v1:F11:K31:4:DbetaU,F11,K31,DbetaU,4,DEVELOPMENT_TEST,30,281693
campaign3_gate2_v1:F11:K32:0:D00,F11,K32,D00,0,TRAIN,19,281718
campaign3_gate2_v1:F11:K32:0:D01,F11,K32,D01,0,TRAIN,19,281790
campaign3_gate2_v1:F11:K32:0:D10,F11,K32,D10,0,TRAIN,9,281744
campaign3_gate2_v1:F11:K32:0:D11,F11,K32,D11,0,TRAIN,34,281841
campaign3_gate2_v1:F11:K32:0:DbetaU,F11,K32,DbetaU,0,TRAIN,20,281863
campaign3_gate2_v1:F11:K32:1:D00,F11,K32,D00,1,TRAIN,8,281887
campaign3_gate2_v1:F11:K32:1:D01,F11,K32,D01,1,TRAIN,29,281980
campaign3_gate2_v1:F11:K32:1:D10,F11,K32,D10,1,TRAIN,19,281934
campaign3_gate2_v1:F11:K32:1:D11,F11,K32,D11,1,TRAIN,35,282022
campaign3_gate2_v1:F11:K32:1:DbetaU,F11,K32,DbetaU,1,TRAIN,29,282052
campaign3_gate2_v1:F11:K32:2:D00,F11,K32,D00,2,TRAIN,20,282079
campaign3_gate2_v1:F11:K32:2:D01,F11,K32,D01,2,TRAIN,10,282141
campaign3_gate2_v1:F11:K32:2:D10,F11,K32,D10,2,TRAIN,10,282105
campaign3_gate2_v1:F11:K32:2:D11,F11,K32,D11,2,TRAIN,29,282196
campaign3_gate2_v1:F11:K32:2:DbetaU,F11,K32,DbetaU,2,TRAIN,12,282215
campaign3_gate2_v1:F11:K32:3:D00,F11,K32,D00,3,VALIDATION,25,282264
campaign3_gate2_v1:F11:K32:3:D01,F11,K32,D01,3,VALIDATION,3,282314
campaign3_gate2_v1:F11:K32:3:D10,F11,K32,D10,3,VALIDATION,7,282282
campaign3_gate2_v1:F11:K32:3:D11,F11,K32,D11,3,VALIDATION,36,282383
campaign3_gate2_v1:F11:K32:3:DbetaU,F11,K32,DbetaU,3,VALIDATION,12,282395
campaign3_gate2_v1:F11:K32:4:D00,F11,K32,D00,4,DEVELOPMENT_TEST,28,282447
campaign3_gate2_v1:F11:K32:4:D01,F11,K32,D01,4,DEVELOPMENT_TEST,21,282512
campaign3_gate2_v1:F11:K32:4:D10,F11,K32,D10,4,DEVELOPMENT_TEST,32,282487
campaign3_gate2_v1:F11:K32:4:D11,F11,K32,D11,4,DEVELOPMENT_TEST,19,282546
campaign3_gate2_v1:F11:K32:4:DbetaU,F11,K32,DbetaU,4,DEVELOPMENT_TEST,11,282574
campaign3_gate2_v1:F11:K33:0:D00,F11,K33,D00,0,TRAIN,14,282613
campaign3_gate2_v1:F11:K33:0:D01,F11,K33,D01,0,TRAIN,17,282688
campaign3_gate2_v1:F11:K33:0:D10,F11,K33,D10,0,TRAIN,28,282663
campaign3_gate2_v1:F11:K33:0:D11,F11,K33,D11,0,TRAIN,9,282716
campaign3_gate2_v1:F11:K33:0:DbetaU,F11,K33,DbetaU,0,TRAIN,28,282771
campaign3_gate2_v1:F11:K33:1:D00,F11,K33,D00,1,TRAIN,19,282798
campaign3_gate2_v1:F11:K33:1:D01,F11,K33,D01,1,TRAIN,11,282862
campaign3_gate2_v1:F11:K33:1:D10,F11,K33,D10,1,TRAIN,27,282842
campaign3_gate2_v1:F11:K33:1:D11,F11,K33,D11,1,TRAIN,36,282923
campaign3_gate2_v1:F11:K33:1:DbetaU,F11,K33,DbetaU,1,TRAIN,20,282943
campaign3_gate2_v1:F11:K33:2:D00,F11,K33,D00,2,TRAIN,5,282964
campaign3_gate2_v1:F11:K33:2:D01,F11,K33,D01,2,TRAIN,5,283036
campaign3_gate2_v1:F11:K33:2:D10,F11,K33,D10,2,TRAIN,1,282996
campaign3_gate2_v1:F11:K33:2:D11,F11,K33,D11,2,TRAIN,2,283069
campaign3_gate2_v1:F11:K33:2:DbetaU,F11,K33,DbetaU,2,TRAIN,17,283120
campaign3_gate2_v1:F11:K33:3:D00,F11,K33,D00,3,VALIDATION,17,283156
campaign3_gate2_v1:F11:K33:3:D01,F11,K33,D01,3,VALIDATION,4,283215
campaign3_gate2_v1:F11:K33:3:D10,F11,K33,D10,3,VALIDATION,26,283201
campaign3_gate2_v1:F11:K33:3:D11,F11,K33,D11,3,VALIDATION,20,283267
campaign3_gate2_v1:F11:K33:3:DbetaU,F11,K33,DbetaU,3,VALIDATION,24,283307
campaign3_gate2_v1:F11:K33:4:D00,F11,K33,D00,4,DEVELOPMENT_TEST,7,283326
campaign3_gate2_v1:F11:K33:4:D01,F11,K33,D01,4,DEVELOPMENT_TEST,33,283424
campaign3_gate2_v1:F11:K33:4:D10,F11,K33,D10,4,DEVELOPMENT_TEST,35,283390
campaign3_gate2_v1:F11:K33:4:D11,F11,K33,D11,4,DEVELOPMENT_TEST,30,283457
campaign3_gate2_v1:F11:K33:4:DbetaU,F11,K33,DbetaU,4,DEVELOPMENT_TEST,15,283478
campaign3_gate2_v1:F12:K01:0:D00,F12,K01,D00,0,TRAIN,17,283516
campaign3_gate2_v1:F12:K01:0:D01,F12,K01,D01,0,TRAIN,4,283575
campaign3_gate2_v1:F12:K01:0:D10,F12,K01,D10,0,TRAIN,32,283567
campaign3_gate2_v1:F12:K01:0:D11,F12,K01,D11,0,TRAIN,17,283624
campaign3_gate2_v1:F12:K01:0:DbetaU,F12,K01,DbetaU,0,TRAIN,16,283659
campaign3_gate2_v1:F12:K01:1:D00,F12,K01,D00,1,TRAIN,28,283707
campaign3_gate2_v1:F12:K01:1:D01,F12,K01,D01,1,TRAIN,3,283754
campaign3_gate2_v1:F12:K01:1:D10,F12,K01,D10,1,TRAIN,29,283744
campaign3_gate2_v1:F12:K01:1:D11,F12,K01,D11,1,TRAIN,13,283800
campaign3_gate2_v1:F12:K01:1:DbetaU,F12,K01,DbetaU,1,TRAIN,18,283841
campaign3_gate2_v1:F12:K01:2:D00,F12,K01,D00,2,TRAIN,32,283891
campaign3_gate2_v1:F12:K01:2:D01,F12,K01,D01,2,TRAIN,1,283932
campaign3_gate2_v1:F12:K01:2:D10,F12,K01,D10,2,TRAIN,36,283931
campaign3_gate2_v1:F12:K01:2:D11,F12,K01,D11,2,TRAIN,8,283975
campaign3_gate2_v1:F12:K01:2:DbetaU,F12,K01,DbetaU,2,TRAIN,27,284030
campaign3_gate2_v1:F12:K01:3:D00,F12,K01,D00,3,VALIDATION,10,284049
campaign3_gate2_v1:F12:K01:3:D01,F12,K01,D01,3,VALIDATION,29,284140
campaign3_gate2_v1:F12:K01:3:D10,F12,K01,D10,3,VALIDATION,20,284095
campaign3_gate2_v1:F12:K01:3:D11,F12,K01,D11,3,VALIDATION,22,284169
campaign3_gate2_v1:F12:K01:3:DbetaU,F12,K01,DbetaU,3,VALIDATION,35,284218
campaign3_gate2_v1:F12:K01:4:D00,F12,K01,D00,4,DEVELOPMENT_TEST,32,284251
campaign3_gate2_v1:F12:K01:4:D01,F12,K01,D01,4,DEVELOPMENT_TEST,22,284313
campaign3_gate2_v1:F12:K01:4:D10,F12,K01,D10,4,DEVELOPMENT_TEST,24,284279
campaign3_gate2_v1:F12:K01:4:D11,F12,K01,D11,4,DEVELOPMENT_TEST,24,284351
campaign3_gate2_v1:F12:K01:4:DbetaU,F12,K01,DbetaU,4,DEVELOPMENT_TEST,14,284377
campaign3_gate2_v1:F12:K02:0:D00,F12,K02,D00,0,TRAIN,15,284414
campaign3_gate2_v1:F12:K02:0:D01,F12,K02,D01,0,TRAIN,3,284474
campaign3_gate2_v1:F12:K02:0:D10,F12,K02,D10,0,TRAIN,4,284439
campaign3_gate2_v1:F12:K02:0:D11,F12,K02,D11,0,TRAIN,15,284522
campaign3_gate2_v1:F12:K02:0:DbetaU,F12,K02,DbetaU,0,TRAIN,35,284578
campaign3_gate2_v1:F12:K02:1:D00,F12,K02,D00,1,TRAIN,2,284581
campaign3_gate2_v1:F12:K02:1:D01,F12,K02,D01,1,TRAIN,28,284679
campaign3_gate2_v1:F12:K02:1:D10,F12,K02,D10,1,TRAIN,10,284625
campaign3_gate2_v1:F12:K02:1:D11,F12,K02,D11,1,TRAIN,11,284698
campaign3_gate2_v1:F12:K02:1:DbetaU,F12,K02,DbetaU,1,TRAIN,30,284753
campaign3_gate2_v1:F12:K02:2:D00,F12,K02,D00,2,TRAIN,25,284784
campaign3_gate2_v1:F12:K02:2:D01,F12,K02,D01,2,TRAIN,27,284858
campaign3_gate2_v1:F12:K02:2:D10,F12,K02,D10,2,TRAIN,9,284804
campaign3_gate2_v1:F12:K02:2:D11,F12,K02,D11,2,TRAIN,2,284869
campaign3_gate2_v1:F12:K02:2:DbetaU,F12,K02,DbetaU,2,TRAIN,10,284913
campaign3_gate2_v1:F12:K02:3:D00,F12,K02,D00,3,VALIDATION,22,284961
campaign3_gate2_v1:F12:K02:3:D01,F12,K02,D01,3,VALIDATION,34,285045
campaign3_gate2_v1:F12:K02:3:D10,F12,K02,D10,3,VALIDATION,14,284989
campaign3_gate2_v1:F12:K02:3:D11,F12,K02,D11,3,VALIDATION,13,285060
campaign3_gate2_v1:F12:K02:3:DbetaU,F12,K02,DbetaU,3,VALIDATION,3,285086
campaign3_gate2_v1:F12:K02:4:D00,F12,K02,D00,4,DEVELOPMENT_TEST,10,285129
campaign3_gate2_v1:F12:K02:4:D01,F12,K02,D01,4,DEVELOPMENT_TEST,31,285222
campaign3_gate2_v1:F12:K02:4:D10,F12,K02,D10,4,DEVELOPMENT_TEST,22,285177
campaign3_gate2_v1:F12:K02:4:D11,F12,K02,D11,4,DEVELOPMENT_TEST,18,285245
campaign3_gate2_v1:F12:K02:4:DbetaU,F12,K02,DbetaU,4,DEVELOPMENT_TEST,14,285277
campaign3_gate2_v1:F12:K03:0:D00,F12,K03,D00,0,TRAIN,10,285309
campaign3_gate2_v1:F12:K03:0:D01,F12,K03,D01,0,TRAIN,18,285389
campaign3_gate2_v1:F12:K03:0:D10,F12,K03,D10,0,TRAIN,27,285362
campaign3_gate2_v1:F12:K03:0:D11,F12,K03,D11,0,TRAIN,15,285422
campaign3_gate2_v1:F12:K03:0:DbetaU,F12,K03,DbetaU,0,TRAIN,21,285464
campaign3_gate2_v1:F12:K03:1:D00,F12,K03,D00,1,TRAIN,34,285513
campaign3_gate2_v1:F12:K03:1:D01,F12,K03,D01,1,TRAIN,10,285561
campaign3_gate2_v1:F12:K03:1:D10,F12,K03,D10,1,TRAIN,34,285549
campaign3_gate2_v1:F12:K03:1:D11,F12,K03,D11,1,TRAIN,23,285610
campaign3_gate2_v1:F12:K03:1:DbetaU,F12,K03,DbetaU,1,TRAIN,28,285651
campaign3_gate2_v1:F12:K03:2:D00,F12,K03,D00,2,TRAIN,31,285690
campaign3_gate2_v1:F12:K03:2:D01,F12,K03,D01,2,TRAIN,13,285744
campaign3_gate2_v1:F12:K03:2:D10,F12,K03,D10,2,TRAIN,22,285717
campaign3_gate2_v1:F12:K03:2:D11,F12,K03,D11,2,TRAIN,20,285787
campaign3_gate2_v1:F12:K03:2:DbetaU,F12,K03,DbetaU,2,TRAIN,33,285836
campaign3_gate2_v1:F12:K03:3:D00,F12,K03,D00,3,VALIDATION,32,285871
campaign3_gate2_v1:F12:K03:3:D01,F12,K03,D01,3,VALIDATION,9,285920
campaign3_gate2_v1:F12:K03:3:D10,F12,K03,D10,3,VALIDATION,17,285892
campaign3_gate2_v1:F12:K03:3:D11,F12,K03,D11,3,VALIDATION,24,285971
campaign3_gate2_v1:F12:K03:3:DbetaU,F12,K03,DbetaU,3,VALIDATION,13,285996
campaign3_gate2_v1:F12:K03:4:D00,F12,K03,D00,4,DEVELOPMENT_TEST,19,286038
campaign3_gate2_v1:F12:K03:4:D01,F12,K03,D01,4,DEVELOPMENT_TEST,30,286121
campaign3_gate2_v1:F12:K03:4:D10,F12,K03,D10,4,DEVELOPMENT_TEST,3,286058
campaign3_gate2_v1:F12:K03:4:D11,F12,K03,D11,4,DEVELOPMENT_TEST,29,286156
campaign3_gate2_v1:F12:K03:4:DbetaU,F12,K03,DbetaU,4,DEVELOPMENT_TEST,20,286183
campaign3_gate2_v1:F12:K05:0:D00,F12,K05,D00,0,TRAIN,36,286235
campaign3_gate2_v1:F12:K05:0:D01,F12,K05,D01,0,TRAIN,19,286290
campaign3_gate2_v1:F12:K05:0:D10,F12,K05,D10,0,TRAIN,22,286257
campaign3_gate2_v1:F12:K05:0:D11,F12,K05,D11,0,TRAIN,16,286323
campaign3_gate2_v1:F12:K05:0:DbetaU,F12,K05,DbetaU,0,TRAIN,29,286372
campaign3_gate2_v1:F12:K05:1:D00,F12,K05,D00,1,TRAIN,7,286386
campaign3_gate2_v1:F12:K05:1:D01,F12,K05,D01,1,TRAIN,8,286459
campaign3_gate2_v1:F12:K05:1:D10,F12,K05,D10,1,TRAIN,4,286419
campaign3_gate2_v1:F12:K05:1:D11,F12,K05,D11,1,TRAIN,17,286504
campaign3_gate2_v1:F12:K05:1:DbetaU,F12,K05,DbetaU,1,TRAIN,6,286529
campaign3_gate2_v1:F12:K05:2:D00,F12,K05,D00,2,TRAIN,32,286591
campaign3_gate2_v1:F12:K05:2:D01,F12,K05,D01,2,TRAIN,5,286636
campaign3_gate2_v1:F12:K05:2:D10,F12,K05,D10,2,TRAIN,2,286597
campaign3_gate2_v1:F12:K05:2:D11,F12,K05,D11,2,TRAIN,14,286681
campaign3_gate2_v1:F12:K05:2:DbetaU,F12,K05,DbetaU,2,TRAIN,7,286710
campaign3_gate2_v1:F12:K05:3:D00,F12,K05,D00,3,VALIDATION,1,286740
campaign3_gate2_v1:F12:K05:3:D01,F12,K05,D01,3,VALIDATION,5,286816
campaign3_gate2_v1:F12:K05:3:D10,F12,K05,D10,3,VALIDATION,25,286800
campaign3_gate2_v1:F12:K05:3:D11,F12,K05,D11,3,VALIDATION,5,286852
campaign3_gate2_v1:F12:K05:3:DbetaU,F12,K05,DbetaU,3,VALIDATION,19,286902
campaign3_gate2_v1:F12:K05:4:D00,F12,K05,D00,4,DEVELOPMENT_TEST,35,286954
campaign3_gate2_v1:F12:K05:4:D01,F12,K05,D01,4,DEVELOPMENT_TEST,17,287008
campaign3_gate2_v1:F12:K05:4:D10,F12,K05,D10,4,DEVELOPMENT_TEST,11,286966
campaign3_gate2_v1:F12:K05:4:D11,F12,K05,D11,4,DEVELOPMENT_TEST,8,287035
campaign3_gate2_v1:F12:K05:4:DbetaU,F12,K05,DbetaU,4,DEVELOPMENT_TEST,21,287084
campaign3_gate2_v1:F12:K06:0:D00,F12,K06,D00,0,TRAIN,17,287116
campaign3_gate2_v1:F12:K06:0:D01,F12,K06,D01,0,TRAIN,24,287195
campaign3_gate2_v1:F12:K06:0:D10,F12,K06,D10,0,TRAIN,14,287149
campaign3_gate2_v1:F12:K06:0:D11,F12,K06,D11,0,TRAIN,30,287237
campaign3_gate2_v1:F12:K06:0:DbetaU,F12,K06,DbetaU,0,TRAIN,32,287275
campaign3_gate2_v1:F12:K06:1:D00,F12,K06,D00,1,TRAIN,35,287314
campaign3_gate2_v1:F12:K06:1:D01,F12,K06,D01,1,TRAIN,23,287374
campaign3_gate2_v1:F12:K06:1:D10,F12,K06,D10,1,TRAIN,17,287332
campaign3_gate2_v1:F12:K06:1:D11,F12,K06,D11,1,TRAIN,30,287417
campaign3_gate2_v1:F12:K06:1:DbetaU,F12,K06,DbetaU,1,TRAIN,3,287426
campaign3_gate2_v1:F12:K06:2:D00,F12,K06,D00,2,TRAIN,34,287493
campaign3_gate2_v1:F12:K06:2:D01,F12,K06,D01,2,TRAIN,14,287545
campaign3_gate2_v1:F12:K06:2:D10,F12,K06,D10,2,TRAIN,6,287501
campaign3_gate2_v1:F12:K06:2:D11,F12,K06,D11,2,TRAIN,13,287580
campaign3_gate2_v1:F12:K06:2:DbetaU,F12,K06,DbetaU,2,TRAIN,12,287615
campaign3_gate2_v1:F12:K06:3:D00,F12,K06,D00,3,VALIDATION,26,287665
campaign3_gate2_v1:F12:K06:3:D01,F12,K06,D01,3,VALIDATION,18,287729
campaign3_gate2_v1:F12:K06:3:D10,F12,K06,D10,3,VALIDATION,31,287706
campaign3_gate2_v1:F12:K06:3:D11,F12,K06,D11,3,VALIDATION,22,287769
campaign3_gate2_v1:F12:K06:3:DbetaU,F12,K06,DbetaU,3,VALIDATION,9,287792
campaign3_gate2_v1:F12:K06:4:D00,F12,K06,D00,4,DEVELOPMENT_TEST,30,287849
campaign3_gate2_v1:F12:K06:4:D01,F12,K06,D01,4,DEVELOPMENT_TEST,16,287907
campaign3_gate2_v1:F12:K06:4:D10,F12,K06,D10,4,DEVELOPMENT_TEST,32,287887
campaign3_gate2_v1:F12:K06:4:D11,F12,K06,D11,4,DEVELOPMENT_TEST,21,287948
campaign3_gate2_v1:F12:K06:4:DbetaU,F12,K06,DbetaU,4,DEVELOPMENT_TEST,29,287992
campaign3_gate2_v1:F12:K07:0:D00,F12,K07,D00,0,TRAIN,4,288003
campaign3_gate2_v1:F12:K07:0:D01,F12,K07,D01,0,TRAIN,14,288085
campaign3_gate2_v1:F12:K07:0:D10,F12,K07,D10,0,TRAIN,25,288060
campaign3_gate2_v1:F12:K07:0:D11,F12,K07,D11,0,TRAIN,3,288110
campaign3_gate2_v1:F12:K07:0:DbetaU,F12,K07,DbetaU,0,TRAIN,16,288159
campaign3_gate2_v1:F12:K07:1:D00,F12,K07,D00,1,TRAIN,18,288197
campaign3_gate2_v1:F12:K07:1:D01,F12,K07,D01,1,TRAIN,13,288264
campaign3_gate2_v1:F12:K07:1:D10,F12,K07,D10,1,TRAIN,8,288223
campaign3_gate2_v1:F12:K07:1:D11,F12,K07,D11,1,TRAIN,11,288298
campaign3_gate2_v1:F12:K07:1:DbetaU,F12,K07,DbetaU,1,TRAIN,17,288340
campaign3_gate2_v1:F12:K07:2:D00,F12,K07,D00,2,TRAIN,18,288377
campaign3_gate2_v1:F12:K07:2:D01,F12,K07,D01,2,TRAIN,25,288456
campaign3_gate2_v1:F12:K07:2:D10,F12,K07,D10,2,TRAIN,8,288403
campaign3_gate2_v1:F12:K07:2:D11,F12,K07,D11,2,TRAIN,3,288470
campaign3_gate2_v1:F12:K07:2:DbetaU,F12,K07,DbetaU,2,TRAIN,13,288516
campaign3_gate2_v1:F12:K07:3:D00,F12,K07,D00,3,VALIDATION,6,288545
campaign3_gate2_v1:F12:K07:3:D01,F12,K07,D01,3,VALIDATION,36,288647
campaign3_gate2_v1:F12:K07:3:D10,F12,K07,D10,3,VALIDATION,11,288586
campaign3_gate2_v1:F12:K07:3:D11,F12,K07,D11,3,VALIDATION,3,288650
campaign3_gate2_v1:F12:K07:3:DbetaU,F12,K07,DbetaU,3,VALIDATION,19,288702
campaign3_gate2_v1:F12:K07:4:D00,F12,K07,D00,4,DEVELOPMENT_TEST,24,288743
campaign3_gate2_v1:F12:K07:4:D01,F12,K07,D01,4,DEVELOPMENT_TEST,32,288823
campaign3_gate2_v1:F12:K07:4:D10,F12,K07,D10,4,DEVELOPMENT_TEST,4,288759
campaign3_gate2_v1:F12:K07:4:D11,F12,K07,D11,4,DEVELOPMENT_TEST,33,288860
campaign3_gate2_v1:F12:K07:4:DbetaU,F12,K07,DbetaU,4,DEVELOPMENT_TEST,6,288869
campaign3_gate2_v1:F12:K10:0:D00,F12,K10,D00,0,TRAIN,35,288934
campaign3_gate2_v1:F12:K10:0:D01,F12,K10,D01,0,TRAIN,15,288986
campaign3_gate2_v1:F12:K10:0:D10,F12,K10,D10,0,TRAIN,6,288941
campaign3_gate2_v1:F12:K10:0:D11,F12,K10,D11,0,TRAIN,6,289013
campaign3_gate2_v1:F12:K10:0:DbetaU,F12,K10,DbetaU,0,TRAIN,10,289053
campaign3_gate2_v1:F12:K10:1:D00,F12,K10,D00,1,TRAIN,11,289090
campaign3_gate2_v1:F12:K10:1:D01,F12,K10,D01,1,TRAIN,36,289187
campaign3_gate2_v1:F12:K10:1:D10,F12,K10,D10,1,TRAIN,25,289140
campaign3_gate2_v1:F12:K10:1:D11,F12,K10,D11,1,TRAIN,1,289188
campaign3_gate2_v1:F12:K10:1:DbetaU,F12,K10,DbetaU,1,TRAIN,19,289242
campaign3_gate2_v1:F12:K10:2:D00,F12,K10,D00,2,TRAIN,23,289282
campaign3_gate2_v1:F12:K10:2:D01,F12,K10,D01,2,TRAIN,15,289346
campaign3_gate2_v1:F12:K10:2:D10,F12,K10,D10,2,TRAIN,1,289296
campaign3_gate2_v1:F12:K10:2:D11,F12,K10,D11,2,TRAIN,19,289386
campaign3_gate2_v1:F12:K10:2:DbetaU,F12,K10,DbetaU,2,TRAIN,5,289408
campaign3_gate2_v1:F12:K10:3:D00,F12,K10,D00,3,VALIDATION,32,289471
campaign3_gate2_v1:F12:K10:3:D01,F12,K10,D01,3,VALIDATION,10,289521
campaign3_gate2_v1:F12:K10:3:D10,F12,K10,D10,3,VALIDATION,27,289502
campaign3_gate2_v1:F12:K10:3:D11,F12,K10,D11,3,VALIDATION,23,289570
campaign3_gate2_v1:F12:K10:3:DbetaU,F12,K10,DbetaU,3,VALIDATION,11,289594
campaign3_gate2_v1:F12:K10:4:D00,F12,K10,D00,4,DEVELOPMENT_TEST,20,289639
campaign3_gate2_v1:F12:K10:4:D01,F12,K10,D01,4,DEVELOPMENT_TEST,30,289721
campaign3_gate2_v1:F12:K10:4:D10,F12,K10,D10,4,DEVELOPMENT_TEST,20,289675
campaign3_gate2_v1:F12:K10:4:D11,F12,K10,D11,4,DEVELOPMENT_TEST,4,289731
campaign3_gate2_v1:F12:K10:4:DbetaU,F12,K10,DbetaU,4,DEVELOPMENT_TEST,18,289781
campaign3_gate2_v1:F12:K11:0:D00,F12,K11,D00,0,TRAIN,10,289809
campaign3_gate2_v1:F12:K11:0:D01,F12,K11,D01,0,TRAIN,24,289895
campaign3_gate2_v1:F12:K11:0:D10,F12,K11,D10,0,TRAIN,10,289845
campaign3_gate2_v1:F12:K11:0:D11,F12,K11,D11,0,TRAIN,22,289929
campaign3_gate2_v1:F12:K11:0:DbetaU,F12,K11,DbetaU,0,TRAIN,17,289960
campaign3_gate2_v1:F12:K11:1:D00,F12,K11,D00,1,TRAIN,34,290013
campaign3_gate2_v1:F12:K11:1:D01,F12,K11,D01,1,TRAIN,25,290076
campaign3_gate2_v1:F12:K11:1:D10,F12,K11,D10,1,TRAIN,2,290017
campaign3_gate2_v1:F12:K11:1:D11,F12,K11,D11,1,TRAIN,16,290103
campaign3_gate2_v1:F12:K11:1:DbetaU,F12,K11,DbetaU,1,TRAIN,20,290143
campaign3_gate2_v1:F12:K11:2:D00,F12,K11,D00,2,TRAIN,34,290193
campaign3_gate2_v1:F12:K11:2:D01,F12,K11,D01,2,TRAIN,3,290234
campaign3_gate2_v1:F12:K11:2:D10,F12,K11,D10,2,TRAIN,11,290206
campaign3_gate2_v1:F12:K11:2:D11,F12,K11,D11,2,TRAIN,28,290295
campaign3_gate2_v1:F12:K11:2:DbetaU,F12,K11,DbetaU,2,TRAIN,29,290332
campaign3_gate2_v1:F12:K11:3:D00,F12,K11,D00,3,VALIDATION,10,290349
campaign3_gate2_v1:F12:K11:3:D01,F12,K11,D01,3,VALIDATION,26,290437
campaign3_gate2_v1:F12:K11:3:D10,F12,K11,D10,3,VALIDATION,11,290386
campaign3_gate2_v1:F12:K11:3:D11,F12,K11,D11,3,VALIDATION,28,290475
campaign3_gate2_v1:F12:K11:3:DbetaU,F12,K11,DbetaU,3,VALIDATION,8,290491
campaign3_gate2_v1:F12:K11:4:D00,F12,K11,D00,4,DEVELOPMENT_TEST,34,290553
campaign3_gate2_v1:F12:K11:4:D01,F12,K11,D01,4,DEVELOPMENT_TEST,16,290607
campaign3_gate2_v1:F12:K11:4:D10,F12,K11,D10,4,DEVELOPMENT_TEST,3,290558
campaign3_gate2_v1:F12:K11:4:D11,F12,K11,D11,4,DEVELOPMENT_TEST,20,290647
campaign3_gate2_v1:F12:K11:4:DbetaU,F12,K11,DbetaU,4,DEVELOPMENT_TEST,10,290673
campaign3_gate2_v1:F12:K13:0:D00,F12,K13,D00,0,TRAIN,24,290723
campaign3_gate2_v1:F12:K13:0:D01,F12,K13,D01,0,TRAIN,13,290784
campaign3_gate2_v1:F12:K13:0:D10,F12,K13,D10,0,TRAIN,23,290758
campaign3_gate2_v1:F12:K13:0:D11,F12,K13,D11,0,TRAIN,3,290810
campaign3_gate2_v1:F12:K13:0:DbetaU,F12,K13,DbetaU,0,TRAIN,25,290868
campaign3_gate2_v1:F12:K13:1:D00,F12,K13,D00,1,TRAIN,30,290909
campaign3_gate2_v1:F12:K13:1:D01,F12,K13,D01,1,TRAIN,17,290968
campaign3_gate2_v1:F12:K13:1:D10,F12,K13,D10,1,TRAIN,16,290931
campaign3_gate2_v1:F12:K13:1:D11,F12,K13,D11,1,TRAIN,30,291017
campaign3_gate2_v1:F12:K13:1:DbetaU,F12,K13,DbetaU,1,TRAIN,10,291033
campaign3_gate2_v1:F12:K13:2:D00,F12,K13,D00,2,TRAIN,11,291070
campaign3_gate2_v1:F12:K13:2:D01,F12,K13,D01,2,TRAIN,20,291151
campaign3_gate2_v1:F12:K13:2:D10,F12,K13,D10,2,TRAIN,32,291127
campaign3_gate2_v1:F12:K13:2:D11,F12,K13,D11,2,TRAIN,7,291174
campaign3_gate2_v1:F12:K13:2:DbetaU,F12,K13,DbetaU,2,TRAIN,34,291237
campaign3_gate2_v1:F12:K13:3:D00,F12,K13,D00,3,VALIDATION,19,291258
campaign3_gate2_v1:F12:K13:3:D01,F12,K13,D01,3,VALIDATION,15,291326
campaign3_gate2_v1:F12:K13:3:D10,F12,K13,D10,3,VALIDATION,33,291308
campaign3_gate2_v1:F12:K13:3:D11,F12,K13,D11,3,VALIDATION,17,291364
campaign3_gate2_v1:F12:K13:3:DbetaU,F12,K13,DbetaU,3,VALIDATION,26,291409
campaign3_gate2_v1:F12:K13:4:D00,F12,K13,D00,4,DEVELOPMENT_TEST,18,291437
campaign3_gate2_v1:F12:K13:4:D01,F12,K13,D01,4,DEVELOPMENT_TEST,10,291501
campaign3_gate2_v1:F12:K13:4:D10,F12,K13,D10,4,DEVELOPMENT_TEST,26,291481
campaign3_gate2_v1:F12:K13:4:D11,F12,K13,D11,4,DEVELOPMENT_TEST,8,291535
campaign3_gate2_v1:F12:K13:4:DbetaU,F12,K13,DbetaU,4,DEVELOPMENT_TEST,34,291597
campaign3_gate2_v1:F12:K15:0:D00,F12,K15,D00,0,TRAIN,18,291617
campaign3_gate2_v1:F12:K15:0:D01,F12,K15,D01,0,TRAIN,8,291679
campaign3_gate2_v1:F12:K15:0:D10,F12,K15,D10,0,TRAIN,22,291657
campaign3_gate2_v1:F12:K15:0:D11,F12,K15,D11,0,TRAIN,33,291740
campaign3_gate2_v1:F12:K15:0:DbetaU,F12,K15,DbetaU,0,TRAIN,10,291753
campaign3_gate2_v1:F12:K15:1:D00,F12,K15,D00,1,TRAIN,21,291800
campaign3_gate2_v1:F12:K15:1:D01,F12,K15,D01,1,TRAIN,32,291883
campaign3_gate2_v1:F12:K15:1:D10,F12,K15,D10,1,TRAIN,34,291849
campaign3_gate2_v1:F12:K15:1:D11,F12,K15,D11,1,TRAIN,12,291899
campaign3_gate2_v1:F12:K15:1:DbetaU,F12,K15,DbetaU,1,TRAIN,7,291930
campaign3_gate2_v1:F12:K15:2:D00,F12,K15,D00,2,TRAIN,4,291963
campaign3_gate2_v1:F12:K15:2:D01,F12,K15,D01,2,TRAIN,18,292049
campaign3_gate2_v1:F12:K15:2:D10,F12,K15,D10,2,TRAIN,22,292017
campaign3_gate2_v1:F12:K15:2:D11,F12,K15,D11,2,TRAIN,14,292081
campaign3_gate2_v1:F12:K15:2:DbetaU,F12,K15,DbetaU,2,TRAIN,29,292132
campaign3_gate2_v1:F12:K15:3:D00,F12,K15,D00,3,VALIDATION,25,292164
campaign3_gate2_v1:F12:K15:3:D01,F12,K15,D01,3,VALIDATION,16,292227
campaign3_gate2_v1:F12:K15:3:D10,F12,K15,D10,3,VALIDATION,15,292190
campaign3_gate2_v1:F12:K15:3:D11,F12,K15,D11,3,VALIDATION,30,292277
campaign3_gate2_v1:F12:K15:3:DbetaU,F12,K15,DbetaU,3,VALIDATION,27,292310
campaign3_gate2_v1:F12:K15:4:D00,F12,K15,D00,4,DEVELOPMENT_TEST,1,292320
campaign3_gate2_v1:F12:K15:4:D01,F12,K15,D01,4,DEVELOPMENT_TEST,29,292420
campaign3_gate2_v1:F12:K15:4:D10,F12,K15,D10,4,DEVELOPMENT_TEST,36,292391
campaign3_gate2_v1:F12:K15:4:D11,F12,K15,D11,4,DEVELOPMENT_TEST,4,292431
campaign3_gate2_v1:F12:K15:4:DbetaU,F12,K15,DbetaU,4,DEVELOPMENT_TEST,22,292485
campaign3_gate2_v1:F12:K16:0:D00,F12,K16,D00,0,TRAIN,26,292525
campaign3_gate2_v1:F12:K16:0:D01,F12,K16,D01,0,TRAIN,11,292582
campaign3_gate2_v1:F12:K16:0:D10,F12,K16,D10,0,TRAIN,13,292548
campaign3_gate2_v1:F12:K16:0:D11,F12,K16,D11,0,TRAIN,4,292611
campaign3_gate2_v1:F12:K16:0:DbetaU,F12,K16,DbetaU,0,TRAIN,12,292655
campaign3_gate2_v1:F12:K16:1:D00,F12,K16,D00,1,TRAIN,8,292687
campaign3_gate2_v1:F12:K16:1:D01,F12,K16,D01,1,TRAIN,19,292770
campaign3_gate2_v1:F12:K16:1:D10,F12,K16,D10,1,TRAIN,23,292738
campaign3_gate2_v1:F12:K16:1:D11,F12,K16,D11,1,TRAIN,1,292788
campaign3_gate2_v1:F12:K16:1:DbetaU,F12,K16,DbetaU,1,TRAIN,7,292830
campaign3_gate2_v1:F12:K16:2:D00,F12,K16,D00,2,TRAIN,6,292865
campaign3_gate2_v1:F12:K16:2:D01,F12,K16,D01,2,TRAIN,36,292967
campaign3_gate2_v1:F12:K16:2:D10,F12,K16,D10,2,TRAIN,15,292910
campaign3_gate2_v1:F12:K16:2:D11,F12,K16,D11,2,TRAIN,13,292980
campaign3_gate2_v1:F12:K16:2:DbetaU,F12,K16,DbetaU,2,TRAIN,34,293037
campaign3_gate2_v1:F12:K16:3:D00,F12,K16,D00,3,VALIDATION,36,293075
campaign3_gate2_v1:F12:K16:3:D01,F12,K16,D01,3,VALIDATION,22,293133
campaign3_gate2_v1:F12:K16:3:D10,F12,K16,D10,3,VALIDATION,2,293077
campaign3_gate2_v1:F12:K16:3:D11,F12,K16,D11,3,VALIDATION,30,293177
campaign3_gate2_v1:F12:K16:3:DbetaU,F12,K16,DbetaU,3,VALIDATION,19,293202
campaign3_gate2_v1:F12:K16:4:D00,F12,K16,D00,4,DEVELOPMENT_TEST,3,293222
campaign3_gate2_v1:F12:K16:4:D01,F12,K16,D01,4,DEVELOPMENT_TEST,32,293323
campaign3_gate2_v1:F12:K16:4:D10,F12,K16,D10,4,DEVELOPMENT_TEST,28,293283
campaign3_gate2_v1:F12:K16:4:D11,F12,K16,D11,4,DEVELOPMENT_TEST,31,293358
campaign3_gate2_v1:F12:K16:4:DbetaU,F12,K16,DbetaU,4,DEVELOPMENT_TEST,8,293371
campaign3_gate2_v1:F12:K17:0:D00,F12,K17,D00,0,TRAIN,29,293428
campaign3_gate2_v1:F12:K17:0:D01,F12,K17,D01,0,TRAIN,27,293498
campaign3_gate2_v1:F12:K17:0:D10,F12,K17,D10,0,TRAIN,14,293449
campaign3_gate2_v1:F12:K17:0:D11,F12,K17,D11,0,TRAIN,4,293511
campaign3_gate2_v1:F12:K17:0:DbetaU,F12,K17,DbetaU,0,TRAIN,9,293552
campaign3_gate2_v1:F12:K17:1:D00,F12,K17,D00,1,TRAIN,32,293611
campaign3_gate2_v1:F12:K17:1:D01,F12,K17,D01,1,TRAIN,27,293678
campaign3_gate2_v1:F12:K17:1:D10,F12,K17,D10,1,TRAIN,4,293619
campaign3_gate2_v1:F12:K17:1:D11,F12,K17,D11,1,TRAIN,11,293698
campaign3_gate2_v1:F12:K17:1:DbetaU,F12,K17,DbetaU,1,TRAIN,5,293728
campaign3_gate2_v1:F12:K17:2:D00,F12,K17,D00,2,TRAIN,8,293767
campaign3_gate2_v1:F12:K17:2:D01,F12,K17,D01,2,TRAIN,32,293863
campaign3_gate2_v1:F12:K17:2:D10,F12,K17,D10,2,TRAIN,7,293802
campaign3_gate2_v1:F12:K17:2:D11,F12,K17,D11,2,TRAIN,6,293873
campaign3_gate2_v1:F12:K17:2:DbetaU,F12,K17,DbetaU,2,TRAIN,34,293937
campaign3_gate2_v1:F12:K17:3:D00,F12,K17,D00,3,VALIDATION,18,293957
campaign3_gate2_v1:F12:K17:3:D01,F12,K17,D01,3,VALIDATION,1,294012
campaign3_gate2_v1:F12:K17:3:D10,F12,K17,D10,3,VALIDATION,10,293985
campaign3_gate2_v1:F12:K17:3:D11,F12,K17,D11,3,VALIDATION,1,294048
campaign3_gate2_v1:F12:K17:3:DbetaU,F12,K17,DbetaU,3,VALIDATION,26,294109
campaign3_gate2_v1:F12:K17:4:D00,F12,K17,D00,4,DEVELOPMENT_TEST,7,294126
campaign3_gate2_v1:F12:K17:4:D01,F12,K17,D01,4,DEVELOPMENT_TEST,13,294204
campaign3_gate2_v1:F12:K17:4:D10,F12,K17,D10,4,DEVELOPMENT_TEST,5,294160
campaign3_gate2_v1:F12:K17:4:D11,F12,K17,D11,4,DEVELOPMENT_TEST,23,294250
campaign3_gate2_v1:F12:K17:4:DbetaU,F12,K17,DbetaU,4,DEVELOPMENT_TEST,3,294266
campaign3_gate2_v1:F12:K20:0:D00,F12,K20,D00,0,TRAIN,14,294313
campaign3_gate2_v1:F12:K20:0:D01,F12,K20,D01,0,TRAIN,14,294385
campaign3_gate2_v1:F12:K20:0:D10,F12,K20,D10,0,TRAIN,25,294360
campaign3_gate2_v1:F12:K20:0:D11,F12,K20,D11,0,TRAIN,8,294415
campaign3_gate2_v1:F12:K20:0:DbetaU,F12,K20,DbetaU,0,TRAIN,14,294457
campaign3_gate2_v1:F12:K20:1:D00,F12,K20,D00,1,TRAIN,6,294485
campaign3_gate2_v1:F12:K20:1:D01,F12,K20,D01,1,TRAIN,21,294572
campaign3_gate2_v1:F12:K20:1:D10,F12,K20,D10,1,TRAIN,2,294517
campaign3_gate2_v1:F12:K20:1:D11,F12,K20,D11,1,TRAIN,6,294593
campaign3_gate2_v1:F12:K20:1:DbetaU,F12,K20,DbetaU,1,TRAIN,17,294640
campaign3_gate2_v1:F12:K20:2:D00,F12,K20,D00,2,TRAIN,30,294689
campaign3_gate2_v1:F12:K20:2:D01,F12,K20,D01,2,TRAIN,15,294746
campaign3_gate2_v1:F12:K20:2:D10,F12,K20,D10,2,TRAIN,5,294700
campaign3_gate2_v1:F12:K20:2:D11,F12,K20,D11,2,TRAIN,13,294780
campaign3_gate2_v1:F12:K20:2:DbetaU,F12,K20,DbetaU,2,TRAIN,2,294805
campaign3_gate2_v1:F12:K20:3:D00,F12,K20,D00,3,VALIDATION,27,294866
campaign3_gate2_v1:F12:K20:3:D01,F12,K20,D01,3,VALIDATION,29,294940
campaign3_gate2_v1:F12:K20:3:D10,F12,K20,D10,3,VALIDATION,11,294886
campaign3_gate2_v1:F12:K20:3:D11,F12,K20,D11,3,VALIDATION,17,294964
campaign3_gate2_v1:F12:K20:3:DbetaU,F12,K20,DbetaU,3,VALIDATION,25,295008
campaign3_gate2_v1:F12:K20:4:D00,F12,K20,D00,4,DEVELOPMENT_TEST,19,295038
campaign3_gate2_v1:F12:K20:4:D01,F12,K20,D01,4,DEVELOPMENT_TEST,17,295108
campaign3_gate2_v1:F12:K20:4:D10,F12,K20,D10,4,DEVELOPMENT_TEST,7,295062
campaign3_gate2_v1:F12:K20:4:D11,F12,K20,D11,4,DEVELOPMENT_TEST,2,295129
campaign3_gate2_v1:F12:K20:4:DbetaU,F12,K20,DbetaU,4,DEVELOPMENT_TEST,26,295189
campaign3_gate2_v1:F12:K21:0:D00,F12,K21,D00,0,TRAIN,29,295228
campaign3_gate2_v1:F12:K21:0:D01,F12,K21,D01,0,TRAIN,10,295281
campaign3_gate2_v1:F12:K21:0:D10,F12,K21,D10,0,TRAIN,34,295269
campaign3_gate2_v1:F12:K21:0:D11,F12,K21,D11,0,TRAIN,30,295337
campaign3_gate2_v1:F12:K21:0:DbetaU,F12,K21,DbetaU,0,TRAIN,28,295371
campaign3_gate2_v1:F12:K21:1:D00,F12,K21,D00,1,TRAIN,32,295411
campaign3_gate2_v1:F12:K21:1:D01,F12,K21,D01,1,TRAIN,16,295467
campaign3_gate2_v1:F12:K21:1:D10,F12,K21,D10,1,TRAIN,20,295435
campaign3_gate2_v1:F12:K21:1:D11,F12,K21,D11,1,TRAIN,20,295507
campaign3_gate2_v1:F12:K21:1:DbetaU,F12,K21,DbetaU,1,TRAIN,26,295549
campaign3_gate2_v1:F12:K21:2:D00,F12,K21,D00,2,TRAIN,25,295584
campaign3_gate2_v1:F12:K21:2:D01,F12,K21,D01,2,TRAIN,14,295645
campaign3_gate2_v1:F12:K21:2:D10,F12,K21,D10,2,TRAIN,13,295608
campaign3_gate2_v1:F12:K21:2:D11,F12,K21,D11,2,TRAIN,35,295702
campaign3_gate2_v1:F12:K21:2:DbetaU,F12,K21,DbetaU,2,TRAIN,32,295735
campaign3_gate2_v1:F12:K21:3:D00,F12,K21,D00,3,VALIDATION,4,295743
campaign3_gate2_v1:F12:K21:3:D01,F12,K21,D01,3,VALIDATION,25,295836
campaign3_gate2_v1:F12:K21:3:D10,F12,K21,D10,3,VALIDATION,16,295791
campaign3_gate2_v1:F12:K21:3:D11,F12,K21,D11,3,VALIDATION,26,295873
campaign3_gate2_v1:F12:K21:3:DbetaU,F12,K21,DbetaU,3,VALIDATION,7,295890
campaign3_gate2_v1:F12:K21:4:D00,F12,K21,D00,4,DEVELOPMENT_TEST,26,295945
campaign3_gate2_v1:F12:K21:4:D01,F12,K21,D01,4,DEVELOPMENT_TEST,10,296001
campaign3_gate2_v1:F12:K21:4:D10,F12,K21,D10,4,DEVELOPMENT_TEST,17,295972
campaign3_gate2_v1:F12:K21:4:D11,F12,K21,D11,4,DEVELOPMENT_TEST,14,296041
campaign3_gate2_v1:F12:K21:4:DbetaU,F12,K21,DbetaU,4,DEVELOPMENT_TEST,33,296096
campaign3_gate2_v1:F12:K23:0:D00,F12,K23,D00,0,TRAIN,34,296133
campaign3_gate2_v1:F12:K23:0:D01,F12,K23,D01,0,TRAIN,30,296201
campaign3_gate2_v1:F12:K23:0:D10,F12,K23,D10,0,TRAIN,1,296136
campaign3_gate2_v1:F12:K23:0:D11,F12,K23,D11,0,TRAIN,33,296240
campaign3_gate2_v1:F12:K23:0:DbetaU,F12,K23,DbetaU,0,TRAIN,2,296245
campaign3_gate2_v1:F12:K23:1:D00,F12,K23,D00,1,TRAIN,21,296300
campaign3_gate2_v1:F12:K23:1:D01,F12,K23,D01,1,TRAIN,11,296362
campaign3_gate2_v1:F12:K23:1:D10,F12,K23,D10,1,TRAIN,7,296322
campaign3_gate2_v1:F12:K23:1:D11,F12,K23,D11,1,TRAIN,25,296412
campaign3_gate2_v1:F12:K23:1:DbetaU,F12,K23,DbetaU,1,TRAIN,2,296425
campaign3_gate2_v1:F12:K23:2:D00,F12,K23,D00,2,TRAIN,36,296495
campaign3_gate2_v1:F12:K23:2:D01,F12,K23,D01,2,TRAIN,30,296561
campaign3_gate2_v1:F12:K23:2:D10,F12,K23,D10,2,TRAIN,7,296502
campaign3_gate2_v1:F12:K23:2:D11,F12,K23,D11,2,TRAIN,24,296591
campaign3_gate2_v1:F12:K23:2:DbetaU,F12,K23,DbetaU,2,TRAIN,16,296619
campaign3_gate2_v1:F12:K23:3:D00,F12,K23,D00,3,VALIDATION,13,296652
campaign3_gate2_v1:F12:K23:3:D01,F12,K23,D01,3,VALIDATION,19,296730
campaign3_gate2_v1:F12:K23:3:D10,F12,K23,D10,3,VALIDATION,4,296679
campaign3_gate2_v1:F12:K23:3:D11,F12,K23,D11,3,VALIDATION,12,296759
campaign3_gate2_v1:F12:K23:3:DbetaU,F12,K23,DbetaU,3,VALIDATION,1,296784
campaign3_gate2_v1:F12:K23:4:D00,F12,K23,D00,4,DEVELOPMENT_TEST,27,296846
campaign3_gate2_v1:F12:K23:4:D01,F12,K23,D01,4,DEVELOPMENT_TEST,3,296894
campaign3_gate2_v1:F12:K23:4:D10,F12,K23,D10,4,DEVELOPMENT_TEST,25,296880
campaign3_gate2_v1:F12:K23:4:D11,F12,K23,D11,4,DEVELOPMENT_TEST,35,296962
campaign3_gate2_v1:F12:K23:4:DbetaU,F12,K23,DbetaU,4,DEVELOPMENT_TEST,29,296992
campaign3_gate2_v1:F12:K25:0:D00,F12,K25,D00,0,TRAIN,28,297027
campaign3_gate2_v1:F12:K25:0:D01,F12,K25,D01,0,TRAIN,6,297077
campaign3_gate2_v1:F12:K25:0:D10,F12,K25,D10,0,TRAIN,3,297038
campaign3_gate2_v1:F12:K25:0:D11,F12,K25,D11,0,TRAIN,2,297109
campaign3_gate2_v1:F12:K25:0:DbetaU,F12,K25,DbetaU,0,TRAIN,25,297168
campaign3_gate2_v1:F12:K25:1:D00,F12,K25,D00,1,TRAIN,31,297210
campaign3_gate2_v1:F12:K25:1:D01,F12,K25,D01,1,TRAIN,24,297275
campaign3_gate2_v1:F12:K25:1:D10,F12,K25,D10,1,TRAIN,14,297229
campaign3_gate2_v1:F12:K25:1:D11,F12,K25,D11,1,TRAIN,11,297298
campaign3_gate2_v1:F12:K25:1:DbetaU,F12,K25,DbetaU,1,TRAIN,15,297338
campaign3_gate2_v1:F12:K25:2:D00,F12,K25,D00,2,TRAIN,21,297380
campaign3_gate2_v1:F12:K25:2:D01,F12,K25,D01,2,TRAIN,2,297433
campaign3_gate2_v1:F12:K25:2:D10,F12,K25,D10,2,TRAIN,30,297425
campaign3_gate2_v1:F12:K25:2:D11,F12,K25,D11,2,TRAIN,5,297472
campaign3_gate2_v1:F12:K25:2:DbetaU,F12,K25,DbetaU,2,TRAIN,25,297528
campaign3_gate2_v1:F12:K25:3:D00,F12,K25,D00,3,VALIDATION,8,297547
campaign3_gate2_v1:F12:K25:3:D01,F12,K25,D01,3,VALIDATION,12,297623
campaign3_gate2_v1:F12:K25:3:D10,F12,K25,D10,3,VALIDATION,32,297607
campaign3_gate2_v1:F12:K25:3:D11,F12,K25,D11,3,VALIDATION,2,297649
campaign3_gate2_v1:F12:K25:3:DbetaU,F12,K25,DbetaU,3,VALIDATION,26,297709
campaign3_gate2_v1:F12:K25:4:D00,F12,K25,D00,4,DEVELOPMENT_TEST,32,297751
campaign3_gate2_v1:F12:K25:4:D01,F12,K25,D01,4,DEVELOPMENT_TEST,6,297797
campaign3_gate2_v1:F12:K25:4:D10,F12,K25,D10,4,DEVELOPMENT_TEST,18,297773
campaign3_gate2_v1:F12:K25:4:D11,F12,K25,D11,4,DEVELOPMENT_TEST,21,297848
campaign3_gate2_v1:F12:K25:4:DbetaU,F12,K25,DbetaU,4,DEVELOPMENT_TEST,20,297883
campaign3_gate2_v1:F12:K26:0:D00,F12,K26,D00,0,TRAIN,17,297916
campaign3_gate2_v1:F12:K26:0:D01,F12,K26,D01,0,TRAIN,14,297985
campaign3_gate2_v1:F12:K26:0:D10,F12,K26,D10,0,TRAIN,17,297952
campaign3_gate2_v1:F12:K26:0:D11,F12,K26,D11,0,TRAIN,32,298039
campaign3_gate2_v1:F12:K26:0:DbetaU,F12,K26,DbetaU,0,TRAIN,36,298079
campaign3_gate2_v1:F12:K26:1:D00,F12,K26,D00,1,TRAIN,25,298104
campaign3_gate2_v1:F12:K26:1:D01,F12,K26,D01,1,TRAIN,29,298180
campaign3_gate2_v1:F12:K26:1:D10,F12,K26,D10,1,TRAIN,27,298142
campaign3_gate2_v1:F12:K26:1:D11,F12,K26,D11,1,TRAIN,6,298193
campaign3_gate2_v1:F12:K26:1:DbetaU,F12,K26,DbetaU,1,TRAIN,32,298255
campaign3_gate2_v1:F12:K26:2:D00,F12,K26,D00,2,TRAIN,14,298273
campaign3_gate2_v1:F12:K26:2:D01,F12,K26,D01,2,TRAIN,23,298354
campaign3_gate2_v1:F12:K26:2:D10,F12,K26,D10,2,TRAIN,28,298323
campaign3_gate2_v1:F12:K26:2:D11,F12,K26,D11,2,TRAIN,30,298397
campaign3_gate2_v1:F12:K26:2:DbetaU,F12,K26,DbetaU,2,TRAIN,1,298404
campaign3_gate2_v1:F12:K26:3:D00,F12,K26,D00,3,VALIDATION,15,298454
campaign3_gate2_v1:F12:K26:3:D01,F12,K26,D01,3,VALIDATION,10,298521
campaign3_gate2_v1:F12:K26:3:D10,F12,K26,D10,3,VALIDATION,28,298503
campaign3_gate2_v1:F12:K26:3:D11,F12,K26,D11,3,VALIDATION,35,298582
campaign3_gate2_v1:F12:K26:3:DbetaU,F12,K26,DbetaU,3,VALIDATION,26,298609
campaign3_gate2_v1:F12:K26:4:D00,F12,K26,D00,4,DEVELOPMENT_TEST,9,298628
campaign3_gate2_v1:F12:K26:4:D01,F12,K26,D01,4,DEVELOPMENT_TEST,8,298699
campaign3_gate2_v1:F12:K26:4:D10,F12,K26,D10,4,DEVELOPMENT_TEST,14,298669
campaign3_gate2_v1:F12:K26:4:D11,F12,K26,D11,4,DEVELOPMENT_TEST,14,298741
campaign3_gate2_v1:F12:K26:4:DbetaU,F12,K26,DbetaU,4,DEVELOPMENT_TEST,25,298788
campaign3_gate2_v1:F12:K27:0:D00,F12,K27,D00,0,TRAIN,7,298806
campaign3_gate2_v1:F12:K27:0:D01,F12,K27,D01,0,TRAIN,19,298890
campaign3_gate2_v1:F12:K27:0:D10,F12,K27,D10,0,TRAIN,4,298839
campaign3_gate2_v1:F12:K27:0:D11,F12,K27,D11,0,TRAIN,13,298920
campaign3_gate2_v1:F12:K27:0:DbetaU,F12,K27,DbetaU,0,TRAIN,27,298970
campaign3_gate2_v1:F12:K27:1:D00,F12,K27,D00,1,TRAIN,1,298980
campaign3_gate2_v1:F12:K27:1:D01,F12,K27,D01,1,TRAIN,15,299066
campaign3_gate2_v1:F12:K27:1:D10,F12,K27,D10,1,TRAIN,7,299022
campaign3_gate2_v1:F12:K27:1:D11,F12,K27,D11,1,TRAIN,25,299112
campaign3_gate2_v1:F12:K27:1:DbetaU,F12,K27,DbetaU,1,TRAIN,35,299158
campaign3_gate2_v1:F12:K27:2:D00,F12,K27,D00,2,TRAIN,21,299180
campaign3_gate2_v1:F12:K27:2:D01,F12,K27,D01,2,TRAIN,4,299235
campaign3_gate2_v1:F12:K27:2:D10,F12,K27,D10,2,TRAIN,9,299204
campaign3_gate2_v1:F12:K27:2:D11,F12,K27,D11,2,TRAIN,9,299276
campaign3_gate2_v1:F12:K27:2:DbetaU,F12,K27,DbetaU,2,TRAIN,33,299336
campaign3_gate2_v1:F12:K27:3:D00,F12,K27,D00,3,VALIDATION,24,299363
campaign3_gate2_v1:F12:K27:3:D01,F12,K27,D01,3,VALIDATION,16,299427
campaign3_gate2_v1:F12:K27:3:D10,F12,K27,D10,3,VALIDATION,1,299376
campaign3_gate2_v1:F12:K27:3:D11,F12,K27,D11,3,VALIDATION,34,299481
campaign3_gate2_v1:F12:K27:3:DbetaU,F12,K27,DbetaU,3,VALIDATION,36,299519
campaign3_gate2_v1:F12:K27:4:D00,F12,K27,D00,4,DEVELOPMENT_TEST,9,299528
campaign3_gate2_v1:F12:K27:4:D01,F12,K27,D01,4,DEVELOPMENT_TEST,32,299623
campaign3_gate2_v1:F12:K27:4:D10,F12,K27,D10,4,DEVELOPMENT_TEST,4,299559
campaign3_gate2_v1:F12:K27:4:D11,F12,K27,D11,4,DEVELOPMENT_TEST,8,299635
campaign3_gate2_v1:F12:K27:4:DbetaU,F12,K27,DbetaU,4,DEVELOPMENT_TEST,14,299677
campaign3_gate2_v1:F12:K31:0:D00,F12,K31,D00,0,TRAIN,14,299713
campaign3_gate2_v1:F12:K31:0:D01,F12,K31,D01,0,TRAIN,31,299802
campaign3_gate2_v1:F12:K31:0:D10,F12,K31,D10,0,TRAIN,31,299766
campaign3_gate2_v1:F12:K31:0:D11,F12,K31,D11,0,TRAIN,18,299825
campaign3_gate2_v1:F12:K31:0:DbetaU,F12,K31,DbetaU,0,TRAIN,7,299850
campaign3_gate2_v1:F12:K31:1:D00,F12,K31,D00,1,TRAIN,30,299909
campaign3_gate2_v1:F12:K31:1:D01,F12,K31,D01,1,TRAIN,36,299987
campaign3_gate2_v1:F12:K31:1:D10,F12,K31,D10,1,TRAIN,27,299942
campaign3_gate2_v1:F12:K31:1:D11,F12,K31,D11,1,TRAIN,2,299989
campaign3_gate2_v1:F12:K31:1:DbetaU,F12,K31,DbetaU,1,TRAIN,3,300026
campaign3_gate2_v1:F12:K31:2:D00,F12,K31,D00,2,TRAIN,8,300067
campaign3_gate2_v1:F12:K31:2:D01,F12,K31,D01,2,TRAIN,20,300151
campaign3_gate2_v1:F12:K31:2:D10,F12,K31,D10,2,TRAIN,5,300100
campaign3_gate2_v1:F12:K31:2:D11,F12,K31,D11,2,TRAIN,7,300174
campaign3_gate2_v1:F12:K31:2:DbetaU,F12,K31,DbetaU,2,TRAIN,21,300224
campaign3_gate2_v1:F12:K31:3:D00,F12,K31,D00,3,VALIDATION,5,300244
campaign3_gate2_v1:F12:K31:3:D01,F12,K31,D01,3,VALIDATION,33,300344
campaign3_gate2_v1:F12:K31:3:D10,F12,K31,D10,3,VALIDATION,1,300276
campaign3_gate2_v1:F12:K31:3:D11,F12,K31,D11,3,VALIDATION,21,300368
campaign3_gate2_v1:F12:K31:3:DbetaU,F12,K31,DbetaU,3,VALIDATION,36,300419
campaign3_gate2_v1:F12:K31:4:D00,F12,K31,D00,4,DEVELOPMENT_TEST,36,300455
campaign3_gate2_v1:F12:K31:4:D01,F12,K31,D01,4,DEVELOPMENT_TEST,8,300499
campaign3_gate2_v1:F12:K31:4:D10,F12,K31,D10,4,DEVELOPMENT_TEST,18,300473
campaign3_gate2_v1:F12:K31:4:D11,F12,K31,D11,4,DEVELOPMENT_TEST,8,300535
campaign3_gate2_v1:F12:K31:4:DbetaU,F12,K31,DbetaU,4,DEVELOPMENT_TEST,1,300564
campaign3_gate2_v1:F12:K32:0:D00,F12,K32,D00,0,TRAIN,32,300631
campaign3_gate2_v1:F12:K32:0:D01,F12,K32,D01,0,TRAIN,7,300678
campaign3_gate2_v1:F12:K32:0:D10,F12,K32,D10,0,TRAIN,1,300636
campaign3_gate2_v1:F12:K32:0:D11,F12,K32,D11,0,TRAIN,1,300708
campaign3_gate2_v1:F12:K32:0:DbetaU,F12,K32,DbetaU,0,TRAIN,15,300758
campaign3_gate2_v1:F12:K32:1:D00,F12,K32,D00,1,TRAIN,33,300812
campaign3_gate2_v1:F12:K32:1:D01,F12,K32,D01,1,TRAIN,9,300860
campaign3_gate2_v1:F12:K32:1:D10,F12,K32,D10,1,TRAIN,20,300835
campaign3_gate2_v1:F12:K32:1:D11,F12,K32,D11,1,TRAIN,30,300917
campaign3_gate2_v1:F12:K32:1:DbetaU,F12,K32,DbetaU,1,TRAIN,2,300925
campaign3_gate2_v1:F12:K32:2:D00,F12,K32,D00,2,TRAIN,14,300973
campaign3_gate2_v1:F12:K32:2:D01,F12,K32,D01,2,TRAIN,35,301066
campaign3_gate2_v1:F12:K32:2:D10,F12,K32,D10,2,TRAIN,10,301005
campaign3_gate2_v1:F12:K32:2:D11,F12,K32,D11,2,TRAIN,22,301089
campaign3_gate2_v1:F12:K32:2:DbetaU,F12,K32,DbetaU,2,TRAIN,16,301119
campaign3_gate2_v1:F12:K32:3:D00,F12,K32,D00,3,VALIDATION,14,301153
campaign3_gate2_v1:F12:K32:3:D01,F12,K32,D01,3,VALIDATION,34,301245
campaign3_gate2_v1:F12:K32:3:D10,F12,K32,D10,3,VALIDATION,9,301184
campaign3_gate2_v1:F12:K32:3:D11,F12,K32,D11,3,VALIDATION,13,301260
campaign3_gate2_v1:F12:K32:3:DbetaU,F12,K32,DbetaU,3,VALIDATION,20,301303
campaign3_gate2_v1:F12:K32:4:D00,F12,K32,D00,4,DEVELOPMENT_TEST,4,301323
campaign3_gate2_v1:F12:K32:4:D01,F12,K32,D01,4,DEVELOPMENT_TEST,17,301408
campaign3_gate2_v1:F12:K32:4:D10,F12,K32,D10,4,DEVELOPMENT_TEST,15,301370
campaign3_gate2_v1:F12:K32:4:D11,F12,K32,D11,4,DEVELOPMENT_TEST,16,301443
campaign3_gate2_v1:F12:K32:4:DbetaU,F12,K32,DbetaU,4,DEVELOPMENT_TEST,28,301491
campaign3_gate2_v1:F12:K33:0:D00,F12,K33,D00,0,TRAIN,31,301530
campaign3_gate2_v1:F12:K33:0:D01,F12,K33,D01,0,TRAIN,31,301602
campaign3_gate2_v1:F12:K33:0:D10,F12,K33,D10,0,TRAIN,22,301557
campaign3_gate2_v1:F12:K33:0:D11,F12,K33,D11,0,TRAIN,24,301631
campaign3_gate2_v1:F12:K33:0:DbetaU,F12,K33,DbetaU,0,TRAIN,34,301677
campaign3_gate2_v1:F12:K33:1:D00,F12,K33,D00,1,TRAIN,33,301712
campaign3_gate2_v1:F12:K33:1:D01,F12,K33,D01,1,TRAIN,24,301775
campaign3_gate2_v1:F12:K33:1:D10,F12,K33,D10,1,TRAIN,8,301723
campaign3_gate2_v1:F12:K33:1:D11,F12,K33,D11,1,TRAIN,1,301788
campaign3_gate2_v1:F12:K33:1:DbetaU,F12,K33,DbetaU,1,TRAIN,22,301845
campaign3_gate2_v1:F12:K33:2:D00,F12,K33,D00,2,TRAIN,1,301860
campaign3_gate2_v1:F12:K33:2:D01,F12,K33,D01,2,TRAIN,35,301966
campaign3_gate2_v1:F12:K33:2:D10,F12,K33,D10,2,TRAIN,16,301911
campaign3_gate2_v1:F12:K33:2:D11,F12,K33,D11,2,TRAIN,7,301974
campaign3_gate2_v1:F12:K33:2:DbetaU,F12,K33,DbetaU,2,TRAIN,20,302023
campaign3_gate2_v1:F12:K33:3:D00,F12,K33,D00,3,VALIDATION,31,302070
campaign3_gate2_v1:F12:K33:3:D01,F12,K33,D01,3,VALIDATION,32,302143
campaign3_gate2_v1:F12:K33:3:D10,F12,K33,D10,3,VALIDATION,11,302086
campaign3_gate2_v1:F12:K33:3:D11,F12,K33,D11,3,VALIDATION,33,302180
campaign3_gate2_v1:F12:K33:3:DbetaU,F12,K33,DbetaU,3,VALIDATION,24,302207
campaign3_gate2_v1:F12:K33:4:D00,F12,K33,D00,4,DEVELOPMENT_TEST,4,302223
campaign3_gate2_v1:F12:K33:4:D01,F12,K33,D01,4,DEVELOPMENT_TEST,26,302317
campaign3_gate2_v1:F12:K33:4:D10,F12,K33,D10,4,DEVELOPMENT_TEST,31,302286
campaign3_gate2_v1:F12:K33:4:D11,F12,K33,D11,4,DEVELOPMENT_TEST,20,302347
campaign3_gate2_v1:F12:K33:4:DbetaU,F12,K33,DbetaU,4,DEVELOPMENT_TEST,2,302365
campaign3_gate2_v1:F13:K01:0:D00,F13,K01,D00,0,TRAIN,11,302410
campaign3_gate2_v1:F13:K01:0:D01,F13,K01,D01,0,TRAIN,8,302479
campaign3_gate2_v1:F13:K01:0:D10,F13,K01,D10,0,TRAIN,27,302462
campaign3_gate2_v1:F13:K01:0:D11,F13,K01,D11,0,TRAIN,17,302524
campaign3_gate2_v1:F13:K01:0:DbetaU,F13,K01,DbetaU,0,TRAIN,30,302573
campaign3_gate2_v1:F13:K01:1:D00,F13,K01,D00,1,TRAIN,5,302584
campaign3_gate2_v1:F13:K01:1:D01,F13,K01,D01,1,TRAIN,19,302670
campaign3_gate2_v1:F13:K01:1:D10,F13,K01,D10,1,TRAIN,19,302634
campaign3_gate2_v1:F13:K01:1:D11,F13,K01,D11,1,TRAIN,15,302702
campaign3_gate2_v1:F13:K01:1:DbetaU,F13,K01,DbetaU,1,TRAIN,8,302731
campaign3_gate2_v1:F13:K01:2:D00,F13,K01,D00,2,TRAIN,12,302771
campaign3_gate2_v1:F13:K01:2:D01,F13,K01,D01,2,TRAIN,35,302866
campaign3_gate2_v1:F13:K01:2:D10,F13,K01,D10,2,TRAIN,16,302811
campaign3_gate2_v1:F13:K01:2:D11,F13,K01,D11,2,TRAIN,31,302898
campaign3_gate2_v1:F13:K01:2:DbetaU,F13,K01,DbetaU,2,TRAIN,27,302930
campaign3_gate2_v1:F13:K01:3:D00,F13,K01,D00,3,VALIDATION,30,302969
campaign3_gate2_v1:F13:K01:3:D01,F13,K01,D01,3,VALIDATION,10,303021
campaign3_gate2_v1:F13:K01:3:D10,F13,K01,D10,3,VALIDATION,16,302991
campaign3_gate2_v1:F13:K01:3:D11,F13,K01,D11,3,VALIDATION,16,303063
campaign3_gate2_v1:F13:K01:3:DbetaU,F13,K01,DbetaU,3,VALIDATION,7,303090
campaign3_gate2_v1:F13:K01:4:D00,F13,K01,D00,4,DEVELOPMENT_TEST,29,303148
campaign3_gate2_v1:F13:K01:4:D01,F13,K01,D01,4,DEVELOPMENT_TEST,11,303202
campaign3_gate2_v1:F13:K01:4:D10,F13,K01,D10,4,DEVELOPMENT_TEST,1,303156
campaign3_gate2_v1:F13:K01:4:D11,F13,K01,D11,4,DEVELOPMENT_TEST,18,303245
campaign3_gate2_v1:F13:K01:4:DbetaU,F13,K01,DbetaU,4,DEVELOPMENT_TEST,26,303289
campaign3_gate2_v1:F13:K02:0:D00,F13,K02,D00,0,TRAIN,14,303313
campaign3_gate2_v1:F13:K02:0:D01,F13,K02,D01,0,TRAIN,35,303406
campaign3_gate2_v1:F13:K02:0:D10,F13,K02,D10,0,TRAIN,21,303356
campaign3_gate2_v1:F13:K02:0:D11,F13,K02,D11,0,TRAIN,12,303419
campaign3_gate2_v1:F13:K02:0:DbetaU,F13,K02,DbetaU,0,TRAIN,26,303469
campaign3_gate2_v1:F13:K02:1:D00,F13,K02,D00,1,TRAIN,28,303507
campaign3_gate2_v1:F13:K02:1:D01,F13,K02,D01,1,TRAIN,36,303587
campaign3_gate2_v1:F13:K02:1:D10,F13,K02,D10,1,TRAIN,31,303546
campaign3_gate2_v1:F13:K02:1:D11,F13,K02,D11,1,TRAIN,34,303621
campaign3_gate2_v1:F13:K02:1:DbetaU,F13,K02,DbetaU,1,TRAIN,11,303634
campaign3_gate2_v1:F13:K02:2:D00,F13,K02,D00,2,TRAIN,5,303664
campaign3_gate2_v1:F13:K02:2:D01,F13,K02,D01,2,TRAIN,16,303747
campaign3_gate2_v1:F13:K02:2:D10,F13,K02,D10,2,TRAIN,1,303696
campaign3_gate2_v1:F13:K02:2:D11,F13,K02,D11,2,TRAIN,31,303798
campaign3_gate2_v1:F13:K02:2:DbetaU,F13,K02,DbetaU,2,TRAIN,20,303823
campaign3_gate2_v1:F13:K02:3:D00,F13,K02,D00,3,VALIDATION,34,303873
campaign3_gate2_v1:F13:K02:3:D01,F13,K02,D01,3,VALIDATION,27,303938
campaign3_gate2_v1:F13:K02:3:D10,F13,K02,D10,3,VALIDATION,28,303903
campaign3_gate2_v1:F13:K02:3:D11,F13,K02,D11,3,VALIDATION,7,303954
campaign3_gate2_v1:F13:K02:3:DbetaU,F13,K02,DbetaU,3,VALIDATION,16,303999
campaign3_gate2_v1:F13:K02:4:D00,F13,K02,D00,4,DEVELOPMENT_TEST,8,304027
campaign3_gate2_v1:F13:K02:4:D01,F13,K02,D01,4,DEVELOPMENT_TEST,17,304108
campaign3_gate2_v1:F13:K02:4:D10,F13,K02,D10,4,DEVELOPMENT_TEST,11,304066
campaign3_gate2_v1:F13:K02:4:D11,F13,K02,D11,4,DEVELOPMENT_TEST,19,304146
campaign3_gate2_v1:F13:K02:4:DbetaU,F13,K02,DbetaU,4,DEVELOPMENT_TEST,22,304185
campaign3_gate2_v1:F13:K03:0:D00,F13,K03,D00,0,TRAIN,12,304211
campaign3_gate2_v1:F13:K03:0:D01,F13,K03,D01,0,TRAIN,22,304293
campaign3_gate2_v1:F13:K03:0:D10,F13,K03,D10,0,TRAIN,17,304252
campaign3_gate2_v1:F13:K03:0:D11,F13,K03,D11,0,TRAIN,30,304337
campaign3_gate2_v1:F13:K03:0:DbetaU,F13,K03,DbetaU,0,TRAIN,33,304376
campaign3_gate2_v1:F13:K03:1:D00,F13,K03,D00,1,TRAIN,29,304408
campaign3_gate2_v1:F13:K03:1:D01,F13,K03,D01,1,TRAIN,25,304476
campaign3_gate2_v1:F13:K03:1:D10,F13,K03,D10,1,TRAIN,34,304449
campaign3_gate2_v1:F13:K03:1:D11,F13,K03,D11,1,TRAIN,6,304493
campaign3_gate2_v1:F13:K03:1:DbetaU,F13,K03,DbetaU,1,TRAIN,26,304549
campaign3_gate2_v1:F13:K03:2:D00,F13,K03,D00,2,TRAIN,32,304591
campaign3_gate2_v1:F13:K03:2:D01,F13,K03,D01,2,TRAIN,28,304659
campaign3_gate2_v1:F13:K03:2:D10,F13,K03,D10,2,TRAIN,12,304607
campaign3_gate2_v1:F13:K03:2:D11,F13,K03,D11,2,TRAIN,30,304697
campaign3_gate2_v1:F13:K03:2:DbetaU,F13,K03,DbetaU,2,TRAIN,3,304706
campaign3_gate2_v1:F13:K03:3:D00,F13,K03,D00,3,VALIDATION,33,304772
campaign3_gate2_v1:F13:K03:3:D01,F13,K03,D01,3,VALIDATION,12,304823
campaign3_gate2_v1:F13:K03:3:D10,F13,K03,D10,3,VALIDATION,31,304806
campaign3_gate2_v1:F13:K03:3:D11,F13,K03,D11,3,VALIDATION,14,304861
campaign3_gate2_v1:F13:K03:3:DbetaU,F13,K03,DbetaU,3,VALIDATION,13,304896
campaign3_gate2_v1:F13:K03:4:D00,F13,K03,D00,4,DEVELOPMENT_TEST,30,304949
campaign3_gate2_v1:F13:K03:4:D01,F13,K03,D01,4,DEVELOPMENT_TEST,13,305004
campaign3_gate2_v1:F13:K03:4:D10,F13,K03,D10,4,DEVELOPMENT_TEST,24,304979
campaign3_gate2_v1:F13:K03:4:D11,F13,K03,D11,4,DEVELOPMENT_TEST,13,305040
campaign3_gate2_v1:F13:K03:4:DbetaU,F13,K03,DbetaU,4,DEVELOPMENT_TEST,12,305075
campaign3_gate2_v1:F13:K05:0:D00,F13,K05,D00,0,TRAIN,10,305109
campaign3_gate2_v1:F13:K05:0:D01,F13,K05,D01,0,TRAIN,24,305195
campaign3_gate2_v1:F13:K05:0:D10,F13,K05,D10,0,TRAIN,16,305151
campaign3_gate2_v1:F13:K05:0:D11,F13,K05,D11,0,TRAIN,5,305212
campaign3_gate2_v1:F13:K05:0:DbetaU,F13,K05,DbetaU,0,TRAIN,15,305258
campaign3_gate2_v1:F13:K05:1:D00,F13,K05,D00,1,TRAIN,34,305313
campaign3_gate2_v1:F13:K05:1:D01,F13,K05,D01,1,TRAIN,6,305357
campaign3_gate2_v1:F13:K05:1:D10,F13,K05,D10,1,TRAIN,24,305339
campaign3_gate2_v1:F13:K05:1:D11,F13,K05,D11,1,TRAIN,6,305393
campaign3_gate2_v1:F13:K05:1:DbetaU,F13,K05,DbetaU,1,TRAIN,9,305432
campaign3_gate2_v1:F13:K05:2:D00,F13,K05,D00,2,TRAIN,11,305470
campaign3_gate2_v1:F13:K05:2:D01,F13,K05,D01,2,TRAIN,14,305545
campaign3_gate2_v1:F13:K05:2:D10,F13,K05,D10,2,TRAIN,3,305498
campaign3_gate2_v1:F13:K05:2:D11,F13,K05,D11,2,TRAIN,17,305584
campaign3_gate2_v1:F13:K05:2:DbetaU,F13,K05,DbetaU,2,TRAIN,11,305614
campaign3_gate2_v1:F13:K05:3:D00,F13,K05,D00,3,VALIDATION,22,305661
campaign3_gate2_v1:F13:K05:3:D01,F13,K05,D01,3,VALIDATION,1,305712
campaign3_gate2_v1:F13:K05:3:D10,F13,K05,D10,3,VALIDATION,2,305677
campaign3_gate2_v1:F13:K05:3:D11,F13,K05,D11,3,VALIDATION,21,305768
campaign3_gate2_v1:F13:K05:3:DbetaU,F13,K05,DbetaU,3,VALIDATION,14,305797
campaign3_gate2_v1:F13:K05:4:D00,F13,K05,D00,4,DEVELOPMENT_TEST,1,305820
campaign3_gate2_v1:F13:K05:4:D01,F13,K05,D01,4,DEVELOPMENT_TEST,33,305924
campaign3_gate2_v1:F13:K05:4:D10,F13,K05,D10,4,DEVELOPMENT_TEST,8,305863
campaign3_gate2_v1:F13:K05:4:D11,F13,K05,D11,4,DEVELOPMENT_TEST,12,305939
campaign3_gate2_v1:F13:K05:4:DbetaU,F13,K05,DbetaU,4,DEVELOPMENT_TEST,36,305999
campaign3_gate2_v1:F13:K06:0:D00,F13,K06,D00,0,TRAIN,35,306034
campaign3_gate2_v1:F13:K06:0:D01,F13,K06,D01,0,TRAIN,10,306081
campaign3_gate2_v1:F13:K06:0:D10,F13,K06,D10,0,TRAIN,4,306039
campaign3_gate2_v1:F13:K06:0:D11,F13,K06,D11,0,TRAIN,28,306135
campaign3_gate2_v1:F13:K06:0:DbetaU,F13,K06,DbetaU,0,TRAIN,15,306158
campaign3_gate2_v1:F13:K06:1:D00,F13,K06,D00,1,TRAIN,27,306206
campaign3_gate2_v1:F13:K06:1:D01,F13,K06,D01,1,TRAIN,6,306257
campaign3_gate2_v1:F13:K06:1:D10,F13,K06,D10,1,TRAIN,15,306230
campaign3_gate2_v1:F13:K06:1:D11,F13,K06,D11,1,TRAIN,27,306314
campaign3_gate2_v1:F13:K06:1:DbetaU,F13,K06,DbetaU,1,TRAIN,35,306358
campaign3_gate2_v1:F13:K06:2:D00,F13,K06,D00,2,TRAIN,22,306381
campaign3_gate2_v1:F13:K06:2:D01,F13,K06,D01,2,TRAIN,36,306467
campaign3_gate2_v1:F13:K06:2:D10,F13,K06,D10,2,TRAIN,5,306400
campaign3_gate2_v1:F13:K06:2:D11,F13,K06,D11,2,TRAIN,6,306473
campaign3_gate2_v1:F13:K06:2:DbetaU,F13,K06,DbetaU,2,TRAIN,8,306511
campaign3_gate2_v1:F13:K06:3:D00,F13,K06,D00,3,VALIDATION,15,306554
campaign3_gate2_v1:F13:K06:3:D01,F13,K06,D01,3,VALIDATION,29,306640
campaign3_gate2_v1:F13:K06:3:D10,F13,K06,D10,3,VALIDATION,33,306608
campaign3_gate2_v1:F13:K06:3:D11,F13,K06,D11,3,VALIDATION,33,306680
campaign3_gate2_v1:F13:K06:3:DbetaU,F13,K06,DbetaU,3,VALIDATION,29,306712
campaign3_gate2_v1:F13:K06:4:D00,F13,K06,D00,4,DEVELOPMENT_TEST,4,306723
campaign3_gate2_v1:F13:K06:4:D01,F13,K06,D01,4,DEVELOPMENT_TEST,5,306796
campaign3_gate2_v1:F13:K06:4:D10,F13,K06,D10,4,DEVELOPMENT_TEST,35,306790
campaign3_gate2_v1:F13:K06:4:D11,F13,K06,D11,4,DEVELOPMENT_TEST,19,306846
campaign3_gate2_v1:F13:K06:4:DbetaU,F13,K06,DbetaU,4,DEVELOPMENT_TEST,32,306895
campaign3_gate2_v1:F13:K07:0:D00,F13,K07,D00,0,TRAIN,26,306925
campaign3_gate2_v1:F13:K07:0:D01,F13,K07,D01,0,TRAIN,1,306972
campaign3_gate2_v1:F13:K07:0:D10,F13,K07,D10,0,TRAIN,24,306959
campaign3_gate2_v1:F13:K07:0:D11,F13,K07,D11,0,TRAIN,8,307015
campaign3_gate2_v1:F13:K07:0:DbetaU,F13,K07,DbetaU,0,TRAIN,31,307074
campaign3_gate2_v1:F13:K07:1:D00,F13,K07,D00,1,TRAIN,29,307108
campaign3_gate2_v1:F13:K07:1:D01,F13,K07,D01,1,TRAIN,25,307176
campaign3_gate2_v1:F13:K07:1:D10,F13,K07,D10,1,TRAIN,35,307150
campaign3_gate2_v1:F13:K07:1:D11,F13,K07,D11,1,TRAIN,7,307194
campaign3_gate2_v1:F13:K07:1:DbetaU,F13,K07,DbetaU,1,TRAIN,12,307235
campaign3_gate2_v1:F13:K07:2:D00,F13,K07,D00,2,TRAIN,28,307287
campaign3_gate2_v1:F13:K07:2:D01,F13,K07,D01,2,TRAIN,28,307359
campaign3_gate2_v1:F13:K07:2:D10,F13,K07,D10,2,TRAIN,32,307327
campaign3_gate2_v1:F13:K07:2:D11,F13,K07,D11,2,TRAIN,10,307377
campaign3_gate2_v1:F13:K07:2:DbetaU,F13,K07,DbetaU,2,TRAIN,27,307430
campaign3_gate2_v1:F13:K07:3:D00,F13,K07,D00,3,VALIDATION,21,307460
campaign3_gate2_v1:F13:K07:3:D01,F13,K07,D01,3,VALIDATION,11,307522
campaign3_gate2_v1:F13:K07:3:D10,F13,K07,D10,3,VALIDATION,34,307509
campaign3_gate2_v1:F13:K07:3:D11,F13,K07,D11,3,VALIDATION,19,307566
campaign3_gate2_v1:F13:K07:3:DbetaU,F13,K07,DbetaU,3,VALIDATION,14,307597
campaign3_gate2_v1:F13:K07:4:D00,F13,K07,D00,4,DEVELOPMENT_TEST,36,307655
campaign3_gate2_v1:F13:K07:4:D01,F13,K07,D01,4,DEVELOPMENT_TEST,21,307712
campaign3_gate2_v1:F13:K07:4:D10,F13,K07,D10,4,DEVELOPMENT_TEST,27,307682
campaign3_gate2_v1:F13:K07:4:D11,F13,K07,D11,4,DEVELOPMENT_TEST,5,307732
campaign3_gate2_v1:F13:K07:4:DbetaU,F13,K07,DbetaU,4,DEVELOPMENT_TEST,20,307783
campaign3_gate2_v1:F13:K10:0:D00,F13,K10,D00,0,TRAIN,29,307828
campaign3_gate2_v1:F13:K10:0:D01,F13,K10,D01,0,TRAIN,11,307882
campaign3_gate2_v1:F13:K10:0:D10,F13,K10,D10,0,TRAIN,25,307860
campaign3_gate2_v1:F13:K10:0:D11,F13,K10,D11,0,TRAIN,34,307941
campaign3_gate2_v1:F13:K10:0:DbetaU,F13,K10,DbetaU,0,TRAIN,14,307957
campaign3_gate2_v1:F13:K10:1:D00,F13,K10,D00,1,TRAIN,2,307981
campaign3_gate2_v1:F13:K10:1:D01,F13,K10,D01,1,TRAIN,35,308086
campaign3_gate2_v1:F13:K10:1:D10,F13,K10,D10,1,TRAIN,21,308036
campaign3_gate2_v1:F13:K10:1:D11,F13,K10,D11,1,TRAIN,25,308112
campaign3_gate2_v1:F13:K10:1:DbetaU,F13,K10,DbetaU,1,TRAIN,33,308156
campaign3_gate2_v1:F13:K10:2:D00,F13,K10,D00,2,TRAIN,16,308175
campaign3_gate2_v1:F13:K10:2:D01,F13,K10,D01,2,TRAIN,4,308235
campaign3_gate2_v1:F13:K10:2:D10,F13,K10,D10,2,TRAIN,13,308208
campaign3_gate2_v1:F13:K10:2:D11,F13,K10,D11,2,TRAIN,16,308283
campaign3_gate2_v1:F13:K10:2:DbetaU,F13,K10,DbetaU,2,TRAIN,22,308325
campaign3_gate2_v1:F13:K10:3:D00,F13,K10,D00,3,VALIDATION,13,308352
campaign3_gate2_v1:F13:K10:3:D01,F13,K10,D01,3,VALIDATION,5,308416
campaign3_gate2_v1:F13:K10:3:D10,F13,K10,D10,3,VALIDATION,33,308408
campaign3_gate2_v1:F13:K10:3:D11,F13,K10,D11,3,VALIDATION,6,308453
campaign3_gate2_v1:F13:K10:3:DbetaU,F13,K10,DbetaU,3,VALIDATION,21,308504
campaign3_gate2_v1:F13:K10:4:D00,F13,K10,D00,4,DEVELOPMENT_TEST,29,308548
campaign3_gate2_v1:F13:K10:4:D01,F13,K10,D01,4,DEVELOPMENT_TEST,36,308627
campaign3_gate2_v1:F13:K10:4:D10,F13,K10,D10,4,DEVELOPMENT_TEST,20,308575
campaign3_gate2_v1:F13:K10:4:D11,F13,K10,D11,4,DEVELOPMENT_TEST,7,308634
campaign3_gate2_v1:F13:K10:4:DbetaU,F13,K10,DbetaU,4,DEVELOPMENT_TEST,31,308694
campaign3_gate2_v1:F13:K11:0:D00,F13,K11,D00,0,TRAIN,31,308730
campaign3_gate2_v1:F13:K11:0:D01,F13,K11,D01,0,TRAIN,11,308782
campaign3_gate2_v1:F13:K11:0:D10,F13,K11,D10,0,TRAIN,29,308764
campaign3_gate2_v1:F13:K11:0:D11,F13,K11,D11,0,TRAIN,31,308838
campaign3_gate2_v1:F13:K11:0:DbetaU,F13,K11,DbetaU,0,TRAIN,12,308855
campaign3_gate2_v1:F13:K11:1:D00,F13,K11,D00,1,TRAIN,30,308909
campaign3_gate2_v1:F13:K11:1:D01,F13,K11,D01,1,TRAIN,14,308965
campaign3_gate2_v1:F13:K11:1:D10,F13,K11,D10,1,TRAIN,16,308931
campaign3_gate2_v1:F13:K11:1:D11,F13,K11,D11,1,TRAIN,28,309015
campaign3_gate2_v1:F13:K11:1:DbetaU,F13,K11,DbetaU,1,TRAIN,18,309041
campaign3_gate2_v1:F13:K11:2:D00,F13,K11,D00,2,TRAIN,12,309071
campaign3_gate2_v1:F13:K11:2:D01,F13,K11,D01,2,TRAIN,12,309143
campaign3_gate2_v1:F13:K11:2:D10,F13,K11,D10,2,TRAIN,19,309114
campaign3_gate2_v1:F13:K11:2:D11,F13,K11,D11,2,TRAIN,17,309184
campaign3_gate2_v1:F13:K11:2:DbetaU,F13,K11,DbetaU,2,TRAIN,17,309220
campaign3_gate2_v1:F13:K11:3:D00,F13,K11,D00,3,VALIDATION,20,309259
campaign3_gate2_v1:F13:K11:3:D01,F13,K11,D01,3,VALIDATION,35,309346
campaign3_gate2_v1:F13:K11:3:D10,F13,K11,D10,3,VALIDATION,16,309291
campaign3_gate2_v1:F13:K11:3:D11,F13,K11,D11,3,VALIDATION,1,309348
campaign3_gate2_v1:F13:K11:3:DbetaU,F13,K11,DbetaU,3,VALIDATION,25,309408
campaign3_gate2_v1:F13:K11:4:D00,F13,K11,D00,4,DEVELOPMENT_TEST,17,309436
campaign3_gate2_v1:F13:K11:4:D01,F13,K11,D01,4,DEVELOPMENT_TEST,36,309527
campaign3_gate2_v1:F13:K11:4:D10,F13,K11,D10,4,DEVELOPMENT_TEST,11,309466
campaign3_gate2_v1:F13:K11:4:D11,F13,K11,D11,4,DEVELOPMENT_TEST,2,309529
campaign3_gate2_v1:F13:K11:4:DbetaU,F13,K11,DbetaU,4,DEVELOPMENT_TEST,35,309598
campaign3_gate2_v1:F13:K13:0:D00,F13,K13,D00,0,TRAIN,25,309624
campaign3_gate2_v1:F13:K13:0:D01,F13,K13,D01,0,TRAIN,10,309681
campaign3_gate2_v1:F13:K13:0:D10,F13,K13,D10,0,TRAIN,30,309665
campaign3_gate2_v1:F13:K13:0:D11,F13,K13,D11,0,TRAIN,25,309732
campaign3_gate2_v1:F13:K13:0:DbetaU,F13,K13,DbetaU,0,TRAIN,3,309746
campaign3_gate2_v1:F13:K13:1:D00,F13,K13,D00,1,TRAIN,3,309782
campaign3_gate2_v1:F13:K13:1:D01,F13,K13,D01,1,TRAIN,26,309877
campaign3_gate2_v1:F13:K13:1:D10,F13,K13,D10,1,TRAIN,34,309849
campaign3_gate2_v1:F13:K13:1:D11,F13,K13,D11,1,TRAIN,27,309914
campaign3_gate2_v1:F13:K13:1:DbetaU,F13,K13,DbetaU,1,TRAIN,30,309953
campaign3_gate2_v1:F13:K13:2:D00,F13,K13,D00,2,TRAIN,17,309976
campaign3_gate2_v1:F13:K13:2:D01,F13,K13,D01,2,TRAIN,36,310067
campaign3_gate2_v1:F13:K13:2:D10,F13,K13,D10,2,TRAIN,3,309998
campaign3_gate2_v1:F13:K13:2:D11,F13,K13,D11,2,TRAIN,6,310073
campaign3_gate2_v1:F13:K13:2:DbetaU,F13,K13,DbetaU,2,TRAIN,34,310137
campaign3_gate2_v1:F13:K13:3:D00,F13,K13,D00,3,VALIDATION,10,310149
campaign3_gate2_v1:F13:K13:3:D01,F13,K13,D01,3,VALIDATION,23,310234
campaign3_gate2_v1:F13:K13:3:D10,F13,K13,D10,3,VALIDATION,11,310186
campaign3_gate2_v1:F13:K13:3:D11,F13,K13,D11,3,VALIDATION,29,310276
campaign3_gate2_v1:F13:K13:3:DbetaU,F13,K13,DbetaU,3,VALIDATION,21,310304
campaign3_gate2_v1:F13:K13:4:D00,F13,K13,D00,4,DEVELOPMENT_TEST,18,310337
campaign3_gate2_v1:F13:K13:4:D01,F13,K13,D01,4,DEVELOPMENT_TEST,3,310394
campaign3_gate2_v1:F13:K13:4:D10,F13,K13,D10,4,DEVELOPMENT_TEST,19,310374
campaign3_gate2_v1:F13:K13:4:D11,F13,K13,D11,4,DEVELOPMENT_TEST,35,310462
campaign3_gate2_v1:F13:K13:4:DbetaU,F13,K13,DbetaU,4,DEVELOPMENT_TEST,27,310490
campaign3_gate2_v1:F13:K15:0:D00,F13,K15,D00,0,TRAIN,14,310513
campaign3_gate2_v1:F13:K15:0:D01,F13,K15,D01,0,TRAIN,10,310581
campaign3_gate2_v1:F13:K15:0:D10,F13,K15,D10,0,TRAIN,9,310544
campaign3_gate2_v1:F13:K15:0:D11,F13,K15,D11,0,TRAIN,15,310622
campaign3_gate2_v1:F13:K15:0:DbetaU,F13,K15,DbetaU,0,TRAIN,9,310652
campaign3_gate2_v1:F13:K15:1:D00,F13,K15,D00,1,TRAIN,11,310690
campaign3_gate2_v1:F13:K15:1:D01,F13,K15,D01,1,TRAIN,33,310784
campaign3_gate2_v1:F13:K15:1:D10,F13,K15,D10,1,TRAIN,7,310722
campaign3_gate2_v1:F13:K15:1:D11,F13,K15,D11,1,TRAIN,23,310810
campaign3_gate2_v1:F13:K15:1:DbetaU,F13,K15,DbetaU,1,TRAIN,34,310857
campaign3_gate2_v1:F13:K15:2:D00,F13,K15,D00,2,TRAIN,10,310869
campaign3_gate2_v1:F13:K15:2:D01,F13,K15,D01,2,TRAIN,2,310933
campaign3_gate2_v1:F13:K15:2:D10,F13,K15,D10,2,TRAIN,31,310926
campaign3_gate2_v1:F13:K15:2:D11,F13,K15,D11,2,TRAIN,34,311001
campaign3_gate2_v1:F13:K15:2:DbetaU,F13,K15,DbetaU,2,TRAIN,33,311036
campaign3_gate2_v1:F13:K15:3:D00,F13,K15,D00,3,VALIDATION,20,311059
campaign3_gate2_v1:F13:K15:3:D01,F13,K15,D01,3,VALIDATION,10,311121
campaign3_gate2_v1:F13:K15:3:D10,F13,K15,D10,3,VALIDATION,35,311110
campaign3_gate2_v1:F13:K15:3:D11,F13,K15,D11,3,VALIDATION,22,311169
campaign3_gate2_v1:F13:K15:3:DbetaU,F13,K15,DbetaU,3,VALIDATION,36,311219
campaign3_gate2_v1:F13:K15:4:D00,F13,K15,D00,4,DEVELOPMENT_TEST,13,311232
campaign3_gate2_v1:F13:K15:4:D01,F13,K15,D01,4,DEVELOPMENT_TEST,16,311307
campaign3_gate2_v1:F13:K15:4:D10,F13,K15,D10,4,DEVELOPMENT_TEST,2,311257
campaign3_gate2_v1:F13:K15:4:D11,F13,K15,D11,4,DEVELOPMENT_TEST,1,311328
campaign3_gate2_v1:F13:K15:4:DbetaU,F13,K15,DbetaU,4,DEVELOPMENT_TEST,34,311397
campaign3_gate2_v1:F13:K16:0:D00,F13,K16,D00,0,TRAIN,9,311408
campaign3_gate2_v1:F13:K16:0:D01,F13,K16,D01,0,TRAIN,32,311503
campaign3_gate2_v1:F13:K16:0:D10,F13,K16,D10,0,TRAIN,6,311441
campaign3_gate2_v1:F13:K16:0:D11,F13,K16,D11,0,TRAIN,6,311513
campaign3_gate2_v1:F13:K16:0:DbetaU,F13,K16,DbetaU,0,TRAIN,32,311575
campaign3_gate2_v1:F13:K16:1:D00,F13,K16,D00,1,TRAIN,11,311590
campaign3_gate2_v1:F13:K16:1:D01,F13,K16,D01,1,TRAIN,28,311679
campaign3_gate2_v1:F13:K16:1:D10,F13,K16,D10,1,TRAIN,10,311625
campaign3_gate2_v1:F13:K16:1:D11,F13,K16,D11,1,TRAIN,27,311714
campaign3_gate2_v1:F13:K16:1:DbetaU,F13,K16,DbetaU,1,TRAIN,29,311752
campaign3_gate2_v1:F13:K16:2:D00,F13,K16,D00,2,TRAIN,5,311764
campaign3_gate2_v1:F13:K16:2:D01,F13,K16,D01,2,TRAIN,32,311863
campaign3_gate2_v1:F13:K16:2:D10,F13,K16,D10,2,TRAIN,28,311823
campaign3_gate2_v1:F13:K16:2:D11,F13,K16,D11,2,TRAIN,20,311887
campaign3_gate2_v1:F13:K16:2:DbetaU,F13,K16,DbetaU,2,TRAIN,15,311918
campaign3_gate2_v1:F13:K16:3:D00,F13,K16,D00,3,VALIDATION,3,311942
campaign3_gate2_v1:F13:K16:3:D01,F13,K16,D01,3,VALIDATION,6,312017
campaign3_gate2_v1:F13:K16:3:D10,F13,K16,D10,3,VALIDATION,7,311982
campaign3_gate2_v1:F13:K16:3:D11,F13,K16,D11,3,VALIDATION,36,312083
campaign3_gate2_v1:F13:K16:3:DbetaU,F13,K16,DbetaU,3,VALIDATION,6,312089
campaign3_gate2_v1:F13:K16:4:D00,F13,K16,D00,4,DEVELOPMENT_TEST,23,312142
campaign3_gate2_v1:F13:K16:4:D01,F13,K16,D01,4,DEVELOPMENT_TEST,27,312218
campaign3_gate2_v1:F13:K16:4:D10,F13,K16,D10,4,DEVELOPMENT_TEST,2,312157
campaign3_gate2_v1:F13:K16:4:D11,F13,K16,D11,4,DEVELOPMENT_TEST,4,312231
campaign3_gate2_v1:F13:K16:4:DbetaU,F13,K16,DbetaU,4,DEVELOPMENT_TEST,13,312276
campaign3_gate2_v1:F13:K17:0:D00,F13,K17,D00,0,TRAIN,30,312329
campaign3_gate2_v1:F13:K17:0:D01,F13,K17,D01,0,TRAIN,17,312388
campaign3_gate2_v1:F13:K17:0:D10,F13,K17,D10,0,TRAIN,22,312357
campaign3_gate2_v1:F13:K17:0:D11,F13,K17,D11,0,TRAIN,9,312416
campaign3_gate2_v1:F13:K17:0:DbetaU,F13,K17,DbetaU,0,TRAIN,1,312444
campaign3_gate2_v1:F13:K17:1:D00,F13,K17,D00,1,TRAIN,21,312500
campaign3_gate2_v1:F13:K17:1:D01,F13,K17,D01,1,TRAIN,6,312557
campaign3_gate2_v1:F13:K17:1:D10,F13,K17,D10,1,TRAIN,22,312537
campaign3_gate2_v1:F13:K17:1:D11,F13,K17,D11,1,TRAIN,20,312607
campaign3_gate2_v1:F13:K17:1:DbetaU,F13,K17,DbetaU,1,TRAIN,32,312655
campaign3_gate2_v1:F13:K17:2:D00,F13,K17,D00,2,TRAIN,8,312667
campaign3_gate2_v1:F13:K17:2:D01,F13,K17,D01,2,TRAIN,10,312741
campaign3_gate2_v1:F13:K17:2:D10,F13,K17,D10,2,TRAIN,1,312696
campaign3_gate2_v1:F13:K17:2:D11,F13,K17,D11,2,TRAIN,34,312801
campaign3_gate2_v1:F13:K17:2:DbetaU,F13,K17,DbetaU,2,TRAIN,15,312818
campaign3_gate2_v1:F13:K17:3:D00,F13,K17,D00,3,VALIDATION,15,312854
campaign3_gate2_v1:F13:K17:3:D01,F13,K17,D01,3,VALIDATION,27,312938
campaign3_gate2_v1:F13:K17:3:D10,F13,K17,D10,3,VALIDATION,6,312881
campaign3_gate2_v1:F13:K17:3:D11,F13,K17,D11,3,VALIDATION,29,312976
campaign3_gate2_v1:F13:K17:3:DbetaU,F13,K17,DbetaU,3,VALIDATION,36,313019
campaign3_gate2_v1:F13:K17:4:D00,F13,K17,D00,4,DEVELOPMENT_TEST,7,313026
campaign3_gate2_v1:F13:K17:4:D01,F13,K17,D01,4,DEVELOPMENT_TEST,2,313093
campaign3_gate2_v1:F13:K17:4:D10,F13,K17,D10,4,DEVELOPMENT_TEST,25,313080
campaign3_gate2_v1:F13:K17:4:D11,F13,K17,D11,4,DEVELOPMENT_TEST,9,313136
campaign3_gate2_v1:F13:K17:4:DbetaU,F13,K17,DbetaU,4,DEVELOPMENT_TEST,1,313164
campaign3_gate2_v1:F13:K20:0:D00,F13,K20,D00,0,TRAIN,7,313206
campaign3_gate2_v1:F13:K20:0:D01,F13,K20,D01,0,TRAIN,35,313306
campaign3_gate2_v1:F13:K20:0:D10,F13,K20,D10,0,TRAIN,3,313238
campaign3_gate2_v1:F13:K20:0:D11,F13,K20,D11,0,TRAIN,30,313337
campaign3_gate2_v1:F13:K20:0:DbetaU,F13,K20,DbetaU,0,TRAIN,32,313375
campaign3_gate2_v1:F13:K20:1:D00,F13,K20,D00,1,TRAIN,34,313413
campaign3_gate2_v1:F13:K20:1:D01,F13,K20,D01,1,TRAIN,10,313461
campaign3_gate2_v1:F13:K20:1:D10,F13,K20,D10,1,TRAIN,9,313424
campaign3_gate2_v1:F13:K20:1:D11,F13,K20,D11,1,TRAIN,12,313499
campaign3_gate2_v1:F13:K20:1:DbetaU,F13,K20,DbetaU,1,TRAIN,20,313543
campaign3_gate2_v1:F13:K20:2:D00,F13,K20,D00,2,TRAIN,13,313572
campaign3_gate2_v1:F13:K20:2:D01,F13,K20,D01,2,TRAIN,2,313633
campaign3_gate2_v1:F13:K20:2:D10,F13,K20,D10,2,TRAIN,32,313627
campaign3_gate2_v1:F13:K20:2:D11,F13,K20,D11,2,TRAIN,17,313684
campaign3_gate2_v1:F13:K20:2:DbetaU,F13,K20,DbetaU,2,TRAIN,33,313736
campaign3_gate2_v1:F13:K20:3:D00,F13,K20,D00,3,VALIDATION,28,313767
campaign3_gate2_v1:F13:K20:3:D01,F13,K20,D01,3,VALIDATION,31,313842
campaign3_gate2_v1:F13:K20:3:D10,F13,K20,D10,3,VALIDATION,24,313799
campaign3_gate2_v1:F13:K20:3:D11,F13,K20,D11,3,VALIDATION,32,313879
campaign3_gate2_v1:F13:K20:3:DbetaU,F13,K20,DbetaU,3,VALIDATION,21,313904
campaign3_gate2_v1:F13:K20:4:D00,F13,K20,D00,4,DEVELOPMENT_TEST,35,313954
campaign3_gate2_v1:F13:K20:4:D01,F13,K20,D01,4,DEVELOPMENT_TEST,1,313992
campaign3_gate2_v1:F13:K20:4:D10,F13,K20,D10,4,DEVELOPMENT_TEST,9,313964
campaign3_gate2_v1:F13:K20:4:D11,F13,K20,D11,4,DEVELOPMENT_TEST,36,314063
campaign3_gate2_v1:F13:K20:4:DbetaU,F13,K20,DbetaU,4,DEVELOPMENT_TEST,29,314092
campaign3_gate2_v1:F13:K21:0:D00,F13,K21,D00,0,TRAIN,33,314132
campaign3_gate2_v1:F13:K21:0:D01,F13,K21,D01,0,TRAIN,20,314191
campaign3_gate2_v1:F13:K21:0:D10,F13,K21,D10,0,TRAIN,8,314143
campaign3_gate2_v1:F13:K21:0:D11,F13,K21,D11,0,TRAIN,1,314208
campaign3_gate2_v1:F13:K21:0:DbetaU,F13,K21,DbetaU,0,TRAIN,11,314254
campaign3_gate2_v1:F13:K21:1:D00,F13,K21,D00,1,TRAIN,22,314301
campaign3_gate2_v1:F13:K21:1:D01,F13,K21,D01,1,TRAIN,36,314387
campaign3_gate2_v1:F13:K21:1:D10,F13,K21,D10,1,TRAIN,9,314324
campaign3_gate2_v1:F13:K21:1:D11,F13,K21,D11,1,TRAIN,4,314391
campaign3_gate2_v1:F13:K21:1:DbetaU,F13,K21,DbetaU,1,TRAIN,24,314447
campaign3_gate2_v1:F13:K21:2:D00,F13,K21,D00,2,TRAIN,34,314493
campaign3_gate2_v1:F13:K21:2:D01,F13,K21,D01,2,TRAIN,23,314554
campaign3_gate2_v1:F13:K21:2:D10,F13,K21,D10,2,TRAIN,25,314520
campaign3_gate2_v1:F13:K21:2:D11,F13,K21,D11,2,TRAIN,2,314569
campaign3_gate2_v1:F13:K21:2:DbetaU,F13,K21,DbetaU,2,TRAIN,5,314608
campaign3_gate2_v1:F13:K21:3:D00,F13,K21,D00,3,VALIDATION,31,314670
campaign3_gate2_v1:F13:K21:3:D01,F13,K21,D01,3,VALIDATION,22,314733
campaign3_gate2_v1:F13:K21:3:D10,F13,K21,D10,3,VALIDATION,11,314686
campaign3_gate2_v1:F13:K21:3:D11,F13,K21,D11,3,VALIDATION,7,314754
campaign3_gate2_v1:F13:K21:3:DbetaU,F13,K21,DbetaU,3,VALIDATION,18,314801
campaign3_gate2_v1:F13:K21:4:D00,F13,K21,D00,4,DEVELOPMENT_TEST,28,314847
campaign3_gate2_v1:F13:K21:4:D01,F13,K21,D01,4,DEVELOPMENT_TEST,18,314909
campaign3_gate2_v1:F13:K21:4:D10,F13,K21,D10,4,DEVELOPMENT_TEST,1,314856
campaign3_gate2_v1:F13:K21:4:D11,F13,K21,D11,4,DEVELOPMENT_TEST,6,314933
campaign3_gate2_v1:F13:K21:4:DbetaU,F13,K21,DbetaU,4,DEVELOPMENT_TEST,12,314975
campaign3_gate2_v1:F13:K23:0:D00,F13,K23,D00,0,TRAIN,23,315022
campaign3_gate2_v1:F13:K23:0:D01,F13,K23,D01,0,TRAIN,7,315078
campaign3_gate2_v1:F13:K23:0:D10,F13,K23,D10,0,TRAIN,34,315069
campaign3_gate2_v1:F13:K23:0:D11,F13,K23,D11,0,TRAIN,15,315122
campaign3_gate2_v1:F13:K23:0:DbetaU,F13,K23,DbetaU,0,TRAIN,36,315179
campaign3_gate2_v1:F13:K23:1:D00,F13,K23,D00,1,TRAIN,14,315193
campaign3_gate2_v1:F13:K23:1:D01,F13,K23,D01,1,TRAIN,27,315278
campaign3_gate2_v1:F13:K23:1:D10,F13,K23,D10,1,TRAIN,12,315227
campaign3_gate2_v1:F13:K23:1:D11,F13,K23,D11,1,TRAIN,33,315320
campaign3_gate2_v1:F13:K23:1:DbetaU,F13,K23,DbetaU,1,TRAIN,19,315342
campaign3_gate2_v1:F13:K23:2:D00,F13,K23,D00,2,TRAIN,19,315378
campaign3_gate2_v1:F13:K23:2:D01,F13,K23,D01,2,TRAIN,30,315461
campaign3_gate2_v1:F13:K23:2:D10,F13,K23,D10,2,TRAIN,24,315419
campaign3_gate2_v1:F13:K23:2:D11,F13,K23,D11,2,TRAIN,20,315487
campaign3_gate2_v1:F13:K23:2:DbetaU,F13,K23,DbetaU,2,TRAIN,18,315521
campaign3_gate2_v1:F13:K23:3:D00,F13,K23,D00,3,VALIDATION,16,315555
campaign3_gate2_v1:F13:K23:3:D01,F13,K23,D01,3,VALIDATION,5,315616
campaign3_gate2_v1:F13:K23:3:D10,F13,K23,D10,3,VALIDATION,36,315611
campaign3_gate2_v1:F13:K23:3:D11,F13,K23,D11,3,VALIDATION,7,315654
campaign3_gate2_v1:F13:K23:3:DbetaU,F13,K23,DbetaU,3,VALIDATION,33,315716
campaign3_gate2_v1:F13:K23:4:D00,F13,K23,D00,4,DEVELOPMENT_TEST,10,315729
campaign3_gate2_v1:F13:K23:4:D01,F13,K23,D01,4,DEVELOPMENT_TEST,30,315821
campaign3_gate2_v1:F13:K23:4:D10,F13,K23,D10,4,DEVELOPMENT_TEST,8,315763
campaign3_gate2_v1:F13:K23:4:D11,F13,K23,D11,4,DEVELOPMENT_TEST,22,315849
campaign3_gate2_v1:F13:K23:4:DbetaU,F13,K23,DbetaU,4,DEVELOPMENT_TEST,22,315885
campaign3_gate2_v1:F13:K25:0:D00,F13,K25,D00,0,TRAIN,28,315927
campaign3_gate2_v1:F13:K25:0:D01,F13,K25,D01,0,TRAIN,10,315981
campaign3_gate2_v1:F13:K25:0:D10,F13,K25,D10,0,TRAIN,1,315936
campaign3_gate2_v1:F13:K25:0:D11,F13,K25,D11,0,TRAIN,11,316018
campaign3_gate2_v1:F13:K25:0:DbetaU,F13,K25,DbetaU,0,TRAIN,31,316074
campaign3_gate2_v1:F13:K25:1:D00,F13,K25,D00,1,TRAIN,26,316105
campaign3_gate2_v1:F13:K25:1:D01,F13,K25,D01,1,TRAIN,9,316160
campaign3_gate2_v1:F13:K25:1:D10,F13,K25,D10,1,TRAIN,24,316139
campaign3_gate2_v1:F13:K25:1:D11,F13,K25,D11,1,TRAIN,3,316190
campaign3_gate2_v1:F13:K25:1:DbetaU,F13,K25,DbetaU,1,TRAIN,17,316240
campaign3_gate2_v1:F13:K25:2:D00,F13,K25,D00,2,TRAIN,5,316264
campaign3_gate2_v1:F13:K25:2:D01,F13,K25,D01,2,TRAIN,33,316364
campaign3_gate2_v1:F13:K25:2:D10,F13,K25,D10,2,TRAIN,13,316308
campaign3_gate2_v1:F13:K25:2:D11,F13,K25,D11,2,TRAIN,2,316369
campaign3_gate2_v1:F13:K25:2:DbetaU,F13,K25,DbetaU,2,TRAIN,28,316431
campaign3_gate2_v1:F13:K25:3:D00,F13,K25,D00,3,VALIDATION,20,316459
campaign3_gate2_v1:F13:K25:3:D01,F13,K25,D01,3,VALIDATION,36,316547
campaign3_gate2_v1:F13:K25:3:D10,F13,K25,D10,3,VALIDATION,28,316503
campaign3_gate2_v1:F13:K25:3:D11,F13,K25,D11,3,VALIDATION,31,316578
campaign3_gate2_v1:F13:K25:3:DbetaU,F13,K25,DbetaU,3,VALIDATION,5,316588
campaign3_gate2_v1:F13:K25:4:D00,F13,K25,D00,4,DEVELOPMENT_TEST,28,316647
campaign3_gate2_v1:F13:K25:4:D01,F13,K25,D01,4,DEVELOPMENT_TEST,27,316718
campaign3_gate2_v1:F13:K25:4:D10,F13,K25,D10,4,DEVELOPMENT_TEST,33,316688
campaign3_gate2_v1:F13:K25:4:D11,F13,K25,D11,4,DEVELOPMENT_TEST,31,316758
campaign3_gate2_v1:F13:K25:4:DbetaU,F13,K25,DbetaU,4,DEVELOPMENT_TEST,13,316776
campaign3_gate2_v1:F13:K26:0:D00,F13,K26,D00,0,TRAIN,8,316807
campaign3_gate2_v1:F13:K26:0:D01,F13,K26,D01,0,TRAIN,32,316903
campaign3_gate2_v1:F13:K26:0:D10,F13,K26,D10,0,TRAIN,18,316853
campaign3_gate2_v1:F13:K26:0:D11,F13,K26,D11,0,TRAIN,32,316939
campaign3_gate2_v1:F13:K26:0:DbetaU,F13,K26,DbetaU,0,TRAIN,34,316977
campaign3_gate2_v1:F13:K26:1:D00,F13,K26,D00,1,TRAIN,32,317011
campaign3_gate2_v1:F13:K26:1:D01,F13,K26,D01,1,TRAIN,2,317053
campaign3_gate2_v1:F13:K26:1:D10,F13,K26,D10,1,TRAIN,11,317026
campaign3_gate2_v1:F13:K26:1:D11,F13,K26,D11,1,TRAIN,22,317109
campaign3_gate2_v1:F13:K26:1:DbetaU,F13,K26,DbetaU,1,TRAIN,6,317129
campaign3_gate2_v1:F13:K26:2:D00,F13,K26,D00,2,TRAIN,36,317195
campaign3_gate2_v1:F13:K26:2:D01,F13,K26,D01,2,TRAIN,9,317240
campaign3_gate2_v1:F13:K26:2:D10,F13,K26,D10,2,TRAIN,13,317208
campaign3_gate2_v1:F13:K26:2:D11,F13,K26,D11,2,TRAIN,9,317276
campaign3_gate2_v1:F13:K26:2:DbetaU,F13,K26,DbetaU,2,TRAIN,10,317313
campaign3_gate2_v1:F13:K26:3:D00,F13,K26,D00,3,VALIDATION,14,317353
campaign3_gate2_v1:F13:K26:3:D01,F13,K26,D01,3,VALIDATION,12,317423
campaign3_gate2_v1:F13:K26:3:D10,F13,K26,D10,3,VALIDATION,5,317380
campaign3_gate2_v1:F13:K26:3:D11,F13,K26,D11,3,VALIDATION,15,317462
campaign3_gate2_v1:F13:K26:3:DbetaU,F13,K26,DbetaU,3,VALIDATION,21,317504
campaign3_gate2_v1:F13:K26:4:D00,F13,K26,D00,4,DEVELOPMENT_TEST,35,317554
campaign3_gate2_v1:F13:K26:4:D01,F13,K26,D01,4,DEVELOPMENT_TEST,20,317611
campaign3_gate2_v1:F13:K26:4:D10,F13,K26,D10,4,DEVELOPMENT_TEST,2,317557
campaign3_gate2_v1:F13:K26:4:D11,F13,K26,D11,4,DEVELOPMENT_TEST,32,317659
campaign3_gate2_v1:F13:K26:4:DbetaU,F13,K26,DbetaU,4,DEVELOPMENT_TEST,20,317683
campaign3_gate2_v1:F13:K27:0:D00,F13,K27,D00,0,TRAIN,21,317720
campaign3_gate2_v1:F13:K27:0:D01,F13,K27,D01,0,TRAIN,34,317805
campaign3_gate2_v1:F13:K27:0:D10,F13,K27,D10,0,TRAIN,11,317746
campaign3_gate2_v1:F13:K27:0:D11,F13,K27,D11,0,TRAIN,18,317825
campaign3_gate2_v1:F13:K27:0:DbetaU,F13,K27,DbetaU,0,TRAIN,7,317850
campaign3_gate2_v1:F13:K27:1:D00,F13,K27,D00,1,TRAIN,20,317899
campaign3_gate2_v1:F13:K27:1:D01,F13,K27,D01,1,TRAIN,18,317969
campaign3_gate2_v1:F13:K27:1:D10,F13,K27,D10,1,TRAIN,5,317920
campaign3_gate2_v1:F13:K27:1:D11,F13,K27,D11,1,TRAIN,23,318010
campaign3_gate2_v1:F13:K27:1:DbetaU,F13,K27,DbetaU,1,TRAIN,17,318040
campaign3_gate2_v1:F13:K27:2:D00,F13,K27,D00,2,TRAIN,8,318067
campaign3_gate2_v1:F13:K27:2:D01,F13,K27,D01,2,TRAIN,19,318150
campaign3_gate2_v1:F13:K27:2:D10,F13,K27,D10,2,TRAIN,5,318100
campaign3_gate2_v1:F13:K27:2:D11,F13,K27,D11,2,TRAIN,35,318202
campaign3_gate2_v1:F13:K27:2:DbetaU,F13,K27,DbetaU,2,TRAIN,17,318220
campaign3_gate2_v1:F13:K27:3:D00,F13,K27,D00,3,VALIDATION,35,318274
campaign3_gate2_v1:F13:K27:3:D01,F13,K27,D01,3,VALIDATION,25,318336
campaign3_gate2_v1:F13:K27:3:D10,F13,K27,D10,3,VALIDATION,34,318309
campaign3_gate2_v1:F13:K27:3:D11,F13,K27,D11,3,VALIDATION,16,318363
campaign3_gate2_v1:F13:K27:3:DbetaU,F13,K27,DbetaU,3,VALIDATION,25,318408
campaign3_gate2_v1:F13:K27:4:D00,F13,K27,D00,4,DEVELOPMENT_TEST,11,318430
campaign3_gate2_v1:F13:K27:4:D01,F13,K27,D01,4,DEVELOPMENT_TEST,7,318498
campaign3_gate2_v1:F13:K27:4:D10,F13,K27,D10,4,DEVELOPMENT_TEST,24,318479
campaign3_gate2_v1:F13:K27:4:D11,F13,K27,D11,4,DEVELOPMENT_TEST,8,318535
campaign3_gate2_v1:F13:K27:4:DbetaU,F13,K27,DbetaU,4,DEVELOPMENT_TEST,26,318589
campaign3_gate2_v1:F13:K31:0:D00,F13,K31,D00,0,TRAIN,30,318629
campaign3_gate2_v1:F13:K31:0:D01,F13,K31,D01,0,TRAIN,26,318697
campaign3_gate2_v1:F13:K31:0:D10,F13,K31,D10,0,TRAIN,34,318669
campaign3_gate2_v1:F13:K31:0:D11,F13,K31,D11,0,TRAIN,25,318732
campaign3_gate2_v1:F13:K31:0:DbetaU,F13,K31,DbetaU,0,TRAIN,5,318748
campaign3_gate2_v1:F13:K31:1:D00,F13,K31,D00,1,TRAIN,16,318795
campaign3_gate2_v1:F13:K31:1:D01,F13,K31,D01,1,TRAIN,34,318885
campaign3_gate2_v1:F13:K31:1:D10,F13,K31,D10,1,TRAIN,34,318849
campaign3_gate2_v1:F13:K31:1:D11,F13,K31,D11,1,TRAIN,22,318909
campaign3_gate2_v1:F13:K31:1:DbetaU,F13,K31,DbetaU,1,TRAIN,11,318934
campaign3_gate2_v1:F13:K31:2:D00,F13,K31,D00,2,TRAIN,23,318982
campaign3_gate2_v1:F13:K31:2:D01,F13,K31,D01,2,TRAIN,21,319052
campaign3_gate2_v1:F13:K31:2:D10,F13,K31,D10,2,TRAIN,34,319029
campaign3_gate2_v1:F13:K31:2:D11,F13,K31,D11,2,TRAIN,13,319080
campaign3_gate2_v1:F13:K31:2:DbetaU,F13,K31,DbetaU,2,TRAIN,19,319122
campaign3_gate2_v1:F13:K31:3:D00,F13,K31,D00,3,VALIDATION,22,319161
campaign3_gate2_v1:F13:K31:3:D01,F13,K31,D01,3,VALIDATION,3,319214
campaign3_gate2_v1:F13:K31:3:D10,F13,K31,D10,3,VALIDATION,33,319208
campaign3_gate2_v1:F13:K31:3:D11,F13,K31,D11,3,VALIDATION,21,319268
campaign3_gate2_v1:F13:K31:3:DbetaU,F13,K31,DbetaU,3,VALIDATION,7,319290
campaign3_gate2_v1:F13:K31:4:D00,F13,K31,D00,4,DEVELOPMENT_TEST,20,319339
campaign3_gate2_v1:F13:K31:4:D01,F13,K31,D01,4,DEVELOPMENT_TEST,13,319404
campaign3_gate2_v1:F13:K31:4:D10,F13,K31,D10,4,DEVELOPMENT_TEST,35,319390
campaign3_gate2_v1:F13:K31:4:D11,F13,K31,D11,4,DEVELOPMENT_TEST,7,319434
campaign3_gate2_v1:F13:K31:4:DbetaU,F13,K31,DbetaU,4,DEVELOPMENT_TEST,31,319494
campaign3_gate2_v1:F13:K32:0:D00,F13,K32,D00,0,TRAIN,32,319531
campaign3_gate2_v1:F13:K32:0:D01,F13,K32,D01,0,TRAIN,24,319595
campaign3_gate2_v1:F13:K32:0:D10,F13,K32,D10,0,TRAIN,3,319538
campaign3_gate2_v1:F13:K32:0:D11,F13,K32,D11,0,TRAIN,21,319628
campaign3_gate2_v1:F13:K32:0:DbetaU,F13,K32,DbetaU,0,TRAIN,22,319665
campaign3_gate2_v1:F13:K32:1:D00,F13,K32,D00,1,TRAIN,13,319692
campaign3_gate2_v1:F13:K32:1:D01,F13,K32,D01,1,TRAIN,5,319756
campaign3_gate2_v1:F13:K32:1:D10,F13,K32,D10,1,TRAIN,26,319741
campaign3_gate2_v1:F13:K32:1:D11,F13,K32,D11,1,TRAIN,29,319816
campaign3_gate2_v1:F13:K32:1:DbetaU,F13,K32,DbetaU,1,TRAIN,8,319831
campaign3_gate2_v1:F13:K32:2:D00,F13,K32,D00,2,TRAIN,28,319887
campaign3_gate2_v1:F13:K32:2:D01,F13,K32,D01,2,TRAIN,14,319945
campaign3_gate2_v1:F13:K32:2:D10,F13,K32,D10,2,TRAIN,3,319898
campaign3_gate2_v1:F13:K32:2:D11,F13,K32,D11,2,TRAIN,20,319987
campaign3_gate2_v1:F13:K32:2:DbetaU,F13,K32,DbetaU,2,TRAIN,15,320018
campaign3_gate2_v1:F13:K32:3:D00,F13,K32,D00,3,VALIDATION,28,320067
campaign3_gate2_v1:F13:K32:3:D01,F13,K32,D01,3,VALIDATION,10,320121
campaign3_gate2_v1:F13:K32:3:D10,F13,K32,D10,3,VALIDATION,8,320083
campaign3_gate2_v1:F13:K32:3:D11,F13,K32,D11,3,VALIDATION,8,320155
campaign3_gate2_v1:F13:K32:3:DbetaU,F13,K32,DbetaU,3,VALIDATION,20,320203
campaign3_gate2_v1:F13:K32:4:D00,F13,K32,D00,4,DEVELOPMENT_TEST,7,320226
campaign3_gate2_v1:F13:K32:4:D01,F13,K32,D01,4,DEVELOPMENT_TEST,21,320312
campaign3_gate2_v1:F13:K32:4:D10,F13,K32,D10,4,DEVELOPMENT_TEST,19,320274
campaign3_gate2_v1:F13:K32:4:D11,F13,K32,D11,4,DEVELOPMENT_TEST,2,320329
campaign3_gate2_v1:F13:K32:4:DbetaU,F13,K32,DbetaU,4,DEVELOPMENT_TEST,22,320385
campaign3_gate2_v1:F13:K33:0:D00,F13,K33,D00,0,TRAIN,35,320434
campaign3_gate2_v1:F13:K33:0:D01,F13,K33,D01,0,TRAIN,32,320503
campaign3_gate2_v1:F13:K33:0:D10,F13,K33,D10,0,TRAIN,30,320465
campaign3_gate2_v1:F13:K33:0:D11,F13,K33,D11,0,TRAIN,18,320525
campaign3_gate2_v1:F13:K33:0:DbetaU,F13,K33,DbetaU,0,TRAIN,27,320570
campaign3_gate2_v1:F13:K33:1:D00,F13,K33,D00,1,TRAIN,3,320582
campaign3_gate2_v1:F13:K33:1:D01,F13,K33,D01,1,TRAIN,26,320677
campaign3_gate2_v1:F13:K33:1:D10,F13,K33,D10,1,TRAIN,10,320625
campaign3_gate2_v1:F13:K33:1:D11,F13,K33,D11,1,TRAIN,21,320708
campaign3_gate2_v1:F13:K33:1:DbetaU,F13,K33,DbetaU,1,TRAIN,21,320744
campaign3_gate2_v1:F13:K33:2:D00,F13,K33,D00,2,TRAIN,28,320787
campaign3_gate2_v1:F13:K33:2:D01,F13,K33,D01,2,TRAIN,13,320844
campaign3_gate2_v1:F13:K33:2:D10,F13,K33,D10,2,TRAIN,14,320809
campaign3_gate2_v1:F13:K33:2:D11,F13,K33,D11,2,TRAIN,33,320900
campaign3_gate2_v1:F13:K33:2:DbetaU,F13,K33,DbetaU,2,TRAIN,25,320928
campaign3_gate2_v1:F13:K33:3:D00,F13,K33,D00,3,VALIDATION,18,320957
campaign3_gate2_v1:F13:K33:3:D01,F13,K33,D01,3,VALIDATION,15,321026
campaign3_gate2_v1:F13:K33:3:D10,F13,K33,D10,3,VALIDATION,17,320992
campaign3_gate2_v1:F13:K33:3:D11,F13,K33,D11,3,VALIDATION,32,321079
campaign3_gate2_v1:F13:K33:3:DbetaU,F13,K33,DbetaU,3,VALIDATION,4,321087
campaign3_gate2_v1:F13:K33:4:D00,F13,K33,D00,4,DEVELOPMENT_TEST,34,321153
campaign3_gate2_v1:F13:K33:4:D01,F13,K33,D01,4,DEVELOPMENT_TEST,31,321222
campaign3_gate2_v1:F13:K33:4:D10,F13,K33,D10,4,DEVELOPMENT_TEST,14,321169
campaign3_gate2_v1:F13:K33:4:D11,F13,K33,D11,4,DEVELOPMENT_TEST,8,321235
campaign3_gate2_v1:F13:K33:4:DbetaU,F13,K33,DbetaU,4,DEVELOPMENT_TEST,11,321274
campaign3_gate2_v1:F14:K01:0:D00,F14,K01,D00,0,TRAIN,8,321307
campaign3_gate2_v1:F14:K01:0:D01,F14,K01,D01,0,TRAIN,5,321376
campaign3_gate2_v1:F14:K01:0:D10,F14,K01,D10,0,TRAIN,10,321345
campaign3_gate2_v1:F14:K01:0:D11,F14,K01,D11,0,TRAIN,23,321430
campaign3_gate2_v1:F14:K01:0:DbetaU,F14,K01,DbetaU,0,TRAIN,23,321466
campaign3_gate2_v1:F14:K01:1:D00,F14,K01,D00,1,TRAIN,33,321512
campaign3_gate2_v1:F14:K01:1:D01,F14,K01,D01,1,TRAIN,11,321562
campaign3_gate2_v1:F14:K01:1:D10,F14,K01,D10,1,TRAIN,25,321540
campaign3_gate2_v1:F14:K01:1:D11,F14,K01,D11,1,TRAIN,1,321588
campaign3_gate2_v1:F14:K01:1:DbetaU,F14,K01,DbetaU,1,TRAIN,14,321637
campaign3_gate2_v1:F14:K01:2:D00,F14,K01,D00,2,TRAIN,5,321664
campaign3_gate2_v1:F14:K01:2:D01,F14,K01,D01,2,TRAIN,21,321752
campaign3_gate2_v1:F14:K01:2:D10,F14,K01,D10,2,TRAIN,34,321729
campaign3_gate2_v1:F14:K01:2:D11,F14,K01,D11,2,TRAIN,25,321792
campaign3_gate2_v1:F14:K01:2:DbetaU,F14,K01,DbetaU,2,TRAIN,36,321839
campaign3_gate2_v1:F14:K01:3:D00,F14,K01,D00,3,VALIDATION,9,321848
campaign3_gate2_v1:F14:K01:3:D01,F14,K01,D01,3,VALIDATION,36,321947
campaign3_gate2_v1:F14:K01:3:D10,F14,K01,D10,3,VALIDATION,2,321877
campaign3_gate2_v1:F14:K01:3:D11,F14,K01,D11,3,VALIDATION,16,321963
campaign3_gate2_v1:F14:K01:3:DbetaU,F14,K01,DbetaU,3,VALIDATION,6,321989
campaign3_gate2_v1:F14:K01:4:D00,F14,K01,D00,4,DEVELOPMENT_TEST,26,322045
campaign3_gate2_v1:F14:K01:4:D01,F14,K01,D01,4,DEVELOPMENT_TEST,10,322101
campaign3_gate2_v1:F14:K01:4:D10,F14,K01,D10,4,DEVELOPMENT_TEST,29,322084
campaign3_gate2_v1:F14:K01:4:D11,F14,K01,D11,4,DEVELOPMENT_TEST,2,322129
campaign3_gate2_v1:F14:K01:4:DbetaU,F14,K01,DbetaU,4,DEVELOPMENT_TEST,10,322173
campaign3_gate2_v1:F14:K02:0:D00,F14,K02,D00,0,TRAIN,18,322217
campaign3_gate2_v1:F14:K02:0:D01,F14,K02,D01,0,TRAIN,13,322284
campaign3_gate2_v1:F14:K02:0:D10,F14,K02,D10,0,TRAIN,10,322245
campaign3_gate2_v1:F14:K02:0:D11,F14,K02,D11,0,TRAIN,18,322325
campaign3_gate2_v1:F14:K02:0:DbetaU,F14,K02,DbetaU,0,TRAIN,24,322367
campaign3_gate2_v1:F14:K02:1:D00,F14,K02,D00,1,TRAIN,35,322414
campaign3_gate2_v1:F14:K02:1:D01,F14,K02,D01,1,TRAIN,8,322459
campaign3_gate2_v1:F14:K02:1:D10,F14,K02,D10,1,TRAIN,10,322425
campaign3_gate2_v1:F14:K02:1:D11,F14,K02,D11,1,TRAIN,11,322498
campaign3_gate2_v1:F14:K02:1:DbetaU,F14,K02,DbetaU,1,TRAIN,4,322527
campaign3_gate2_v1:F14:K02:2:D00,F14,K02,D00,2,TRAIN,14,322573
campaign3_gate2_v1:F14:K02:2:D01,F14,K02,D01,2,TRAIN,29,322660
campaign3_gate2_v1:F14:K02:2:D10,F14,K02,D10,2,TRAIN,9,322604
campaign3_gate2_v1:F14:K02:2:D11,F14,K02,D11,2,TRAIN,23,322690
campaign3_gate2_v1:F14:K02:2:DbetaU,F14,K02,DbetaU,2,TRAIN,28,322731
campaign3_gate2_v1:F14:K02:3:D00,F14,K02,D00,3,VALIDATION,15,322754
campaign3_gate2_v1:F14:K02:3:D01,F14,K02,D01,3,VALIDATION,1,322812
campaign3_gate2_v1:F14:K02:3:D10,F14,K02,D10,3,VALIDATION,7,322782
campaign3_gate2_v1:F14:K02:3:D11,F14,K02,D11,3,VALIDATION,15,322862
campaign3_gate2_v1:F14:K02:3:DbetaU,F14,K02,DbetaU,3,VALIDATION,23,322906
campaign3_gate2_v1:F14:K02:4:D00,F14,K02,D00,4,DEVELOPMENT_TEST,10,322929
campaign3_gate2_v1:F14:K02:4:D01,F14,K02,D01,4,DEVELOPMENT_TEST,31,323022
campaign3_gate2_v1:F14:K02:4:D10,F14,K02,D10,4,DEVELOPMENT_TEST,28,322983
campaign3_gate2_v1:F14:K02:4:D11,F14,K02,D11,4,DEVELOPMENT_TEST,9,323036
campaign3_gate2_v1:F14:K02:4:DbetaU,F14,K02,DbetaU,4,DEVELOPMENT_TEST,19,323082
campaign3_gate2_v1:F14:K03:0:D00,F14,K03,D00,0,TRAIN,34,323133
campaign3_gate2_v1:F14:K03:0:D01,F14,K03,D01,0,TRAIN,34,323205
campaign3_gate2_v1:F14:K03:0:D10,F14,K03,D10,0,TRAIN,1,323136
campaign3_gate2_v1:F14:K03:0:D11,F14,K03,D11,0,TRAIN,13,323220
campaign3_gate2_v1:F14:K03:0:DbetaU,F14,K03,DbetaU,0,TRAIN,4,323247
campaign3_gate2_v1:F14:K03:1:D00,F14,K03,D00,1,TRAIN,25,323304
campaign3_gate2_v1:F14:K03:1:D01,F14,K03,D01,1,TRAIN,36,323387
campaign3_gate2_v1:F14:K03:1:D10,F14,K03,D10,1,TRAIN,1,323316
campaign3_gate2_v1:F14:K03:1:D11,F14,K03,D11,1,TRAIN,33,323420
campaign3_gate2_v1:F14:K03:1:DbetaU,F14,K03,DbetaU,1,TRAIN,7,323430
campaign3_gate2_v1:F14:K03:2:D00,F14,K03,D00,2,TRAIN,9,323468
campaign3_gate2_v1:F14:K03:2:D01,F14,K03,D01,2,TRAIN,35,323566
campaign3_gate2_v1:F14:K03:2:D10,F14,K03,D10,2,TRAIN,33,323528
campaign3_gate2_v1:F14:K03:2:D11,F14,K03,D11,2,TRAIN,29,323596
campaign3_gate2_v1:F14:K03:2:DbetaU,F14,K03,DbetaU,2,TRAIN,6,323609
campaign3_gate2_v1:F14:K03:3:D00,F14,K03,D00,3,VALIDATION,28,323667
campaign3_gate2_v1:F14:K03:3:D01,F14,K03,D01,3,VALIDATION,28,323739
campaign3_gate2_v1:F14:K03:3:D10,F14,K03,D10,3,VALIDATION,4,323679
campaign3_gate2_v1:F14:K03:3:D11,F14,K03,D11,3,VALIDATION,23,323770
campaign3_gate2_v1:F14:K03:3:DbetaU,F14,K03,DbetaU,3,VALIDATION,17,323800
campaign3_gate2_v1:F14:K03:4:D00,F14,K03,D00,4,DEVELOPMENT_TEST,1,323820
campaign3_gate2_v1:F14:K03:4:D01,F14,K03,D01,4,DEVELOPMENT_TEST,30,323921
campaign3_gate2_v1:F14:K03:4:D10,F14,K03,D10,4,DEVELOPMENT_TEST,36,323891
campaign3_gate2_v1:F14:K03:4:D11,F14,K03,D11,4,DEVELOPMENT_TEST,17,323944
campaign3_gate2_v1:F14:K03:4:DbetaU,F14,K03,DbetaU,4,DEVELOPMENT_TEST,24,323987
campaign3_gate2_v1:F14:K05:0:D00,F14,K05,D00,0,TRAIN,33,324032
campaign3_gate2_v1:F14:K05:0:D01,F14,K05,D01,0,TRAIN,10,324081
campaign3_gate2_v1:F14:K05:0:D10,F14,K05,D10,0,TRAIN,34,324069
campaign3_gate2_v1:F14:K05:0:D11,F14,K05,D11,0,TRAIN,15,324122
campaign3_gate2_v1:F14:K05:0:DbetaU,F14,K05,DbetaU,0,TRAIN,2,324145
campaign3_gate2_v1:F14:K05:1:D00,F14,K05,D00,1,TRAIN,26,324205
campaign3_gate2_v1:F14:K05:1:D01,F14,K05,D01,1,TRAIN,6,324257
campaign3_gate2_v1:F14:K05:1:D10,F14,K05,D10,1,TRAIN,31,324246
campaign3_gate2_v1:F14:K05:1:D11,F14,K05,D11,1,TRAIN,23,324310
campaign3_gate2_v1:F14:K05:1:DbetaU,F14,K05,DbetaU,1,TRAIN,31,324354
campaign3_gate2_v1:F14:K05:2:D00,F14,K05,D00,2,TRAIN,11,324370
campaign3_gate2_v1:F14:K05:2:D01,F14,K05,D01,2,TRAIN,29,324460
campaign3_gate2_v1:F14:K05:2:D10,F14,K05,D10,2,TRAIN,27,324422
campaign3_gate2_v1:F14:K05:2:D11,F14,K05,D11,2,TRAIN,28,324495
campaign3_gate2_v1:F14:K05:2:DbetaU,F14,K05,DbetaU,2,TRAIN,25,324528
campaign3_gate2_v1:F14:K05:3:D00,F14,K05,D00,3,VALIDATION,3,324542
campaign3_gate2_v1:F14:K05:3:D01,F14,K05,D01,3,VALIDATION,13,324624
campaign3_gate2_v1:F14:K05:3:D10,F14,K05,D10,3,VALIDATION,29,324604
campaign3_gate2_v1:F14:K05:3:D11,F14,K05,D11,3,VALIDATION,33,324680
campaign3_gate2_v1:F14:K05:3:DbetaU,F14,K05,DbetaU,3,VALIDATION,30,324713
campaign3_gate2_v1:F14:K05:4:D00,F14,K05,D00,4,DEVELOPMENT_TEST,4,324723
campaign3_gate2_v1:F14:K05:4:D01,F14,K05,D01,4,DEVELOPMENT_TEST,5,324796
campaign3_gate2_v1:F14:K05:4:D10,F14,K05,D10,4,DEVELOPMENT_TEST,7,324762
campaign3_gate2_v1:F14:K05:4:D11,F14,K05,D11,4,DEVELOPMENT_TEST,17,324844
campaign3_gate2_v1:F14:K05:4:DbetaU,F14,K05,DbetaU,4,DEVELOPMENT_TEST,22,324885
campaign3_gate2_v1:F14:K06:0:D00,F14,K06,D00,0,TRAIN,8,324907
campaign3_gate2_v1:F14:K06:0:D01,F14,K06,D01,0,TRAIN,36,325007
campaign3_gate2_v1:F14:K06:0:D10,F14,K06,D10,0,TRAIN,31,324966
campaign3_gate2_v1:F14:K06:0:D11,F14,K06,D11,0,TRAIN,3,325010
campaign3_gate2_v1:F14:K06:0:DbetaU,F14,K06,DbetaU,0,TRAIN,28,325071
campaign3_gate2_v1:F14:K06:1:D00,F14,K06,D00,1,TRAIN,7,325086
campaign3_gate2_v1:F14:K06:1:D01,F14,K06,D01,1,TRAIN,25,325176
campaign3_gate2_v1:F14:K06:1:D10,F14,K06,D10,1,TRAIN,18,325133
campaign3_gate2_v1:F14:K06:1:D11,F14,K06,D11,1,TRAIN,2,325189
campaign3_gate2_v1:F14:K06:1:DbetaU,F14,K06,DbetaU,1,TRAIN,3,325226
campaign3_gate2_v1:F14:K06:2:D00,F14,K06,D00,2,TRAIN,16,325275
campaign3_gate2_v1:F14:K06:2:D01,F14,K06,D01,2,TRAIN,18,325349
campaign3_gate2_v1:F14:K06:2:D10,F14,K06,D10,2,TRAIN,11,325306
campaign3_gate2_v1:F14:K06:2:D11,F14,K06,D11,2,TRAIN,3,325370
campaign3_gate2_v1:F14:K06:2:DbetaU,F14,K06,DbetaU,2,TRAIN,19,325422
campaign3_gate2_v1:F14:K06:3:D00,F14,K06,D00,3,VALIDATION,25,325464
campaign3_gate2_v1:F14:K06:3:D01,F14,K06,D01,3,VALIDATION,33,325544
campaign3_gate2_v1:F14:K06:3:D10,F14,K06,D10,3,VALIDATION,7,325482
campaign3_gate2_v1:F14:K06:3:D11,F14,K06,D11,3,VALIDATION,1,325548
campaign3_gate2_v1:F14:K06:3:DbetaU,F14,K06,DbetaU,3,VALIDATION,35,325618
campaign3_gate2_v1:F14:K06:4:D00,F14,K06,D00,4,DEVELOPMENT_TEST,36,325655
campaign3_gate2_v1:F14:K06:4:D01,F14,K06,D01,4,DEVELOPMENT_TEST,13,325704
campaign3_gate2_v1:F14:K06:4:D10,F14,K06,D10,4,DEVELOPMENT_TEST,25,325680
campaign3_gate2_v1:F14:K06:4:D11,F14,K06,D11,4,DEVELOPMENT_TEST,16,325743
campaign3_gate2_v1:F14:K06:4:DbetaU,F14,K06,DbetaU,4,DEVELOPMENT_TEST,10,325773
campaign3_gate2_v1:F14:K07:0:D00,F14,K07,D00,0,TRAIN,30,325829
campaign3_gate2_v1:F14:K07:0:D01,F14,K07,D01,0,TRAIN,19,325890
campaign3_gate2_v1:F14:K07:0:D10,F14,K07,D10,0,TRAIN,32,325867
campaign3_gate2_v1:F14:K07:0:D11,F14,K07,D11,0,TRAIN,16,325923
campaign3_gate2_v1:F14:K07:0:DbetaU,F14,K07,DbetaU,0,TRAIN,2,325945
campaign3_gate2_v1:F14:K07:1:D00,F14,K07,D00,1,TRAIN,6,325985
campaign3_gate2_v1:F14:K07:1:D01,F14,K07,D01,1,TRAIN,17,326068
campaign3_gate2_v1:F14:K07:1:D10,F14,K07,D10,1,TRAIN,18,326033
campaign3_gate2_v1:F14:K07:1:D11,F14,K07,D11,1,TRAIN,27,326114
campaign3_gate2_v1:F14:K07:1:DbetaU,F14,K07,DbetaU,1,TRAIN,11,326134
campaign3_gate2_v1:F14:K07:2:D00,F14,K07,D00,2,TRAIN,14,326173
campaign3_gate2_v1:F14:K07:2:D01,F14,K07,D01,2,TRAIN,12,326243
campaign3_gate2_v1:F14:K07:2:D10,F14,K07,D10,2,TRAIN,34,326229
campaign3_gate2_v1:F14:K07:2:D11,F14,K07,D11,2,TRAIN,26,326293
campaign3_gate2_v1:F14:K07:2:DbetaU,F14,K07,DbetaU,2,TRAIN,15,326318
campaign3_gate2_v1:F14:K07:3:D00,F14,K07,D00,3,VALIDATION,34,326373
campaign3_gate2_v1:F14:K07:3:D01,F14,K07,D01,3,VALIDATION,13,326424
campaign3_gate2_v1:F14:K07:3:D10,F14,K07,D10,3,VALIDATION,17,326392
campaign3_gate2_v1:F14:K07:3:D11,F14,K07,D11,3,VALIDATION,24,326471
campaign3_gate2_v1:F14:K07:3:DbetaU,F14,K07,DbetaU,3,VALIDATION,10,326493
campaign3_gate2_v1:F14:K07:4:D00,F14,K07,D00,4,DEVELOPMENT_TEST,31,326550
campaign3_gate2_v1:F14:K07:4:D01,F14,K07,D01,4,DEVELOPMENT_TEST,23,326614
campaign3_gate2_v1:F14:K07:4:D10,F14,K07,D10,4,DEVELOPMENT_TEST,3,326558
campaign3_gate2_v1:F14:K07:4:D11,F14,K07,D11,4,DEVELOPMENT_TEST,31,326658
campaign3_gate2_v1:F14:K07:4:DbetaU,F14,K07,DbetaU,4,DEVELOPMENT_TEST,20,326683
campaign3_gate2_v1:F14:K10:0:D00,F14,K10,D00,0,TRAIN,8,326707
campaign3_gate2_v1:F14:K10:0:D01,F14,K10,D01,0,TRAIN,22,326793
campaign3_gate2_v1:F14:K10:0:D10,F14,K10,D10,0,TRAIN,15,326750
campaign3_gate2_v1:F14:K10:0:D11,F14,K10,D11,0,TRAIN,22,326829
campaign3_gate2_v1:F14:K10:0:DbetaU,F14,K10,DbetaU,0,TRAIN,34,326877
campaign3_gate2_v1:F14:K10:1:D00,F14,K10,D00,1,TRAIN,12,326891
campaign3_gate2_v1:F14:K10:1:D01,F14,K10,D01,1,TRAIN,24,326975
campaign3_gate2_v1:F14:K10:1:D10,F14,K10,D10,1,TRAIN,28,326943
campaign3_gate2_v1:F14:K10:1:D11,F14,K10,D11,1,TRAIN,2,326989
campaign3_gate2_v1:F14:K10:1:DbetaU,F14,K10,DbetaU,1,TRAIN,7,327030
campaign3_gate2_v1:F14:K10:2:D00,F14,K10,D00,2,TRAIN,33,327092
campaign3_gate2_v1:F14:K10:2:D01,F14,K10,D01,2,TRAIN,20,327151
campaign3_gate2_v1:F14:K10:2:D10,F14,K10,D10,2,TRAIN,33,327128
campaign3_gate2_v1:F14:K10:2:D11,F14,K10,D11,2,TRAIN,27,327194
campaign3_gate2_v1:F14:K10:2:DbetaU,F14,K10,DbetaU,2,TRAIN,32,327235
campaign3_gate2_v1:F14:K10:3:D00,F14,K10,D00,3,VALIDATION,20,327259
campaign3_gate2_v1:F14:K10:3:D01,F14,K10,D01,3,VALIDATION,14,327325
campaign3_gate2_v1:F14:K10:3:D10,F14,K10,D10,3,VALIDATION,19,327294
campaign3_gate2_v1:F14:K10:3:D11,F14,K10,D11,3,VALIDATION,10,327357
campaign3_gate2_v1:F14:K10:3:DbetaU,F14,K10,DbetaU,3,VALIDATION,32,327415
campaign3_gate2_v1:F14:K10:4:D00,F14,K10,D00,4,DEVELOPMENT_TEST,29,327448
campaign3_gate2_v1:F14:K10:4:D01,F14,K10,D01,4,DEVELOPMENT_TEST,28,327519
campaign3_gate2_v1:F14:K10:4:D10,F14,K10,D10,4,DEVELOPMENT_TEST,17,327472
campaign3_gate2_v1:F14:K10:4:D11,F14,K10,D11,4,DEVELOPMENT_TEST,7,327534
campaign3_gate2_v1:F14:K10:4:DbetaU,F14,K10,DbetaU,4,DEVELOPMENT_TEST,6,327569
campaign3_gate2_v1:F14:K11:0:D00,F14,K11,D00,0,TRAIN,3,327602
campaign3_gate2_v1:F14:K11:0:D01,F14,K11,D01,0,TRAIN,5,327676
campaign3_gate2_v1:F14:K11:0:D10,F14,K11,D10,0,TRAIN,26,327661
campaign3_gate2_v1:F14:K11:0:D11,F14,K11,D11,0,TRAIN,16,327723
campaign3_gate2_v1:F14:K11:0:DbetaU,F14,K11,DbetaU,0,TRAIN,4,327747
campaign3_gate2_v1:F14:K11:1:D00,F14,K11,D00,1,TRAIN,14,327793
campaign3_gate2_v1:F14:K11:1:D01,F14,K11,D01,1,TRAIN,4,327855
campaign3_gate2_v1:F14:K11:1:D10,F14,K11,D10,1,TRAIN,30,327845
campaign3_gate2_v1:F14:K11:1:D11,F14,K11,D11,1,TRAIN,32,327919
campaign3_gate2_v1:F14:K11:1:DbetaU,F14,K11,DbetaU,1,TRAIN,13,327936
campaign3_gate2_v1:F14:K11:2:D00,F14,K11,D00,2,TRAIN,33,327992
campaign3_gate2_v1:F14:K11:2:D01,F14,K11,D01,2,TRAIN,28,328059
campaign3_gate2_v1:F14:K11:2:D10,F14,K11,D10,2,TRAIN,31,328026
campaign3_gate2_v1:F14:K11:2:D11,F14,K11,D11,2,TRAIN,20,328087
campaign3_gate2_v1:F14:K11:2:DbetaU,F14,K11,DbetaU,2,TRAIN,1,328104
campaign3_gate2_v1:F14:K11:3:D00,F14,K11,D00,3,VALIDATION,34,328173
campaign3_gate2_v1:F14:K11:3:D01,F14,K11,D01,3,VALIDATION,34,328245
campaign3_gate2_v1:F14:K11:3:D10,F14,K11,D10,3,VALIDATION,6,328181
campaign3_gate2_v1:F14:K11:3:D11,F14,K11,D11,3,VALIDATION,10,328257
campaign3_gate2_v1:F14:K11:3:DbetaU,F14,K11,DbetaU,3,VALIDATION,13,328296
campaign3_gate2_v1:F14:K11:4:D00,F14,K11,D00,4,DEVELOPMENT_TEST,33,328352
campaign3_gate2_v1:F14:K11:4:D01,F14,K11,D01,4,DEVELOPMENT_TEST,32,328423
campaign3_gate2_v1:F14:K11:4:D10,F14,K11,D10,4,DEVELOPMENT_TEST,14,328369
campaign3_gate2_v1:F14:K11:4:D11,F14,K11,D11,4,DEVELOPMENT_TEST,25,328452
campaign3_gate2_v1:F14:K11:4:DbetaU,F14,K11,DbetaU,4,DEVELOPMENT_TEST,4,328467
campaign3_gate2_v1:F14:K13:0:D00,F14,K13,D00,0,TRAIN,36,328535
campaign3_gate2_v1:F14:K13:0:D01,F14,K13,D01,0,TRAIN,14,328585
campaign3_gate2_v1:F14:K13:0:D10,F14,K13,D10,0,TRAIN,20,328555
campaign3_gate2_v1:F14:K13:0:D11,F14,K13,D11,0,TRAIN,12,328619
campaign3_gate2_v1:F14:K13:0:DbetaU,F14,K13,DbetaU,0,TRAIN,8,328651
campaign3_gate2_v1:F14:K13:1:D00,F14,K13,D00,1,TRAIN,27,328706
campaign3_gate2_v1:F14:K13:1:D01,F14,K13,D01,1,TRAIN,30,328781
campaign3_gate2_v1:F14:K13:1:D10,F14,K13,D10,1,TRAIN,1,328716
campaign3_gate2_v1:F14:K13:1:D11,F14,K13,D11,1,TRAIN,32,328819
campaign3_gate2_v1:F14:K13:1:DbetaU,F14,K13,DbetaU,1,TRAIN,33,328856
campaign3_gate2_v1:F14:K13:2:D00,F14,K13,D00,2,TRAIN,12,328871
campaign3_gate2_v1:F14:K13:2:D01,F14,K13,D01,2,TRAIN,11,328942
campaign3_gate2_v1:F14:K13:2:D10,F14,K13,D10,2,TRAIN,13,328908
campaign3_gate2_v1:F14:K13:2:D11,F14,K13,D11,2,TRAIN,17,328984
campaign3_gate2_v1:F14:K13:2:DbetaU,F14,K13,DbetaU,2,TRAIN,22,329025
campaign3_gate2_v1:F14:K13:3:D00,F14,K13,D00,3,VALIDATION,24,329063
campaign3_gate2_v1:F14:K13:3:D01,F14,K13,D01,3,VALIDATION,16,329127
campaign3_gate2_v1:F14:K13:3:D10,F14,K13,D10,3,VALIDATION,31,329106
campaign3_gate2_v1:F14:K13:3:D11,F14,K13,D11,3,VALIDATION,31,329178
campaign3_gate2_v1:F14:K13:3:DbetaU,F14,K13,DbetaU,3,VALIDATION,36,329219
campaign3_gate2_v1:F14:K13:4:D00,F14,K13,D00,4,DEVELOPMENT_TEST,27,329246
campaign3_gate2_v1:F14:K13:4:D01,F14,K13,D01,4,DEVELOPMENT_TEST,13,329304
campaign3_gate2_v1:F14:K13:4:D10,F14,K13,D10,4,DEVELOPMENT_TEST,26,329281
campaign3_gate2_v1:F14:K13:4:D11,F14,K13,D11,4,DEVELOPMENT_TEST,10,329337
campaign3_gate2_v1:F14:K13:4:DbetaU,F14,K13,DbetaU,4,DEVELOPMENT_TEST,15,329378
campaign3_gate2_v1:F14:K15:0:D00,F14,K15,D00,0,TRAIN,31,329430
campaign3_gate2_v1:F14:K15:0:D01,F14,K15,D01,0,TRAIN,14,329485
campaign3_gate2_v1:F14:K15:0:D10,F14,K15,D10,0,TRAIN,4,329439
campaign3_gate2_v1:F14:K15:0:D11,F14,K15,D11,0,TRAIN,22,329529
campaign3_gate2_v1:F14:K15:0:DbetaU,F14,K15,DbetaU,0,TRAIN,8,329551
campaign3_gate2_v1:F14:K15:1:D00,F14,K15,D00,1,TRAIN,25,329604
campaign3_gate2_v1:F14:K15:1:D01,F14,K15,D01,1,TRAIN,19,329670
campaign3_gate2_v1:F14:K15:1:D10,F14,K15,D10,1,TRAIN,24,329639
campaign3_gate2_v1:F14:K15:1:D11,F14,K15,D11,1,TRAIN,21,329708
campaign3_gate2_v1:F14:K15:1:DbetaU,F14,K15,DbetaU,1,TRAIN,7,329730
campaign3_gate2_v1:F14:K15:2:D00,F14,K15,D00,2,TRAIN,5,329764
campaign3_gate2_v1:F14:K15:2:D01,F14,K15,D01,2,TRAIN,21,329852
campaign3_gate2_v1:F14:K15:2:D10,F14,K15,D10,2,TRAIN,1,329796
campaign3_gate2_v1:F14:K15:2:D11,F14,K15,D11,2,TRAIN,11,329878
campaign3_gate2_v1:F14:K15:2:DbetaU,F14,K15,DbetaU,2,TRAIN,16,329919
campaign3_gate2_v1:F14:K15:3:D00,F14,K15,D00,3,VALIDATION,35,329974
campaign3_gate2_v1:F14:K15:3:D01,F14,K15,D01,3,VALIDATION,7,330018
campaign3_gate2_v1:F14:K15:3:D10,F14,K15,D10,3,VALIDATION,11,329986
campaign3_gate2_v1:F14:K15:3:D11,F14,K15,D11,3,VALIDATION,33,330080
campaign3_gate2_v1:F14:K15:3:DbetaU,F14,K15,DbetaU,3,VALIDATION,27,330110
campaign3_gate2_v1:F14:K15:4:D00,F14,K15,D00,4,DEVELOPMENT_TEST,16,330135
campaign3_gate2_v1:F14:K15:4:D01,F14,K15,D01,4,DEVELOPMENT_TEST,9,330200
campaign3_gate2_v1:F14:K15:4:D10,F14,K15,D10,4,DEVELOPMENT_TEST,5,330160
campaign3_gate2_v1:F14:K15:4:D11,F14,K15,D11,4,DEVELOPMENT_TEST,23,330250
campaign3_gate2_v1:F14:K15:4:DbetaU,F14,K15,DbetaU,4,DEVELOPMENT_TEST,12,330275
campaign3_gate2_v1:F14:K16:0:D00,F14,K16,D00,0,TRAIN,20,330319
campaign3_gate2_v1:F14:K16:0:D01,F14,K16,D01,0,TRAIN,32,330403
campaign3_gate2_v1:F14:K16:0:D10,F14,K16,D10,0,TRAIN,2,330337
campaign3_gate2_v1:F14:K16:0:D11,F14,K16,D11,0,TRAIN,28,330435
campaign3_gate2_v1:F14:K16:0:DbetaU,F14,K16,DbetaU,0,TRAIN,25,330468
campaign3_gate2_v1:F14:K16:1:D00,F14,K16,D00,1,TRAIN,34,330513
campaign3_gate2_v1:F14:K16:1:D01,F14,K16,D01,1,TRAIN,1,330552
campaign3_gate2_v1:F14:K16:1:D10,F14,K16,D10,1,TRAIN,21,330536
campaign3_gate2_v1:F14:K16:1:D11,F14,K16,D11,1,TRAIN,3,330590
campaign3_gate2_v1:F14:K16:1:DbetaU,F14,K16,DbetaU,1,TRAIN,15,330638
campaign3_gate2_v1:F14:K16:2:D00,F14,K16,D00,2,TRAIN,15,330674
campaign3_gate2_v1:F14:K16:2:D01,F14,K16,D01,2,TRAIN,30,330761
campaign3_gate2_v1:F14:K16:2:D10,F14,K16,D10,2,TRAIN,2,330697
campaign3_gate2_v1:F14:K16:2:D11,F14,K16,D11,2,TRAIN,9,330776
campaign3_gate2_v1:F14:K16:2:DbetaU,F14,K16,DbetaU,2,TRAIN,6,330809
campaign3_gate2_v1:F14:K16:3:D00,F14,K16,D00,3,VALIDATION,19,330858
campaign3_gate2_v1:F14:K16:3:D01,F14,K16,D01,3,VALIDATION,14,330925
campaign3_gate2_v1:F14:K16:3:D10,F14,K16,D10,3,VALIDATION,4,330879
campaign3_gate2_v1:F14:K16:3:D11,F14,K16,D11,3,VALIDATION,19,330966
campaign3_gate2_v1:F14:K16:3:DbetaU,F14,K16,DbetaU,3,VALIDATION,19,331002
campaign3_gate2_v1:F14:K16:4:D00,F14,K16,D00,4,DEVELOPMENT_TEST,12,331031
campaign3_gate2_v1:F14:K16:4:D01,F14,K16,D01,4,DEVELOPMENT_TEST,8,331099
campaign3_gate2_v1:F14:K16:4:D10,F14,K16,D10,4,DEVELOPMENT_TEST,5,331060
campaign3_gate2_v1:F14:K16:4:D11,F14,K16,D11,4,DEVELOPMENT_TEST,32,331159
campaign3_gate2_v1:F14:K16:4:DbetaU,F14,K16,DbetaU,4,DEVELOPMENT_TEST,24,331187
campaign3_gate2_v1:F14:K17:0:D00,F14,K17,D00,0,TRAIN,26,331225
campaign3_gate2_v1:F14:K17:0:D01,F14,K17,D01,0,TRAIN,2,331273
campaign3_gate2_v1:F14:K17:0:D10,F14,K17,D10,0,TRAIN,3,331238
campaign3_gate2_v1:F14:K17:0:D11,F14,K17,D11,0,TRAIN,4,331311
campaign3_gate2_v1:F14:K17:0:DbetaU,F14,K17,DbetaU,0,TRAIN,3,331346
campaign3_gate2_v1:F14:K17:1:D00,F14,K17,D00,1,TRAIN,26,331405
campaign3_gate2_v1:F14:K17:1:D01,F14,K17,D01,1,TRAIN,19,331470
campaign3_gate2_v1:F14:K17:1:D10,F14,K17,D10,1,TRAIN,23,331438
campaign3_gate2_v1:F14:K17:1:D11,F14,K17,D11,1,TRAIN,17,331504
campaign3_gate2_v1:F14:K17:1:DbetaU,F14,K17,DbetaU,1,TRAIN,34,331557
campaign3_gate2_v1:F14:K17:2:D00,F14,K17,D00,2,TRAIN,19,331578
campaign3_gate2_v1:F14:K17:2:D01,F14,K17,D01,2,TRAIN,11,331642
campaign3_gate2_v1:F14:K17:2:D10,F14,K17,D10,2,TRAIN,7,331602
campaign3_gate2_v1:F14:K17:2:D11,F14,K17,D11,2,TRAIN,5,331672
campaign3_gate2_v1:F14:K17:2:DbetaU,F14,K17,DbetaU,2,TRAIN,24,331727
campaign3_gate2_v1:F14:K17:3:D00,F14,K17,D00,3,VALIDATION,6,331745
campaign3_gate2_v1:F14:K17:3:D01,F14,K17,D01,3,VALIDATION,2,331813
campaign3_gate2_v1:F14:K17:3:D10,F14,K17,D10,3,VALIDATION,28,331803
campaign3_gate2_v1:F14:K17:3:D11,F14,K17,D11,3,VALIDATION,6,331853
campaign3_gate2_v1:F14:K17:3:DbetaU,F14,K17,DbetaU,3,VALIDATION,7,331890
campaign3_gate2_v1:F14:K17:4:D00,F14,K17,D00,4,DEVELOPMENT_TEST,2,331921
campaign3_gate2_v1:F14:K17:4:D01,F14,K17,D01,4,DEVELOPMENT_TEST,23,332014
campaign3_gate2_v1:F14:K17:4:D10,F14,K17,D10,4,DEVELOPMENT_TEST,3,331958
campaign3_gate2_v1:F14:K17:4:D11,F14,K17,D11,4,DEVELOPMENT_TEST,7,332034
campaign3_gate2_v1:F14:K17:4:DbetaU,F14,K17,DbetaU,4,DEVELOPMENT_TEST,25,332088
campaign3_gate2_v1:F14:K20:0:D00,F14,K20,D00,0,TRAIN,9,332108
campaign3_gate2_v1:F14:K20:0:D01,F14,K20,D01,0,TRAIN,8,332179
campaign3_gate2_v1:F14:K20:0:D10,F14,K20,D10,0,TRAIN,26,332161
campaign3_gate2_v1:F14:K20:0:D11,F14,K20,D11,0,TRAIN,25,332232
campaign3_gate2_v1:F14:K20:0:DbetaU,F14,K20,DbetaU,0,TRAIN,26,332269
campaign3_gate2_v1:F14:K20:1:D00,F14,K20,D00,1,TRAIN,25,332304
campaign3_gate2_v1:F14:K20:1:D01,F14,K20,D01,1,TRAIN,28,332379
campaign3_gate2_v1:F14:K20:1:D10,F14,K20,D10,1,TRAIN,29,332344
campaign3_gate2_v1:F14:K20:1:D11,F14,K20,D11,1,TRAIN,31,332418
campaign3_gate2_v1:F14:K20:1:DbetaU,F14,K20,DbetaU,1,TRAIN,22,332445
campaign3_gate2_v1:F14:K20:2:D00,F14,K20,D00,2,TRAIN,20,332479
campaign3_gate2_v1:F14:K20:2:D01,F14,K20,D01,2,TRAIN,13,332544
campaign3_gate2_v1:F14:K20:2:D10,F14,K20,D10,2,TRAIN,27,332522
campaign3_gate2_v1:F14:K20:2:D11,F14,K20,D11,2,TRAIN,20,332587
campaign3_gate2_v1:F14:K20:2:DbetaU,F14,K20,DbetaU,2,TRAIN,27,332630
campaign3_gate2_v1:F14:K20:3:D00,F14,K20,D00,3,VALIDATION,18,332657
campaign3_gate2_v1:F14:K20:3:D01,F14,K20,D01,3,VALIDATION,17,332728
campaign3_gate2_v1:F14:K20:3:D10,F14,K20,D10,3,VALIDATION,21,332696
campaign3_gate2_v1:F14:K20:3:D11,F14,K20,D11,3,VALIDATION,17,332764
campaign3_gate2_v1:F14:K20:3:DbetaU,F14,K20,DbetaU,3,VALIDATION,21,332804
campaign3_gate2_v1:F14:K20:4:D00,F14,K20,D00,4,DEVELOPMENT_TEST,3,332822
campaign3_gate2_v1:F14:K20:4:D01,F14,K20,D01,4,DEVELOPMENT_TEST,12,332903
campaign3_gate2_v1:F14:K20:4:D10,F14,K20,D10,4,DEVELOPMENT_TEST,11,332866
campaign3_gate2_v1:F14:K20:4:D11,F14,K20,D11,4,DEVELOPMENT_TEST,8,332935
campaign3_gate2_v1:F14:K20:4:DbetaU,F14,K20,DbetaU,4,DEVELOPMENT_TEST,27,332990
campaign3_gate2_v1:F14:K21:0:D00,F14,K21,D00,0,TRAIN,23,333022
campaign3_gate2_v1:F14:K21:0:D01,F14,K21,D01,0,TRAIN,17,333088
campaign3_gate2_v1:F14:K21:0:D10,F14,K21,D10,0,TRAIN,3,333038
campaign3_gate2_v1:F14:K21:0:D11,F14,K21,D11,0,TRAIN,16,333123
campaign3_gate2_v1:F14:K21:0:DbetaU,F14,K21,DbetaU,0,TRAIN,23,333166
campaign3_gate2_v1:F14:K21:1:D00,F14,K21,D00,1,TRAIN,19,333198
campaign3_gate2_v1:F14:K21:1:D01,F14,K21,D01,1,TRAIN,25,333276
campaign3_gate2_v1:F14:K21:1:D10,F14,K21,D10,1,TRAIN,6,333221
campaign3_gate2_v1:F14:K21:1:D11,F14,K21,D11,1,TRAIN,6,333293
campaign3_gate2_v1:F14:K21:1:DbetaU,F14,K21,DbetaU,1,TRAIN,27,333350
campaign3_gate2_v1:F14:K21:2:D00,F14,K21,D00,2,TRAIN,32,333391
campaign3_gate2_v1:F14:K21:2:D01,F14,K21,D01,2,TRAIN,10,333441
campaign3_gate2_v1:F14:K21:2:D10,F14,K21,D10,2,TRAIN,4,333399
campaign3_gate2_v1:F14:K21:2:D11,F14,K21,D11,2,TRAIN,22,333489
campaign3_gate2_v1:F14:K21:2:DbetaU,F14,K21,DbetaU,2,TRAIN,36,333539
campaign3_gate2_v1:F14:K21:3:D00,F14,K21,D00,3,VALIDATION,18,333557
campaign3_gate2_v1:F14:K21:3:D01,F14,K21,D01,3,VALIDATION,28,333639
campaign3_gate2_v1:F14:K21:3:D10,F14,K21,D10,3,VALIDATION,12,333587
campaign3_gate2_v1:F14:K21:3:D11,F14,K21,D11,3,VALIDATION,1,333648
campaign3_gate2_v1:F14:K21:3:DbetaU,F14,K21,DbetaU,3,VALIDATION,4,333687
campaign3_gate2_v1:F14:K21:4:D00,F14,K21,D00,4,DEVELOPMENT_TEST,13,333732
campaign3_gate2_v1:F14:K21:4:D01,F14,K21,D01,4,DEVELOPMENT_TEST,31,333822
campaign3_gate2_v1:F14:K21:4:D10,F14,K21,D10,4,DEVELOPMENT_TEST,4,333759
campaign3_gate2_v1:F14:K21:4:D11,F14,K21,D11,4,DEVELOPMENT_TEST,21,333848
campaign3_gate2_v1:F14:K21:4:DbetaU,F14,K21,DbetaU,4,DEVELOPMENT_TEST,24,333887
campaign3_gate2_v1:F14:K23:0:D00,F14,K23,D00,0,TRAIN,2,333901
campaign3_gate2_v1:F14:K23:0:D01,F14,K23,D01,0,TRAIN,12,333983
campaign3_gate2_v1:F14:K23:0:D10,F14,K23,D10,0,TRAIN,11,333946
campaign3_gate2_v1:F14:K23:0:D11,F14,K23,D11,0,TRAIN,35,334042
campaign3_gate2_v1:F14:K23:0:DbetaU,F14,K23,DbetaU,0,TRAIN,13,334056
campaign3_gate2_v1:F14:K23:1:D00,F14,K23,D00,1,TRAIN,35,334114
campaign3_gate2_v1:F14:K23:1:D01,F14,K23,D01,1,TRAIN,5,334156
campaign3_gate2_v1:F14:K23:1:D10,F14,K23,D10,1,TRAIN,2,334117
campaign3_gate2_v1:F14:K23:1:D11,F14,K23,D11,1,TRAIN,17,334204
campaign3_gate2_v1:F14:K23:1:DbetaU,F14,K23,DbetaU,1,TRAIN,2,334225
campaign3_gate2_v1:F14:K23:2:D00,F14,K23,D00,2,TRAIN,7,334266
campaign3_gate2_v1:F14:K23:2:D01,F14,K23,D01,2,TRAIN,6,334337
campaign3_gate2_v1:F14:K23:2:D10,F14,K23,D10,2,TRAIN,9,334304
campaign3_gate2_v1:F14:K23:2:D11,F14,K23,D11,2,TRAIN,7,334374
campaign3_gate2_v1:F14:K23:2:DbetaU,F14,K23,DbetaU,2,TRAIN,7,334410
campaign3_gate2_v1:F14:K23:3:D00,F14,K23,D00,3,VALIDATION,18,334457
campaign3_gate2_v1:F14:K23:3:D01,F14,K23,D01,3,VALIDATION,32,334543
campaign3_gate2_v1:F14:K23:3:D10,F14,K23,D10,3,VALIDATION,2,334477
campaign3_gate2_v1:F14:K23:3:D11,F14,K23,D11,3,VALIDATION,36,334583
campaign3_gate2_v1:F14:K23:3:DbetaU,F14,K23,DbetaU,3,VALIDATION,16,334599
campaign3_gate2_v1:F14:K23:4:D00,F14,K23,D00,4,DEVELOPMENT_TEST,22,334641
campaign3_gate2_v1:F14:K23:4:D01,F14,K23,D01,4,DEVELOPMENT_TEST,16,334707
campaign3_gate2_v1:F14:K23:4:D10,F14,K23,D10,4,DEVELOPMENT_TEST,36,334691
campaign3_gate2_v1:F14:K23:4:D11,F14,K23,D11,4,DEVELOPMENT_TEST,5,334732
campaign3_gate2_v1:F14:K23:4:DbetaU,F14,K23,DbetaU,4,DEVELOPMENT_TEST,10,334773
campaign3_gate2_v1:F14:K25:0:D00,F14,K25,D00,0,TRAIN,11,334810
campaign3_gate2_v1:F14:K25:0:D01,F14,K25,D01,0,TRAIN,9,334880
campaign3_gate2_v1:F14:K25:0:D10,F14,K25,D10,0,TRAIN,36,334871
campaign3_gate2_v1:F14:K25:0:D11,F14,K25,D11,0,TRAIN,22,334929
campaign3_gate2_v1:F14:K25:0:DbetaU,F14,K25,DbetaU,0,TRAIN,29,334972
campaign3_gate2_v1:F14:K25:1:D00,F14,K25,D00,1,TRAIN,27,335006
campaign3_gate2_v1:F14:K25:1:D01,F14,K25,D01,1,TRAIN,29,335080
campaign3_gate2_v1:F14:K25:1:D10,F14,K25,D10,1,TRAIN,19,335034
campaign3_gate2_v1:F14:K25:1:D11,F14,K25,D11,1,TRAIN,26,335113
campaign3_gate2_v1:F14:K25:1:DbetaU,F14,K25,DbetaU,1,TRAIN,27,335150
campaign3_gate2_v1:F14:K25:2:D00,F14,K25,D00,2,TRAIN,12,335171
campaign3_gate2_v1:F14:K25:2:D01,F14,K25,D01,2,TRAIN,28,335259
campaign3_gate2_v1:F14:K25:2:D10,F14,K25,D10,2,TRAIN,22,335217
campaign3_gate2_v1:F14:K25:2:D11,F14,K25,D11,2,TRAIN,7,335274
campaign3_gate2_v1:F14:K25:2:DbetaU,F14,K25,DbetaU,2,TRAIN,9,335312
campaign3_gate2_v1:F14:K25:3:D00,F14,K25,D00,3,VALIDATION,36,335375
campaign3_gate2_v1:F14:K25:3:D01,F14,K25,D01,3,VALIDATION,8,335419
campaign3_gate2_v1:F14:K25:3:D10,F14,K25,D10,3,VALIDATION,28,335403
campaign3_gate2_v1:F14:K25:3:D11,F14,K25,D11,3,VALIDATION,6,335453
campaign3_gate2_v1:F14:K25:3:DbetaU,F14,K25,DbetaU,3,VALIDATION,33,335516
campaign3_gate2_v1:F14:K25:4:D00,F14,K25,D00,4,DEVELOPMENT_TEST,6,335525
campaign3_gate2_v1:F14:K25:4:D01,F14,K25,D01,4,DEVELOPMENT_TEST,24,335615
campaign3_gate2_v1:F14:K25:4:D10,F14,K25,D10,4,DEVELOPMENT_TEST,27,335582
campaign3_gate2_v1:F14:K25:4:D11,F14,K25,D11,4,DEVELOPMENT_TEST,6,335633
campaign3_gate2_v1:F14:K25:4:DbetaU,F14,K25,DbetaU,4,DEVELOPMENT_TEST,13,335676
campaign3_gate2_v1:F14:K26:0:D00,F14,K26,D00,0,TRAIN,23,335722
campaign3_gate2_v1:F14:K26:0:D01,F14,K26,D01,0,TRAIN,7,335778
campaign3_gate2_v1:F14:K26:0:D10,F14,K26,D10,0,TRAIN,6,335741
campaign3_gate2_v1:F14:K26:0:D11,F14,K26,D11,0,TRAIN,24,335831
campaign3_gate2_v1:F14:K26:0:DbetaU,F14,K26,DbetaU,0,TRAIN,32,335875
campaign3_gate2_v1:F14:K26:1:D00,F14,K26,D00,1,TRAIN,20,335899
campaign3_gate2_v1:F14:K26:1:D01,F14,K26,D01,1,TRAIN,33,335984
campaign3_gate2_v1:F14:K26:1:D10,F14,K26,D10,1,TRAIN,8,335923
campaign3_gate2_v1:F14:K26:1:D11,F14,K26,D11,1,TRAIN,16,336003
campaign3_gate2_v1:F14:K26:1:DbetaU,F14,K26,DbetaU,1,TRAIN,25,336048
campaign3_gate2_v1:F14:K26:2:D00,F14,K26,D00,2,TRAIN,11,336070
campaign3_gate2_v1:F14:K26:2:D01,F14,K26,D01,2,TRAIN,19,336150
campaign3_gate2_v1:F14:K26:2:D10,F14,K26,D10,2,TRAIN,35,336130
campaign3_gate2_v1:F14:K26:2:D11,F14,K26,D11,2,TRAIN,27,336194
campaign3_gate2_v1:F14:K26:2:DbetaU,F14,K26,DbetaU,2,TRAIN,27,336230
campaign3_gate2_v1:F14:K26:3:D00,F14,K26,D00,3,VALIDATION,5,336244
campaign3_gate2_v1:F14:K26:3:D01,F14,K26,D01,3,VALIDATION,3,336314
campaign3_gate2_v1:F14:K26:3:D10,F14,K26,D10,3,VALIDATION,4,336279
campaign3_gate2_v1:F14:K26:3:D11,F14,K26,D11,3,VALIDATION,15,336362
campaign3_gate2_v1:F14:K26:3:DbetaU,F14,K26,DbetaU,3,VALIDATION,33,336416
campaign3_gate2_v1:F14:K26:4:D00,F14,K26,D00,4,DEVELOPMENT_TEST,30,336449
campaign3_gate2_v1:F14:K26:4:D01,F14,K26,D01,4,DEVELOPMENT_TEST,34,336525
campaign3_gate2_v1:F14:K26:4:D10,F14,K26,D10,4,DEVELOPMENT_TEST,17,336472
campaign3_gate2_v1:F14:K26:4:D11,F14,K26,D11,4,DEVELOPMENT_TEST,11,336538
campaign3_gate2_v1:F14:K26:4:DbetaU,F14,K26,DbetaU,4,DEVELOPMENT_TEST,32,336595
campaign3_gate2_v1:F14:K27:0:D00,F14,K27,D00,0,TRAIN,14,336613
campaign3_gate2_v1:F14:K27:0:D01,F14,K27,D01,0,TRAIN,29,336700
campaign3_gate2_v1:F14:K27:0:D10,F14,K27,D10,0,TRAIN,29,336664
campaign3_gate2_v1:F14:K27:0:D11,F14,K27,D11,0,TRAIN,15,336722
campaign3_gate2_v1:F14:K27:0:DbetaU,F14,K27,DbetaU,0,TRAIN,23,336766
campaign3_gate2_v1:F14:K27:1:D00,F14,K27,D00,1,TRAIN,15,336794
campaign3_gate2_v1:F14:K27:1:D01,F14,K27,D01,1,TRAIN,25,336876
campaign3_gate2_v1:F14:K27:1:D10,F14,K27,D10,1,TRAIN,22,336837
campaign3_gate2_v1:F14:K27:1:D11,F14,K27,D11,1,TRAIN,19,336906
campaign3_gate2_v1:F14:K27:1:DbetaU,F14,K27,DbetaU,1,TRAIN,5,336928
campaign3_gate2_v1:F14:K27:2:D00,F14,K27,D00,2,TRAIN,36,336995
campaign3_gate2_v1:F14:K27:2:D01,F14,K27,D01,2,TRAIN,24,337055
campaign3_gate2_v1:F14:K27:2:D10,F14,K27,D10,2,TRAIN,23,337018
campaign3_gate2_v1:F14:K27:2:D11,F14,K27,D11,2,TRAIN,8,337075
campaign3_gate2_v1:F14:K27:2:DbetaU,F14,K27,DbetaU,2,TRAIN,10,337113
campaign3_gate2_v1:F14:K27:3:D00,F14,K27,D00,3,VALIDATION,15,337154
campaign3_gate2_v1:F14:K27:3:D01,F14,K27,D01,3,VALIDATION,8,337219
campaign3_gate2_v1:F14:K27:3:D10,F14,K27,D10,3,VALIDATION,13,337188
campaign3_gate2_v1:F14:K27:3:D11,F14,K27,D11,3,VALIDATION,7,337254
campaign3_gate2_v1:F14:K27:3:DbetaU,F14,K27,DbetaU,3,VALIDATION,12,337295
campaign3_gate2_v1:F14:K27:4:D00,F14,K27,D00,4,DEVELOPMENT_TEST,23,337342
campaign3_gate2_v1:F14:K27:4:D01,F14,K27,D01,4,DEVELOPMENT_TEST,5,337396
campaign3_gate2_v1:F14:K27:4:D10,F14,K27,D10,4,DEVELOPMENT_TEST,3,337358
campaign3_gate2_v1:F14:K27:4:D11,F14,K27,D11,4,DEVELOPMENT_TEST,7,337434
campaign3_gate2_v1:F14:K27:4:DbetaU,F14,K27,DbetaU,4,DEVELOPMENT_TEST,7,337470
campaign3_gate2_v1:F14:K31:0:D00,F14,K31,D00,0,TRAIN,8,337507
campaign3_gate2_v1:F14:K31:0:D01,F14,K31,D01,0,TRAIN,15,337586
campaign3_gate2_v1:F14:K31:0:D10,F14,K31,D10,0,TRAIN,5,337540
campaign3_gate2_v1:F14:K31:0:D11,F14,K31,D11,0,TRAIN,12,337619
campaign3_gate2_v1:F14:K31:0:DbetaU,F14,K31,DbetaU,0,TRAIN,8,337651
campaign3_gate2_v1:F14:K31:1:D00,F14,K31,D00,1,TRAIN,21,337700
campaign3_gate2_v1:F14:K31:1:D01,F14,K31,D01,1,TRAIN,5,337756
campaign3_gate2_v1:F14:K31:1:D10,F14,K31,D10,1,TRAIN,6,337721
campaign3_gate2_v1:F14:K31:1:D11,F14,K31,D11,1,TRAIN,13,337800
campaign3_gate2_v1:F14:K31:1:DbetaU,F14,K31,DbetaU,1,TRAIN,10,337833
campaign3_gate2_v1:F14:K31:2:D00,F14,K31,D00,2,TRAIN,26,337885
campaign3_gate2_v1:F14:K31:2:D01,F14,K31,D01,2,TRAIN,11,337942
campaign3_gate2_v1:F14:K31:2:D10,F14,K31,D10,2,TRAIN,34,337929
campaign3_gate2_v1:F14:K31:2:D11,F14,K31,D11,2,TRAIN,11,337978
campaign3_gate2_v1:F14:K31:2:DbetaU,F14,K31,DbetaU,2,TRAIN,25,338028
campaign3_gate2_v1:F14:K31:3:D00,F14,K31,D00,3,VALIDATION,5,338044
campaign3_gate2_v1:F14:K31:3:D01,F14,K31,D01,3,VALIDATION,29,338140
campaign3_gate2_v1:F14:K31:3:D10,F14,K31,D10,3,VALIDATION,13,338088
campaign3_gate2_v1:F14:K31:3:D11,F14,K31,D11,3,VALIDATION,36,338183
campaign3_gate2_v1:F14:K31:3:DbetaU,F14,K31,DbetaU,3,VALIDATION,35,338218
campaign3_gate2_v1:F14:K31:4:D00,F14,K31,D00,4,DEVELOPMENT_TEST,15,338234
campaign3_gate2_v1:F14:K31:4:D01,F14,K31,D01,4,DEVELOPMENT_TEST,3,338294
campaign3_gate2_v1:F14:K31:4:D10,F14,K31,D10,4,DEVELOPMENT_TEST,22,338277
campaign3_gate2_v1:F14:K31:4:D11,F14,K31,D11,4,DEVELOPMENT_TEST,28,338355
campaign3_gate2_v1:F14:K31:4:DbetaU,F14,K31,DbetaU,4,DEVELOPMENT_TEST,35,338398
campaign3_gate2_v1:F14:K32:0:D00,F14,K32,D00,0,TRAIN,4,338403
campaign3_gate2_v1:F14:K32:0:D01,F14,K32,D01,0,TRAIN,12,338483
campaign3_gate2_v1:F14:K32:0:D10,F14,K32,D10,0,TRAIN,27,338462
campaign3_gate2_v1:F14:K32:0:D11,F14,K32,D11,0,TRAIN,9,338516
campaign3_gate2_v1:F14:K32:0:DbetaU,F14,K32,DbetaU,0,TRAIN,2,338545
campaign3_gate2_v1:F14:K32:1:D00,F14,K32,D00,1,TRAIN,33,338612
campaign3_gate2_v1:F14:K32:1:D01,F14,K32,D01,1,TRAIN,2,338653
campaign3_gate2_v1:F14:K32:1:D10,F14,K32,D10,1,TRAIN,30,338645
campaign3_gate2_v1:F14:K32:1:D11,F14,K32,D11,1,TRAIN,15,338702
campaign3_gate2_v1:F14:K32:1:DbetaU,F14,K32,DbetaU,1,TRAIN,36,338759
campaign3_gate2_v1:F14:K32:2:D00,F14,K32,D00,2,TRAIN,22,338781
campaign3_gate2_v1:F14:K32:2:D01,F14,K32,D01,2,TRAIN,11,338842
campaign3_gate2_v1:F14:K32:2:D10,F14,K32,D10,2,TRAIN,10,338805
campaign3_gate2_v1:F14:K32:2:D11,F14,K32,D11,2,TRAIN,22,338889
campaign3_gate2_v1:F14:K32:2:DbetaU,F14,K32,DbetaU,2,TRAIN,7,338910
campaign3_gate2_v1:F14:K32:3:D00,F14,K32,D00,3,VALIDATION,28,338967
campaign3_gate2_v1:F14:K32:3:D01,F14,K32,D01,3,VALIDATION,33,339044
campaign3_gate2_v1:F14:K32:3:D10,F14,K32,D10,3,VALIDATION,35,339010
campaign3_gate2_v1:F14:K32:3:D11,F14,K32,D11,3,VALIDATION,13,339060
campaign3_gate2_v1:F14:K32:3:DbetaU,F14,K32,DbetaU,3,VALIDATION,32,339115
campaign3_gate2_v1:F14:K32:4:D00,F14,K32,D00,4,DEVELOPMENT_TEST,11,339130
campaign3_gate2_v1:F14:K32:4:D01,F14,K32,D01,4,DEVELOPMENT_TEST,16,339207
campaign3_gate2_v1:F14:K32:4:D10,F14,K32,D10,4,DEVELOPMENT_TEST,25,339180
campaign3_gate2_v1:F14:K32:4:D11,F14,K32,D11,4,DEVELOPMENT_TEST,28,339255
campaign3_gate2_v1:F14:K32:4:DbetaU,F14,K32,DbetaU,4,DEVELOPMENT_TEST,4,339267
campaign3_gate2_v1:F14:K33:0:D00,F14,K33,D00,0,TRAIN,34,339333
campaign3_gate2_v1:F14:K33:0:D01,F14,K33,D01,0,TRAIN,25,339396
campaign3_gate2_v1:F14:K33:0:D10,F14,K33,D10,0,TRAIN,6,339341
campaign3_gate2_v1:F14:K33:0:D11,F14,K33,D11,0,TRAIN,1,339408
campaign3_gate2_v1:F14:K33:0:DbetaU,F14,K33,DbetaU,0,TRAIN,33,339476
campaign3_gate2_v1:F14:K33:1:D00,F14,K33,D00,1,TRAIN,9,339488
campaign3_gate2_v1:F14:K33:1:D01,F14,K33,D01,1,TRAIN,1,339552
campaign3_gate2_v1:F14:K33:1:D10,F14,K33,D10,1,TRAIN,14,339529
campaign3_gate2_v1:F14:K33:1:D11,F14,K33,D11,1,TRAIN,26,339613
campaign3_gate2_v1:F14:K33:1:DbetaU,F14,K33,DbetaU,1,TRAIN,27,339650
campaign3_gate2_v1:F14:K33:2:D00,F14,K33,D00,2,TRAIN,18,339677
campaign3_gate2_v1:F14:K33:2:D01,F14,K33,D01,2,TRAIN,20,339751
campaign3_gate2_v1:F14:K33:2:D10,F14,K33,D10,2,TRAIN,16,339711
campaign3_gate2_v1:F14:K33:2:D11,F14,K33,D11,2,TRAIN,9,339776
campaign3_gate2_v1:F14:K33:2:DbetaU,F14,K33,DbetaU,2,TRAIN,29,339832
campaign3_gate2_v1:F14:K33:3:D00,F14,K33,D00,3,VALIDATION,6,339845
campaign3_gate2_v1:F14:K33:3:D01,F14,K33,D01,3,VALIDATION,8,339919
campaign3_gate2_v1:F14:K33:3:D10,F14,K33,D10,3,VALIDATION,19,339894
campaign3_gate2_v1:F14:K33:3:D11,F14,K33,D11,3,VALIDATION,30,339977
campaign3_gate2_v1:F14:K33:3:DbetaU,F14,K33,DbetaU,3,VALIDATION,25,340008
campaign3_gate2_v1:F14:K33:4:D00,F14,K33,D00,4,DEVELOPMENT_TEST,24,340043
campaign3_gate2_v1:F14:K33:4:D01,F14,K33,D01,4,DEVELOPMENT_TEST,28,340119
campaign3_gate2_v1:F14:K33:4:D10,F14,K33,D10,4,DEVELOPMENT_TEST,13,340068
campaign3_gate2_v1:F14:K33:4:D11,F14,K33,D11,4,DEVELOPMENT_TEST,16,340143
campaign3_gate2_v1:F14:K33:4:DbetaU,F14,K33,DbetaU,4,DEVELOPMENT_TEST,29,340192
campaign3_gate2_v1:F15:K01:0:D00,F15,K01,D00,0,TRAIN,31,340230
campaign3_gate2_v1:F15:K01:0:D01,F15,K01,D01,0,TRAIN,5,340276
campaign3_gate2_v1:F15:K01:0:D10,F15,K01,D10,0,TRAIN,6,340241
campaign3_gate2_v1:F15:K01:0:D11,F15,K01,D11,0,TRAIN,27,340334
campaign3_gate2_v1:F15:K01:0:DbetaU,F15,K01,DbetaU,0,TRAIN,32,340375
campaign3_gate2_v1:F15:K01:1:D00,F15,K01,D00,1,TRAIN,36,340415
campaign3_gate2_v1:F15:K01:1:D01,F15,K01,D01,1,TRAIN,7,340458
campaign3_gate2_v1:F15:K01:1:D10,F15,K01,D10,1,TRAIN,33,340448
campaign3_gate2_v1:F15:K01:1:D11,F15,K01,D11,1,TRAIN,11,340498
campaign3_gate2_v1:F15:K01:1:DbetaU,F15,K01,DbetaU,1,TRAIN,22,340545
campaign3_gate2_v1:F15:K01:2:D00,F15,K01,D00,2,TRAIN,5,340564
campaign3_gate2_v1:F15:K01:2:D01,F15,K01,D01,2,TRAIN,16,340647
campaign3_gate2_v1:F15:K01:2:D10,F15,K01,D10,2,TRAIN,21,340616
campaign3_gate2_v1:F15:K01:2:D11,F15,K01,D11,2,TRAIN,32,340699
campaign3_gate2_v1:F15:K01:2:DbetaU,F15,K01,DbetaU,2,TRAIN,33,340736
campaign3_gate2_v1:F15:K01:3:D00,F15,K01,D00,3,VALIDATION,30,340769
campaign3_gate2_v1:F15:K01:3:D01,F15,K01,D01,3,VALIDATION,25,340836
campaign3_gate2_v1:F15:K01:3:D10,F15,K01,D10,3,VALIDATION,25,340800
campaign3_gate2_v1:F15:K01:3:D11,F15,K01,D11,3,VALIDATION,2,340849
campaign3_gate2_v1:F15:K01:3:DbetaU,F15,K01,DbetaU,3,VALIDATION,22,340905
campaign3_gate2_v1:F15:K01:4:D00,F15,K01,D00,4,DEVELOPMENT_TEST,1,340920
campaign3_gate2_v1:F15:K01:4:D01,F15,K01,D01,4,DEVELOPMENT_TEST,11,341002
campaign3_gate2_v1:F15:K01:4:D10,F15,K01,D10,4,DEVELOPMENT_TEST,29,340984
campaign3_gate2_v1:F15:K01:4:D11,F15,K01,D11,4,DEVELOPMENT_TEST,17,341044
campaign3_gate2_v1:F15:K01:4:DbetaU,F15,K01,DbetaU,4,DEVELOPMENT_TEST,3,341066
campaign3_gate2_v1:F15:K02:0:D00,F15,K02,D00,0,TRAIN,12,341111
campaign3_gate2_v1:F15:K02:0:D01,F15,K02,D01,0,TRAIN,13,341184
campaign3_gate2_v1:F15:K02:0:D10,F15,K02,D10,0,TRAIN,3,341138
campaign3_gate2_v1:F15:K02:0:D11,F15,K02,D11,0,TRAIN,11,341218
campaign3_gate2_v1:F15:K02:0:DbetaU,F15,K02,DbetaU,0,TRAIN,34,341277
campaign3_gate2_v1:F15:K02:1:D00,F15,K02,D00,1,TRAIN,6,341285
campaign3_gate2_v1:F15:K02:1:D01,F15,K02,D01,1,TRAIN,29,341380
campaign3_gate2_v1:F15:K02:1:D10,F15,K02,D10,1,TRAIN,14,341329
campaign3_gate2_v1:F15:K02:1:D11,F15,K02,D11,1,TRAIN,6,341393
campaign3_gate2_v1:F15:K02:1:DbetaU,F15,K02,DbetaU,1,TRAIN,27,341450
campaign3_gate2_v1:F15:K02:2:D00,F15,K02,D00,2,TRAIN,8,341467
campaign3_gate2_v1:F15:K02:2:D01,F15,K02,D01,2,TRAIN,22,341553
campaign3_gate2_v1:F15:K02:2:D10,F15,K02,D10,2,TRAIN,17,341512
campaign3_gate2_v1:F15:K02:2:D11,F15,K02,D11,2,TRAIN,33,341600
campaign3_gate2_v1:F15:K02:2:DbetaU,F15,K02,DbetaU,2,TRAIN,15,341618
campaign3_gate2_v1:F15:K02:3:D00,F15,K02,D00,3,VALIDATION,1,341640
campaign3_gate2_v1:F15:K02:3:D01,F15,K02,D01,3,VALIDATION,6,341717
campaign3_gate2_v1:F15:K02:3:D10,F15,K02,D10,3,VALIDATION,33,341708
campaign3_gate2_v1:F15:K02:3:D11,F15,K02,D11,3,VALIDATION,32,341779
campaign3_gate2_v1:F15:K02:3:DbetaU,F15,K02,DbetaU,3,VALIDATION,1,341784
campaign3_gate2_v1:F15:K02:4:D00,F15,K02,D00,4,DEVELOPMENT_TEST,34,341853
campaign3_gate2_v1:F15:K02:4:D01,F15,K02,D01,4,DEVELOPMENT_TEST,17,341908
campaign3_gate2_v1:F15:K02:4:D10,F15,K02,D10,4,DEVELOPMENT_TEST,35,341890
campaign3_gate2_v1:F15:K02:4:D11,F15,K02,D11,4,DEVELOPMENT_TEST,22,341949
campaign3_gate2_v1:F15:K02:4:DbetaU,F15,K02,DbetaU,4,DEVELOPMENT_TEST,35,341998
campaign3_gate2_v1:F15:K03:0:D00,F15,K03,D00,0,TRAIN,9,342008
campaign3_gate2_v1:F15:K03:0:D01,F15,K03,D01,0,TRAIN,24,342095
campaign3_gate2_v1:F15:K03:0:D10,F15,K03,D10,0,TRAIN,1,342036
campaign3_gate2_v1:F15:K03:0:D11,F15,K03,D11,0,TRAIN,36,342143
campaign3_gate2_v1:F15:K03:0:DbetaU,F15,K03,DbetaU,0,TRAIN,24,342167
campaign3_gate2_v1:F15:K03:1:D00,F15,K03,D00,1,TRAIN,32,342211
campaign3_gate2_v1:F15:K03:1:D01,F15,K03,D01,1,TRAIN,5,342256
campaign3_gate2_v1:F15:K03:1:D10,F15,K03,D10,1,TRAIN,21,342236
campaign3_gate2_v1:F15:K03:1:D11,F15,K03,D11,1,TRAIN,22,342309
campaign3_gate2_v1:F15:K03:1:DbetaU,F15,K03,DbetaU,1,TRAIN,19,342342
campaign3_gate2_v1:F15:K03:2:D00,F15,K03,D00,2,TRAIN,8,342367
campaign3_gate2_v1:F15:K03:2:D01,F15,K03,D01,2,TRAIN,14,342445
campaign3_gate2_v1:F15:K03:2:D10,F15,K03,D10,2,TRAIN,14,342409
campaign3_gate2_v1:F15:K03:2:D11,F15,K03,D11,2,TRAIN,8,342475
campaign3_gate2_v1:F15:K03:2:DbetaU,F15,K03,DbetaU,2,TRAIN,28,342531
campaign3_gate2_v1:F15:K03:3:D00,F15,K03,D00,3,VALIDATION,29,342568
campaign3_gate2_v1:F15:K03:3:D01,F15,K03,D01,3,VALIDATION,30,342641
campaign3_gate2_v1:F15:K03:3:D10,F15,K03,D10,3,VALIDATION,5,342580
campaign3_gate2_v1:F15:K03:3:D11,F15,K03,D11,3,VALIDATION,28,342675
campaign3_gate2_v1:F15:K03:3:DbetaU,F15,K03,DbetaU,3,VALIDATION,23,342706
campaign3_gate2_v1:F15:K03:4:D00,F15,K03,D00,4,DEVELOPMENT_TEST,11,342730
campaign3_gate2_v1:F15:K03:4:D01,F15,K03,D01,4,DEVELOPMENT_TEST,28,342819
campaign3_gate2_v1:F15:K03:4:D10,F15,K03,D10,4,DEVELOPMENT_TEST,21,342776
campaign3_gate2_v1:F15:K03:4:D11,F15,K03,D11,4,DEVELOPMENT_TEST,17,342844
campaign3_gate2_v1:F15:K03:4:DbetaU,F15,K03,DbetaU,4,DEVELOPMENT_TEST,25,342888
campaign3_gate2_v1:F15:K05:0:D00,F15,K05,D00,0,TRAIN,25,342924
campaign3_gate2_v1:F15:K05:0:D01,F15,K05,D01,0,TRAIN,9,342980
campaign3_gate2_v1:F15:K05:0:D10,F15,K05,D10,0,TRAIN,3,342938
campaign3_gate2_v1:F15:K05:0:D11,F15,K05,D11,0,TRAIN,31,343038
campaign3_gate2_v1:F15:K05:0:DbetaU,F15,K05,DbetaU,0,TRAIN,3,343046
campaign3_gate2_v1:F15:K05:1:D00,F15,K05,D00,1,TRAIN,26,343105
campaign3_gate2_v1:F15:K05:1:D01,F15,K05,D01,1,TRAIN,28,343179
campaign3_gate2_v1:F15:K05:1:D10,F15,K05,D10,1,TRAIN,12,343127
campaign3_gate2_v1:F15:K05:1:D11,F15,K05,D11,1,TRAIN,21,343208
campaign3_gate2_v1:F15:K05:1:DbetaU,F15,K05,DbetaU,1,TRAIN,33,343256
campaign3_gate2_v1:F15:K05:2:D00,F15,K05,D00,2,TRAIN,6,343265
campaign3_gate2_v1:F15:K05:2:D01,F15,K05,D01,2,TRAIN,22,343353
campaign3_gate2_v1:F15:K05:2:D10,F15,K05,D10,2,TRAIN,26,343321
campaign3_gate2_v1:F15:K05:2:D11,F15,K05,D11,2,TRAIN,20,343387
campaign3_gate2_v1:F15:K05:2:DbetaU,F15,K05,DbetaU,2,TRAIN,8,343411
campaign3_gate2_v1:F15:K05:3:D00,F15,K05,D00,3,VALIDATION,5,343444
campaign3_gate2_v1:F15:K05:3:D01,F15,K05,D01,3,VALIDATION,29,343540
campaign3_gate2_v1:F15:K05:3:D10,F15,K05,D10,3,VALIDATION,26,343501
campaign3_gate2_v1:F15:K05:3:D11,F15,K05,D11,3,VALIDATION,11,343558
campaign3_gate2_v1:F15:K05:3:DbetaU,F15,K05,DbetaU,3,VALIDATION,9,343592
campaign3_gate2_v1:F15:K05:4:D00,F15,K05,D00,4,DEVELOPMENT_TEST,21,343640
campaign3_gate2_v1:F15:K05:4:D01,F15,K05,D01,4,DEVELOPMENT_TEST,29,343720
campaign3_gate2_v1:F15:K05:4:D10,F15,K05,D10,4,DEVELOPMENT_TEST,18,343673
campaign3_gate2_v1:F15:K05:4:D11,F15,K05,D11,4,DEVELOPMENT_TEST,9,343736
campaign3_gate2_v1:F15:K05:4:DbetaU,F15,K05,DbetaU,4,DEVELOPMENT_TEST,8,343771
campaign3_gate2_v1:F15:K06:0:D00,F15,K06,D00,0,TRAIN,11,343810
campaign3_gate2_v1:F15:K06:0:D01,F15,K06,D01,0,TRAIN,22,343893
campaign3_gate2_v1:F15:K06:0:D10,F15,K06,D10,0,TRAIN,20,343855
campaign3_gate2_v1:F15:K06:0:D11,F15,K06,D11,0,TRAIN,2,343909
campaign3_gate2_v1:F15:K06:0:DbetaU,F15,K06,DbetaU,0,TRAIN,15,343958
campaign3_gate2_v1:F15:K06:1:D00,F15,K06,D00,1,TRAIN,23,344002
campaign3_gate2_v1:F15:K06:1:D01,F15,K06,D01,1,TRAIN,30,344081
campaign3_gate2_v1:F15:K06:1:D10,F15,K06,D10,1,TRAIN,1,344016
campaign3_gate2_v1:F15:K06:1:D11,F15,K06,D11,1,TRAIN,10,344097
campaign3_gate2_v1:F15:K06:1:DbetaU,F15,K06,DbetaU,1,TRAIN,23,344146
campaign3_gate2_v1:F15:K06:2:D00,F15,K06,D00,2,TRAIN,1,344160
campaign3_gate2_v1:F15:K06:2:D01,F15,K06,D01,2,TRAIN,2,344233
campaign3_gate2_v1:F15:K06:2:D10,F15,K06,D10,2,TRAIN,33,344228
campaign3_gate2_v1:F15:K06:2:D11,F15,K06,D11,2,TRAIN,21,344288
campaign3_gate2_v1:F15:K06:2:DbetaU,F15,K06,DbetaU,2,TRAIN,23,344326
campaign3_gate2_v1:F15:K06:3:D00,F15,K06,D00,3,VALIDATION,26,344365
campaign3_gate2_v1:F15:K06:3:D01,F15,K06,D01,3,VALIDATION,34,344445
campaign3_gate2_v1:F15:K06:3:D10,F15,K06,D10,3,VALIDATION,24,344399
campaign3_gate2_v1:F15:K06:3:D11,F15,K06,D11,3,VALIDATION,27,344474
campaign3_gate2_v1:F15:K06:3:DbetaU,F15,K06,DbetaU,3,VALIDATION,7,344490
campaign3_gate2_v1:F15:K06:4:D00,F15,K06,D00,4,DEVELOPMENT_TEST,10,344529
campaign3_gate2_v1:F15:K06:4:D01,F15,K06,D01,4,DEVELOPMENT_TEST,5,344596
campaign3_gate2_v1:F15:K06:4:D10,F15,K06,D10,4,DEVELOPMENT_TEST,2,344557
campaign3_gate2_v1:F15:K06:4:D11,F15,K06,D11,4,DEVELOPMENT_TEST,5,344632
campaign3_gate2_v1:F15:K06:4:DbetaU,F15,K06,DbetaU,4,DEVELOPMENT_TEST,32,344695
campaign3_gate2_v1:F15:K07:0:D00,F15,K07,D00,0,TRAIN,23,344722
campaign3_gate2_v1:F15:K07:0:D01,F15,K07,D01,0,TRAIN,19,344790
campaign3_gate2_v1:F15:K07:0:D10,F15,K07,D10,0,TRAIN,23,344758
campaign3_gate2_v1:F15:K07:0:D11,F15,K07,D11,0,TRAIN,12,344819
campaign3_gate2_v1:F15:K07:0:DbetaU,F15,K07,DbetaU,0,TRAIN,26,344869
campaign3_gate2_v1:F15:K07:1:D00,F15,K07,D00,1,TRAIN,4,344883
campaign3_gate2_v1:F15:K07:1:D01,F15,K07,D01,1,TRAIN,30,344981
campaign3_gate2_v1:F15:K07:1:D10,F15,K07,D10,1,TRAIN,7,344922
campaign3_gate2_v1:F15:K07:1:D11,F15,K07,D11,1,TRAIN,22,345009
campaign3_gate2_v1:F15:K07:1:DbetaU,F15,K07,DbetaU,1,TRAIN,26,345049
campaign3_gate2_v1:F15:K07:2:D00,F15,K07,D00,2,TRAIN,7,345066
campaign3_gate2_v1:F15:K07:2:D01,F15,K07,D01,2,TRAIN,23,345154
campaign3_gate2_v1:F15:K07:2:D10,F15,K07,D10,2,TRAIN,10,345105
campaign3_gate2_v1:F15:K07:2:D11,F15,K07,D11,2,TRAIN,13,345180
campaign3_gate2_v1:F15:K07:2:DbetaU,F15,K07,DbetaU,2,TRAIN,36,345239
campaign3_gate2_v1:F15:K07:3:D00,F15,K07,D00,3,VALIDATION,27,345266
campaign3_gate2_v1:F15:K07:3:D01,F15,K07,D01,3,VALIDATION,18,345329
campaign3_gate2_v1:F15:K07:3:D10,F15,K07,D10,3,VALIDATION,9,345284
campaign3_gate2_v1:F15:K07:3:D11,F15,K07,D11,3,VALIDATION,14,345361
campaign3_gate2_v1:F15:K07:3:DbetaU,F15,K07,DbetaU,3,VALIDATION,2,345385
campaign3_gate2_v1:F15:K07:4:D00,F15,K07,D00,4,DEVELOPMENT_TEST,30,345449
campaign3_gate2_v1:F15:K07:4:D01,F15,K07,D01,4,DEVELOPMENT_TEST,30,345521
campaign3_gate2_v1:F15:K07:4:D10,F15,K07,D10,4,DEVELOPMENT_TEST,24,345479
campaign3_gate2_v1:F15:K07:4:D11,F15,K07,D11,4,DEVELOPMENT_TEST,4,345531
campaign3_gate2_v1:F15:K07:4:DbetaU,F15,K07,DbetaU,4,DEVELOPMENT_TEST,28,345591
campaign3_gate2_v1:F15:K10:0:D00,F15,K10,D00,0,TRAIN,34,345633
campaign3_gate2_v1:F15:K10:0:D01,F15,K10,D01,0,TRAIN,33,345704
campaign3_gate2_v1:F15:K10:0:D10,F15,K10,D10,0,TRAIN,30,345665
campaign3_gate2_v1:F15:K10:0:D11,F15,K10,D11,0,TRAIN,25,345732
campaign3_gate2_v1:F15:K10:0:DbetaU,F15,K10,DbetaU,0,TRAIN,15,345758
campaign3_gate2_v1:F15:K10:1:D00,F15,K10,D00,1,TRAIN,27,345806
campaign3_gate2_v1:F15:K10:1:D01,F15,K10,D01,1,TRAIN,21,345872
campaign3_gate2_v1:F15:K10:1:D10,F15,K10,D10,1,TRAIN,2,345817
campaign3_gate2_v1:F15:K10:1:D11,F15,K10,D11,1,TRAIN,24,345911
campaign3_gate2_v1:F15:K10:1:DbetaU,F15,K10,DbetaU,1,TRAIN,10,345933
campaign3_gate2_v1:F15:K10:2:D00,F15,K10,D00,2,TRAIN,29,345988
campaign3_gate2_v1:F15:K10:2:D01,F15,K10,D01,2,TRAIN,9,346040
campaign3_gate2_v1:F15:K10:2:D10,F15,K10,D10,2,TRAIN,6,346001
campaign3_gate2_v1:F15:K10:2:D11,F15,K10,D11,2,TRAIN,28,346095
campaign3_gate2_v1:F15:K10:2:DbetaU,F15,K10,DbetaU,2,TRAIN,20,346123
campaign3_gate2_v1:F15:K10:3:D00,F15,K10,D00,3,VALIDATION,28,346167
campaign3_gate2_v1:F15:K10:3:D01,F15,K10,D01,3,VALIDATION,12,346223
campaign3_gate2_v1:F15:K10:3:D10,F15,K10,D10,3,VALIDATION,1,346176
campaign3_gate2_v1:F15:K10:3:D11,F15,K10,D11,3,VALIDATION,9,346256
campaign3_gate2_v1:F15:K10:3:DbetaU,F15,K10,DbetaU,3,VALIDATION,30,346313
campaign3_gate2_v1:F15:K10:4:D00,F15,K10,D00,4,DEVELOPMENT_TEST,11,346330
campaign3_gate2_v1:F15:K10:4:D01,F15,K10,D01,4,DEVELOPMENT_TEST,5,346396
campaign3_gate2_v1:F15:K10:4:D10,F15,K10,D10,4,DEVELOPMENT_TEST,2,346357
campaign3_gate2_v1:F15:K10:4:D11,F15,K10,D11,4,DEVELOPMENT_TEST,16,346443
campaign3_gate2_v1:F15:K10:4:DbetaU,F15,K10,DbetaU,4,DEVELOPMENT_TEST,10,346473
campaign3_gate2_v1:F15:K11:0:D00,F15,K11,D00,0,TRAIN,27,346526
campaign3_gate2_v1:F15:K11:0:D01,F15,K11,D01,0,TRAIN,13,346584
campaign3_gate2_v1:F15:K11:0:D10,F15,K11,D10,0,TRAIN,29,346564
campaign3_gate2_v1:F15:K11:0:D11,F15,K11,D11,0,TRAIN,35,346642
campaign3_gate2_v1:F15:K11:0:DbetaU,F15,K11,DbetaU,0,TRAIN,5,346648
campaign3_gate2_v1:F15:K11:1:D00,F15,K11,D00,1,TRAIN,18,346697
campaign3_gate2_v1:F15:K11:1:D01,F15,K11,D01,1,TRAIN,34,346785
campaign3_gate2_v1:F15:K11:1:D10,F15,K11,D10,1,TRAIN,33,346748
campaign3_gate2_v1:F15:K11:1:D11,F15,K11,D11,1,TRAIN,4,346791
campaign3_gate2_v1:F15:K11:1:DbetaU,F15,K11,DbetaU,1,TRAIN,6,346829
campaign3_gate2_v1:F15:K11:2:D00,F15,K11,D00,2,TRAIN,18,346877
campaign3_gate2_v1:F15:K11:2:D01,F15,K11,D01,2,TRAIN,2,346933
campaign3_gate2_v1:F15:K11:2:D10,F15,K11,D10,2,TRAIN,27,346922
campaign3_gate2_v1:F15:K11:2:D11,F15,K11,D11,2,TRAIN,10,346977
campaign3_gate2_v1:F15:K11:2:DbetaU,F15,K11,DbetaU,2,TRAIN,31,347034
campaign3_gate2_v1:F15:K11:3:D00,F15,K11,D00,3,VALIDATION,8,347047
campaign3_gate2_v1:F15:K11:3:D01,F15,K11,D01,3,VALIDATION,20,347131
campaign3_gate2_v1:F15:K11:3:D10,F15,K11,D10,3,VALIDATION,15,347090
campaign3_gate2_v1:F15:K11:3:D11,F15,K11,D11,3,VALIDATION,36,347183
campaign3_gate2_v1:F15:K11:3:DbetaU,F15,K11,DbetaU,3,VALIDATION,23,347206
campaign3_gate2_v1:F15:K11:4:D00,F15,K11,D00,4,DEVELOPMENT_TEST,34,347253
campaign3_gate2_v1:F15:K11:4:D01,F15,K11,D01,4,DEVELOPMENT_TEST,5,347296
campaign3_gate2_v1:F15:K11:4:D10,F15,K11,D10,4,DEVELOPMENT_TEST,16,347271
campaign3_gate2_v1:F15:K11:4:D11,F15,K11,D11,4,DEVELOPMENT_TEST,13,347340
campaign3_gate2_v1:F15:K11:4:DbetaU,F15,K11,DbetaU,4,DEVELOPMENT_TEST,6,347369
campaign3_gate2_v1:F15:K13:0:D00,F15,K13,D00,0,TRAIN,1,347400
campaign3_gate2_v1:F15:K13:0:D01,F15,K13,D01,0,TRAIN,24,347495
campaign3_gate2_v1:F15:K13:0:D10,F15,K13,D10,0,TRAIN,15,347450
campaign3_gate2_v1:F15:K13:0:D11,F15,K13,D11,0,TRAIN,5,347512
campaign3_gate2_v1:F15:K13:0:DbetaU,F15,K13,DbetaU,0,TRAIN,36,347579
campaign3_gate2_v1:F15:K13:1:D00,F15,K13,D00,1,TRAIN,20,347599
campaign3_gate2_v1:F15:K13:1:D01,F15,K13,D01,1,TRAIN,36,347687
campaign3_gate2_v1:F15:K13:1:D10,F15,K13,D10,1,TRAIN,23,347638
campaign3_gate2_v1:F15:K13:1:D11,F15,K13,D11,1,TRAIN,33,347720
campaign3_gate2_v1:F15:K13:1:DbetaU,F15,K13,DbetaU,1,TRAIN,25,347748
campaign3_gate2_v1:F15:K13:2:D00,F15,K13,D00,2,TRAIN,12,347771
campaign3_gate2_v1:F15:K13:2:D01,F15,K13,D01,2,TRAIN,17,347848
campaign3_gate2_v1:F15:K13:2:D10,F15,K13,D10,2,TRAIN,27,347822
campaign3_gate2_v1:F15:K13:2:D11,F15,K13,D11,2,TRAIN,4,347871
campaign3_gate2_v1:F15:K13:2:DbetaU,F15,K13,DbetaU,2,TRAIN,2,347905
campaign3_gate2_v1:F15:K13:3:D00,F15,K13,D00,3,VALIDATION,20,347959
campaign3_gate2_v1:F15:K13:3:D01,F15,K13,D01,3,VALIDATION,3,348014
campaign3_gate2_v1:F15:K13:3:D10,F15,K13,D10,3,VALIDATION,35,348010
campaign3_gate2_v1:F15:K13:3:D11,F15,K13,D11,3,VALIDATION,6,348053
campaign3_gate2_v1:F15:K13:3:DbetaU,F15,K13,DbetaU,3,VALIDATION,7,348090
campaign3_gate2_v1:F15:K13:4:D00,F15,K13,D00,4,DEVELOPMENT_TEST,19,348138
campaign3_gate2_v1:F15:K13:4:D01,F15,K13,D01,4,DEVELOPMENT_TEST,5,348196
campaign3_gate2_v1:F15:K13:4:D10,F15,K13,D10,4,DEVELOPMENT_TEST,13,348168
campaign3_gate2_v1:F15:K13:4:D11,F15,K13,D11,4,DEVELOPMENT_TEST,12,348239
campaign3_gate2_v1:F15:K13:4:DbetaU,F15,K13,DbetaU,4,DEVELOPMENT_TEST,21,348284
campaign3_gate2_v1:F15:K15:0:D00,F15,K15,D00,0,TRAIN,18,348317
campaign3_gate2_v1:F15:K15:0:D01,F15,K15,D01,0,TRAIN,6,348377
campaign3_gate2_v1:F15:K15:0:D10,F15,K15,D10,0,TRAIN,4,348339
campaign3_gate2_v1:F15:K15:0:D11,F15,K15,D11,0,TRAIN,12,348419
campaign3_gate2_v1:F15:K15:0:DbetaU,F15,K15,DbetaU,0,TRAIN,21,348464
campaign3_gate2_v1:F15:K15:1:D00,F15,K15,D00,1,TRAIN,4,348483
campaign3_gate2_v1:F15:K15:1:D01,F15,K15,D01,1,TRAIN,29,348580
campaign3_gate2_v1:F15:K15:1:D10,F15,K15,D10,1,TRAIN,5,348520
campaign3_gate2_v1:F15:K15:1:D11,F15,K15,D11,1,TRAIN,27,348614
campaign3_gate2_v1:F15:K15:1:DbetaU,F15,K15,DbetaU,1,TRAIN,12,348635
campaign3_gate2_v1:F15:K15:2:D00,F15,K15,D00,2,TRAIN,16,348675
campaign3_gate2_v1:F15:K15:2:D01,F15,K15,D01,2,TRAIN,31,348762
campaign3_gate2_v1:F15:K15:2:D10,F15,K15,D10,2,TRAIN,36,348731
campaign3_gate2_v1:F15:K15:2:D11,F15,K15,D11,2,TRAIN,30,348797
campaign3_gate2_v1:F15:K15:2:DbetaU,F15,K15,DbetaU,2,TRAIN,19,348822
campaign3_gate2_v1:F15:K15:3:D00,F15,K15,D00,3,VALIDATION,14,348853
campaign3_gate2_v1:F15:K15:3:D01,F15,K15,D01,3,VALIDATION,32,348943
campaign3_gate2_v1:F15:K15:3:D10,F15,K15,D10,3,VALIDATION,8,348883
campaign3_gate2_v1:F15:K15:3:D11,F15,K15,D11,3,VALIDATION,1,348948
campaign3_gate2_v1:F15:K15:3:DbetaU,F15,K15,DbetaU,3,VALIDATION,3,348986
campaign3_gate2_v1:F15:K15:4:D00,F15,K15,D00,4,DEVELOPMENT_TEST,15,349034
campaign3_gate2_v1:F15:K15:4:D01,F15,K15,D01,4,DEVELOPMENT_TEST,24,349115
campaign3_gate2_v1:F15:K15:4:D10,F15,K15,D10,4,DEVELOPMENT_TEST,5,349060
campaign3_gate2_v1:F15:K15:4:D11,F15,K15,D11,4,DEVELOPMENT_TEST,14,349141
campaign3_gate2_v1:F15:K15:4:DbetaU,F15,K15,DbetaU,4,DEVELOPMENT_TEST,15,349178
campaign3_gate2_v1:F15:K16:0:D00,F15,K16,D00,0,TRAIN,28,349227
campaign3_gate2_v1:F15:K16:0:D01,F15,K16,D01,0,TRAIN,10,349281
campaign3_gate2_v1:F15:K16:0:D10,F15,K16,D10,0,TRAIN,18,349253
campaign3_gate2_v1:F15:K16:0:D11,F15,K16,D11,0,TRAIN,25,349332
campaign3_gate2_v1:F15:K16:0:DbetaU,F15,K16,DbetaU,0,TRAIN,35,349378
campaign3_gate2_v1:F15:K16:1:D00,F15,K16,D00,1,TRAIN,14,349393
campaign3_gate2_v1:F15:K16:1:D01,F15,K16,D01,1,TRAIN,26,349477
campaign3_gate2_v1:F15:K16:1:D10,F15,K16,D10,1,TRAIN,30,349445
campaign3_gate2_v1:F15:K16:1:D11,F15,K16,D11,1,TRAIN,19,349506
campaign3_gate2_v1:F15:K16:1:DbetaU,F15,K16,DbetaU,1,TRAIN,6,349529
campaign3_gate2_v1:F15:K16:2:D00,F15,K16,D00,2,TRAIN,22,349581
campaign3_gate2_v1:F15:K16:2:D01,F15,K16,D01,2,TRAIN,14,349645
campaign3_gate2_v1:F15:K16:2:D10,F15,K16,D10,2,TRAIN,10,349605
campaign3_gate2_v1:F15:K16:2:D11,F15,K16,D11,2,TRAIN,14,349681
campaign3_gate2_v1:F15:K16:2:DbetaU,F15,K16,DbetaU,2,TRAIN,25,349728
campaign3_gate2_v1:F15:K16:3:D00,F15,K16,D00,3,VALIDATION,12,349751
campaign3_gate2_v1:F15:K16:3:D01,F15,K16,D01,3,VALIDATION,15,349826
campaign3_gate2_v1:F15:K16:3:D10,F15,K16,D10,3,VALIDATION,2,349777
campaign3_gate2_v1:F15:K16:3:D11,F15,K16,D11,3,VALIDATION,17,349864
campaign3_gate2_v1:F15:K16:3:DbetaU,F15,K16,DbetaU,3,VALIDATION,17,349900
campaign3_gate2_v1:F15:K16:4:D00,F15,K16,D00,4,DEVELOPMENT_TEST,21,349940
campaign3_gate2_v1:F15:K16:4:D01,F15,K16,D01,4,DEVELOPMENT_TEST,20,350011
campaign3_gate2_v1:F15:K16:4:D10,F15,K16,D10,4,DEVELOPMENT_TEST,12,349967
campaign3_gate2_v1:F15:K16:4:D11,F15,K16,D11,4,DEVELOPMENT_TEST,6,350033
campaign3_gate2_v1:F15:K16:4:DbetaU,F15,K16,DbetaU,4,DEVELOPMENT_TEST,6,350069
campaign3_gate2_v1:F15:K17:0:D00,F15,K17,D00,0,TRAIN,16,350115
campaign3_gate2_v1:F15:K17:0:D01,F15,K17,D01,0,TRAIN,18,350189
campaign3_gate2_v1:F15:K17:0:D10,F15,K17,D10,0,TRAIN,30,350165
campaign3_gate2_v1:F15:K17:0:D11,F15,K17,D11,0,TRAIN,5,350212
campaign3_gate2_v1:F15:K17:0:DbetaU,F15,K17,DbetaU,0,TRAIN,23,350266
campaign3_gate2_v1:F15:K17:1:D00,F15,K17,D00,1,TRAIN,32,350311
campaign3_gate2_v1:F15:K17:1:D01,F15,K17,D01,1,TRAIN,16,350367
campaign3_gate2_v1:F15:K17:1:D10,F15,K17,D10,1,TRAIN,26,350341
campaign3_gate2_v1:F15:K17:1:D11,F15,K17,D11,1,TRAIN,17,350404
campaign3_gate2_v1:F15:K17:1:DbetaU,F15,K17,DbetaU,1,TRAIN,19,350442
campaign3_gate2_v1:F15:K17:2:D00,F15,K17,D00,2,TRAIN,11,350470
campaign3_gate2_v1:F15:K17:2:D01,F15,K17,D01,2,TRAIN,22,350553
campaign3_gate2_v1:F15:K17:2:D10,F15,K17,D10,2,TRAIN,24,350519
campaign3_gate2_v1:F15:K17:2:D11,F15,K17,D11,2,TRAIN,29,350596
campaign3_gate2_v1:F15:K17:2:DbetaU,F15,K17,DbetaU,2,TRAIN,35,350638
campaign3_gate2_v1:F15:K17:3:D00,F15,K17,D00,3,VALIDATION,26,350665
campaign3_gate2_v1:F15:K17:3:D01,F15,K17,D01,3,VALIDATION,32,350743
campaign3_gate2_v1:F15:K17:3:D10,F15,K17,D10,3,VALIDATION,22,350697
campaign3_gate2_v1:F15:K17:3:D11,F15,K17,D11,3,VALIDATION,11,350758
campaign3_gate2_v1:F15:K17:3:DbetaU,F15,K17,DbetaU,3,VALIDATION,36,350819
campaign3_gate2_v1:F15:K17:4:D00,F15,K17,D00,4,DEVELOPMENT_TEST,15,350834
campaign3_gate2_v1:F15:K17:4:D01,F15,K17,D01,4,DEVELOPMENT_TEST,32,350923
campaign3_gate2_v1:F15:K17:4:D10,F15,K17,D10,4,DEVELOPMENT_TEST,6,350861
campaign3_gate2_v1:F15:K17:4:D11,F15,K17,D11,4,DEVELOPMENT_TEST,27,350954
campaign3_gate2_v1:F15:K17:4:DbetaU,F15,K17,DbetaU,4,DEVELOPMENT_TEST,18,350981
campaign3_gate2_v1:F15:K20:0:D00,F15,K20,D00,0,TRAIN,17,351016
campaign3_gate2_v1:F15:K20:0:D01,F15,K20,D01,0,TRAIN,20,351091
campaign3_gate2_v1:F15:K20:0:D10,F15,K20,D10,0,TRAIN,9,351044
campaign3_gate2_v1:F15:K20:0:D11,F15,K20,D11,0,TRAIN,22,351129
campaign3_gate2_v1:F15:K20:0:DbetaU,F15,K20,DbetaU,0,TRAIN,12,351155
campaign3_gate2_v1:F15:K20:1:D00,F15,K20,D00,1,TRAIN,13,351192
campaign3_gate2_v1:F15:K20:1:D01,F15,K20,D01,1,TRAIN,34,351285
campaign3_gate2_v1:F15:K20:1:D10,F15,K20,D10,1,TRAIN,18,351233
campaign3_gate2_v1:F15:K20:1:D11,F15,K20,D11,1,TRAIN,19,351306
campaign3_gate2_v1:F15:K20:1:DbetaU,F15,K20,DbetaU,1,TRAIN,9,351332
campaign3_gate2_v1:F15:K20:2:D00,F15,K20,D00,2,TRAIN,8,351367
campaign3_gate2_v1:F15:K20:2:D01,F15,K20,D01,2,TRAIN,20,351451
campaign3_gate2_v1:F15:K20:2:D10,F15,K20,D10,2,TRAIN,31,351426
campaign3_gate2_v1:F15:K20:2:D11,F15,K20,D11,2,TRAIN,18,351485
campaign3_gate2_v1:F15:K20:2:DbetaU,F15,K20,DbetaU,2,TRAIN,31,351534
campaign3_gate2_v1:F15:K20:3:D00,F15,K20,D00,3,VALIDATION,14,351553
campaign3_gate2_v1:F15:K20:3:D01,F15,K20,D01,3,VALIDATION,2,351613
campaign3_gate2_v1:F15:K20:3:D10,F15,K20,D10,3,VALIDATION,22,351597
campaign3_gate2_v1:F15:K20:3:D11,F15,K20,D11,3,VALIDATION,12,351659
campaign3_gate2_v1:F15:K20:3:DbetaU,F15,K20,DbetaU,3,VALIDATION,28,351711
campaign3_gate2_v1:F15:K20:4:D00,F15,K20,D00,4,DEVELOPMENT_TEST,18,351737
campaign3_gate2_v1:F15:K20:4:D01,F15,K20,D01,4,DEVELOPMENT_TEST,13,351804
campaign3_gate2_v1:F15:K20:4:D10,F15,K20,D10,4,DEVELOPMENT_TEST,25,351780
campaign3_gate2_v1:F15:K20:4:D11,F15,K20,D11,4,DEVELOPMENT_TEST,2,351829
campaign3_gate2_v1:F15:K20:4:DbetaU,F15,K20,DbetaU,4,DEVELOPMENT_TEST,34,351897
campaign3_gate2_v1:F15:K21:0:D00,F15,K21,D00,0,TRAIN,24,351923
campaign3_gate2_v1:F15:K21:0:D01,F15,K21,D01,0,TRAIN,1,351972
campaign3_gate2_v1:F15:K21:0:D10,F15,K21,D10,0,TRAIN,25,351960
campaign3_gate2_v1:F15:K21:0:D11,F15,K21,D11,0,TRAIN,9,352016
campaign3_gate2_v1:F15:K21:0:DbetaU,F15,K21,DbetaU,0,TRAIN,29,352072
campaign3_gate2_v1:F15:K21:1:D00,F15,K21,D00,1,TRAIN,34,352113
campaign3_gate2_v1:F15:K21:1:D01,F15,K21,D01,1,TRAIN,27,352178
campaign3_gate2_v1:F15:K21:1:D10,F15,K21,D10,1,TRAIN,14,352129
campaign3_gate2_v1:F15:K21:1:D11,F15,K21,D11,1,TRAIN,20,352207
campaign3_gate2_v1:F15:K21:1:DbetaU,F15,K21,DbetaU,1,TRAIN,32,352255
campaign3_gate2_v1:F15:K21:2:D00,F15,K21,D00,2,TRAIN,11,352270
campaign3_gate2_v1:F15:K21:2:D01,F15,K21,D01,2,TRAIN,19,352350
campaign3_gate2_v1:F15:K21:2:D10,F15,K21,D10,2,TRAIN,20,352315
campaign3_gate2_v1:F15:K21:2:D11,F15,K21,D11,2,TRAIN,20,352387
campaign3_gate2_v1:F15:K21:2:DbetaU,F15,K21,DbetaU,2,TRAIN,3,352406
campaign3_gate2_v1:F15:K21:3:D00,F15,K21,D00,3,VALIDATION,4,352443
campaign3_gate2_v1:F15:K21:3:D01,F15,K21,D01,3,VALIDATION,21,352532
campaign3_gate2_v1:F15:K21:3:D10,F15,K21,D10,3,VALIDATION,34,352509
campaign3_gate2_v1:F15:K21:3:D11,F15,K21,D11,3,VALIDATION,19,352566
campaign3_gate2_v1:F15:K21:3:DbetaU,F15,K21,DbetaU,3,VALIDATION,25,352608
campaign3_gate2_v1:F15:K21:4:D00,F15,K21,D00,4,DEVELOPMENT_TEST,9,352628
campaign3_gate2_v1:F15:K21:4:D01,F15,K21,D01,4,DEVELOPMENT_TEST,22,352713
campaign3_gate2_v1:F15:K21:4:D10,F15,K21,D10,4,DEVELOPMENT_TEST,9,352664
campaign3_gate2_v1:F15:K21:4:D11,F15,K21,D11,4,DEVELOPMENT_TEST,14,352741
campaign3_gate2_v1:F15:K21:4:DbetaU,F15,K21,DbetaU,4,DEVELOPMENT_TEST,31,352794
campaign3_gate2_v1:F15:K23:0:D00,F15,K23,D00,0,TRAIN,30,352829
campaign3_gate2_v1:F15:K23:0:D01,F15,K23,D01,0,TRAIN,21,352892
campaign3_gate2_v1:F15:K23:0:D10,F15,K23,D10,0,TRAIN,1,352836
campaign3_gate2_v1:F15:K23:0:D11,F15,K23,D11,0,TRAIN,17,352924
campaign3_gate2_v1:F15:K23:0:DbetaU,F15,K23,DbetaU,0,TRAIN,29,352972
campaign3_gate2_v1:F15:K23:1:D00,F15,K23,D00,1,TRAIN,4,352983
campaign3_gate2_v1:F15:K23:1:D01,F15,K23,D01,1,TRAIN,25,353076
campaign3_gate2_v1:F15:K23:1:D10,F15,K23,D10,1,TRAIN,35,353050
campaign3_gate2_v1:F15:K23:1:D11,F15,K23,D11,1,TRAIN,18,353105
campaign3_gate2_v1:F15:K23:1:DbetaU,F15,K23,DbetaU,1,TRAIN,19,353142
campaign3_gate2_v1:F15:K23:2:D00,F15,K23,D00,2,TRAIN,35,353194
campaign3_gate2_v1:F15:K23:2:D01,F15,K23,D01,2,TRAIN,19,353250
campaign3_gate2_v1:F15:K23:2:D10,F15,K23,D10,2,TRAIN,25,353220
campaign3_gate2_v1:F15:K23:2:D11,F15,K23,D11,2,TRAIN,28,353295
campaign3_gate2_v1:F15:K23:2:DbetaU,F15,K23,DbetaU,2,TRAIN,33,353336
campaign3_gate2_v1:F15:K23:3:D00,F15,K23,D00,3,VALIDATION,18,353357
campaign3_gate2_v1:F15:K23:3:D01,F15,K23,D01,3,VALIDATION,20,353431
campaign3_gate2_v1:F15:K23:3:D10,F15,K23,D10,3,VALIDATION,29,353404
campaign3_gate2_v1:F15:K23:3:D11,F15,K23,D11,3,VALIDATION,33,353480
campaign3_gate2_v1:F15:K23:3:DbetaU,F15,K23,DbetaU,3,VALIDATION,32,353515
campaign3_gate2_v1:F15:K23:4:D00,F15,K23,D00,4,DEVELOPMENT_TEST,28,353547
campaign3_gate2_v1:F15:K23:4:D01,F15,K23,D01,4,DEVELOPMENT_TEST,1,353592
campaign3_gate2_v1:F15:K23:4:D10,F15,K23,D10,4,DEVELOPMENT_TEST,2,353557
campaign3_gate2_v1:F15:K23:4:D11,F15,K23,D11,4,DEVELOPMENT_TEST,2,353629
campaign3_gate2_v1:F15:K23:4:DbetaU,F15,K23,DbetaU,4,DEVELOPMENT_TEST,9,353672
campaign3_gate2_v1:F15:K25:0:D00,F15,K25,D00,0,TRAIN,26,353725
campaign3_gate2_v1:F15:K25:0:D01,F15,K25,D01,0,TRAIN,21,353792
campaign3_gate2_v1:F15:K25:0:D10,F15,K25,D10,0,TRAIN,5,353740
campaign3_gate2_v1:F15:K25:0:D11,F15,K25,D11,0,TRAIN,17,353824
campaign3_gate2_v1:F15:K25:0:DbetaU,F15,K25,DbetaU,0,TRAIN,3,353846
campaign3_gate2_v1:F15:K25:1:D00,F15,K25,D00,1,TRAIN,4,353883
campaign3_gate2_v1:F15:K25:1:D01,F15,K25,D01,1,TRAIN,11,353962
campaign3_gate2_v1:F15:K25:1:D10,F15,K25,D10,1,TRAIN,20,353935
campaign3_gate2_v1:F15:K25:1:D11,F15,K25,D11,1,TRAIN,16,354003
campaign3_gate2_v1:F15:K25:1:DbetaU,F15,K25,DbetaU,1,TRAIN,4,354027
campaign3_gate2_v1:F15:K25:2:D00,F15,K25,D00,2,TRAIN,14,354073
campaign3_gate2_v1:F15:K25:2:D01,F15,K25,D01,2,TRAIN,36,354167
campaign3_gate2_v1:F15:K25:2:D10,F15,K25,D10,2,TRAIN,9,354104
campaign3_gate2_v1:F15:K25:2:D11,F15,K25,D11,2,TRAIN,35,354202
campaign3_gate2_v1:F15:K25:2:DbetaU,F15,K25,DbetaU,2,TRAIN,5,354208
campaign3_gate2_v1:F15:K25:3:D00,F15,K25,D00,3,VALIDATION,31,354270
campaign3_gate2_v1:F15:K25:3:D01,F15,K25,D01,3,VALIDATION,11,354322
campaign3_gate2_v1:F15:K25:3:D10,F15,K25,D10,3,VALIDATION,20,354295
campaign3_gate2_v1:F15:K25:3:D11,F15,K25,D11,3,VALIDATION,7,354354
campaign3_gate2_v1:F15:K25:3:DbetaU,F15,K25,DbetaU,3,VALIDATION,27,354410
campaign3_gate2_v1:F15:K25:4:D00,F15,K25,D00,4,DEVELOPMENT_TEST,2,354421
campaign3_gate2_v1:F15:K25:4:D01,F15,K25,D01,4,DEVELOPMENT_TEST,2,354493
campaign3_gate2_v1:F15:K25:4:D10,F15,K25,D10,4,DEVELOPMENT_TEST,21,354476
campaign3_gate2_v1:F15:K25:4:D11,F15,K25,D11,4,DEVELOPMENT_TEST,25,354552
campaign3_gate2_v1:F15:K25:4:DbetaU,F15,K25,DbetaU,4,DEVELOPMENT_TEST,9,354572
campaign3_gate2_v1:F15:K26:0:D00,F15,K26,D00,0,TRAIN,9,354608
campaign3_gate2_v1:F15:K26:0:D01,F15,K26,D01,0,TRAIN,5,354676
campaign3_gate2_v1:F15:K26:0:D10,F15,K26,D10,0,TRAIN,23,354658
campaign3_gate2_v1:F15:K26:0:D11,F15,K26,D11,0,TRAIN,24,354731
campaign3_gate2_v1:F15:K26:0:DbetaU,F15,K26,DbetaU,0,TRAIN,8,354751
campaign3_gate2_v1:F15:K26:1:D00,F15,K26,D00,1,TRAIN,36,354815
campaign3_gate2_v1:F15:K26:1:D01,F15,K26,D01,1,TRAIN,2,354853
campaign3_gate2_v1:F15:K26:1:D10,F15,K26,D10,1,TRAIN,27,354842
campaign3_gate2_v1:F15:K26:1:D11,F15,K26,D11,1,TRAIN,5,354892
campaign3_gate2_v1:F15:K26:1:DbetaU,F15,K26,DbetaU,1,TRAIN,35,354958
campaign3_gate2_v1:F15:K26:2:D00,F15,K26,D00,2,TRAIN,16,354975
campaign3_gate2_v1:F15:K26:2:D01,F15,K26,D01,2,TRAIN,30,355061
campaign3_gate2_v1:F15:K26:2:D10,F15,K26,D10,2,TRAIN,15,355010
campaign3_gate2_v1:F15:K26:2:D11,F15,K26,D11,2,TRAIN,16,355083
campaign3_gate2_v1:F15:K26:2:DbetaU,F15,K26,DbetaU,2,TRAIN,22,355125
campaign3_gate2_v1:F15:K26:3:D00,F15,K26,D00,3,VALIDATION,36,355175
campaign3_gate2_v1:F15:K26:3:D01,F15,K26,D01,3,VALIDATION,11,355222
campaign3_gate2_v1:F15:K26:3:D10,F15,K26,D10,3,VALIDATION,24,355199
campaign3_gate2_v1:F15:K26:3:D11,F15,K26,D11,3,VALIDATION,19,355266
campaign3_gate2_v1:F15:K26:3:DbetaU,F15,K26,DbetaU,3,VALIDATION,35,355318
campaign3_gate2_v1:F15:K26:4:D00,F15,K26,D00,4,DEVELOPMENT_TEST,5,355324
campaign3_gate2_v1:F15:K26:4:D01,F15,K26,D01,4,DEVELOPMENT_TEST,5,355396
campaign3_gate2_v1:F15:K26:4:D10,F15,K26,D10,4,DEVELOPMENT_TEST,26,355381
campaign3_gate2_v1:F15:K26:4:D11,F15,K26,D11,4,DEVELOPMENT_TEST,20,355447
campaign3_gate2_v1:F15:K26:4:DbetaU,F15,K26,DbetaU,4,DEVELOPMENT_TEST,14,355477
campaign3_gate2_v1:F15:K27:0:D00,F15,K27,D00,0,TRAIN,25,355524
campaign3_gate2_v1:F15:K27:0:D01,F15,K27,D01,0,TRAIN,7,355578
campaign3_gate2_v1:F15:K27:0:D10,F15,K27,D10,0,TRAIN,12,355547
campaign3_gate2_v1:F15:K27:0:D11,F15,K27,D11,0,TRAIN,9,355616
campaign3_gate2_v1:F15:K27:0:DbetaU,F15,K27,DbetaU,0,TRAIN,13,355656
campaign3_gate2_v1:F15:K27:1:D00,F15,K27,D00,1,TRAIN,14,355693
campaign3_gate2_v1:F15:K27:1:D01,F15,K27,D01,1,TRAIN,3,355754
campaign3_gate2_v1:F15:K27:1:D10,F15,K27,D10,1,TRAIN,7,355722
campaign3_gate2_v1:F15:K27:1:D11,F15,K27,D11,1,TRAIN,5,355792
campaign3_gate2_v1:F15:K27:1:DbetaU,F15,K27,DbetaU,1,TRAIN,32,355855
campaign3_gate2_v1:F15:K27:2:D00,F15,K27,D00,2,TRAIN,23,355882
campaign3_gate2_v1:F15:K27:2:D01,F15,K27,D01,2,TRAIN,12,355943
campaign3_gate2_v1:F15:K27:2:D10,F15,K27,D10,2,TRAIN,29,355924
campaign3_gate2_v1:F15:K27:2:D11,F15,K27,D11,2,TRAIN,16,355983
campaign3_gate2_v1:F15:K27:2:DbetaU,F15,K27,DbetaU,2,TRAIN,34,356037
campaign3_gate2_v1:F15:K27:3:D00,F15,K27,D00,3,VALIDATION,20,356059
campaign3_gate2_v1:F15:K27:3:D01,F15,K27,D01,3,VALIDATION,14,356125
campaign3_gate2_v1:F15:K27:3:D10,F15,K27,D10,3,VALIDATION,12,356087
campaign3_gate2_v1:F15:K27:3:D11,F15,K27,D11,3,VALIDATION,2,356149
campaign3_gate2_v1:F15:K27:3:DbetaU,F15,K27,DbetaU,3,VALIDATION,10,356193
campaign3_gate2_v1:F15:K27:4:D00,F15,K27,D00,4,DEVELOPMENT_TEST,27,356246
campaign3_gate2_v1:F15:K27:4:D01,F15,K27,D01,4,DEVELOPMENT_TEST,28,356319
campaign3_gate2_v1:F15:K27:4:D10,F15,K27,D10,4,DEVELOPMENT_TEST,24,356279
campaign3_gate2_v1:F15:K27:4:D11,F15,K27,D11,4,DEVELOPMENT_TEST,18,356345
campaign3_gate2_v1:F15:K27:4:DbetaU,F15,K27,DbetaU,4,DEVELOPMENT_TEST,20,356383
campaign3_gate2_v1:F15:K31:0:D00,F15,K31,D00,0,TRAIN,1,356400
campaign3_gate2_v1:F15:K31:0:D01,F15,K31,D01,0,TRAIN,32,356503
campaign3_gate2_v1:F15:K31:0:D10,F15,K31,D10,0,TRAIN,15,356450
campaign3_gate2_v1:F15:K31:0:D11,F15,K31,D11,0,TRAIN,28,356535
campaign3_gate2_v1:F15:K31:0:DbetaU,F15,K31,DbetaU,0,TRAIN,2,356545
campaign3_gate2_v1:F15:K31:1:D00,F15,K31,D00,1,TRAIN,29,356608
campaign3_gate2_v1:F15:K31:1:D01,F15,K31,D01,1,TRAIN,12,356663
campaign3_gate2_v1:F15:K31:1:D10,F15,K31,D10,1,TRAIN,22,356637
campaign3_gate2_v1:F15:K31:1:D11,F15,K31,D11,1,TRAIN,10,356697
campaign3_gate2_v1:F15:K31:1:DbetaU,F15,K31,DbetaU,1,TRAIN,18,356741
campaign3_gate2_v1:F15:K31:2:D00,F15,K31,D00,2,TRAIN,6,356765
campaign3_gate2_v1:F15:K31:2:D01,F15,K31,D01,2,TRAIN,23,356854
campaign3_gate2_v1:F15:K31:2:D10,F15,K31,D10,2,TRAIN,25,356820
campaign3_gate2_v1:F15:K31:2:D11,F15,K31,D11,2,TRAIN,20,356887
campaign3_gate2_v1:F15:K31:2:DbetaU,F15,K31,DbetaU,2,TRAIN,35,356938
campaign3_gate2_v1:F15:K31:3:D00,F15,K31,D00,3,VALIDATION,28,356967
campaign3_gate2_v1:F15:K31:3:D01,F15,K31,D01,3,VALIDATION,8,357019
campaign3_gate2_v1:F15:K31:3:D10,F15,K31,D10,3,VALIDATION,12,356987
campaign3_gate2_v1:F15:K31:3:D11,F15,K31,D11,3,VALIDATION,4,357051
campaign3_gate2_v1:F15:K31:3:DbetaU,F15,K31,DbetaU,3,VALIDATION,28,357111
campaign3_gate2_v1:F15:K31:4:D00,F15,K31,D00,4,DEVELOPMENT_TEST,24,357143
campaign3_gate2_v1:F15:K31:4:D01,F15,K31,D01,4,DEVELOPMENT_TEST,6,357197
campaign3_gate2_v1:F15:K31:4:D10,F15,K31,D10,4,DEVELOPMENT_TEST,3,357158
campaign3_gate2_v1:F15:K31:4:D11,F15,K31,D11,4,DEVELOPMENT_TEST,35,357262
campaign3_gate2_v1:F15:K31:4:DbetaU,F15,K31,DbetaU,4,DEVELOPMENT_TEST,20,357283
campaign3_gate2_v1:F15:K32:0:D00,F15,K32,D00,0,TRAIN,33,357332
campaign3_gate2_v1:F15:K32:0:D01,F15,K32,D01,0,TRAIN,1,357372
campaign3_gate2_v1:F15:K32:0:D10,F15,K32,D10,0,TRAIN,24,357359
campaign3_gate2_v1:F15:K32:0:D11,F15,K32,D11,0,TRAIN,26,357433
campaign3_gate2_v1:F15:K32:0:DbetaU,F15,K32,DbetaU,0,TRAIN,19,357462
campaign3_gate2_v1:F15:K32:1:D00,F15,K32,D00,1,TRAIN,11,357490
campaign3_gate2_v1:F15:K32:1:D01,F15,K32,D01,1,TRAIN,17,357568
campaign3_gate2_v1:F15:K32:1:D10,F15,K32,D10,1,TRAIN,7,357522
campaign3_gate2_v1:F15:K32:1:D11,F15,K32,D11,1,TRAIN,31,357618
campaign3_gate2_v1:F15:K32:1:DbetaU,F15,K32,DbetaU,1,TRAIN,24,357647
campaign3_gate2_v1:F15:K32:2:D00,F15,K32,D00,2,TRAIN,17,357676
campaign3_gate2_v1:F15:K32:2:D01,F15,K32,D01,2,TRAIN,7,357738
campaign3_gate2_v1:F15:K32:2:D10,F15,K32,D10,2,TRAIN,15,357710
campaign3_gate2_v1:F15:K32:2:D11,F15,K32,D11,2,TRAIN,25,357792
campaign3_gate2_v1:F15:K32:2:DbetaU,F15,K32,DbetaU,2,TRAIN,16,357819
campaign3_gate2_v1:F15:K32:3:D00,F15,K32,D00,3,VALIDATION,28,357867
campaign3_gate2_v1:F15:K32:3:D01,F15,K32,D01,3,VALIDATION,3,357914
campaign3_gate2_v1:F15:K32:3:D10,F15,K32,D10,3,VALIDATION,27,357902
campaign3_gate2_v1:F15:K32:3:D11,F15,K32,D11,3,VALIDATION,7,357954
campaign3_gate2_v1:F15:K32:3:DbetaU,F15,K32,DbetaU,3,VALIDATION,21,358004
campaign3_gate2_v1:F15:K32:4:D00,F15,K32,D00,4,DEVELOPMENT_TEST,8,358027
campaign3_gate2_v1:F15:K32:4:D01,F15,K32,D01,4,DEVELOPMENT_TEST,11,358102
campaign3_gate2_v1:F15:K32:4:D10,F15,K32,D10,4,DEVELOPMENT_TEST,21,358076
campaign3_gate2_v1:F15:K32:4:D11,F15,K32,D11,4,DEVELOPMENT_TEST,18,358145
campaign3_gate2_v1:F15:K32:4:DbetaU,F15,K32,DbetaU,4,DEVELOPMENT_TEST,13,358176
campaign3_gate2_v1:F15:K33:0:D00,F15,K33,D00,0,TRAIN,12,358211
campaign3_gate2_v1:F15:K33:0:D01,F15,K33,D01,0,TRAIN,6,358277
campaign3_gate2_v1:F15:K33:0:D10,F15,K33,D10,0,TRAIN,4,358239
campaign3_gate2_v1:F15:K33:0:D11,F15,K33,D11,0,TRAIN,5,358312
campaign3_gate2_v1:F15:K33:0:DbetaU,F15,K33,DbetaU,0,TRAIN,5,358348
campaign3_gate2_v1:F15:K33:1:D00,F15,K33,D00,1,TRAIN,26,358405
campaign3_gate2_v1:F15:K33:1:D01,F15,K33,D01,1,TRAIN,28,358479
campaign3_gate2_v1:F15:K33:1:D10,F15,K33,D10,1,TRAIN,36,358451
campaign3_gate2_v1:F15:K33:1:D11,F15,K33,D11,1,TRAIN,19,358506
campaign3_gate2_v1:F15:K33:1:DbetaU,F15,K33,DbetaU,1,TRAIN,18,358541
campaign3_gate2_v1:F15:K33:2:D00,F15,K33,D00,2,TRAIN,14,358573
campaign3_gate2_v1:F15:K33:2:D01,F15,K33,D01,2,TRAIN,31,358662
campaign3_gate2_v1:F15:K33:2:D10,F15,K33,D10,2,TRAIN,26,358621
campaign3_gate2_v1:F15:K33:2:D11,F15,K33,D11,2,TRAIN,24,358691
campaign3_gate2_v1:F15:K33:2:DbetaU,F15,K33,DbetaU,2,TRAIN,26,358729
campaign3_gate2_v1:F15:K33:3:D00,F15,K33,D00,3,VALIDATION,9,358748
campaign3_gate2_v1:F15:K33:3:D01,F15,K33,D01,3,VALIDATION,33,358844
campaign3_gate2_v1:F15:K33:3:D10,F15,K33,D10,3,VALIDATION,36,358811
campaign3_gate2_v1:F15:K33:3:D11,F15,K33,D11,3,VALIDATION,27,358874
campaign3_gate2_v1:F15:K33:3:DbetaU,F15,K33,DbetaU,3,VALIDATION,33,358916
campaign3_gate2_v1:F15:K33:4:D00,F15,K33,D00,4,DEVELOPMENT_TEST,9,358928
campaign3_gate2_v1:F15:K33:4:D01,F15,K33,D01,4,DEVELOPMENT_TEST,6,358997
campaign3_gate2_v1:F15:K33:4:D10,F15,K33,D10,4,DEVELOPMENT_TEST,35,358990
campaign3_gate2_v1:F15:K33:4:D11,F15,K33,D11,4,DEVELOPMENT_TEST,1,359028
campaign3_gate2_v1:F15:K33:4:DbetaU,F15,K33,DbetaU,4,DEVELOPMENT_TEST,7,359070
campaign3_gate2_v1:F16:K01:0:D00,F16,K01,D00,0,TRAIN,3,359102
campaign3_gate2_v1:F16:K01:0:D01,F16,K01,D01,0,TRAIN,11,359182
campaign3_gate2_v1:F16:K01:0:D10,F16,K01,D10,0,TRAIN,1,359136
campaign3_gate2_v1:F16:K01:0:D11,F16,K01,D11,0,TRAIN,24,359231
campaign3_gate2_v1:F16:K01:0:DbetaU,F16,K01,DbetaU,0,TRAIN,31,359274
campaign3_gate2_v1:F16:K01:1:D00,F16,K01,D00,1,TRAIN,27,359306
campaign3_gate2_v1:F16:K01:1:D01,F16,K01,D01,1,TRAIN,1,359352
campaign3_gate2_v1:F16:K01:1:D10,F16,K01,D10,1,TRAIN,29,359344
campaign3_gate2_v1:F16:K01:1:D11,F16,K01,D11,1,TRAIN,22,359409
campaign3_gate2_v1:F16:K01:1:DbetaU,F16,K01,DbetaU,1,TRAIN,26,359449
campaign3_gate2_v1:F16:K01:2:D00,F16,K01,D00,2,TRAIN,4,359463
campaign3_gate2_v1:F16:K01:2:D01,F16,K01,D01,2,TRAIN,35,359566
campaign3_gate2_v1:F16:K01:2:D10,F16,K01,D10,2,TRAIN,4,359499
campaign3_gate2_v1:F16:K01:2:D11,F16,K01,D11,2,TRAIN,26,359593
campaign3_gate2_v1:F16:K01:2:DbetaU,F16,K01,DbetaU,2,TRAIN,30,359633
campaign3_gate2_v1:F16:K01:3:D00,F16,K01,D00,3,VALIDATION,23,359662
campaign3_gate2_v1:F16:K01:3:D01,F16,K01,D01,3,VALIDATION,20,359731
campaign3_gate2_v1:F16:K01:3:D10,F16,K01,D10,3,VALIDATION,12,359687
campaign3_gate2_v1:F16:K01:3:D11,F16,K01,D11,3,VALIDATION,12,359759
campaign3_gate2_v1:F16:K01:3:DbetaU,F16,K01,DbetaU,3,VALIDATION,18,359801
campaign3_gate2_v1:F16:K01:4:D00,F16,K01,D00,4,DEVELOPMENT_TEST,34,359853
campaign3_gate2_v1:F16:K01:4:D01,F16,K01,D01,4,DEVELOPMENT_TEST,27,359918
campaign3_gate2_v1:F16:K01:4:D10,F16,K01,D10,4,DEVELOPMENT_TEST,7,359862
campaign3_gate2_v1:F16:K01:4:D11,F16,K01,D11,4,DEVELOPMENT_TEST,19,359946
campaign3_gate2_v1:F16:K01:4:DbetaU,F16,K01,DbetaU,4,DEVELOPMENT_TEST,14,359977
campaign3_gate2_v1:F16:K02:0:D00,F16,K02,D00,0,TRAIN,26,360025
campaign3_gate2_v1:F16:K02:0:D01,F16,K02,D01,0,TRAIN,15,360086
campaign3_gate2_v1:F16:K02:0:D10,F16,K02,D10,0,TRAIN,25,360060
campaign3_gate2_v1:F16:K02:0:D11,F16,K02,D11,0,TRAIN,30,360137
campaign3_gate2_v1:F16:K02:0:DbetaU,F16,K02,DbetaU,0,TRAIN,33,360176
campaign3_gate2_v1:F16:K02:1:D00,F16,K02,D00,1,TRAIN,34,360213
campaign3_gate2_v1:F16:K02:1:D01,F16,K02,D01,1,TRAIN,35,360286
campaign3_gate2_v1:F16:K02:1:D10,F16,K02,D10,1,TRAIN,27,360242
campaign3_gate2_v1:F16:K02:1:D11,F16,K02,D11,1,TRAIN,18,360305
campaign3_gate2_v1:F16:K02:1:DbetaU,F16,K02,DbetaU,1,TRAIN,33,360356
campaign3_gate2_v1:F16:K02:2:D00,F16,K02,D00,2,TRAIN,17,360376
campaign3_gate2_v1:F16:K02:2:D01,F16,K02,D01,2,TRAIN,19,360450
campaign3_gate2_v1:F16:K02:2:D10,F16,K02,D10,2,TRAIN,28,360423
campaign3_gate2_v1:F16:K02:2:D11,F16,K02,D11,2,TRAIN,6,360473
campaign3_gate2_v1:F16:K02:2:DbetaU,F16,K02,DbetaU,2,TRAIN,35,360538
campaign3_gate2_v1:F16:K02:3:D00,F16,K02,D00,3,VALIDATION,14,360553
campaign3_gate2_v1:F16:K02:3:D01,F16,K02,D01,3,VALIDATION,29,360640
campaign3_gate2_v1:F16:K02:3:D10,F16,K02,D10,3,VALIDATION,20,360595
campaign3_gate2_v1:F16:K02:3:D11,F16,K02,D11,3,VALIDATION,14,360661
campaign3_gate2_v1:F16:K02:3:DbetaU,F16,K02,DbetaU,3,VALIDATION,2,360685
campaign3_gate2_v1:F16:K02:4:D00,F16,K02,D00,4,DEVELOPMENT_TEST,21,360740
campaign3_gate2_v1:F16:K02:4:D01,F16,K02,D01,4,DEVELOPMENT_TEST,36,360827
campaign3_gate2_v1:F16:K02:4:D10,F16,K02,D10,4,DEVELOPMENT_TEST,27,360782
campaign3_gate2_v1:F16:K02:4:D11,F16,K02,D11,4,DEVELOPMENT_TEST,14,360841
campaign3_gate2_v1:F16:K02:4:DbetaU,F16,K02,DbetaU,4,DEVELOPMENT_TEST,14,360877
campaign3_gate2_v1:F16:K03:0:D00,F16,K03,D00,0,TRAIN,30,360929
campaign3_gate2_v1:F16:K03:0:D01,F16,K03,D01,0,TRAIN,21,360992
campaign3_gate2_v1:F16:K03:0:D10,F16,K03,D10,0,TRAIN,3,360938
campaign3_gate2_v1:F16:K03:0:D11,F16,K03,D11,0,TRAIN,12,361019
campaign3_gate2_v1:F16:K03:0:DbetaU,F16,K03,DbetaU,0,TRAIN,15,361058
campaign3_gate2_v1:F16:K03:1:D00,F16,K03,D00,1,TRAIN,3,361082
campaign3_gate2_v1:F16:K03:1:D01,F16,K03,D01,1,TRAIN,8,361159
campaign3_gate2_v1:F16:K03:1:D10,F16,K03,D10,1,TRAIN,4,361119
campaign3_gate2_v1:F16:K03:1:D11,F16,K03,D11,1,TRAIN,7,361194
campaign3_gate2_v1:F16:K03:1:DbetaU,F16,K03,DbetaU,1,TRAIN,33,361256
campaign3_gate2_v1:F16:K03:2:D00,F16,K03,D00,2,TRAIN,8,361267
campaign3_gate2_v1:F16:K03:2:D01,F16,K03,D01,2,TRAIN,5,361336
campaign3_gate2_v1:F16:K03:2:D10,F16,K03,D10,2,TRAIN,19,361314
campaign3_gate2_v1:F16:K03:2:D11,F16,K03,D11,2,TRAIN,31,361398
campaign3_gate2_v1:F16:K03:2:DbetaU,F16,K03,DbetaU,2,TRAIN,30,361433
campaign3_gate2_v1:F16:K03:3:D00,F16,K03,D00,3,VALIDATION,32,361471
campaign3_gate2_v1:F16:K03:3:D01,F16,K03,D01,3,VALIDATION,15,361526
campaign3_gate2_v1:F16:K03:3:D10,F16,K03,D10,3,VALIDATION,21,361496
campaign3_gate2_v1:F16:K03:3:D11,F16,K03,D11,3,VALIDATION,20,361567
campaign3_gate2_v1:F16:K03:3:DbetaU,F16,K03,DbetaU,3,VALIDATION,6,361589
campaign3_gate2_v1:F16:K03:4:D00,F16,K03,D00,4,DEVELOPMENT_TEST,31,361650
campaign3_gate2_v1:F16:K03:4:D01,F16,K03,D01,4,DEVELOPMENT_TEST,19,361710
campaign3_gate2_v1:F16:K03:4:D10,F16,K03,D10,4,DEVELOPMENT_TEST,14,361669
campaign3_gate2_v1:F16:K03:4:D11,F16,K03,D11,4,DEVELOPMENT_TEST,32,361759
campaign3_gate2_v1:F16:K03:4:DbetaU,F16,K03,DbetaU,4,DEVELOPMENT_TEST,28,361791
campaign3_gate2_v1:F16:K05:0:D00,F16,K05,D00,0,TRAIN,21,361820
campaign3_gate2_v1:F16:K05:0:D01,F16,K05,D01,0,TRAIN,15,361886
campaign3_gate2_v1:F16:K05:0:D10,F16,K05,D10,0,TRAIN,32,361867
campaign3_gate2_v1:F16:K05:0:D11,F16,K05,D11,0,TRAIN,30,361937
campaign3_gate2_v1:F16:K05:0:DbetaU,F16,K05,DbetaU,0,TRAIN,17,361960
campaign3_gate2_v1:F16:K05:1:D00,F16,K05,D00,1,TRAIN,10,361989
campaign3_gate2_v1:F16:K05:1:D01,F16,K05,D01,1,TRAIN,6,362057
campaign3_gate2_v1:F16:K05:1:D10,F16,K05,D10,1,TRAIN,13,362028
campaign3_gate2_v1:F16:K05:1:D11,F16,K05,D11,1,TRAIN,17,362104
campaign3_gate2_v1:F16:K05:1:DbetaU,F16,K05,DbetaU,1,TRAIN,19,362142
campaign3_gate2_v1:F16:K05:2:D00,F16,K05,D00,2,TRAIN,32,362191
campaign3_gate2_v1:F16:K05:2:D01,F16,K05,D01,2,TRAIN,18,362249
campaign3_gate2_v1:F16:K05:2:D10,F16,K05,D10,2,TRAIN,7,362202
campaign3_gate2_v1:F16:K05:2:D11,F16,K05,D11,2,TRAIN,35,362302
campaign3_gate2_v1:F16:K05:2:DbetaU,F16,K05,DbetaU,2,TRAIN,15,362318
campaign3_gate2_v1:F16:K05:3:D00,F16,K05,D00,3,VALIDATION,32,362371
campaign3_gate2_v1:F16:K05:3:D01,F16,K05,D01,3,VALIDATION,5,362416
campaign3_gate2_v1:F16:K05:3:D10,F16,K05,D10,3,VALIDATION,35,362410
campaign3_gate2_v1:F16:K05:3:D11,F16,K05,D11,3,VALIDATION,27,362474
campaign3_gate2_v1:F16:K05:3:DbetaU,F16,K05,DbetaU,3,VALIDATION,22,362505
campaign3_gate2_v1:F16:K05:4:D00,F16,K05,D00,4,DEVELOPMENT_TEST,13,362532
campaign3_gate2_v1:F16:K05:4:D01,F16,K05,D01,4,DEVELOPMENT_TEST,1,362592
campaign3_gate2_v1:F16:K05:4:D10,F16,K05,D10,4,DEVELOPMENT_TEST,28,362583
campaign3_gate2_v1:F16:K05:4:D11,F16,K05,D11,4,DEVELOPMENT_TEST,18,362645
campaign3_gate2_v1:F16:K05:4:DbetaU,F16,K05,DbetaU,4,DEVELOPMENT_TEST,29,362692
campaign3_gate2_v1:F16:K06:0:D00,F16,K06,D00,0,TRAIN,14,362713
campaign3_gate2_v1:F16:K06:0:D01,F16,K06,D01,0,TRAIN,30,362801
campaign3_gate2_v1:F16:K06:0:D10,F16,K06,D10,0,TRAIN,10,362745
campaign3_gate2_v1:F16:K06:0:D11,F16,K06,D11,0,TRAIN,11,362818
campaign3_gate2_v1:F16:K06:0:DbetaU,F16,K06,DbetaU,0,TRAIN,1,362844
campaign3_gate2_v1:F16:K06:1:D00,F16,K06,D00,1,TRAIN,12,362891
campaign3_gate2_v1:F16:K06:1:D01,F16,K06,D01,1,TRAIN,29,362980
campaign3_gate2_v1:F16:K06:1:D10,F16,K06,D10,1,TRAIN,5,362920
campaign3_gate2_v1:F16:K06:1:D11,F16,K06,D11,1,TRAIN,6,362993
campaign3_gate2_v1:F16:K06:1:DbetaU,F16,K06,DbetaU,1,TRAIN,10,363033
campaign3_gate2_v1:F16:K06:2:D00,F16,K06,D00,2,TRAIN,22,363081
campaign3_gate2_v1:F16:K06:2:D01,F16,K06,D01,2,TRAIN,1,363132
campaign3_gate2_v1:F16:K06:2:D10,F16,K06,D10,2,TRAIN,24,363119
campaign3_gate2_v1:F16:K06:2:D11,F16,K06,D11,2,TRAIN,2,363169
campaign3_gate2_v1:F16:K06:2:DbetaU,F16,K06,DbetaU,2,TRAIN,10,363213
campaign3_gate2_v1:F16:K06:3:D00,F16,K06,D00,3,VALIDATION,29,363268
campaign3_gate2_v1:F16:K06:3:D01,F16,K06,D01,3,VALIDATION,34,363345
campaign3_gate2_v1:F16:K06:3:D10,F16,K06,D10,3,VALIDATION,20,363295
campaign3_gate2_v1:F16:K06:3:D11,F16,K06,D11,3,VALIDATION,22,363369
campaign3_gate2_v1:F16:K06:3:DbetaU,F16,K06,DbetaU,3,VALIDATION,27,363410
campaign3_gate2_v1:F16:K06:4:D00,F16,K06,D00,4,DEVELOPMENT_TEST,10,363429
campaign3_gate2_v1:F16:K06:4:D01,F16,K06,D01,4,DEVELOPMENT_TEST,19,363510
campaign3_gate2_v1:F16:K06:4:D10,F16,K06,D10,4,DEVELOPMENT_TEST,33,363488
campaign3_gate2_v1:F16:K06:4:D11,F16,K06,D11,4,DEVELOPMENT_TEST,24,363551
campaign3_gate2_v1:F16:K06:4:DbetaU,F16,K06,DbetaU,4,DEVELOPMENT_TEST,25,363588
campaign3_gate2_v1:F16:K07:0:D00,F16,K07,D00,0,TRAIN,2,363601
campaign3_gate2_v1:F16:K07:0:D01,F16,K07,D01,0,TRAIN,17,363688
campaign3_gate2_v1:F16:K07:0:D10,F16,K07,D10,0,TRAIN,25,363660
campaign3_gate2_v1:F16:K07:0:D11,F16,K07,D11,0,TRAIN,9,363716
campaign3_gate2_v1:F16:K07:0:DbetaU,F16,K07,DbetaU,0,TRAIN,8,363751
campaign3_gate2_v1:F16:K07:1:D00,F16,K07,D00,1,TRAIN,34,363813
campaign3_gate2_v1:F16:K07:1:D01,F16,K07,D01,1,TRAIN,7,363858
campaign3_gate2_v1:F16:K07:1:D10,F16,K07,D10,1,TRAIN,3,363818
campaign3_gate2_v1:F16:K07:1:D11,F16,K07,D11,1,TRAIN,21,363908
campaign3_gate2_v1:F16:K07:1:DbetaU,F16,K07,DbetaU,1,TRAIN,31,363954
campaign3_gate2_v1:F16:K07:2:D00,F16,K07,D00,2,TRAIN,19,363978
campaign3_gate2_v1:F16:K07:2:D01,F16,K07,D01,2,TRAIN,8,364039
campaign3_gate2_v1:F16:K07:2:D10,F16,K07,D10,2,TRAIN,19,364014
campaign3_gate2_v1:F16:K07:2:D11,F16,K07,D11,2,TRAIN,7,364074
campaign3_gate2_v1:F16:K07:2:DbetaU,F16,K07,DbetaU,2,TRAIN,32,364135
campaign3_gate2_v1:F16:K07:3:D00,F16,K07,D00,3,VALIDATION,33,364172
campaign3_gate2_v1:F16:K07:3:D01,F16,K07,D01,3,VALIDATION,7,364218
campaign3_gate2_v1:F16:K07:3:D10,F16,K07,D10,3,VALIDATION,34,364209
campaign3_gate2_v1:F16:K07:3:D11,F16,K07,D11,3,VALIDATION,29,364276
campaign3_gate2_v1:F16:K07:3:DbetaU,F16,K07,DbetaU,3,VALIDATION,23,364306
campaign3_gate2_v1:F16:K07:4:D00,F16,K07,D00,4,DEVELOPMENT_TEST,12,364331
campaign3_gate2_v1:F16:K07:4:D01,F16,K07,D01,4,DEVELOPMENT_TEST,4,364395
campaign3_gate2_v1:F16:K07:4:D10,F16,K07,D10,4,DEVELOPMENT_TEST,12,364367
campaign3_gate2_v1:F16:K07:4:D11,F16,K07,D11,4,DEVELOPMENT_TEST,7,364434
campaign3_gate2_v1:F16:K07:4:DbetaU,F16,K07,DbetaU,4,DEVELOPMENT_TEST,11,364474
campaign3_gate2_v1:F16:K10:0:D00,F16,K10,D00,0,TRAIN,34,364533
campaign3_gate2_v1:F16:K10:0:D01,F16,K10,D01,0,TRAIN,7,364578
campaign3_gate2_v1:F16:K10:0:D10,F16,K10,D10,0,TRAIN,23,364558
campaign3_gate2_v1:F16:K10:0:D11,F16,K10,D11,0,TRAIN,8,364615
campaign3_gate2_v1:F16:K10:0:DbetaU,F16,K10,DbetaU,0,TRAIN,6,364649
campaign3_gate2_v1:F16:K10:1:D00,F16,K10,D00,1,TRAIN,28,364707
campaign3_gate2_v1:F16:K10:1:D01,F16,K10,D01,1,TRAIN,1,364752
campaign3_gate2_v1:F16:K10:1:D10,F16,K10,D10,1,TRAIN,36,364751
campaign3_gate2_v1:F16:K10:1:D11,F16,K10,D11,1,TRAIN,36,364823
campaign3_gate2_v1:F16:K10:1:DbetaU,F16,K10,DbetaU,1,TRAIN,6,364829
campaign3_gate2_v1:F16:K10:2:D00,F16,K10,D00,2,TRAIN,15,364874
campaign3_gate2_v1:F16:K10:2:D01,F16,K10,D01,2,TRAIN,17,364948
campaign3_gate2_v1:F16:K10:2:D10,F16,K10,D10,2,TRAIN,31,364926
campaign3_gate2_v1:F16:K10:2:D11,F16,K10,D11,2,TRAIN,19,364986
campaign3_gate2_v1:F16:K10:2:DbetaU,F16,K10,DbetaU,2,TRAIN,4,365007
campaign3_gate2_v1:F16:K10:3:D00,F16,K10,D00,3,VALIDATION,28,365067
campaign3_gate2_v1:F16:K10:3:D01,F16,K10,D01,3,VALIDATION,8,365119
campaign3_gate2_v1:F16:K10:3:D10,F16,K10,D10,3,VALIDATION,7,365082
campaign3_gate2_v1:F16:K10:3:D11,F16,K10,D11,3,VALIDATION,16,365163
campaign3_gate2_v1:F16:K10:3:DbetaU,F16,K10,DbetaU,3,VALIDATION,8,365191
campaign3_gate2_v1:F16:K10:4:D00,F16,K10,D00,4,DEVELOPMENT_TEST,9,365228
campaign3_gate2_v1:F16:K10:4:D01,F16,K10,D01,4,DEVELOPMENT_TEST,9,365300
campaign3_gate2_v1:F16:K10:4:D10,F16,K10,D10,4,DEVELOPMENT_TEST,26,365281
campaign3_gate2_v1:F16:K10:4:D11,F16,K10,D11,4,DEVELOPMENT_TEST,34,365361
campaign3_gate2_v1:F16:K10:4:DbetaU,F16,K10,DbetaU,4,DEVELOPMENT_TEST,35,365398
campaign3_gate2_v1:F16:K11:0:D00,F16,K11,D00,0,TRAIN,13,365412
campaign3_gate2_v1:F16:K11:0:D01,F16,K11,D01,0,TRAIN,11,365482
campaign3_gate2_v1:F16:K11:0:D10,F16,K11,D10,0,TRAIN,19,365454
campaign3_gate2_v1:F16:K11:0:D11,F16,K11,D11,0,TRAIN,20,365527
campaign3_gate2_v1:F16:K11:0:DbetaU,F16,K11,DbetaU,0,TRAIN,24,365567
campaign3_gate2_v1:F16:K11:1:D00,F16,K11,D00,1,TRAIN,8,365587
campaign3_gate2_v1:F16:K11:1:D01,F16,K11,D01,1,TRAIN,8,365659
campaign3_gate2_v1:F16:K11:1:D10,F16,K11,D10,1,TRAIN,28,365643
campaign3_gate2_v1:F16:K11:1:D11,F16,K11,D11,1,TRAIN,1,365688
campaign3_gate2_v1:F16:K11:1:DbetaU,F16,K11,DbetaU,1,TRAIN,1,365724
campaign3_gate2_v1:F16:K11:2:D00,F16,K11,D00,2,TRAIN,19,365778
campaign3_gate2_v1:F16:K11:2:D01,F16,K11,D01,2,TRAIN,10,365841
campaign3_gate2_v1:F16:K11:2:D10,F16,K11,D10,2,TRAIN,13,365808
campaign3_gate2_v1:F16:K11:2:D11,F16,K11,D11,2,TRAIN,13,365880
campaign3_gate2_v1:F16:K11:2:DbetaU,F16,K11,DbetaU,2,TRAIN,36,365939
campaign3_gate2_v1:F16:K11:3:D00,F16,K11,D00,3,VALIDATION,13,365952
campaign3_gate2_v1:F16:K11:3:D01,F16,K11,D01,3,VALIDATION,26,366037
campaign3_gate2_v1:F16:K11:3:D10,F16,K11,D10,3,VALIDATION,19,365994
campaign3_gate2_v1:F16:K11:3:D11,F16,K11,D11,3,VALIDATION,14,366061
campaign3_gate2_v1:F16:K11:3:DbetaU,F16,K11,DbetaU,3,VALIDATION,19,366102
campaign3_gate2_v1:F16:K11:4:D00,F16,K11,D00,4,DEVELOPMENT_TEST,12,366131
campaign3_gate2_v1:F16:K11:4:D01,F16,K11,D01,4,DEVELOPMENT_TEST,28,366219
campaign3_gate2_v1:F16:K11:4:D10,F16,K11,D10,4,DEVELOPMENT_TEST,31,366186
campaign3_gate2_v1:F16:K11:4:D11,F16,K11,D11,4,DEVELOPMENT_TEST,6,366233
campaign3_gate2_v1:F16:K11:4:DbetaU,F16,K11,DbetaU,4,DEVELOPMENT_TEST,9,366272
campaign3_gate2_v1:F16:K13:0:D00,F16,K13,D00,0,TRAIN,8,366307
campaign3_gate2_v1:F16:K13:0:D01,F16,K13,D01,0,TRAIN,19,366390
campaign3_gate2_v1:F16:K13:0:D10,F16,K13,D10,0,TRAIN,15,366350
campaign3_gate2_v1:F16:K13:0:D11,F16,K13,D11,0,TRAIN,3,366410
campaign3_gate2_v1:F16:K13:0:DbetaU,F16,K13,DbetaU,0,TRAIN,8,366451
campaign3_gate2_v1:F16:K13:1:D00,F16,K13,D00,1,TRAIN,21,366500
campaign3_gate2_v1:F16:K13:1:D01,F16,K13,D01,1,TRAIN,1,366552
campaign3_gate2_v1:F16:K13:1:D10,F16,K13,D10,1,TRAIN,15,366530
campaign3_gate2_v1:F16:K13:1:D11,F16,K13,D11,1,TRAIN,7,366594
campaign3_gate2_v1:F16:K13:1:DbetaU,F16,K13,DbetaU,1,TRAIN,7,366630
campaign3_gate2_v1:F16:K13:2:D00,F16,K13,D00,2,TRAIN,18,366677
campaign3_gate2_v1:F16:K13:2:D01,F16,K13,D01,2,TRAIN,13,366744
campaign3_gate2_v1:F16:K13:2:D10,F16,K13,D10,2,TRAIN,4,366699
campaign3_gate2_v1:F16:K13:2:D11,F16,K13,D11,2,TRAIN,35,366802
campaign3_gate2_v1:F16:K13:2:DbetaU,F16,K13,DbetaU,2,TRAIN,13,366816
campaign3_gate2_v1:F16:K13:3:D00,F16,K13,D00,3,VALIDATION,30,366869
campaign3_gate2_v1:F16:K13:3:D01,F16,K13,D01,3,VALIDATION,2,366913
campaign3_gate2_v1:F16:K13:3:D10,F16,K13,D10,3,VALIDATION,35,366910
campaign3_gate2_v1:F16:K13:3:D11,F16,K13,D11,3,VALIDATION,17,366964
campaign3_gate2_v1:F16:K13:3:DbetaU,F16,K13,DbetaU,3,VALIDATION,19,367002
campaign3_gate2_v1:F16:K13:4:D00,F16,K13,D00,4,DEVELOPMENT_TEST,3,367022
campaign3_gate2_v1:F16:K13:4:D01,F16,K13,D01,4,DEVELOPMENT_TEST,19,367110
campaign3_gate2_v1:F16:K13:4:D10,F16,K13,D10,4,DEVELOPMENT_TEST,14,367069
campaign3_gate2_v1:F16:K13:4:D11,F16,K13,D11,4,DEVELOPMENT_TEST,7,367134
campaign3_gate2_v1:F16:K13:4:DbetaU,F16,K13,DbetaU,4,DEVELOPMENT_TEST,18,367181
campaign3_gate2_v1:F16:K15:0:D00,F16,K15,D00,0,TRAIN,22,367221
campaign3_gate2_v1:F16:K15:0:D01,F16,K15,D01,0,TRAIN,21,367292
campaign3_gate2_v1:F16:K15:0:D10,F16,K15,D10,0,TRAIN,21,367256
campaign3_gate2_v1:F16:K15:0:D11,F16,K15,D11,0,TRAIN,4,367311
campaign3_gate2_v1:F16:K15:0:DbetaU,F16,K15,DbetaU,0,TRAIN,13,367356
campaign3_gate2_v1:F16:K15:1:D00,F16,K15,D00,1,TRAIN,6,367385
campaign3_gate2_v1:F16:K15:1:D01,F16,K15,D01,1,TRAIN,29,367480
campaign3_gate2_v1:F16:K15:1:D10,F16,K15,D10,1,TRAIN,20,367435
campaign3_gate2_v1:F16:K15:1:D11,F16,K15,D11,1,TRAIN,25,367512
campaign3_gate2_v1:F16:K15:1:DbetaU,F16,K15,DbetaU,1,TRAIN,31,367554
campaign3_gate2_v1:F16:K15:2:D00,F16,K15,D00,2,TRAIN,31,367590
campaign3_gate2_v1:F16:K15:2:D01,F16,K15,D01,2,TRAIN,4,367635
campaign3_gate2_v1:F16:K15:2:D10,F16,K15,D10,2,TRAIN,9,367604
campaign3_gate2_v1:F16:K15:2:D11,F16,K15,D11,2,TRAIN,21,367688
campaign3_gate2_v1:F16:K15:2:DbetaU,F16,K15,DbetaU,2,TRAIN,9,367712
campaign3_gate2_v1:F16:K15:3:D00,F16,K15,D00,3,VALIDATION,23,367762
campaign3_gate2_v1:F16:K15:3:D01,F16,K15,D01,3,VALIDATION,14,367825
campaign3_gate2_v1:F16:K15:3:D10,F16,K15,D10,3,VALIDATION,4,367779
campaign3_gate2_v1:F16:K15:3:D11,F16,K15,D11,3,VALIDATION,28,367875
campaign3_gate2_v1:F16:K15:3:DbetaU,F16,K15,DbetaU,3,VALIDATION,18,367901
campaign3_gate2_v1:F16:K15:4:D00,F16,K15,D00,4,DEVELOPMENT_TEST,6,367925
campaign3_gate2_v1:F16:K15:4:D01,F16,K15,D01,4,DEVELOPMENT_TEST,27,368018
campaign3_gate2_v1:F16:K15:4:D10,F16,K15,D10,4,DEVELOPMENT_TEST,7,367962
campaign3_gate2_v1:F16:K15:4:D11,F16,K15,D11,4,DEVELOPMENT_TEST,17,368044
campaign3_gate2_v1:F16:K15:4:DbetaU,F16,K15,DbetaU,4,DEVELOPMENT_TEST,16,368079
campaign3_gate2_v1:F16:K16:0:D00,F16,K16,D00,0,TRAIN,22,368121
campaign3_gate2_v1:F16:K16:0:D01,F16,K16,D01,0,TRAIN,12,368183
campaign3_gate2_v1:F16:K16:0:D10,F16,K16,D10,0,TRAIN,20,368155
campaign3_gate2_v1:F16:K16:0:D11,F16,K16,D11,0,TRAIN,3,368210
campaign3_gate2_v1:F16:K16:0:DbetaU,F16,K16,DbetaU,0,TRAIN,15,368258
campaign3_gate2_v1:F16:K16:1:D00,F16,K16,D00,1,TRAIN,13,368292
campaign3_gate2_v1:F16:K16:1:D01,F16,K16,D01,1,TRAIN,8,368359
campaign3_gate2_v1:F16:K16:1:D10,F16,K16,D10,1,TRAIN,12,368327
campaign3_gate2_v1:F16:K16:1:D11,F16,K16,D11,1,TRAIN,19,368406
campaign3_gate2_v1:F16:K16:1:DbetaU,F16,K16,DbetaU,1,TRAIN,2,368425
campaign3_gate2_v1:F16:K16:2:D00,F16,K16,D00,2,TRAIN,9,368468
campaign3_gate2_v1:F16:K16:2:D01,F16,K16,D01,2,TRAIN,29,368560
campaign3_gate2_v1:F16:K16:2:D10,F16,K16,D10,2,TRAIN,10,368505
campaign3_gate2_v1:F16:K16:2:D11,F16,K16,D11,2,TRAIN,19,368586
campaign3_gate2_v1:F16:K16:2:DbetaU,F16,K16,DbetaU,2,TRAIN,30,368633
campaign3_gate2_v1:F16:K16:3:D00,F16,K16,D00,3,VALIDATION,28,368667
campaign3_gate2_v1:F16:K16:3:D01,F16,K16,D01,3,VALIDATION,1,368712
campaign3_gate2_v1:F16:K16:3:D10,F16,K16,D10,3,VALIDATION,31,368706
campaign3_gate2_v1:F16:K16:3:D11,F16,K16,D11,3,VALIDATION,14,368761
campaign3_gate2_v1:F16:K16:3:DbetaU,F16,K16,DbetaU,3,VALIDATION,8,368791
campaign3_gate2_v1:F16:K16:4:D00,F16,K16,D00,4,DEVELOPMENT_TEST,22,368841
campaign3_gate2_v1:F16:K16:4:D01,F16,K16,D01,4,DEVELOPMENT_TEST,33,368924
campaign3_gate2_v1:F16:K16:4:D10,F16,K16,D10,4,DEVELOPMENT_TEST,27,368882
campaign3_gate2_v1:F16:K16:4:D11,F16,K16,D11,4,DEVELOPMENT_TEST,6,368933
campaign3_gate2_v1:F16:K16:4:DbetaU,F16,K16,DbetaU,4,DEVELOPMENT_TEST,23,368986
campaign3_gate2_v1:F16:K17:0:D00,F16,K17,D00,0,TRAIN,24,369023
campaign3_gate2_v1:F16:K17:0:D01,F16,K17,D01,0,TRAIN,16,369087
campaign3_gate2_v1:F16:K17:0:D10,F16,K17,D10,0,TRAIN,21,369056
campaign3_gate2_v1:F16:K17:0:D11,F16,K17,D11,0,TRAIN,8,369115
campaign3_gate2_v1:F16:K17:0:DbetaU,F16,K17,DbetaU,0,TRAIN,16,369159
campaign3_gate2_v1:F16:K17:1:D00,F16,K17,D00,1,TRAIN,24,369203
campaign3_gate2_v1:F16:K17:1:D01,F16,K17,D01,1,TRAIN,12,369263
campaign3_gate2_v1:F16:K17:1:D10,F16,K17,D10,1,TRAIN,24,369239
campaign3_gate2_v1:F16:K17:1:D11,F16,K17,D11,1,TRAIN,32,369319
campaign3_gate2_v1:F16:K17:1:DbetaU,F16,K17,DbetaU,1,TRAIN,18,369341
campaign3_gate2_v1:F16:K17:2:D00,F16,K17,D00,2,TRAIN,21,369380
campaign3_gate2_v1:F16:K17:2:D01,F16,K17,D01,2,TRAIN,21,369452
campaign3_gate2_v1:F16:K17:2:D10,F16,K17,D10,2,TRAIN,24,369419
campaign3_gate2_v1:F16:K17:2:D11,F16,K17,D11,2,TRAIN,24,369491
campaign3_gate2_v1:F16:K17:2:DbetaU,F16,K17,DbetaU,2,TRAIN,21,369524
campaign3_gate2_v1:F16:K17:3:D00,F16,K17,D00,3,VALIDATION,5,369544
campaign3_gate2_v1:F16:K17:3:D01,F16,K17,D01,3,VALIDATION,2,369613
campaign3_gate2_v1:F16:K17:3:D10,F16,K17,D10,3,VALIDATION,33,369608
campaign3_gate2_v1:F16:K17:3:D11,F16,K17,D11,3,VALIDATION,12,369659
campaign3_gate2_v1:F16:K17:3:DbetaU,F16,K17,DbetaU,3,VALIDATION,22,369705
campaign3_gate2_v1:F16:K17:4:D00,F16,K17,D00,4,DEVELOPMENT_TEST,29,369748
campaign3_gate2_v1:F16:K17:4:D01,F16,K17,D01,4,DEVELOPMENT_TEST,11,369802
campaign3_gate2_v1:F16:K17:4:D10,F16,K17,D10,4,DEVELOPMENT_TEST,11,369766
campaign3_gate2_v1:F16:K17:4:D11,F16,K17,D11,4,DEVELOPMENT_TEST,14,369841
campaign3_gate2_v1:F16:K17:4:DbetaU,F16,K17,DbetaU,4,DEVELOPMENT_TEST,20,369883
campaign3_gate2_v1:F16:K20:0:D00,F16,K20,D00,0,TRAIN,28,369927
campaign3_gate2_v1:F16:K20:0:D01,F16,K20,D01,0,TRAIN,32,370003
campaign3_gate2_v1:F16:K20:0:D10,F16,K20,D10,0,TRAIN,16,369951
campaign3_gate2_v1:F16:K20:0:D11,F16,K20,D11,0,TRAIN,2,370009
campaign3_gate2_v1:F16:K20:0:DbetaU,F16,K20,DbetaU,0,TRAIN,15,370058
campaign3_gate2_v1:F16:K20:1:D00,F16,K20,D00,1,TRAIN,21,370100
campaign3_gate2_v1:F16:K20:1:D01,F16,K20,D01,1,TRAIN,25,370176
campaign3_gate2_v1:F16:K20:1:D10,F16,K20,D10,1,TRAIN,12,370127
campaign3_gate2_v1:F16:K20:1:D11,F16,K20,D11,1,TRAIN,14,370201
campaign3_gate2_v1:F16:K20:1:DbetaU,F16,K20,DbetaU,1,TRAIN,20,370243
campaign3_gate2_v1:F16:K20:2:D00,F16,K20,D00,2,TRAIN,19,370278
campaign3_gate2_v1:F16:K20:2:D01,F16,K20,D01,2,TRAIN,15,370346
campaign3_gate2_v1:F16:K20:2:D10,F16,K20,D10,2,TRAIN,1,370296
campaign3_gate2_v1:F16:K20:2:D11,F16,K20,D11,2,TRAIN,21,370388
campaign3_gate2_v1:F16:K20:2:DbetaU,F16,K20,DbetaU,2,TRAIN,13,370416
campaign3_gate2_v1:F16:K20:3:D00,F16,K20,D00,3,VALIDATION,26,370465
campaign3_gate2_v1:F16:K20:3:D01,F16,K20,D01,3,VALIDATION,6,370517
campaign3_gate2_v1:F16:K20:3:D10,F16,K20,D10,3,VALIDATION,30,370505
campaign3_gate2_v1:F16:K20:3:D11,F16,K20,D11,3,VALIDATION,24,370571
campaign3_gate2_v1:F16:K20:3:DbetaU,F16,K20,DbetaU,3,VALIDATION,34,370617
campaign3_gate2_v1:F16:K20:4:D00,F16,K20,D00,4,DEVELOPMENT_TEST,36,370655
campaign3_gate2_v1:F16:K20:4:D01,F16,K20,D01,4,DEVELOPMENT_TEST,27,370718
campaign3_gate2_v1:F16:K20:4:D10,F16,K20,D10,4,DEVELOPMENT_TEST,17,370672
campaign3_gate2_v1:F16:K20:4:D11,F16,K20,D11,4,DEVELOPMENT_TEST,19,370746
campaign3_gate2_v1:F16:K20:4:DbetaU,F16,K20,DbetaU,4,DEVELOPMENT_TEST,10,370773
campaign3_gate2_v1:F16:K21:0:D00,F16,K21,D00,0,TRAIN,11,370810
campaign3_gate2_v1:F16:K21:0:D01,F16,K21,D01,0,TRAIN,8,370879
campaign3_gate2_v1:F16:K21:0:D10,F16,K21,D10,0,TRAIN,1,370836
campaign3_gate2_v1:F16:K21:0:D11,F16,K21,D11,0,TRAIN,20,370927
campaign3_gate2_v1:F16:K21:0:DbetaU,F16,K21,DbetaU,0,TRAIN,13,370956
campaign3_gate2_v1:F16:K21:1:D00,F16,K21,D00,1,TRAIN,34,371013
campaign3_gate2_v1:F16:K21:1:D01,F16,K21,D01,1,TRAIN,26,371077
campaign3_gate2_v1:F16:K21:1:D10,F16,K21,D10,1,TRAIN,28,371043
campaign3_gate2_v1:F16:K21:1:D11,F16,K21,D11,1,TRAIN,23,371110
campaign3_gate2_v1:F16:K21:1:DbetaU,F16,K21,DbetaU,1,TRAIN,16,371139
campaign3_gate2_v1:F16:K21:2:D00,F16,K21,D00,2,TRAIN,22,371181
campaign3_gate2_v1:F16:K21:2:D01,F16,K21,D01,2,TRAIN,34,371265
campaign3_gate2_v1:F16:K21:2:D10,F16,K21,D10,2,TRAIN,35,371230
campaign3_gate2_v1:F16:K21:2:D11,F16,K21,D11,2,TRAIN,35,371302
campaign3_gate2_v1:F16:K21:2:DbetaU,F16,K21,DbetaU,2,TRAIN,2,371305
campaign3_gate2_v1:F16:K21:3:D00,F16,K21,D00,3,VALIDATION,4,371343
campaign3_gate2_v1:F16:K21:3:D01,F16,K21,D01,3,VALIDATION,10,371421
campaign3_gate2_v1:F16:K21:3:D10,F16,K21,D10,3,VALIDATION,7,371382
campaign3_gate2_v1:F16:K21:3:D11,F16,K21,D11,3,VALIDATION,28,371475
campaign3_gate2_v1:F16:K21:3:DbetaU,F16,K21,DbetaU,3,VALIDATION,4,371487
campaign3_gate2_v1:F16:K21:4:D00,F16,K21,D00,4,DEVELOPMENT_TEST,19,371538
campaign3_gate2_v1:F16:K21:4:D01,F16,K21,D01,4,DEVELOPMENT_TEST,1,371592
campaign3_gate2_v1:F16:K21:4:D10,F16,K21,D10,4,DEVELOPMENT_TEST,3,371558
campaign3_gate2_v1:F16:K21:4:D11,F16,K21,D11,4,DEVELOPMENT_TEST,6,371633
campaign3_gate2_v1:F16:K21:4:DbetaU,F16,K21,DbetaU,4,DEVELOPMENT_TEST,30,371693
campaign3_gate2_v1:F16:K23:0:D00,F16,K23,D00,0,TRAIN,12,371711
campaign3_gate2_v1:F16:K23:0:D01,F16,K23,D01,0,TRAIN,11,371782
campaign3_gate2_v1:F16:K23:0:D10,F16,K23,D10,0,TRAIN,30,371765
campaign3_gate2_v1:F16:K23:0:D11,F16,K23,D11,0,TRAIN,17,371824
campaign3_gate2_v1:F16:K23:0:DbetaU,F16,K23,DbetaU,0,TRAIN,31,371874
campaign3_gate2_v1:F16:K23:1:D00,F16,K23,D00,1,TRAIN,28,371907
campaign3_gate2_v1:F16:K23:1:D01,F16,K23,D01,1,TRAIN,10,371961
campaign3_gate2_v1:F16:K23:1:D10,F16,K23,D10,1,TRAIN,31,371946
campaign3_gate2_v1:F16:K23:1:D11,F16,K23,D11,1,TRAIN,8,371995
campaign3_gate2_v1:F16:K23:1:DbetaU,F16,K23,DbetaU,1,TRAIN,1,372024
campaign3_gate2_v1:F16:K23:2:D00,F16,K23,D00,2,TRAIN,4,372063
campaign3_gate2_v1:F16:K23:2:D01,F16,K23,D01,2,TRAIN,15,372146
campaign3_gate2_v1:F16:K23:2:D10,F16,K23,D10,2,TRAIN,9,372104
campaign3_gate2_v1:F16:K23:2:D11,F16,K23,D11,2,TRAIN,32,372199
campaign3_gate2_v1:F16:K23:2:DbetaU,F16,K23,DbetaU,2,TRAIN,23,372226
campaign3_gate2_v1:F16:K23:3:D00,F16,K23,D00,3,VALIDATION,32,372271
campaign3_gate2_v1:F16:K23:3:D01,F16,K23,D01,3,VALIDATION,32,372343
campaign3_gate2_v1:F16:K23:3:D10,F16,K23,D10,3,VALIDATION,11,372286
campaign3_gate2_v1:F16:K23:3:D11,F16,K23,D11,3,VALIDATION,35,372382
campaign3_gate2_v1:F16:K23:3:DbetaU,F16,K23,DbetaU,3,VALIDATION,26,372409
campaign3_gate2_v1:F16:K23:4:D00,F16,K23,D00,4,DEVELOPMENT_TEST,30,372449
campaign3_gate2_v1:F16:K23:4:D01,F16,K23,D01,4,DEVELOPMENT_TEST,34,372525
campaign3_gate2_v1:F16:K23:4:D10,F16,K23,D10,4,DEVELOPMENT_TEST,10,372465
campaign3_gate2_v1:F16:K23:4:D11,F16,K23,D11,4,DEVELOPMENT_TEST,23,372550
campaign3_gate2_v1:F16:K23:4:DbetaU,F16,K23,DbetaU,4,DEVELOPMENT_TEST,19,372582
campaign3_gate2_v1:F16:K25:0:D00,F16,K25,D00,0,TRAIN,34,372633
campaign3_gate2_v1:F16:K25:0:D01,F16,K25,D01,0,TRAIN,35,372706
campaign3_gate2_v1:F16:K25:0:D10,F16,K25,D10,0,TRAIN,29,372664
campaign3_gate2_v1:F16:K25:0:D11,F16,K25,D11,0,TRAIN,32,372739
campaign3_gate2_v1:F16:K25:0:DbetaU,F16,K25,DbetaU,0,TRAIN,22,372765
campaign3_gate2_v1:F16:K25:1:D00,F16,K25,D00,1,TRAIN,29,372808
campaign3_gate2_v1:F16:K25:1:D01,F16,K25,D01,1,TRAIN,23,372874
campaign3_gate2_v1:F16:K25:1:D10,F16,K25,D10,1,TRAIN,28,372843
campaign3_gate2_v1:F16:K25:1:D11,F16,K25,D11,1,TRAIN,7,372894
campaign3_gate2_v1:F16:K25:1:DbetaU,F16,K25,DbetaU,1,TRAIN,26,372949
campaign3_gate2_v1:F16:K25:2:D00,F16,K25,D00,2,TRAIN,11,372970
campaign3_gate2_v1:F16:K25:2:D01,F16,K25,D01,2,TRAIN,23,373054
campaign3_gate2_v1:F16:K25:2:D10,F16,K25,D10,2,TRAIN,22,373017
campaign3_gate2_v1:F16:K25:2:D11,F16,K25,D11,2,TRAIN,32,373099
campaign3_gate2_v1:F16:K25:2:DbetaU,F16,K25,DbetaU,2,TRAIN,4,373107
campaign3_gate2_v1:F16:K25:3:D00,F16,K25,D00,3,VALIDATION,23,373162
campaign3_gate2_v1:F16:K25:3:D01,F16,K25,D01,3,VALIDATION,20,373231
campaign3_gate2_v1:F16:K25:3:D10,F16,K25,D10,3,VALIDATION,32,373207
campaign3_gate2_v1:F16:K25:3:D11,F16,K25,D11,3,VALIDATION,6,373253
campaign3_gate2_v1:F16:K25:3:DbetaU,F16,K25,DbetaU,3,VALIDATION,3,373286
campaign3_gate2_v1:F16:K25:4:D00,F16,K25,D00,4,DEVELOPMENT_TEST,3,373322
campaign3_gate2_v1:F16:K25:4:D01,F16,K25,D01,4,DEVELOPMENT_TEST,36,373427
campaign3_gate2_v1:F16:K25:4:D10,F16,K25,D10,4,DEVELOPMENT_TEST,23,373378
campaign3_gate2_v1:F16:K25:4:D11,F16,K25,D11,4,DEVELOPMENT_TEST,9,373436
campaign3_gate2_v1:F16:K25:4:DbetaU,F16,K25,DbetaU,4,DEVELOPMENT_TEST,22,373485
campaign3_gate2_v1:F16:K26:0:D00,F16,K26,D00,0,TRAIN,21,373520
campaign3_gate2_v1:F16:K26:0:D01,F16,K26,D01,0,TRAIN,13,373584
campaign3_gate2_v1:F16:K26:0:D10,F16,K26,D10,0,TRAIN,32,373567
campaign3_gate2_v1:F16:K26:0:D11,F16,K26,D11,0,TRAIN,26,373633
campaign3_gate2_v1:F16:K26:0:DbetaU,F16,K26,DbetaU,0,TRAIN,24,373667
campaign3_gate2_v1:F16:K26:1:D00,F16,K26,D00,1,TRAIN,16,373695
campaign3_gate2_v1:F16:K26:1:D01,F16,K26,D01,1,TRAIN,10,373761
campaign3_gate2_v1:F16:K26:1:D10,F16,K26,D10,1,TRAIN,16,373731
campaign3_gate2_v1:F16:K26:1:D11,F16,K26,D11,1,TRAIN,35,373822
campaign3_gate2_v1:F16:K26:1:DbetaU,F16,K26,DbetaU,1,TRAIN,34,373857
campaign3_gate2_v1:F16:K26:2:D00,F16,K26,D00,2,TRAIN,4,373863
campaign3_gate2_v1:F16:K26:2:D01,F16,K26,D01,2,TRAIN,27,373958
campaign3_gate2_v1:F16:K26:2:D10,F16,K26,D10,2,TRAIN,20,373915
campaign3_gate2_v1:F16:K26:2:D11,F16,K26,D11,2,TRAIN,17,373984
campaign3_gate2_v1:F16:K26:2:DbetaU,F16,K26,DbetaU,2,TRAIN,21,374024
campaign3_gate2_v1:F16:K26:3:D00,F16,K26,D00,3,VALIDATION,32,374071
campaign3_gate2_v1:F16:K26:3:D01,F16,K26,D01,3,VALIDATION,17,374128
campaign3_gate2_v1:F16:K26:3:D10,F16,K26,D10,3,VALIDATION,35,374110
campaign3_gate2_v1:F16:K26:3:D11,F16,K26,D11,3,VALIDATION,26,374173
campaign3_gate2_v1:F16:K26:3:DbetaU,F16,K26,DbetaU,3,VALIDATION,32,374215
campaign3_gate2_v1:F16:K26:4:D00,F16,K26,D00,4,DEVELOPMENT_TEST,16,374235
campaign3_gate2_v1:F16:K26:4:D01,F16,K26,D01,4,DEVELOPMENT_TEST,27,374318
campaign3_gate2_v1:F16:K26:4:D10,F16,K26,D10,4,DEVELOPMENT_TEST,33,374288
campaign3_gate2_v1:F16:K26:4:D11,F16,K26,D11,4,DEVELOPMENT_TEST,15,374342
campaign3_gate2_v1:F16:K26:4:DbetaU,F16,K26,DbetaU,4,DEVELOPMENT_TEST,22,374385
campaign3_gate2_v1:F16:K27:0:D00,F16,K27,D00,0,TRAIN,3,374402
campaign3_gate2_v1:F16:K27:0:D01,F16,K27,D01,0,TRAIN,33,374504
campaign3_gate2_v1:F16:K27:0:D10,F16,K27,D10,0,TRAIN,24,374459
campaign3_gate2_v1:F16:K27:0:D11,F16,K27,D11,0,TRAIN,9,374516
campaign3_gate2_v1:F16:K27:0:DbetaU,F16,K27,DbetaU,0,TRAIN,17,374560
campaign3_gate2_v1:F16:K27:1:D00,F16,K27,D00,1,TRAIN,3,374582
campaign3_gate2_v1:F16:K27:1:D01,F16,K27,D01,1,TRAIN,9,374660
campaign3_gate2_v1:F16:K27:1:D10,F16,K27,D10,1,TRAIN,18,374633
campaign3_gate2_v1:F16:K27:1:D11,F16,K27,D11,1,TRAIN,34,374721
campaign3_gate2_v1:F16:K27:1:DbetaU,F16,K27,DbetaU,1,TRAIN,21,374744
campaign3_gate2_v1:F16:K27:2:D00,F16,K27,D00,2,TRAIN,24,374783
campaign3_gate2_v1:F16:K27:2:D01,F16,K27,D01,2,TRAIN,11,374842
campaign3_gate2_v1:F16:K27:2:D10,F16,K27,D10,2,TRAIN,14,374809
campaign3_gate2_v1:F16:K27:2:D11,F16,K27,D11,2,TRAIN,17,374884
campaign3_gate2_v1:F16:K27:2:DbetaU,F16,K27,DbetaU,2,TRAIN,20,374923
campaign3_gate2_v1:F16:K27:3:D00,F16,K27,D00,3,VALIDATION,14,374953
campaign3_gate2_v1:F16:K27:3:D01,F16,K27,D01,3,VALIDATION,33,375044
campaign3_gate2_v1:F16:K27:3:D10,F16,K27,D10,3,VALIDATION,35,375010
campaign3_gate2_v1:F16:K27:3:D11,F16,K27,D11,3,VALIDATION,7,375054
campaign3_gate2_v1:F16:K27:3:DbetaU,F16,K27,DbetaU,3,VALIDATION,29,375112
campaign3_gate2_v1:F16:K27:4:D00,F16,K27,D00,4,DEVELOPMENT_TEST,22,375141
campaign3_gate2_v1:F16:K27:4:D01,F16,K27,D01,4,DEVELOPMENT_TEST,2,375193
campaign3_gate2_v1:F16:K27:4:D10,F16,K27,D10,4,DEVELOPMENT_TEST,9,375164
campaign3_gate2_v1:F16:K27:4:D11,F16,K27,D11,4,DEVELOPMENT_TEST,1,375228
campaign3_gate2_v1:F16:K27:4:DbetaU,F16,K27,DbetaU,4,DEVELOPMENT_TEST,26,375289
campaign3_gate2_v1:F16:K31:0:D00,F16,K31,D00,0,TRAIN,11,375310
campaign3_gate2_v1:F16:K31:0:D01,F16,K31,D01,0,TRAIN,14,375385
campaign3_gate2_v1:F16:K31:0:D10,F16,K31,D10,0,TRAIN,7,375342
campaign3_gate2_v1:F16:K31:0:D11,F16,K31,D11,0,TRAIN,6,375413
campaign3_gate2_v1:F16:K31:0:DbetaU,F16,K31,DbetaU,0,TRAIN,17,375460
campaign3_gate2_v1:F16:K31:1:D00,F16,K31,D00,1,TRAIN,26,375505
campaign3_gate2_v1:F16:K31:1:D01,F16,K31,D01,1,TRAIN,29,375580
campaign3_gate2_v1:F16:K31:1:D10,F16,K31,D10,1,TRAIN,20,375535
campaign3_gate2_v1:F16:K31:1:D11,F16,K31,D11,1,TRAIN,18,375605
campaign3_gate2_v1:F16:K31:1:DbetaU,F16,K31,DbetaU,1,TRAIN,27,375650
campaign3_gate2_v1:F16:K31:2:D00,F16,K31,D00,2,TRAIN,5,375664
campaign3_gate2_v1:F16:K31:2:D01,F16,K31,D01,2,TRAIN,4,375735
campaign3_gate2_v1:F16:K31:2:D10,F16,K31,D10,2,TRAIN,8,375703
campaign3_gate2_v1:F16:K31:2:D11,F16,K31,D11,2,TRAIN,33,375800
campaign3_gate2_v1:F16:K31:2:DbetaU,F16,K31,DbetaU,2,TRAIN,14,375817
campaign3_gate2_v1:F16:K31:3:D00,F16,K31,D00,3,VALIDATION,28,375867
campaign3_gate2_v1:F16:K31:3:D01,F16,K31,D01,3,VALIDATION,36,375947
campaign3_gate2_v1:F16:K31:3:D10,F16,K31,D10,3,VALIDATION,2,375877
campaign3_gate2_v1:F16:K31:3:D11,F16,K31,D11,3,VALIDATION,16,375963
campaign3_gate2_v1:F16:K31:3:DbetaU,F16,K31,DbetaU,3,VALIDATION,26,376009
campaign3_gate2_v1:F16:K31:4:D00,F16,K31,D00,4,DEVELOPMENT_TEST,21,376040
campaign3_gate2_v1:F16:K31:4:D01,F16,K31,D01,4,DEVELOPMENT_TEST,28,376119
campaign3_gate2_v1:F16:K31:4:D10,F16,K31,D10,4,DEVELOPMENT_TEST,19,376074
campaign3_gate2_v1:F16:K31:4:D11,F16,K31,D11,4,DEVELOPMENT_TEST,15,376142
campaign3_gate2_v1:F16:K31:4:DbetaU,F16,K31,DbetaU,4,DEVELOPMENT_TEST,5,376168
campaign3_gate2_v1:F16:K32:0:D00,F16,K32,D00,0,TRAIN,8,376207
campaign3_gate2_v1:F16:K32:0:D01,F16,K32,D01,0,TRAIN,18,376289
campaign3_gate2_v1:F16:K32:0:D10,F16,K32,D10,0,TRAIN,2,376237
campaign3_gate2_v1:F16:K32:0:D11,F16,K32,D11,0,TRAIN,33,376340
campaign3_gate2_v1:F16:K32:0:DbetaU,F16,K32,DbetaU,0,TRAIN,28,376371
campaign3_gate2_v1:F16:K32:1:D00,F16,K32,D00,1,TRAIN,28,376407
campaign3_gate2_v1:F16:K32:1:D01,F16,K32,D01,1,TRAIN,22,376473
campaign3_gate2_v1:F16:K32:1:D10,F16,K32,D10,1,TRAIN,10,376425
campaign3_gate2_v1:F16:K32:1:D11,F16,K32,D11,1,TRAIN,23,376510
campaign3_gate2_v1:F16:K32:1:DbetaU,F16,K32,DbetaU,1,TRAIN,12,376535
campaign3_gate2_v1:F16:K32:2:D00,F16,K32,D00,2,TRAIN,33,376592
campaign3_gate2_v1:F16:K32:2:D01,F16,K32,D01,2,TRAIN,35,376666
campaign3_gate2_v1:F16:K32:2:D10,F16,K32,D10,2,TRAIN,7,376602
campaign3_gate2_v1:F16:K32:2:D11,F16,K32,D11,2,TRAIN,10,376677
campaign3_gate2_v1:F16:K32:2:DbetaU,F16,K32,DbetaU,2,TRAIN,34,376737
campaign3_gate2_v1:F16:K32:3:D00,F16,K32,D00,3,VALIDATION,15,376754
campaign3_gate2_v1:F16:K32:3:D01,F16,K32,D01,3,VALIDATION,1,376812
campaign3_gate2_v1:F16:K32:3:D10,F16,K32,D10,3,VALIDATION,35,376810
campaign3_gate2_v1:F16:K32:3:D11,F16,K32,D11,3,VALIDATION,8,376855
campaign3_gate2_v1:F16:K32:3:DbetaU,F16,K32,DbetaU,3,VALIDATION,22,376905
campaign3_gate2_v1:F16:K32:4:D00,F16,K32,D00,4,DEVELOPMENT_TEST,5,376924
campaign3_gate2_v1:F16:K32:4:D01,F16,K32,D01,4,DEVELOPMENT_TEST,34,377025
campaign3_gate2_v1:F16:K32:4:D10,F16,K32,D10,4,DEVELOPMENT_TEST,31,376986
campaign3_gate2_v1:F16:K32:4:D11,F16,K32,D11,4,DEVELOPMENT_TEST,15,377042
campaign3_gate2_v1:F16:K32:4:DbetaU,F16,K32,DbetaU,4,DEVELOPMENT_TEST,30,377093
campaign3_gate2_v1:F16:K33:0:D00,F16,K33,D00,0,TRAIN,4,377103
campaign3_gate2_v1:F16:K33:0:D01,F16,K33,D01,0,TRAIN,36,377207
campaign3_gate2_v1:F16:K33:0:D10,F16,K33,D10,0,TRAIN,31,377166
campaign3_gate2_v1:F16:K33:0:D11,F16,K33,D11,0,TRAIN,14,377221
campaign3_gate2_v1:F16:K33:0:DbetaU,F16,K33,DbetaU,0,TRAIN,13,377256
campaign3_gate2_v1:F16:K33:1:D00,F16,K33,D00,1,TRAIN,7,377286
campaign3_gate2_v1:F16:K33:1:D01,F16,K33,D01,1,TRAIN,20,377371
campaign3_gate2_v1:F16:K33:1:D10,F16,K33,D10,1,TRAIN,10,377325
campaign3_gate2_v1:F16:K33:1:D11,F16,K33,D11,1,TRAIN,4,377391
campaign3_gate2_v1:F16:K33:1:DbetaU,F16,K33,DbetaU,1,TRAIN,11,377434
campaign3_gate2_v1:F16:K33:2:D00,F16,K33,D00,2,TRAIN,18,377477
campaign3_gate2_v1:F16:K33:2:D01,F16,K33,D01,2,TRAIN,23,377554
campaign3_gate2_v1:F16:K33:2:D10,F16,K33,D10,2,TRAIN,6,377501
campaign3_gate2_v1:F16:K33:2:D11,F16,K33,D11,2,TRAIN,16,377583
campaign3_gate2_v1:F16:K33:2:DbetaU,F16,K33,DbetaU,2,TRAIN,22,377625
campaign3_gate2_v1:F16:K33:3:D00,F16,K33,D00,3,VALIDATION,7,377646
campaign3_gate2_v1:F16:K33:3:D01,F16,K33,D01,3,VALIDATION,9,377720
campaign3_gate2_v1:F16:K33:3:D10,F16,K33,D10,3,VALIDATION,13,377688
campaign3_gate2_v1:F16:K33:3:D11,F16,K33,D11,3,VALIDATION,4,377751
campaign3_gate2_v1:F16:K33:3:DbetaU,F16,K33,DbetaU,3,VALIDATION,19,377802
campaign3_gate2_v1:F16:K33:4:D00,F16,K33,D00,4,DEVELOPMENT_TEST,9,377828
campaign3_gate2_v1:F16:K33:4:D01,F16,K33,D01,4,DEVELOPMENT_TEST,19,377910
campaign3_gate2_v1:F16:K33:4:D10,F16,K33,D10,4,DEVELOPMENT_TEST,25,377880
campaign3_gate2_v1:F16:K33:4:D11,F16,K33,D11,4,DEVELOPMENT_TEST,19,377946
campaign3_gate2_v1:F16:K33:4:DbetaU,F16,K33,DbetaU,4,DEVELOPMENT_TEST,29,377992
campaign3_gate2_v1:G00:K01:0:D00,G00,K01,D00,0,TRAIN,13,12
campaign3_gate2_v1:G00:K01:0:D01,G00,K01,D01,0,TRAIN,1,72
campaign3_gate2_v1:G00:K01:0:D10,G00,K01,D10,0,TRAIN,3,38
campaign3_gate2_v1:G00:K01:0:D11,G00,K01,D11,0,TRAIN,13,120
campaign3_gate2_v1:G00:K01:0:DbetaU,G00,K01,DbetaU,0,TRAIN,32,175
campaign3_gate2_v1:G00:K01:1:D00,G00,K01,D00,1,TRAIN,13,192
campaign3_gate2_v1:G00:K01:1:D01,G00,K01,D01,1,TRAIN,36,287
campaign3_gate2_v1:G00:K01:1:D10,G00,K01,D10,1,TRAIN,20,235
campaign3_gate2_v1:G00:K01:1:D11,G00,K01,D11,1,TRAIN,15,302
campaign3_gate2_v1:G00:K01:1:DbetaU,G00,K01,DbetaU,1,TRAIN,11,334
campaign3_gate2_v1:G00:K01:2:D00,G00,K01,D00,2,TRAIN,28,387
campaign3_gate2_v1:G00:K01:2:D01,G00,K01,D01,2,TRAIN,3,434
campaign3_gate2_v1:G00:K01:2:D10,G00,K01,D10,2,TRAIN,31,426
campaign3_gate2_v1:G00:K01:2:D11,G00,K01,D11,2,TRAIN,6,473
campaign3_gate2_v1:G00:K01:2:DbetaU,G00,K01,DbetaU,2,TRAIN,32,535
campaign3_gate2_v1:G00:K01:3:D00,G00,K01,D00,3,VALIDATION,6,545
campaign3_gate2_v1:G00:K01:3:D01,G00,K01,D01,3,VALIDATION,6,617
campaign3_gate2_v1:G00:K01:3:D10,G00,K01,D10,3,VALIDATION,8,583
campaign3_gate2_v1:G00:K01:3:D11,G00,K01,D11,3,VALIDATION,27,674
campaign3_gate2_v1:G00:K01:3:DbetaU,G00,K01,DbetaU,3,VALIDATION,23,706
campaign3_gate2_v1:G00:K01:4:D00,G00,K01,D00,4,DEVELOPMENT_TEST,28,747
campaign3_gate2_v1:G00:K01:4:D01,G00,K01,D01,4,DEVELOPMENT_TEST,36,827
campaign3_gate2_v1:G00:K01:4:D10,G00,K01,D10,4,DEVELOPMENT_TEST,31,786
campaign3_gate2_v1:G00:K01:4:D11,G00,K01,D11,4,DEVELOPMENT_TEST,32,859
campaign3_gate2_v1:G00:K01:4:DbetaU,G00,K01,DbetaU,4,DEVELOPMENT_TEST,26,889
campaign3_gate2_v1:G00:K02:0:D00,G00,K02,D00,0,TRAIN,2,901
campaign3_gate2_v1:G00:K02:0:D01,G00,K02,D01,0,TRAIN,5,976
campaign3_gate2_v1:G00:K02:0:D10,G00,K02,D10,0,TRAIN,14,949
campaign3_gate2_v1:G00:K02:0:D11,G00,K02,D11,0,TRAIN,6,1013
campaign3_gate2_v1:G00:K02:0:DbetaU,G00,K02,DbetaU,0,TRAIN,30,1073
campaign3_gate2_v1:G00:K02:1:D00,G00,K02,D00,1,TRAIN,32,1111
campaign3_gate2_v1:G00:K02:1:D01,G00,K02,D01,1,TRAIN,24,1175
campaign3_gate2_v1:G00:K02:1:D10,G00,K02,D10,1,TRAIN,13,1128
campaign3_gate2_v1:G00:K02:1:D11,G00,K02,D11,1,TRAIN,22,1209
campaign3_gate2_v1:G00:K02:1:DbetaU,G00,K02,DbetaU,1,TRAIN,23,1246
campaign3_gate2_v1:G00:K02:2:D00,G00,K02,D00,2,TRAIN,16,1275
campaign3_gate2_v1:G00:K02:2:D01,G00,K02,D01,2,TRAIN,29,1360
campaign3_gate2_v1:G00:K02:2:D10,G00,K02,D10,2,TRAIN,18,1313
campaign3_gate2_v1:G00:K02:2:D11,G00,K02,D11,2,TRAIN,34,1401
campaign3_gate2_v1:G00:K02:2:DbetaU,G00,K02,DbetaU,2,TRAIN,24,1427
campaign3_gate2_v1:G00:K02:3:D00,G00,K02,D00,3,VALIDATION,20,1459
campaign3_gate2_v1:G00:K02:3:D01,G00,K02,D01,3,VALIDATION,17,1528
campaign3_gate2_v1:G00:K02:3:D10,G00,K02,D10,3,VALIDATION,35,1510
campaign3_gate2_v1:G00:K02:3:D11,G00,K02,D11,3,VALIDATION,6,1553
campaign3_gate2_v1:G00:K02:3:DbetaU,G00,K02,DbetaU,3,VALIDATION,31,1614
campaign3_gate2_v1:G00:K02:4:D00,G00,K02,D00,4,DEVELOPMENT_TEST,16,1635
campaign3_gate2_v1:G00:K02:4:D01,G00,K02,D01,4,DEVELOPMENT_TEST,29,1720
campaign3_gate2_v1:G00:K02:4:D10,G00,K02,D10,4,DEVELOPMENT_TEST,31,1686
campaign3_gate2_v1:G00:K02:4:D11,G00,K02,D11,4,DEVELOPMENT_TEST,12,1739
campaign3_gate2_v1:G00:K02:4:DbetaU,G00,K02,DbetaU,4,DEVELOPMENT_TEST,10,1773
campaign3_gate2_v1:G00:K03:0:D00,G00,K03,D00,0,TRAIN,20,1819
campaign3_gate2_v1:G00:K03:0:D01,G00,K03,D01,0,TRAIN,17,1888
campaign3_gate2_v1:G00:K03:0:D10,G00,K03,D10,0,TRAIN,12,1847
campaign3_gate2_v1:G00:K03:0:D11,G00,K03,D11,0,TRAIN,21,1928
campaign3_gate2_v1:G00:K03:0:DbetaU,G00,K03,DbetaU,0,TRAIN,19,1962
campaign3_gate2_v1:G00:K03:1:D00,G00,K03,D00,1,TRAIN,25,2004
campaign3_gate2_v1:G00:K03:1:D01,G00,K03,D01,1,TRAIN,14,2065
campaign3_gate2_v1:G00:K03:1:D10,G00,K03,D10,1,TRAIN,8,2023
campaign3_gate2_v1:G00:K03:1:D11,G00,K03,D11,1,TRAIN,15,2102
campaign3_gate2_v1:G00:K03:1:DbetaU,G00,K03,DbetaU,1,TRAIN,15,2138
campaign3_gate2_v1:G00:K03:2:D00,G00,K03,D00,2,TRAIN,8,2167
campaign3_gate2_v1:G00:K03:2:D01,G00,K03,D01,2,TRAIN,22,2253
campaign3_gate2_v1:G00:K03:2:D10,G00,K03,D10,2,TRAIN,17,2212
campaign3_gate2_v1:G00:K03:2:D11,G00,K03,D11,2,TRAIN,22,2289
campaign3_gate2_v1:G00:K03:2:DbetaU,G00,K03,DbetaU,2,TRAIN,29,2332
campaign3_gate2_v1:G00:K03:3:D00,G00,K03,D00,3,VALIDATION,28,2367
campaign3_gate2_v1:G00:K03:3:D01,G00,K03,D01,3,VALIDATION,36,2447
campaign3_gate2_v1:G00:K03:3:D10,G00,K03,D10,3,VALIDATION,8,2383
campaign3_gate2_v1:G00:K03:3:D11,G00,K03,D11,3,VALIDATION,6,2453
campaign3_gate2_v1:G00:K03:3:DbetaU,G00,K03,DbetaU,3,VALIDATION,32,2515
campaign3_gate2_v1:G00:K03:4:D00,G00,K03,D00,4,DEVELOPMENT_TEST,33,2552
campaign3_gate2_v1:G00:K03:4:D01,G00,K03,D01,4,DEVELOPMENT_TEST,22,2613
campaign3_gate2_v1:G00:K03:4:D10,G00,K03,D10,4,DEVELOPMENT_TEST,9,2564
campaign3_gate2_v1:G00:K03:4:D11,G00,K03,D11,4,DEVELOPMENT_TEST,11,2638
campaign3_gate2_v1:G00:K03:4:DbetaU,G00,K03,DbetaU,4,DEVELOPMENT_TEST,24,2687
campaign3_gate2_v1:G00:K05:0:D00,G00,K05,D00,0,TRAIN,19,2718
campaign3_gate2_v1:G00:K05:0:D01,G00,K05,D01,0,TRAIN,12,2783
campaign3_gate2_v1:G00:K05:0:D10,G00,K05,D10,0,TRAIN,29,2764
campaign3_gate2_v1:G00:K05:0:D11,G00,K05,D11,0,TRAIN,27,2834
campaign3_gate2_v1:G00:K05:0:DbetaU,G00,K05,DbetaU,0,TRAIN,28,2871
campaign3_gate2_v1:G00:K05:1:D00,G00,K05,D00,1,TRAIN,18,2897
campaign3_gate2_v1:G00:K05:1:D01,G00,K05,D01,1,TRAIN,29,2980
campaign3_gate2_v1:G00:K05:1:D10,G00,K05,D10,1,TRAIN,32,2947
campaign3_gate2_v1:G00:K05:1:D11,G00,K05,D11,1,TRAIN,15,3002
campaign3_gate2_v1:G00:K05:1:DbetaU,G00,K05,DbetaU,1,TRAIN,24,3047
campaign3_gate2_v1:G00:K05:2:D00,G00,K05,D00,2,TRAIN,30,3089
campaign3_gate2_v1:G00:K05:2:D01,G00,K05,D01,2,TRAIN,13,3144
campaign3_gate2_v1:G00:K05:2:D10,G00,K05,D10,2,TRAIN,36,3131
campaign3_gate2_v1:G00:K05:2:D11,G00,K05,D11,2,TRAIN,18,3185
campaign3_gate2_v1:G00:K05:2:DbetaU,G00,K05,DbetaU,2,TRAIN,21,3224
campaign3_gate2_v1:G00:K05:3:D00,G00,K05,D00,3,VALIDATION,34,3273
campaign3_gate2_v1:G00:K05:3:D01,G00,K05,D01,3,VALIDATION,3,3314
campaign3_gate2_v1:G00:K05:3:D10,G00,K05,D10,3,VALIDATION,3,3278
campaign3_gate2_v1:G00:K05:3:D11,G00,K05,D11,3,VALIDATION,9,3356
campaign3_gate2_v1:G00:K05:3:DbetaU,G00,K05,DbetaU,3,VALIDATION,22,3405
campaign3_gate2_v1:G00:K05:4:D00,G00,K05,D00,4,DEVELOPMENT_TEST,13,3432
campaign3_gate2_v1:G00:K05:4:D01,G00,K05,D01,4,DEVELOPMENT_TEST,13,3504
campaign3_gate2_v1:G00:K05:4:D10,G00,K05,D10,4,DEVELOPMENT_TEST,20,3475
campaign3_gate2_v1:G00:K05:4:D11,G00,K05,D11,4,DEVELOPMENT_TEST,21,3548
campaign3_gate2_v1:G00:K05:4:DbetaU,G00,K05,DbetaU,4,DEVELOPMENT_TEST,34,3597
campaign3_gate2_v1:G00:K06:0:D00,G00,K06,D00,0,TRAIN,2,3601
campaign3_gate2_v1:G00:K06:0:D01,G00,K06,D01,0,TRAIN,36,3707
campaign3_gate2_v1:G00:K06:0:D10,G00,K06,D10,0,TRAIN,29,3664
campaign3_gate2_v1:G00:K06:0:D11,G00,K06,D11,0,TRAIN,19,3726
campaign3_gate2_v1:G00:K06:0:DbetaU,G00,K06,DbetaU,0,TRAIN,12,3755
campaign3_gate2_v1:G00:K06:1:D00,G00,K06,D00,1,TRAIN,22,3801
campaign3_gate2_v1:G00:K06:1:D01,G00,K06,D01,1,TRAIN,15,3866
campaign3_gate2_v1:G00:K06:1:D10,G00,K06,D10,1,TRAIN,7,3822
campaign3_gate2_v1:G00:K06:1:D11,G00,K06,D11,1,TRAIN,26,3913
campaign3_gate2_v1:G00:K06:1:DbetaU,G00,K06,DbetaU,1,TRAIN,35,3958
campaign3_gate2_v1:G00:K06:2:D00,G00,K06,D00,2,TRAIN,20,3979
campaign3_gate2_v1:G00:K06:2:D01,G00,K06,D01,2,TRAIN,18,4049
campaign3_gate2_v1:G00:K06:2:D10,G00,K06,D10,2,TRAIN,26,4021
campaign3_gate2_v1:G00:K06:2:D11,G00,K06,D11,2,TRAIN,17,4084
campaign3_gate2_v1:G00:K06:2:DbetaU,G00,K06,DbetaU,2,TRAIN,17,4120
campaign3_gate2_v1:G00:K06:3:D00,G00,K06,D00,3,VALIDATION,36,4175
campaign3_gate2_v1:G00:K06:3:D01,G00,K06,D01,3,VALIDATION,36,4247
campaign3_gate2_v1:G00:K06:3:D10,G00,K06,D10,3,VALIDATION,18,4193
campaign3_gate2_v1:G00:K06:3:D11,G00,K06,D11,3,VALIDATION,16,4263
campaign3_gate2_v1:G00:K06:3:DbetaU,G00,K06,DbetaU,3,VALIDATION,32,4315
campaign3_gate2_v1:G00:K06:4:D00,G00,K06,D00,4,DEVELOPMENT_TEST,1,4320
campaign3_gate2_v1:G00:K06:4:D01,G00,K06,D01,4,DEVELOPMENT_TEST,29,4420
campaign3_gate2_v1:G00:K06:4:D10,G00,K06,D10,4,DEVELOPMENT_TEST,30,4385
campaign3_gate2_v1:G00:K06:4:D11,G00,K06,D11,4,DEVELOPMENT_TEST,7,4434
campaign3_gate2_v1:G00:K06:4:DbetaU,G00,K06,DbetaU,4,DEVELOPMENT_TEST,15,4478
campaign3_gate2_v1:G00:K07:0:D00,G00,K07,D00,0,TRAIN,35,4534
campaign3_gate2_v1:G00:K07:0:D01,G00,K07,D01,0,TRAIN,23,4594
campaign3_gate2_v1:G00:K07:0:D10,G00,K07,D10,0,TRAIN,35,4570
campaign3_gate2_v1:G00:K07:0:D11,G00,K07,D11,0,TRAIN,16,4623
campaign3_gate2_v1:G00:K07:0:DbetaU,G00,K07,DbetaU,0,TRAIN,5,4648
campaign3_gate2_v1:G00:K07:1:D00,G00,K07,D00,1,TRAIN,36,4715
campaign3_gate2_v1:G00:K07:1:D01,G00,K07,D01,1,TRAIN,18,4769
campaign3_gate2_v1:G00:K07:1:D10,G00,K07,D10,1,TRAIN,3,4718
campaign3_gate2_v1:G00:K07:1:D11,G00,K07,D11,1,TRAIN,8,4795
campaign3_gate2_v1:G00:K07:1:DbetaU,G00,K07,DbetaU,1,TRAIN,6,4829
campaign3_gate2_v1:G00:K07:2:D00,G00,K07,D00,2,TRAIN,23,4882
campaign3_gate2_v1:G00:K07:2:D01,G00,K07,D01,2,TRAIN,23,4954
campaign3_gate2_v1:G00:K07:2:D10,G00,K07,D10,2,TRAIN,18,4913
campaign3_gate2_v1:G00:K07:2:D11,G00,K07,D11,2,TRAIN,9,4976
campaign3_gate2_v1:G00:K07:2:DbetaU,G00,K07,DbetaU,2,TRAIN,23,5026
campaign3_gate2_v1:G00:K07:3:D00,G00,K07,D00,3,VALIDATION,18,5057
campaign3_gate2_v1:G00:K07:3:D01,G00,K07,D01,3,VALIDATION,29,5140
campaign3_gate2_v1:G00:K07:3:D10,G00,K07,D10,3,VALIDATION,29,5104
campaign3_gate2_v1:G00:K07:3:D11,G00,K07,D11,3,VALIDATION,35,5182
campaign3_gate2_v1:G00:K07:3:DbetaU,G00,K07,DbetaU,3,VALIDATION,9,5192
campaign3_gate2_v1:G00:K07:4:D00,G00,K07,D00,4,DEVELOPMENT_TEST,23,5242
campaign3_gate2_v1:G00:K07:4:D01,G00,K07,D01,4,DEVELOPMENT_TEST,21,5312
campaign3_gate2_v1:G00:K07:4:D10,G00,K07,D10,4,DEVELOPMENT_TEST,22,5277
campaign3_gate2_v1:G00:K07:4:D11,G00,K07,D11,4,DEVELOPMENT_TEST,25,5352
campaign3_gate2_v1:G00:K07:4:DbetaU,G00,K07,DbetaU,4,DEVELOPMENT_TEST,33,5396
campaign3_gate2_v1:G00:K10:0:D00,G00,K10,D00,0,TRAIN,14,5413
campaign3_gate2_v1:G00:K10:0:D01,G00,K10,D01,0,TRAIN,13,5484
campaign3_gate2_v1:G00:K10:0:D10,G00,K10,D10,0,TRAIN,13,5448
campaign3_gate2_v1:G00:K10:0:D11,G00,K10,D11,0,TRAIN,9,5516
campaign3_gate2_v1:G00:K10:0:DbetaU,G00,K10,DbetaU,0,TRAIN,35,5578
campaign3_gate2_v1:G00:K10:1:D00,G00,K10,D00,1,TRAIN,24,5603
campaign3_gate2_v1:G00:K10:1:D01,G00,K10,D01,1,TRAIN,10,5661
campaign3_gate2_v1:G00:K10:1:D10,G00,K10,D10,1,TRAIN,8,5623
campaign3_gate2_v1:G00:K10:1:D11,G00,K10,D11,1,TRAIN,25,5712
campaign3_gate2_v1:G00:K10:1:DbetaU,G00,K10,DbetaU,1,TRAIN,25,5748
campaign3_gate2_v1:G00:K10:2:D00,G00,K10,D00,2,TRAIN,9,5768
campaign3_gate2_v1:G00:K10:2:D01,G00,K10,D01,2,TRAIN,25,5856
campaign3_gate2_v1:G00:K10:2:D10,G00,K10,D10,2,TRAIN,12,5807
campaign3_gate2_v1:G00:K10:2:D11,G00,K10,D11,2,TRAIN,31,5898
campaign3_gate2_v1:G00:K10:2:DbetaU,G00,K10,DbetaU,2,TRAIN,35,5938
campaign3_gate2_v1:G00:K10:3:D00,G00,K10,D00,3,VALIDATION,6,5945
campaign3_gate2_v1:G00:K10:3:D01,G00,K10,D01,3,VALIDATION,6,6017
campaign3_gate2_v1:G00:K10:3:D10,G00,K10,D10,3,VALIDATION,16,5991
campaign3_gate2_v1:G00:K10:3:D11,G00,K10,D11,3,VALIDATION,7,6054
campaign3_gate2_v1:G00:K10:3:DbetaU,G00,K10,DbetaU,3,VALIDATION,2,6085
campaign3_gate2_v1:G00:K10:4:D00,G00,K10,D00,4,DEVELOPMENT_TEST,14,6133
campaign3_gate2_v1:G00:K10:4:D01,G00,K10,D01,4,DEVELOPMENT_TEST,20,6211
campaign3_gate2_v1:G00:K10:4:D10,G00,K10,D10,4,DEVELOPMENT_TEST,17,6172
campaign3_gate2_v1:G00:K10:4:D11,G00,K10,D11,4,DEVELOPMENT_TEST,14,6241
campaign3_gate2_v1:G00:K10:4:DbetaU,G00,K10,DbetaU,4,DEVELOPMENT_TEST,9,6272
campaign3_gate2_v1:G00:K11:0:D00,G00,K11,D00,0,TRAIN,18,6317
campaign3_gate2_v1:G00:K11:0:D01,G00,K11,D01,0,TRAIN,31,6402
campaign3_gate2_v1:G00:K11:0:D10,G00,K11,D10,0,TRAIN,9,6344
campaign3_gate2_v1:G00:K11:0:D11,G00,K11,D11,0,TRAIN,6,6413
campaign3_gate2_v1:G00:K11:0:DbetaU,G00,K11,DbetaU,0,TRAIN,18,6461
campaign3_gate2_v1:G00:K11:1:D00,G00,K11,D00,1,TRAIN,2,6481
campaign3_gate2_v1:G00:K11:1:D01,G00,K11,D01,1,TRAIN,30,6581
campaign3_gate2_v1:G00:K11:1:D10,G00,K11,D10,1,TRAIN,32,6547
campaign3_gate2_v1:G00:K11:1:D11,G00,K11,D11,1,TRAIN,10,6597
campaign3_gate2_v1:G00:K11:1:DbetaU,G00,K11,DbetaU,1,TRAIN,24,6647
campaign3_gate2_v1:G00:K11:2:D00,G00,K11,D00,2,TRAIN,27,6686
campaign3_gate2_v1:G00:K11:2:D01,G00,K11,D01,2,TRAIN,16,6747
campaign3_gate2_v1:G00:K11:2:D10,G00,K11,D10,2,TRAIN,6,6701
campaign3_gate2_v1:G00:K11:2:D11,G00,K11,D11,2,TRAIN,11,6778
campaign3_gate2_v1:G00:K11:2:DbetaU,G00,K11,DbetaU,2,TRAIN,32,6835
campaign3_gate2_v1:G00:K11:3:D00,G00,K11,D00,3,VALIDATION,15,6854
campaign3_gate2_v1:G00:K11:3:D01,G00,K11,D01,3,VALIDATION,29,6940
campaign3_gate2_v1:G00:K11:3:D10,G00,K11,D10,3,VALIDATION,29,6904
campaign3_gate2_v1:G00:K11:3:D11,G00,K11,D11,3,VALIDATION,35,6982
campaign3_gate2_v1:G00:K11:3:DbetaU,G00,K11,DbetaU,3,VALIDATION,30,7013
campaign3_gate2_v1:G00:K11:4:D00,G00,K11,D00,4,DEVELOPMENT_TEST,13,7032
campaign3_gate2_v1:G00:K11:4:D01,G00,K11,D01,4,DEVELOPMENT_TEST,23,7114
campaign3_gate2_v1:G00:K11:4:D10,G00,K11,D10,4,DEVELOPMENT_TEST,8,7063
campaign3_gate2_v1:G00:K11:4:D11,G00,K11,D11,4,DEVELOPMENT_TEST,21,7148
campaign3_gate2_v1:G00:K11:4:DbetaU,G00,K11,DbetaU,4,DEVELOPMENT_TEST,8,7171
campaign3_gate2_v1:G00:K13:0:D00,G00,K13,D00,0,TRAIN,33,7232
campaign3_gate2_v1:G00:K13:0:D01,G00,K13,D01,0,TRAIN,35,7306
campaign3_gate2_v1:G00:K13:0:D10,G00,K13,D10,0,TRAIN,17,7252
campaign3_gate2_v1:G00:K13:0:D11,G00,K13,D11,0,TRAIN,2,7309
campaign3_gate2_v1:G00:K13:0:DbetaU,G00,K13,DbetaU,0,TRAIN,1,7344
campaign3_gate2_v1:G00:K13:1:D00,G00,K13,D00,1,TRAIN,21,7400
campaign3_gate2_v1:G00:K13:1:D01,G00,K13,D01,1,TRAIN,10,7461
campaign3_gate2_v1:G00:K13:1:D10,G00,K13,D10,1,TRAIN,13,7428
campaign3_gate2_v1:G00:K13:1:D11,G00,K13,D11,1,TRAIN,36,7523
campaign3_gate2_v1:G00:K13:1:DbetaU,G00,K13,DbetaU,1,TRAIN,4,7527
campaign3_gate2_v1:G00:K13:2:D00,G00,K13,D00,2,TRAIN,1,7560
campaign3_gate2_v1:G00:K13:2:D01,G00,K13,D01,2,TRAIN,20,7651
campaign3_gate2_v1:G00:K13:2:D10,G00,K13,D10,2,TRAIN,21,7616
campaign3_gate2_v1:G00:K13:2:D11,G00,K13,D11,2,TRAIN,28,7695
campaign3_gate2_v1:G00:K13:2:DbetaU,G00,K13,DbetaU,2,TRAIN,20,7723
campaign3_gate2_v1:G00:K13:3:D00,G00,K13,D00,3,VALIDATION,19,7758
campaign3_gate2_v1:G00:K13:3:D01,G00,K13,D01,3,VALIDATION,15,7826
campaign3_gate2_v1:G00:K13:3:D10,G00,K13,D10,3,VALIDATION,1,7776
campaign3_gate2_v1:G00:K13:3:D11,G00,K13,D11,3,VALIDATION,29,7876
campaign3_gate2_v1:G00:K13:3:DbetaU,G00,K13,DbetaU,3,VALIDATION,25,7908
campaign3_gate2_v1:G00:K13:4:D00,G00,K13,D00,4,DEVELOPMENT_TEST,22,7941
campaign3_gate2_v1:G00:K13:4:D01,G00,K13,D01,4,DEVELOPMENT_TEST,30,8021
campaign3_gate2_v1:G00:K13:4:D10,G00,K13,D10,4,DEVELOPMENT_TEST,19,7974
campaign3_gate2_v1:G00:K13:4:D11,G00,K13,D11,4,DEVELOPMENT_TEST,8,8035
campaign3_gate2_v1:G00:K13:4:DbetaU,G00,K13,DbetaU,4,DEVELOPMENT_TEST,32,8095
campaign3_gate2_v1:G00:K15:0:D00,G00,K15,D00,0,TRAIN,36,8135
campaign3_gate2_v1:G00:K15:0:D01,G00,K15,D01,0,TRAIN,35,8206
campaign3_gate2_v1:G00:K15:0:D10,G00,K15,D10,0,TRAIN,11,8146
campaign3_gate2_v1:G00:K15:0:D11,G00,K15,D11,0,TRAIN,20,8227
campaign3_gate2_v1:G00:K15:0:DbetaU,G00,K15,DbetaU,0,TRAIN,11,8254
campaign3_gate2_v1:G00:K15:1:D00,G00,K15,D00,1,TRAIN,10,8289
campaign3_gate2_v1:G00:K15:1:D01,G00,K15,D01,1,TRAIN,17,8368
campaign3_gate2_v1:G00:K15:1:D10,G00,K15,D10,1,TRAIN,25,8340
campaign3_gate2_v1:G00:K15:1:D11,G00,K15,D11,1,TRAIN,32,8419
campaign3_gate2_v1:G00:K15:1:DbetaU,G00,K15,DbetaU,1,TRAIN,20,8443
campaign3_gate2_v1:G00:K15:2:D00,G00,K15,D00,2,TRAIN,16,8475
campaign3_gate2_v1:G00:K15:2:D01,G00,K15,D01,2,TRAIN,25,8556
campaign3_gate2_v1:G00:K15:2:D10,G00,K15,D10,2,TRAIN,23,8518
campaign3_gate2_v1:G00:K15:2:D11,G00,K15,D11,2,TRAIN,34,8601
campaign3_gate2_v1:G00:K15:2:DbetaU,G00,K15,DbetaU,2,TRAIN,27,8630
campaign3_gate2_v1:G00:K15:3:D00,G00,K15,D00,3,VALIDATION,24,8663
campaign3_gate2_v1:G00:K15:3:D01,G00,K15,D01,3,VALIDATION,35,8746
campaign3_gate2_v1:G00:K15:3:D10,G00,K15,D10,3,VALIDATION,24,8699
campaign3_gate2_v1:G00:K15:3:D11,G00,K15,D11,3,VALIDATION,20,8767
campaign3_gate2_v1:G00:K15:3:DbetaU,G00,K15,DbetaU,3,VALIDATION,23,8806
campaign3_gate2_v1:G00:K15:4:D00,G00,K15,D00,4,DEVELOPMENT_TEST,11,8830
campaign3_gate2_v1:G00:K15:4:D01,G00,K15,D01,4,DEVELOPMENT_TEST,9,8900
campaign3_gate2_v1:G00:K15:4:D10,G00,K15,D10,4,DEVELOPMENT_TEST,34,8889
campaign3_gate2_v1:G00:K15:4:D11,G00,K15,D11,4,DEVELOPMENT_TEST,1,8928
campaign3_gate2_v1:G00:K15:4:DbetaU,G00,K15,DbetaU,4,DEVELOPMENT_TEST,29,8992
campaign3_gate2_v1:G00:K16:0:D00,G00,K16,D00,0,TRAIN,27,9026
campaign3_gate2_v1:G00:K16:0:D01,G00,K16,D01,0,TRAIN,34,9105
campaign3_gate2_v1:G00:K16:0:D10,G00,K16,D10,0,TRAIN,31,9066
campaign3_gate2_v1:G00:K16:0:D11,G00,K16,D11,0,TRAIN,36,9143
campaign3_gate2_v1:G00:K16:0:DbetaU,G00,K16,DbetaU,0,TRAIN,35,9178
campaign3_gate2_v1:G00:K16:1:D00,G00,K16,D00,1,TRAIN,14,9193
campaign3_gate2_v1:G00:K16:1:D01,G00,K16,D01,1,TRAIN,35,9286
campaign3_gate2_v1:G00:K16:1:D10,G00,K16,D10,1,TRAIN,25,9240
campaign3_gate2_v1:G00:K16:1:D11,G00,K16,D11,1,TRAIN,32,9319
campaign3_gate2_v1:G00:K16:1:DbetaU,G00,K16,DbetaU,1,TRAIN,31,9354
campaign3_gate2_v1:G00:K16:2:D00,G00,K16,D00,2,TRAIN,9,9368
campaign3_gate2_v1:G00:K16:2:D01,G00,K16,D01,2,TRAIN,29,9460
campaign3_gate2_v1:G00:K16:2:D10,G00,K16,D10,2,TRAIN,10,9405
campaign3_gate2_v1:G00:K16:2:D11,G00,K16,D11,2,TRAIN,36,9503
campaign3_gate2_v1:G00:K16:2:DbetaU,G00,K16,DbetaU,2,TRAIN,7,9510
campaign3_gate2_v1:G00:K16:3:D00,G00,K16,D00,3,VALIDATION,33,9572
campaign3_gate2_v1:G00:K16:3:D01,G00,K16,D01,3,VALIDATION,18,9629
campaign3_gate2_v1:G00:K16:3:D10,G00,K16,D10,3,VALIDATION,17,9592
campaign3_gate2_v1:G00:K16:3:D11,G00,K16,D11,3,VALIDATION,11,9658
campaign3_gate2_v1:G00:K16:3:DbetaU,G00,K16,DbetaU,3,VALIDATION,11,9694
campaign3_gate2_v1:G00:K16:4:D00,G00,K16,D00,4,DEVELOPMENT_TEST,35,9754
campaign3_gate2_v1:G00:K16:4:D01,G00,K16,D01,4,DEVELOPMENT_TEST,6,9797
campaign3_gate2_v1:G00:K16:4:D10,G00,K16,D10,4,DEVELOPMENT_TEST,33,9788
campaign3_gate2_v1:G00:K16:4:D11,G00,K16,D11,4,DEVELOPMENT_TEST,18,9845
campaign3_gate2_v1:G00:K16:4:DbetaU,G00,K16,DbetaU,4,DEVELOPMENT_TEST,36,9899
campaign3_gate2_v1:G00:K17:0:D00,G00,K17,D00,0,TRAIN,15,9914
campaign3_gate2_v1:G00:K17:0:D01,G00,K17,D01,0,TRAIN,30,10001
campaign3_gate2_v1:G00:K17:0:D10,G00,K17,D10,0,TRAIN,24,9959
campaign3_gate2_v1:G00:K17:0:D11,G00,K17,D11,0,TRAIN,10,10017
campaign3_gate2_v1:G00:K17:0:DbetaU,G00,K17,DbetaU,0,TRAIN,28,10071
campaign3_gate2_v1:G00:K17:1:D00,G00,K17,D00,1,TRAIN,16,10095
campaign3_gate2_v1:G00:K17:1:D01,G00,K17,D01,1,TRAIN,33,10184
campaign3_gate2_v1:G00:K17:1:D10,G00,K17,D10,1,TRAIN,13,10128
campaign3_gate2_v1:G00:K17:1:D11,G00,K17,D11,1,TRAIN,31,10218
campaign3_gate2_v1:G00:K17:1:DbetaU,G00,K17,DbetaU,1,TRAIN,8,10231
campaign3_gate2_v1:G00:K17:2:D00,G00,K17,D00,2,TRAIN,7,10266
campaign3_gate2_v1:G00:K17:2:D01,G00,K17,D01,2,TRAIN,28,10359
campaign3_gate2_v1:G00:K17:2:D10,G00,K17,D10,2,TRAIN,15,10310
campaign3_gate2_v1:G00:K17:2:D11,G00,K17,D11,2,TRAIN,17,10384
campaign3_gate2_v1:G00:K17:2:DbetaU,G00,K17,DbetaU,2,TRAIN,12,10415
campaign3_gate2_v1:G00:K17:3:D00,G00,K17,D00,3,VALIDATION,24,10463
campaign3_gate2_v1:G00:K17:3:D01,G00,K17,D01,3,VALIDATION,31,10542
campaign3_gate2_v1:G00:K17:3:D10,G00,K17,D10,3,VALIDATION,3,10478
campaign3_gate2_v1:G00:K17:3:D11,G00,K17,D11,3,VALIDATION,3,10550
campaign3_gate2_v1:G00:K17:3:DbetaU,G00,K17,DbetaU,3,VALIDATION,13,10596
campaign3_gate2_v1:G00:K17:4:D00,G00,K17,D00,4,DEVELOPMENT_TEST,21,10640
campaign3_gate2_v1:G00:K17:4:D01,G00,K17,D01,4,DEVELOPMENT_TEST,14,10705
campaign3_gate2_v1:G00:K17:4:D10,G00,K17,D10,4,DEVELOPMENT_TEST,23,10678
campaign3_gate2_v1:G00:K17:4:D11,G00,K17,D11,4,DEVELOPMENT_TEST,34,10761
campaign3_gate2_v1:G00:K17:4:DbetaU,G00,K17,DbetaU,4,DEVELOPMENT_TEST,24,10787
campaign3_gate2_v1:G00:K20:0:D00,G00,K20,D00,0,TRAIN,33,10832
campaign3_gate2_v1:G00:K20:0:D01,G00,K20,D01,0,TRAIN,6,10877
campaign3_gate2_v1:G00:K20:0:D10,G00,K20,D10,0,TRAIN,29,10864
campaign3_gate2_v1:G00:K20:0:D11,G00,K20,D11,0,TRAIN,35,10942
campaign3_gate2_v1:G00:K20:0:DbetaU,G00,K20,DbetaU,0,TRAIN,21,10964
campaign3_gate2_v1:G00:K20:1:D00,G00,K20,D00,1,TRAIN,18,10997
campaign3_gate2_v1:G00:K20:1:D01,G00,K20,D01,1,TRAIN,7,11058
campaign3_gate2_v1:G00:K20:1:D10,G00,K20,D10,1,TRAIN,36,11051
campaign3_gate2_v1:G00:K20:1:D11,G00,K20,D11,1,TRAIN,17,11104
campaign3_gate2_v1:G00:K20:1:DbetaU,G00,K20,DbetaU,1,TRAIN,2,11125
campaign3_gate2_v1:G00:K20:2:D00,G00,K20,D00,2,TRAIN,9,11168
campaign3_gate2_v1:G00:K20:2:D01,G00,K20,D01,2,TRAIN,2,11233
campaign3_gate2_v1:G00:K20:2:D10,G00,K20,D10,2,TRAIN,6,11201
campaign3_gate2_v1:G00:K20:2:D11,G00,K20,D11,2,TRAIN,13,11280
campaign3_gate2_v1:G00:K20:2:DbetaU,G00,K20,DbetaU,2,TRAIN,19,11322
campaign3_gate2_v1:G00:K20:3:D00,G00,K20,D00,3,VALIDATION,31,11370
campaign3_gate2_v1:G00:K20:3:D01,G00,K20,D01,3,VALIDATION,29,11440
campaign3_gate2_v1:G00:K20:3:D10,G00,K20,D10,3,VALIDATION,5,11380
campaign3_gate2_v1:G00:K20:3:D11,G00,K20,D11,3,VALIDATION,16,11463
campaign3_gate2_v1:G00:K20:3:DbetaU,G00,K20,DbetaU,3,VALIDATION,5,11488
campaign3_gate2_v1:G00:K20:4:D00,G00,K20,D00,4,DEVELOPMENT_TEST,10,11529
campaign3_gate2_v1:G00:K20:4:D01,G00,K20,D01,4,DEVELOPMENT_TEST,11,11602
campaign3_gate2_v1:G00:K20:4:D10,G00,K20,D10,4,DEVELOPMENT_TEST,22,11577
campaign3_gate2_v1:G00:K20:4:D11,G00,K20,D11,4,DEVELOPMENT_TEST,24,11651
campaign3_gate2_v1:G00:K20:4:DbetaU,G00,K20,DbetaU,4,DEVELOPMENT_TEST,26,11689
campaign3_gate2_v1:G00:K21:0:D00,G00,K21,D00,0,TRAIN,11,11710
campaign3_gate2_v1:G00:K21:0:D01,G00,K21,D01,0,TRAIN,5,11776
campaign3_gate2_v1:G00:K21:0:D10,G00,K21,D10,0,TRAIN,15,11750
campaign3_gate2_v1:G00:K21:0:D11,G00,K21,D11,0,TRAIN,28,11835
campaign3_gate2_v1:G00:K21:0:DbetaU,G00,K21,DbetaU,0,TRAIN,16,11859
campaign3_gate2_v1:G00:K21:1:D00,G00,K21,D00,1,TRAIN,31,11910
campaign3_gate2_v1:G00:K21:1:D01,G00,K21,D01,1,TRAIN,16,11967
campaign3_gate2_v1:G00:K21:1:D10,G00,K21,D10,1,TRAIN,17,11932
campaign3_gate2_v1:G00:K21:1:D11,G00,K21,D11,1,TRAIN,12,11999
campaign3_gate2_v1:G00:K21:1:DbetaU,G00,K21,DbetaU,1,TRAIN,16,12039
campaign3_gate2_v1:G00:K21:2:D00,G00,K21,D00,2,TRAIN,7,12066
campaign3_gate2_v1:G00:K21:2:D01,G00,K21,D01,2,TRAIN,3,12134
campaign3_gate2_v1:G00:K21:2:D10,G00,K21,D10,2,TRAIN,5,12100
campaign3_gate2_v1:G00:K21:2:D11,G00,K21,D11,2,TRAIN,6,12173
campaign3_gate2_v1:G00:K21:2:DbetaU,G00,K21,DbetaU,2,TRAIN,14,12217
campaign3_gate2_v1:G00:K21:3:D00,G00,K21,D00,3,VALIDATION,1,12240
campaign3_gate2_v1:G00:K21:3:D01,G00,K21,D01,3,VALIDATION,8,12319
campaign3_gate2_v1:G00:K21:3:D10,G00,K21,D10,3,VALIDATION,17,12292
campaign3_gate2_v1:G00:K21:3:D11,G00,K21,D11,3,VALIDATION,9,12356
campaign3_gate2_v1:G00:K21:3:DbetaU,G00,K21,DbetaU,3,VALIDATION,28,12411
campaign3_gate2_v1:G00:K21:4:D00,G00,K21,D00,4,DEVELOPMENT_TEST,10,12429
campaign3_gate2_v1:G00:K21:4:D01,G00,K21,D01,4,DEVELOPMENT_TEST,30,12521
campaign3_gate2_v1:G00:K21:4:D10,G00,K21,D10,4,DEVELOPMENT_TEST,27,12482
campaign3_gate2_v1:G00:K21:4:D11,G00,K21,D11,4,DEVELOPMENT_TEST,19,12546
campaign3_gate2_v1:G00:K21:4:DbetaU,G00,K21,DbetaU,4,DEVELOPMENT_TEST,19,12582
campaign3_gate2_v1:G00:K23:0:D00,G00,K23,D00,0,TRAIN,11,12610
campaign3_gate2_v1:G00:K23:0:D01,G00,K23,D01,0,TRAIN,22,12693
campaign3_gate2_v1:G00:K23:0:D10,G00,K23,D10,0,TRAIN,31,12666
campaign3_gate2_v1:G00:K23:0:D11,G00,K23,D11,0,TRAIN,16,12723
campaign3_gate2_v1:G00:K23:0:DbetaU,G00,K23,DbetaU,0,TRAIN,36,12779
campaign3_gate2_v1:G00:K23:1:D00,G00,K23,D00,1,TRAIN,9,12788
campaign3_gate2_v1:G00:K23:1:D01,G00,K23,D01,1,TRAIN,35,12886
campaign3_gate2_v1:G00:K23:1:D10,G00,K23,D10,1,TRAIN,32,12847
campaign3_gate2_v1:G00:K23:1:D11,G00,K23,D11,1,TRAIN,32,12919
campaign3_gate2_v1:G00:K23:1:DbetaU,G00,K23,DbetaU,1,TRAIN,15,12938
campaign3_gate2_v1:G00:K23:2:D00,G00,K23,D00,2,TRAIN,36,12995
campaign3_gate2_v1:G00:K23:2:D01,G00,K23,D01,2,TRAIN,26,13057
campaign3_gate2_v1:G00:K23:2:D10,G00,K23,D10,2,TRAIN,29,13024
campaign3_gate2_v1:G00:K23:2:D11,G00,K23,D11,2,TRAIN,28,13095
campaign3_gate2_v1:G00:K23:2:DbetaU,G00,K23,DbetaU,2,TRAIN,24,13127
campaign3_gate2_v1:G00:K23:3:D00,G00,K23,D00,3,VALIDATION,26,13165
campaign3_gate2_v1:G00:K23:3:D01,G00,K23,D01,3,VALIDATION,16,13227
campaign3_gate2_v1:G00:K23:3:D10,G00,K23,D10,3,VALIDATION,16,13191
campaign3_gate2_v1:G00:K23:3:D11,G00,K23,D11,3,VALIDATION,16,13263
campaign3_gate2_v1:G00:K23:3:DbetaU,G00,K23,DbetaU,3,VALIDATION,9,13292
campaign3_gate2_v1:G00:K23:4:D00,G00,K23,D00,4,DEVELOPMENT_TEST,24,13343
campaign3_gate2_v1:G00:K23:4:D01,G00,K23,D01,4,DEVELOPMENT_TEST,3,13394
campaign3_gate2_v1:G00:K23:4:D10,G00,K23,D10,4,DEVELOPMENT_TEST,8,13363
campaign3_gate2_v1:G00:K23:4:D11,G00,K23,D11,4,DEVELOPMENT_TEST,16,13443
campaign3_gate2_v1:G00:K23:4:DbetaU,G00,K23,DbetaU,4,DEVELOPMENT_TEST,22,13485
campaign3_gate2_v1:G00:K25:0:D00,G00,K25,D00,0,TRAIN,26,13525
campaign3_gate2_v1:G00:K25:0:D01,G00,K25,D01,0,TRAIN,3,13574
campaign3_gate2_v1:G00:K25:0:D10,G00,K25,D10,0,TRAIN,14,13549
campaign3_gate2_v1:G00:K25:0:D11,G00,K25,D11,0,TRAIN,35,13642
campaign3_gate2_v1:G00:K25:0:DbetaU,G00,K25,DbetaU,0,TRAIN,29,13672
campaign3_gate2_v1:G00:K25:1:D00,G00,K25,D00,1,TRAIN,9,13688
campaign3_gate2_v1:G00:K25:1:D01,G00,K25,D01,1,TRAIN,19,13770
campaign3_gate2_v1:G00:K25:1:D10,G00,K25,D10,1,TRAIN,5,13720
campaign3_gate2_v1:G00:K25:1:D11,G00,K25,D11,1,TRAIN,23,13810
campaign3_gate2_v1:G00:K25:1:DbetaU,G00,K25,DbetaU,1,TRAIN,28,13851
campaign3_gate2_v1:G00:K25:2:D00,G00,K25,D00,2,TRAIN,7,13866
campaign3_gate2_v1:G00:K25:2:D01,G00,K25,D01,2,TRAIN,16,13947
campaign3_gate2_v1:G00:K25:2:D10,G00,K25,D10,2,TRAIN,36,13931
campaign3_gate2_v1:G00:K25:2:D11,G00,K25,D11,2,TRAIN,24,13991
campaign3_gate2_v1:G00:K25:2:DbetaU,G00,K25,DbetaU,2,TRAIN,33,14036
campaign3_gate2_v1:G00:K25:3:D00,G00,K25,D00,3,VALIDATION,32,14071
campaign3_gate2_v1:G00:K25:3:D01,G00,K25,D01,3,VALIDATION,3,14114
campaign3_gate2_v1:G00:K25:3:D10,G00,K25,D10,3,VALIDATION,16,14091
campaign3_gate2_v1:G00:K25:3:D11,G00,K25,D11,3,VALIDATION,33,14180
campaign3_gate2_v1:G00:K25:3:DbetaU,G00,K25,DbetaU,3,VALIDATION,5,14188
campaign3_gate2_v1:G00:K25:4:D00,G00,K25,D00,4,DEVELOPMENT_TEST,25,14244
campaign3_gate2_v1:G00:K25:4:D01,G00,K25,D01,4,DEVELOPMENT_TEST,30,14321
campaign3_gate2_v1:G00:K25:4:D10,G00,K25,D10,4,DEVELOPMENT_TEST,25,14280
campaign3_gate2_v1:G00:K25:4:D11,G00,K25,D11,4,DEVELOPMENT_TEST,32,14359
campaign3_gate2_v1:G00:K25:4:DbetaU,G00,K25,DbetaU,4,DEVELOPMENT_TEST,1,14364
campaign3_gate2_v1:G00:K26:0:D00,G00,K26,D00,0,TRAIN,29,14428
campaign3_gate2_v1:G00:K26:0:D01,G00,K26,D01,0,TRAIN,27,14498
campaign3_gate2_v1:G00:K26:0:D10,G00,K26,D10,0,TRAIN,33,14468
campaign3_gate2_v1:G00:K26:0:D11,G00,K26,D11,0,TRAIN,36,14543
campaign3_gate2_v1:G00:K26:0:DbetaU,G00,K26,DbetaU,0,TRAIN,23,14566
campaign3_gate2_v1:G00:K26:1:D00,G00,K26,D00,1,TRAIN,22,14601
campaign3_gate2_v1:G00:K26:1:D01,G00,K26,D01,1,TRAIN,15,14666
campaign3_gate2_v1:G00:K26:1:D10,G00,K26,D10,1,TRAIN,33,14648
campaign3_gate2_v1:G00:K26:1:D11,G00,K26,D11,1,TRAIN,22,14709
campaign3_gate2_v1:G00:K26:1:DbetaU,G00,K26,DbetaU,1,TRAIN,9,14732
campaign3_gate2_v1:G00:K26:2:D00,G00,K26,D00,2,TRAIN,11,14770
campaign3_gate2_v1:G00:K26:2:D01,G00,K26,D01,2,TRAIN,1,14832
campaign3_gate2_v1:G00:K26:2:D10,G00,K26,D10,2,TRAIN,35,14830
campaign3_gate2_v1:G00:K26:2:D11,G00,K26,D11,2,TRAIN,36,14903
campaign3_gate2_v1:G00:K26:2:DbetaU,G00,K26,DbetaU,2,TRAIN,27,14930
campaign3_gate2_v1:G00:K26:3:D00,G00,K26,D00,3,VALIDATION,31,14970
campaign3_gate2_v1:G00:K26:3:D01,G00,K26,D01,3,VALIDATION,27,15038
campaign3_gate2_v1:G00:K26:3:D10,G00,K26,D10,3,VALIDATION,32,15007
campaign3_gate2_v1:G00:K26:3:D11,G00,K26,D11,3,VALIDATION,17,15064
campaign3_gate2_v1:G00:K26:3:DbetaU,G00,K26,DbetaU,3,VALIDATION,7,15090
campaign3_gate2_v1:G00:K26:4:D00,G00,K26,D00,4,DEVELOPMENT_TEST,32,15151
campaign3_gate2_v1:G00:K26:4:D01,G00,K26,D01,4,DEVELOPMENT_TEST,15,15206
campaign3_gate2_v1:G00:K26:4:D10,G00,K26,D10,4,DEVELOPMENT_TEST,33,15188
campaign3_gate2_v1:G00:K26:4:D11,G00,K26,D11,4,DEVELOPMENT_TEST,29,15256
campaign3_gate2_v1:G00:K26:4:DbetaU,G00,K26,DbetaU,4,DEVELOPMENT_TEST,32,15295
campaign3_gate2_v1:G00:K27:0:D00,G00,K27,D00,0,TRAIN,18,15317
campaign3_gate2_v1:G00:K27:0:D01,G00,K27,D01,0,TRAIN,26,15397
campaign3_gate2_v1:G00:K27:0:D10,G00,K27,D10,0,TRAIN,1,15336
campaign3_gate2_v1:G00:K27:0:D11,G00,K27,D11,0,TRAIN,17,15424
campaign3_gate2_v1:G00:K27:0:DbetaU,G00,K27,DbetaU,0,TRAIN,34,15477
campaign3_gate2_v1:G00:K27:1:D00,G00,K27,D00,1,TRAIN,23,15502
campaign3_gate2_v1:G00:K27:1:D01,G00,K27,D01,1,TRAIN,17,15568
campaign3_gate2_v1:G00:K27:1:D10,G00,K27,D10,1,TRAIN,19,15534
campaign3_gate2_v1:G00:K27:1:D11,G00,K27,D11,1,TRAIN,12,15599
campaign3_gate2_v1:G00:K27:1:DbetaU,G00,K27,DbetaU,1,TRAIN,24,15647
campaign3_gate2_v1:G00:K27:2:D00,G00,K27,D00,2,TRAIN,36,15695
campaign3_gate2_v1:G00:K27:2:D01,G00,K27,D01,2,TRAIN,6,15737
campaign3_gate2_v1:G00:K27:2:D10,G00,K27,D10,2,TRAIN,5,15700
campaign3_gate2_v1:G00:K27:2:D11,G00,K27,D11,2,TRAIN,21,15788
campaign3_gate2_v1:G00:K27:2:DbetaU,G00,K27,DbetaU,2,TRAIN,19,15822
campaign3_gate2_v1:G00:K27:3:D00,G00,K27,D00,3,VALIDATION,10,15849
campaign3_gate2_v1:G00:K27:3:D01,G00,K27,D01,3,VALIDATION,23,15934
campaign3_gate2_v1:G00:K27:3:D10,G00,K27,D10,3,VALIDATION,22,15897
campaign3_gate2_v1:G00:K27:3:D11,G00,K27,D11,3,VALIDATION,30,15977
campaign3_gate2_v1:G00:K27:3:DbetaU,G00,K27,DbetaU,3,VALIDATION,11,15994
campaign3_gate2_v1:G00:K27:4:D00,G00,K27,D00,4,DEVELOPMENT_TEST,33,16052
campaign3_gate2_v1:G00:K27:4:D01,G00,K27,D01,4,DEVELOPMENT_TEST,3,16094
campaign3_gate2_v1:G00:K27:4:D10,G00,K27,D10,4,DEVELOPMENT_TEST,5,16060
campaign3_gate2_v1:G00:K27:4:D11,G00,K27,D11,4,DEVELOPMENT_TEST,12,16139
campaign3_gate2_v1:G00:K27:4:DbetaU,G00,K27,DbetaU,4,DEVELOPMENT_TEST,36,16199
campaign3_gate2_v1:G00:K31:0:D00,G00,K31,D00,0,TRAIN,23,16222
campaign3_gate2_v1:G00:K31:0:D01,G00,K31,D01,0,TRAIN,30,16301
campaign3_gate2_v1:G00:K31:0:D10,G00,K31,D10,0,TRAIN,28,16263
campaign3_gate2_v1:G00:K31:0:D11,G00,K31,D11,0,TRAIN,9,16316
campaign3_gate2_v1:G00:K31:0:DbetaU,G00,K31,DbetaU,0,TRAIN,5,16348
campaign3_gate2_v1:G00:K31:1:D00,G00,K31,D00,1,TRAIN,22,16401
campaign3_gate2_v1:G00:K31:1:D01,G00,K31,D01,1,TRAIN,23,16474
campaign3_gate2_v1:G00:K31:1:D10,G00,K31,D10,1,TRAIN,15,16430
campaign3_gate2_v1:G00:K31:1:D11,G00,K31,D11,1,TRAIN,32,16519
campaign3_gate2_v1:G00:K31:1:DbetaU,G00,K31,DbetaU,1,TRAIN,15,16538
campaign3_gate2_v1:G00:K31:2:D00,G00,K31,D00,2,TRAIN,18,16577
campaign3_gate2_v1:G00:K31:2:D01,G00,K31,D01,2,TRAIN,13,16644
campaign3_gate2_v1:G00:K31:2:D10,G00,K31,D10,2,TRAIN,31,16626
campaign3_gate2_v1:G00:K31:2:D11,G00,K31,D11,2,TRAIN,31,16698
campaign3_gate2_v1:G00:K31:2:DbetaU,G00,K31,DbetaU,2,TRAIN,27,16730
campaign3_gate2_v1:G00:K31:3:D00,G00,K31,D00,3,VALIDATION,33,16772
campaign3_gate2_v1:G00:K31:3:D01,G00,K31,D01,3,VALIDATION,13,16824
campaign3_gate2_v1:G00:K31:3:D10,G00,K31,D10,3,VALIDATION,23,16798
campaign3_gate2_v1:G00:K31:3:D11,G00,K31,D11,3,VALIDATION,21,16868
campaign3_gate2_v1:G00:K31:3:DbetaU,G00,K31,DbetaU,3,VALIDATION,14,16897
campaign3_gate2_v1:G00:K31:4:D00,G00,K31,D00,4,DEVELOPMENT_TEST,25,16944
campaign3_gate2_v1:G00:K31:4:D01,G00,K31,D01,4,DEVELOPMENT_TEST,11,17002
campaign3_gate2_v1:G00:K31:4:D10,G00,K31,D10,4,DEVELOPMENT_TEST,8,16963
campaign3_gate2_v1:G00:K31:4:D11,G00,K31,D11,4,DEVELOPMENT_TEST,36,17063
campaign3_gate2_v1:G00:K31:4:DbetaU,G00,K31,DbetaU,4,DEVELOPMENT_TEST,20,17083
campaign3_gate2_v1:G00:K32:0:D00,G00,K32,D00,0,TRAIN,33,17132
campaign3_gate2_v1:G00:K32:0:D01,G00,K32,D01,0,TRAIN,27,17198
campaign3_gate2_v1:G00:K32:0:D10,G00,K32,D10,0,TRAIN,3,17138
campaign3_gate2_v1:G00:K32:0:D11,G00,K32,D11,0,TRAIN,4,17211
campaign3_gate2_v1:G00:K32:0:DbetaU,G00,K32,DbetaU,0,TRAIN,2,17245
campaign3_gate2_v1:G00:K32:1:D00,G00,K32,D00,1,TRAIN,31,17310
campaign3_gate2_v1:G00:K32:1:D01,G00,K32,D01,1,TRAIN,7,17358
campaign3_gate2_v1:G00:K32:1:D10,G00,K32,D10,1,TRAIN,18,17333
campaign3_gate2_v1:G00:K32:1:D11,G00,K32,D11,1,TRAIN,16,17403
campaign3_gate2_v1:G00:K32:1:DbetaU,G00,K32,DbetaU,1,TRAIN,35,17458
campaign3_gate2_v1:G00:K32:2:D00,G00,K32,D00,2,TRAIN,9,17468
campaign3_gate2_v1:G00:K32:2:D01,G00,K32,D01,2,TRAIN,16,17547
campaign3_gate2_v1:G00:K32:2:D10,G00,K32,D10,2,TRAIN,34,17529
campaign3_gate2_v1:G00:K32:2:D11,G00,K32,D11,2,TRAIN,32,17599
campaign3_gate2_v1:G00:K32:2:DbetaU,G00,K32,DbetaU,2,TRAIN,9,17612
campaign3_gate2_v1:G00:K32:3:D00,G00,K32,D00,3,VALIDATION,15,17654
campaign3_gate2_v1:G00:K32:3:D01,G00,K32,D01,3,VALIDATION,25,17736
campaign3_gate2_v1:G00:K32:3:D10,G00,K32,D10,3,VALIDATION,23,17698
campaign3_gate2_v1:G00:K32:3:D11,G00,K32,D11,3,VALIDATION,22,17769
campaign3_gate2_v1:G00:K32:3:DbetaU,G00,K32,DbetaU,3,VALIDATION,22,17805
campaign3_gate2_v1:G00:K32:4:D00,G00,K32,D00,4,DEVELOPMENT_TEST,21,17840
campaign3_gate2_v1:G00:K32:4:D01,G00,K32,D01,4,DEVELOPMENT_TEST,13,17904
campaign3_gate2_v1:G00:K32:4:D10,G00,K32,D10,4,DEVELOPMENT_TEST,22,17877
campaign3_gate2_v1:G00:K32:4:D11,G00,K32,D11,4,DEVELOPMENT_TEST,29,17956
campaign3_gate2_v1:G00:K32:4:DbetaU,G00,K32,DbetaU,4,DEVELOPMENT_TEST,26,17989
campaign3_gate2_v1:G00:K33:0:D00,G00,K33,D00,0,TRAIN,35,18034
campaign3_gate2_v1:G00:K33:0:D01,G00,K33,D01,0,TRAIN,2,18073
campaign3_gate2_v1:G00:K33:0:D10,G00,K33,D10,0,TRAIN,29,18064
campaign3_gate2_v1:G00:K33:0:D11,G00,K33,D11,0,TRAIN,28,18135
campaign3_gate2_v1:G00:K33:0:DbetaU,G00,K33,DbetaU,0,TRAIN,34,18177
campaign3_gate2_v1:G00:K33:1:D00,G00,K33,D00,1,TRAIN,7,18186
campaign3_gate2_v1:G00:K33:1:D01,G00,K33,D01,1,TRAIN,34,18285
campaign3_gate2_v1:G00:K33:1:D10,G00,K33,D10,1,TRAIN,10,18225
campaign3_gate2_v1:G00:K33:1:D11,G00,K33,D11,1,TRAIN,16,18303
campaign3_gate2_v1:G00:K33:1:DbetaU,G00,K33,DbetaU,1,TRAIN,21,18344
campaign3_gate2_v1:G00:K33:2:D00,G00,K33,D00,2,TRAIN,21,18380
campaign3_gate2_v1:G00:K33:2:D01,G00,K33,D01,2,TRAIN,27,18458
campaign3_gate2_v1:G00:K33:2:D10,G00,K33,D10,2,TRAIN,15,18410
campaign3_gate2_v1:G00:K33:2:D11,G00,K33,D11,2,TRAIN,22,18489
campaign3_gate2_v1:G00:K33:2:DbetaU,G00,K33,DbetaU,2,TRAIN,19,18522
campaign3_gate2_v1:G00:K33:3:D00,G00,K33,D00,3,VALIDATION,13,18552
campaign3_gate2_v1:G00:K33:3:D01,G00,K33,D01,3,VALIDATION,2,18613
campaign3_gate2_v1:G00:K33:3:D10,G00,K33,D10,3,VALIDATION,9,18584
campaign3_gate2_v1:G00:K33:3:D11,G00,K33,D11,3,VALIDATION,21,18668
campaign3_gate2_v1:G00:K33:3:DbetaU,G00,K33,DbetaU,3,VALIDATION,5,18688
campaign3_gate2_v1:G00:K33:4:D00,G00,K33,D00,4,DEVELOPMENT_TEST,29,18748
campaign3_gate2_v1:G00:K33:4:D01,G00,K33,D01,4,DEVELOPMENT_TEST,9,18800
campaign3_gate2_v1:G00:K33:4:D10,G00,K33,D10,4,DEVELOPMENT_TEST,12,18767
campaign3_gate2_v1:G00:K33:4:D11,G00,K33,D11,4,DEVELOPMENT_TEST,16,18843
campaign3_gate2_v1:G00:K33:4:DbetaU,G00,K33,DbetaU,4,DEVELOPMENT_TEST,30,18893
campaign3_gate2_v1:G04:K01:0:D00,G04,K01,D00,0,TRAIN,28,18927
campaign3_gate2_v1:G04:K01:0:D01,G04,K01,D01,0,TRAIN,17,18988
campaign3_gate2_v1:G04:K01:0:D10,G04,K01,D10,0,TRAIN,25,18960
campaign3_gate2_v1:G04:K01:0:D11,G04,K01,D11,0,TRAIN,22,19029
campaign3_gate2_v1:G04:K01:0:DbetaU,G04,K01,DbetaU,0,TRAIN,1,19044
campaign3_gate2_v1:G04:K01:1:D00,G04,K01,D00,1,TRAIN,31,19110
campaign3_gate2_v1:G04:K01:1:D01,G04,K01,D01,1,TRAIN,26,19177
campaign3_gate2_v1:G04:K01:1:D10,G04,K01,D10,1,TRAIN,24,19139
campaign3_gate2_v1:G04:K01:1:D11,G04,K01,D11,1,TRAIN,24,19211
campaign3_gate2_v1:G04:K01:1:DbetaU,G04,K01,DbetaU,1,TRAIN,8,19231
campaign3_gate2_v1:G04:K01:2:D00,G04,K01,D00,2,TRAIN,6,19265
campaign3_gate2_v1:G04:K01:2:D01,G04,K01,D01,2,TRAIN,2,19333
campaign3_gate2_v1:G04:K01:2:D10,G04,K01,D10,2,TRAIN,31,19326
campaign3_gate2_v1:G04:K01:2:D11,G04,K01,D11,2,TRAIN,14,19381
campaign3_gate2_v1:G04:K01:2:DbetaU,G04,K01,DbetaU,2,TRAIN,1,19404
campaign3_gate2_v1:G04:K01:3:D00,G04,K01,D00,3,VALIDATION,13,19452
campaign3_gate2_v1:G04:K01:3:D01,G04,K01,D01,3,VALIDATION,23,19534
campaign3_gate2_v1:G04:K01:3:D10,G04,K01,D10,3,VALIDATION,1,19476
campaign3_gate2_v1:G04:K01:3:D11,G04,K01,D11,3,VALIDATION,18,19565
campaign3_gate2_v1:G04:K01:3:DbetaU,G04,K01,DbetaU,3,VALIDATION,12,19595
campaign3_gate2_v1:G04:K01:4:D00,G04,K01,D00,4,DEVELOPMENT_TEST,27,19646
campaign3_gate2_v1:G04:K01:4:D01,G04,K01,D01,4,DEVELOPMENT_TEST,28,19719
campaign3_gate2_v1:G04:K01:4:D10,G04,K01,D10,4,DEVELOPMENT_TEST,31,19686
campaign3_gate2_v1:G04:K01:4:D11,G04,K01,D11,4,DEVELOPMENT_TEST,2,19729
campaign3_gate2_v1:G04:K01:4:DbetaU,G04,K01,DbetaU,4,DEVELOPMENT_TEST,32,19795
campaign3_gate2_v1:G04:K02:0:D00,G04,K02,D00,0,TRAIN,6,19805
campaign3_gate2_v1:G04:K02:0:D01,G04,K02,D01,0,TRAIN,31,19902
campaign3_gate2_v1:G04:K02:0:D10,G04,K02,D10,0,TRAIN,6,19841
campaign3_gate2_v1:G04:K02:0:D11,G04,K02,D11,0,TRAIN,13,19920
campaign3_gate2_v1:G04:K02:0:DbetaU,G04,K02,DbetaU,0,TRAIN,3,19946
campaign3_gate2_v1:G04:K02:1:D00,G04,K02,D00,1,TRAIN,32,20011
campaign3_gate2_v1:G04:K02:1:D01,G04,K02,D01,1,TRAIN,11,20062
campaign3_gate2_v1:G04:K02:1:D10,G04,K02,D10,1,TRAIN,12,20027
campaign3_gate2_v1:G04:K02:1:D11,G04,K02,D11,1,TRAIN,30,20117
campaign3_gate2_v1:G04:K02:1:DbetaU,G04,K02,DbetaU,1,TRAIN,7,20130
campaign3_gate2_v1:G04:K02:2:D00,G04,K02,D00,2,TRAIN,16,20175
campaign3_gate2_v1:G04:K02:2:D01,G04,K02,D01,2,TRAIN,14,20245
campaign3_gate2_v1:G04:K02:2:D10,G04,K02,D10,2,TRAIN,34,20229
campaign3_gate2_v1:G04:K02:2:D11,G04,K02,D11,2,TRAIN,32,20299
campaign3_gate2_v1:G04:K02:2:DbetaU,G04,K02,DbetaU,2,TRAIN,4,20307
campaign3_gate2_v1:G04:K02:3:D00,G04,K02,D00,3,VALIDATION,3,20342
campaign3_gate2_v1:G04:K02:3:D01,G04,K02,D01,3,VALIDATION,6,20417
campaign3_gate2_v1:G04:K02:3:D10,G04,K02,D10,3,VALIDATION,6,20381
campaign3_gate2_v1:G04:K02:3:D11,G04,K02,D11,3,VALIDATION,11,20458
campaign3_gate2_v1:G04:K02:3:DbetaU,G04,K02,DbetaU,3,VALIDATION,5,20488
campaign3_gate2_v1:G04:K02:4:D00,G04,K02,D00,4,DEVELOPMENT_TEST,3,20522
campaign3_gate2_v1:G04:K02:4:D01,G04,K02,D01,4,DEVELOPMENT_TEST,6,20597
campaign3_gate2_v1:G04:K02:4:D10,G04,K02,D10,4,DEVELOPMENT_TEST,1,20556
campaign3_gate2_v1:G04:K02:4:D11,G04,K02,D11,4,DEVELOPMENT_TEST,28,20655
campaign3_gate2_v1:G04:K02:4:DbetaU,G04,K02,DbetaU,4,DEVELOPMENT_TEST,29,20692
campaign3_gate2_v1:G04:K03:0:D00,G04,K03,D00,0,TRAIN,7,20706
campaign3_gate2_v1:G04:K03:0:D01,G04,K03,D01,0,TRAIN,6,20777
campaign3_gate2_v1:G04:K03:0:D10,G04,K03,D10,0,TRAIN,30,20765
campaign3_gate2_v1:G04:K03:0:D11,G04,K03,D11,0,TRAIN,19,20826
campaign3_gate2_v1:G04:K03:0:DbetaU,G04,K03,DbetaU,0,TRAIN,13,20856
campaign3_gate2_v1:G04:K03:1:D00,G04,K03,D00,1,TRAIN,23,20902
campaign3_gate2_v1:G04:K03:1:D01,G04,K03,D01,1,TRAIN,32,20983
campaign3_gate2_v1:G04:K03:1:D10,G04,K03,D10,1,TRAIN,2,20917
campaign3_gate2_v1:G04:K03:1:D11,G04,K03,D11,1,TRAIN,15,21002
campaign3_gate2_v1:G04:K03:1:DbetaU,G04,K03,DbetaU,1,TRAIN,2,21025
campaign3_gate2_v1:G04:K03:2:D00,G04,K03,D00,2,TRAIN,15,21074
campaign3_gate2_v1:G04:K03:2:D01,G04,K03,D01,2,TRAIN,15,21146
campaign3_gate2_v1:G04:K03:2:D10,G04,K03,D10,2,TRAIN,21,21116
campaign3_gate2_v1:G04:K03:2:D11,G04,K03,D11,2,TRAIN,36,21203
campaign3_gate2_v1:G04:K03:2:DbetaU,G04,K03,DbetaU,2,TRAIN,31,21234
campaign3_gate2_v1:G04:K03:3:D00,G04,K03,D00,3,VALIDATION,36,21275
campaign3_gate2_v1:G04:K03:3:D01,G04,K03,D01,3,VALIDATION,32,21343
campaign3_gate2_v1:G04:K03:3:D10,G04,K03,D10,3,VALIDATION,18,21293
campaign3_gate2_v1:G04:K03:3:D11,G04,K03,D11,3,VALIDATION,3,21350
campaign3_gate2_v1:G04:K03:3:DbetaU,G04,K03,DbetaU,3,VALIDATION,32,21415
campaign3_gate2_v1:G04:K03:4:D00,G04,K03,D00,4,DEVELOPMENT_TEST,19,21438
campaign3_gate2_v1:G04:K03:4:D01,G04,K03,D01,4,DEVELOPMENT_TEST,30,21521
campaign3_gate2_v1:G04:K03:4:D10,G04,K03,D10,4,DEVELOPMENT_TEST,25,21480
campaign3_gate2_v1:G04:K03:4:D11,G04,K03,D11,4,DEVELOPMENT_TEST,24,21551
campaign3_gate2_v1:G04:K03:4:DbetaU,G04,K03,DbetaU,4,DEVELOPMENT_TEST,13,21576
campaign3_gate2_v1:G04:K05:0:D00,G04,K05,D00,0,TRAIN,28,21627
campaign3_gate2_v1:G04:K05:0:D01,G04,K05,D01,0,TRAIN,12,21683
campaign3_gate2_v1:G04:K05:0:D10,G04,K05,D10,0,TRAIN,26,21661
campaign3_gate2_v1:G04:K05:0:D11,G04,K05,D11,0,TRAIN,26,21733
campaign3_gate2_v1:G04:K05:0:DbetaU,G04,K05,DbetaU,0,TRAIN,10,21753
campaign3_gate2_v1:G04:K05:1:D00,G04,K05,D00,1,TRAIN,13,21792
campaign3_gate2_v1:G04:K05:1:D01,G04,K05,D01,1,TRAIN,29,21880
campaign3_gate2_v1:G04:K05:1:D10,G04,K05,D10,1,TRAIN,31,21846
campaign3_gate2_v1:G04:K05:1:D11,G04,K05,D11,1,TRAIN,34,21921
campaign3_gate2_v1:G04:K05:1:DbetaU,G04,K05,DbetaU,1,TRAIN,28,21951
campaign3_gate2_v1:G04:K05:2:D00,G04,K05,D00,2,TRAIN,28,21987
campaign3_gate2_v1:G04:K05:2:D01,G04,K05,D01,2,TRAIN,25,22056
campaign3_gate2_v1:G04:K05:2:D10,G04,K05,D10,2,TRAIN,35,22030
campaign3_gate2_v1:G04:K05:2:D11,G04,K05,D11,2,TRAIN,24,22091
campaign3_gate2_v1:G04:K05:2:DbetaU,G04,K05,DbetaU,2,TRAIN,29,22132
campaign3_gate2_v1:G04:K05:3:D00,G04,K05,D00,3,VALIDATION,2,22141
campaign3_gate2_v1:G04:K05:3:D01,G04,K05,D01,3,VALIDATION,27,22238
campaign3_gate2_v1:G04:K05:3:D10,G04,K05,D10,3,VALIDATION,4,22179
campaign3_gate2_v1:G04:K05:3:D11,G04,K05,D11,3,VALIDATION,5,22252
campaign3_gate2_v1:G04:K05:3:DbetaU,G04,K05,DbetaU,3,VALIDATION,19,22302
campaign3_gate2_v1:G04:K05:4:D00,G04,K05,D00,4,DEVELOPMENT_TEST,27,22346
campaign3_gate2_v1:G04:K05:4:D01,G04,K05,D01,4,DEVELOPMENT_TEST,20,22411
campaign3_gate2_v1:G04:K05:4:D10,G04,K05,D10,4,DEVELOPMENT_TEST,14,22369
campaign3_gate2_v1:G04:K05:4:D11,G04,K05,D11,4,DEVELOPMENT_TEST,26,22453
campaign3_gate2_v1:G04:K05:4:DbetaU,G04,K05,DbetaU,4,DEVELOPMENT_TEST,1,22464
campaign3_gate2_v1:G04:K06:0:D00,G04,K06,D00,0,TRAIN,24,22523
campaign3_gate2_v1:G04:K06:0:D01,G04,K06,D01,0,TRAIN,32,22603
campaign3_gate2_v1:G04:K06:0:D10,G04,K06,D10,0,TRAIN,24,22559
campaign3_gate2_v1:G04:K06:0:D11,G04,K06,D11,0,TRAIN,7,22614
campaign3_gate2_v1:G04:K06:0:DbetaU,G04,K06,DbetaU,0,TRAIN,22,22665
campaign3_gate2_v1:G04:K06:1:D00,G04,K06,D00,1,TRAIN,8,22687
campaign3_gate2_v1:G04:K06:1:D01,G04,K06,D01,1,TRAIN,19,22770
campaign3_gate2_v1:G04:K06:1:D10,G04,K06,D10,1,TRAIN,21,22736
campaign3_gate2_v1:G04:K06:1:D11,G04,K06,D11,1,TRAIN,18,22805
campaign3_gate2_v1:G04:K06:1:DbetaU,G04,K06,DbetaU,1,TRAIN,25,22848
campaign3_gate2_v1:G04:K06:2:D00,G04,K06,D00,2,TRAIN,2,22861
campaign3_gate2_v1:G04:K06:2:D01,G04,K06,D01,2,TRAIN,13,22944
campaign3_gate2_v1:G04:K06:2:D10,G04,K06,D10,2,TRAIN,13,22908
campaign3_gate2_v1:G04:K06:2:D11,G04,K06,D11,2,TRAIN,31,22998
campaign3_gate2_v1:G04:K06:2:DbetaU,G04,K06,DbetaU,2,TRAIN,34,23037
campaign3_gate2_v1:G04:K06:3:D00,G04,K06,D00,3,VALIDATION,4,23043
campaign3_gate2_v1:G04:K06:3:D01,G04,K06,D01,3,VALIDATION,25,23136
campaign3_gate2_v1:G04:K06:3:D10,G04,K06,D10,3,VALIDATION,27,23102
campaign3_gate2_v1:G04:K06:3:D11,G04,K06,D11,3,VALIDATION,30,23177
campaign3_gate2_v1:G04:K06:3:DbetaU,G04,K06,DbetaU,3,VALIDATION,15,23198
campaign3_gate2_v1:G04:K06:4:D00,G04,K06,D00,4,DEVELOPMENT_TEST,25,23244
campaign3_gate2_v1:G04:K06:4:D01,G04,K06,D01,4,DEVELOPMENT_TEST,34,23325
campaign3_gate2_v1:G04:K06:4:D10,G04,K06,D10,4,DEVELOPMENT_TEST,11,23266
campaign3_gate2_v1:G04:K06:4:D11,G04,K06,D11,4,DEVELOPMENT_TEST,31,23358
campaign3_gate2_v1:G04:K06:4:DbetaU,G04,K06,DbetaU,4,DEVELOPMENT_TEST,17,23380
campaign3_gate2_v1:G04:K07:0:D00,G04,K07,D00,0,TRAIN,23,23422
campaign3_gate2_v1:G04:K07:0:D01,G04,K07,D01,0,TRAIN,20,23491
campaign3_gate2_v1:G04:K07:0:D10,G04,K07,D10,0,TRAIN,11,23446
campaign3_gate2_v1:G04:K07:0:D11,G04,K07,D11,0,TRAIN,7,23514
campaign3_gate2_v1:G04:K07:0:DbetaU,G04,K07,DbetaU,0,TRAIN,1,23544
campaign3_gate2_v1:G04:K07:1:D00,G04,K07,D00,1,TRAIN,25,23604
campaign3_gate2_v1:G04:K07:1:D01,G04,K07,D01,1,TRAIN,31,23682
campaign3_gate2_v1:G04:K07:1:D10,G04,K07,D10,1,TRAIN,33,23648
campaign3_gate2_v1:G04:K07:1:D11,G04,K07,D11,1,TRAIN,5,23692
campaign3_gate2_v1:G04:K07:1:DbetaU,G04,K07,DbetaU,1,TRAIN,21,23744
campaign3_gate2_v1:G04:K07:2:D00,G04,K07,D00,2,TRAIN,1,23760
campaign3_gate2_v1:G04:K07:2:D01,G04,K07,D01,2,TRAIN,10,23841
campaign3_gate2_v1:G04:K07:2:D10,G04,K07,D10,2,TRAIN,26,23821
campaign3_gate2_v1:G04:K07:2:D11,G04,K07,D11,2,TRAIN,8,23875
campaign3_gate2_v1:G04:K07:2:DbetaU,G04,K07,DbetaU,2,TRAIN,16,23919
campaign3_gate2_v1:G04:K07:3:D00,G04,K07,D00,3,VALIDATION,10,23949
campaign3_gate2_v1:G04:K07:3:D01,G04,K07,D01,3,VALIDATION,32,24043
campaign3_gate2_v1:G04:K07:3:D10,G04,K07,D10,3,VALIDATION,11,23986
campaign3_gate2_v1:G04:K07:3:D11,G04,K07,D11,3,VALIDATION,29,24076
campaign3_gate2_v1:G04:K07:3:DbetaU,G04,K07,DbetaU,3,VALIDATION,31,24114
campaign3_gate2_v1:G04:K07:4:D00,G04,K07,D00,4,DEVELOPMENT_TEST,2,24121
campaign3_gate2_v1:G04:K07:4:D01,G04,K07,D01,4,DEVELOPMENT_TEST,23,24214
campaign3_gate2_v1:G04:K07:4:D10,G04,K07,D10,4,DEVELOPMENT_TEST,35,24190
campaign3_gate2_v1:G04:K07:4:D11,G04,K07,D11,4,DEVELOPMENT_TEST,36,24263
campaign3_gate2_v1:G04:K07:4:DbetaU,G04,K07,DbetaU,4,DEVELOPMENT_TEST,5,24268
campaign3_gate2_v1:G04:K10:0:D00,G04,K10,D00,0,TRAIN,15,24314
campaign3_gate2_v1:G04:K10:0:D01,G04,K10,D01,0,TRAIN,32,24403
campaign3_gate2_v1:G04:K10:0:D10,G04,K10,D10,0,TRAIN,14,24349
campaign3_gate2_v1:G04:K10:0:D11,G04,K10,D11,0,TRAIN,20,24427
campaign3_gate2_v1:G04:K10:0:DbetaU,G04,K10,DbetaU,0,TRAIN,31,24474
campaign3_gate2_v1:G04:K10:1:D00,G04,K10,D00,1,TRAIN,3,24482
campaign3_gate2_v1:G04:K10:1:D01,G04,K10,D01,1,TRAIN,4,24555
campaign3_gate2_v1:G04:K10:1:D10,G04,K10,D10,1,TRAIN,36,24551
campaign3_gate2_v1:G04:K10:1:D11,G04,K10,D11,1,TRAIN,36,24623
campaign3_gate2_v1:G04:K10:1:DbetaU,G04,K10,DbetaU,1,TRAIN,17,24640
campaign3_gate2_v1:G04:K10:2:D00,G04,K10,D00,2,TRAIN,34,24693
campaign3_gate2_v1:G04:K10:2:D01,G04,K10,D01,2,TRAIN,4,24735
campaign3_gate2_v1:G04:K10:2:D10,G04,K10,D10,2,TRAIN,31,24726
campaign3_gate2_v1:G04:K10:2:D11,G04,K10,D11,2,TRAIN,2,24769
campaign3_gate2_v1:G04:K10:2:DbetaU,G04,K10,DbetaU,2,TRAIN,3,24806
campaign3_gate2_v1:G04:K10:3:D00,G04,K10,D00,3,VALIDATION,20,24859
campaign3_gate2_v1:G04:K10:3:D01,G04,K10,D01,3,VALIDATION,26,24937
campaign3_gate2_v1:G04:K10:3:D10,G04,K10,D10,3,VALIDATION,15,24890
campaign3_gate2_v1:G04:K10:3:D11,G04,K10,D11,3,VALIDATION,8,24955
campaign3_gate2_v1:G04:K10:3:DbetaU,G04,K10,DbetaU,3,VALIDATION,29,25012
campaign3_gate2_v1:G04:K10:4:D00,G04,K10,D00,4,DEVELOPMENT_TEST,27,25046
campaign3_gate2_v1:G04:K10:4:D01,G04,K10,D01,4,DEVELOPMENT_TEST,34,25125
campaign3_gate2_v1:G04:K10:4:D10,G04,K10,D10,4,DEVELOPMENT_TEST,9,25064
campaign3_gate2_v1:G04:K10:4:D11,G04,K10,D11,4,DEVELOPMENT_TEST,36,25163
campaign3_gate2_v1:G04:K10:4:DbetaU,G04,K10,DbetaU,4,DEVELOPMENT_TEST,5,25168
campaign3_gate2_v1:G04:K11:0:D00,G04,K11,D00,0,TRAIN,14,25213
campaign3_gate2_v1:G04:K11:0:D01,G04,K11,D01,0,TRAIN,7,25278
campaign3_gate2_v1:G04:K11:0:D10,G04,K11,D10,0,TRAIN,34,25269
campaign3_gate2_v1:G04:K11:0:D11,G04,K11,D11,0,TRAIN,10,25317
campaign3_gate2_v1:G04:K11:0:DbetaU,G04,K11,DbetaU,0,TRAIN,35,25378
campaign3_gate2_v1:G04:K11:1:D00,G04,K11,D00,1,TRAIN,3,25382
campaign3_gate2_v1:G04:K11:1:D01,G04,K11,D01,1,TRAIN,26,25477
campaign3_gate2_v1:G04:K11:1:D10,G04,K11,D10,1,TRAIN,34,25449
campaign3_gate2_v1:G04:K11:1:D11,G04,K11,D11,1,TRAIN,4,25491
campaign3_gate2_v1:G04:K11:1:DbetaU,G04,K11,DbetaU,1,TRAIN,27,25550
campaign3_gate2_v1:G04:K11:2:D00,G04,K11,D00,2,TRAIN,17,25576
campaign3_gate2_v1:G04:K11:2:D01,G04,K11,D01,2,TRAIN,9,25640
campaign3_gate2_v1:G04:K11:2:D10,G04,K11,D10,2,TRAIN,5,25600
campaign3_gate2_v1:G04:K11:2:D11,G04,K11,D11,2,TRAIN,7,25674
campaign3_gate2_v1:G04:K11:2:DbetaU,G04,K11,DbetaU,2,TRAIN,36,25739
campaign3_gate2_v1:G04:K11:3:D00,G04,K11,D00,3,VALIDATION,13,25752
campaign3_gate2_v1:G04:K11:3:D01,G04,K11,D01,3,VALIDATION,5,25816
campaign3_gate2_v1:G04:K11:3:D10,G04,K11,D10,3,VALIDATION,36,25811
campaign3_gate2_v1:G04:K11:3:D11,G04,K11,D11,3,VALIDATION,29,25876
campaign3_gate2_v1:G04:K11:3:DbetaU,G04,K11,DbetaU,3,VALIDATION,24,25907
campaign3_gate2_v1:G04:K11:4:D00,G04,K11,D00,4,DEVELOPMENT_TEST,24,25943
campaign3_gate2_v1:G04:K11:4:D01,G04,K11,D01,4,DEVELOPMENT_TEST,23,26014
campaign3_gate2_v1:G04:K11:4:D10,G04,K11,D10,4,DEVELOPMENT_TEST,22,25977
campaign3_gate2_v1:G04:K11:4:D11,G04,K11,D11,4,DEVELOPMENT_TEST,15,26042
campaign3_gate2_v1:G04:K11:4:DbetaU,G04,K11,DbetaU,4,DEVELOPMENT_TEST,34,26097
campaign3_gate2_v1:G04:K13:0:D00,G04,K13,D00,0,TRAIN,17,26116
campaign3_gate2_v1:G04:K13:0:D01,G04,K13,D01,0,TRAIN,36,26207
campaign3_gate2_v1:G04:K13:0:D10,G04,K13,D10,0,TRAIN,33,26168
campaign3_gate2_v1:G04:K13:0:D11,G04,K13,D11,0,TRAIN,29,26236
campaign3_gate2_v1:G04:K13:0:DbetaU,G04,K13,DbetaU,0,TRAIN,16,26259
campaign3_gate2_v1:G04:K13:1:D00,G04,K13,D00,1,TRAIN,13,26292
campaign3_gate2_v1:G04:K13:1:D01,G04,K13,D01,1,TRAIN,23,26374
campaign3_gate2_v1:G04:K13:1:D10,G04,K13,D10,1,TRAIN,13,26328
campaign3_gate2_v1:G04:K13:1:D11,G04,K13,D11,1,TRAIN,10,26397
campaign3_gate2_v1:G04:K13:1:DbetaU,G04,K13,DbetaU,1,TRAIN,31,26454
campaign3_gate2_v1:G04:K13:2:D00,G04,K13,D00,2,TRAIN,36,26495
campaign3_gate2_v1:G04:K13:2:D01,G04,K13,D01,2,TRAIN,33,26564
campaign3_gate2_v1:G04:K13:2:D10,G04,K13,D10,2,TRAIN,18,26513
campaign3_gate2_v1:G04:K13:2:D11,G04,K13,D11,2,TRAIN,33,26600
campaign3_gate2_v1:G04:K13:2:DbetaU,G04,K13,DbetaU,2,TRAIN,14,26617
campaign3_gate2_v1:G04:K13:3:D00,G04,K13,D00,3,VALIDATION,12,26651
campaign3_gate2_v1:G04:K13:3:D01,G04,K13,D01,3,VALIDATION,8,26719
campaign3_gate2_v1:G04:K13:3:D10,G04,K13,D10,3,VALIDATION,15,26690
campaign3_gate2_v1:G04:K13:3:D11,G04,K13,D11,3,VALIDATION,25,26772
campaign3_gate2_v1:G04:K13:3:DbetaU,G04,K13,DbetaU,3,VALIDATION,1,26784
campaign3_gate2_v1:G04:K13:4:D00,G04,K13,D00,4,DEVELOPMENT_TEST,13,26832
campaign3_gate2_v1:G04:K13:4:D01,G04,K13,D01,4,DEVELOPMENT_TEST,28,26919
campaign3_gate2_v1:G04:K13:4:D10,G04,K13,D10,4,DEVELOPMENT_TEST,25,26880
campaign3_gate2_v1:G04:K13:4:D11,G04,K13,D11,4,DEVELOPMENT_TEST,10,26937
campaign3_gate2_v1:G04:K13:4:DbetaU,G04,K13,DbetaU,4,DEVELOPMENT_TEST,13,26976
campaign3_gate2_v1:G04:K15:0:D00,G04,K15,D00,0,TRAIN,35,27034
campaign3_gate2_v1:G04:K15:0:D01,G04,K15,D01,0,TRAIN,15,27086
campaign3_gate2_v1:G04:K15:0:D10,G04,K15,D10,0,TRAIN,21,27056
campaign3_gate2_v1:G04:K15:0:D11,G04,K15,D11,0,TRAIN,14,27121
campaign3_gate2_v1:G04:K15:0:DbetaU,G04,K15,DbetaU,0,TRAIN,4,27147
campaign3_gate2_v1:G04:K15:1:D00,G04,K15,D00,1,TRAIN,16,27195
campaign3_gate2_v1:G04:K15:1:D01,G04,K15,D01,1,TRAIN,32,27283
campaign3_gate2_v1:G04:K15:1:D10,G04,K15,D10,1,TRAIN,27,27242
campaign3_gate2_v1:G04:K15:1:D11,G04,K15,D11,1,TRAIN,19,27306
campaign3_gate2_v1:G04:K15:1:DbetaU,G04,K15,DbetaU,1,TRAIN,36,27359
campaign3_gate2_v1:G04:K15:2:D00,G04,K15,D00,2,TRAIN,6,27365
campaign3_gate2_v1:G04:K15:2:D01,G04,K15,D01,2,TRAIN,23,27454
campaign3_gate2_v1:G04:K15:2:D10,G04,K15,D10,2,TRAIN,34,27429
campaign3_gate2_v1:G04:K15:2:D11,G04,K15,D11,2,TRAIN,17,27484
campaign3_gate2_v1:G04:K15:2:DbetaU,G04,K15,DbetaU,2,TRAIN,35,27538
campaign3_gate2_v1:G04:K15:3:D00,G04,K15,D00,3,VALIDATION,21,27560
campaign3_gate2_v1:G04:K15:3:D01,G04,K15,D01,3,VALIDATION,26,27637
campaign3_gate2_v1:G04:K15:3:D10,G04,K15,D10,3,VALIDATION,8,27583
campaign3_gate2_v1:G04:K15:3:D11,G04,K15,D11,3,VALIDATION,21,27668
campaign3_gate2_v1:G04:K15:3:DbetaU,G04,K15,DbetaU,3,VALIDATION,1,27684
campaign3_gate2_v1:G04:K15:4:D00,G04,K15,D00,4,DEVELOPMENT_TEST,27,27746
campaign3_gate2_v1:G04:K15:4:D01,G04,K15,D01,4,DEVELOPMENT_TEST,1,27792
campaign3_gate2_v1:G04:K15:4:D10,G04,K15,D10,4,DEVELOPMENT_TEST,4,27759
campaign3_gate2_v1:G04:K15:4:D11,G04,K15,D11,4,DEVELOPMENT_TEST,25,27852
campaign3_gate2_v1:G04:K15:4:DbetaU,G04,K15,DbetaU,4,DEVELOPMENT_TEST,28,27891
campaign3_gate2_v1:G04:K16:0:D00,G04,K16,D00,0,TRAIN,10,27909
campaign3_gate2_v1:G04:K16:0:D01,G04,K16,D01,0,TRAIN,2,27973
campaign3_gate2_v1:G04:K16:0:D10,G04,K16,D10,0,TRAIN,2,27937
campaign3_gate2_v1:G04:K16:0:D11,G04,K16,D11,0,TRAIN,16,28023
campaign3_gate2_v1:G04:K16:0:DbetaU,G04,K16,DbetaU,0,TRAIN,33,28076
campaign3_gate2_v1:G04:K16:1:D00,G04,K16,D00,1,TRAIN,11,28090
campaign3_gate2_v1:G04:K16:1:D01,G04,K16,D01,1,TRAIN,5,28156
campaign3_gate2_v1:G04:K16:1:D10,G04,K16,D10,1,TRAIN,31,28146
campaign3_gate2_v1:G04:K16:1:D11,G04,K16,D11,1,TRAIN,2,28189
campaign3_gate2_v1:G04:K16:1:DbetaU,G04,K16,DbetaU,1,TRAIN,10,28233
campaign3_gate2_v1:G04:K16:2:D00,G04,K16,D00,2,TRAIN,5,28264
campaign3_gate2_v1:G04:K16:2:D01,G04,K16,D01,2,TRAIN,30,28361
campaign3_gate2_v1:G04:K16:2:D10,G04,K16,D10,2,TRAIN,32,28327
campaign3_gate2_v1:G04:K16:2:D11,G04,K16,D11,2,TRAIN,36,28403
campaign3_gate2_v1:G04:K16:2:DbetaU,G04,K16,DbetaU,2,TRAIN,32,28435
campaign3_gate2_v1:G04:K16:3:D00,G04,K16,D00,3,VALIDATION,2,28441
campaign3_gate2_v1:G04:K16:3:D01,G04,K16,D01,3,VALIDATION,12,28523
campaign3_gate2_v1:G04:K16:3:D10,G04,K16,D10,3,VALIDATION,24,28499
campaign3_gate2_v1:G04:K16:3:D11,G04,K16,D11,3,VALIDATION,28,28575
campaign3_gate2_v1:G04:K16:3:DbetaU,G04,K16,DbetaU,3,VALIDATION,31,28614
campaign3_gate2_v1:G04:K16:4:D00,G04,K16,D00,4,DEVELOPMENT_TEST,5,28624
campaign3_gate2_v1:G04:K16:4:D01,G04,K16,D01,4,DEVELOPMENT_TEST,35,28726
campaign3_gate2_v1:G04:K16:4:D10,G04,K16,D10,4,DEVELOPMENT_TEST,25,28680
campaign3_gate2_v1:G04:K16:4:D11,G04,K16,D11,4,DEVELOPMENT_TEST,2,28729
campaign3_gate2_v1:G04:K16:4:DbetaU,G04,K16,DbetaU,4,DEVELOPMENT_TEST,31,28794
campaign3_gate2_v1:G04:K17:0:D00,G04,K17,D00,0,TRAIN,32,28831
campaign3_gate2_v1:G04:K17:0:D01,G04,K17,D01,0,TRAIN,5,28876
campaign3_gate2_v1:G04:K17:0:D10,G04,K17,D10,0,TRAIN,5,28840
campaign3_gate2_v1:G04:K17:0:D11,G04,K17,D11,0,TRAIN,21,28928
campaign3_gate2_v1:G04:K17:0:DbetaU,G04,K17,DbetaU,0,TRAIN,20,28963
campaign3_gate2_v1:G04:K17:1:D00,G04,K17,D00,1,TRAIN,2,28981
campaign3_gate2_v1:G04:K17:1:D01,G04,K17,D01,1,TRAIN,19,29070
campaign3_gate2_v1:G04:K17:1:D10,G04,K17,D10,1,TRAIN,27,29042
campaign3_gate2_v1:G04:K17:1:D11,G04,K17,D11,1,TRAIN,35,29122
campaign3_gate2_v1:G04:K17:1:DbetaU,G04,K17,DbetaU,1,TRAIN,9,29132
campaign3_gate2_v1:G04:K17:2:D00,G04,K17,D00,2,TRAIN,6,29165
campaign3_gate2_v1:G04:K17:2:D01,G04,K17,D01,2,TRAIN,13,29244
campaign3_gate2_v1:G04:K17:2:D10,G04,K17,D10,2,TRAIN,23,29218
campaign3_gate2_v1:G04:K17:2:D11,G04,K17,D11,2,TRAIN,31,29298
campaign3_gate2_v1:G04:K17:2:DbetaU,G04,K17,DbetaU,2,TRAIN,28,29331
campaign3_gate2_v1:G04:K17:3:D00,G04,K17,D00,3,VALIDATION,29,29368
campaign3_gate2_v1:G04:K17:3:D01,G04,K17,D01,3,VALIDATION,26,29437
campaign3_gate2_v1:G04:K17:3:D10,G04,K17,D10,3,VALIDATION,11,29386
campaign3_gate2_v1:G04:K17:3:D11,G04,K17,D11,3,VALIDATION,8,29455
campaign3_gate2_v1:G04:K17:3:DbetaU,G04,K17,DbetaU,3,VALIDATION,26,29509
campaign3_gate2_v1:G04:K17:4:D00,G04,K17,D00,4,DEVELOPMENT_TEST,6,29525
campaign3_gate2_v1:G04:K17:4:D01,G04,K17,D01,4,DEVELOPMENT_TEST,3,29594
campaign3_gate2_v1:G04:K17:4:D10,G04,K17,D10,4,DEVELOPMENT_TEST,33,29588
campaign3_gate2_v1:G04:K17:4:D11,G04,K17,D11,4,DEVELOPMENT_TEST,16,29643
campaign3_gate2_v1:G04:K17:4:DbetaU,G04,K17,DbetaU,4,DEVELOPMENT_TEST,33,29696
campaign3_gate2_v1:G04:K20:0:D00,G04,K20,D00,0,TRAIN,32,29731
campaign3_gate2_v1:G04:K20:0:D01,G04,K20,D01,0,TRAIN,28,29799
campaign3_gate2_v1:G04:K20:0:D10,G04,K20,D10,0,TRAIN,21,29756
campaign3_gate2_v1:G04:K20:0:D11,G04,K20,D11,0,TRAIN,15,29822
campaign3_gate2_v1:G04:K20:0:DbetaU,G04,K20,DbetaU,0,TRAIN,8,29851
campaign3_gate2_v1:G04:K20:1:D00,G04,K20,D00,1,TRAIN,25,29904
campaign3_gate2_v1:G04:K20:1:D01,G04,K20,D01,1,TRAIN,3,29954
campaign3_gate2_v1:G04:K20:1:D10,G04,K20,D10,1,TRAIN,21,29936
campaign3_gate2_v1:G04:K20:1:D11,G04,K20,D11,1,TRAIN,22,30009
campaign3_gate2_v1:G04:K20:1:DbetaU,G04,K20,DbetaU,1,TRAIN,2,30025
campaign3_gate2_v1:G04:K20:2:D00,G04,K20,D00,2,TRAIN,20,30079
campaign3_gate2_v1:G04:K20:2:D01,G04,K20,D01,2,TRAIN,17,30148
campaign3_gate2_v1:G04:K20:2:D10,G04,K20,D10,2,TRAIN,33,30128
campaign3_gate2_v1:G04:K20:2:D11,G04,K20,D11,2,TRAIN,29,30196
campaign3_gate2_v1:G04:K20:2:DbetaU,G04,K20,DbetaU,2,TRAIN,4,30207
campaign3_gate2_v1:G04:K20:3:D00,G04,K20,D00,3,VALIDATION,25,30264
campaign3_gate2_v1:G04:K20:3:D01,G04,K20,D01,3,VALIDATION,26,30337
campaign3_gate2_v1:G04:K20:3:D10,G04,K20,D10,3,VALIDATION,5,30280
campaign3_gate2_v1:G04:K20:3:D11,G04,K20,D11,3,VALIDATION,17,30364
campaign3_gate2_v1:G04:K20:3:DbetaU,G04,K20,DbetaU,3,VALIDATION,36,30419
campaign3_gate2_v1:G04:K20:4:D00,G04,K20,D00,4,DEVELOPMENT_TEST,20,30439
campaign3_gate2_v1:G04:K20:4:D01,G04,K20,D01,4,DEVELOPMENT_TEST,6,30497
campaign3_gate2_v1:G04:K20:4:D10,G04,K20,D10,4,DEVELOPMENT_TEST,31,30486
campaign3_gate2_v1:G04:K20:4:D11,G04,K20,D11,4,DEVELOPMENT_TEST,24,30551
campaign3_gate2_v1:G04:K20:4:DbetaU,G04,K20,DbetaU,4,DEVELOPMENT_TEST,34,30597
campaign3_gate2_v1:G04:K21:0:D00,G04,K21,D00,0,TRAIN,9,30608
campaign3_gate2_v1:G04:K21:0:D01,G04,K21,D01,0,TRAIN,7,30678
campaign3_gate2_v1:G04:K21:0:D10,G04,K21,D10,0,TRAIN,11,30646
campaign3_gate2_v1:G04:K21:0:D11,G04,K21,D11,0,TRAIN,9,30716
campaign3_gate2_v1:G04:K21:0:DbetaU,G04,K21,DbetaU,0,TRAIN,12,30755
campaign3_gate2_v1:G04:K21:1:D00,G04,K21,D00,1,TRAIN,4,30783
campaign3_gate2_v1:G04:K21:1:D01,G04,K21,D01,1,TRAIN,29,30880
campaign3_gate2_v1:G04:K21:1:D10,G04,K21,D10,1,TRAIN,22,30837
campaign3_gate2_v1:G04:K21:1:D11,G04,K21,D11,1,TRAIN,13,30900
campaign3_gate2_v1:G04:K21:1:DbetaU,G04,K21,DbetaU,1,TRAIN,6,30929
campaign3_gate2_v1:G04:K21:2:D00,G04,K21,D00,2,TRAIN,20,30979
campaign3_gate2_v1:G04:K21:2:D01,G04,K21,D01,2,TRAIN,22,31053
campaign3_gate2_v1:G04:K21:2:D10,G04,K21,D10,2,TRAIN,12,31007
campaign3_gate2_v1:G04:K21:2:D11,G04,K21,D11,2,TRAIN,23,31090
campaign3_gate2_v1:G04:K21:2:DbetaU,G04,K21,DbetaU,2,TRAIN,9,31112
campaign3_gate2_v1:G04:K21:3:D00,G04,K21,D00,3,VALIDATION,6,31145
campaign3_gate2_v1:G04:K21:3:D01,G04,K21,D01,3,VALIDATION,4,31215
campaign3_gate2_v1:G04:K21:3:D10,G04,K21,D10,3,VALIDATION,11,31186
campaign3_gate2_v1:G04:K21:3:D11,G04,K21,D11,3,VALIDATION,3,31250
campaign3_gate2_v1:G04:K21:3:DbetaU,G04,K21,DbetaU,3,VALIDATION,21,31304
campaign3_gate2_v1:G04:K21:4:D00,G04,K21,D00,4,DEVELOPMENT_TEST,33,31352
campaign3_gate2_v1:G04:K21:4:D01,G04,K21,D01,4,DEVELOPMENT_TEST,13,31404
campaign3_gate2_v1:G04:K21:4:D10,G04,K21,D10,4,DEVELOPMENT_TEST,36,31391
campaign3_gate2_v1:G04:K21:4:D11,G04,K21,D11,4,DEVELOPMENT_TEST,9,31436
campaign3_gate2_v1:G04:K21:4:DbetaU,G04,K21,DbetaU,4,DEVELOPMENT_TEST,35,31498
campaign3_gate2_v1:G04:K23:0:D00,G04,K23,D00,0,TRAIN,19,31518
campaign3_gate2_v1:G04:K23:0:D01,G04,K23,D01,0,TRAIN,17,31588
campaign3_gate2_v1:G04:K23:0:D10,G04,K23,D10,0,TRAIN,14,31549
campaign3_gate2_v1:G04:K23:0:D11,G04,K23,D11,0,TRAIN,6,31613
campaign3_gate2_v1:G04:K23:0:DbetaU,G04,K23,DbetaU,0,TRAIN,29,31672
campaign3_gate2_v1:G04:K23:1:D00,G04,K23,D00,1,TRAIN,21,31700
campaign3_gate2_v1:G04:K23:1:D01,G04,K23,D01,1,TRAIN,27,31778
campaign3_gate2_v1:G04:K23:1:D10,G04,K23,D10,1,TRAIN,29,31744
campaign3_gate2_v1:G04:K23:1:D11,G04,K23,D11,1,TRAIN,12,31799
campaign3_gate2_v1:G04:K23:1:DbetaU,G04,K23,DbetaU,1,TRAIN,5,31828
campaign3_gate2_v1:G04:K23:2:D00,G04,K23,D00,2,TRAIN,11,31870
campaign3_gate2_v1:G04:K23:2:D01,G04,K23,D01,2,TRAIN,25,31956
campaign3_gate2_v1:G04:K23:2:D10,G04,K23,D10,2,TRAIN,6,31901
campaign3_gate2_v1:G04:K23:2:D11,G04,K23,D11,2,TRAIN,33,32000
campaign3_gate2_v1:G04:K23:2:DbetaU,G04,K23,DbetaU,2,TRAIN,4,32007
campaign3_gate2_v1:G04:K23:3:D00,G04,K23,D00,3,VALIDATION,31,32070
campaign3_gate2_v1:G04:K23:3:D01,G04,K23,D01,3,VALIDATION,36,32147
campaign3_gate2_v1:G04:K23:3:D10,G04,K23,D10,3,VALIDATION,21,32096
campaign3_gate2_v1:G04:K23:3:D11,G04,K23,D11,3,VALIDATION,16,32163
campaign3_gate2_v1:G04:K23:3:DbetaU,G04,K23,DbetaU,3,VALIDATION,12,32195
campaign3_gate2_v1:G04:K23:4:D00,G04,K23,D00,4,DEVELOPMENT_TEST,10,32229
campaign3_gate2_v1:G04:K23:4:D01,G04,K23,D01,4,DEVELOPMENT_TEST,6,32297
campaign3_gate2_v1:G04:K23:4:D10,G04,K23,D10,4,DEVELOPMENT_TEST,29,32284
campaign3_gate2_v1:G04:K23:4:D11,G04,K23,D11,4,DEVELOPMENT_TEST,19,32346
campaign3_gate2_v1:G04:K23:4:DbetaU,G04,K23,DbetaU,4,DEVELOPMENT_TEST,35,32398
campaign3_gate2_v1:G04:K25:0:D00,G04,K25,D00,0,TRAIN,30,32429
campaign3_gate2_v1:G04:K25:0:D01,G04,K25,D01,0,TRAIN,30,32501
campaign3_gate2_v1:G04:K25:0:D10,G04,K25,D10,0,TRAIN,5,32440
campaign3_gate2_v1:G04:K25:0:D11,G04,K25,D11,0,TRAIN,26,32533
campaign3_gate2_v1:G04:K25:0:DbetaU,G04,K25,DbetaU,0,TRAIN,13,32556
campaign3_gate2_v1:G04:K25:1:D00,G04,K25,D00,1,TRAIN,26,32605
campaign3_gate2_v1:G04:K25:1:D01,G04,K25,D01,1,TRAIN,27,32678
campaign3_gate2_v1:G04:K25:1:D10,G04,K25,D10,1,TRAIN,10,32625
campaign3_gate2_v1:G04:K25:1:D11,G04,K25,D11,1,TRAIN,18,32705
campaign3_gate2_v1:G04:K25:1:DbetaU,G04,K25,DbetaU,1,TRAIN,18,32741
campaign3_gate2_v1:G04:K25:2:D00,G04,K25,D00,2,TRAIN,27,32786
campaign3_gate2_v1:G04:K25:2:D01,G04,K25,D01,2,TRAIN,13,32844
campaign3_gate2_v1:G04:K25:2:D10,G04,K25,D10,2,TRAIN,16,32811
campaign3_gate2_v1:G04:K25:2:D11,G04,K25,D11,2,TRAIN,27,32894
campaign3_gate2_v1:G04:K25:2:DbetaU,G04,K25,DbetaU,2,TRAIN,33,32936
campaign3_gate2_v1:G04:K25:3:D00,G04,K25,D00,3,VALIDATION,1,32940
campaign3_gate2_v1:G04:K25:3:D01,G04,K25,D01,3,VALIDATION,23,33034
campaign3_gate2_v1:G04:K25:3:D10,G04,K25,D10,3,VALIDATION,12,32987
campaign3_gate2_v1:G04:K25:3:D11,G04,K25,D11,3,VALIDATION,23,33070
campaign3_gate2_v1:G04:K25:3:DbetaU,G04,K25,DbetaU,3,VALIDATION,6,33089
campaign3_gate2_v1:G04:K25:4:D00,G04,K25,D00,4,DEVELOPMENT_TEST,34,33153
campaign3_gate2_v1:G04:K25:4:D01,G04,K25,D01,4,DEVELOPMENT_TEST,1,33192
campaign3_gate2_v1:G04:K25:4:D10,G04,K25,D10,4,DEVELOPMENT_TEST,30,33185
campaign3_gate2_v1:G04:K25:4:D11,G04,K25,D11,4,DEVELOPMENT_TEST,10,33237
campaign3_gate2_v1:G04:K25:4:DbetaU,G04,K25,DbetaU,4,DEVELOPMENT_TEST,32,33295
campaign3_gate2_v1:G04:K26:0:D00,G04,K26,D00,0,TRAIN,17,33316
campaign3_gate2_v1:G04:K26:0:D01,G04,K26,D01,0,TRAIN,17,33388
campaign3_gate2_v1:G04:K26:0:D10,G04,K26,D10,0,TRAIN,3,33338
campaign3_gate2_v1:G04:K26:0:D11,G04,K26,D11,0,TRAIN,19,33426
campaign3_gate2_v1:G04:K26:0:DbetaU,G04,K26,DbetaU,0,TRAIN,20,33463
campaign3_gate2_v1:G04:K26:1:D00,G04,K26,D00,1,TRAIN,36,33515
campaign3_gate2_v1:G04:K26:1:D01,G04,K26,D01,1,TRAIN,16,33567
campaign3_gate2_v1:G04:K26:1:D10,G04,K26,D10,1,TRAIN,24,33539
campaign3_gate2_v1:G04:K26:1:D11,G04,K26,D11,1,TRAIN,8,33595
campaign3_gate2_v1:G04:K26:1:DbetaU,G04,K26,DbetaU,1,TRAIN,31,33654
campaign3_gate2_v1:G04:K26:2:D00,G04,K26,D00,2,TRAIN,8,33667
campaign3_gate2_v1:G04:K26:2:D01,G04,K26,D01,2,TRAIN,18,33749
campaign3_gate2_v1:G04:K26:2:D10,G04,K26,D10,2,TRAIN,35,33730
campaign3_gate2_v1:G04:K26:2:D11,G04,K26,D11,2,TRAIN,35,33802
campaign3_gate2_v1:G04:K26:2:DbetaU,G04,K26,DbetaU,2,TRAIN,33,33836
campaign3_gate2_v1:G04:K26:3:D00,G04,K26,D00,3,VALIDATION,4,33843
campaign3_gate2_v1:G04:K26:3:D01,G04,K26,D01,3,VALIDATION,34,33945
campaign3_gate2_v1:G04:K26:3:D10,G04,K26,D10,3,VALIDATION,30,33905
campaign3_gate2_v1:G04:K26:3:D11,G04,K26,D11,3,VALIDATION,25,33972
campaign3_gate2_v1:G04:K26:3:DbetaU,G04,K26,DbetaU,3,VALIDATION,8,33991
campaign3_gate2_v1:G04:K26:4:D00,G04,K26,D00,4,DEVELOPMENT_TEST,12,34031
campaign3_gate2_v1:G04:K26:4:D01,G04,K26,D01,4,DEVELOPMENT_TEST,16,34107
campaign3_gate2_v1:G04:K26:4:D10,G04,K26,D10,4,DEVELOPMENT_TEST,13,34068
campaign3_gate2_v1:G04:K26:4:D11,G04,K26,D11,4,DEVELOPMENT_TEST,8,34135
campaign3_gate2_v1:G04:K26:4:DbetaU,G04,K26,DbetaU,4,DEVELOPMENT_TEST,33,34196
campaign3_gate2_v1:G04:K27:0:D00,G04,K27,D00,0,TRAIN,36,34235
campaign3_gate2_v1:G04:K27:0:D01,G04,K27,D01,0,TRAIN,8,34279
campaign3_gate2_v1:G04:K27:0:D10,G04,K27,D10,0,TRAIN,26,34261
campaign3_gate2_v1:G04:K27:0:D11,G04,K27,D11,0,TRAIN,2,34309
campaign3_gate2_v1:G04:K27:0:DbetaU,G04,K27,DbetaU,0,TRAIN,34,34377
campaign3_gate2_v1:G04:K27:1:D00,G04,K27,D00,1,TRAIN,9,34388
campaign3_gate2_v1:G04:K27:1:D01,G04,K27,D01,1,TRAIN,11,34462
campaign3_gate2_v1:G04:K27:1:D10,G04,K27,D10,1,TRAIN,19,34434
campaign3_gate2_v1:G04:K27:1:D11,G04,K27,D11,1,TRAIN,4,34491
campaign3_gate2_v1:G04:K27:1:DbetaU,G04,K27,DbetaU,1,TRAIN,5,34528
campaign3_gate2_v1:G04:K27:2:D00,G04,K27,D00,2,TRAIN,28,34587
campaign3_gate2_v1:G04:K27:2:D01,G04,K27,D01,2,TRAIN,33,34664
campaign3_gate2_v1:G04:K27:2:D10,G04,K27,D10,2,TRAIN,16,34611
campaign3_gate2_v1:G04:K27:2:D11,G04,K27,D11,2,TRAIN,30,34697
campaign3_gate2_v1:G04:K27:2:DbetaU,G04,K27,DbetaU,2,TRAIN,29,34732
campaign3_gate2_v1:G04:K27:3:D00,G04,K27,D00,3,VALIDATION,1,34740
campaign3_gate2_v1:G04:K27:3:D01,G04,K27,D01,3,VALIDATION,1,34812
campaign3_gate2_v1:G04:K27:3:D10,G04,K27,D10,3,VALIDATION,17,34792
campaign3_gate2_v1:G04:K27:3:D11,G04,K27,D11,3,VALIDATION,7,34854
campaign3_gate2_v1:G04:K27:3:DbetaU,G04,K27,DbetaU,3,VALIDATION,23,34906
campaign3_gate2_v1:G04:K27:4:D00,G04,K27,D00,4,DEVELOPMENT_TEST,33,34952
campaign3_gate2_v1:G04:K27:4:D01,G04,K27,D01,4,DEVELOPMENT_TEST,2,34993
campaign3_gate2_v1:G04:K27:4:D10,G04,K27,D10,4,DEVELOPMENT_TEST,2,34957
campaign3_gate2_v1:G04:K27:4:D11,G04,K27,D11,4,DEVELOPMENT_TEST,3,35030
campaign3_gate2_v1:G04:K27:4:DbetaU,G04,K27,DbetaU,4,DEVELOPMENT_TEST,11,35074
campaign3_gate2_v1:G04:K31:0:D00,G04,K31,D00,0,TRAIN,31,35130
campaign3_gate2_v1:G04:K31:0:D01,G04,K31,D01,0,TRAIN,33,35204
campaign3_gate2_v1:G04:K31:0:D10,G04,K31,D10,0,TRAIN,4,35139
campaign3_gate2_v1:G04:K31:0:D11,G04,K31,D11,0,TRAIN,36,35243
campaign3_gate2_v1:G04:K31:0:DbetaU,G04,K31,DbetaU,0,TRAIN,19,35262
campaign3_gate2_v1:G04:K31:1:D00,G04,K31,D00,1,TRAIN,11,35290
campaign3_gate2_v1:G04:K31:1:D01,G04,K31,D01,1,TRAIN,34,35385
campaign3_gate2_v1:G04:K31:1:D10,G04,K31,D10,1,TRAIN,19,35334
campaign3_gate2_v1:G04:K31:1:D11,G04,K31,D11,1,TRAIN,24,35411
campaign3_gate2_v1:G04:K31:1:DbetaU,G04,K31,DbetaU,1,TRAIN,16,35439
campaign3_gate2_v1:G04:K31:2:D00,G04,K31,D00,2,TRAIN,23,35482
campaign3_gate2_v1:G04:K31:2:D01,G04,K31,D01,2,TRAIN,28,35559
campaign3_gate2_v1:G04:K31:2:D10,G04,K31,D10,2,TRAIN,32,35527
campaign3_gate2_v1:G04:K31:2:D11,G04,K31,D11,2,TRAIN,35,35602
campaign3_gate2_v1:G04:K31:2:DbetaU,G04,K31,DbetaU,2,TRAIN,23,35626
campaign3_gate2_v1:G04:K31:3:D00,G04,K31,D00,3,VALIDATION,5,35644
campaign3_gate2_v1:G04:K31:3:D01,G04,K31,D01,3,VALIDATION,30,35741
campaign3_gate2_v1:G04:K31:3:D10,G04,K31,D10,3,VALIDATION,30,35705
campaign3_gate2_v1:G04:K31:3:D11,G04,K31,D11,3,VALIDATION,23,35770
campaign3_gate2_v1:G04:K31:3:DbetaU,G04,K31,DbetaU,3,VALIDATION,4,35787
campaign3_gate2_v1:G04:K31:4:D00,G04,K31,D00,4,DEVELOPMENT_TEST,13,35832
campaign3_gate2_v1:G04:K31:4:D01,G04,K31,D01,4,DEVELOPMENT_TEST,1,35892
campaign3_gate2_v1:G04:K31:4:D10,G04,K31,D10,4,DEVELOPMENT_TEST,19,35874
campaign3_gate2_v1:G04:K31:4:D11,G04,K31,D11,4,DEVELOPMENT_TEST,15,35942
campaign3_gate2_v1:G04:K31:4:DbetaU,G04,K31,DbetaU,4,DEVELOPMENT_TEST,8,35971
campaign3_gate2_v1:G04:K32:0:D00,G04,K32,D00,0,TRAIN,10,36009
campaign3_gate2_v1:G04:K32:0:D01,G04,K32,D01,0,TRAIN,21,36092
campaign3_gate2_v1:G04:K32:0:D10,G04,K32,D10,0,TRAIN,15,36050
campaign3_gate2_v1:G04:K32:0:D11,G04,K32,D11,0,TRAIN,12,36119
campaign3_gate2_v1:G04:K32:0:DbetaU,G04,K32,DbetaU,0,TRAIN,35,36178
campaign3_gate2_v1:G04:K32:1:D00,G04,K32,D00,1,TRAIN,10,36189
campaign3_gate2_v1:G04:K32:1:D01,G04,K32,D01,1,TRAIN,3,36254
campaign3_gate2_v1:G04:K32:1:D10,G04,K32,D10,1,TRAIN,23,36238
campaign3_gate2_v1:G04:K32:1:D11,G04,K32,D11,1,TRAIN,3,36290
campaign3_gate2_v1:G04:K32:1:DbetaU,G04,K32,DbetaU,1,TRAIN,22,36345
campaign3_gate2_v1:G04:K32:2:D00,G04,K32,D00,2,TRAIN,29,36388
campaign3_gate2_v1:G04:K32:2:D01,G04,K32,D01,2,TRAIN,3,36434
campaign3_gate2_v1:G04:K32:2:D10,G04,K32,D10,2,TRAIN,20,36415
campaign3_gate2_v1:G04:K32:2:D11,G04,K32,D11,2,TRAIN,12,36479
campaign3_gate2_v1:G04:K32:2:DbetaU,G04,K32,DbetaU,2,TRAIN,27,36530
campaign3_gate2_v1:G04:K32:3:D00,G04,K32,D00,3,VALIDATION,2,36541
campaign3_gate2_v1:G04:K32:3:D01,G04,K32,D01,3,VALIDATION,1,36612
campaign3_gate2_v1:G04:K32:3:D10,G04,K32,D10,3,VALIDATION,9,36584
campaign3_gate2_v1:G04:K32:3:D11,G04,K32,D11,3,VALIDATION,8,36655
campaign3_gate2_v1:G04:K32:3:DbetaU,G04,K32,DbetaU,3,VALIDATION,1,36684
campaign3_gate2_v1:G04:K32:4:D00,G04,K32,D00,4,DEVELOPMENT_TEST,18,36737
campaign3_gate2_v1:G04:K32:4:D01,G04,K32,D01,4,DEVELOPMENT_TEST,8,36799
campaign3_gate2_v1:G04:K32:4:D10,G04,K32,D10,4,DEVELOPMENT_TEST,1,36756
campaign3_gate2_v1:G04:K32:4:D11,G04,K32,D11,4,DEVELOPMENT_TEST,32,36859
campaign3_gate2_v1:G04:K32:4:DbetaU,G04,K32,DbetaU,4,DEVELOPMENT_TEST,18,36881
campaign3_gate2_v1:G04:K33:0:D00,G04,K33,D00,0,TRAIN,4,36903
campaign3_gate2_v1:G04:K33:0:D01,G04,K33,D01,0,TRAIN,12,36983
campaign3_gate2_v1:G04:K33:0:D10,G04,K33,D10,0,TRAIN,15,36950
campaign3_gate2_v1:G04:K33:0:D11,G04,K33,D11,0,TRAIN,19,37026
campaign3_gate2_v1:G04:K33:0:DbetaU,G04,K33,DbetaU,0,TRAIN,2,37045
campaign3_gate2_v1:G04:K33:1:D00,G04,K33,D00,1,TRAIN,11,37090
campaign3_gate2_v1:G04:K33:1:D01,G04,K33,D01,1,TRAIN,27,37178
campaign3_gate2_v1:G04:K33:1:D10,G04,K33,D10,1,TRAIN,22,37137
campaign3_gate2_v1:G04:K33:1:D11,G04,K33,D11,1,TRAIN,3,37190
campaign3_gate2_v1:G04:K33:1:DbetaU,G04,K33,DbetaU,1,TRAIN,35,37258
campaign3_gate2_v1:G04:K33:2:D00,G04,K33,D00,2,TRAIN,26,37285
campaign3_gate2_v1:G04:K33:2:D01,G04,K33,D01,2,TRAIN,34,37365
campaign3_gate2_v1:G04:K33:2:D10,G04,K33,D10,2,TRAIN,9,37304
campaign3_gate2_v1:G04:K33:2:D11,G04,K33,D11,2,TRAIN,2,37369
campaign3_gate2_v1:G04:K33:2:DbetaU,G04,K33,DbetaU,2,TRAIN,8,37411
campaign3_gate2_v1:G04:K33:3:D00,G04,K33,D00,3,VALIDATION,4,37443
campaign3_gate2_v1:G04:K33:3:D01,G04,K33,D01,3,VALIDATION,13,37524
campaign3_gate2_v1:G04:K33:3:D10,G04,K33,D10,3,VALIDATION,20,37495
campaign3_gate2_v1:G04:K33:3:D11,G04,K33,D11,3,VALIDATION,9,37556
campaign3_gate2_v1:G04:K33:3:DbetaU,G04,K33,DbetaU,3,VALIDATION,24,37607
campaign3_gate2_v1:G04:K33:4:D00,G04,K33,D00,4,DEVELOPMENT_TEST,30,37649
campaign3_gate2_v1:G04:K33:4:D01,G04,K33,D01,4,DEVELOPMENT_TEST,13,37704
campaign3_gate2_v1:G04:K33:4:D10,G04,K33,D10,4,DEVELOPMENT_TEST,31,37686
campaign3_gate2_v1:G04:K33:4:D11,G04,K33,D11,4,DEVELOPMENT_TEST,28,37755
campaign3_gate2_v1:G04:K33:4:DbetaU,G04,K33,DbetaU,4,DEVELOPMENT_TEST,31,37794
campaign3_gate2_v1:G05:K01:0:D00,G05,K01,D00,0,TRAIN,18,37817
campaign3_gate2_v1:G05:K01:0:D01,G05,K01,D01,0,TRAIN,2,37873
campaign3_gate2_v1:G05:K01:0:D10,G05,K01,D10,0,TRAIN,20,37855
campaign3_gate2_v1:G05:K01:0:D11,G05,K01,D11,0,TRAIN,24,37931
campaign3_gate2_v1:G05:K01:0:DbetaU,G05,K01,DbetaU,0,TRAIN,3,37946
campaign3_gate2_v1:G05:K01:1:D00,G05,K01,D00,1,TRAIN,1,37980
campaign3_gate2_v1:G05:K01:1:D01,G05,K01,D01,1,TRAIN,3,38054
campaign3_gate2_v1:G05:K01:1:D10,G05,K01,D10,1,TRAIN,32,38047
campaign3_gate2_v1:G05:K01:1:D11,G05,K01,D11,1,TRAIN,24,38111
campaign3_gate2_v1:G05:K01:1:DbetaU,G05,K01,DbetaU,1,TRAIN,27,38150
campaign3_gate2_v1:G05:K01:2:D00,G05,K01,D00,2,TRAIN,9,38168
campaign3_gate2_v1:G05:K01:2:D01,G05,K01,D01,2,TRAIN,3,38234
campaign3_gate2_v1:G05:K01:2:D10,G05,K01,D10,2,TRAIN,4,38199
campaign3_gate2_v1:G05:K01:2:D11,G05,K01,D11,2,TRAIN,7,38274
campaign3_gate2_v1:G05:K01:2:DbetaU,G05,K01,DbetaU,2,TRAIN,28,38331
campaign3_gate2_v1:G05:K01:3:D00,G05,K01,D00,3,VALIDATION,12,38351
campaign3_gate2_v1:G05:K01:3:D01,G05,K01,D01,3,VALIDATION,17,38428
campaign3_gate2_v1:G05:K01:3:D10,G05,K01,D10,3,VALIDATION,24,38399
campaign3_gate2_v1:G05:K01:3:D11,G05,K01,D11,3,VALIDATION,35,38482
campaign3_gate2_v1:G05:K01:3:DbetaU,G05,K01,DbetaU,3,VALIDATION,26,38509
campaign3_gate2_v1:G05:K01:4:D00,G05,K01,D00,4,DEVELOPMENT_TEST,13,38532
campaign3_gate2_v1:G05:K01:4:D01,G05,K01,D01,4,DEVELOPMENT_TEST,16,38607
campaign3_gate2_v1:G05:K01:4:D10,G05,K01,D10,4,DEVELOPMENT_TEST,36,38591
campaign3_gate2_v1:G05:K01:4:D11,G05,K01,D11,4,DEVELOPMENT_TEST,35,38662
campaign3_gate2_v1:G05:K01:4:DbetaU,G05,K01,DbetaU,4,DEVELOPMENT_TEST,8,38671
campaign3_gate2_v1:G05:K02:0:D00,G05,K02,D00,0,TRAIN,2,38701
campaign3_gate2_v1:G05:K02:0:D01,G05,K02,D01,0,TRAIN,35,38806
campaign3_gate2_v1:G05:K02:0:D10,G05,K02,D10,0,TRAIN,6,38741
campaign3_gate2_v1:G05:K02:0:D11,G05,K02,D11,0,TRAIN,2,38809
campaign3_gate2_v1:G05:K02:0:DbetaU,G05,K02,DbetaU,0,TRAIN,25,38868
campaign3_gate2_v1:G05:K02:1:D00,G05,K02,D00,1,TRAIN,12,38891
campaign3_gate2_v1:G05:K02:1:D01,G05,K02,D01,1,TRAIN,6,38957
campaign3_gate2_v1:G05:K02:1:D10,G05,K02,D10,1,TRAIN,13,38928
campaign3_gate2_v1:G05:K02:1:D11,G05,K02,D11,1,TRAIN,11,38998
campaign3_gate2_v1:G05:K02:1:DbetaU,G05,K02,DbetaU,1,TRAIN,20,39043
campaign3_gate2_v1:G05:K02:2:D00,G05,K02,D00,2,TRAIN,23,39082
campaign3_gate2_v1:G05:K02:2:D01,G05,K02,D01,2,TRAIN,29,39160
campaign3_gate2_v1:G05:K02:2:D10,G05,K02,D10,2,TRAIN,23,39118
campaign3_gate2_v1:G05:K02:2:D11,G05,K02,D11,2,TRAIN,8,39175
campaign3_gate2_v1:G05:K02:2:DbetaU,G05,K02,DbetaU,2,TRAIN,1,39204
campaign3_gate2_v1:G05:K02:3:D00,G05,K02,D00,3,VALIDATION,3,39242
campaign3_gate2_v1:G05:K02:3:D01,G05,K02,D01,3,VALIDATION,22,39333
campaign3_gate2_v1:G05:K02:3:D10,G05,K02,D10,3,VALIDATION,26,39301
campaign3_gate2_v1:G05:K02:3:D11,G05,K02,D11,3,VALIDATION,2,39349
campaign3_gate2_v1:G05:K02:3:DbetaU,G05,K02,DbetaU,3,VALIDATION,1,39384
campaign3_gate2_v1:G05:K02:4:D00,G05,K02,D00,4,DEVELOPMENT_TEST,35,39454
campaign3_gate2_v1:G05:K02:4:D01,G05,K02,D01,4,DEVELOPMENT_TEST,3,39494
campaign3_gate2_v1:G05:K02:4:D10,G05,K02,D10,4,DEVELOPMENT_TEST,10,39465
campaign3_gate2_v1:G05:K02:4:D11,G05,K02,D11,4,DEVELOPMENT_TEST,14,39541
campaign3_gate2_v1:G05:K02:4:DbetaU,G05,K02,DbetaU,4,DEVELOPMENT_TEST,9,39572
campaign3_gate2_v1:G05:K03:0:D00,G05,K03,D00,0,TRAIN,16,39615
campaign3_gate2_v1:G05:K03:0:D01,G05,K03,D01,0,TRAIN,4,39675
campaign3_gate2_v1:G05:K03:0:D10,G05,K03,D10,0,TRAIN,2,39637
campaign3_gate2_v1:G05:K03:0:D11,G05,K03,D11,0,TRAIN,16,39723
campaign3_gate2_v1:G05:K03:0:DbetaU,G05,K03,DbetaU,0,TRAIN,23,39766
campaign3_gate2_v1:G05:K03:1:D00,G05,K03,D00,1,TRAIN,30,39809
campaign3_gate2_v1:G05:K03:1:D01,G05,K03,D01,1,TRAIN,2,39853
campaign3_gate2_v1:G05:K03:1:D10,G05,K03,D10,1,TRAIN,22,39837
campaign3_gate2_v1:G05:K03:1:D11,G05,K03,D11,1,TRAIN,4,39891
campaign3_gate2_v1:G05:K03:1:DbetaU,G05,K03,DbetaU,1,TRAIN,12,39935
campaign3_gate2_v1:G05:K03:2:D00,G05,K03,D00,2,TRAIN,33,39992
campaign3_gate2_v1:G05:K03:2:D01,G05,K03,D01,2,TRAIN,25,40056
campaign3_gate2_v1:G05:K03:2:D10,G05,K03,D10,2,TRAIN,13,40008
campaign3_gate2_v1:G05:K03:2:D11,G05,K03,D11,2,TRAIN,14,40081
campaign3_gate2_v1:G05:K03:2:DbetaU,G05,K03,DbetaU,2,TRAIN,17,40120
campaign3_gate2_v1:G05:K03:3:D00,G05,K03,D00,3,VALIDATION,16,40155
campaign3_gate2_v1:G05:K03:3:D01,G05,K03,D01,3,VALIDATION,7,40218
campaign3_gate2_v1:G05:K03:3:D10,G05,K03,D10,3,VALIDATION,11,40186
campaign3_gate2_v1:G05:K03:3:D11,G05,K03,D11,3,VALIDATION,16,40263
campaign3_gate2_v1:G05:K03:3:DbetaU,G05,K03,DbetaU,3,VALIDATION,8,40291
campaign3_gate2_v1:G05:K03:4:D00,G05,K03,D00,4,DEVELOPMENT_TEST,11,40330
campaign3_gate2_v1:G05:K03:4:D01,G05,K03,D01,4,DEVELOPMENT_TEST,30,40421
campaign3_gate2_v1:G05:K03:4:D10,G05,K03,D10,4,DEVELOPMENT_TEST,14,40369
campaign3_gate2_v1:G05:K03:4:D11,G05,K03,D11,4,DEVELOPMENT_TEST,26,40453
campaign3_gate2_v1:G05:K03:4:DbetaU,G05,K03,DbetaU,4,DEVELOPMENT_TEST,18,40481
campaign3_gate2_v1:G05:K05:0:D00,G05,K05,D00,0,TRAIN,30,40529
campaign3_gate2_v1:G05:K05:0:D01,G05,K05,D01,0,TRAIN,15,40586
campaign3_gate2_v1:G05:K05:0:D10,G05,K05,D10,0,TRAIN,24,40559
campaign3_gate2_v1:G05:K05:0:D11,G05,K05,D11,0,TRAIN,8,40615
campaign3_gate2_v1:G05:K05:0:DbetaU,G05,K05,DbetaU,0,TRAIN,9,40652
campaign3_gate2_v1:G05:K05:1:D00,G05,K05,D00,1,TRAIN,2,40681
campaign3_gate2_v1:G05:K05:1:D01,G05,K05,D01,1,TRAIN,16,40767
campaign3_gate2_v1:G05:K05:1:D10,G05,K05,D10,1,TRAIN,23,40738
campaign3_gate2_v1:G05:K05:1:D11,G05,K05,D11,1,TRAIN,26,40813
campaign3_gate2_v1:G05:K05:1:DbetaU,G05,K05,DbetaU,1,TRAIN,4,40827
campaign3_gate2_v1:G05:K05:2:D00,G05,K05,D00,2,TRAIN,23,40882
campaign3_gate2_v1:G05:K05:2:D01,G05,K05,D01,2,TRAIN,4,40935
campaign3_gate2_v1:G05:K05:2:D10,G05,K05,D10,2,TRAIN,7,40902
campaign3_gate2_v1:G05:K05:2:D11,G05,K05,D11,2,TRAIN,27,40994
campaign3_gate2_v1:G05:K05:2:DbetaU,G05,K05,DbetaU,2,TRAIN,3,41006
campaign3_gate2_v1:G05:K05:3:D00,G05,K05,D00,3,VALIDATION,36,41075
campaign3_gate2_v1:G05:K05:3:D01,G05,K05,D01,3,VALIDATION,8,41119
campaign3_gate2_v1:G05:K05:3:D10,G05,K05,D10,3,VALIDATION,8,41083
campaign3_gate2_v1:G05:K05:3:D11,G05,K05,D11,3,VALIDATION,9,41156
campaign3_gate2_v1:G05:K05:3:DbetaU,G05,K05,DbetaU,3,VALIDATION,31,41214
campaign3_gate2_v1:G05:K05:4:D00,G05,K05,D00,4,DEVELOPMENT_TEST,12,41231
campaign3_gate2_v1:G05:K05:4:D01,G05,K05,D01,4,DEVELOPMENT_TEST,9,41300
campaign3_gate2_v1:G05:K05:4:D10,G05,K05,D10,4,DEVELOPMENT_TEST,27,41282
campaign3_gate2_v1:G05:K05:4:D11,G05,K05,D11,4,DEVELOPMENT_TEST,32,41359
campaign3_gate2_v1:G05:K05:4:DbetaU,G05,K05,DbetaU,4,DEVELOPMENT_TEST,10,41373
campaign3_gate2_v1:G05:K06:0:D00,G05,K06,D00,0,TRAIN,29,41428
campaign3_gate2_v1:G05:K06:0:D01,G05,K06,D01,0,TRAIN,21,41492
campaign3_gate2_v1:G05:K06:0:D10,G05,K06,D10,0,TRAIN,32,41467
campaign3_gate2_v1:G05:K06:0:D11,G05,K06,D11,0,TRAIN,28,41535
campaign3_gate2_v1:G05:K06:0:DbetaU,G05,K06,DbetaU,0,TRAIN,6,41549
campaign3_gate2_v1:G05:K06:1:D00,G05,K06,D00,1,TRAIN,19,41598
campaign3_gate2_v1:G05:K06:1:D01,G05,K06,D01,1,TRAIN,8,41659
campaign3_gate2_v1:G05:K06:1:D10,G05,K06,D10,1,TRAIN,11,41626
campaign3_gate2_v1:G05:K06:1:D11,G05,K06,D11,1,TRAIN,33,41720
campaign3_gate2_v1:G05:K06:1:DbetaU,G05,K06,DbetaU,1,TRAIN,32,41755
campaign3_gate2_v1:G05:K06:2:D00,G05,K06,D00,2,TRAIN,7,41766
campaign3_gate2_v1:G05:K06:2:D01,G05,K06,D01,2,TRAIN,28,41859
campaign3_gate2_v1:G05:K06:2:D10,G05,K06,D10,2,TRAIN,31,41826
campaign3_gate2_v1:G05:K06:2:D11,G05,K06,D11,2,TRAIN,4,41871
campaign3_gate2_v1:G05:K06:2:DbetaU,G05,K06,DbetaU,2,TRAIN,11,41914
campaign3_gate2_v1:G05:K06:3:D00,G05,K06,D00,3,VALIDATION,10,41949
campaign3_gate2_v1:G05:K06:3:D01,G05,K06,D01,3,VALIDATION,19,42030
campaign3_gate2_v1:G05:K06:3:D10,G05,K06,D10,3,VALIDATION,25,42000
campaign3_gate2_v1:G05:K06:3:D11,G05,K06,D11,3,VALIDATION,12,42059
campaign3_gate2_v1:G05:K06:3:DbetaU,G05,K06,DbetaU,3,VALIDATION,31,42114
campaign3_gate2_v1:G05:K06:4:D00,G05,K06,D00,4,DEVELOPMENT_TEST,26,42145
campaign3_gate2_v1:G05:K06:4:D01,G05,K06,D01,4,DEVELOPMENT_TEST,4,42195
campaign3_gate2_v1:G05:K06:4:D10,G05,K06,D10,4,DEVELOPMENT_TEST,17,42172
campaign3_gate2_v1:G05:K06:4:D11,G05,K06,D11,4,DEVELOPMENT_TEST,10,42237
campaign3_gate2_v1:G05:K06:4:DbetaU,G05,K06,DbetaU,4,DEVELOPMENT_TEST,36,42299
campaign3_gate2_v1:G05:K07:0:D00,G05,K07,D00,0,TRAIN,12,42311
campaign3_gate2_v1:G05:K07:0:D01,G05,K07,D01,0,TRAIN,36,42407
campaign3_gate2_v1:G05:K07:0:D10,G05,K07,D10,0,TRAIN,14,42349
campaign3_gate2_v1:G05:K07:0:D11,G05,K07,D11,0,TRAIN,17,42424
campaign3_gate2_v1:G05:K07:0:DbetaU,G05,K07,DbetaU,0,TRAIN,17,42460
campaign3_gate2_v1:G05:K07:1:D00,G05,K07,D00,1,TRAIN,36,42515
campaign3_gate2_v1:G05:K07:1:D01,G05,K07,D01,1,TRAIN,24,42575
campaign3_gate2_v1:G05:K07:1:D10,G05,K07,D10,1,TRAIN,10,42525
campaign3_gate2_v1:G05:K07:1:D11,G05,K07,D11,1,TRAIN,7,42594
campaign3_gate2_v1:G05:K07:1:DbetaU,G05,K07,DbetaU,1,TRAIN,24,42647
campaign3_gate2_v1:G05:K07:2:D00,G05,K07,D00,2,TRAIN,19,42678
campaign3_gate2_v1:G05:K07:2:D01,G05,K07,D01,2,TRAIN,17,42748
campaign3_gate2_v1:G05:K07:2:D10,G05,K07,D10,2,TRAIN,20,42715
campaign3_gate2_v1:G05:K07:2:D11,G05,K07,D11,2,TRAIN,35,42802
campaign3_gate2_v1:G05:K07:2:DbetaU,G05,K07,DbetaU,2,TRAIN,19,42822
campaign3_gate2_v1:G05:K07:3:D00,G05,K07,D00,3,VALIDATION,9,42848
campaign3_gate2_v1:G05:K07:3:D01,G05,K07,D01,3,VALIDATION,29,42940
campaign3_gate2_v1:G05:K07:3:D10,G05,K07,D10,3,VALIDATION,18,42893
campaign3_gate2_v1:G05:K07:3:D11,G05,K07,D11,3,VALIDATION,35,42982
campaign3_gate2_v1:G05:K07:3:DbetaU,G05,K07,DbetaU,3,VALIDATION,22,43005
campaign3_gate2_v1:G05:K07:4:D00,G05,K07,D00,4,DEVELOPMENT_TEST,14,43033
campaign3_gate2_v1:G05:K07:4:D01,G05,K07,D01,4,DEVELOPMENT_TEST,16,43107
campaign3_gate2_v1:G05:K07:4:D10,G05,K07,D10,4,DEVELOPMENT_TEST,20,43075
campaign3_gate2_v1:G05:K07:4:D11,G05,K07,D11,4,DEVELOPMENT_TEST,36,43163
campaign3_gate2_v1:G05:K07:4:DbetaU,G05,K07,DbetaU,4,DEVELOPMENT_TEST,15,43178
campaign3_gate2_v1:G05:K10:0:D00,G05,K10,D00,0,TRAIN,27,43226
campaign3_gate2_v1:G05:K10:0:D01,G05,K10,D01,0,TRAIN,18,43289
campaign3_gate2_v1:G05:K10:0:D10,G05,K10,D10,0,TRAIN,12,43247
campaign3_gate2_v1:G05:K10:0:D11,G05,K10,D11,0,TRAIN,24,43331
campaign3_gate2_v1:G05:K10:0:DbetaU,G05,K10,DbetaU,0,TRAIN,9,43352
campaign3_gate2_v1:G05:K10:1:D00,G05,K10,D00,1,TRAIN,4,43383
campaign3_gate2_v1:G05:K10:1:D01,G05,K10,D01,1,TRAIN,21,43472
campaign3_gate2_v1:G05:K10:1:D10,G05,K10,D10,1,TRAIN,9,43424
campaign3_gate2_v1:G05:K10:1:D11,G05,K10,D11,1,TRAIN,18,43505
campaign3_gate2_v1:G05:K10:1:DbetaU,G05,K10,DbetaU,1,TRAIN,20,43543
campaign3_gate2_v1:G05:K10:2:D00,G05,K10,D00,2,TRAIN,25,43584
campaign3_gate2_v1:G05:K10:2:D01,G05,K10,D01,2,TRAIN,5,43636
campaign3_gate2_v1:G05:K10:2:D10,G05,K10,D10,2,TRAIN,8,43603
campaign3_gate2_v1:G05:K10:2:D11,G05,K10,D11,2,TRAIN,19,43686
campaign3_gate2_v1:G05:K10:2:DbetaU,G05,K10,DbetaU,2,TRAIN,29,43732
campaign3_gate2_v1:G05:K10:3:D00,G05,K10,D00,3,VALIDATION,13,43752
campaign3_gate2_v1:G05:K10:3:D01,G05,K10,D01,3,VALIDATION,18,43829
campaign3_gate2_v1:G05:K10:3:D10,G05,K10,D10,3,VALIDATION,29,43804
campaign3_gate2_v1:G05:K10:3:D11,G05,K10,D11,3,VALIDATION,15,43862
campaign3_gate2_v1:G05:K10:3:DbetaU,G05,K10,DbetaU,3,VALIDATION,23,43906
campaign3_gate2_v1:G05:K10:4:D00,G05,K10,D00,4,DEVELOPMENT_TEST,9,43928
campaign3_gate2_v1:G05:K10:4:D01,G05,K10,D01,4,DEVELOPMENT_TEST,26,44017
campaign3_gate2_v1:G05:K10:4:D10,G05,K10,D10,4,DEVELOPMENT_TEST,19,43974
campaign3_gate2_v1:G05:K10:4:D11,G05,K10,D11,4,DEVELOPMENT_TEST,11,44038
campaign3_gate2_v1:G05:K10:4:DbetaU,G05,K10,DbetaU,4,DEVELOPMENT_TEST,4,44067
campaign3_gate2_v1:G05:K11:0:D00,G05,K11,D00,0,TRAIN,23,44122
campaign3_gate2_v1:G05:K11:0:D01,G05,K11,D01,0,TRAIN,18,44189
campaign3_gate2_v1:G05:K11:0:D10,G05,K11,D10,0,TRAIN,23,44158
campaign3_gate2_v1:G05:K11:0:D11,G05,K11,D11,0,TRAIN,29,44236
campaign3_gate2_v1:G05:K11:0:DbetaU,G05,K11,DbetaU,0,TRAIN,11,44254
campaign3_gate2_v1:G05:K11:1:D00,G05,K11,D00,1,TRAIN,20,44299
campaign3_gate2_v1:G05:K11:1:D01,G05,K11,D01,1,TRAIN,7,44358
campaign3_gate2_v1:G05:K11:1:D10,G05,K11,D10,1,TRAIN,2,44317
campaign3_gate2_v1:G05:K11:1:D11,G05,K11,D11,1,TRAIN,35,44422
campaign3_gate2_v1:G05:K11:1:DbetaU,G05,K11,DbetaU,1,TRAIN,33,44456
campaign3_gate2_v1:G05:K11:2:D00,G05,K11,D00,2,TRAIN,25,44484
campaign3_gate2_v1:G05:K11:2:D01,G05,K11,D01,2,TRAIN,18,44549
campaign3_gate2_v1:G05:K11:2:D10,G05,K11,D10,2,TRAIN,4,44499
campaign3_gate2_v1:G05:K11:2:D11,G05,K11,D11,2,TRAIN,28,44595
campaign3_gate2_v1:G05:K11:2:DbetaU,G05,K11,DbetaU,2,TRAIN,35,44638
campaign3_gate2_v1:G05:K11:3:D00,G05,K11,D00,3,VALIDATION,18,44657
campaign3_gate2_v1:G05:K11:3:D01,G05,K11,D01,3,VALIDATION,14,44725
campaign3_gate2_v1:G05:K11:3:D10,G05,K11,D10,3,VALIDATION,3,44678
campaign3_gate2_v1:G05:K11:3:D11,G05,K11,D11,3,VALIDATION,18,44765
campaign3_gate2_v1:G05:K11:3:DbetaU,G05,K11,DbetaU,3,VALIDATION,16,44799
campaign3_gate2_v1:G05:K11:4:D00,G05,K11,D00,4,DEVELOPMENT_TEST,5,44824
campaign3_gate2_v1:G05:K11:4:D01,G05,K11,D01,4,DEVELOPMENT_TEST,28,44919
campaign3_gate2_v1:G05:K11:4:D10,G05,K11,D10,4,DEVELOPMENT_TEST,9,44864
campaign3_gate2_v1:G05:K11:4:D11,G05,K11,D11,4,DEVELOPMENT_TEST,22,44949
campaign3_gate2_v1:G05:K11:4:DbetaU,G05,K11,DbetaU,4,DEVELOPMENT_TEST,14,44977
campaign3_gate2_v1:G05:K13:0:D00,G05,K13,D00,0,TRAIN,2,45001
campaign3_gate2_v1:G05:K13:0:D01,G05,K13,D01,0,TRAIN,8,45079
campaign3_gate2_v1:G05:K13:0:D10,G05,K13,D10,0,TRAIN,1,45036
campaign3_gate2_v1:G05:K13:0:D11,G05,K13,D11,0,TRAIN,9,45116
campaign3_gate2_v1:G05:K13:0:DbetaU,G05,K13,DbetaU,0,TRAIN,17,45160
campaign3_gate2_v1:G05:K13:1:D00,G05,K13,D00,1,TRAIN,21,45200
campaign3_gate2_v1:G05:K13:1:D01,G05,K13,D01,1,TRAIN,11,45262
campaign3_gate2_v1:G05:K13:1:D10,G05,K13,D10,1,TRAIN,33,45248
campaign3_gate2_v1:G05:K13:1:D11,G05,K13,D11,1,TRAIN,16,45303
campaign3_gate2_v1:G05:K13:1:DbetaU,G05,K13,DbetaU,1,TRAIN,28,45351
campaign3_gate2_v1:G05:K13:2:D00,G05,K13,D00,2,TRAIN,36,45395
campaign3_gate2_v1:G05:K13:2:D01,G05,K13,D01,2,TRAIN,2,45433
campaign3_gate2_v1:G05:K13:2:D10,G05,K13,D10,2,TRAIN,3,45398
campaign3_gate2_v1:G05:K13:2:D11,G05,K13,D11,2,TRAIN,28,45495
campaign3_gate2_v1:G05:K13:2:DbetaU,G05,K13,DbetaU,2,TRAIN,16,45519
campaign3_gate2_v1:G05:K13:3:D00,G05,K13,D00,3,VALIDATION,4,45543
campaign3_gate2_v1:G05:K13:3:D01,G05,K13,D01,3,VALIDATION,21,45632
campaign3_gate2_v1:G05:K13:3:D10,G05,K13,D10,3,VALIDATION,10,45585
campaign3_gate2_v1:G05:K13:3:D11,G05,K13,D11,3,VALIDATION,5,45652
campaign3_gate2_v1:G05:K13:3:DbetaU,G05,K13,DbetaU,3,VALIDATION,17,45700
campaign3_gate2_v1:G05:K13:4:D00,G05,K13,D00,4,DEVELOPMENT_TEST,24,45743
campaign3_gate2_v1:G05:K13:4:D01,G05,K13,D01,4,DEVELOPMENT_TEST,36,45827
campaign3_gate2_v1:G05:K13:4:D10,G05,K13,D10,4,DEVELOPMENT_TEST,6,45761
campaign3_gate2_v1:G05:K13:4:D11,G05,K13,D11,4,DEVELOPMENT_TEST,11,45838
campaign3_gate2_v1:G05:K13:4:DbetaU,G05,K13,DbetaU,4,DEVELOPMENT_TEST,5,45868
campaign3_gate2_v1:G05:K15:0:D00,G05,K15,D00,0,TRAIN,12,45911
campaign3_gate2_v1:G05:K15:0:D01,G05,K15,D01,0,TRAIN,7,45978
campaign3_gate2_v1:G05:K15:0:D10,G05,K15,D10,0,TRAIN,24,45959
campaign3_gate2_v1:G05:K15:0:D11,G05,K15,D11,0,TRAIN,33,46040
campaign3_gate2_v1:G05:K15:0:DbetaU,G05,K15,DbetaU,0,TRAIN,16,46059
campaign3_gate2_v1:G05:K15:1:D00,G05,K15,D00,1,TRAIN,17,46096
campaign3_gate2_v1:G05:K15:1:D01,G05,K15,D01,1,TRAIN,1,46152
campaign3_gate2_v1:G05:K15:1:D10,G05,K15,D10,1,TRAIN,20,46135
campaign3_gate2_v1:G05:K15:1:D11,G05,K15,D11,1,TRAIN,34,46221
campaign3_gate2_v1:G05:K15:1:DbetaU,G05,K15,DbetaU,1,TRAIN,14,46237
campaign3_gate2_v1:G05:K15:2:D00,G05,K15,D00,2,TRAIN,5,46264
campaign3_gate2_v1:G05:K15:2:D01,G05,K15,D01,2,TRAIN,3,46334
campaign3_gate2_v1:G05:K15:2:D10,G05,K15,D10,2,TRAIN,26,46321
campaign3_gate2_v1:G05:K15:2:D11,G05,K15,D11,2,TRAIN,11,46378
campaign3_gate2_v1:G05:K15:2:DbetaU,G05,K15,DbetaU,2,TRAIN,21,46424
campaign3_gate2_v1:G05:K15:3:D00,G05,K15,D00,3,VALIDATION,18,46457
campaign3_gate2_v1:G05:K15:3:D01,G05,K15,D01,3,VALIDATION,6,46517
campaign3_gate2_v1:G05:K15:3:D10,G05,K15,D10,3,VALIDATION,22,46497
campaign3_gate2_v1:G05:K15:3:D11,G05,K15,D11,3,VALIDATION,6,46553
campaign3_gate2_v1:G05:K15:3:DbetaU,G05,K15,DbetaU,3,VALIDATION,24,46607
campaign3_gate2_v1:G05:K15:4:D00,G05,K15,D00,4,DEVELOPMENT_TEST,7,46626
campaign3_gate2_v1:G05:K15:4:D01,G05,K15,D01,4,DEVELOPMENT_TEST,21,46712
campaign3_gate2_v1:G05:K15:4:D10,G05,K15,D10,4,DEVELOPMENT_TEST,1,46656
campaign3_gate2_v1:G05:K15:4:D11,G05,K15,D11,4,DEVELOPMENT_TEST,9,46736
campaign3_gate2_v1:G05:K15:4:DbetaU,G05,K15,DbetaU,4,DEVELOPMENT_TEST,7,46770
campaign3_gate2_v1:G05:K16:0:D00,G05,K16,D00,0,TRAIN,17,46816
campaign3_gate2_v1:G05:K16:0:D01,G05,K16,D01,0,TRAIN,36,46907
campaign3_gate2_v1:G05:K16:0:D10,G05,K16,D10,0,TRAIN,23,46858
campaign3_gate2_v1:G05:K16:0:D11,G05,K16,D11,0,TRAIN,1,46908
campaign3_gate2_v1:G05:K16:0:DbetaU,G05,K16,DbetaU,0,TRAIN,10,46953
campaign3_gate2_v1:G05:K16:1:D00,G05,K16,D00,1,TRAIN,31,47010
campaign3_gate2_v1:G05:K16:1:D01,G05,K16,D01,1,TRAIN,19,47070
campaign3_gate2_v1:G05:K16:1:D10,G05,K16,D10,1,TRAIN,14,47029
campaign3_gate2_v1:G05:K16:1:D11,G05,K16,D11,1,TRAIN,19,47106
campaign3_gate2_v1:G05:K16:1:DbetaU,G05,K16,DbetaU,1,TRAIN,24,47147
campaign3_gate2_v1:G05:K16:2:D00,G05,K16,D00,2,TRAIN,9,47168
campaign3_gate2_v1:G05:K16:2:D01,G05,K16,D01,2,TRAIN,7,47238
campaign3_gate2_v1:G05:K16:2:D10,G05,K16,D10,2,TRAIN,20,47215
campaign3_gate2_v1:G05:K16:2:D11,G05,K16,D11,2,TRAIN,4,47271
campaign3_gate2_v1:G05:K16:2:DbetaU,G05,K16,DbetaU,2,TRAIN,20,47323
campaign3_gate2_v1:G05:K16:3:D00,G05,K16,D00,3,VALIDATION,11,47350
campaign3_gate2_v1:G05:K16:3:D01,G05,K16,D01,3,VALIDATION,10,47421
campaign3_gate2_v1:G05:K16:3:D10,G05,K16,D10,3,VALIDATION,32,47407
campaign3_gate2_v1:G05:K16:3:D11,G05,K16,D11,3,VALIDATION,33,47480
campaign3_gate2_v1:G05:K16:3:DbetaU,G05,K16,DbetaU,3,VALIDATION,34,47517
campaign3_gate2_v1:G05:K16:4:D00,G05,K16,D00,4,DEVELOPMENT_TEST,3,47522
campaign3_gate2_v1:G05:K16:4:D01,G05,K16,D01,4,DEVELOPMENT_TEST,18,47609
campaign3_gate2_v1:G05:K16:4:D10,G05,K16,D10,4,DEVELOPMENT_TEST,17,47572
campaign3_gate2_v1:G05:K16:4:D11,G05,K16,D11,4,DEVELOPMENT_TEST,3,47630
campaign3_gate2_v1:G05:K16:4:DbetaU,G05,K16,DbetaU,4,DEVELOPMENT_TEST,17,47680
campaign3_gate2_v1:G05:K17:0:D00,G05,K17,D00,0,TRAIN,12,47711
campaign3_gate2_v1:G05:K17:0:D01,G05,K17,D01,0,TRAIN,6,47777
campaign3_gate2_v1:G05:K17:0:D10,G05,K17,D10,0,TRAIN,35,47770
campaign3_gate2_v1:G05:K17:0:D11,G05,K17,D11,0,TRAIN,22,47829
campaign3_gate2_v1:G05:K17:0:DbetaU,G05,K17,DbetaU,0,TRAIN,23,47866
campaign3_gate2_v1:G05:K17:1:D00,G05,K17,D00,1,TRAIN,7,47886
campaign3_gate2_v1:G05:K17:1:D01,G05,K17,D01,1,TRAIN,36,47987
campaign3_gate2_v1:G05:K17:1:D10,G05,K17,D10,1,TRAIN,11,47926
campaign3_gate2_v1:G05:K17:1:D11,G05,K17,D11,1,TRAIN,33,48020
campaign3_gate2_v1:G05:K17:1:DbetaU,G05,K17,DbetaU,1,TRAIN,14,48037
campaign3_gate2_v1:G05:K17:2:D00,G05,K17,D00,2,TRAIN,2,48061
campaign3_gate2_v1:G05:K17:2:D01,G05,K17,D01,2,TRAIN,4,48135
campaign3_gate2_v1:G05:K17:2:D10,G05,K17,D10,2,TRAIN,9,48104
campaign3_gate2_v1:G05:K17:2:D11,G05,K17,D11,2,TRAIN,24,48191
campaign3_gate2_v1:G05:K17:2:DbetaU,G05,K17,DbetaU,2,TRAIN,22,48225
campaign3_gate2_v1:G05:K17:3:D00,G05,K17,D00,3,VALIDATION,11,48250
campaign3_gate2_v1:G05:K17:3:D01,G05,K17,D01,3,VALIDATION,3,48314
campaign3_gate2_v1:G05:K17:3:D10,G05,K17,D10,3,VALIDATION,30,48305
campaign3_gate2_v1:G05:K17:3:D11,G05,K17,D11,3,VALIDATION,20,48367
campaign3_gate2_v1:G05:K17:3:DbetaU,G05,K17,DbetaU,3,VALIDATION,18,48401
campaign3_gate2_v1:G05:K17:4:D00,G05,K17,D00,4,DEVELOPMENT_TEST,29,48448
campaign3_gate2_v1:G05:K17:4:D01,G05,K17,D01,4,DEVELOPMENT_TEST,2,48493
campaign3_gate2_v1:G05:K17:4:D10,G05,K17,D10,4,DEVELOPMENT_TEST,2,48457
campaign3_gate2_v1:G05:K17:4:D11,G05,K17,D11,4,DEVELOPMENT_TEST,3,48530
campaign3_gate2_v1:G05:K17:4:DbetaU,G05,K17,DbetaU,4,DEVELOPMENT_TEST,21,48584
campaign3_gate2_v1:G05:K20:0:D00,G05,K20,D00,0,TRAIN,17,48616
campaign3_gate2_v1:G05:K20:0:D01,G05,K20,D01,0,TRAIN,13,48684
campaign3_gate2_v1:G05:K20:0:D10,G05,K20,D10,0,TRAIN,5,48640
campaign3_gate2_v1:G05:K20:0:D11,G05,K20,D11,0,TRAIN,32,48739
campaign3_gate2_v1:G05:K20:0:DbetaU,G05,K20,DbetaU,0,TRAIN,16,48759
campaign3_gate2_v1:G05:K20:1:D00,G05,K20,D00,1,TRAIN,26,48805
campaign3_gate2_v1:G05:K20:1:D01,G05,K20,D01,1,TRAIN,13,48864
campaign3_gate2_v1:G05:K20:1:D10,G05,K20,D10,1,TRAIN,13,48828
campaign3_gate2_v1:G05:K20:1:D11,G05,K20,D11,1,TRAIN,3,48890
campaign3_gate2_v1:G05:K20:1:DbetaU,G05,K20,DbetaU,1,TRAIN,18,48941
campaign3_gate2_v1:G05:K20:2:D00,G05,K20,D00,2,TRAIN,8,48967
campaign3_gate2_v1:G05:K20:2:D01,G05,K20,D01,2,TRAIN,28,49059
campaign3_gate2_v1:G05:K20:2:D10,G05,K20,D10,2,TRAIN,26,49021
campaign3_gate2_v1:G05:K20:2:D11,G05,K20,D11,2,TRAIN,4,49071
campaign3_gate2_v1:G05:K20:2:DbetaU,G05,K20,DbetaU,2,TRAIN,29,49132
campaign3_gate2_v1:G05:K20:3:D00,G05,K20,D00,3,VALIDATION,4,49143
campaign3_gate2_v1:G05:K20:3:D01,G05,K20,D01,3,VALIDATION,28,49239
campaign3_gate2_v1:G05:K20:3:D10,G05,K20,D10,3,VALIDATION,23,49198
campaign3_gate2_v1:G05:K20:3:D11,G05,K20,D11,3,VALIDATION,9,49256
campaign3_gate2_v1:G05:K20:3:DbetaU,G05,K20,DbetaU,3,VALIDATION,4,49287
campaign3_gate2_v1:G05:K20:4:D00,G05,K20,D00,4,DEVELOPMENT_TEST,18,49337
campaign3_gate2_v1:G05:K20:4:D01,G05,K20,D01,4,DEVELOPMENT_TEST,15,49406
campaign3_gate2_v1:G05:K20:4:D10,G05,K20,D10,4,DEVELOPMENT_TEST,32,49387
campaign3_gate2_v1:G05:K20:4:D11,G05,K20,D11,4,DEVELOPMENT_TEST,33,49460
campaign3_gate2_v1:G05:K20:4:DbetaU,G05,K20,DbetaU,4,DEVELOPMENT_TEST,21,49484
campaign3_gate2_v1:G05:K21:0:D00,G05,K21,D00,0,TRAIN,11,49510
campaign3_gate2_v1:G05:K21:0:D01,G05,K21,D01,0,TRAIN,17,49588
campaign3_gate2_v1:G05:K21:0:D10,G05,K21,D10,0,TRAIN,26,49561
campaign3_gate2_v1:G05:K21:0:D11,G05,K21,D11,0,TRAIN,27,49634
campaign3_gate2_v1:G05:K21:0:DbetaU,G05,K21,DbetaU,0,TRAIN,29,49672
campaign3_gate2_v1:G05:K21:1:D00,G05,K21,D00,1,TRAIN,11,49690
campaign3_gate2_v1:G05:K21:1:D01,G05,K21,D01,1,TRAIN,1,49752
campaign3_gate2_v1:G05:K21:1:D10,G05,K21,D10,1,TRAIN,3,49718
campaign3_gate2_v1:G05:K21:1:D11,G05,K21,D11,1,TRAIN,3,49790
campaign3_gate2_v1:G05:K21:1:DbetaU,G05,K21,DbetaU,1,TRAIN,27,49850
campaign3_gate2_v1:G05:K21:2:D00,G05,K21,D00,2,TRAIN,20,49879
campaign3_gate2_v1:G05:K21:2:D01,G05,K21,D01,2,TRAIN,10,49941
campaign3_gate2_v1:G05:K21:2:D10,G05,K21,D10,2,TRAIN,26,49921
campaign3_gate2_v1:G05:K21:2:D11,G05,K21,D11,2,TRAIN,5,49972
campaign3_gate2_v1:G05:K21:2:DbetaU,G05,K21,DbetaU,2,TRAIN,27,50030
campaign3_gate2_v1:G05:K21:3:D00,G05,K21,D00,3,VALIDATION,36,50075
campaign3_gate2_v1:G05:K21:3:D01,G05,K21,D01,3,VALIDATION,8,50119
campaign3_gate2_v1:G05:K21:3:D10,G05,K21,D10,3,VALIDATION,5,50080
campaign3_gate2_v1:G05:K21:3:D11,G05,K21,D11,3,VALIDATION,10,50157
campaign3_gate2_v1:G05:K21:3:DbetaU,G05,K21,DbetaU,3,VALIDATION,33,50216
campaign3_gate2_v1:G05:K21:4:D00,G05,K21,D00,4,DEVELOPMENT_TEST,36,50255
campaign3_gate2_v1:G05:K21:4:D01,G05,K21,D01,4,DEVELOPMENT_TEST,3,50294
campaign3_gate2_v1:G05:K21:4:D10,G05,K21,D10,4,DEVELOPMENT_TEST,1,50256
campaign3_gate2_v1:G05:K21:4:D11,G05,K21,D11,4,DEVELOPMENT_TEST,6,50333
campaign3_gate2_v1:G05:K21:4:DbetaU,G05,K21,DbetaU,4,DEVELOPMENT_TEST,17,50380
campaign3_gate2_v1:G05:K23:0:D00,G05,K23,D00,0,TRAIN,24,50423
campaign3_gate2_v1:G05:K23:0:D01,G05,K23,D01,0,TRAIN,24,50495
campaign3_gate2_v1:G05:K23:0:D10,G05,K23,D10,0,TRAIN,25,50460
campaign3_gate2_v1:G05:K23:0:D11,G05,K23,D11,0,TRAIN,12,50519
campaign3_gate2_v1:G05:K23:0:DbetaU,G05,K23,DbetaU,0,TRAIN,34,50577
campaign3_gate2_v1:G05:K23:1:D00,G05,K23,D00,1,TRAIN,32,50611
campaign3_gate2_v1:G05:K23:1:D01,G05,K23,D01,1,TRAIN,5,50656
campaign3_gate2_v1:G05:K23:1:D10,G05,K23,D10,1,TRAIN,10,50625
campaign3_gate2_v1:G05:K23:1:D11,G05,K23,D11,1,TRAIN,31,50718
campaign3_gate2_v1:G05:K23:1:DbetaU,G05,K23,DbetaU,1,TRAIN,25,50748
campaign3_gate2_v1:G05:K23:2:D00,G05,K23,D00,2,TRAIN,9,50768
campaign3_gate2_v1:G05:K23:2:D01,G05,K23,D01,2,TRAIN,26,50857
campaign3_gate2_v1:G05:K23:2:D10,G05,K23,D10,2,TRAIN,24,50819
campaign3_gate2_v1:G05:K23:2:D11,G05,K23,D11,2,TRAIN,31,50898
campaign3_gate2_v1:G05:K23:2:DbetaU,G05,K23,DbetaU,2,TRAIN,7,50910
campaign3_gate2_v1:G05:K23:3:D00,G05,K23,D00,3,VALIDATION,15,50954
campaign3_gate2_v1:G05:K23:3:D01,G05,K23,D01,3,VALIDATION,25,51036
campaign3_gate2_v1:G05:K23:3:D10,G05,K23,D10,3,VALIDATION,27,51002
campaign3_gate2_v1:G05:K23:3:D11,G05,K23,D11,3,VALIDATION,9,51056
campaign3_gate2_v1:G05:K23:3:DbetaU,G05,K23,DbetaU,3,VALIDATION,26,51109
campaign3_gate2_v1:G05:K23:4:D00,G05,K23,D00,4,DEVELOPMENT_TEST,34,51153
campaign3_gate2_v1:G05:K23:4:D01,G05,K23,D01,4,DEVELOPMENT_TEST,7,51198
campaign3_gate2_v1:G05:K23:4:D10,G05,K23,D10,4,DEVELOPMENT_TEST,2,51157
campaign3_gate2_v1:G05:K23:4:D11,G05,K23,D11,4,DEVELOPMENT_TEST,11,51238
campaign3_gate2_v1:G05:K23:4:DbetaU,G05,K23,DbetaU,4,DEVELOPMENT_TEST,26,51289
campaign3_gate2_v1:G05:K25:0:D00,G05,K25,D00,0,TRAIN,33,51332
campaign3_gate2_v1:G05:K25:0:D01,G05,K25,D01,0,TRAIN,11,51382
campaign3_gate2_v1:G05:K25:0:D10,G05,K25,D10,0,TRAIN,33,51368
campaign3_gate2_v1:G05:K25:0:D11,G05,K25,D11,0,TRAIN,30,51437
campaign3_gate2_v1:G05:K25:0:DbetaU,G05,K25,DbetaU,0,TRAIN,9,51452
campaign3_gate2_v1:G05:K25:1:D00,G05,K25,D00,1,TRAIN,31,51510
campaign3_gate2_v1:G05:K25:1:D01,G05,K25,D01,1,TRAIN,29,51580
campaign3_gate2_v1:G05:K25:1:D10,G05,K25,D10,1,TRAIN,1,51516
campaign3_gate2_v1:G05:K25:1:D11,G05,K25,D11,1,TRAIN,20,51607
campaign3_gate2_v1:G05:K25:1:DbetaU,G05,K25,DbetaU,1,TRAIN,5,51628
campaign3_gate2_v1:G05:K25:2:D00,G05,K25,D00,2,TRAIN,4,51663
campaign3_gate2_v1:G05:K25:2:D01,G05,K25,D01,2,TRAIN,19,51750
campaign3_gate2_v1:G05:K25:2:D10,G05,K25,D10,2,TRAIN,1,51696
campaign3_gate2_v1:G05:K25:2:D11,G05,K25,D11,2,TRAIN,7,51774
campaign3_gate2_v1:G05:K25:2:DbetaU,G05,K25,DbetaU,2,TRAIN,11,51814
campaign3_gate2_v1:G05:K25:3:D00,G05,K25,D00,3,VALIDATION,33,51872
campaign3_gate2_v1:G05:K25:3:D01,G05,K25,D01,3,VALIDATION,22,51933
campaign3_gate2_v1:G05:K25:3:D10,G05,K25,D10,3,VALIDATION,7,51882
campaign3_gate2_v1:G05:K25:3:D11,G05,K25,D11,3,VALIDATION,29,51976
campaign3_gate2_v1:G05:K25:3:DbetaU,G05,K25,DbetaU,3,VALIDATION,26,52009
campaign3_gate2_v1:G05:K25:4:D00,G05,K25,D00,4,DEVELOPMENT_TEST,22,52041
campaign3_gate2_v1:G05:K25:4:D01,G05,K25,D01,4,DEVELOPMENT_TEST,6,52097
campaign3_gate2_v1:G05:K25:4:D10,G05,K25,D10,4,DEVELOPMENT_TEST,4,52059
campaign3_gate2_v1:G05:K25:4:D11,G05,K25,D11,4,DEVELOPMENT_TEST,16,52143
campaign3_gate2_v1:G05:K25:4:DbetaU,G05,K25,DbetaU,4,DEVELOPMENT_TEST,9,52172
campaign3_gate2_v1:G05:K26:0:D00,G05,K26,D00,0,TRAIN,23,52222
campaign3_gate2_v1:G05:K26:0:D01,G05,K26,D01,0,TRAIN,14,52285
campaign3_gate2_v1:G05:K26:0:D10,G05,K26,D10,0,TRAIN,15,52250
campaign3_gate2_v1:G05:K26:0:D11,G05,K26,D11,0,TRAIN,7,52314
campaign3_gate2_v1:G05:K26:0:DbetaU,G05,K26,DbetaU,0,TRAIN,3,52346
campaign3_gate2_v1:G05:K26:1:D00,G05,K26,D00,1,TRAIN,21,52400
campaign3_gate2_v1:G05:K26:1:D01,G05,K26,D01,1,TRAIN,29,52480
campaign3_gate2_v1:G05:K26:1:D10,G05,K26,D10,1,TRAIN,18,52433
campaign3_gate2_v1:G05:K26:1:D11,G05,K26,D11,1,TRAIN,23,52510
campaign3_gate2_v1:G05:K26:1:DbetaU,G05,K26,DbetaU,1,TRAIN,34,52557
campaign3_gate2_v1:G05:K26:2:D00,G05,K26,D00,2,TRAIN,8,52567
campaign3_gate2_v1:G05:K26:2:D01,G05,K26,D01,2,TRAIN,11,52642
campaign3_gate2_v1:G05:K26:2:D10,G05,K26,D10,2,TRAIN,8,52603
campaign3_gate2_v1:G05:K26:2:D11,G05,K26,D11,2,TRAIN,6,52673
campaign3_gate2_v1:G05:K26:2:DbetaU,G05,K26,DbetaU,2,TRAIN,22,52725
campaign3_gate2_v1:G05:K26:3:D00,G05,K26,D00,3,VALIDATION,20,52759
campaign3_gate2_v1:G05:K26:3:D01,G05,K26,D01,3,VALIDATION,32,52843
campaign3_gate2_v1:G05:K26:3:D10,G05,K26,D10,3,VALIDATION,14,52789
campaign3_gate2_v1:G05:K26:3:D11,G05,K26,D11,3,VALIDATION,32,52879
campaign3_gate2_v1:G05:K26:3:DbetaU,G05,K26,DbetaU,3,VALIDATION,19,52902
campaign3_gate2_v1:G05:K26:4:D00,G05,K26,D00,4,DEVELOPMENT_TEST,13,52932
campaign3_gate2_v1:G05:K26:4:D01,G05,K26,D01,4,DEVELOPMENT_TEST,12,53003
campaign3_gate2_v1:G05:K26:4:D10,G05,K26,D10,4,DEVELOPMENT_TEST,22,52977
campaign3_gate2_v1:G05:K26:4:D11,G05,K26,D11,4,DEVELOPMENT_TEST,7,53034
campaign3_gate2_v1:G05:K26:4:DbetaU,G05,K26,DbetaU,4,DEVELOPMENT_TEST,27,53090
campaign3_gate2_v1:G05:K27:0:D00,G05,K27,D00,0,TRAIN,10,53109
campaign3_gate2_v1:G05:K27:0:D01,G05,K27,D01,0,TRAIN,17,53188
campaign3_gate2_v1:G05:K27:0:D10,G05,K27,D10,0,TRAIN,11,53146
campaign3_gate2_v1:G05:K27:0:D11,G05,K27,D11,0,TRAIN,28,53235
campaign3_gate2_v1:G05:K27:0:DbetaU,G05,K27,DbetaU,0,TRAIN,3,53246
campaign3_gate2_v1:G05:K27:1:D00,G05,K27,D00,1,TRAIN,6,53285
campaign3_gate2_v1:G05:K27:1:D01,G05,K27,D01,1,TRAIN,20,53371
campaign3_gate2_v1:G05:K27:1:D10,G05,K27,D10,1,TRAIN,6,53321
campaign3_gate2_v1:G05:K27:1:D11,G05,K27,D11,1,TRAIN,1,53388
campaign3_gate2_v1:G05:K27:1:DbetaU,G05,K27,DbetaU,1,TRAIN,3,53426
campaign3_gate2_v1:G05:K27:2:D00,G05,K27,D00,2,TRAIN,15,53474
campaign3_gate2_v1:G05:K27:2:D01,G05,K27,D01,2,TRAIN,25,53556
campaign3_gate2_v1:G05:K27:2:D10,G05,K27,D10,2,TRAIN,20,53515
campaign3_gate2_v1:G05:K27:2:D11,G05,K27,D11,2,TRAIN,22,53589
campaign3_gate2_v1:G05:K27:2:DbetaU,G05,K27,DbetaU,2,TRAIN,9,53612
campaign3_gate2_v1:G05:K27:3:D00,G05,K27,D00,3,VALIDATION,36,53675
campaign3_gate2_v1:G05:K27:3:D01,G05,K27,D01,3,VALIDATION,27,53738
campaign3_gate2_v1:G05:K27:3:D10,G05,K27,D10,3,VALIDATION,30,53705
campaign3_gate2_v1:G05:K27:3:D11,G05,K27,D11,3,VALIDATION,33,53780
campaign3_gate2_v1:G05:K27:3:DbetaU,G05,K27,DbetaU,3,VALIDATION,31,53814
campaign3_gate2_v1:G05:K27:4:D00,G05,K27,D00,4,DEVELOPMENT_TEST,27,53846
campaign3_gate2_v1:G05:K27:4:D01,G05,K27,D01,4,DEVELOPMENT_TEST,4,53895
campaign3_gate2_v1:G05:K27:4:D10,G05,K27,D10,4,DEVELOPMENT_TEST,28,53883
campaign3_gate2_v1:G05:K27:4:D11,G05,K27,D11,4,DEVELOPMENT_TEST,35,53962
campaign3_gate2_v1:G05:K27:4:DbetaU,G05,K27,DbetaU,4,DEVELOPMENT_TEST,21,53984
campaign3_gate2_v1:G05:K31:0:D00,G05,K31,D00,0,TRAIN,25,54024
campaign3_gate2_v1:G05:K31:0:D01,G05,K31,D01,0,TRAIN,13,54084
campaign3_gate2_v1:G05:K31:0:D10,G05,K31,D10,0,TRAIN,9,54044
campaign3_gate2_v1:G05:K31:0:D11,G05,K31,D11,0,TRAIN,36,54143
campaign3_gate2_v1:G05:K31:0:DbetaU,G05,K31,DbetaU,0,TRAIN,17,54160
campaign3_gate2_v1:G05:K31:1:D00,G05,K31,D00,1,TRAIN,15,54194
campaign3_gate2_v1:G05:K31:1:D01,G05,K31,D01,1,TRAIN,4,54255
campaign3_gate2_v1:G05:K31:1:D10,G05,K31,D10,1,TRAIN,31,54246
campaign3_gate2_v1:G05:K31:1:D11,G05,K31,D11,1,TRAIN,3,54290
campaign3_gate2_v1:G05:K31:1:DbetaU,G05,K31,DbetaU,1,TRAIN,29,54352
campaign3_gate2_v1:G05:K31:2:D00,G05,K31,D00,2,TRAIN,28,54387
campaign3_gate2_v1:G05:K31:2:D01,G05,K31,D01,2,TRAIN,6,54437
campaign3_gate2_v1:G05:K31:2:D10,G05,K31,D10,2,TRAIN,20,54415
campaign3_gate2_v1:G05:K31:2:D11,G05,K31,D11,2,TRAIN,15,54482
campaign3_gate2_v1:G05:K31:2:DbetaU,G05,K31,DbetaU,2,TRAIN,35,54538
campaign3_gate2_v1:G05:K31:3:D00,G05,K31,D00,3,VALIDATION,8,54547
campaign3_gate2_v1:G05:K31:3:D01,G05,K31,D01,3,VALIDATION,22,54633
campaign3_gate2_v1:G05:K31:3:D10,G05,K31,D10,3,VALIDATION,23,54598
campaign3_gate2_v1:G05:K31:3:D11,G05,K31,D11,3,VALIDATION,35,54682
campaign3_gate2_v1:G05:K31:3:DbetaU,G05,K31,DbetaU,3,VALIDATION,25,54708
campaign3_gate2_v1:G05:K31:4:D00,G05,K31,D00,4,DEVELOPMENT_TEST,17,54736
campaign3_gate2_v1:G05:K31:4:D01,G05,K31,D01,4,DEVELOPMENT_TEST,28,54819
campaign3_gate2_v1:G05:K31:4:D10,G05,K31,D10,4,DEVELOPMENT_TEST,28,54783
campaign3_gate2_v1:G05:K31:4:D11,G05,K31,D11,4,DEVELOPMENT_TEST,26,54853
campaign3_gate2_v1:G05:K31:4:DbetaU,G05,K31,DbetaU,4,DEVELOPMENT_TEST,18,54881
campaign3_gate2_v1:G05:K32:0:D00,G05,K32,D00,0,TRAIN,19,54918
campaign3_gate2_v1:G05:K32:0:D01,G05,K32,D01,0,TRAIN,12,54983
campaign3_gate2_v1:G05:K32:0:D10,G05,K32,D10,0,TRAIN,1,54936
campaign3_gate2_v1:G05:K32:0:D11,G05,K32,D11,0,TRAIN,14,55021
campaign3_gate2_v1:G05:K32:0:DbetaU,G05,K32,DbetaU,0,TRAIN,12,55055
campaign3_gate2_v1:G05:K32:1:D00,G05,K32,D00,1,TRAIN,28,55107
campaign3_gate2_v1:G05:K32:1:D01,G05,K32,D01,1,TRAIN,23,55174
campaign3_gate2_v1:G05:K32:1:D10,G05,K32,D10,1,TRAIN,20,55135
campaign3_gate2_v1:G05:K32:1:D11,G05,K32,D11,1,TRAIN,30,55217
campaign3_gate2_v1:G05:K32:1:DbetaU,G05,K32,DbetaU,1,TRAIN,20,55243
campaign3_gate2_v1:G05:K32:2:D00,G05,K32,D00,2,TRAIN,8,55267
campaign3_gate2_v1:G05:K32:2:D01,G05,K32,D01,2,TRAIN,22,55353
campaign3_gate2_v1:G05:K32:2:D10,G05,K32,D10,2,TRAIN,1,55296
campaign3_gate2_v1:G05:K32:2:D11,G05,K32,D11,2,TRAIN,12,55379
campaign3_gate2_v1:G05:K32:2:DbetaU,G05,K32,DbetaU,2,TRAIN,21,55424
campaign3_gate2_v1:G05:K32:3:D00,G05,K32,D00,3,VALIDATION,27,55466
campaign3_gate2_v1:G05:K32:3:D01,G05,K32,D01,3,VALIDATION,19,55530
campaign3_gate2_v1:G05:K32:3:D10,G05,K32,D10,3,VALIDATION,25,55500
campaign3_gate2_v1:G05:K32:3:D11,G05,K32,D11,3,VALIDATION,30,55577
campaign3_gate2_v1:G05:K32:3:DbetaU,G05,K32,DbetaU,3,VALIDATION,26,55609
campaign3_gate2_v1:G05:K32:4:D00,G05,K32,D00,4,DEVELOPMENT_TEST,11,55630
campaign3_gate2_v1:G05:K32:4:D01,G05,K32,D01,4,DEVELOPMENT_TEST,24,55715
campaign3_gate2_v1:G05:K32:4:D10,G05,K32,D10,4,DEVELOPMENT_TEST,14,55669
campaign3_gate2_v1:G05:K32:4:D11,G05,K32,D11,4,DEVELOPMENT_TEST,26,55753
campaign3_gate2_v1:G05:K32:4:DbetaU,G05,K32,DbetaU,4,DEVELOPMENT_TEST,32,55795
campaign3_gate2_v1:G05:K33:0:D00,G05,K33,D00,0,TRAIN,32,55831
campaign3_gate2_v1:G05:K33:0:D01,G05,K33,D01,0,TRAIN,30,55901
campaign3_gate2_v1:G05:K33:0:D10,G05,K33,D10,0,TRAIN,19,55854
campaign3_gate2_v1:G05:K33:0:D11,G05,K33,D11,0,TRAIN,18,55925
campaign3_gate2_v1:G05:K33:0:DbetaU,G05,K33,DbetaU,0,TRAIN,13,55956
campaign3_gate2_v1:G05:K33:1:D00,G05,K33,D00,1,TRAIN,3,55982
campaign3_gate2_v1:G05:K33:1:D01,G05,K33,D01,1,TRAIN,7,56058
campaign3_gate2_v1:G05:K33:1:D10,G05,K33,D10,1,TRAIN,22,56037
campaign3_gate2_v1:G05:K33:1:D11,G05,K33,D11,1,TRAIN,30,56117
campaign3_gate2_v1:G05:K33:1:DbetaU,G05,K33,DbetaU,1,TRAIN,6,56129
campaign3_gate2_v1:G05:K33:2:D00,G05,K33,D00,2,TRAIN,6,56165
campaign3_gate2_v1:G05:K33:2:D01,G05,K33,D01,2,TRAIN,35,56266
campaign3_gate2_v1:G05:K33:2:D10,G05,K33,D10,2,TRAIN,30,56225
campaign3_gate2_v1:G05:K33:2:D11,G05,K33,D11,2,TRAIN,22,56289
campaign3_gate2_v1:G05:K33:2:DbetaU,G05,K33,DbetaU,2,TRAIN,24,56327
campaign3_gate2_v1:G05:K33:3:D00,G05,K33,D00,3,VALIDATION,10,56349
campaign3_gate2_v1:G05:K33:3:D01,G05,K33,D01,3,VALIDATION,6,56417
campaign3_gate2_v1:G05:K33:3:D10,G05,K33,D10,3,VALIDATION,29,56404
campaign3_gate2_v1:G05:K33:3:D11,G05,K33,D11,3,VALIDATION,20,56467
campaign3_gate2_v1:G05:K33:3:DbetaU,G05,K33,DbetaU,3,VALIDATION,32,56515
campaign3_gate2_v1:G05:K33:4:D00,G05,K33,D00,4,DEVELOPMENT_TEST,16,56535
campaign3_gate2_v1:G05:K33:4:D01,G05,K33,D01,4,DEVELOPMENT_TEST,3,56594
campaign3_gate2_v1:G05:K33:4:D10,G05,K33,D10,4,DEVELOPMENT_TEST,32,56587
campaign3_gate2_v1:G05:K33:4:D11,G05,K33,D11,4,DEVELOPMENT_TEST,1,56628
campaign3_gate2_v1:G05:K33:4:DbetaU,G05,K33,DbetaU,4,DEVELOPMENT_TEST,32,56695
campaign3_gate2_v1:G07:K01:0:D00,G07,K01,D00,0,TRAIN,28,56727
campaign3_gate2_v1:G07:K01:0:D01,G07,K01,D01,0,TRAIN,33,56804
campaign3_gate2_v1:G07:K01:0:D10,G07,K01,D10,0,TRAIN,4,56739
campaign3_gate2_v1:G07:K01:0:D11,G07,K01,D11,0,TRAIN,21,56828
campaign3_gate2_v1:G07:K01:0:DbetaU,G07,K01,DbetaU,0,TRAIN,27,56870
campaign3_gate2_v1:G07:K01:1:D00,G07,K01,D00,1,TRAIN,10,56889
campaign3_gate2_v1:G07:K01:1:D01,G07,K01,D01,1,TRAIN,5,56956
campaign3_gate2_v1:G07:K01:1:D10,G07,K01,D10,1,TRAIN,29,56944
campaign3_gate2_v1:G07:K01:1:D11,G07,K01,D11,1,TRAIN,31,57018
campaign3_gate2_v1:G07:K01:1:DbetaU,G07,K01,DbetaU,1,TRAIN,25,57048
campaign3_gate2_v1:G07:K01:2:D00,G07,K01,D00,2,TRAIN,25,57084
campaign3_gate2_v1:G07:K01:2:D01,G07,K01,D01,2,TRAIN,2,57133
campaign3_gate2_v1:G07:K01:2:D10,G07,K01,D10,2,TRAIN,13,57108
campaign3_gate2_v1:G07:K01:2:D11,G07,K01,D11,2,TRAIN,3,57170
campaign3_gate2_v1:G07:K01:2:DbetaU,G07,K01,DbetaU,2,TRAIN,24,57227
campaign3_gate2_v1:G07:K01:3:D00,G07,K01,D00,3,VALIDATION,1,57240
campaign3_gate2_v1:G07:K01:3:D01,G07,K01,D01,3,VALIDATION,17,57328
campaign3_gate2_v1:G07:K01:3:D10,G07,K01,D10,3,VALIDATION,22,57297
campaign3_gate2_v1:G07:K01:3:D11,G07,K01,D11,3,VALIDATION,15,57362
campaign3_gate2_v1:G07:K01:3:DbetaU,G07,K01,DbetaU,3,VALIDATION,7,57390
campaign3_gate2_v1:G07:K01:4:D00,G07,K01,D00,4,DEVELOPMENT_TEST,26,57445
campaign3_gate2_v1:G07:K01:4:D01,G07,K01,D01,4,DEVELOPMENT_TEST,7,57498
campaign3_gate2_v1:G07:K01:4:D10,G07,K01,D10,4,DEVELOPMENT_TEST,28,57483
campaign3_gate2_v1:G07:K01:4:D11,G07,K01,D11,4,DEVELOPMENT_TEST,24,57551
campaign3_gate2_v1:G07:K01:4:DbetaU,G07,K01,DbetaU,4,DEVELOPMENT_TEST,35,57598
campaign3_gate2_v1:G07:K02:0:D00,G07,K02,D00,0,TRAIN,5,57604
campaign3_gate2_v1:G07:K02:0:D01,G07,K02,D01,0,TRAIN,19,57690
campaign3_gate2_v1:G07:K02:0:D10,G07,K02,D10,0,TRAIN,12,57647
campaign3_gate2_v1:G07:K02:0:D11,G07,K02,D11,0,TRAIN,28,57735
campaign3_gate2_v1:G07:K02:0:DbetaU,G07,K02,DbetaU,0,TRAIN,8,57751
campaign3_gate2_v1:G07:K02:1:D00,G07,K02,D00,1,TRAIN,23,57802
campaign3_gate2_v1:G07:K02:1:D01,G07,K02,D01,1,TRAIN,11,57862
campaign3_gate2_v1:G07:K02:1:D10,G07,K02,D10,1,TRAIN,2,57817
campaign3_gate2_v1:G07:K02:1:D11,G07,K02,D11,1,TRAIN,34,57921
campaign3_gate2_v1:G07:K02:1:DbetaU,G07,K02,DbetaU,1,TRAIN,3,57926
campaign3_gate2_v1:G07:K02:2:D00,G07,K02,D00,2,TRAIN,9,57968
campaign3_gate2_v1:G07:K02:2:D01,G07,K02,D01,2,TRAIN,4,58035
campaign3_gate2_v1:G07:K02:2:D10,G07,K02,D10,2,TRAIN,10,58005
campaign3_gate2_v1:G07:K02:2:D11,G07,K02,D11,2,TRAIN,8,58075
campaign3_gate2_v1:G07:K02:2:DbetaU,G07,K02,DbetaU,2,TRAIN,24,58127
campaign3_gate2_v1:G07:K02:3:D00,G07,K02,D00,3,VALIDATION,10,58149
campaign3_gate2_v1:G07:K02:3:D01,G07,K02,D01,3,VALIDATION,12,58223
campaign3_gate2_v1:G07:K02:3:D10,G07,K02,D10,3,VALIDATION,9,58184
campaign3_gate2_v1:G07:K02:3:D11,G07,K02,D11,3,VALIDATION,23,58270
campaign3_gate2_v1:G07:K02:3:DbetaU,G07,K02,DbetaU,3,VALIDATION,21,58304
campaign3_gate2_v1:G07:K02:4:D00,G07,K02,D00,4,DEVELOPMENT_TEST,13,58332
campaign3_gate2_v1:G07:K02:4:D01,G07,K02,D01,4,DEVELOPMENT_TEST,28,58419
campaign3_gate2_v1:G07:K02:4:D10,G07,K02,D10,4,DEVELOPMENT_TEST,5,58360
campaign3_gate2_v1:G07:K02:4:D11,G07,K02,D11,4,DEVELOPMENT_TEST,21,58448
campaign3_gate2_v1:G07:K02:4:DbetaU,G07,K02,DbetaU,4,DEVELOPMENT_TEST,15,58478
campaign3_gate2_v1:G07:K03:0:D00,G07,K03,D00,0,TRAIN,8,58507
campaign3_gate2_v1:G07:K03:0:D01,G07,K03,D01,0,TRAIN,30,58601
campaign3_gate2_v1:G07:K03:0:D10,G07,K03,D10,0,TRAIN,2,58537
campaign3_gate2_v1:G07:K03:0:D11,G07,K03,D11,0,TRAIN,3,58610
campaign3_gate2_v1:G07:K03:0:DbetaU,G07,K03,DbetaU,0,TRAIN,3,58646
campaign3_gate2_v1:G07:K03:1:D00,G07,K03,D00,1,TRAIN,9,58688
campaign3_gate2_v1:G07:K03:1:D01,G07,K03,D01,1,TRAIN,35,58786
campaign3_gate2_v1:G07:K03:1:D10,G07,K03,D10,1,TRAIN,24,58739
campaign3_gate2_v1:G07:K03:1:D11,G07,K03,D11,1,TRAIN,27,58814
campaign3_gate2_v1:G07:K03:1:DbetaU,G07,K03,DbetaU,1,TRAIN,14,58837
campaign3_gate2_v1:G07:K03:2:D00,G07,K03,D00,2,TRAIN,5,58864
campaign3_gate2_v1:G07:K03:2:D01,G07,K03,D01,2,TRAIN,27,58958
campaign3_gate2_v1:G07:K03:2:D10,G07,K03,D10,2,TRAIN,32,58927
campaign3_gate2_v1:G07:K03:2:D11,G07,K03,D11,2,TRAIN,29,58996
campaign3_gate2_v1:G07:K03:2:DbetaU,G07,K03,DbetaU,2,TRAIN,21,59024
campaign3_gate2_v1:G07:K03:3:D00,G07,K03,D00,3,VALIDATION,9,59048
campaign3_gate2_v1:G07:K03:3:D01,G07,K03,D01,3,VALIDATION,6,59117
campaign3_gate2_v1:G07:K03:3:D10,G07,K03,D10,3,VALIDATION,18,59093
campaign3_gate2_v1:G07:K03:3:D11,G07,K03,D11,3,VALIDATION,29,59176
campaign3_gate2_v1:G07:K03:3:DbetaU,G07,K03,DbetaU,3,VALIDATION,33,59216
campaign3_gate2_v1:G07:K03:4:D00,G07,K03,D00,4,DEVELOPMENT_TEST,27,59246
campaign3_gate2_v1:G07:K03:4:D01,G07,K03,D01,4,DEVELOPMENT_TEST,17,59308
campaign3_gate2_v1:G07:K03:4:D10,G07,K03,D10,4,DEVELOPMENT_TEST,4,59259
campaign3_gate2_v1:G07:K03:4:D11,G07,K03,D11,4,DEVELOPMENT_TEST,2,59329
campaign3_gate2_v1:G07:K03:4:DbetaU,G07,K03,DbetaU,4,DEVELOPMENT_TEST,15,59378
campaign3_gate2_v1:G07:K05:0:D00,G07,K05,D00,0,TRAIN,1,59400
campaign3_gate2_v1:G07:K05:0:D01,G07,K05,D01,0,TRAIN,5,59476
campaign3_gate2_v1:G07:K05:0:D10,G07,K05,D10,0,TRAIN,16,59451
campaign3_gate2_v1:G07:K05:0:D11,G07,K05,D11,0,TRAIN,32,59539
campaign3_gate2_v1:G07:K05:0:DbetaU,G07,K05,DbetaU,0,TRAIN,18,59561
campaign3_gate2_v1:G07:K05:1:D00,G07,K05,D00,1,TRAIN,9,59588
campaign3_gate2_v1:G07:K05:1:D01,G07,K05,D01,1,TRAIN,17,59668
campaign3_gate2_v1:G07:K05:1:D10,G07,K05,D10,1,TRAIN,28,59643
campaign3_gate2_v1:G07:K05:1:D11,G07,K05,D11,1,TRAIN,36,59723
campaign3_gate2_v1:G07:K05:1:DbetaU,G07,K05,DbetaU,1,TRAIN,35,59758
campaign3_gate2_v1:G07:K05:2:D00,G07,K05,D00,2,TRAIN,34,59793
campaign3_gate2_v1:G07:K05:2:D01,G07,K05,D01,2,TRAIN,10,59841
campaign3_gate2_v1:G07:K05:2:D10,G07,K05,D10,2,TRAIN,12,59807
campaign3_gate2_v1:G07:K05:2:D11,G07,K05,D11,2,TRAIN,19,59886
campaign3_gate2_v1:G07:K05:2:DbetaU,G07,K05,DbetaU,2,TRAIN,34,59937
campaign3_gate2_v1:G07:K05:3:D00,G07,K05,D00,3,VALIDATION,17,59956
campaign3_gate2_v1:G07:K05:3:D01,G07,K05,D01,3,VALIDATION,15,60026
campaign3_gate2_v1:G07:K05:3:D10,G07,K05,D10,3,VALIDATION,2,59977
campaign3_gate2_v1:G07:K05:3:D11,G07,K05,D11,3,VALIDATION,13,60060
campaign3_gate2_v1:G07:K05:3:DbetaU,G07,K05,DbetaU,3,VALIDATION,13,60096
campaign3_gate2_v1:G07:K05:4:D00,G07,K05,D00,4,DEVELOPMENT_TEST,4,60123
campaign3_gate2_v1:G07:K05:4:D01,G07,K05,D01,4,DEVELOPMENT_TEST,11,60202
campaign3_gate2_v1:G07:K05:4:D10,G07,K05,D10,4,DEVELOPMENT_TEST,13,60168
campaign3_gate2_v1:G07:K05:4:D11,G07,K05,D11,4,DEVELOPMENT_TEST,5,60232
campaign3_gate2_v1:G07:K05:4:DbetaU,G07,K05,DbetaU,4,DEVELOPMENT_TEST,10,60273
campaign3_gate2_v1:G07:K06:0:D00,G07,K06,D00,0,TRAIN,22,60321
campaign3_gate2_v1:G07:K06:0:D01,G07,K06,D01,0,TRAIN,19,60390
campaign3_gate2_v1:G07:K06:0:D10,G07,K06,D10,0,TRAIN,7,60342
campaign3_gate2_v1:G07:K06:0:D11,G07,K06,D11,0,TRAIN,16,60423
campaign3_gate2_v1:G07:K06:0:DbetaU,G07,K06,DbetaU,0,TRAIN,7,60450
campaign3_gate2_v1:G07:K06:1:D00,G07,K06,D00,1,TRAIN,9,60488
campaign3_gate2_v1:G07:K06:1:D01,G07,K06,D01,1,TRAIN,12,60563
campaign3_gate2_v1:G07:K06:1:D10,G07,K06,D10,1,TRAIN,34,60549
campaign3_gate2_v1:G07:K06:1:D11,G07,K06,D11,1,TRAIN,9,60596
campaign3_gate2_v1:G07:K06:1:DbetaU,G07,K06,DbetaU,1,TRAIN,20,60643
campaign3_gate2_v1:G07:K06:2:D00,G07,K06,D00,2,TRAIN,17,60676
campaign3_gate2_v1:G07:K06:2:D01,G07,K06,D01,2,TRAIN,15,60746
campaign3_gate2_v1:G07:K06:2:D10,G07,K06,D10,2,TRAIN,15,60710
campaign3_gate2_v1:G07:K06:2:D11,G07,K06,D11,2,TRAIN,7,60774
campaign3_gate2_v1:G07:K06:2:DbetaU,G07,K06,DbetaU,2,TRAIN,26,60829
campaign3_gate2_v1:G07:K06:3:D00,G07,K06,D00,3,VALIDATION,18,60857
campaign3_gate2_v1:G07:K06:3:D01,G07,K06,D01,3,VALIDATION,4,60915
campaign3_gate2_v1:G07:K06:3:D10,G07,K06,D10,3,VALIDATION,33,60908
campaign3_gate2_v1:G07:K06:3:D11,G07,K06,D11,3,VALIDATION,31,60978
campaign3_gate2_v1:G07:K06:3:DbetaU,G07,K06,DbetaU,3,VALIDATION,35,61018
campaign3_gate2_v1:G07:K06:4:D00,G07,K06,D00,4,DEVELOPMENT_TEST,31,61050
campaign3_gate2_v1:G07:K06:4:D01,G07,K06,D01,4,DEVELOPMENT_TEST,4,61095
campaign3_gate2_v1:G07:K06:4:D10,G07,K06,D10,4,DEVELOPMENT_TEST,13,61068
campaign3_gate2_v1:G07:K06:4:D11,G07,K06,D11,4,DEVELOPMENT_TEST,4,61131
campaign3_gate2_v1:G07:K06:4:DbetaU,G07,K06,DbetaU,4,DEVELOPMENT_TEST,36,61199
campaign3_gate2_v1:G07:K07:0:D00,G07,K07,D00,0,TRAIN,17,61216
campaign3_gate2_v1:G07:K07:0:D01,G07,K07,D01,0,TRAIN,33,61304
campaign3_gate2_v1:G07:K07:0:D10,G07,K07,D10,0,TRAIN,36,61271
campaign3_gate2_v1:G07:K07:0:D11,G07,K07,D11,0,TRAIN,27,61334
campaign3_gate2_v1:G07:K07:0:DbetaU,G07,K07,DbetaU,0,TRAIN,5,61348
campaign3_gate2_v1:G07:K07:1:D00,G07,K07,D00,1,TRAIN,20,61399
campaign3_gate2_v1:G07:K07:1:D01,G07,K07,D01,1,TRAIN,35,61486
campaign3_gate2_v1:G07:K07:1:D10,G07,K07,D10,1,TRAIN,9,61424
campaign3_gate2_v1:G07:K07:1:D11,G07,K07,D11,1,TRAIN,29,61516
campaign3_gate2_v1:G07:K07:1:DbetaU,G07,K07,DbetaU,1,TRAIN,36,61559
campaign3_gate2_v1:G07:K07:2:D00,G07,K07,D00,2,TRAIN,33,61592
campaign3_gate2_v1:G07:K07:2:D01,G07,K07,D01,2,TRAIN,19,61650
campaign3_gate2_v1:G07:K07:2:D10,G07,K07,D10,2,TRAIN,31,61626
campaign3_gate2_v1:G07:K07:2:D11,G07,K07,D11,2,TRAIN,2,61669
campaign3_gate2_v1:G07:K07:2:DbetaU,G07,K07,DbetaU,2,TRAIN,12,61715
campaign3_gate2_v1:G07:K07:3:D00,G07,K07,D00,3,VALIDATION,18,61757
campaign3_gate2_v1:G07:K07:3:D01,G07,K07,D01,3,VALIDATION,2,61813
campaign3_gate2_v1:G07:K07:3:D10,G07,K07,D10,3,VALIDATION,21,61796
campaign3_gate2_v1:G07:K07:3:D11,G07,K07,D11,3,VALIDATION,13,61860
campaign3_gate2_v1:G07:K07:3:DbetaU,G07,K07,DbetaU,3,VALIDATION,26,61909
campaign3_gate2_v1:G07:K07:4:D00,G07,K07,D00,4,DEVELOPMENT_TEST,14,61933
campaign3_gate2_v1:G07:K07:4:D01,G07,K07,D01,4,DEVELOPMENT_TEST,27,62018
campaign3_gate2_v1:G07:K07:4:D10,G07,K07,D10,4,DEVELOPMENT_TEST,28,61983
campaign3_gate2_v1:G07:K07:4:D11,G07,K07,D11,4,DEVELOPMENT_TEST,10,62037
campaign3_gate2_v1:G07:K07:4:DbetaU,G07,K07,DbetaU,4,DEVELOPMENT_TEST,34,62097
campaign3_gate2_v1:G07:K10:0:D00,G07,K10,D00,0,TRAIN,35,62134
campaign3_gate2_v1:G07:K10:0:D01,G07,K10,D01,0,TRAIN,24,62195
campaign3_gate2_v1:G07:K10:0:D10,G07,K10,D10,0,TRAIN,35,62170
campaign3_gate2_v1:G07:K10:0:D11,G07,K10,D11,0,TRAIN,16,62223
campaign3_gate2_v1:G07:K10:0:DbetaU,G07,K10,DbetaU,0,TRAIN,3,62246
campaign3_gate2_v1:G07:K10:1:D00,G07,K10,D00,1,TRAIN,18,62297
campaign3_gate2_v1:G07:K10:1:D01,G07,K10,D01,1,TRAIN,34,62385
campaign3_gate2_v1:G07:K10:1:D10,G07,K10,D10,1,TRAIN,33,62348
campaign3_gate2_v1:G07:K10:1:D11,G07,K10,D11,1,TRAIN,32,62419
campaign3_gate2_v1:G07:K10:1:DbetaU,G07,K10,DbetaU,1,TRAIN,3,62426
campaign3_gate2_v1:G07:K10:2:D00,G07,K10,D00,2,TRAIN,29,62488
campaign3_gate2_v1:G07:K10:2:D01,G07,K10,D01,2,TRAIN,10,62541
campaign3_gate2_v1:G07:K10:2:D10,G07,K10,D10,2,TRAIN,16,62511
campaign3_gate2_v1:G07:K10:2:D11,G07,K10,D11,2,TRAIN,27,62594
campaign3_gate2_v1:G07:K10:2:DbetaU,G07,K10,DbetaU,2,TRAIN,27,62630
campaign3_gate2_v1:G07:K10:3:D00,G07,K10,D00,3,VALIDATION,34,62673
campaign3_gate2_v1:G07:K10:3:D01,G07,K10,D01,3,VALIDATION,28,62739
campaign3_gate2_v1:G07:K10:3:D10,G07,K10,D10,3,VALIDATION,5,62680
campaign3_gate2_v1:G07:K10:3:D11,G07,K10,D11,3,VALIDATION,9,62756
campaign3_gate2_v1:G07:K10:3:DbetaU,G07,K10,DbetaU,3,VALIDATION,17,62800
campaign3_gate2_v1:G07:K10:4:D00,G07,K10,D00,4,DEVELOPMENT_TEST,26,62845
campaign3_gate2_v1:G07:K10:4:D01,G07,K10,D01,4,DEVELOPMENT_TEST,12,62903
campaign3_gate2_v1:G07:K10:4:D10,G07,K10,D10,4,DEVELOPMENT_TEST,17,62872
campaign3_gate2_v1:G07:K10:4:D11,G07,K10,D11,4,DEVELOPMENT_TEST,9,62936
campaign3_gate2_v1:G07:K10:4:DbetaU,G07,K10,DbetaU,4,DEVELOPMENT_TEST,19,62982
campaign3_gate2_v1:G07:K11:0:D00,G07,K11,D00,0,TRAIN,12,63011
campaign3_gate2_v1:G07:K11:0:D01,G07,K11,D01,0,TRAIN,30,63101
campaign3_gate2_v1:G07:K11:0:D10,G07,K11,D10,0,TRAIN,3,63038
campaign3_gate2_v1:G07:K11:0:D11,G07,K11,D11,0,TRAIN,22,63129
campaign3_gate2_v1:G07:K11:0:DbetaU,G07,K11,DbetaU,0,TRAIN,36,63179
campaign3_gate2_v1:G07:K11:1:D00,G07,K11,D00,1,TRAIN,31,63210
campaign3_gate2_v1:G07:K11:1:D01,G07,K11,D01,1,TRAIN,21,63272
campaign3_gate2_v1:G07:K11:1:D10,G07,K11,D10,1,TRAIN,27,63242
campaign3_gate2_v1:G07:K11:1:D11,G07,K11,D11,1,TRAIN,34,63321
campaign3_gate2_v1:G07:K11:1:DbetaU,G07,K11,DbetaU,1,TRAIN,19,63342
campaign3_gate2_v1:G07:K11:2:D00,G07,K11,D00,2,TRAIN,36,63395
campaign3_gate2_v1:G07:K11:2:D01,G07,K11,D01,2,TRAIN,33,63464
campaign3_gate2_v1:G07:K11:2:D10,G07,K11,D10,2,TRAIN,26,63421
campaign3_gate2_v1:G07:K11:2:D11,G07,K11,D11,2,TRAIN,9,63476
campaign3_gate2_v1:G07:K11:2:DbetaU,G07,K11,DbetaU,2,TRAIN,19,63522
campaign3_gate2_v1:G07:K11:3:D00,G07,K11,D00,3,VALIDATION,4,63543
campaign3_gate2_v1:G07:K11:3:D01,G07,K11,D01,3,VALIDATION,32,63643
campaign3_gate2_v1:G07:K11:3:D10,G07,K11,D10,3,VALIDATION,18,63593
campaign3_gate2_v1:G07:K11:3:D11,G07,K11,D11,3,VALIDATION,3,63650
campaign3_gate2_v1:G07:K11:3:DbetaU,G07,K11,DbetaU,3,VALIDATION,21,63704
campaign3_gate2_v1:G07:K11:4:D00,G07,K11,D00,4,DEVELOPMENT_TEST,10,63729
campaign3_gate2_v1:G07:K11:4:D01,G07,K11,D01,4,DEVELOPMENT_TEST,35,63826
campaign3_gate2_v1:G07:K11:4:D10,G07,K11,D10,4,DEVELOPMENT_TEST,26,63781
campaign3_gate2_v1:G07:K11:4:D11,G07,K11,D11,4,DEVELOPMENT_TEST,25,63852
campaign3_gate2_v1:G07:K11:4:DbetaU,G07,K11,DbetaU,4,DEVELOPMENT_TEST,18,63881
campaign3_gate2_v1:G07:K13:0:D00,G07,K13,D00,0,TRAIN,28,63927
campaign3_gate2_v1:G07:K13:0:D01,G07,K13,D01,0,TRAIN,24,63995
campaign3_gate2_v1:G07:K13:0:D10,G07,K13,D10,0,TRAIN,9,63944
campaign3_gate2_v1:G07:K13:0:D11,G07,K13,D11,0,TRAIN,36,64043
campaign3_gate2_v1:G07:K13:0:DbetaU,G07,K13,DbetaU,0,TRAIN,9,64052
campaign3_gate2_v1:G07:K13:1:D00,G07,K13,D00,1,TRAIN,34,64113
campaign3_gate2_v1:G07:K13:1:D01,G07,K13,D01,1,TRAIN,25,64176
campaign3_gate2_v1:G07:K13:1:D10,G07,K13,D10,1,TRAIN,4,64119
campaign3_gate2_v1:G07:K13:1:D11,G07,K13,D11,1,TRAIN,25,64212
campaign3_gate2_v1:G07:K13:1:DbetaU,G07,K13,DbetaU,1,TRAIN,36,64259
campaign3_gate2_v1:G07:K13:2:D00,G07,K13,D00,2,TRAIN,12,64271
campaign3_gate2_v1:G07:K13:2:D01,G07,K13,D01,2,TRAIN,33,64364
campaign3_gate2_v1:G07:K13:2:D10,G07,K13,D10,2,TRAIN,12,64307
campaign3_gate2_v1:G07:K13:2:D11,G07,K13,D11,2,TRAIN,15,64382
campaign3_gate2_v1:G07:K13:2:DbetaU,G07,K13,DbetaU,2,TRAIN,1,64404
campaign3_gate2_v1:G07:K13:3:D00,G07,K13,D00,3,VALIDATION,4,64443
campaign3_gate2_v1:G07:K13:3:D01,G07,K13,D01,3,VALIDATION,6,64517
campaign3_gate2_v1:G07:K13:3:D10,G07,K13,D10,3,VALIDATION,23,64498
campaign3_gate2_v1:G07:K13:3:D11,G07,K13,D11,3,VALIDATION,26,64573
campaign3_gate2_v1:G07:K13:3:DbetaU,G07,K13,DbetaU,3,VALIDATION,20,64603
campaign3_gate2_v1:G07:K13:4:D00,G07,K13,D00,4,DEVELOPMENT_TEST,26,64645
campaign3_gate2_v1:G07:K13:4:D01,G07,K13,D01,4,DEVELOPMENT_TEST,11,64702
campaign3_gate2_v1:G07:K13:4:D10,G07,K13,D10,4,DEVELOPMENT_TEST,24,64679
campaign3_gate2_v1:G07:K13:4:D11,G07,K13,D11,4,DEVELOPMENT_TEST,3,64730
campaign3_gate2_v1:G07:K13:4:DbetaU,G07,K13,DbetaU,4,DEVELOPMENT_TEST,4,64767
campaign3_gate2_v1:G07:K15:0:D00,G07,K15,D00,0,TRAIN,20,64819
campaign3_gate2_v1:G07:K15:0:D01,G07,K15,D01,0,TRAIN,36,64907
campaign3_gate2_v1:G07:K15:0:D10,G07,K15,D10,0,TRAIN,35,64870
campaign3_gate2_v1:G07:K15:0:D11,G07,K15,D11,0,TRAIN,8,64915
campaign3_gate2_v1:G07:K15:0:DbetaU,G07,K15,DbetaU,0,TRAIN,20,64963
campaign3_gate2_v1:G07:K15:1:D00,G07,K15,D00,1,TRAIN,20,64999
campaign3_gate2_v1:G07:K15:1:D01,G07,K15,D01,1,TRAIN,14,65065
campaign3_gate2_v1:G07:K15:1:D10,G07,K15,D10,1,TRAIN,13,65028
campaign3_gate2_v1:G07:K15:1:D11,G07,K15,D11,1,TRAIN,7,65094
campaign3_gate2_v1:G07:K15:1:DbetaU,G07,K15,DbetaU,1,TRAIN,25,65148
campaign3_gate2_v1:G07:K15:2:D00,G07,K15,D00,2,TRAIN,11,65170
campaign3_gate2_v1:G07:K15:2:D01,G07,K15,D01,2,TRAIN,17,65248
campaign3_gate2_v1:G07:K15:2:D10,G07,K15,D10,2,TRAIN,26,65221
campaign3_gate2_v1:G07:K15:2:D11,G07,K15,D11,2,TRAIN,27,65294
campaign3_gate2_v1:G07:K15:2:DbetaU,G07,K15,DbetaU,2,TRAIN,6,65309
campaign3_gate2_v1:G07:K15:3:D00,G07,K15,D00,3,VALIDATION,26,65365
campaign3_gate2_v1:G07:K15:3:D01,G07,K15,D01,3,VALIDATION,27,65438
campaign3_gate2_v1:G07:K15:3:D10,G07,K15,D10,3,VALIDATION,1,65376
campaign3_gate2_v1:G07:K15:3:D11,G07,K15,D11,3,VALIDATION,33,65480
campaign3_gate2_v1:G07:K15:3:DbetaU,G07,K15,DbetaU,3,VALIDATION,11,65494
campaign3_gate2_v1:G07:K15:4:D00,G07,K15,D00,4,DEVELOPMENT_TEST,24,65543
campaign3_gate2_v1:G07:K15:4:D01,G07,K15,D01,4,DEVELOPMENT_TEST,22,65613
campaign3_gate2_v1:G07:K15:4:D10,G07,K15,D10,4,DEVELOPMENT_TEST,13,65568
campaign3_gate2_v1:G07:K15:4:D11,G07,K15,D11,4,DEVELOPMENT_TEST,19,65646
campaign3_gate2_v1:G07:K15:4:DbetaU,G07,K15,DbetaU,4,DEVELOPMENT_TEST,15,65678
campaign3_gate2_v1:G07:K16:0:D00,G07,K16,D00,0,TRAIN,36,65735
campaign3_gate2_v1:G07:K16:0:D01,G07,K16,D01,0,TRAIN,20,65791
campaign3_gate2_v1:G07:K16:0:D10,G07,K16,D10,0,TRAIN,30,65765
campaign3_gate2_v1:G07:K16:0:D11,G07,K16,D11,0,TRAIN,2,65809
campaign3_gate2_v1:G07:K16:0:DbetaU,G07,K16,DbetaU,0,TRAIN,7,65850
campaign3_gate2_v1:G07:K16:1:D00,G07,K16,D00,1,TRAIN,30,65909
campaign3_gate2_v1:G07:K16:1:D01,G07,K16,D01,1,TRAIN,9,65960
campaign3_gate2_v1:G07:K16:1:D10,G07,K16,D10,1,TRAIN,22,65937
campaign3_gate2_v1:G07:K16:1:D11,G07,K16,D11,1,TRAIN,35,66022
campaign3_gate2_v1:G07:K16:1:DbetaU,G07,K16,DbetaU,1,TRAIN,16,66039
campaign3_gate2_v1:G07:K16:2:D00,G07,K16,D00,2,TRAIN,12,66071
campaign3_gate2_v1:G07:K16:2:D01,G07,K16,D01,2,TRAIN,20,66151
campaign3_gate2_v1:G07:K16:2:D10,G07,K16,D10,2,TRAIN,30,66125
campaign3_gate2_v1:G07:K16:2:D11,G07,K16,D11,2,TRAIN,20,66187
campaign3_gate2_v1:G07:K16:2:DbetaU,G07,K16,DbetaU,2,TRAIN,5,66208
campaign3_gate2_v1:G07:K16:3:D00,G07,K16,D00,3,VALIDATION,20,66259
campaign3_gate2_v1:G07:K16:3:D01,G07,K16,D01,3,VALIDATION,11,66322
campaign3_gate2_v1:G07:K16:3:D10,G07,K16,D10,3,VALIDATION,2,66277
campaign3_gate2_v1:G07:K16:3:D11,G07,K16,D11,3,VALIDATION,5,66352
campaign3_gate2_v1:G07:K16:3:DbetaU,G07,K16,DbetaU,3,VALIDATION,16,66399
campaign3_gate2_v1:G07:K16:4:D00,G07,K16,D00,4,DEVELOPMENT_TEST,16,66435
campaign3_gate2_v1:G07:K16:4:D01,G07,K16,D01,4,DEVELOPMENT_TEST,12,66503
campaign3_gate2_v1:G07:K16:4:D10,G07,K16,D10,4,DEVELOPMENT_TEST,19,66474
campaign3_gate2_v1:G07:K16:4:D11,G07,K16,D11,4,DEVELOPMENT_TEST,17,66544
campaign3_gate2_v1:G07:K16:4:DbetaU,G07,K16,DbetaU,4,DEVELOPMENT_TEST,31,66594
campaign3_gate2_v1:G07:K17:0:D00,G07,K17,D00,0,TRAIN,8,66607
campaign3_gate2_v1:G07:K17:0:D01,G07,K17,D01,0,TRAIN,32,66703
campaign3_gate2_v1:G07:K17:0:D10,G07,K17,D10,0,TRAIN,24,66659
campaign3_gate2_v1:G07:K17:0:D11,G07,K17,D11,0,TRAIN,18,66725
campaign3_gate2_v1:G07:K17:0:DbetaU,G07,K17,DbetaU,0,TRAIN,14,66757
campaign3_gate2_v1:G07:K17:1:D00,G07,K17,D00,1,TRAIN,3,66782
campaign3_gate2_v1:G07:K17:1:D01,G07,K17,D01,1,TRAIN,28,66879
campaign3_gate2_v1:G07:K17:1:D10,G07,K17,D10,1,TRAIN,27,66842
campaign3_gate2_v1:G07:K17:1:D11,G07,K17,D11,1,TRAIN,4,66891
campaign3_gate2_v1:G07:K17:1:DbetaU,G07,K17,DbetaU,1,TRAIN,18,66941
campaign3_gate2_v1:G07:K17:2:D00,G07,K17,D00,2,TRAIN,26,66985
campaign3_gate2_v1:G07:K17:2:D01,G07,K17,D01,2,TRAIN,22,67053
campaign3_gate2_v1:G07:K17:2:D10,G07,K17,D10,2,TRAIN,32,67027
campaign3_gate2_v1:G07:K17:2:D11,G07,K17,D11,2,TRAIN,18,67085
campaign3_gate2_v1:G07:K17:2:DbetaU,G07,K17,DbetaU,2,TRAIN,29,67132
campaign3_gate2_v1:G07:K17:3:D00,G07,K17,D00,3,VALIDATION,12,67151
campaign3_gate2_v1:G07:K17:3:D01,G07,K17,D01,3,VALIDATION,6,67217
campaign3_gate2_v1:G07:K17:3:D10,G07,K17,D10,3,VALIDATION,36,67211
campaign3_gate2_v1:G07:K17:3:D11,G07,K17,D11,3,VALIDATION,12,67259
campaign3_gate2_v1:G07:K17:3:DbetaU,G07,K17,DbetaU,3,VALIDATION,3,67286
campaign3_gate2_v1:G07:K17:4:D00,G07,K17,D00,4,DEVELOPMENT_TEST,30,67349
campaign3_gate2_v1:G07:K17:4:D01,G07,K17,D01,4,DEVELOPMENT_TEST,17,67408
campaign3_gate2_v1:G07:K17:4:D10,G07,K17,D10,4,DEVELOPMENT_TEST,29,67384
campaign3_gate2_v1:G07:K17:4:D11,G07,K17,D11,4,DEVELOPMENT_TEST,6,67433
campaign3_gate2_v1:G07:K17:4:DbetaU,G07,K17,DbetaU,4,DEVELOPMENT_TEST,23,67486
campaign3_gate2_v1:G07:K20:0:D00,G07,K20,D00,0,TRAIN,34,67533
campaign3_gate2_v1:G07:K20:0:D01,G07,K20,D01,0,TRAIN,3,67574
campaign3_gate2_v1:G07:K20:0:D10,G07,K20,D10,0,TRAIN,1,67536
campaign3_gate2_v1:G07:K20:0:D11,G07,K20,D11,0,TRAIN,16,67623
campaign3_gate2_v1:G07:K20:0:DbetaU,G07,K20,DbetaU,0,TRAIN,18,67661
campaign3_gate2_v1:G07:K20:1:D00,G07,K20,D00,1,TRAIN,29,67708
campaign3_gate2_v1:G07:K20:1:D01,G07,K20,D01,1,TRAIN,30,67781
campaign3_gate2_v1:G07:K20:1:D10,G07,K20,D10,1,TRAIN,2,67717
campaign3_gate2_v1:G07:K20:1:D11,G07,K20,D11,1,TRAIN,32,67819
campaign3_gate2_v1:G07:K20:1:DbetaU,G07,K20,DbetaU,1,TRAIN,17,67840
campaign3_gate2_v1:G07:K20:2:D00,G07,K20,D00,2,TRAIN,28,67887
campaign3_gate2_v1:G07:K20:2:D01,G07,K20,D01,2,TRAIN,31,67962
campaign3_gate2_v1:G07:K20:2:D10,G07,K20,D10,2,TRAIN,22,67917
campaign3_gate2_v1:G07:K20:2:D11,G07,K20,D11,2,TRAIN,36,68003
campaign3_gate2_v1:G07:K20:2:DbetaU,G07,K20,DbetaU,2,TRAIN,3,68006
campaign3_gate2_v1:G07:K20:3:D00,G07,K20,D00,3,VALIDATION,19,68058
campaign3_gate2_v1:G07:K20:3:D01,G07,K20,D01,3,VALIDATION,27,68138
campaign3_gate2_v1:G07:K20:3:D10,G07,K20,D10,3,VALIDATION,34,68109
campaign3_gate2_v1:G07:K20:3:D11,G07,K20,D11,3,VALIDATION,29,68176
campaign3_gate2_v1:G07:K20:3:DbetaU,G07,K20,DbetaU,3,VALIDATION,30,68213
campaign3_gate2_v1:G07:K20:4:D00,G07,K20,D00,4,DEVELOPMENT_TEST,13,68232
campaign3_gate2_v1:G07:K20:4:D01,G07,K20,D01,4,DEVELOPMENT_TEST,8,68299
campaign3_gate2_v1:G07:K20:4:D10,G07,K20,D10,4,DEVELOPMENT_TEST,16,68271
campaign3_gate2_v1:G07:K20:4:D11,G07,K20,D11,4,DEVELOPMENT_TEST,23,68350
campaign3_gate2_v1:G07:K20:4:DbetaU,G07,K20,DbetaU,4,DEVELOPMENT_TEST,17,68380
campaign3_gate2_v1:G07:K21:0:D00,G07,K21,D00,0,TRAIN,11,68410
campaign3_gate2_v1:G07:K21:0:D01,G07,K21,D01,0,TRAIN,29,68500
campaign3_gate2_v1:G07:K21:0:D10,G07,K21,D10,0,TRAIN,6,68441
campaign3_gate2_v1:G07:K21:0:D11,G07,K21,D11,0,TRAIN,27,68534
campaign3_gate2_v1:G07:K21:0:DbetaU,G07,K21,DbetaU,0,TRAIN,1,68544
campaign3_gate2_v1:G07:K21:1:D00,G07,K21,D00,1,TRAIN,16,68595
campaign3_gate2_v1:G07:K21:1:D01,G07,K21,D01,1,TRAIN,4,68655
campaign3_gate2_v1:G07:K21:1:D10,G07,K21,D10,1,TRAIN,8,68623
campaign3_gate2_v1:G07:K21:1:D11,G07,K21,D11,1,TRAIN,18,68705
campaign3_gate2_v1:G07:K21:1:DbetaU,G07,K21,DbetaU,1,TRAIN,16,68739
campaign3_gate2_v1:G07:K21:2:D00,G07,K21,D00,2,TRAIN,29,68788
campaign3_gate2_v1:G07:K21:2:D01,G07,K21,D01,2,TRAIN,31,68862
campaign3_gate2_v1:G07:K21:2:D10,G07,K21,D10,2,TRAIN,18,68813
campaign3_gate2_v1:G07:K21:2:D11,G07,K21,D11,2,TRAIN,25,68892
campaign3_gate2_v1:G07:K21:2:DbetaU,G07,K21,DbetaU,2,TRAIN,10,68913
campaign3_gate2_v1:G07:K21:3:D00,G07,K21,D00,3,VALIDATION,30,68969
campaign3_gate2_v1:G07:K21:3:D01,G07,K21,D01,3,VALIDATION,10,69021
campaign3_gate2_v1:G07:K21:3:D10,G07,K21,D10,3,VALIDATION,12,68987
campaign3_gate2_v1:G07:K21:3:D11,G07,K21,D11,3,VALIDATION,8,69055
campaign3_gate2_v1:G07:K21:3:DbetaU,G07,K21,DbetaU,3,VALIDATION,25,69108
campaign3_gate2_v1:G07:K21:4:D00,G07,K21,D00,4,DEVELOPMENT_TEST,1,69120
campaign3_gate2_v1:G07:K21:4:D01,G07,K21,D01,4,DEVELOPMENT_TEST,30,69221
campaign3_gate2_v1:G07:K21:4:D10,G07,K21,D10,4,DEVELOPMENT_TEST,8,69163
campaign3_gate2_v1:G07:K21:4:D11,G07,K21,D11,4,DEVELOPMENT_TEST,35,69262
campaign3_gate2_v1:G07:K21:4:DbetaU,G07,K21,DbetaU,4,DEVELOPMENT_TEST,1,69264
campaign3_gate2_v1:G07:K23:0:D00,G07,K23,D00,0,TRAIN,22,69321
campaign3_gate2_v1:G07:K23:0:D01,G07,K23,D01,0,TRAIN,23,69394
campaign3_gate2_v1:G07:K23:0:D10,G07,K23,D10,0,TRAIN,9,69344
campaign3_gate2_v1:G07:K23:0:D11,G07,K23,D11,0,TRAIN,18,69425
campaign3_gate2_v1:G07:K23:0:DbetaU,G07,K23,DbetaU,0,TRAIN,5,69448
campaign3_gate2_v1:G07:K23:1:D00,G07,K23,D00,1,TRAIN,13,69492
campaign3_gate2_v1:G07:K23:1:D01,G07,K23,D01,1,TRAIN,20,69571
campaign3_gate2_v1:G07:K23:1:D10,G07,K23,D10,1,TRAIN,34,69549
campaign3_gate2_v1:G07:K23:1:D11,G07,K23,D11,1,TRAIN,33,69620
campaign3_gate2_v1:G07:K23:1:DbetaU,G07,K23,DbetaU,1,TRAIN,12,69635
campaign3_gate2_v1:G07:K23:2:D00,G07,K23,D00,2,TRAIN,21,69680
campaign3_gate2_v1:G07:K23:2:D01,G07,K23,D01,2,TRAIN,21,69752
campaign3_gate2_v1:G07:K23:2:D10,G07,K23,D10,2,TRAIN,7,69702
campaign3_gate2_v1:G07:K23:2:D11,G07,K23,D11,2,TRAIN,29,69796
campaign3_gate2_v1:G07:K23:2:DbetaU,G07,K23,DbetaU,2,TRAIN,13,69816
campaign3_gate2_v1:G07:K23:3:D00,G07,K23,D00,3,VALIDATION,7,69846
campaign3_gate2_v1:G07:K23:3:D01,G07,K23,D01,3,VALIDATION,36,69947
campaign3_gate2_v1:G07:K23:3:D10,G07,K23,D10,3,VALIDATION,32,69907
campaign3_gate2_v1:G07:K23:3:D11,G07,K23,D11,3,VALIDATION,27,69974
campaign3_gate2_v1:G07:K23:3:DbetaU,G07,K23,DbetaU,3,VALIDATION,1,69984
campaign3_gate2_v1:G07:K23:4:D00,G07,K23,D00,4,DEVELOPMENT_TEST,21,70040
campaign3_gate2_v1:G07:K23:4:D01,G07,K23,D01,4,DEVELOPMENT_TEST,15,70106
campaign3_gate2_v1:G07:K23:4:D10,G07,K23,D10,4,DEVELOPMENT_TEST,16,70071
campaign3_gate2_v1:G07:K23:4:D11,G07,K23,D11,4,DEVELOPMENT_TEST,32,70159
campaign3_gate2_v1:G07:K23:4:DbetaU,G07,K23,DbetaU,4,DEVELOPMENT_TEST,21,70184
campaign3_gate2_v1:G07:K25:0:D00,G07,K25,D00,0,TRAIN,23,70222
campaign3_gate2_v1:G07:K25:0:D01,G07,K25,D01,0,TRAIN,15,70286
campaign3_gate2_v1:G07:K25:0:D10,G07,K25,D10,0,TRAIN,30,70265
campaign3_gate2_v1:G07:K25:0:D11,G07,K25,D11,0,TRAIN,7,70314
campaign3_gate2_v1:G07:K25:0:DbetaU,G07,K25,DbetaU,0,TRAIN,20,70363
campaign3_gate2_v1:G07:K25:1:D00,G07,K25,D00,1,TRAIN,33,70412
campaign3_gate2_v1:G07:K25:1:D01,G07,K25,D01,1,TRAIN,32,70483
campaign3_gate2_v1:G07:K25:1:D10,G07,K25,D10,1,TRAIN,10,70425
campaign3_gate2_v1:G07:K25:1:D11,G07,K25,D11,1,TRAIN,21,70508
campaign3_gate2_v1:G07:K25:1:DbetaU,G07,K25,DbetaU,1,TRAIN,17,70540
campaign3_gate2_v1:G07:K25:2:D00,G07,K25,D00,2,TRAIN,19,70578
campaign3_gate2_v1:G07:K25:2:D01,G07,K25,D01,2,TRAIN,26,70657
campaign3_gate2_v1:G07:K25:2:D10,G07,K25,D10,2,TRAIN,19,70614
campaign3_gate2_v1:G07:K25:2:D11,G07,K25,D11,2,TRAIN,31,70698
campaign3_gate2_v1:G07:K25:2:DbetaU,G07,K25,DbetaU,2,TRAIN,3,70706
campaign3_gate2_v1:G07:K25:3:D00,G07,K25,D00,3,VALIDATION,14,70753
campaign3_gate2_v1:G07:K25:3:D01,G07,K25,D01,3,VALIDATION,32,70843
campaign3_gate2_v1:G07:K25:3:D10,G07,K25,D10,3,VALIDATION,33,70808
campaign3_gate2_v1:G07:K25:3:D11,G07,K25,D11,3,VALIDATION,23,70870
campaign3_gate2_v1:G07:K25:3:DbetaU,G07,K25,DbetaU,3,VALIDATION,2,70885
campaign3_gate2_v1:G07:K25:4:D00,G07,K25,D00,4,DEVELOPMENT_TEST,12,70931
campaign3_gate2_v1:G07:K25:4:D01,G07,K25,D01,4,DEVELOPMENT_TEST,25,71016
campaign3_gate2_v1:G07:K25:4:D10,G07,K25,D10,4,DEVELOPMENT_TEST,26,70981
campaign3_gate2_v1:G07:K25:4:D11,G07,K25,D11,4,DEVELOPMENT_TEST,22,71049
campaign3_gate2_v1:G07:K25:4:DbetaU,G07,K25,DbetaU,4,DEVELOPMENT_TEST,2,71065
campaign3_gate2_v1:G07:K26:0:D00,G07,K26,D00,0,TRAIN,20,71119
campaign3_gate2_v1:G07:K26:0:D01,G07,K26,D01,0,TRAIN,21,71192
campaign3_gate2_v1:G07:K26:0:D10,G07,K26,D10,0,TRAIN,19,71154
campaign3_gate2_v1:G07:K26:0:D11,G07,K26,D11,0,TRAIN,4,71211
campaign3_gate2_v1:G07:K26:0:DbetaU,G07,K26,DbetaU,0,TRAIN,16,71259
campaign3_gate2_v1:G07:K26:1:D00,G07,K26,D00,1,TRAIN,10,71289
campaign3_gate2_v1:G07:K26:1:D01,G07,K26,D01,1,TRAIN,1,71352
campaign3_gate2_v1:G07:K26:1:D10,G07,K26,D10,1,TRAIN,3,71318
campaign3_gate2_v1:G07:K26:1:D11,G07,K26,D11,1,TRAIN,28,71415
campaign3_gate2_v1:G07:K26:1:DbetaU,G07,K26,DbetaU,1,TRAIN,18,71441
campaign3_gate2_v1:G07:K26:2:D00,G07,K26,D00,2,TRAIN,4,71463
campaign3_gate2_v1:G07:K26:2:D01,G07,K26,D01,2,TRAIN,28,71559
campaign3_gate2_v1:G07:K26:2:D10,G07,K26,D10,2,TRAIN,19,71514
campaign3_gate2_v1:G07:K26:2:D11,G07,K26,D11,2,TRAIN,26,71593
campaign3_gate2_v1:G07:K26:2:DbetaU,G07,K26,DbetaU,2,TRAIN,34,71637
campaign3_gate2_v1:G07:K26:3:D00,G07,K26,D00,3,VALIDATION,15,71654
campaign3_gate2_v1:G07:K26:3:D01,G07,K26,D01,3,VALIDATION,26,71737
campaign3_gate2_v1:G07:K26:3:D10,G07,K26,D10,3,VALIDATION,32,71707
campaign3_gate2_v1:G07:K26:3:D11,G07,K26,D11,3,VALIDATION,34,71781
campaign3_gate2_v1:G07:K26:3:DbetaU,G07,K26,DbetaU,3,VALIDATION,11,71794
campaign3_gate2_v1:G07:K26:4:D00,G07,K26,D00,4,DEVELOPMENT_TEST,34,71853
campaign3_gate2_v1:G07:K26:4:D01,G07,K26,D01,4,DEVELOPMENT_TEST,6,71897
campaign3_gate2_v1:G07:K26:4:D10,G07,K26,D10,4,DEVELOPMENT_TEST,25,71880
campaign3_gate2_v1:G07:K26:4:D11,G07,K26,D11,4,DEVELOPMENT_TEST,29,71956
campaign3_gate2_v1:G07:K26:4:DbetaU,G07,K26,DbetaU,4,DEVELOPMENT_TEST,17,71980
campaign3_gate2_v1:G07:K27:0:D00,G07,K27,D00,0,TRAIN,23,72022
campaign3_gate2_v1:G07:K27:0:D01,G07,K27,D01,0,TRAIN,11,72082
campaign3_gate2_v1:G07:K27:0:D10,G07,K27,D10,0,TRAIN,23,72058
campaign3_gate2_v1:G07:K27:0:D11,G07,K27,D11,0,TRAIN,2,72109
campaign3_gate2_v1:G07:K27:0:DbetaU,G07,K27,DbetaU,0,TRAIN,23,72166
campaign3_gate2_v1:G07:K27:1:D00,G07,K27,D00,1,TRAIN,10,72189
campaign3_gate2_v1:G07:K27:1:D01,G07,K27,D01,1,TRAIN,30,72281
campaign3_gate2_v1:G07:K27:1:D10,G07,K27,D10,1,TRAIN,10,72225
campaign3_gate2_v1:G07:K27:1:D11,G07,K27,D11,1,TRAIN,13,72300
campaign3_gate2_v1:G07:K27:1:DbetaU,G07,K27,DbetaU,1,TRAIN,28,72351
campaign3_gate2_v1:G07:K27:2:D00,G07,K27,D00,2,TRAIN,7,72366
campaign3_gate2_v1:G07:K27:2:D01,G07,K27,D01,2,TRAIN,1,72432
campaign3_gate2_v1:G07:K27:2:D10,G07,K27,D10,2,TRAIN,14,72409
campaign3_gate2_v1:G07:K27:2:D11,G07,K27,D11,2,TRAIN,30,72497
campaign3_gate2_v1:G07:K27:2:DbetaU,G07,K27,DbetaU,2,TRAIN,7,72510
campaign3_gate2_v1:G07:K27:3:D00,G07,K27,D00,3,VALIDATION,27,72566
campaign3_gate2_v1:G07:K27:3:D01,G07,K27,D01,3,VALIDATION,34,72645
campaign3_gate2_v1:G07:K27:3:D10,G07,K27,D10,3,VALIDATION,35,72610
campaign3_gate2_v1:G07:K27:3:D11,G07,K27,D11,3,VALIDATION,20,72667
campaign3_gate2_v1:G07:K27:3:DbetaU,G07,K27,DbetaU,3,VALIDATION,10,72693
campaign3_gate2_v1:G07:K27:4:D00,G07,K27,D00,4,DEVELOPMENT_TEST,24,72743
campaign3_gate2_v1:G07:K27:4:D01,G07,K27,D01,4,DEVELOPMENT_TEST,17,72808
campaign3_gate2_v1:G07:K27:4:D10,G07,K27,D10,4,DEVELOPMENT_TEST,15,72770
campaign3_gate2_v1:G07:K27:4:D11,G07,K27,D11,4,DEVELOPMENT_TEST,34,72861
campaign3_gate2_v1:G07:K27:4:DbetaU,G07,K27,DbetaU,4,DEVELOPMENT_TEST,16,72879
campaign3_gate2_v1:G07:K31:0:D00,G07,K31,D00,0,TRAIN,17,72916
campaign3_gate2_v1:G07:K31:0:D01,G07,K31,D01,0,TRAIN,19,72990
campaign3_gate2_v1:G07:K31:0:D10,G07,K31,D10,0,TRAIN,23,72958
campaign3_gate2_v1:G07:K31:0:D11,G07,K31,D11,0,TRAIN,24,73031
campaign3_gate2_v1:G07:K31:0:DbetaU,G07,K31,DbetaU,0,TRAIN,11,73054
campaign3_gate2_v1:G07:K31:1:D00,G07,K31,D00,1,TRAIN,15,73094
campaign3_gate2_v1:G07:K31:1:D01,G07,K31,D01,1,TRAIN,28,73179
campaign3_gate2_v1:G07:K31:1:D10,G07,K31,D10,1,TRAIN,8,73123
campaign3_gate2_v1:G07:K31:1:D11,G07,K31,D11,1,TRAIN,18,73205
campaign3_gate2_v1:G07:K31:1:DbetaU,G07,K31,DbetaU,1,TRAIN,31,73254
campaign3_gate2_v1:G07:K31:2:D00,G07,K31,D00,2,TRAIN,31,73290
campaign3_gate2_v1:G07:K31:2:D01,G07,K31,D01,2,TRAIN,20,73351
campaign3_gate2_v1:G07:K31:2:D10,G07,K31,D10,2,TRAIN,1,73296
campaign3_gate2_v1:G07:K31:2:D11,G07,K31,D11,2,TRAIN,12,73379
campaign3_gate2_v1:G07:K31:2:DbetaU,G07,K31,DbetaU,2,TRAIN,13,73416
campaign3_gate2_v1:G07:K31:3:D00,G07,K31,D00,3,VALIDATION,16,73455
campaign3_gate2_v1:G07:K31:3:D01,G07,K31,D01,3,VALIDATION,24,73535
campaign3_gate2_v1:G07:K31:3:D10,G07,K31,D10,3,VALIDATION,24,73499
campaign3_gate2_v1:G07:K31:3:D11,G07,K31,D11,3,VALIDATION,4,73551
campaign3_gate2_v1:G07:K31:3:DbetaU,G07,K31,DbetaU,3,VALIDATION,33,73616
campaign3_gate2_v1:G07:K31:4:D00,G07,K31,D00,4,DEVELOPMENT_TEST,29,73648
campaign3_gate2_v1:G07:K31:4:D01,G07,K31,D01,4,DEVELOPMENT_TEST,3,73694
campaign3_gate2_v1:G07:K31:4:D10,G07,K31,D10,4,DEVELOPMENT_TEST,14,73669
campaign3_gate2_v1:G07:K31:4:D11,G07,K31,D11,4,DEVELOPMENT_TEST,20,73747
campaign3_gate2_v1:G07:K31:4:DbetaU,G07,K31,DbetaU,4,DEVELOPMENT_TEST,18,73781
campaign3_gate2_v1:G07:K32:0:D00,G07,K32,D00,0,TRAIN,2,73801
campaign3_gate2_v1:G07:K32:0:D01,G07,K32,D01,0,TRAIN,29,73900
campaign3_gate2_v1:G07:K32:0:D10,G07,K32,D10,0,TRAIN,36,73871
campaign3_gate2_v1:G07:K32:0:D11,G07,K32,D11,0,TRAIN,15,73922
campaign3_gate2_v1:G07:K32:0:DbetaU,G07,K32,DbetaU,0,TRAIN,3,73946
campaign3_gate2_v1:G07:K32:1:D00,G07,K32,D00,1,TRAIN,25,74004
campaign3_gate2_v1:G07:K32:1:D01,G07,K32,D01,1,TRAIN,10,74061
campaign3_gate2_v1:G07:K32:1:D10,G07,K32,D10,1,TRAIN,32,74047
campaign3_gate2_v1:G07:K32:1:D11,G07,K32,D11,1,TRAIN,31,74118
campaign3_gate2_v1:G07:K32:1:DbetaU,G07,K32,DbetaU,1,TRAIN,2,74125
campaign3_gate2_v1:G07:K32:2:D00,G07,K32,D00,2,TRAIN,26,74185
campaign3_gate2_v1:G07:K32:2:D01,G07,K32,D01,2,TRAIN,12,74243
campaign3_gate2_v1:G07:K32:2:D10,G07,K32,D10,2,TRAIN,9,74204
campaign3_gate2_v1:G07:K32:2:D11,G07,K32,D11,2,TRAIN,36,74303
campaign3_gate2_v1:G07:K32:2:DbetaU,G07,K32,DbetaU,2,TRAIN,14,74317
campaign3_gate2_v1:G07:K32:3:D00,G07,K32,D00,3,VALIDATION,2,74341
campaign3_gate2_v1:G07:K32:3:D01,G07,K32,D01,3,VALIDATION,30,74441
campaign3_gate2_v1:G07:K32:3:D10,G07,K32,D10,3,VALIDATION,2,74377
campaign3_gate2_v1:G07:K32:3:D11,G07,K32,D11,3,VALIDATION,35,74482
campaign3_gate2_v1:G07:K32:3:DbetaU,G07,K32,DbetaU,3,VALIDATION,14,74497
campaign3_gate2_v1:G07:K32:4:D00,G07,K32,D00,4,DEVELOPMENT_TEST,23,74542
campaign3_gate2_v1:G07:K32:4:D01,G07,K32,D01,4,DEVELOPMENT_TEST,2,74593
campaign3_gate2_v1:G07:K32:4:D10,G07,K32,D10,4,DEVELOPMENT_TEST,8,74563
campaign3_gate2_v1:G07:K32:4:D11,G07,K32,D11,4,DEVELOPMENT_TEST,35,74662
campaign3_gate2_v1:G07:K32:4:DbetaU,G07,K32,DbetaU,4,DEVELOPMENT_TEST,24,74687
campaign3_gate2_v1:G07:K33:0:D00,G07,K33,D00,0,TRAIN,1,74700
campaign3_gate2_v1:G07:K33:0:D01,G07,K33,D01,0,TRAIN,19,74790
campaign3_gate2_v1:G07:K33:0:D10,G07,K33,D10,0,TRAIN,19,74754
campaign3_gate2_v1:G07:K33:0:D11,G07,K33,D11,0,TRAIN,31,74838
campaign3_gate2_v1:G07:K33:0:DbetaU,G07,K33,DbetaU,0,TRAIN,3,74846
campaign3_gate2_v1:G07:K33:1:D00,G07,K33,D00,1,TRAIN,3,74882
campaign3_gate2_v1:G07:K33:1:D01,G07,K33,D01,1,TRAIN,25,74976
campaign3_gate2_v1:G07:K33:1:D10,G07,K33,D10,1,TRAIN,17,74932
campaign3_gate2_v1:G07:K33:1:D11,G07,K33,D11,1,TRAIN,23,75010
campaign3_gate2_v1:G07:K33:1:DbetaU,G07,K33,DbetaU,1,TRAIN,3,75026
campaign3_gate2_v1:G07:K33:2:D00,G07,K33,D00,2,TRAIN,15,75074
campaign3_gate2_v1:G07:K33:2:D01,G07,K33,D01,2,TRAIN,34,75165
campaign3_gate2_v1:G07:K33:2:D10,G07,K33,D10,2,TRAIN,27,75122
campaign3_gate2_v1:G07:K33:2:D11,G07,K33,D11,2,TRAIN,25,75192
campaign3_gate2_v1:G07:K33:2:DbetaU,G07,K33,DbetaU,2,TRAIN,20,75223
campaign3_gate2_v1:G07:K33:3:D00,G07,K33,D00,3,VALIDATION,6,75245
campaign3_gate2_v1:G07:K33:3:D01,G07,K33,D01,3,VALIDATION,5,75316
campaign3_gate2_v1:G07:K33:3:D10,G07,K33,D10,3,VALIDATION,3,75278
campaign3_gate2_v1:G07:K33:3:D11,G07,K33,D11,3,VALIDATION,24,75371
campaign3_gate2_v1:G07:K33:3:DbetaU,G07,K33,DbetaU,3,VALIDATION,20,75403
campaign3_gate2_v1:G07:K33:4:D00,G07,K33,D00,4,DEVELOPMENT_TEST,32,75451
campaign3_gate2_v1:G07:K33:4:D01,G07,K33,D01,4,DEVELOPMENT_TEST,1,75492
campaign3_gate2_v1:G07:K33:4:D10,G07,K33,D10,4,DEVELOPMENT_TEST,15,75470
campaign3_gate2_v1:G07:K33:4:D11,G07,K33,D11,4,DEVELOPMENT_TEST,27,75554
campaign3_gate2_v1:G07:K33:4:DbetaU,G07,K33,DbetaU,4,DEVELOPMENT_TEST,27,75590
