seed,N,pair,domain_i,domain_j,c,gamma_learn,gamma_oper,R0,Ri,Rj,Rij,d_i,transition_i_photo,transition_i_art_painting,transition_i_cartoon,transition_i_sketch,d_j,transition_j_photo,transition_j_art_painting,transition_j_cartoon,transition_j_sketch,d_ij,transition_ij_photo,transition_ij_art_painting,transition_ij_cartoon,transition_ij_sketch,gamma_route_photo,gamma_route_art_painting,gamma_route_cartoon,gamma_route_sketch,route_interaction_count,route_interaction_l1,routing_config_count,Fij_pattern_new,delta_gamma,sign_change,delta_class,Vlearn_F0,Voper_F0,Vlearn_Fi,Voper_Fi,Vlearn_Fj,Voper_Fj,Vlearn_Fij,Voper_Fij
0,25,photo-art_painting,photo,art_painting,0.0,0.0407312112722605,0.0086458221437715,"D,F,F,D","D,F,D,D","D,F,D,D","D,F,D,D",1,D→D,F→F,F→D,D→D,1,D→D,F→F,F→D,D→D,1,D→D,F→F,F→D,D→D,0,0,-1,0,1,1,2,False,-0.032085389128489,False,ABSORB,0.818672464573932,0.8415327641275345,0.7557059750226669,0.836783209838902,0.8010581628057312,0.837164938859392,0.7788228845267267,0.841061206714531
0,25,photo-art_painting,photo,art_painting,0.02,0.0407312112722605,0.0136458221437715,"D,F,F,D","D,F,D,D","D,F,D,D","D,F,D,D",1,D→D,F→F,F→D,D→D,1,D→D,F→F,F→D,D→D,1,D→D,F→F,F→D,D→D,0,0,-1,0,1,1,2,False,-0.027085389128489002,False,ABSORB,0.818672464573932,0.8315327641275345,0.7557059750226669,0.821783209838902,0.8010581628057312,0.822164938859392,0.7788228845267267,0.826061206714531
0,25,photo-art_painting,photo,art_painting,0.05,0.0407312112722605,0.0268920101925758,"D,F,F,F","D,F,D,D","D,F,F,D","F,F,D,D",2,D→D,F→F,F→D,F→D,1,D→D,F→F,F→F,F→D,3,D→F,F→F,F→D,F→D,-1,0,0,-1,2,2,4,True,-0.013839201079684702,False,ABSORB,0.818672464573932,0.8201570968646186,0.7557059750226669,0.7992832098389019,0.8010581628057312,0.8026099378756099,0.7788228845267267,0.808628061042469
0,25,photo-art_painting,photo,art_painting,0.1,0.0407312112722605,0.0308993079460568,"F,F,F,F","F,F,F,D","F,F,F,F","F,F,F,D",1,F→F,F→F,F→F,F→D,0,F→F,F→F,F→F,F→F,1,F→F,F→F,F→F,F→D,0,0,0,0,0,0,2,False,-0.009831903326203702,False,ABSORB,0.818672464573932,0.818672464573932,0.7557059750226669,0.7740493065923562,0.8010581628057312,0.8010581628057312,0.7788228845267267,0.7873343127702123
0,25,photo-art_painting,photo,art_painting,0.15,0.0407312112722605,0.0348878797025712,"F,F,F,F","F,F,F,D","F,F,F,F","F,F,F,F",1,F→F,F→F,F→F,F→D,0,F→F,F→F,F→F,F→F,0,F→F,F→F,F→F,F→F,0,0,0,-1,1,1,2,False,-0.005843331569689303,False,ABSORB,0.818672464573932,0.818672464573932,0.7557059750226669,0.7615493065923562,0.8010581628057312,0.8010581628057312,0.7788228845267267,0.7788228845267267
0,25,photo-cartoon,photo,cartoon,0.0,0.0826236661530928,0.006432889314185,"D,F,F,D","D,F,D,D","D,F,D,D","D,F,D,D",1,D→D,F→F,F→D,D→D,1,D→D,F→F,F→D,D→D,1,D→D,F→F,F→D,D→D,0,0,-1,0,1,1,2,False,-0.0761907768389078,False,ABSORB,0.818672464573932,0.8415327641275345,0.7557059750226669,0.836783209838902,0.7640862964309324,0.8282381264481222,0.7837434730327602,0.8299214614736747
0,25,photo-cartoon,photo,cartoon,0.02,0.0826236661530928,0.0085348805870435,"D,F,F,D","D,F,D,D","D,F,F,D","D,F,D,D",1,D→D,F→F,F→D,D→D,0,D→D,F→F,F→F,D→D,1,D→D,F→F,F→D,D→D,0,0,0,0,0,0,2,False,-0.0740887855660493,False,ABSORB,0.818672464573932,0.8315327641275345,0.7557059750226669,0.821783209838902,0.7640862964309324,0.8161361351752637,0.7837434730327602,0.8149214614736747
0,25,photo-cartoon,photo,cartoon,0.05,0.0826236661530928,0.0145049029718807,"D,F,F,F","D,F,D,D","D,F,F,D","D,F,F,D",2,D→D,F→F,F→D,F→D,1,D→D,F→F,F→F,F→D,1,D→D,F→F,F→F,F→D,0,0,-1,-1,2,2,3,False,-0.0681187631812121,False,ABSORB,0.818672464573932,0.8201570968646186,0.7557059750226669,0.7992832098389019,0.7640862964309324,0.8011361351752637,0.7837434730327602,0.7947671511214278
0,25,photo-cartoon,photo,cartoon,0.1,0.0826236661530928,0.0486042906913352,"F,F,F,F","F,F,F,D","F,F,F,D","F,F,F,F",1,F→F,F→F,F→F,F→D,1,F→F,F→F,F→F,F→D,0,F→F,F→F,F→F,F→F,0,0,0,-2,1,2,2,True,-0.0340193754617576,False,ABSORB,0.818672464573932,0.818672464573932,0.7557059750226669,0.7740493065923562,0.7640862964309324,0.7797623403230007,0.7837434730327602,0.7837434730327602
0,25,photo-cartoon,photo,cartoon,0.15,0.0826236661530928,0.0736042906913351,"F,F,F,F","F,F,F,D","F,F,F,D","F,F,F,F",1,F→F,F→F,F→F,F→D,1,F→F,F→F,F→F,F→D,0,F→F,F→F,F→F,F→F,0,0,0,-2,1,2,2,True,-0.009019375461757698,False,ABSORB,0.818672464573932,0.818672464573932,0.7557059750226669,0.7615493065923562,0.7640862964309324,0.7672623403230008,0.7837434730327602,0.7837434730327602
0,25,photo-sketch,photo,sketch,0.0,0.1345307687296913,0.0086949933586695,"D,F,F,D","D,F,D,D","D,D,D,D","D,F,F,D",1,D→D,F→F,F→D,D→D,2,D→D,F→D,F→D,D→D,0,D→D,F→F,F→F,D→D,0,-1,-2,0,2,3,3,True,-0.1258357753710218,False,ABSORB,0.818672464573932,0.8415327641275345,0.7557059750226669,0.836783209838902,0.7193008161096974,0.825797612405375,0.7908650952881238,0.8297430514754119
0,25,photo-sketch,photo,sketch,0.02,0.1345307687296913,0.0198212066011332,"D,F,F,D","D,F,D,D","D,D,F,D","D,F,F,D",1,D→D,F→F,F→D,D→D,1,D→D,F→D,F→F,D→D,0,D→D,F→F,F→F,D→D,0,-1,-1,0,2,2,3,True,-0.1147095621285581,False,ABSORB,0.818672464573932,0.8315327641275345,0.7557059750226669,0.821783209838902,0.7193008161096974,0.8096713991629112,0.7908650952881238,0.8197430514754119
0,25,photo-sketch,photo,sketch,0.05,0.1345307687296913,0.0384455393382175,"D,F,F,F","D,F,D,D","D,D,F,D","D,F,F,D",2,D→D,F→F,F→D,F→D,2,D→D,F→D,F→F,F→D,1,D→D,F→F,F→F,F→D,0,-1,-1,-1,3,3,4,True,-0.09608522939147379,False,ABSORB,0.818672464573932,0.8201570968646186,0.7557059750226669,0.7992832098389019,0.7193008161096974,0.787171399162911,0.7908650952881238,0.8047430514754119
0,25,photo-sketch,photo,sketch,0.1,0.1345307687296913,0.0858168541067884,"F,F,F,F","F,F,F,D","D,D,F,D","F,F,F,F",1,F→F,F→F,F→F,F→D,3,F→D,F→D,F→F,F→D,0,F→F,F→F,F→F,F→F,-1,-1,0,-2,3,4,3,True,-0.04871391462290291,False,ABSORB,0.818672464573932,0.818672464573932,0.7557059750226669,0.7740493065923562,0.7193008161096974,0.7496713991629111,0.7908650952881238,0.7908650952881238
0,25,photo-sketch,photo,sketch,0.15,0.1345307687296913,0.1255046364164195,"F,F,F,F","F,F,F,D","D,F,F,F","F,F,F,F",1,F→F,F→F,F→F,F→D,1,F→D,F→F,F→F,F→F,0,F→F,F→F,F→F,F→F,-1,0,0,-1,2,2,3,True,-0.00902613231327179,False,ABSORB,0.818672464573932,0.818672464573932,0.7557059750226669,0.7615493065923562,0.7193008161096974,0.72248361685328,0.7908650952881238,0.7908650952881238
0,25,art_painting-cartoon,art_painting,cartoon,0.0,0.0522517105769787,0.0070082661001442,"D,F,F,D","D,F,D,D","D,F,D,D","D,F,D,D",1,D→D,F→F,F→D,D→D,1,D→D,F→F,F→D,D→D,1,D→D,F→F,F→D,D→D,0,0,-1,0,1,1,2,False,-0.0452434444768345,False,ABSORB,0.818672464573932,0.8415327641275345,0.8010581628057312,0.837164938859392,0.7640862964309324,0.8282381264481222,0.7987237052397104,0.830878567280124
0,25,art_painting-cartoon,art_painting,cartoon,0.02,0.0522517105769787,0.0091102573730027,"D,F,F,D","D,F,D,D","D,F,F,D","D,F,D,D",1,D→D,F→F,F→D,D→D,0,D→D,F→F,F→F,D→D,1,D→D,F→F,F→D,D→D,0,0,0,0,0,0,2,False,-0.043141453203976,False,ABSORB,0.818672464573932,0.8315327641275345,0.8010581628057312,0.822164938859392,0.7640862964309324,0.8161361351752637,0.7987237052397104,0.815878567280124
0,25,art_painting-cartoon,art_painting,cartoon,0.05,0.0522517105769787,0.0151347290534553,"D,F,F,F","D,F,F,D","D,F,F,D","F,F,F,F",1,D→D,F→F,F→F,F→D,1,D→D,F→F,F→F,F→D,1,D→F,F→F,F→F,F→F,-1,0,0,-2,2,3,3,True,-0.0371169815235234,False,ABSORB,0.818672464573932,0.8201570968646186,0.8010581628057312,0.8026099378756099,0.7640862964309324,0.8011361351752637,0.7987237052397104,0.7987237052397104
0,25,art_painting-cartoon,art_painting,cartoon,0.1,0.0522517105769787,0.0365756666849104,"F,F,F,F","F,F,F,F","F,F,F,D","F,F,F,F",0,F→F,F→F,F→F,F→F,1,F→F,F→F,F→F,F→D,0,F→F,F→F,F→F,F→F,0,0,0,-1,1,1,2,False,-0.015676043892068302,False,ABSORB,0.818672464573932,0.818672464573932,0.8010581628057312,0.8010581628057312,0.7640862964309324,0.7797623403230007,0.7987237052397104,0.7987237052397104
0,25,art_painting-cartoon,art_painting,cartoon,0.15,0.0522517105769787,0.0490756666849103,"F,F,F,F","F,F,F,F","F,F,F,D","F,F,F,F",0,F→F,F→F,F→F,F→F,1,F→F,F→F,F→F,F→D,0,F→F,F→F,F→F,F→F,0,0,0,-1,1,1,2,False,-0.0031760438920684017,False,ABSORB,0.818672464573932,0.818672464573932,0.8010581628057312,0.8010581628057312,0.7640862964309324,0.7672623403230008,0.7987237052397104,0.7987237052397104
0,25,art_painting-sketch,art_painting,sketch,0.0,0.0691880514101574,0.0103435756760733,"D,F,F,D","D,F,D,D","D,D,D,D","D,F,F,D",1,D→D,F→F,F→D,D→D,2,D→D,F→D,F→D,D→D,0,D→D,F→F,F→F,D→D,0,-1,-2,0,2,3,3,True,-0.05884447573408409,False,ABSORB,0.818672464573932,0.8415327641275345,0.8010581628057312,0.837164938859392,0.7193008161096974,0.825797612405375,0.7708745657516541,0.8317733628133058
0,25,art_painting-sketch,art_painting,sketch,0.02,0.0691880514101574,0.0214697889185371,"D,F,F,D","D,F,D,D","D,D,F,D","D,F,F,D",1,D→D,F→F,F→D,D→D,1,D→D,F→D,F→F,D→D,0,D→D,F→F,F→F,D→D,0,-1,-1,0,2,2,3,True,-0.0477182624916203,False,ABSORB,0.818672464573932,0.8315327641275345,0.8010581628057312,0.822164938859392,0.7193008161096974,0.8096713991629112,0.7708745657516541,0.8217733628133058
0,25,art_painting-sketch,art_painting,sketch,0.05,0.0691880514101574,0.0371491226394035,"D,F,F,F","D,F,F,D","D,D,F,D","D,F,F,D",1,D→D,F→F,F→F,F→D,2,D→D,F→D,F→F,F→D,1,D→D,F→F,F→F,F→D,0,-1,0,-1,2,2,3,False,-0.03203892877075389,False,ABSORB,0.818672464573932,0.8201570968646186,0.8010581628057312,0.8026099378756099,0.7193008161096974,0.787171399162911,0.7708745657516541,0.8067733628133058
0,25,art_painting-sketch,art_painting,sketch,0.1,0.0691880514101574,0.0497162654185955,"F,F,F,F","F,F,F,F","D,D,F,D","D,F,F,D",0,F→F,F→F,F→F,F→F,3,F→D,F→D,F→F,F→D,2,F→D,F→F,F→F,F→D,0,-1,0,0,1,1,3,True,-0.019471785991561893,False,ABSORB,0.818672464573932,0.818672464573932,0.8010581628057312,0.8010581628057312,0.7193008161096974,0.7496713991629111,0.7708745657516541,0.7817733628133059
0,25,art_painting-sketch,art_painting,sketch,0.15,0.0691880514101574,0.0660052506665749,"F,F,F,F","F,F,F,F","D,F,F,F","F,F,F,F",0,F→F,F→F,F→F,F→F,1,F→D,F→F,F→F,F→F,0,F→F,F→F,F→F,F→F,-1,0,0,0,1,1,2,False,-0.0031828007435825006,False,ABSORB,0.818672464573932,0.818672464573932,0.8010581628057312,0.8010581628057312,0.7193008161096974,0.72248361685328,0.7708745657516541,0.7708745657516541
0,25,cartoon-sketch,cartoon,sketch,0.0,0.0994786770436038,0.0132946376794123,"D,F,F,D","D,F,D,D","D,D,D,D","D,D,D,D",1,D→D,F→F,F→D,D→D,2,D→D,F→D,F→D,D→D,2,D→D,F→D,F→D,D→D,0,0,-1,0,1,1,3,False,-0.0861840393641915,False,ABSORB,0.818672464573932,0.8415327641275345,0.7640862964309324,0.8282381264481222,0.7193008161096974,0.825797612405375,0.7641933250103017,0.825797612405375
0,25,cartoon-sketch,cartoon,sketch,0.02,0.0994786770436038,0.0145868762183319,"D,F,F,D","D,F,F,D","D,D,F,D","D,D,F,D",0,D→D,F→F,F→F,D→D,1,D→D,F→D,F→F,D→D,1,D→D,F→D,F→F,D→D,0,0,0,0,0,0,2,False,-0.0848918008252719,False,ABSORB,0.818672464573932,0.8315327641275345,0.7640862964309324,0.8161361351752637,0.7193008161096974,0.8096713991629112,0.7641933250103017,0.8088616464289724
0,25,cartoon-sketch,cartoon,sketch,0.05,0.0994786770436038,0.0228280176629049,"D,F,F,F","D,F,F,D","D,D,F,D","D,D,F,F",1,D→D,F→F,F→F,F→D,2,D→D,F→D,F→F,F→D,1,D→D,F→D,F→F,F→F,0,0,0,-2,1,2,4,True,-0.0766506593806989,False,ABSORB,0.818672464573932,0.8201570968646186,0.7640862964309324,0.8011361351752637,0.7193008161096974,0.787171399162911,0.7641933250103017,0.7909784551364611
0,25,cartoon-sketch,cartoon,sketch,0.1,0.0994786770436038,0.0609656265000849,"F,F,F,F","F,F,F,D","D,D,F,D","D,F,F,F",1,F→F,F→F,F→F,F→D,3,F→D,F→D,F→F,F→D,1,F→D,F→F,F→F,F→F,0,-1,0,-2,2,3,4,True,-0.038513050543518904,False,ABSORB,0.818672464573932,0.818672464573932,0.7640862964309324,0.7797623403230007,0.7193008161096974,0.7496713991629111,0.7641933250103017,0.7717269014120649
0,25,cartoon-sketch,cartoon,sketch,0.15,0.0994786770436038,0.0931198324079528,"F,F,F,F","F,F,F,D","D,F,F,F","F,F,F,F",1,F→F,F→F,F→F,F→D,1,F→D,F→F,F→F,F→F,0,F→F,F→F,F→F,F→F,-1,0,0,-1,2,2,3,True,-0.0063588446356510064,False,ABSORB,0.818672464573932,0.818672464573932,0.7640862964309324,0.7672623403230008,0.7193008161096974,0.72248361685328,0.7641933250103017,0.7641933250103017
0,50,photo-art_painting,photo,art_painting,0.0,0.1176674511734499,0.0110976250697075,"D,F,F,D","D,D,D,D","D,F,D,D","D,F,D,D",2,D→D,F→D,F→D,D→D,1,D→D,F→F,F→D,D→D,1,D→D,F→F,F→D,D→D,0,-1,-1,0,2,2,3,False,-0.1065698261037424,False,ABSORB,0.818672464573932,0.8415327641275345,0.6765231282241218,0.825797612405375,0.739449890376982,0.8337527570188632,0.7149680052006218,0.8291152303664112
0,50,photo-art_painting,photo,art_painting,0.02,0.1176674511734499,0.0210976250697075,"D,F,F,D","D,D,D,D","D,F,D,D","D,F,D,D",2,D→D,F→D,F→D,D→D,1,D→D,F→F,F→D,D→D,1,D→D,F→F,F→D,D→D,0,-1,-1,0,2,2,3,False,-0.0965698261037424,False,ABSORB,0.818672464573932,0.8315327641275345,0.6765231282241218,0.805797612405375,0.739449890376982,0.8187527570188632,0.7149680052006218,0.8141152303664112
0,50,photo-art_painting,photo,art_painting,0.05,0.1176674511734499,0.040900705167805,"D,F,F,F","F,D,D,D","F,F,D,D","F,F,D,D",4,D→F,F→D,F→D,F→D,3,D→F,F→F,F→D,F→D,3,D→F,F→F,F→D,F→D,1,-1,-1,-1,4,4,3,False,-0.0767667460056449,False,ABSORB,0.818672464573932,0.8201570968646186,0.6765231282241218,0.776029582588084,0.739449890376982,0.7963849901123229,0.7149680052006218,0.7931581810035934
0,50,photo-art_painting,photo,art_painting,0.1,0.1176674511734499,0.0685736327326919,"F,F,F,F","F,F,D,D","F,F,D,D","F,F,D,D",2,F→F,F→F,F→D,F→D,2,F→F,F→F,F→D,F→D,2,F→F,F→F,F→D,F→D,0,0,-1,-1,2,2,2,False,-0.049093818440758,False,ABSORB,0.818672464573932,0.818672464573932,0.6765231282241218,0.7468720227325105,0.739449890376982,0.771384990112323,0.7149680052006218,0.7681581810035935
0,50,photo-art_painting,photo,art_painting,0.15,0.1176674511734499,0.0856976476955565,"F,F,F,F","F,F,D,D","F,F,F,D","F,F,D,D",2,F→F,F→F,F→D,F→D,1,F→F,F→F,F→F,F→D,2,F→F,F→F,F→D,F→D,0,0,0,-1,1,1,3,False,-0.031969803477893396,False,ABSORB,0.818672464573932,0.818672464573932,0.6765231282241218,0.7218720227325106,0.739449890376982,0.7542609751494582,0.7149680052006218,0.7431581810035934
0,50,photo-cartoon,photo,cartoon,0.0,0.14000531301585,0.01679040624083,"D,F,F,D","D,D,D,D","D,D,D,D","D,F,D,D",2,D→D,F→D,F→D,D→D,2,D→D,F→D,F→D,D→D,1,D→D,F→F,F→D,D→D,0,-2,-1,0,2,3,3,True,-0.12321490677502,False,ABSORB,0.818672464573932,0.8415327641275345,0.6765231282241218,0.825797612405375,0.7534758532373688,0.825797612405375,0.7513318299034086,0.8268528669240455
0,50,photo-cartoon,photo,cartoon,0.02,0.14000531301585,0.03179040624083,"D,F,F,D","D,D,D,D","D,D,D,D","D,F,D,D",2,D→D,F→D,F→D,D→D,2,D→D,F→D,F→D,D→D,1,D→D,F→F,F→D,D→D,0,-2,-1,0,2,3,3,True,-0.10821490677502,False,ABSORB,0.818672464573932,0.8315327641275345,0.6765231282241218,0.805797612405375,0.7534758532373688,0.805797612405375,0.7513318299034086,0.8118528669240455
0,50,photo-cartoon,photo,cartoon,0.05,0.14000531301585,0.0576827687952051,"D,F,F,F","F,D,D,D","D,D,D,D","D,F,D,D",4,D→F,F→D,F→D,F→D,3,D→D,F→D,F→D,F→D,2,D→D,F→F,F→D,F→D,1,-2,-1,-1,4,5,4,True,-0.08232254422064492,False,ABSORB,0.818672464573932,0.8201570968646186,0.6765231282241218,0.776029582588084,0.7534758532373688,0.7757976124053748,0.7513318299034086,0.7893528669240454
0,50,photo-cartoon,photo,cartoon,0.1,0.14000531301585,0.0848184117113239,"F,F,F,F","F,F,D,D","F,F,F,F","F,F,F,D",2,F→F,F→F,F→D,F→D,0,F→F,F→F,F→F,F→F,1,F→F,F→F,F→F,F→D,0,0,-1,0,1,1,3,True,-0.05518690130452611,False,ABSORB,0.818672464573932,0.818672464573932,0.6765231282241218,0.7468720227325105,0.7534758532373688,0.7534758532373688,0.7513318299034086,0.7664938231072713
0,50,photo-cartoon,photo,cartoon,0.15,0.14000531301585,0.0973184117113239,"F,F,F,F","F,F,D,D","F,F,F,F","F,F,F,D",2,F→F,F→F,F→D,F→D,0,F→F,F→F,F→F,F→F,1,F→F,F→F,F→F,F→D,0,0,-1,0,1,1,3,True,-0.04268690130452611,False,ABSORB,0.818672464573932,0.818672464573932,0.6765231282241218,0.7218720227325106,0.7534758532373688,0.7534758532373688,0.7513318299034086,0.7539938231072714
0,50,photo-sketch,photo,sketch,0.0,0.2935787999377314,0.0157351517221595,"D,F,F,D","D,D,D,D","D,D,D,D","D,D,D,D",2,D→D,F→D,F→D,D→D,2,D→D,F→D,F→D,D→D,2,D→D,F→D,F→D,D→D,0,-1,-1,0,2,2,2,False,-0.2778436482155719,False,ABSORB,0.818672464573932,0.8415327641275345,0.6765231282241218,0.825797612405375,0.6148903464481573,0.825797612405375,0.7663198100360785,0.825797612405375
0,50,photo-sketch,photo,sketch,0.02,0.2935787999377314,0.0257351517221595,"D,F,F,D","D,D,D,D","D,D,D,D","D,D,D,D",2,D→D,F→D,F→D,D→D,2,D→D,F→D,F→D,D→D,2,D→D,F→D,F→D,D→D,0,-1,-1,0,2,2,2,False,-0.2678436482155719,False,ABSORB,0.818672464573932,0.8315327641275345,0.6765231282241218,0.805797612405375,0.6148903464481573,0.805797612405375,0.7663198100360785,0.805797612405375
0,50,photo-sketch,photo,sketch,0.05,0.2935787999377314,0.0506070437683523,"D,F,F,F","F,D,D,D","D,D,D,D","D,F,D,D",4,D→F,F→D,F→D,F→D,3,D→D,F→D,F→D,F→D,2,D→D,F→F,F→D,F→D,1,-2,-1,-1,4,5,4,True,-0.2429717561693791,False,ABSORB,0.818672464573932,0.8201570968646186,0.6765231282241218,0.776029582588084,0.6148903464481573,0.7757976124053748,0.7663198100360785,0.7822771418971926
0,50,photo-sketch,photo,sketch,0.1,0.2935787999377314,0.1088817453084074,"F,F,F,F","F,F,D,D","D,D,F,D","F,F,F,F",2,F→F,F→F,F→D,F→D,3,F→D,F→D,F→F,F→D,0,F→F,F→F,F→F,F→F,-1,-1,-1,-2,4,5,3,True,-0.184697054629324,False,ABSORB,0.818672464573932,0.818672464573932,0.6765231282241218,0.7468720227325105,0.6148903464481573,0.7292385065690925,0.7663198100360785,0.7663198100360785
0,50,photo-sketch,photo,sketch,0.15,0.2935787999377314,0.1713817453084074,"F,F,F,F","F,F,D,D","D,D,F,D","F,F,F,F",2,F→F,F→F,F→D,F→D,3,F→D,F→D,F→F,F→D,0,F→F,F→F,F→F,F→F,-1,-1,-1,-2,4,5,3,True,-0.12219705462932398,False,ABSORB,0.818672464573932,0.818672464573932,0.6765231282241218,0.7218720227325106,0.6148903464481573,0.6917385065690924,0.7663198100360785,0.7663198100360785
0,50,art_painting-cartoon,art_painting,cartoon,0.0,0.060002357796417,0.0108587549733579,"D,F,F,D","D,F,D,D","D,D,D,D","D,F,D,D",1,D→D,F→F,F→D,D→D,2,D→D,F→D,F→D,D→D,1,D→D,F→F,F→D,D→D,0,-1,-1,0,2,2,3,False,-0.0491436028230591,False,ABSORB,0.818672464573932,0.8415327641275345,0.739449890376982,0.8337527570188632,0.7534758532373688,0.825797612405375,0.7342556368368359,0.8288763602700616
0,50,art_painting-cartoon,art_painting,cartoon,0.02,0.060002357796417,0.0208587549733579,"D,F,F,D","D,F,D,D","D,D,D,D","D,F,D,D",1,D→D,F→F,F→D,D→D,2,D→D,F→D,F→D,D→D,1,D→D,F→F,F→D,D→D,0,-1,-1,0,2,2,3,False,-0.0391436028230591,False,ABSORB,0.818672464573932,0.8315327641275345,0.739449890376982,0.8187527570188632,0.7534758532373688,0.805797612405375,0.7342556368368359,0.8138763602700616
0,50,art_painting-cartoon,art_painting,cartoon,0.05,0.060002357796417,0.0393508546169824,"D,F,F,F","F,F,D,D","D,D,D,D","D,F,D,D",3,D→F,F→F,F→D,F→D,3,D→D,F→D,F→D,F→D,2,D→D,F→F,F→D,F→D,1,-1,-1,-1,4,4,4,True,-0.0206515031794346,False,ABSORB,0.818672464573932,0.8201570968646186,0.739449890376982,0.7963849901123229,0.7534758532373688,0.7757976124053748,0.7342556368368359,0.7913763602700615
0,50,art_painting-cartoon,art_painting,cartoon,0.1,0.060002357796417,0.0606420410444037,"F,F,F,F","F,F,D,D","F,F,F,F","F,F,F,D",2,F→F,F→F,F→D,F→D,0,F→F,F→F,F→F,F→F,1,F→F,F→F,F→F,F→D,0,0,-1,0,1,1,3,True,0.0006396832479866957,False,AMPLIFY,0.818672464573932,0.818672464573932,0.739449890376982,0.771384990112323,0.7534758532373688,0.7534758532373688,0.7342556368368359,0.7668304198201635
0,50,art_painting-cartoon,art_painting,cartoon,0.15,0.060002357796417,0.0652660560072684,"F,F,F,F","F,F,F,D","F,F,F,F","F,F,F,D",1,F→F,F→F,F→F,F→D,0,F→F,F→F,F→F,F→F,1,F→F,F→F,F→F,F→D,0,0,0,0,0,0,2,False,0.005263698210851396,False,AMPLIFY,0.818672464573932,0.818672464573932,0.739449890376982,0.7542609751494582,0.7534758532373688,0.7534758532373688,0.7342556368368359,0.7543304198201635
0,50,art_painting-sketch,art_painting,sketch,0.0,0.2459396726282047,0.0101048267982649,"D,F,F,D","D,F,D,D","D,D,D,D","D,F,D,D",1,D→D,F→F,F→D,D→D,2,D→D,F→D,F→D,D→D,1,D→D,F→F,F→D,D→D,0,-1,-1,0,2,2,3,False,-0.2358348458299398,False,ABSORB,0.818672464573932,0.8415327641275345,0.739449890376982,0.8337527570188632,0.6148903464481573,0.825797612405375,0.7816074448794121,0.8281224320949686
0,50,art_painting-sketch,art_painting,sketch,0.02,0.2459396726282047,0.0220572204492731,"D,F,F,D","D,F,D,D","D,D,D,D","D,F,F,D",1,D→D,F→F,F→D,D→D,2,D→D,F→D,F→D,D→D,0,D→D,F→F,F→F,D→D,0,-1,-2,0,2,3,3,True,-0.2238824521789316,False,ABSORB,0.818672464573932,0.8315327641275345,0.739449890376982,0.8187527570188632,0.6148903464481573,0.805797612405375,0.7816074448794121,0.8150748257459768
0,50,art_painting-sketch,art_painting,sketch,0.05,0.2459396726282047,0.0480493200928975,"D,F,F,F","F,F,D,D","D,D,D,D","D,F,F,D",3,D→F,F→F,F→D,F→D,3,D→D,F→D,F→D,F→D,1,D→D,F→F,F→F,F→D,1,-1,-2,-1,4,5,4,True,-0.1978903525353072,False,ABSORB,0.818672464573932,0.8201570968646186,0.739449890376982,0.7963849901123229,0.6148903464481573,0.7757976124053748,0.7816074448794121,0.8000748257459767
0,50,art_painting-sketch,art_painting,sketch,0.1,0.2459396726282047,0.0996564127719286,"F,F,F,F","F,F,D,D","D,D,F,D","F,F,F,F",2,F→F,F→F,F→D,F→D,3,F→D,F→D,F→F,F→D,0,F→F,F→F,F→F,F→F,-1,-1,-1,-2,4,5,3,True,-0.1462832598562761,False,ABSORB,0.818672464573932,0.818672464573932,0.739449890376982,0.771384990112323,0.6148903464481573,0.7292385065690925,0.7816074448794121,0.7816074448794121
0,50,art_painting-sketch,art_painting,sketch,0.15,0.2459396726282047,0.1542804277347934,"F,F,F,F","F,F,F,D","D,D,F,D","F,F,F,F",1,F→F,F→F,F→F,F→D,3,F→D,F→D,F→F,F→D,0,F→F,F→F,F→F,F→F,-1,-1,0,-2,3,4,3,True,-0.09165924489341132,False,ABSORB,0.818672464573932,0.818672464573932,0.739449890376982,0.7542609751494582,0.6148903464481573,0.6917385065690924,0.7816074448794121,0.7816074448794121
0,50,cartoon-sketch,cartoon,sketch,0.0,0.1917397901060225,0.0157351517221595,"D,F,F,D","D,D,D,D","D,D,D,D","D,D,D,D",2,D→D,F→D,F→D,D→D,2,D→D,F→D,F→D,D→D,2,D→D,F→D,F→D,D→D,0,-1,-1,0,2,2,2,False,-0.176004638383863,False,ABSORB,0.818672464573932,0.8415327641275345,0.7534758532373688,0.825797612405375,0.6148903464481573,0.825797612405375,0.7414335252176166,0.825797612405375
0,50,cartoon-sketch,cartoon,sketch,0.02,0.1917397901060225,0.0289814451076469,"D,F,F,D","D,D,D,D","D,D,D,D","D,D,F,D",2,D→D,F→D,F→D,D→D,2,D→D,F→D,F→D,D→D,1,D→D,F→D,F→F,D→D,0,-1,-2,0,2,3,3,True,-0.1627583449983756,False,ABSORB,0.818672464573932,0.8315327641275345,0.7534758532373688,0.805797612405375,0.6148903464481573,0.805797612405375,0.7414335252176166,0.8090439057908624
0,50,cartoon-sketch,cartoon,sketch,0.05,0.1917397901060225,0.0553372407474155,"D,F,F,F","D,D,D,D","D,D,D,D","D,D,F,F",3,D→D,F→D,F→D,F→D,3,D→D,F→D,F→D,F→D,1,D→D,F→D,F→F,F→F,0,-1,-2,-2,3,5,3,True,-0.136402549358607,False,ABSORB,0.818672464573932,0.8201570968646186,0.7534758532373688,0.7757976124053748,0.6148903464481573,0.7757976124053748,0.7414335252176166,0.7867753686935466
0,50,cartoon-sketch,cartoon,sketch,0.1,0.1917397901060225,0.0977334734610172,"F,F,F,F","F,F,F,F","D,D,F,D","D,D,F,F",0,F→F,F→F,F→F,F→F,3,F→D,F→D,F→F,F→D,2,F→D,F→D,F→F,F→F,0,0,0,-1,1,1,3,True,-0.09400631664500529,False,ABSORB,0.818672464573932,0.818672464573932,0.7534758532373688,0.7534758532373688,0.6148903464481573,0.7292385065690925,0.7414335252176166,0.7617753686935466
0,50,cartoon-sketch,cartoon,sketch,0.15,0.1917397901060225,0.1150949296957762,"F,F,F,F","F,F,F,F","D,D,F,D","D,F,F,F",0,F→F,F→F,F→F,F→F,3,F→D,F→D,F→F,F→D,1,F→D,F→F,F→F,F→F,0,-1,0,-1,2,2,3,True,-0.07664486041024629,False,ABSORB,0.818672464573932,0.818672464573932,0.7534758532373688,0.7534758532373688,0.6148903464481573,0.6917385065690924,0.7414335252176166,0.7416368249283055
0,100,photo-art_painting,photo,art_painting,0.0,0.1281162129175034,0.0137132615311524,"D,F,F,D","D,D,D,D","D,F,D,D","D,D,D,D",2,D→D,F→D,F→D,D→D,1,D→D,F→F,F→D,D→D,2,D→D,F→D,F→D,D→D,0,0,-1,0,1,1,3,False,-0.11440295138635101,False,ABSORB,0.818672464573932,0.8415327641275345,0.6802825918047213,0.825797612405375,0.7161691176656827,0.827819502596382,0.7058954578139754,0.825797612405375
0,100,photo-art_painting,photo,art_painting,0.02,0.1281162129175034,0.019833581877149,"D,F,F,D","D,D,D,D","D,F,D,D","D,F,D,D",2,D→D,F→D,F→D,D→D,1,D→D,F→F,F→D,D→D,1,D→D,F→F,F→D,D→D,0,-1,-1,0,2,2,3,False,-0.10828263104035442,False,ABSORB,0.818672464573932,0.8315327641275345,0.6802825918047213,0.805797612405375,0.7161691176656827,0.812819502596382,0.7058954578139754,0.8069179327513715
0,100,photo-art_painting,photo,art_painting,0.05,0.1281162129175034,0.036994417337928,"D,F,F,F","F,D,D,D","D,F,D,D","D,F,D,D",4,D→F,F→D,F→D,F→D,2,D→D,F→F,F→D,F→D,2,D→D,F→F,F→D,F→D,1,-1,-1,-1,4,4,3,False,-0.09112179557957542,False,ABSORB,0.818672464573932,0.8201570968646186,0.6802825918047213,0.7772611096816799,0.7161691176656827,0.790319502596382,0.7058954578139754,0.7844179327513714
0,100,photo-art_painting,photo,art_painting,0.1,0.1281162129175034,0.0737344613399592,"F,F,F,F","F,F,D,D","F,F,D,D","F,F,D,D",2,F→F,F→F,F→D,F→D,2,F→F,F→F,F→D,F→D,2,F→F,F→F,F→D,F→D,0,0,-1,-1,2,2,2,False,-0.05438175157754421,False,ABSORB,0.818672464573932,0.818672464573932,0.6802825918047213,0.7489851292187958,0.7161691176656827,0.7542832836346902,0.7058954578139754,0.7583304096195133
0,100,photo-art_painting,photo,art_painting,0.15,0.1281162129175034,0.0941063700773384,"F,F,F,F","F,F,D,D","F,F,F,D","F,F,D,D",2,F→F,F→F,F→D,F→D,1,F→F,F→F,F→F,F→D,2,F→F,F→F,F→D,F→D,0,0,0,-1,1,1,3,False,-0.03400984284016502,False,ABSORB,0.818672464573932,0.818672464573932,0.6802825918047213,0.7239851292187958,0.7161691176656827,0.733911374897311,0.7058954578139754,0.7333304096195132
0,100,photo-cartoon,photo,cartoon,0.0,0.2248046479260899,0.0201025467555854,"D,F,F,D","D,D,D,D","D,D,D,D","D,F,D,D",2,D→D,F→D,F→D,D→D,2,D→D,F→D,F→D,D→D,1,D→D,F→F,F→D,D→D,0,-2,-1,0,2,3,3,True,-0.2047021011705045,False,ABSORB,0.818672464573932,0.8415327641275345,0.6802825918047213,0.825797612405375,0.6940966135507711,0.825797612405375,0.7805113887076504,0.8301650074388008
0,100,photo-cartoon,photo,cartoon,0.02,0.2248046479260899,0.0351025467555854,"D,F,F,D","D,D,D,D","D,D,D,D","D,F,D,D",2,D→D,F→D,F→D,D→D,2,D→D,F→D,F→D,D→D,1,D→D,F→F,F→D,D→D,0,-2,-1,0,2,3,3,True,-0.1897021011705045,False,ABSORB,0.818672464573932,0.8315327641275345,0.6802825918047213,0.805797612405375,0.6940966135507711,0.805797612405375,0.7805113887076504,0.8151650074388008
0,100,photo-cartoon,photo,cartoon,0.05,0.2248046479260899,0.0601856493808223,"D,F,F,F","F,D,D,D","D,D,D,D","D,F,F,D",4,D→F,F→D,F→D,F→D,3,D→D,F→D,F→D,F→D,1,D→D,F→F,F→F,F→D,1,-2,-2,-1,4,6,4,True,-0.1646189985452676,False,ABSORB,0.818672464573932,0.8201570968646186,0.6802825918047213,0.7772611096816799,0.6940966135507711,0.7757976124053748,0.7805113887076504,0.7930872746032586
0,100,photo-cartoon,photo,cartoon,0.1,0.2248046479260899,0.1123519476427686,"F,F,F,F","F,F,D,D","D,D,F,D","F,F,F,F",2,F→F,F→F,F→D,F→D,3,F→D,F→D,F→F,F→D,0,F→F,F→F,F→F,F→F,-1,-1,-1,-2,4,5,3,True,-0.1124527002833213,False,ABSORB,0.818672464573932,0.818672464573932,0.6802825918047213,0.7489851292187958,0.6940966135507711,0.7378467764200178,0.7805113887076504,0.7805113887076504
0,100,photo-cartoon,photo,cartoon,0.15,0.2248046479260899,0.1653706544198863,"F,F,F,F","F,F,D,D","F,F,F,D","F,F,F,F",2,F→F,F→F,F→D,F→D,1,F→F,F→F,F→F,F→D,0,F→F,F→F,F→F,F→F,0,0,-1,-2,2,3,3,True,-0.0594339935062036,False,ABSORB,0.818672464573932,0.818672464573932,0.6802825918047213,0.7239851292187958,0.6940966135507711,0.7098280696429002,0.7805113887076504,0.7805113887076504
0,100,photo-sketch,photo,sketch,0.0,0.4432242531574253,0.0171824889707536,"D,F,F,D","D,D,D,D","D,D,D,D","D,F,D,D",2,D→D,F→D,F→D,D→D,2,D→D,F→D,F→D,D→D,1,D→D,F→F,F→D,D→D,0,-2,-1,0,2,3,3,True,-0.4260417641866717,False,ABSORB,0.818672464573932,0.8415327641275345,0.6802825918047213,0.825797612405375,0.4428912783269765,0.825797612405375,0.7477256587151911,0.8272449496539691
0,100,photo-sketch,photo,sketch,0.02,0.4432242531574253,0.0321824889707537,"D,F,F,D","D,D,D,D","D,D,D,D","D,F,D,D",2,D→D,F→D,F→D,D→D,2,D→D,F→D,F→D,D→D,1,D→D,F→F,F→D,D→D,0,-2,-1,0,2,3,3,True,-0.4110417641866716,False,ABSORB,0.818672464573932,0.8315327641275345,0.6802825918047213,0.805797612405375,0.4428912783269765,0.805797612405375,0.7477256587151911,0.8122449496539691
0,100,photo-sketch,photo,sketch,0.05,0.4432242531574253,0.0568433244315328,"D,F,F,F","F,D,D,D","D,D,D,D","D,F,D,D",4,D→F,F→D,F→D,F→D,3,D→D,F→D,F→D,F→D,2,D→D,F→F,F→D,F→D,1,-2,-1,-1,4,5,4,True,-0.3863809287258925,False,ABSORB,0.818672464573932,0.8201570968646186,0.6802825918047213,0.7772611096816799,0.4428912783269765,0.7757976124053748,0.7477256587151911,0.789744949653969
0,100,photo-sketch,photo,sketch,0.1,0.4432242531574253,0.1079909519901803,"F,F,F,F","F,F,D,D","D,D,D,D","F,F,F,D",2,F→F,F→F,F→D,F→D,4,F→D,F→D,F→D,F→D,1,F→F,F→F,F→F,F→D,-1,-1,-2,-1,4,5,4,True,-0.33523330116724503,False,ABSORB,0.818672464573932,0.818672464573932,0.6802825918047213,0.7489851292187958,0.4428912783269765,0.7257976124053749,0.7477256587151911,0.7641012290404191
0,100,photo-sketch,photo,sketch,0.15,0.4432242531574253,0.1704909519901803,"F,F,F,F","F,F,D,D","D,D,D,D","F,F,F,D",2,F→F,F→F,F→D,F→D,4,F→D,F→D,F→D,F→D,1,F→F,F→F,F→F,F→D,-1,-1,-2,-1,4,5,4,True,-0.27273330116724503,False,ABSORB,0.818672464573932,0.818672464573932,0.6802825918047213,0.7239851292187958,0.4428912783269765,0.6757976124053748,0.7477256587151911,0.751601229040419
0,100,art_painting-cartoon,art_painting,cartoon,0.0,0.1568191795508114,0.0137132615311524,"D,F,F,D","D,F,D,D","D,D,D,D","D,D,D,D",1,D→D,F→F,F→D,D→D,2,D→D,F→D,F→D,D→D,2,D→D,F→D,F→D,D→D,0,0,-1,0,1,1,3,False,-0.143105918019659,False,ABSORB,0.818672464573932,0.8415327641275345,0.7161691176656827,0.827819502596382,0.6940966135507711,0.825797612405375,0.7484124461933334,0.825797612405375
0,100,art_painting-cartoon,art_painting,cartoon,0.02,0.1568191795508114,0.0187132615311524,"D,F,F,D","D,F,D,D","D,D,D,D","D,D,D,D",1,D→D,F→F,F→D,D→D,2,D→D,F→D,F→D,D→D,2,D→D,F→D,F→D,D→D,0,0,-1,0,1,1,3,False,-0.138105918019659,False,ABSORB,0.818672464573932,0.8315327641275345,0.7161691176656827,0.812819502596382,0.6940966135507711,0.805797612405375,0.7484124461933334,0.805797612405375
0,100,art_painting-cartoon,art_painting,cartoon,0.05,0.1568191795508114,0.0332858470964693,"D,F,F,F","D,F,D,D","D,D,D,D","D,F,D,D",2,D→D,F→F,F→D,F→D,3,D→D,F→D,F→D,F→D,2,D→D,F→F,F→D,F→D,0,-1,-1,-1,3,3,3,False,-0.1235333324543421,False,ABSORB,0.818672464573932,0.8201570968646186,0.7161691176656827,0.790319502596382,0.6940966135507711,0.7757976124053748,0.7484124461933334,0.7792458652336075
0,100,art_painting-cartoon,art_painting,cartoon,0.1,0.1568191795508114,0.0807054690066095,"F,F,F,F","F,F,D,D","D,D,F,D","F,F,F,D",2,F→F,F→F,F→D,F→D,3,F→D,F→D,F→F,F→D,1,F→F,F→F,F→F,F→D,-1,-1,-1,-1,4,4,4,True,-0.07611371054420189,False,ABSORB,0.818672464573932,0.818672464573932,0.7161691176656827,0.7542832836346902,0.6940966135507711,0.7378467764200178,0.7484124461933334,0.7541630644873857
0,100,art_painting-cartoon,art_painting,cartoon,0.15,0.1568191795508114,0.1233454662270541,"F,F,F,F","F,F,F,D","F,F,F,D","F,F,F,F",1,F→F,F→F,F→F,F→D,1,F→F,F→F,F→F,F→D,0,F→F,F→F,F→F,F→F,0,0,0,-2,1,2,2,True,-0.0334737133237573,False,ABSORB,0.818672464573932,0.818672464573932,0.7161691176656827,0.733911374897311,0.6940966135507711,0.7098280696429002,0.7484124461933334,0.7484124461933334
0,100,art_painting-sketch,art_painting,sketch,0.0,0.3705041963072324,0.0137132615311524,"D,F,F,D","D,F,D,D","D,D,D,D","D,D,D,D",1,D→D,F→F,F→D,D→D,2,D→D,F→D,F→D,D→D,2,D→D,F→D,F→D,D→D,0,0,-1,0,1,1,3,False,-0.35679093477608004,False,ABSORB,0.818672464573932,0.8415327641275345,0.7161691176656827,0.827819502596382,0.4428912783269765,0.825797612405375,0.7108921277259597,0.825797612405375
0,100,art_painting-sketch,art_painting,sketch,0.02,0.3705041963072324,0.0187132615311524,"D,F,F,D","D,F,D,D","D,D,D,D","D,D,D,D",1,D→D,F→F,F→D,D→D,2,D→D,F→D,F→D,D→D,2,D→D,F→D,F→D,D→D,0,0,-1,0,1,1,3,False,-0.35179093477608003,False,ABSORB,0.818672464573932,0.8315327641275345,0.7161691176656827,0.812819502596382,0.4428912783269765,0.805797612405375,0.7108921277259597,0.805797612405375
0,100,art_painting-sketch,art_painting,sketch,0.05,0.3705041963072324,0.0298375942682366,"D,F,F,F","D,F,D,D","D,D,D,D","D,D,D,D",2,D→D,F→F,F→D,F→D,3,D→D,F→D,F→D,F→D,3,D→D,F→D,F→D,F→D,0,0,-1,-1,2,2,3,False,-0.3406666020389958,False,ABSORB,0.818672464573932,0.8201570968646186,0.7161691176656827,0.790319502596382,0.4428912783269765,0.7757976124053748,0.7108921277259597,0.7757976124053748
0,100,art_painting-sketch,art_painting,sketch,0.1,0.3705041963072324,0.0724987993551598,"F,F,F,F","F,F,D,D","D,D,D,D","D,D,F,D",2,F→F,F→F,F→D,F→D,4,F→D,F→D,F→D,F→D,3,F→D,F→D,F→F,F→D,0,0,-2,-1,2,3,4,True,-0.2980053969520726,False,ABSORB,0.818672464573932,0.818672464573932,0.7161691176656827,0.7542832836346902,0.4428912783269765,0.7257976124053749,0.7108921277259597,0.7339072308212929
0,100,art_painting-sketch,art_painting,sketch,0.15,0.3705041963072324,0.1253791858602945,"F,F,F,F","F,F,F,D","D,D,D,D","F,F,F,D",1,F→F,F→F,F→F,F→D,4,F→D,F→D,F→D,F→D,1,F→F,F→F,F→F,F→D,-1,-1,-1,-1,4,4,3,False,-0.2451250104469379,False,ABSORB,0.818672464573932,0.818672464573932,0.7161691176656827,0.733911374897311,0.4428912783269765,0.6757976124053748,0.7108921277259597,0.7164157085890484
0,100,cartoon-sketch,cartoon,sketch,0.0,0.3975415756132191,0.0157351517221595,"D,F,F,D","D,D,D,D","D,D,D,D","D,D,D,D",2,D→D,F→D,F→D,D→D,2,D→D,F→D,F→D,D→D,2,D→D,F→D,F→D,D→D,0,-1,-1,0,2,2,2,False,-0.3818064238910596,False,ABSORB,0.818672464573932,0.8415327641275345,0.6940966135507711,0.825797612405375,0.4428912783269765,0.825797612405375,0.7158570029170348,0.825797612405375
0,100,cartoon-sketch,cartoon,sketch,0.02,0.3975415756132191,0.0257351517221595,"D,F,F,D","D,D,D,D","D,D,D,D","D,D,D,D",2,D→D,F→D,F→D,D→D,2,D→D,F→D,F→D,D→D,2,D→D,F→D,F→D,D→D,0,-1,-1,0,2,2,2,False,-0.3718064238910596,False,ABSORB,0.818672464573932,0.8315327641275345,0.6940966135507711,0.805797612405375,0.4428912783269765,0.805797612405375,0.7158570029170348,0.805797612405375
0,100,cartoon-sketch,cartoon,sketch,0.05,0.3975415756132191,0.0505420079349839,"D,F,F,F","D,D,D,D","D,D,D,D","D,D,F,D",3,D→D,F→D,F→D,F→D,3,D→D,F→D,F→D,F→D,2,D→D,F→D,F→F,F→D,0,-1,-2,-1,3,4,3,True,-0.3469995676782352,False,ABSORB,0.818672464573932,0.8201570968646186,0.6940966135507711,0.7757976124053748,0.4428912783269765,0.7757976124053748,0.7158570029170348,0.781980135881115
0,100,cartoon-sketch,cartoon,sketch,0.1,0.3975415756132191,0.1068547495469782,"F,F,F,F","D,D,F,D","D,D,D,D","D,D,F,F",3,F→D,F→D,F→F,F→D,4,F→D,F→D,F→D,F→D,2,F→D,F→D,F→F,F→F,-1,-1,-1,-2,4,5,4,True,-0.2906868260662409,False,ABSORB,0.818672464573932,0.818672464573932,0.6940966135507711,0.7378467764200178,0.4428912783269765,0.7257976124053749,0.7158570029170348,0.751826673798439
0,100,cartoon-sketch,cartoon,sketch,0.15,0.3975415756132191,0.1598734563240959,"F,F,F,F","F,F,F,D","D,D,D,D","D,D,F,F",1,F→F,F→F,F→F,F→D,4,F→D,F→D,F→D,F→D,2,F→D,F→D,F→F,F→F,0,0,-1,-2,2,3,4,True,-0.23766811928912324,False,ABSORB,0.818672464573932,0.818672464573932,0.6940966135507711,0.7098280696429002,0.4428912783269765,0.6757976124053748,0.7158570029170348,0.726826673798439
1,25,photo-art_painting,photo,art_painting,0.0,-0.0116986667458973,0.0125046198692082,"D,D,F,D","D,D,D,D","D,D,D,D","D,D,D,D",1,D→D,D→D,F→D,D→D,1,D→D,D→D,F→D,D→D,1,D→D,D→D,F→D,D→D,0,0,-1,0,1,1,2,False,0.0242032866151055,True,AMPLIFY,0.7789813096653946,0.8188822188869986,0.7221412533767654,0.8063775990177904,0.7552362022304926,0.8063775990177904,0.686697479195966,0.8063775990177904
1,25,photo-art_painting,photo,art_painting,0.02,-0.0116986667458973,0.0159475287513948,"D,D,F,D","D,D,D,D","D,D,F,D","D,D,D,D",1,D→D,D→D,F→D,D→D,0,D→D,D→D,F→F,D→D,1,D→D,D→D,F→D,D→D,0,0,0,0,0,0,2,False,0.027646195497292102,True,AMPLIFY,0.7789813096653946,0.8038822188869986,0.7221412533767654,0.7863775990177905,0.7552362022304926,0.7879346901356038,0.686697479195966,0.7863775990177905
1,25,photo-art_painting,photo,art_painting,0.05,-0.0116986667458973,-0.0025174562877975,"F,F,F,D","F,F,F,D","F,F,F,D","F,D,D,D",0,F→F,F→F,F→F,D→D,0,F→F,F→F,F→F,D→D,2,F→F,F→D,F→D,D→D,0,1,1,0,2,2,2,True,0.0091812104580998,False,ABSORB,0.7789813096653946,0.7851922296373651,0.7221412533767654,0.7690413504229264,0.7552362022304926,0.7770184660670855,0.686697479195966,0.7583501305648492
1,25,photo-art_painting,photo,art_painting,0.1,-0.0116986667458973,-0.0089352345316808,"F,F,F,F","F,F,F,D","F,F,F,D","F,F,F,D",1,F→F,F→F,F→F,F→D,1,F→F,F→F,F→F,F→D,1,F→F,F→F,F→F,F→D,0,0,0,-1,1,1,2,False,0.0027634322142165,False,ABSORB,0.7789813096653946,0.7789813096653946,0.7221412533767654,0.7565413504229264,0.7552362022304926,0.7645184660670854,0.686697479195966,0.7331432722929363
1,25,photo-art_painting,photo,art_painting,0.15,-0.0116986667458973,0.0003470293049119,"F,F,F,F","F,F,F,D","F,F,F,F","F,F,F,D",1,F→F,F→F,F→F,F→D,0,F→F,F→F,F→F,F→F,1,F→F,F→F,F→F,F→D,0,0,0,0,0,0,2,False,0.0120456960508092,True,ABSORB,0.7789813096653946,0.7789813096653946,0.7221412533767654,0.7440413504229264,0.7552362022304926,0.7552362022304926,0.686697479195966,0.7206432722929363
1,25,photo-cartoon,photo,cartoon,0.0,0.1616544222495773,0.0125046198692082,"D,D,F,D","D,D,D,D","D,D,D,D","D,D,D,D",1,D→D,D→D,F→D,D→D,1,D→D,D→D,F→D,D→D,1,D→D,D→D,F→D,D→D,0,0,-1,0,1,1,2,False,-0.1491498023803691,False,ABSORB,0.7789813096653946,0.8188822188869986,0.7221412533767654,0.8063775990177904,0.6137116683579313,0.8063775990177904,0.7185260343188795,0.8063775990177904
1,25,photo-cartoon,photo,cartoon,0.02,0.1616544222495773,0.0187162847290153,"D,D,F,D","D,D,D,D","D,D,D,D","D,D,F,D",1,D→D,D→D,F→D,D→D,1,D→D,D→D,F→D,D→D,0,D→D,D→D,F→F,D→D,0,0,-2,0,1,2,2,True,-0.142938137520562,False,ABSORB,0.7789813096653946,0.8038822188869986,0.7221412533767654,0.7863775990177905,0.6137116683579313,0.7863775990177905,0.7185260343188795,0.7875892638775976
1,25,photo-cartoon,photo,cartoon,0.05,0.1616544222495773,0.030024189463128,"F,F,F,D","F,F,F,D","D,D,D,D","F,D,F,D",0,F→F,F→F,F→F,D→D,3,F→D,F→D,F→D,D→D,1,F→F,F→D,F→F,D→D,-1,0,-1,0,2,2,3,True,-0.1316302327864493,False,ABSORB,0.7789813096653946,0.7851922296373651,0.7221412533767654,0.7690413504229264,0.6137116683579313,0.7563775990177904,0.7185260343188795,0.7702509092664798
1,25,photo-cartoon,photo,cartoon,0.1,0.1616544222495773,0.0550408903441692,"F,F,F,F","F,F,F,D","D,D,F,D","F,D,F,D",1,F→F,F→F,F→F,F→D,3,F→D,F→D,F→F,F→D,2,F→F,F→D,F→F,F→D,-1,0,0,-1,2,2,4,True,-0.1066135319054081,False,ABSORB,0.7789813096653946,0.7789813096653946,0.7221412533767654,0.7565413504229264,0.6137116683579313,0.7126499781647786,0.7185260343188795,0.7452509092664796
1,25,photo-cartoon,photo,cartoon,0.15,0.1616544222495773,0.0898130182448142,"F,F,F,F","F,F,F,D","F,D,F,D","F,F,F,D",1,F→F,F→F,F→F,F→D,2,F→F,F→D,F→F,F→D,1,F→F,F→F,F→F,F→D,0,-1,0,-1,2,2,3,False,-0.07184140400476309,False,ABSORB,0.7789813096653946,0.7789813096653946,0.7221412533767654,0.7440413504229264,0.6137116683579313,0.6772550265673003,0.7185260343188795,0.7321280855696464
1,25,photo-sketch,photo,sketch,0.0,0.0674597872475468,0.0073442800172798,"D,D,F,D","D,D,D,D","D,D,F,D","D,D,D,D",1,D→D,D→D,F→D,D→D,0,D→D,D→D,F→F,D→D,1,D→D,D→D,F→D,D→D,0,0,0,0,0,0,2,False,-0.060115507230267,False,ABSORB,0.7789813096653946,0.8188822188869986,0.7221412533767654,0.8063775990177904,0.7096568974601792,0.8115379388697188,0.7202766284190969,0.8063775990177904
1,25,photo-sketch,photo,sketch,0.02,0.0674597872475468,0.0090072941794585,"D,D,F,D","D,D,D,D","D,D,F,D","D,D,F,D",1,D→D,D→D,F→D,D→D,0,D→D,D→D,F→F,D→D,0,D→D,D→D,F→F,D→D,0,0,-1,0,1,1,2,False,-0.05845249306808829,False,ABSORB,0.7789813096653946,0.8038822188869986,0.7221412533767654,0.7863775990177905,0.7096568974601792,0.7965379388697188,0.7202766284190969,0.7880406131799692
1,25,photo-sketch,photo,sketch,0.05,0.0674597872475468,0.0085179944495145,"F,F,F,D","F,F,F,D","D,D,F,D","F,D,F,D",0,F→F,F→F,F→F,D→D,2,F→D,F→D,F→F,D→D,1,F→F,F→D,F→F,D→D,-1,0,0,0,1,1,3,True,-0.0589417927980323,False,ABSORB,0.7789813096653946,0.7851922296373651,0.7221412533767654,0.7690413504229264,0.7096568974601792,0.7740379388697188,0.7202766284190969,0.7664050541047946
1,25,photo-sketch,photo,sketch,0.1,0.0674597872475468,0.030122747034267,"F,F,F,F","F,F,F,D","D,D,F,D","F,F,F,D",1,F→F,F→F,F→F,F→D,3,F→D,F→D,F→F,F→D,1,F→F,F→F,F→F,F→D,-1,-1,0,-1,3,3,3,False,-0.0373370402132798,False,ABSORB,0.7789813096653946,0.7789813096653946,0.7221412533767654,0.7565413504229264,0.7096568974601792,0.7365379388697189,0.7202766284190969,0.7442207266615177
1,25,photo-sketch,photo,sketch,0.15,0.0674597872475468,0.0562360842032853,"F,F,F,F","F,F,F,D","D,D,F,F","F,F,F,D",1,F→F,F→F,F→F,F→D,2,F→D,F→D,F→F,F→F,1,F→F,F→F,F→F,F→D,-1,-1,0,0,2,2,3,False,-0.011223703044261499,False,ABSORB,0.7789813096653946,0.7789813096653946,0.7221412533767654,0.7440413504229264,0.7096568974601792,0.7104246017007005,0.7202766284190969,0.7317207266615177
1,25,art_painting-cartoon,art_painting,cartoon,0.0,0.144166928986688,0.0125046198692082,"D,D,F,D","D,D,D,D","D,D,D,D","D,D,D,D",1,D→D,D→D,F→D,D→D,1,D→D,D→D,F→D,D→D,1,D→D,D→D,F→D,D→D,0,0,-1,0,1,1,2,False,-0.1316623091174798,False,ABSORB,0.7789813096653946,0.8188822188869986,0.7552362022304926,0.8063775990177904,0.6137116683579313,0.8063775990177904,0.7341334899097174,0.8063775990177904
1,25,art_painting-cartoon,art_painting,cartoon,0.02,0.144166928986688,0.0192171892461046,"D,D,F,D","D,D,F,D","D,D,D,D","D,D,F,D",0,D→D,D→D,F→F,D→D,1,D→D,D→D,F→D,D→D,0,D→D,D→D,F→F,D→D,0,0,-1,0,1,1,2,False,-0.1249497397405834,False,ABSORB,0.7789813096653946,0.8038822188869986,0.7552362022304926,0.7879346901356038,0.6137116683579313,0.7863775990177905,0.7341334899097174,0.7896472595125003
1,25,art_painting-cartoon,art_painting,cartoon,0.05,0.144166928986688,0.0189434240649895,"F,F,F,D","F,F,F,D","D,D,D,D","D,D,F,D",0,F→F,F→F,F→F,D→D,3,F→D,F→D,F→D,D→D,2,F→D,F→D,F→F,D→D,0,0,-1,0,1,1,3,True,-0.1252235049216985,False,ABSORB,0.7789813096653946,0.7851922296373651,0.7552362022304926,0.7770184660670855,0.6137116683579313,0.7563775990177904,0.7341334899097174,0.7671472595125003
1,25,art_painting-cartoon,art_painting,cartoon,0.1,0.144166928986688,0.041681315117398,"F,F,F,F","F,F,F,D","D,D,F,D","F,F,F,D",1,F→F,F→F,F→F,F→D,3,F→D,F→D,F→F,F→D,1,F→F,F→F,F→F,F→D,-1,-1,0,-1,3,3,3,False,-0.10248561386929,False,ABSORB,0.7789813096653946,0.7789813096653946,0.7552362022304926,0.7645184660670854,0.6137116683579313,0.7126499781647786,0.7341334899097174,0.7398684496838674
1,25,art_painting-cartoon,art_painting,cartoon,0.15,0.144166928986688,0.080623570777319,"F,F,F,F","F,F,F,F","F,D,F,D","F,F,F,F",0,F→F,F→F,F→F,F→F,2,F→F,F→D,F→F,F→D,0,F→F,F→F,F→F,F→F,0,-1,0,-1,2,2,2,False,-0.063543358209369,False,ABSORB,0.7789813096653946,0.7789813096653946,0.7552362022304926,0.7552362022304926,0.6137116683579313,0.6772550265673003,0.7341334899097174,0.7341334899097174
1,25,art_painting-sketch,art_painting,sketch,0.0,0.0704704254791864,0.0153763757936664,"D,D,F,D","D,D,D,D","D,D,F,D","D,D,F,D",1,D→D,D→D,F→D,D→D,0,D→D,D→D,F→F,D→D,0,D→D,D→D,F→F,D→D,0,0,-1,0,1,1,2,False,-0.05509404968552,False,ABSORB,0.7789813096653946,0.8188822188869986,0.7552362022304926,0.8063775990177904,0.7096568974601792,0.8115379388697188,0.7563822155044637,0.814409694794177
1,25,art_painting-sketch,art_painting,sketch,0.02,0.0704704254791864,0.018819284675853,"D,D,F,D","D,D,F,D","D,D,F,D","D,D,F,D",0,D→D,D→D,F→F,D→D,0,D→D,D→D,F→F,D→D,0,D→D,D→D,F→F,D→D,0,0,0,0,0,0,1,False,-0.0516511408033334,False,ABSORB,0.7789813096653946,0.8038822188869986,0.7552362022304926,0.7879346901356038,0.7096568974601792,0.7965379388697188,0.7563822155044637,0.799409694794177
1,25,art_painting-sketch,art_painting,sketch,0.05,0.0704704254791864,0.0110455194947377,"F,F,F,D","F,F,F,D","D,D,F,D","D,D,F,D",0,F→F,F→F,F→F,D→D,2,F→D,F→D,F→F,D→D,2,F→D,F→D,F→F,D→D,0,0,0,0,0,0,2,False,-0.0594249059844487,False,ABSORB,0.7789813096653946,0.7851922296373651,0.7552362022304926,0.7770184660670855,0.7096568974601792,0.7740379388697188,0.7563822155044637,0.7769096947941769
1,25,art_painting-sketch,art_painting,sketch,0.1,0.0704704254791864,0.034307120233054,"F,F,F,F","F,F,F,D","D,D,F,D","F,F,F,F",1,F→F,F→F,F→F,F→D,3,F→D,F→D,F→F,F→D,0,F→F,F→F,F→F,F→F,-1,-1,0,-2,3,4,3,True,-0.0361633052461324,False,ABSORB,0.7789813096653946,0.7789813096653946,0.7552362022304926,0.7645184660670854,0.7096568974601792,0.7365379388697189,0.7563822155044637,0.7563822155044637
1,25,art_painting-sketch,art_painting,sketch,0.15,0.0704704254791864,0.0697027212386651,"F,F,F,F","F,F,F,F","D,D,F,F","F,F,F,F",0,F→F,F→F,F→F,F→F,2,F→D,F→D,F→F,F→F,0,F→F,F→F,F→F,F→F,-1,-1,0,0,2,2,2,False,-0.0007677042405213053,False,ABSORB,0.7789813096653946,0.7789813096653946,0.7552362022304926,0.7552362022304926,0.7096568974601792,0.7104246017007005,0.7563822155044637,0.7563822155044637
1,25,cartoon-sketch,cartoon,sketch,0.0,0.1796584225716831,0.0081848656681842,"D,D,F,D","D,D,D,D","D,D,F,D","D,D,F,D",1,D→D,D→D,F→D,D→D,0,D→D,D→D,F→F,D→D,0,D→D,D→D,F→F,D→D,0,0,-1,0,1,1,2,False,-0.1714735569034989,False,ABSORB,0.7789813096653946,0.8188822188869986,0.6137116683579313,0.8063775990177904,0.7096568974601792,0.8115379388697188,0.7240456787243992,0.8072181846686948
1,25,cartoon-sketch,cartoon,sketch,0.02,0.1796584225716831,0.0131848656681841,"D,D,F,D","D,D,D,D","D,D,F,D","D,D,F,D",1,D→D,D→D,F→D,D→D,0,D→D,D→D,F→F,D→D,0,D→D,D→D,F→F,D→D,0,0,-1,0,1,1,2,False,-0.166473556903499,False,ABSORB,0.7789813096653946,0.8038822188869986,0.6137116683579313,0.7863775990177905,0.7096568974601792,0.7965379388697188,0.7240456787243992,0.7922181846686948
1,25,cartoon-sketch,cartoon,sketch,0.05,0.1796584225716831,0.0244948764185506,"F,F,F,D","D,D,D,D","D,D,F,D","D,D,F,D",3,F→D,F→D,F→D,D→D,2,F→D,F→D,F→F,D→D,2,F→D,F→D,F→F,D→D,-1,-1,-1,0,3,3,3,False,-0.1551635461531325,False,ABSORB,0.7789813096653946,0.7851922296373651,0.6137116683579313,0.7563775990177904,0.7096568974601792,0.7740379388697188,0.7240456787243992,0.7697181846686948
1,25,cartoon-sketch,cartoon,sketch,0.1,0.1796584225716831,0.0668995767892263,"F,F,F,F","D,D,F,D","D,D,F,D","D,D,F,F",3,F→D,F→D,F→F,F→D,3,F→D,F→D,F→F,F→D,2,F→D,F→D,F→F,F→F,-1,-1,0,-2,3,4,3,True,-0.1127588457824568,False,ABSORB,0.7789813096653946,0.7789813096653946,0.6137116683579313,0.7126499781647786,0.7096568974601792,0.7365379388697189,0.7240456787243992,0.7371061841583292
1,25,cartoon-sketch,cartoon,sketch,0.15,0.1796584225716831,0.1153473601217929,"F,F,F,F","F,D,F,D","D,D,F,F","F,F,F,F",2,F→F,F→D,F→F,F→D,2,F→D,F→D,F→F,F→F,0,F→F,F→F,F→F,F→F,-1,-2,0,-1,3,4,3,True,-0.0643110624498902,False,ABSORB,0.7789813096653946,0.7789813096653946,0.6137116683579313,0.6772550265673003,0.7096568974601792,0.7104246017007005,0.7240456787243992,0.7240456787243992
1,50,photo-art_painting,photo,art_painting,0.0,0.0968050919370183,0.0125046198692082,"D,D,F,D","D,D,D,D","D,D,D,D","D,D,D,D",1,D→D,D→D,F→D,D→D,1,D→D,D→D,F→D,D→D,1,D→D,D→D,F→D,D→D,0,0,-1,0,1,1,2,False,-0.0843004720678101,False,ABSORB,0.7789813096653946,0.8188822188869986,0.6704817389086563,0.8063775990177904,0.6971031828488351,0.8063775990177904,0.6854087040291151,0.8063775990177904
1,50,photo-art_painting,photo,art_painting,0.02,0.0968050919370183,0.0175046198692081,"D,D,F,D","D,D,D,D","D,D,D,D","D,D,D,D",1,D→D,D→D,F→D,D→D,1,D→D,D→D,F→D,D→D,1,D→D,D→D,F→D,D→D,0,0,-1,0,1,1,2,False,-0.07930047206781021,False,ABSORB,0.7789813096653946,0.8038822188869986,0.6704817389086563,0.7863775990177905,0.6971031828488351,0.7863775990177905,0.6854087040291151,0.7863775990177905
1,50,photo-art_painting,photo,art_painting,0.05,0.0968050919370183,0.0288348912052832,"F,F,F,D","F,D,D,D","D,F,D,D","F,F,D,D",2,F→F,F→D,F→D,D→D,2,F→D,F→F,F→D,D→D,1,F→F,F→F,F→D,D→D,-1,-1,-1,0,3,3,4,True,-0.0679702007317351,False,ABSORB,0.7789813096653946,0.7851922296373651,0.6704817389086563,0.762088694956123,0.6971031828488351,0.7566231286848217,0.6854087040291151,0.7623544852088628
1,50,photo-art_painting,photo,art_painting,0.1,0.0968050919370183,0.0522602596370203,"F,F,F,F","F,F,D,D","F,F,D,D","F,F,D,D",2,F→F,F→F,F→D,F→D,2,F→F,F→F,F→D,F→D,2,F→F,F→F,F→D,F→D,0,0,-1,-1,2,2,2,False,-0.044544832299998005,False,ABSORB,0.7789813096653946,0.7789813096653946,0.6704817389086563,0.7328549629715775,0.6971031828488351,0.7312205722656595,0.6854087040291151,0.7373544852088627
1,50,photo-art_painting,photo,art_painting,0.15,0.0968050919370183,0.0667895508505079,"F,F,F,F","F,F,F,D","F,F,F,D","F,F,F,D",1,F→F,F→F,F→F,F→D,1,F→F,F→F,F→F,F→D,1,F→F,F→F,F→F,F→D,0,0,0,-1,1,1,2,False,-0.030015541086510403,False,ABSORB,0.7789813096653946,0.7789813096653946,0.6704817389086563,0.7159823245501518,0.6971031828488351,0.7180119190600842,0.6854087040291151,0.7218024847953494
1,50,photo-cartoon,photo,cartoon,0.0,0.1317042364154211,0.0101820204985183,"D,D,F,D","D,D,D,D","D,D,F,D","D,D,D,D",1,D→D,D→D,F→D,D→D,0,D→D,D→D,F→F,D→D,1,D→D,D→D,F→D,D→D,0,0,0,0,0,0,2,False,-0.12152221591690279,False,ABSORB,0.7789813096653946,0.8188822188869986,0.6704817389086563,0.8063775990177904,0.6762820392729282,0.8087001983884803,0.699486704931611,0.8063775990177904
1,50,photo-cartoon,photo,cartoon,0.02,0.1317042364154211,0.0101820204985183,"D,D,F,D","D,D,D,D","D,D,F,D","D,D,D,D",1,D→D,D→D,F→D,D→D,0,D→D,D→D,F→F,D→D,1,D→D,D→D,F→D,D→D,0,0,0,0,0,0,2,False,-0.12152221591690279,False,ABSORB,0.7789813096653946,0.8038822188869986,0.6704817389086563,0.7863775990177905,0.6762820392729282,0.7937001983884803,0.699486704931611,0.7863775990177905
1,50,photo-cartoon,photo,cartoon,0.05,0.1317042364154211,0.0124851781407471,"F,F,F,D","F,D,D,D","D,D,F,D","F,D,F,D",2,F→F,F→D,F→D,D→D,2,F→D,F→D,F→F,D→D,1,F→F,F→D,F→F,D→D,-1,-1,-1,0,3,3,4,True,-0.119219058274674,False,ABSORB,0.7789813096653946,0.7851922296373651,0.6704817389086563,0.762088694956123,0.6762820392729282,0.7712001983884803,0.699486704931611,0.7605818418479853
1,50,photo-cartoon,photo,cartoon,0.1,0.1317042364154211,0.057032062659327,"F,F,F,F","F,F,D,D","D,D,F,D","F,F,F,D",2,F→F,F→F,F→D,F→D,3,F→D,F→D,F→F,F→D,1,F→F,F→F,F→F,F→D,-1,-1,-1,-1,4,4,4,True,-0.07467217375609408,False,ABSORB,0.7789813096653946,0.7789813096653946,0.6704817389086563,0.7328549629715775,0.6762820392729282,0.7337001983884803,0.699486704931611,0.7446059143539903
1,50,photo-cartoon,photo,cartoon,0.15,0.1317042364154211,0.0988714863744885,"F,F,F,F","F,F,F,D","F,D,F,D","F,F,F,D",1,F→F,F→F,F→F,F→D,2,F→F,F→D,F→F,F→D,1,F→F,F→F,F→F,F→D,0,-1,0,-1,2,2,3,False,-0.032832750040932585,False,ABSORB,0.7789813096653946,0.7789813096653946,0.6704817389086563,0.7159823245501518,0.6762820392729282,0.6962334130947445,0.699486704931611,0.7321059143539902
1,50,photo-sketch,photo,sketch,0.0,0.3060253138396805,0.0125046198692082,"D,D,F,D","D,D,D,D","D,D,D,D","D,D,D,D",1,D→D,D→D,F→D,D→D,1,D→D,D→D,F→D,D→D,1,D→D,D→D,F→D,D→D,0,0,-1,0,1,1,2,False,-0.2935206939704723,False,ABSORB,0.7789813096653946,0.8188822188869986,0.6704817389086563,0.8063775990177904,0.5530034399529938,0.8063775990177904,0.7505291830359361,0.8063775990177904
1,50,photo-sketch,photo,sketch,0.02,0.3060253138396805,0.018207586323294,"D,D,F,D","D,D,D,D","D,D,D,D","D,D,F,D",1,D→D,D→D,F→D,D→D,1,D→D,D→D,F→D,D→D,0,D→D,D→D,F→F,D→D,0,0,-2,0,1,2,2,True,-0.2878177275163865,False,ABSORB,0.7789813096653946,0.8038822188869986,0.6704817389086563,0.7863775990177905,0.5530034399529938,0.7863775990177905,0.7505291830359361,0.7870805654718763
1,50,photo-sketch,photo,sketch,0.05,0.3060253138396805,0.0331031002404444,"F,F,F,D","F,D,D,D","D,D,D,D","F,D,F,D",2,F→F,F→D,F→D,D→D,3,F→D,F→D,F→D,D→D,1,F→F,F→D,F→F,D→D,-1,-1,-2,0,3,4,4,True,-0.27292221359923613,False,ABSORB,0.7789813096653946,0.7851922296373651,0.6704817389086563,0.762088694956123,0.5530034399529938,0.7563775990177904,0.7505291830359361,0.7663771645769928
1,50,photo-sketch,photo,sketch,0.1,0.3060253138396805,0.0902126867964062,"F,F,F,F","F,F,D,D","D,D,F,D","F,F,F,F",2,F→F,F→F,F→D,F→D,3,F→D,F→D,F→F,F→D,0,F→F,F→F,F→F,F→F,-1,-1,-1,-2,4,5,3,True,-0.2158126270432743,False,ABSORB,0.7789813096653946,0.7789813096653946,0.6704817389086563,0.7328549629715775,0.5530034399529938,0.7064428429333469,0.7505291830359361,0.7505291830359361
1,50,photo-sketch,photo,sketch,0.15,0.3060253138396805,0.144585325217832,"F,F,F,F","F,F,F,D","D,D,F,D","F,F,F,F",1,F→F,F→F,F→F,F→D,3,F→D,F→D,F→F,F→D,0,F→F,F→F,F→F,F→F,-1,-1,0,-2,3,4,3,True,-0.16143998862184852,False,ABSORB,0.7789813096653946,0.7789813096653946,0.6704817389086563,0.7159823245501518,0.5530034399529938,0.6689428429333468,0.7505291830359361,0.7505291830359361
1,50,art_painting-cartoon,art_painting,cartoon,0.0,0.1304215610134218,0.0101820204985183,"D,D,F,D","D,D,D,D","D,D,F,D","D,D,D,D",1,D→D,D→D,F→D,D→D,0,D→D,D→D,F→F,D→D,1,D→D,D→D,F→D,D→D,0,0,0,0,0,0,2,False,-0.12023954051490351,False,ABSORB,0.7789813096653946,0.8188822188869986,0.6971031828488351,0.8063775990177904,0.6762820392729282,0.8087001983884803,0.7248254734697905,0.8063775990177904
1,50,art_painting-cartoon,art_painting,cartoon,0.02,0.1304215610134218,0.0101820204985183,"D,D,F,D","D,D,D,D","D,D,F,D","D,D,D,D",1,D→D,D→D,F→D,D→D,0,D→D,D→D,F→F,D→D,1,D→D,D→D,F→D,D→D,0,0,0,0,0,0,2,False,-0.12023954051490351,False,ABSORB,0.7789813096653946,0.8038822188869986,0.6971031828488351,0.7863775990177905,0.6762820392729282,0.7937001983884803,0.7248254734697905,0.7863775990177905
1,50,art_painting-cartoon,art_painting,cartoon,0.05,0.1304215610134218,0.0203252785181471,"F,F,F,D","D,F,D,D","D,D,F,D","D,D,F,D",2,F→D,F→F,F→D,D→D,2,F→D,F→D,F→F,D→D,2,F→D,F→D,F→F,D→D,-1,0,-1,0,2,2,3,False,-0.11009628249527471,False,ABSORB,0.7789813096653946,0.7851922296373651,0.6971031828488351,0.7566231286848217,0.6762820392729282,0.7712001983884803,0.7248254734697905,0.762956375954084
1,50,art_painting-cartoon,art_painting,cartoon,0.1,0.1304215610134218,0.0559343440347295,"F,F,F,F","F,F,D,D","D,D,F,D","F,F,F,D",2,F→F,F→F,F→D,F→D,3,F→D,F→D,F→F,F→D,1,F→F,F→F,F→F,F→D,-1,-1,-1,-1,4,4,4,True,-0.07448721697869232,False,ABSORB,0.7789813096653946,0.7789813096653946,0.6971031828488351,0.7312205722656595,0.6762820392729282,0.7337001983884803,0.7248254734697905,0.7418738050234748
1,50,art_painting-cartoon,art_painting,cartoon,0.15,0.1304215610134218,0.0941097825340405,"F,F,F,F","F,F,F,D","F,D,F,D","F,F,F,D",1,F→F,F→F,F→F,F→D,2,F→F,F→D,F→F,F→D,1,F→F,F→F,F→F,F→D,0,-1,0,-1,2,2,3,False,-0.036311778479381315,False,ABSORB,0.7789813096653946,0.7789813096653946,0.6971031828488351,0.7180119190600842,0.6762820392729282,0.6962334130947445,0.7248254734697905,0.7293738050234747
1,50,art_painting-sketch,art_painting,sketch,0.0,0.257649974501255,0.0125046198692082,"D,D,F,D","D,D,D,D","D,D,D,D","D,D,D,D",1,D→D,D→D,F→D,D→D,1,D→D,D→D,F→D,D→D,1,D→D,D→D,F→D,D→D,0,0,-1,0,1,1,2,False,-0.24514535463204679,False,ABSORB,0.7789813096653946,0.8188822188869986,0.6971031828488351,0.8063775990177904,0.5530034399529938,0.8063775990177904,0.7287752876376894,0.8063775990177904
1,50,art_painting-sketch,art_painting,sketch,0.02,0.257649974501255,0.0175046198692081,"D,D,F,D","D,D,D,D","D,D,D,D","D,D,D,D",1,D→D,D→D,F→D,D→D,1,D→D,D→D,F→D,D→D,1,D→D,D→D,F→D,D→D,0,0,-1,0,1,1,2,False,-0.2401453546320469,False,ABSORB,0.7789813096653946,0.8038822188869986,0.6971031828488351,0.7863775990177905,0.5530034399529938,0.7863775990177905,0.7287752876376894,0.7863775990177905
1,50,art_painting-sketch,art_painting,sketch,0.05,0.257649974501255,0.0328987279484503,"F,F,F,D","D,F,D,D","D,D,D,D","D,D,F,D",2,F→D,F→F,F→D,D→D,3,F→D,F→D,F→D,D→D,2,F→D,F→D,F→F,D→D,-1,0,-2,0,2,3,4,True,-0.22475124655280468,False,ABSORB,0.7789813096653946,0.7851922296373651,0.6971031828488351,0.7566231286848217,0.5530034399529938,0.7563775990177904,0.7287752876376894,0.7607072260136974
1,50,art_painting-sketch,art_painting,sketch,0.1,0.257649974501255,0.0700931821040775,"F,F,F,F","F,F,D,D","D,D,F,D","F,F,F,F",2,F→F,F→F,F→D,F→D,3,F→D,F→D,F→F,F→D,0,F→F,F→F,F→F,F→F,-1,-1,-1,-2,4,5,3,True,-0.18755679239717749,False,ABSORB,0.7789813096653946,0.7789813096653946,0.6971031828488351,0.7312205722656595,0.5530034399529938,0.7064428429333469,0.7287752876376894,0.7287752876376894
1,50,art_painting-sketch,art_painting,sketch,0.15,0.257649974501255,0.1208018353096529,"F,F,F,F","F,F,F,D","D,D,F,D","F,F,F,F",1,F→F,F→F,F→F,F→D,3,F→D,F→D,F→F,F→D,0,F→F,F→F,F→F,F→F,-1,-1,0,-2,3,4,3,True,-0.1368481391916021,False,ABSORB,0.7789813096653946,0.7789813096653946,0.6971031828488351,0.7180119190600842,0.5530034399529938,0.6689428429333468,0.7287752876376894,0.7287752876376894
1,50,cartoon-sketch,cartoon,sketch,0.0,0.1851011836948535,0.0101820204985183,"D,D,F,D","D,D,F,D","D,D,D,D","D,D,D,D",0,D→D,D→D,F→F,D→D,1,D→D,D→D,F→D,D→D,1,D→D,D→D,F→D,D→D,0,0,0,0,0,0,2,False,-0.17491916319633521,False,ABSORB,0.7789813096653946,0.8188822188869986,0.6762820392729282,0.8087001983884803,0.5530034399529938,0.8063775990177904,0.635405353255381,0.8063775990177904
1,50,cartoon-sketch,cartoon,sketch,0.02,0.1851011836948535,0.0101820204985183,"D,D,F,D","D,D,F,D","D,D,D,D","D,D,D,D",0,D→D,D→D,F→F,D→D,1,D→D,D→D,F→D,D→D,1,D→D,D→D,F→D,D→D,0,0,0,0,0,0,2,False,-0.17491916319633521,False,ABSORB,0.7789813096653946,0.8038822188869986,0.6762820392729282,0.7937001983884803,0.5530034399529938,0.7863775990177905,0.635405353255381,0.7863775990177905
1,50,cartoon-sketch,cartoon,sketch,0.05,0.1851011836948535,0.0178827745484437,"F,F,F,D","D,D,F,D","D,D,D,D","D,D,F,D",2,F→D,F→D,F→F,D→D,3,F→D,F→D,F→D,D→D,2,F→D,F→D,F→F,D→D,-1,-1,-1,0,3,3,3,False,-0.1672184091464098,False,ABSORB,0.7789813096653946,0.7851922296373651,0.6762820392729282,0.7712001983884803,0.5530034399529938,0.7563775990177904,0.635405353255381,0.7602683423173494
1,50,cartoon-sketch,cartoon,sketch,0.1,0.1851011836948535,0.0616066106609167,"F,F,F,F","D,D,F,D","D,D,F,D","D,D,F,D",3,F→D,F→D,F→F,F→D,3,F→D,F→D,F→F,F→D,3,F→D,F→D,F→F,F→D,-1,-1,0,-1,3,3,2,False,-0.12349457303393681,False,ABSORB,0.7789813096653946,0.7789813096653946,0.6762820392729282,0.7337001983884803,0.5530034399529938,0.7064428429333469,0.635405353255381,0.7227683423173494
1,50,cartoon-sketch,cartoon,sketch,0.15,0.1851011836948535,0.0990733959546527,"F,F,F,F","F,D,F,D","D,D,F,D","D,D,F,D",2,F→F,F→D,F→F,F→D,3,F→D,F→D,F→F,F→D,3,F→D,F→D,F→F,F→D,0,-1,0,-1,2,2,3,False,-0.08602778774020081,False,ABSORB,0.7789813096653946,0.7789813096653946,0.6762820392729282,0.6962334130947445,0.5530034399529938,0.6689428429333468,0.635405353255381,0.6852683423173495
1,100,photo-art_painting,photo,art_painting,0.0,0.1415233781986825,0.0125046198692082,"D,D,F,D","D,D,D,D","D,D,D,D","D,D,D,D",1,D→D,D→D,F→D,D→D,1,D→D,D→D,F→D,D→D,1,D→D,D→D,F→D,D→D,0,0,-1,0,1,1,2,False,-0.1290187583294743,False,ABSORB,0.7789813096653946,0.8188822188869986,0.6489297503333561,0.8063775990177904,0.6798235807716887,0.8063775990177904,0.6912953996383328,0.8063775990177904
1,100,photo-art_painting,photo,art_painting,0.02,0.1415233781986825,0.0175046198692081,"D,D,F,D","D,D,D,D","D,D,D,D","D,D,D,D",1,D→D,D→D,F→D,D→D,1,D→D,D→D,F→D,D→D,1,D→D,D→D,F→D,D→D,0,0,-1,0,1,1,2,False,-0.1240187583294744,False,ABSORB,0.7789813096653946,0.8038822188869986,0.6489297503333561,0.7863775990177905,0.6798235807716887,0.7863775990177905,0.6912953996383328,0.7863775990177905
1,100,photo-art_painting,photo,art_painting,0.05,0.1415233781986825,0.0293910954169365,"F,F,F,D","F,D,D,D","D,F,D,D","F,D,D,D",2,F→F,F→D,F→D,D→D,2,F→D,F→F,F→D,D→D,2,F→F,F→D,F→D,D→D,-1,0,-1,0,2,2,3,False,-0.11213228278174599,False,ABSORB,0.7789813096653946,0.7851922296373651,0.6489297503333561,0.760637252310099,0.6798235807716887,0.7572525768664525,0.6912953996383328,0.762088694956123
1,100,photo-art_painting,photo,art_painting,0.1,0.1415233781986825,0.0605094641559229,"F,F,F,F","F,D,D,D","F,F,F,D","F,F,F,D",3,F→F,F→D,F→D,F→D,1,F→F,F→F,F→F,F→D,1,F→F,F→F,F→F,F→D,0,-1,-1,-1,3,3,3,False,-0.0810139140427596,False,ABSORB,0.7789813096653946,0.7789813096653946,0.6489297503333561,0.7231372523100992,0.6798235807716887,0.7285309647548819,0.6912953996383328,0.7331963715555094
1,100,photo-art_painting,photo,art_painting,0.15,0.1415233781986825,0.0875908082161345,"F,F,F,F","F,F,F,D","F,F,F,D","F,F,F,D",1,F→F,F→F,F→F,F→D,1,F→F,F→F,F→F,F→D,1,F→F,F→F,F→F,F→D,0,0,0,-1,1,1,2,False,-0.05393256998254799,False,ABSORB,0.7789813096653946,0.7789813096653946,0.6489297503333561,0.6960559082498876,0.6798235807716887,0.7160309647548819,0.6912953996383328,0.7206963715555095
1,100,photo-cartoon,photo,cartoon,0.0,0.1641266120972984,0.0107369034686555,"D,D,F,D","D,D,D,D","D,D,F,D","D,D,D,D",1,D→D,D→D,F→D,D→D,0,D→D,D→D,F→F,D→D,1,D→D,D→D,F→D,D→D,0,0,0,0,0,0,2,False,-0.1533897086286429,False,ABSORB,0.7789813096653946,0.8188822188869986,0.6489297503333561,0.8063775990177904,0.7012842602083696,0.8081453154183431,0.7353593129736296,0.8063775990177904
1,100,photo-cartoon,photo,cartoon,0.02,0.1641266120972984,0.0116852664315926,"D,D,F,D","D,D,D,D","D,D,F,D","D,D,F,D",1,D→D,D→D,F→D,D→D,0,D→D,D→D,F→F,D→D,0,D→D,D→D,F→F,D→D,0,0,-1,0,1,1,2,False,-0.1524413456657058,False,ABSORB,0.7789813096653946,0.8038822188869986,0.6489297503333561,0.7863775990177905,0.7012842602083696,0.7931453154183431,0.7353593129736296,0.7873259619807276
1,100,photo-cartoon,photo,cartoon,0.05,0.1641266120972984,0.0255462975901226,"F,F,F,D","F,D,D,D","D,D,F,D","F,D,F,D",2,F→F,F→D,F→D,D→D,2,F→D,F→D,F→F,D→D,1,F→F,F→D,F→F,D→D,-1,-1,-1,0,3,3,4,True,-0.13858031450717578,False,ABSORB,0.7789813096653946,0.7851922296373651,0.6489297503333561,0.760637252310099,0.7012842602083696,0.770645315418343,0.7353593129736296,0.7716366356811996
1,100,photo-cartoon,photo,cartoon,0.1,0.1641266120972984,0.0777548697375654,"F,F,F,F","F,D,D,D","D,D,F,D","F,F,F,D",3,F→F,F→D,F→D,F→D,3,F→D,F→D,F→F,F→D,1,F→F,F→F,F→F,F→D,-1,-2,-1,-1,4,5,4,True,-0.086371742359733,False,ABSORB,0.7789813096653946,0.7789813096653946,0.6489297503333561,0.7231372523100992,0.7012842602083696,0.7331453154183432,0.7353593129736296,0.7550561278006132
1,100,photo-cartoon,photo,cartoon,0.15,0.1641266120972984,0.1174468400558288,"F,F,F,F","F,F,F,D","F,D,F,F","F,F,F,D",1,F→F,F→F,F→F,F→D,1,F→F,F→D,F→F,F→F,1,F→F,F→F,F→F,F→D,0,-1,0,0,1,1,3,False,-0.0466797720414696,False,ABSORB,0.7789813096653946,0.7789813096653946,0.6489297503333561,0.6960559082498876,0.7012842602083696,0.7080346891602912,0.7353593129736296,0.7425561278006131
1,100,photo-sketch,photo,sketch,0.0,0.4347904434181256,0.0125046198692082,"D,D,F,D","D,D,D,D","D,D,D,D","D,D,D,D",1,D→D,D→D,F→D,D→D,1,D→D,D→D,F→D,D→D,1,D→D,D→D,F→D,D→D,0,0,-1,0,1,1,2,False,-0.4222858235489174,False,ABSORB,0.7789813096653946,0.8188822188869986,0.6489297503333561,0.8063775990177904,0.4400232558864266,0.8063775990177904,0.7447621399725137,0.8063775990177904
1,100,photo-sketch,photo,sketch,0.02,0.4347904434181256,0.0175046198692081,"D,D,F,D","D,D,D,D","D,D,D,D","D,D,D,D",1,D→D,D→D,F→D,D→D,1,D→D,D→D,F→D,D→D,1,D→D,D→D,F→D,D→D,0,0,-1,0,1,1,2,False,-0.4172858235489175,False,ABSORB,0.7789813096653946,0.8038822188869986,0.6489297503333561,0.7863775990177905,0.4400232558864266,0.7863775990177905,0.7447621399725137,0.7863775990177905
1,100,photo-sketch,photo,sketch,0.05,0.4347904434181256,0.0362694709416295,"F,F,F,D","F,D,D,D","D,D,D,D","F,D,F,D",2,F→F,F→D,F→D,D→D,3,F→D,F→D,F→D,D→D,1,F→F,F→D,F→F,D→D,-1,-1,-2,0,3,4,4,True,-0.3985209724764961,False,ABSORB,0.7789813096653946,0.7851922296373651,0.6489297503333561,0.760637252310099,0.4400232558864266,0.7563775990177904,0.7447621399725137,0.7680920926321539
1,100,photo-sketch,photo,sketch,0.1,0.4347904434181256,0.0942285983100186,"F,F,F,F","F,D,D,D","D,D,D,D","F,F,F,F",3,F→F,F→D,F→D,F→D,4,F→D,F→D,F→D,F→D,0,F→F,F→F,F→F,F→F,-1,-2,-2,-2,4,7,3,True,-0.340561845108107,False,ABSORB,0.7789813096653946,0.7789813096653946,0.6489297503333561,0.7231372523100992,0.4400232558864266,0.7063775990177905,0.7447621399725137,0.7447621399725137
1,100,photo-sketch,photo,sketch,0.15,0.4347904434181256,0.1713099423702302,"F,F,F,F","F,F,F,D","D,D,D,D","F,F,F,F",1,F→F,F→F,F→F,F→D,4,F→D,F→D,F→D,F→D,0,F→F,F→F,F→F,F→F,-1,-1,-1,-2,4,5,3,True,-0.26348050104789544,False,ABSORB,0.7789813096653946,0.7789813096653946,0.6489297503333561,0.6960559082498876,0.4400232558864266,0.6563775990177905,0.7447621399725137,0.7447621399725137
1,100,art_painting-cartoon,art_painting,cartoon,0.0,0.1169598087371877,0.0107369034686555,"D,D,F,D","D,D,D,D","D,D,F,D","D,D,D,D",1,D→D,D→D,F→D,D→D,0,D→D,D→D,F→F,D→D,1,D→D,D→D,F→D,D→D,0,0,0,0,0,0,2,False,-0.1062229052685322,False,ABSORB,0.7789813096653946,0.8188822188869986,0.6798235807716887,0.8063775990177904,0.7012842602083696,0.8081453154183431,0.7190863400518515,0.8063775990177904
1,100,art_painting-cartoon,art_painting,cartoon,0.02,0.1169598087371877,0.0107369034686555,"D,D,F,D","D,D,D,D","D,D,F,D","D,D,D,D",1,D→D,D→D,F→D,D→D,0,D→D,D→D,F→F,D→D,1,D→D,D→D,F→D,D→D,0,0,0,0,0,0,2,False,-0.1062229052685322,False,ABSORB,0.7789813096653946,0.8038822188869986,0.6798235807716887,0.7863775990177905,0.7012842602083696,0.7931453154183431,0.7190863400518515,0.7863775990177905
1,100,art_painting-cartoon,art_painting,cartoon,0.05,0.1169598087371877,0.0160613354043935,"F,F,F,D","D,F,D,D","D,D,F,D","D,D,F,D",2,F→D,F→F,F→D,D→D,2,F→D,F→D,F→F,D→D,2,F→D,F→D,F→F,D→D,-1,0,-1,0,2,2,3,False,-0.1008984733327942,False,ABSORB,0.7789813096653946,0.7851922296373651,0.6798235807716887,0.7572525768664525,0.7012842602083696,0.770645315418343,0.7190863400518515,0.758766998051824
1,100,art_painting-cartoon,art_painting,cartoon,0.1,0.1169598087371877,0.0511476943748419,"F,F,F,F","F,F,F,D","D,D,F,D","F,F,F,D",1,F→F,F→F,F→F,F→D,3,F→D,F→D,F→F,F→D,1,F→F,F→F,F→F,F→D,-1,-1,0,-1,3,3,3,False,-0.0658121143623458,False,ABSORB,0.7789813096653946,0.7789813096653946,0.6798235807716887,0.7285309647548819,0.7012842602083696,0.7331453154183432,0.7190863400518515,0.7338426648826724
1,100,art_painting-cartoon,art_painting,cartoon,0.15,0.1169598087371877,0.0762583206328938,"F,F,F,F","F,F,F,D","F,D,F,F","F,F,F,D",1,F→F,F→F,F→F,F→D,1,F→F,F→D,F→F,F→F,1,F→F,F→F,F→F,F→D,0,-1,0,0,1,1,3,False,-0.0407014881042939,False,ABSORB,0.7789813096653946,0.7789813096653946,0.6798235807716887,0.7160309647548819,0.7012842602083696,0.7080346891602912,0.7190863400518515,0.7213426648826724
1,100,art_painting-sketch,art_painting,sketch,0.0,0.3966063011465132,0.0125046198692082,"D,D,F,D","D,D,D,D","D,D,D,D","D,D,D,D",1,D→D,D→D,F→D,D→D,1,D→D,D→D,F→D,D→D,1,D→D,D→D,F→D,D→D,0,0,-1,0,1,1,2,False,-0.384101681277305,False,ABSORB,0.7789813096653946,0.8188822188869986,0.6798235807716887,0.8063775990177904,0.4400232558864266,0.8063775990177904,0.737471828139234,0.8063775990177904
1,100,art_painting-sketch,art_painting,sketch,0.02,0.3966063011465132,0.0175046198692081,"D,D,F,D","D,D,D,D","D,D,D,D","D,D,D,D",1,D→D,D→D,F→D,D→D,1,D→D,D→D,F→D,D→D,1,D→D,D→D,F→D,D→D,0,0,-1,0,1,1,2,False,-0.3791016812773051,False,ABSORB,0.7789813096653946,0.8038822188869986,0.6798235807716887,0.7863775990177905,0.4400232558864266,0.7863775990177905,0.737471828139234,0.7863775990177905
1,100,art_painting-sketch,art_painting,sketch,0.05,0.3966063011465132,0.0321550277345377,"F,F,F,D","D,F,D,D","D,D,D,D","D,D,F,D",2,F→D,F→F,F→D,D→D,3,F→D,F→D,F→D,D→D,2,F→D,F→D,F→F,D→D,-1,0,-2,0,2,3,4,True,-0.3644512734119755,False,ABSORB,0.7789813096653946,0.7851922296373651,0.6798235807716887,0.7572525768664525,0.4400232558864266,0.7563775990177904,0.737471828139234,0.7605929739814156
1,100,art_painting-sketch,art_painting,sketch,0.1,0.3966063011465132,0.0815445740319561,"F,F,F,F","F,F,F,D","D,D,D,D","F,F,F,F",1,F→F,F→F,F→F,F→D,4,F→D,F→D,F→D,F→D,0,F→F,F→F,F→F,F→F,-1,-1,-1,-2,4,5,3,True,-0.3150617271145571,False,ABSORB,0.7789813096653946,0.7789813096653946,0.6798235807716887,0.7285309647548819,0.4400232558864266,0.7063775990177905,0.737471828139234,0.737471828139234
1,100,art_painting-sketch,art_painting,sketch,0.15,0.3966063011465132,0.1440445740319561,"F,F,F,F","F,F,F,D","D,D,D,D","F,F,F,F",1,F→F,F→F,F→F,F→D,4,F→D,F→D,F→D,F→D,0,F→F,F→F,F→F,F→F,-1,-1,-1,-2,4,5,3,True,-0.25256172711455704,False,ABSORB,0.7789813096653946,0.7789813096653946,0.6798235807716887,0.7160309647548819,0.4400232558864266,0.6563775990177905,0.737471828139234,0.737471828139234
1,100,cartoon-sketch,cartoon,sketch,0.0,0.3019624928024441,0.0107369034686555,"D,D,F,D","D,D,F,D","D,D,D,D","D,D,D,D",0,D→D,D→D,F→F,D→D,1,D→D,D→D,F→D,D→D,1,D→D,D→D,F→D,D→D,0,0,0,0,0,0,2,False,-0.29122558933378856,False,ABSORB,0.7789813096653946,0.8188822188869986,0.7012842602083696,0.8081453154183431,0.4400232558864266,0.8063775990177904,0.6642886992318457,0.8063775990177904
1,100,cartoon-sketch,cartoon,sketch,0.02,0.3019624928024441,0.0123919009566488,"D,D,F,D","D,D,F,D","D,D,D,D","D,D,F,D",0,D→D,D→D,F→F,D→D,1,D→D,D→D,F→D,D→D,0,D→D,D→D,F→F,D→D,0,0,-1,0,1,1,2,False,-0.28957059184579526,False,ABSORB,0.7789813096653946,0.8038822188869986,0.7012842602083696,0.7931453154183431,0.4400232558864266,0.7863775990177905,0.6642886992318457,0.7880325965057838
1,100,cartoon-sketch,cartoon,sketch,0.05,0.3019624928024441,0.0237019117070155,"F,F,F,D","D,D,F,D","D,D,D,D","D,D,F,D",2,F→D,F→D,F→F,D→D,3,F→D,F→D,F→D,D→D,2,F→D,F→D,F→F,D→D,-1,-1,-1,0,3,3,3,False,-0.27826058109542856,False,ABSORB,0.7789813096653946,0.7851922296373651,0.7012842602083696,0.770645315418343,0.4400232558864266,0.7563775990177904,0.6642886992318457,0.7655325965057839
1,100,cartoon-sketch,cartoon,sketch,0.1,0.3019624928024441,0.0674909917350448,"F,F,F,F","D,D,F,D","D,D,D,D","D,D,F,D",3,F→D,F→D,F→F,F→D,4,F→D,F→D,F→D,F→D,3,F→D,F→D,F→F,F→D,-1,-1,-1,-1,4,4,3,False,-0.23447150106739928,False,ABSORB,0.7789813096653946,0.7789813096653946,0.7012842602083696,0.7331453154183432,0.4400232558864266,0.7063775990177905,0.6642886992318457,0.7280325965057839
1,100,cartoon-sketch,cartoon,sketch,0.15,0.3019624928024441,0.1105078629637356,"F,F,F,F","F,D,F,F","D,D,D,D","D,D,F,F",1,F→F,F→D,F→F,F→F,4,F→D,F→D,F→D,F→D,2,F→D,F→D,F→F,F→F,0,-1,-1,-1,3,3,4,True,-0.19145462983870848,False,ABSORB,0.7789813096653946,0.7789813096653946,0.7012842602083696,0.7080346891602912,0.4400232558864266,0.6563775990177905,0.6642886992318457,0.6959388414764227
2,25,photo-art_painting,photo,art_painting,0.0,0.017583885869091,0.007917374824679,"D,F,F,D","D,F,D,D","D,F,F,D","D,F,D,D",1,D→D,F→F,F→D,D→D,0,D→D,F→F,F→F,D→D,1,D→D,F→F,F→D,D→D,0,0,0,0,0,0,2,False,-0.009666511044412001,False,ABSORB,0.7750601093420804,0.8143105174795101,0.7334762347445092,0.8019703143240499,0.7613373942204572,0.8148633874469853,0.7373374054919771,0.810440559116204
2,25,photo-art_painting,photo,art_painting,0.02,0.017583885869091,0.0094320417469417,"D,F,F,D","D,F,D,D","D,F,F,D","F,F,D,D",1,D→D,F→F,F→D,D→D,0,D→D,F→F,F→F,D→D,2,D→F,F→F,F→D,D→D,-1,0,0,0,1,1,3,True,-0.008151844122149301,False,ABSORB,0.7750601093420804,0.8043105174795102,0.7334762347445092,0.7869703143240498,0.7613373942204572,0.8048633874469853,0.7373374054919771,0.7969552260384667
2,25,photo-art_painting,photo,art_painting,0.05,0.017583885869091,0.0028352230834817,"F,F,F,D","F,F,F,D","F,F,F,D","F,F,D,D",0,F→F,F→F,F→F,D→D,0,F→F,F→F,F→F,D→D,1,F→F,F→F,F→D,D→D,0,0,1,0,1,1,2,True,-0.0147486627856093,False,ABSORB,0.7750601093420804,0.7909124801036402,0.7334762347445092,0.7734940464052067,0.7613373942204572,0.7965384366534185,0.7373374054919771,0.7819552260384667
2,25,photo-art_painting,photo,art_painting,0.1,0.017583885869091,0.0006736708736042,"F,F,F,D","F,F,F,D","F,F,F,D","F,F,F,D",0,F→F,F→F,F→F,D→D,0,F→F,F→F,F→F,D→D,0,F→F,F→F,F→F,D→D,0,0,0,0,0,0,1,False,-0.0169102149954868,False,ABSORB,0.7750601093420804,0.7784124801036403,0.7334762347445092,0.7609940464052067,0.7613373942204572,0.7840384366534185,0.7373374054919771,0.7672936738285893
2,25,photo-art_painting,photo,art_painting,0.15,0.017583885869091,0.0098213001120441,"F,F,F,F","F,F,F,D","F,F,F,D","F,F,F,D",1,F→F,F→F,F→F,F→D,1,F→F,F→F,F→F,F→D,1,F→F,F→F,F→F,F→D,0,0,0,-1,1,1,2,False,-0.0077625857570469015,False,ABSORB,0.7750601093420804,0.7750601093420804,0.7334762347445092,0.7484940464052068,0.7613373942204572,0.7715384366534186,0.7373374054919771,0.7547936738285892
2,25,photo-cartoon,photo,cartoon,0.0,0.0458745107039062,0.0137027138330573,"D,F,F,D","D,F,D,D","D,D,F,D","D,F,F,D",1,D→D,F→F,F→D,D→D,1,D→D,F→D,F→F,D→D,0,D→D,F→F,F→F,D→D,0,-1,-1,0,2,2,3,True,-0.032171796870848895,False,ABSORB,0.7750601093420804,0.8143105174795101,0.7334762347445092,0.8019703143240499,0.7604119342999218,0.8047345489872026,0.7647025704062569,0.8060970596647997
2,25,photo-cartoon,photo,cartoon,0.02,0.0458745107039062,0.0196712723183559,"D,F,F,D","D,F,D,D","D,F,F,D","D,F,F,D",1,D→D,F→F,F→D,D→D,0,D→D,F→F,F→F,D→D,0,D→D,F→F,F→F,D→D,0,0,-1,0,1,1,2,False,-0.026203238385550297,False,ABSORB,0.7750601093420804,0.8043105174795102,0.7334762347445092,0.7869703143240498,0.7604119342999218,0.7937659905019042,0.7647025704062569,0.7960970596647998
2,25,photo-cartoon,photo,cartoon,0.05,0.0458745107039062,0.0258394558367104,"F,F,F,D","F,F,F,D","F,F,F,D","F,F,F,D",0,F→F,F→F,F→F,D→D,0,F→F,F→F,F→F,D→D,0,F→F,F→F,F→F,D→D,0,0,0,0,0,0,1,False,-0.020035054867195798,False,ABSORB,0.7750601093420804,0.7909124801036402,0.7334762347445092,0.7734940464052067,0.7604119342999218,0.779263120511985,0.7647025704062569,0.7876841426502619
2,25,photo-cartoon,photo,cartoon,0.1,0.0458745107039062,0.0258394558367104,"F,F,F,D","F,F,F,D","F,F,F,D","F,F,F,D",0,F→F,F→F,F→F,D→D,0,F→F,F→F,F→F,D→D,0,F→F,F→F,F→F,D→D,0,0,0,0,0,0,1,False,-0.020035054867195798,False,ABSORB,0.7750601093420804,0.7784124801036403,0.7334762347445092,0.7609940464052067,0.7604119342999218,0.766763120511985,0.7647025704062569,0.7751841426502619
2,25,photo-cartoon,photo,cartoon,0.15,0.0458745107039062,0.0308566990432086,"F,F,F,F","F,F,F,D","F,F,F,F","F,F,F,F",1,F→F,F→F,F→F,F→D,0,F→F,F→F,F→F,F→F,0,F→F,F→F,F→F,F→F,0,0,0,-1,1,1,2,False,-0.015017811660697596,False,ABSORB,0.7750601093420804,0.7750601093420804,0.7334762347445092,0.7484940464052068,0.7604119342999218,0.7604119342999218,0.7647025704062569,0.7647025704062569
2,25,photo-sketch,photo,sketch,0.0,0.0892583863773222,0.0202446652638637,"D,F,F,D","D,F,D,D","D,D,F,D","D,F,F,D",1,D→D,F→F,F→D,D→D,1,D→D,F→D,F→F,D→D,0,D→D,F→F,F→F,D→D,0,-1,-1,0,2,2,3,True,-0.06901372111345849,False,ABSORB,0.7750601093420804,0.8143105174795101,0.7334762347445092,0.8019703143240499,0.7190121760263495,0.8042744143375841,0.7666866878061005,0.8121788764459875
2,25,photo-sketch,photo,sketch,0.02,0.0892583863773222,0.0302446652638638,"D,F,F,D","D,F,D,D","D,D,F,D","D,F,F,D",1,D→D,F→F,F→D,D→D,1,D→D,F→D,F→F,D→D,0,D→D,F→F,F→F,D→D,0,-1,-1,0,2,2,3,True,-0.0590137211134584,False,ABSORB,0.7750601093420804,0.8043105174795102,0.7334762347445092,0.7869703143240498,0.7190121760263495,0.789274414337584,0.7666866878061005,0.8021788764459875
2,25,photo-sketch,photo,sketch,0.05,0.0892583863773222,0.0407240680171622,"F,F,F,D","F,F,F,D","D,D,F,D","F,F,F,D",0,F→F,F→F,F→F,D→D,2,F→D,F→D,F→F,D→D,0,F→F,F→F,F→F,D→D,-1,-1,0,0,2,2,2,False,-0.04853431836016,False,ABSORB,0.7750601093420804,0.7909124801036402,0.7334762347445092,0.7734940464052067,0.7190121760263495,0.766774414337584,0.7666866878061005,0.7900800486563127
2,25,photo-sketch,photo,sketch,0.1,0.0892583863773222,0.0600956794201048,"F,F,F,D","F,F,F,D","D,D,F,F","F,F,F,D",0,F→F,F→F,F→F,D→D,3,F→D,F→D,F→F,D→F,0,F→F,F→F,F→F,D→D,-1,-1,0,1,3,3,2,False,-0.0291627069572174,False,ABSORB,0.7750601093420804,0.7784124801036403,0.7334762347445092,0.7609940464052067,0.7190121760263495,0.7349028029346414,0.7666866878061005,0.7775800486563127
2,25,photo-sketch,photo,sketch,0.15,0.0892583863773222,0.0742405747166246,"F,F,F,F","F,F,F,D","F,F,F,F","F,F,F,F",1,F→F,F→F,F→F,F→D,0,F→F,F→F,F→F,F→F,0,F→F,F→F,F→F,F→F,0,0,0,-1,1,1,2,False,-0.0150178116606976,False,ABSORB,0.7750601093420804,0.7750601093420804,0.7334762347445092,0.7484940464052068,0.7190121760263495,0.7190121760263495,0.7666866878061005,0.7666866878061005
2,25,art_painting-cartoon,art_painting,cartoon,0.0,0.0397062613496379,0.0136687582768399,"D,F,F,D","D,F,F,D","D,D,F,D","D,F,F,D",0,D→D,F→F,F→F,D→D,1,D→D,F→D,F→F,D→D,0,D→D,F→F,F→F,D→D,0,-1,0,0,1,1,2,False,-0.026037503072798,False,ABSORB,0.7750601093420804,0.8143105174795101,0.7613373942204572,0.8148633874469853,0.7604119342999218,0.8047345489872026,0.7863954805279366,0.8189561772315178
2,25,art_painting-cartoon,art_painting,cartoon,0.02,0.0397062613496379,0.0175864006102371,"D,F,F,D","D,F,F,D","D,F,F,D","F,F,F,D",0,D→D,F→F,F→F,D→D,0,D→D,F→F,F→F,D→D,1,D→F,F→F,F→F,D→D,-1,0,0,0,1,1,2,True,-0.022119860739400803,False,ABSORB,0.7750601093420804,0.8043105174795102,0.7613373942204572,0.8048633874469853,0.7604119342999218,0.7937659905019042,0.7863954805279366,0.8119052610796165
2,25,art_painting-cartoon,art_painting,cartoon,0.05,0.0397062613496379,0.0195161840178531,"F,F,F,D","F,F,F,D","F,F,F,D","F,F,F,D",0,F→F,F→F,F→F,D→D,0,F→F,F→F,F→F,D→D,0,F→F,F→F,F→F,D→D,0,0,0,0,0,0,1,False,-0.020190077331784802,False,ABSORB,0.7750601093420804,0.7909124801036402,0.7613373942204572,0.7965384366534185,0.7604119342999218,0.779263120511985,0.7863954805279366,0.8044052610796164
2,25,art_painting-cartoon,art_painting,cartoon,0.1,0.0397062613496379,0.0195161840178531,"F,F,F,D","F,F,F,D","F,F,F,D","F,F,F,D",0,F→F,F→F,F→F,D→D,0,F→F,F→F,F→F,D→D,0,F→F,F→F,F→F,D→D,0,0,0,0,0,0,1,False,-0.020190077331784802,False,ABSORB,0.7750601093420804,0.7784124801036403,0.7613373942204572,0.7840384366534185,0.7604119342999218,0.766763120511985,0.7863954805279366,0.7919052610796165
2,25,art_painting-cartoon,art_painting,cartoon,0.15,0.0397062613496379,0.0295052189166765,"F,F,F,F","F,F,F,D","F,F,F,F","F,F,F,F",1,F→F,F→F,F→F,F→D,0,F→F,F→F,F→F,F→F,0,F→F,F→F,F→F,F→F,0,0,0,-1,1,1,2,False,-0.010201042432961403,False,ABSORB,0.7750601093420804,0.7750601093420804,0.7613373942204572,0.7715384366534186,0.7604119342999218,0.7604119342999218,0.7863954805279366,0.7863954805279366
2,25,art_painting-sketch,art_painting,sketch,0.0,0.0824658103365979,0.0130486495575337,"D,F,F,D","D,F,F,D","D,D,F,D","D,F,F,D",0,D→D,F→F,F→F,D→D,1,D→D,F→D,F→F,D→D,0,D→D,F→F,F→F,D→D,0,-1,0,0,1,1,2,False,-0.06941716077906421,False,ABSORB,0.7750601093420804,0.8143105174795101,0.7613373942204572,0.8148633874469853,0.7190121760263495,0.8042744143375841,0.7877552712413243,0.8178759338625929
2,25,art_painting-sketch,art_painting,sketch,0.02,0.0824658103365979,0.0180486495575338,"D,F,F,D","D,F,F,D","D,D,F,D","D,F,F,D",0,D→D,F→F,F→F,D→D,1,D→D,F→D,F→F,D→D,0,D→D,F→F,F→F,D→D,0,-1,0,0,1,1,2,False,-0.0644171607790641,False,ABSORB,0.7750601093420804,0.8043105174795102,0.7613373942204572,0.8048633874469853,0.7190121760263495,0.789274414337584,0.7877552712413243,0.8078759338625929
2,25,art_painting-sketch,art_painting,sketch,0.05,0.0824658103365979,0.024631804015708,"F,F,F,D","F,F,F,D","D,D,F,D","F,F,F,D",0,F→F,F→F,F→F,D→D,2,F→D,F→D,F→F,D→D,0,F→F,F→F,F→F,D→D,-1,-1,0,0,2,2,2,False,-0.057834006320889905,False,ABSORB,0.7750601093420804,0.7909124801036402,0.7613373942204572,0.7965384366534185,0.7190121760263495,0.766774414337584,0.7877552712413243,0.7970321749030703
2,25,art_painting-sketch,art_painting,sketch,0.1,0.0824658103365979,0.0472265117569046,"F,F,F,D","F,F,F,D","D,D,F,F","F,F,F,F",0,F→F,F→F,F→F,D→D,3,F→D,F→D,F→F,D→F,1,F→F,F→F,F→F,D→F,-1,-1,0,0,2,2,3,True,-0.0352392985796933,False,ABSORB,0.7750601093420804,0.7784124801036403,0.7613373942204572,0.7840384366534185,0.7190121760263495,0.7349028029346414,0.7877552712413243,0.7877552712413243
2,25,art_painting-sketch,art_painting,sketch,0.15,0.0824658103365979,0.0722647679036365,"F,F,F,F","F,F,F,D","F,F,F,F","F,F,F,F",1,F→F,F→F,F→F,F→D,0,F→F,F→F,F→F,F→F,0,F→F,F→F,F→F,F→F,0,0,0,-1,1,1,2,False,-0.010201042432961396,False,ABSORB,0.7750601093420804,0.7750601093420804,0.7613373942204572,0.7715384366534186,0.7190121760263495,0.7190121760263495,0.7877552712413243,0.7877552712413243
2,25,cartoon-sketch,cartoon,sketch,0.0,0.0346907579466013,0.0070307633948735,"D,F,F,D","D,D,F,D","D,D,F,D","D,D,F,D",1,D→D,F→D,F→F,D→D,1,D→D,F→D,F→F,D→D,1,D→D,F→D,F→F,D→D,0,-1,0,0,1,1,2,False,-0.0276599945517278,False,ABSORB,0.7750601093420804,0.8143105174795101,0.7604119342999218,0.8047345489872026,0.7190121760263495,0.8042744143375841,0.7390547589307923,0.8017292092401501
2,25,cartoon-sketch,cartoon,sketch,0.02,0.0346907579466013,0.007999321880172,"D,F,F,D","D,F,F,D","D,D,F,D","D,D,F,D",0,D→D,F→F,F→F,D→D,1,D→D,F→D,F→F,D→D,1,D→D,F→D,F→F,D→D,0,0,0,0,0,0,2,False,-0.0266914360664293,False,ABSORB,0.7750601093420804,0.8043105174795102,0.7604119342999218,0.7937659905019042,0.7190121760263495,0.789274414337584,0.7390547589307923,0.7867292092401501
2,25,cartoon-sketch,cartoon,sketch,0.05,0.0346907579466013,0.0091041544942214,"F,F,F,D","F,F,F,D","D,D,F,D","D,D,F,D",0,F→F,F→F,F→F,D→D,2,F→D,F→D,F→F,D→D,2,F→D,F→D,F→F,D→D,0,0,0,0,0,0,2,False,-0.0255866034523799,False,ABSORB,0.7750601093420804,0.7909124801036402,0.7604119342999218,0.779263120511985,0.7190121760263495,0.766774414337584,0.7390547589307923,0.7642292092401501
2,25,cartoon-sketch,cartoon,sketch,0.1,0.0346907579466013,0.0158013155878061,"F,F,F,D","F,F,F,D","D,D,F,F","F,F,F,F",0,F→F,F→F,F→F,D→D,3,F→D,F→D,F→F,D→F,1,F→F,F→F,F→F,D→F,-1,-1,0,0,2,2,3,True,-0.0188894423587952,False,ABSORB,0.7750601093420804,0.7784124801036403,0.7604119342999218,0.766763120511985,0.7190121760263495,0.7349028029346414,0.7390547589307923,0.7390547589307923
2,25,cartoon-sketch,cartoon,sketch,0.15,0.0346907579466013,0.0346907579466013,"F,F,F,F","F,F,F,F","F,F,F,F","F,F,F,F",0,F→F,F→F,F→F,F→F,0,F→F,F→F,F→F,F→F,0,F→F,F→F,F→F,F→F,0,0,0,0,0,0,1,False,0.0,False,PRESERVE,0.7750601093420804,0.7750601093420804,0.7604119342999218,0.7604119342999218,0.7190121760263495,0.7190121760263495,0.7390547589307923,0.7390547589307923
2,50,photo-art_painting,photo,art_painting,0.0,0.0616904623868145,0.0188649089664717,"D,F,F,D","D,F,D,D","D,F,D,D","D,F,D,D",1,D→D,F→F,F→D,D→D,1,D→D,F→F,F→D,D→D,1,D→D,F→F,F→D,D→D,0,0,-1,0,1,1,2,False,-0.0428255534203428,False,ABSORB,0.7750601093420804,0.8143105174795101,0.6817473068537282,0.8000791922235895,0.7363259813682645,0.8006200987188483,0.7047036412667269,0.8052536824293994
2,50,photo-art_painting,photo,art_painting,0.02,0.0616904623868145,0.0198871878570171,"D,F,F,D","F,F,D,D","D,F,D,D","D,F,D,D",2,D→F,F→F,F→D,D→D,1,D→D,F→F,F→D,D→D,1,D→D,F→F,F→D,D→D,1,0,-1,0,2,2,3,False,-0.0418032745297974,False,ABSORB,0.7750601093420804,0.8043105174795102,0.6817473068537282,0.7890569133330442,0.7363259813682645,0.7856200987188483,0.7047036412667269,0.7902536824293994
2,50,photo-art_painting,photo,art_painting,0.05,0.0616904623868145,0.0216109714528935,"F,F,F,D","F,F,D,D","F,F,F,D","F,F,D,D",1,F→F,F→F,F→D,D→D,0,F→F,F→F,F→F,D→D,1,F→F,F→F,F→D,D→D,0,0,0,0,0,0,2,False,-0.040079490933921,False,ABSORB,0.7750601093420804,0.7909124801036402,0.6817473068537282,0.7740569133330442,0.7363259813682645,0.768441799859939,0.7047036412667269,0.7731972045422365
2,50,photo-art_painting,photo,art_painting,0.1,0.0616904623868145,0.0276266985182102,"F,F,F,D","F,F,D,D","F,F,F,D","F,F,F,D",1,F→F,F→F,F→D,D→D,0,F→F,F→F,F→F,D→D,0,F→F,F→F,F→F,D→D,0,0,-1,0,1,1,2,False,-0.034063763868604297,False,ABSORB,0.7750601093420804,0.7784124801036403,0.6817473068537282,0.7490569133330442,0.7363259813682645,0.755941799859939,0.7047036412667269,0.7542129316075532
2,50,photo-art_painting,photo,art_painting,0.15,0.0616904623868145,0.0442021789940154,"F,F,F,F","F,F,F,D","F,F,F,D","F,F,F,D",1,F→F,F→F,F→F,F→D,1,F→F,F→F,F→F,F→D,1,F→F,F→F,F→F,F→D,0,0,0,-1,1,1,2,False,-0.0174882833927991,False,ABSORB,0.7750601093420804,0.7750601093420804,0.6817473068537282,0.7291290620956792,0.7363259813682645,0.743441799859939,0.7047036412667269,0.7417129316075532
2,50,photo-cartoon,photo,cartoon,0.0,0.1397676345110592,0.0158930279796148,"D,F,F,D","D,F,D,D","D,D,D,D","D,F,D,D",1,D→D,F→F,F→D,D→D,2,D→D,F→D,F→D,D→D,1,D→D,F→F,F→D,D→D,0,-1,-1,0,2,2,3,False,-0.1238746065314444,False,ABSORB,0.7750601093420804,0.8143105174795101,0.6817473068537282,0.8000791922235895,0.7046827190520366,0.7968275913965692,0.7511375510747437,0.7984892941202635
2,50,photo-cartoon,photo,cartoon,0.02,0.1397676345110592,0.0238967702133572,"D,F,F,D","F,F,D,D","D,D,D,D","D,F,F,D",2,D→F,F→F,F→D,D→D,2,D→D,F→D,F→D,D→D,0,D→D,F→F,F→F,D→D,1,-1,-2,0,3,4,3,True,-0.11587086429770199,False,ABSORB,0.7750601093420804,0.8043105174795102,0.6817473068537282,0.7890569133330442,0.7046827190520366,0.7768275913965692,0.7511375510747437,0.7854707574634604
2,50,photo-cartoon,photo,cartoon,0.05,0.1397676345110592,0.0397672011688186,"F,F,F,D","F,F,D,D","D,D,F,D","F,F,F,D",1,F→F,F→F,F→D,D→D,2,F→D,F→D,F→F,D→D,0,F→F,F→F,F→F,D→D,-1,-1,-1,0,3,3,3,True,-0.1000004333422406,False,ABSORB,0.7750601093420804,0.7909124801036402,0.6817473068537282,0.7740569133330442,0.7046827190520366,0.7503249302903648,0.7511375510747437,0.7732365646885874
2,50,photo-cartoon,photo,cartoon,0.1,0.1397676345110592,0.0772672011688185,"F,F,F,D","F,F,D,D","D,D,F,D","F,F,F,D",1,F→F,F→F,F→D,D→D,2,F→D,F→D,F→F,D→D,0,F→F,F→F,F→F,D→D,-1,-1,-1,0,3,3,3,True,-0.0625004333422407,False,ABSORB,0.7750601093420804,0.7784124801036403,0.6817473068537282,0.7490569133330442,0.7046827190520366,0.7128249302903649,0.7511375510747437,0.7607365646885874
2,50,photo-cartoon,photo,cartoon,0.15,0.1397676345110592,0.0923858792691082,"F,F,F,F","F,F,F,D","F,F,F,F","F,F,F,F",1,F→F,F→F,F→F,F→D,0,F→F,F→F,F→F,F→F,0,F→F,F→F,F→F,F→F,0,0,0,-1,1,1,2,False,-0.047381755241951,False,ABSORB,0.7750601093420804,0.7750601093420804,0.6817473068537282,0.7291290620956792,0.7046827190520366,0.7046827190520366,0.7511375510747437,0.7511375510747437
2,50,photo-sketch,photo,sketch,0.0,0.256409382009629,0.0309684075419731,"D,F,F,D","D,F,D,D","D,D,D,D","D,F,F,D",1,D→D,F→F,F→D,D→D,2,D→D,F→D,F→D,D→D,0,D→D,F→F,F→F,D→D,0,-1,-2,0,2,3,3,True,-0.22544097446765587,False,ABSORB,0.7750601093420804,0.8143105174795101,0.6817473068537282,0.8000791922235895,0.6040722498570823,0.7968275913965692,0.7671688293783592,0.8135646736826218
2,50,photo-sketch,photo,sketch,0.02,0.256409382009629,0.0419906864325185,"D,F,F,D","F,F,D,D","D,D,D,D","D,F,F,D",2,D→F,F→F,F→D,D→D,2,D→D,F→D,F→D,D→D,0,D→D,F→F,F→F,D→D,1,-1,-2,0,3,4,3,True,-0.2144186955771105,False,ABSORB,0.7750601093420804,0.8043105174795102,0.6817473068537282,0.7890569133330442,0.6040722498570823,0.7768275913965692,0.7671688293783592,0.8035646736826217
2,50,photo-sketch,photo,sketch,0.05,0.256409382009629,0.061302702303012,"F,F,F,D","F,F,D,D","D,D,D,D","F,F,F,D",1,F→F,F→F,F→D,D→D,3,F→D,F→D,F→D,D→D,0,F→F,F→F,F→F,D→D,-1,-1,-2,0,3,4,3,True,-0.195106679706617,False,ABSORB,0.7750601093420804,0.7909124801036402,0.6817473068537282,0.7740569133330442,0.6040722498570823,0.7468275913965692,0.7671688293783592,0.7912747269289852
2,50,photo-sketch,photo,sketch,0.1,0.256409382009629,0.1021875914437949,"F,F,F,D","F,F,D,D","D,D,F,D","F,F,F,D",1,F→F,F→F,F→D,D→D,2,F→D,F→D,F→F,D→D,0,F→F,F→F,F→F,D→D,-1,-1,-1,0,3,3,3,True,-0.15422179056583407,False,ABSORB,0.7750601093420804,0.7784124801036403,0.6817473068537282,0.7490569133330442,0.6040722498570823,0.7059427022557863,0.7671688293783592,0.7787747269289852
2,50,photo-sketch,photo,sketch,0.15,0.256409382009629,0.1391973968349372,"F,F,F,F","F,F,F,D","D,D,F,F","F,F,F,F",1,F→F,F→F,F→F,F→D,2,F→D,F→D,F→F,F→F,0,F→F,F→F,F→F,F→F,-1,-1,0,-1,3,3,3,True,-0.11721198517469178,False,ABSORB,0.7750601093420804,0.7750601093420804,0.6817473068537282,0.7291290620956792,0.6040722498570823,0.6739024797898231,0.7671688293783592,0.7671688293783592
2,50,art_painting-cartoon,art_painting,cartoon,0.0,0.0927016348850046,0.0204070702222552,"D,F,F,D","D,F,D,D","D,D,D,D","D,F,D,D",1,D→D,F→F,F→D,D→D,2,D→D,F→D,F→D,D→D,1,D→D,F→F,F→D,D→D,0,-1,-1,0,2,2,3,False,-0.0722945646627494,False,ABSORB,0.7750601093420804,0.8143105174795101,0.7363259813682645,0.8006200987188483,0.7046827190520366,0.7968275913965692,0.7586502259632254,0.8035442428581627
2,50,art_painting-cartoon,art_painting,cartoon,0.02,0.0927016348850046,0.0304070702222554,"D,F,F,D","D,F,D,D","D,D,D,D","D,F,D,D",1,D→D,F→F,F→D,D→D,2,D→D,F→D,F→D,D→D,1,D→D,F→F,F→D,D→D,0,-1,-1,0,2,2,3,False,-0.0622945646627492,False,ABSORB,0.7750601093420804,0.8043105174795102,0.7363259813682645,0.7856200987188483,0.7046827190520366,0.7768275913965692,0.7586502259632254,0.7885442428581627
2,50,art_painting-cartoon,art_painting,cartoon,0.05,0.0927016348850046,0.0467238641299866,"F,F,F,D","F,F,F,D","D,D,F,D","F,F,F,D",0,F→F,F→F,F→F,D→D,2,F→D,F→D,F→F,D→D,0,F→F,F→F,F→F,D→D,-1,-1,0,0,2,2,2,False,-0.045977770755018,False,ABSORB,0.7750601093420804,0.7909124801036402,0.7363259813682645,0.768441799859939,0.7046827190520366,0.7503249302903648,0.7586502259632254,0.7745781141766502
2,50,art_painting-cartoon,art_painting,cartoon,0.1,0.0927016348850046,0.0717238641299866,"F,F,F,D","F,F,F,D","D,D,F,D","F,F,F,D",0,F→F,F→F,F→F,D→D,2,F→D,F→D,F→F,D→D,0,F→F,F→F,F→F,D→D,-1,-1,0,0,2,2,2,False,-0.020977770755018,False,ABSORB,0.7750601093420804,0.7784124801036403,0.7363259813682645,0.755941799859939,0.7046827190520366,0.7128249302903649,0.7586502259632254,0.7620781141766503
2,50,art_painting-cartoon,art_painting,cartoon,0.15,0.0927016348850046,0.0855858163933301,"F,F,F,F","F,F,F,D","F,F,F,F","F,F,F,F",1,F→F,F→F,F→F,F→D,0,F→F,F→F,F→F,F→F,0,F→F,F→F,F→F,F→F,0,0,0,-1,1,1,2,False,-0.007115818491674503,False,ABSORB,0.7750601093420804,0.7750601093420804,0.7363259813682645,0.743441799859939,0.7046827190520366,0.7046827190520366,0.7586502259632254,0.7586502259632254
2,50,art_painting-sketch,art_painting,sketch,0.0,0.178716231782526,0.0136904187606617,"D,F,F,D","D,F,D,D","D,D,D,D","D,D,D,D",1,D→D,F→F,F→D,D→D,2,D→D,F→D,F→D,D→D,2,D→D,F→D,F→D,D→D,0,0,-1,0,1,1,3,False,-0.16502581302186428,False,ABSORB,0.7750601093420804,0.8143105174795101,0.7363259813682645,0.8006200987188483,0.6040722498570823,0.7968275913965692,0.7440543536657925,0.7968275913965692
2,50,art_painting-sketch,art_painting,sketch,0.02,0.178716231782526,0.0201727577691487,"D,F,F,D","D,F,D,D","D,D,D,D","D,F,F,D",1,D→D,F→F,F→D,D→D,2,D→D,F→D,F→D,D→D,0,D→D,F→F,F→F,D→D,0,-1,-2,0,2,3,3,True,-0.1585434740133773,False,ABSORB,0.7750601093420804,0.8043105174795102,0.7363259813682645,0.7856200987188483,0.6040722498570823,0.7768275913965692,0.7440543536657925,0.778309930405056
2,50,art_painting-sketch,art_painting,sketch,0.05,0.178716231782526,0.038953019252188,"F,F,F,D","F,F,F,D","D,D,D,D","D,F,F,D",0,F→F,F→F,F→F,D→D,3,F→D,F→D,F→D,D→D,1,F→D,F→F,F→F,D→D,0,-1,-1,0,2,2,3,True,-0.139763212530338,False,ABSORB,0.7750601093420804,0.7909124801036402,0.7363259813682645,0.768441799859939,0.6040722498570823,0.7468275913965692,0.7440543536657925,0.763309930405056
2,50,art_painting-sketch,art_painting,sketch,0.1,0.178716231782526,0.0666120241695499,"F,F,F,D","F,F,F,D","D,D,F,D","F,F,F,D",0,F→F,F→F,F→F,D→D,2,F→D,F→D,F→F,D→D,0,F→F,F→F,F→F,D→D,-1,-1,0,0,2,2,2,False,-0.1121042076129761,False,ABSORB,0.7750601093420804,0.7784124801036403,0.7363259813682645,0.755941799859939,0.6040722498570823,0.7059427022557863,0.7440543536657925,0.7500840461816349
2,50,art_painting-sketch,art_painting,sketch,0.15,0.178716231782526,0.1017701833581108,"F,F,F,F","F,F,F,D","D,D,F,F","F,F,F,F",1,F→F,F→F,F→F,F→D,2,F→D,F→D,F→F,F→F,0,F→F,F→F,F→F,F→F,-1,-1,0,-1,3,3,3,True,-0.07694604842441519,False,ABSORB,0.7750601093420804,0.7750601093420804,0.7363259813682645,0.743441799859939,0.6040722498570823,0.6739024797898231,0.7440543536657925,0.7440543536657925
2,50,cartoon-sketch,cartoon,sketch,0.0,0.1642735155477657,0.0212008940618551,"D,F,F,D","D,D,D,D","D,D,D,D","D,D,F,D",2,D→D,F→D,F→D,D→D,2,D→D,F→D,F→D,D→D,1,D→D,F→D,F→F,D→D,0,-1,-2,0,2,3,3,True,-0.1430726214859106,False,ABSORB,0.7750601093420804,0.8143105174795101,0.7046827190520366,0.7968275913965692,0.6040722498570823,0.7968275913965692,0.6979683751148043,0.8005455593754834
2,50,cartoon-sketch,cartoon,sketch,0.02,0.1642735155477657,0.0362008940618552,"D,F,F,D","D,D,D,D","D,D,D,D","D,D,F,D",2,D→D,F→D,F→D,D→D,2,D→D,F→D,F→D,D→D,1,D→D,F→D,F→F,D→D,0,-1,-2,0,2,3,3,True,-0.1280726214859105,False,ABSORB,0.7750601093420804,0.8043105174795102,0.7046827190520366,0.7768275913965692,0.6040722498570823,0.7768275913965692,0.6979683751148043,0.7855455593754834
2,50,cartoon-sketch,cartoon,sketch,0.05,0.1642735155477657,0.0568055177921895,"F,F,F,D","D,D,F,D","D,D,D,D","D,D,F,D",2,F→D,F→D,F→F,D→D,3,F→D,F→D,F→D,D→D,2,F→D,F→D,F→F,D→D,-1,-1,-1,0,3,3,3,False,-0.1074679977555762,False,ABSORB,0.7750601093420804,0.7909124801036402,0.7046827190520366,0.7503249302903648,0.6040722498570823,0.7468275913965692,0.6979683751148043,0.7630455593754834
2,50,cartoon-sketch,cartoon,sketch,0.1,0.1642735155477657,0.0887428979935636,"F,F,F,D","D,D,F,D","D,D,F,D","D,F,F,D",2,F→D,F→D,F→F,D→D,2,F→D,F→D,F→F,D→D,1,F→D,F→F,F→F,D→D,-1,-2,0,0,2,3,3,True,-0.07553061755420211,False,ABSORB,0.7750601093420804,0.7784124801036403,0.7046827190520366,0.7128249302903649,0.6040722498570823,0.7059427022557863,0.6979683751148043,0.7290980504360745
2,50,cartoon-sketch,cartoon,sketch,0.15,0.1642735155477657,0.1095022260053185,"F,F,F,F","F,F,F,F","D,D,F,F","F,F,F,D",0,F→F,F→F,F→F,F→F,2,F→D,F→D,F→F,F→F,1,F→F,F→F,F→F,F→D,-1,-1,0,1,3,3,3,True,-0.0547712895424472,False,ABSORB,0.7750601093420804,0.7750601093420804,0.7046827190520366,0.7046827190520366,0.6040722498570823,0.6739024797898231,0.6979683751148043,0.7130273155050979
2,100,photo-art_painting,photo,art_painting,0.0,0.033682392571068,0.013989956624099,"D,F,F,D","D,F,D,D","D,F,D,D","D,F,D,D",1,D→D,F→F,F→D,D→D,1,D→D,F→F,F→D,D→D,1,D→D,F→F,F→D,D→D,0,0,-1,0,1,1,2,False,-0.019692435946968997,False,ABSORB,0.7750601093420804,0.8143105174795101,0.7145914122188772,0.8007553625718025,0.7533977970082756,0.8053100434503727,0.7266114924561405,0.8057448451667641
2,100,photo-art_painting,photo,art_painting,0.02,0.033682392571068,0.0179730902310212,"D,F,F,D","F,F,D,D","D,F,D,D","F,F,D,D",2,D→F,F→F,F→D,D→D,1,D→D,F→F,F→D,D→D,2,D→F,F→F,F→D,D→D,0,0,-1,0,1,1,3,False,-0.015709302340046798,False,ABSORB,0.7750601093420804,0.8043105174795102,0.7145914122188772,0.7883985614902278,0.7533977970082756,0.7903100434503727,0.7266114924561405,0.7923711776921115
2,100,photo-art_painting,photo,art_painting,0.05,0.033682392571068,0.0205235654369697,"F,F,F,D","F,F,D,D","F,F,F,D","F,F,D,D",1,F→F,F→F,F→D,D→D,0,F→F,F→F,F→F,D→D,1,F→F,F→F,F→D,D→D,0,0,0,0,0,0,2,False,-0.013158827134098296,False,ABSORB,0.7750601093420804,0.7909124801036402,0.7145914122188772,0.7733985614902277,0.7533977970082756,0.7743615308685542,0.7266114924561405,0.7773711776921114
2,100,photo-art_painting,photo,art_painting,0.1,0.033682392571068,0.0247292520950938,"F,F,F,D","F,F,F,D","F,F,F,D","F,F,F,D",0,F→F,F→F,F→F,D→D,0,F→F,F→F,F→F,D→D,0,F→F,F→F,F→F,D→D,0,0,0,0,0,0,1,False,-0.008953140475974196,False,ABSORB,0.7750601093420804,0.7784124801036403,0.7145914122188772,0.752803846675659,0.7533977970082756,0.7618615308685542,0.7266114924561405,0.7609821495356668
2,100,photo-art_painting,photo,art_painting,0.15,0.033682392571068,0.0298406151938125,"F,F,F,F","F,F,F,D","F,F,F,F","F,F,F,D",1,F→F,F→F,F→F,F→D,0,F→F,F→F,F→F,F→F,1,F→F,F→F,F→F,F→D,0,0,0,0,0,0,2,False,-0.0038417773772554953,False,ABSORB,0.7750601093420804,0.7750601093420804,0.7145914122188772,0.7403038466756591,0.7533977970082756,0.7533977970082756,0.7266114924561405,0.7484821495356668
2,100,photo-cartoon,photo,cartoon,0.0,0.1590278240040434,0.0202561382444155,"D,F,F,D","D,F,D,D","D,D,D,D","F,F,D,D",1,D→D,F→F,F→D,D→D,2,D→D,F→D,F→D,D→D,2,D→F,F→F,F→D,D→D,-1,-1,-1,0,3,3,4,True,-0.1387716857596279,False,ABSORB,0.7750601093420804,0.8143105174795101,0.7145914122188772,0.8007553625718025,0.6709117024037441,0.7968275913965692,0.7694708292845844,0.8035285747332771
2,100,photo-cartoon,photo,cartoon,0.02,0.1590278240040434,0.0328206472201555,"D,F,F,D","F,F,D,D","D,D,D,D","F,F,F,D",2,D→F,F→F,F→D,D→D,2,D→D,F→D,F→D,D→D,1,D→F,F→F,F→F,D→D,0,-1,-2,0,2,3,4,True,-0.12620717678388788,False,ABSORB,0.7750601093420804,0.8043105174795102,0.7145914122188772,0.7883985614902278,0.6709117024037441,0.7768275913965692,0.7694708292845844,0.7937362826274423
2,100,photo-cartoon,photo,cartoon,0.05,0.1590278240040434,0.0532910880736645,"F,F,F,D","F,F,D,D","D,D,F,D","F,F,F,D",1,F→F,F→F,F→D,D→D,2,F→D,F→D,F→F,D→D,0,F→F,F→F,F→F,D→D,-1,-1,-1,0,3,3,3,True,-0.10573673593037888,False,ABSORB,0.7750601093420804,0.7909124801036402,0.7145914122188772,0.7733985614902277,0.6709117024037441,0.7504591131671903,0.7694708292845844,0.7862362826274423
2,100,photo-cartoon,photo,cartoon,0.1,0.1590278240040434,0.0863858028882332,"F,F,F,D","F,F,F,D","D,D,F,D","F,F,F,D",0,F→F,F→F,F→F,D→D,2,F→D,F→D,F→F,D→D,0,F→F,F→F,F→F,D→D,-1,-1,0,0,2,2,2,False,-0.07264202111581018,False,ABSORB,0.7750601093420804,0.7784124801036403,0.7145914122188772,0.752803846675659,0.6709117024037441,0.7129591131671903,0.7694708292845844,0.7737362826274423
2,100,photo-cartoon,photo,cartoon,0.15,0.1590278240040434,0.1055723819107412,"F,F,F,F","F,F,F,D","F,F,F,D","F,F,F,F",1,F→F,F→F,F→F,F→D,1,F→F,F→F,F→F,F→D,0,F→F,F→F,F→F,F→F,0,0,0,-2,1,2,2,True,-0.05345544209330219,False,ABSORB,0.7750601093420804,0.7750601093420804,0.7145914122188772,0.7403038466756591,0.6709117024037441,0.6986547100402645,0.7694708292845844,0.7694708292845844
2,100,photo-sketch,photo,sketch,0.0,0.4087040729956916,0.0220282983779711,"D,F,F,D","D,F,D,D","D,D,D,D","D,F,D,D",1,D→D,F→F,F→D,D→D,2,D→D,F→D,F→D,D→D,1,D→D,F→F,F→D,D→D,0,-1,-1,0,2,2,3,False,-0.3866757746177205,False,ABSORB,0.7750601093420804,0.8143105174795101,0.7145914122188772,0.8007553625718025,0.4276027537294575,0.7968275913965692,0.775838129601946,0.8053007348668327
2,100,photo-sketch,photo,sketch,0.02,0.4087040729956916,0.0304474233489103,"D,F,F,D","F,F,D,D","D,D,D,D","F,F,F,D",2,D→F,F→F,F→D,D→D,2,D→D,F→D,F→D,D→D,1,D→F,F→F,F→F,D→D,0,-1,-2,0,2,3,4,True,-0.3782566496467813,False,ABSORB,0.7750601093420804,0.8043105174795102,0.7145914122188772,0.7883985614902278,0.4276027537294575,0.7768275913965692,0.775838129601946,0.7913630587561972
2,100,photo-sketch,photo,sketch,0.05,0.4087040729956916,0.0545493859730404,"F,F,F,D","F,F,D,D","D,D,D,D","F,F,F,D",1,F→F,F→F,F→D,D→D,3,F→D,F→D,F→D,D→D,0,F→F,F→F,F→F,D→D,-1,-1,-2,0,3,4,3,True,-0.35415468702265124,False,ABSORB,0.7750601093420804,0.7909124801036402,0.7145914122188772,0.7733985614902277,0.4276027537294575,0.7468275913965692,0.775838129601946,0.7838630587561971
2,100,photo-sketch,photo,sketch,0.1,0.4087040729956916,0.1046191716333579,"F,F,F,D","F,F,F,D","D,D,D,D","F,F,F,F",0,F→F,F→F,F→F,D→D,3,F→D,F→D,F→D,D→D,1,F→F,F→F,F→F,D→F,-1,-1,-1,-1,4,4,3,True,-0.3040849013623337,False,ABSORB,0.7750601093420804,0.7784124801036403,0.7145914122188772,0.752803846675659,0.4276027537294575,0.6968275913965692,0.775838129601946,0.775838129601946
2,100,photo-sketch,photo,sketch,0.15,0.4087040729956916,0.163766800871798,"F,F,F,F","F,F,F,D","D,D,D,D","F,F,F,F",1,F→F,F→F,F→F,F→D,4,F→D,F→D,F→D,F→D,0,F→F,F→F,F→F,F→F,-1,-1,-1,-2,4,5,3,True,-0.2449372721238936,False,ABSORB,0.7750601093420804,0.7750601093420804,0.7145914122188772,0.7403038466756591,0.4276027537294575,0.6468275913965692,0.775838129601946,0.775838129601946
2,100,art_painting-cartoon,art_painting,cartoon,0.0,0.0912410570796763,0.0115842109349997,"D,F,F,D","D,F,D,D","D,D,D,D","D,F,D,D",1,D→D,F→F,F→D,D→D,2,D→D,F→D,F→D,D→D,1,D→D,F→F,F→D,D→D,0,-1,-1,0,2,2,3,False,-0.0796568461446766,False,ABSORB,0.7750601093420804,0.8143105174795101,0.7533977970082756,0.8053100434503727,0.6709117024037441,0.7968275913965692,0.7404904471496156,0.7994113283024316
2,100,art_painting-cartoon,art_painting,cartoon,0.02,0.0912410570796763,0.0251692606057224,"D,F,F,D","D,F,D,D","D,D,D,D","D,F,F,D",1,D→D,F→F,F→D,D→D,2,D→D,F→D,F→D,D→D,0,D→D,F→F,F→F,D→D,0,-1,-2,0,2,3,3,True,-0.06607179647395389,False,ABSORB,0.7750601093420804,0.8043105174795102,0.7533977970082756,0.7903100434503727,0.6709117024037441,0.7768275913965692,0.7404904471496156,0.7879963779731541
2,100,art_painting-cartoon,art_painting,cartoon,0.05,0.0912410570796763,0.0390882140410498,"F,F,F,D","F,F,F,D","D,D,F,D","D,F,F,D",0,F→F,F→F,F→F,D→D,2,F→D,F→D,F→F,D→D,1,F→D,F→F,F→F,D→D,0,-1,0,0,1,1,3,True,-0.052152843038626495,False,ABSORB,0.7750601093420804,0.7909124801036402,0.7533977970082756,0.7743615308685542,0.6709117024037441,0.7504591131671903,0.7404904471496156,0.7729963779731541
2,100,art_painting-cartoon,art_painting,cartoon,0.1,0.0912410570796763,0.0596119945580768,"F,F,F,D","F,F,F,D","D,D,F,D","F,F,F,D",0,F→F,F→F,F→F,D→D,2,F→D,F→D,F→F,D→D,0,F→F,F→F,F→F,D→D,-1,-1,0,0,2,2,2,False,-0.03162906252159949,False,ABSORB,0.7750601093420804,0.7784124801036403,0.7533977970082756,0.7618615308685542,0.6709117024037441,0.7129591131671903,0.7404904471496156,0.7560201584901811
2,100,art_painting-cartoon,art_painting,cartoon,0.15,0.0912410570796763,0.0665277607837214,"F,F,F,F","F,F,F,F","F,F,F,D","F,F,F,D",0,F→F,F→F,F→F,F→F,1,F→F,F→F,F→F,F→D,1,F→F,F→F,F→F,F→D,0,0,0,0,0,0,2,False,-0.024713296295954895,False,ABSORB,0.7750601093420804,0.7750601093420804,0.7533977970082756,0.7533977970082756,0.6709117024037441,0.6986547100402645,0.7404904471496156,0.7435201584901812
2,100,art_painting-sketch,art_painting,sketch,0.0,0.3493052737868475,0.0090004740291373,"D,F,F,D","D,F,D,D","D,D,D,D","D,D,D,D",1,D→D,F→F,F→D,D→D,2,D→D,F→D,F→D,D→D,2,D→D,F→D,F→D,D→D,0,0,-1,0,1,1,3,False,-0.3403047997577102,False,ABSORB,0.7750601093420804,0.8143105174795101,0.7533977970082756,0.8053100434503727,0.4276027537294575,0.7968275913965692,0.7552457151825003,0.7968275913965692
2,100,art_painting-sketch,art_painting,sketch,0.02,0.3493052737868475,0.0183600412194805,"D,F,F,D","D,F,D,D","D,D,D,D","D,D,F,D",1,D→D,F→F,F→D,D→D,2,D→D,F→D,F→D,D→D,1,D→D,F→D,F→F,D→D,0,0,-2,0,1,2,4,True,-0.330945232567367,False,ABSORB,0.7750601093420804,0.8043105174795102,0.7533977970082756,0.7903100434503727,0.4276027537294575,0.7768275913965692,0.7552457151825003,0.7811871585869122
2,100,art_painting-sketch,art_painting,sketch,0.05,0.3493052737868475,0.0331345314471616,"F,F,F,D","F,F,F,D","D,D,D,D","D,F,F,D",0,F→F,F→F,F→F,D→D,3,F→D,F→D,F→D,D→D,1,F→D,F→F,F→F,D→D,0,-1,-1,0,2,2,3,True,-0.3161707423396859,False,ABSORB,0.7750601093420804,0.7909124801036402,0.7533977970082756,0.7743615308685542,0.4276027537294575,0.7468275913965692,0.7552457151825003,0.7634111736086447
2,100,art_painting-sketch,art_painting,sketch,0.1,0.3493052737868475,0.074969073021017,"F,F,F,D","F,F,F,D","D,D,D,D","F,F,F,F",0,F→F,F→F,F→F,D→D,3,F→D,F→D,F→D,D→D,1,F→F,F→F,F→F,D→F,-1,-1,-1,-1,4,4,3,True,-0.2743362007658305,False,ABSORB,0.7750601093420804,0.7784124801036403,0.7533977970082756,0.7618615308685542,0.4276027537294575,0.6968275913965692,0.7552457151825003,0.7552457151825003
2,100,art_painting-sketch,art_painting,sketch,0.15,0.3493052737868475,0.1300804361197358,"F,F,F,F","F,F,F,F","D,D,D,D","F,F,F,F",0,F→F,F→F,F→F,F→F,4,F→D,F→D,F→D,F→D,0,F→F,F→F,F→F,F→F,-1,-1,-1,-1,4,4,2,False,-0.2192248376671117,False,ABSORB,0.7750601093420804,0.7750601093420804,0.7533977970082756,0.7533977970082756,0.4276027537294575,0.6468275913965692,0.7552457151825003,0.7552457151825003
2,100,cartoon-sketch,cartoon,sketch,0.0,0.3893234733035465,0.0187321665618285,"D,F,F,D","D,D,D,D","D,D,D,D","D,D,F,D",2,D→D,F→D,F→D,D→D,2,D→D,F→D,F→D,D→D,1,D→D,F→D,F→F,D→D,0,-1,-2,0,2,3,3,True,-0.370591306741718,False,ABSORB,0.7750601093420804,0.8143105174795101,0.6709117024037441,0.7968275913965692,0.4276027537294575,0.7968275913965692,0.7127778200946677,0.7980768318754569
2,100,cartoon-sketch,cartoon,sketch,0.02,0.3893234733035465,0.0337321665618286,"D,F,F,D","D,D,D,D","D,D,D,D","D,D,F,D",2,D→D,F→D,F→D,D→D,2,D→D,F→D,F→D,D→D,1,D→D,F→D,F→F,D→D,0,-1,-2,0,2,3,3,True,-0.3555913067417179,False,ABSORB,0.7750601093420804,0.8043105174795102,0.6709117024037441,0.7768275913965692,0.4276027537294575,0.7768275913965692,0.7127778200946677,0.7830768318754568
2,100,cartoon-sketch,cartoon,sketch,0.05,0.3893234733035465,0.0542026074153375,"F,F,F,D","D,D,F,D","D,D,D,D","D,D,F,D",2,F→D,F→D,F→F,D→D,3,F→D,F→D,F→D,D→D,2,F→D,F→D,F→F,D→D,-1,-1,-1,0,3,3,3,False,-0.335120865888209,False,ABSORB,0.7750601093420804,0.7909124801036402,0.6709117024037441,0.7504591131671903,0.4276027537294575,0.7468275913965692,0.7127778200946677,0.7605768318754568
2,100,cartoon-sketch,cartoon,sketch,0.1,0.3893234733035465,0.0963882125046845,"F,F,F,D","D,D,F,D","D,D,D,D","D,D,F,F",2,F→D,F→D,F→F,D→D,3,F→D,F→D,F→D,D→D,3,F→D,F→D,F→F,D→F,-1,-1,-1,-1,4,4,4,True,-0.292935260798862,False,ABSORB,0.7750601093420804,0.7784124801036403,0.6709117024037441,0.7129591131671903,0.4276027537294575,0.6968275913965692,0.7127778200946677,0.7277624369648038
2,100,cartoon-sketch,cartoon,sketch,0.15,0.3893234733035465,0.1423556279999144,"F,F,F,F","F,F,F,D","D,D,D,D","F,F,F,F",1,F→F,F→F,F→F,F→D,4,F→D,F→D,F→D,F→D,0,F→F,F→F,F→F,F→F,-1,-1,-1,-2,4,5,3,True,-0.24696784530363208,False,ABSORB,0.7750601093420804,0.7750601093420804,0.6709117024037441,0.6986547100402645,0.4276027537294575,0.6468275913965692,0.7127778200946677,0.7127778200946677
3,25,photo-art_painting,photo,art_painting,0.0,-0.0021950100768659,0.0247222808099946,"D,D,F,F","D,D,D,D","D,F,F,F","F,F,D,D",2,D→D,D→D,F→D,F→D,1,D→D,D→F,F→F,F→F,4,D→F,D→F,F→D,F→D,-1,0,0,0,1,1,4,True,0.026917290886860498,True,AMPLIFY,0.817369289745614,0.8416302193526375,0.7792495971143273,0.8151254370328948,0.81455427064072,0.8181458568240748,0.7742395679325673,0.8163633553143267
3,25,photo-art_painting,photo,art_painting,0.02,-0.0021950100768659,0.026466597974151,"D,D,F,F","F,F,D,D","F,F,F,F","F,F,D,D",4,D→F,D→F,F→D,F→D,2,D→F,D→F,F→F,F→F,4,D→F,D→F,F→D,F→D,1,1,0,0,2,2,3,False,0.0286616080510169,True,AMPLIFY,0.817369289745614,0.8316302193526375,0.7792495971143273,0.796972706052093,0.81455427064072,0.81455427064072,0.7742395679325673,0.8063633553143266
3,25,photo-art_painting,photo,art_painting,0.05,-0.0021950100768659,0.012149069062419,"F,D,F,F","F,F,F,D","F,F,F,F","F,F,F,D",2,F→F,D→F,F→F,F→D,1,F→F,D→F,F→F,F→F,2,F→F,D→F,F→F,F→D,0,1,0,0,1,1,3,False,0.0143440791392849,True,AMPLIFY,0.817369289745614,0.819201807251176,0.7792495971143273,0.7858770379608503,0.81455427064072,0.81455427064072,0.7742395679325673,0.7933785704128133
3,25,photo-art_painting,photo,art_painting,0.1,-0.0021950100768659,0.0044439924033801,"F,F,F,F","F,F,F,F","F,F,F,F","F,F,F,D",0,F→F,F→F,F→F,F→F,0,F→F,F→F,F→F,F→F,1,F→F,F→F,F→F,F→D,0,0,0,1,1,1,2,True,0.006639002480246001,True,AMPLIFY,0.817369289745614,0.817369289745614,0.7792495971143273,0.7792495971143273,0.81455427064072,0.81455427064072,0.7742395679325673,0.7808785704128134
3,25,photo-art_painting,photo,art_painting,0.15,-0.0021950100768659,-0.0021950100768659,"F,F,F,F","F,F,F,F","F,F,F,F","F,F,F,F",0,F→F,F→F,F→F,F→F,0,F→F,F→F,F→F,F→F,0,F→F,F→F,F→F,F→F,0,0,0,0,0,0,1,False,0.0,False,PRESERVE,0.817369289745614,0.817369289745614,0.7792495971143273,0.7792495971143273,0.81455427064072,0.81455427064072,0.7742395679325673,0.7742395679325673
3,25,photo-cartoon,photo,cartoon,0.0,0.026640597383867,0.0080151114538885,"D,D,F,F","D,D,D,D","D,D,F,D","D,D,D,D",2,D→D,D→D,F→D,F→D,1,D→D,D→D,F→F,F→D,2,D→D,D→D,F→D,F→D,0,0,0,-1,1,1,3,False,-0.0186254859299785,False,ABSORB,0.817369289745614,0.8416302193526375,0.7792495971143273,0.8151254370328948,0.7577162514990331,0.8336151078987489,0.7462371562516135,0.8151254370328948
3,25,photo-cartoon,photo,cartoon,0.02,0.026640597383867,0.0111678424346903,"D,D,F,F","F,F,D,D","D,D,F,D","D,D,D,D",4,D→F,D→F,F→D,F→D,1,D→D,D→D,F→F,F→D,2,D→D,D→D,F→D,F→D,1,1,0,-1,3,3,4,True,-0.015472754949176699,False,ABSORB,0.817369289745614,0.8316302193526375,0.7792495971143273,0.796972706052093,0.7577162514990331,0.8186151078987489,0.7462371562516135,0.7951254370328948
3,25,photo-cartoon,photo,cartoon,0.05,0.026640597383867,0.0093658022891808,"F,D,F,F","F,F,F,D","D,D,F,D","F,D,F,D",2,F→F,D→F,F→F,F→D,2,F→D,D→D,F→F,F→D,1,F→F,D→D,F→F,F→D,-1,1,0,-1,3,3,4,True,-0.0172747950946862,False,ABSORB,0.817369289745614,0.819201807251176,0.7792495971143273,0.7858770379608503,0.7577162514990331,0.7961151078987488,0.7462371562516135,0.772156140897604
3,25,photo-cartoon,photo,cartoon,0.1,0.026640597383867,0.0190938102799425,"F,F,F,F","F,F,F,F","F,D,F,F","F,F,F,D",0,F→F,F→F,F→F,F→F,1,F→F,F→D,F→F,F→F,1,F→F,F→F,F→F,F→D,0,-1,0,1,2,2,3,True,-0.0075467871039245,False,ABSORB,0.817369289745614,0.817369289745614,0.7792495971143273,0.7792495971143273,0.7577162514990331,0.7665639081317307,0.7462371562516135,0.7475380257803865
3,25,photo-cartoon,photo,cartoon,0.15,0.026640597383867,0.026640597383867,"F,F,F,F","F,F,F,F","F,F,F,F","F,F,F,F",0,F→F,F→F,F→F,F→F,0,F→F,F→F,F→F,F→F,0,F→F,F→F,F→F,F→F,0,0,0,0,0,0,1,False,0.0,False,PRESERVE,0.817369289745614,0.817369289745614,0.7792495971143273,0.7792495971143273,0.7577162514990331,0.7577162514990331,0.7462371562516135,0.7462371562516135
3,25,photo-sketch,photo,sketch,0.0,0.1195790376846728,0.0265047823197427,"D,D,F,F","D,D,D,D","D,D,D,D","D,D,D,D",2,D→D,D→D,F→D,F→D,2,D→D,D→D,F→D,F→D,2,D→D,D→D,F→D,F→D,0,0,-1,-1,2,2,2,False,-0.09307425536493011,False,ABSORB,0.817369289745614,0.8416302193526375,0.7792495971143273,0.8151254370328948,0.665793228001156,0.8151254370328948,0.7472525730545422,0.8151254370328948
3,25,photo-sketch,photo,sketch,0.02,0.1195790376846728,0.0346575133005444,"D,D,F,F","F,F,D,D","D,D,D,D","D,D,D,D",4,D→F,D→F,F→D,F→D,2,D→D,D→D,F→D,F→D,2,D→D,D→D,F→D,F→D,1,1,-1,-1,4,4,3,False,-0.0849215243841284,False,ABSORB,0.817369289745614,0.8316302193526375,0.7792495971143273,0.796972706052093,0.665793228001156,0.7951254370328948,0.7472525730545422,0.7951254370328948
3,25,photo-sketch,photo,sketch,0.05,0.1195790376846728,0.0422032275483384,"F,D,F,F","F,F,F,D","D,D,F,D","F,D,F,D",2,F→F,D→F,F→F,F→D,2,F→D,D→D,F→F,F→D,1,F→F,D→D,F→F,F→D,-1,1,0,-1,3,3,4,True,-0.0773758101363344,False,ABSORB,0.817369289745614,0.819201807251176,0.7792495971143273,0.7858770379608503,0.665793228001156,0.7653435475502858,0.7472525730545422,0.7742220058082986
3,25,photo-sketch,photo,sketch,0.1,0.1195790376846728,0.0523038058448145,"F,F,F,F","F,F,F,F","D,D,F,F","F,D,F,F",0,F→F,F→F,F→F,F→F,2,F→D,F→D,F→F,F→F,1,F→F,F→D,F→F,F→F,-1,0,0,0,1,1,3,True,-0.06727523183985831,False,ABSORB,0.817369289745614,0.817369289745614,0.7792495971143273,0.7792495971143273,0.665793228001156,0.7378455723094633,0.7472525730545422,0.7520296855229912
3,25,photo-sketch,photo,sketch,0.15,0.1195790376846728,0.0725266933763655,"F,F,F,F","F,F,F,F","D,D,F,F","F,F,F,F",0,F→F,F→F,F→F,F→F,2,F→D,F→D,F→F,F→F,0,F→F,F→F,F→F,F→F,-1,-1,0,0,2,2,2,False,-0.047052344308307306,False,ABSORB,0.817369289745614,0.817369289745614,0.7792495971143273,0.7792495971143273,0.665793228001156,0.7128455723094633,0.7472525730545422,0.7472525730545422
3,25,art_painting-cartoon,art_painting,cartoon,0.0,-0.0038854746125094,0.0049946916627084,"D,D,F,F","D,F,F,F","D,D,F,D","D,D,D,D",1,D→D,D→F,F→F,F→F,1,D→D,D→D,F→F,F→D,2,D→D,D→D,F→D,F→D,0,1,1,0,2,2,4,True,0.0088801662752178,True,AMPLIFY,0.817369289745614,0.8416302193526375,0.81455427064072,0.8181458568240748,0.7577162514990331,0.8336151078987489,0.7510157577816297,0.8151254370328948
3,25,art_painting-cartoon,art_painting,cartoon,0.02,-0.0038854746125094,-0.0060334415278727,"D,D,F,F","F,F,F,F","D,D,F,D","D,D,F,D",2,D→F,D→F,F→F,F→F,1,D→D,D→D,F→F,F→D,1,D→D,D→D,F→F,F→D,1,1,0,0,2,2,3,False,-0.0021479669153633,False,AMPLIFY,0.817369289745614,0.8316302193526375,0.81455427064072,0.81455427064072,0.7577162514990331,0.8186151078987489,0.7510157577816297,0.7955057176589586
3,25,art_painting-cartoon,art_painting,cartoon,0.05,-0.0038854746125094,-0.0168276787629967,"F,D,F,F","F,F,F,F","D,D,F,D","F,D,F,D",1,F→F,D→F,F→F,F→F,2,F→D,D→D,F→F,F→D,1,F→F,D→D,F→F,F→D,-1,1,0,0,2,2,4,True,-0.012942204150487299,False,AMPLIFY,0.817369289745614,0.819201807251176,0.81455427064072,0.81455427064072,0.7577162514990331,0.7961151078987488,0.7510157577816297,0.7746398925252961
3,25,art_painting-cartoon,art_painting,cartoon,0.1,-0.0038854746125094,-0.0030311731229091,"F,F,F,F","F,F,F,F","F,D,F,F","F,F,F,D",0,F→F,F→F,F→F,F→F,1,F→F,F→D,F→F,F→F,1,F→F,F→F,F→F,F→D,0,-1,0,1,2,2,3,True,0.0008543014896003,False,ABSORB,0.817369289745614,0.817369289745614,0.81455427064072,0.81455427064072,0.7577162514990331,0.7665639081317307,0.7510157577816297,0.7607177159039276
3,25,art_painting-cartoon,art_painting,cartoon,0.15,-0.0038854746125094,-0.0038854746125094,"F,F,F,F","F,F,F,F","F,F,F,F","F,F,F,F",0,F→F,F→F,F→F,F→F,0,F→F,F→F,F→F,F→F,0,F→F,F→F,F→F,F→F,0,0,0,0,0,0,1,False,0.0,False,PRESERVE,0.817369289745614,0.817369289745614,0.81455427064072,0.81455427064072,0.7577162514990331,0.7577162514990331,0.7510157577816297,0.7510157577816297
3,25,art_painting-sketch,art_painting,sketch,0.0,0.079712594613475,0.0234843625285626,"D,D,F,F","D,F,F,F","D,D,D,D","D,D,D,D",1,D→D,D→F,F→F,F→F,2,D→D,D→D,F→D,F→D,2,D→D,D→D,F→D,F→D,0,1,0,0,1,1,3,False,-0.0562282320849124,False,ABSORB,0.817369289745614,0.8416302193526375,0.81455427064072,0.8181458568240748,0.665793228001156,0.8151254370328948,0.742690803509737,0.8151254370328948
3,25,art_painting-sketch,art_painting,sketch,0.02,0.079712594613475,0.0172524803736314,"D,D,F,F","F,F,F,F","D,D,D,D","D,D,F,D",2,D→F,D→F,F→F,F→F,2,D→D,D→D,F→D,F→D,1,D→D,D→D,F→F,F→D,1,1,-1,0,3,3,4,True,-0.0624601142398436,False,ABSORB,0.817369289745614,0.8316302193526375,0.81455427064072,0.81455427064072,0.665793228001156,0.7951254370328948,0.742690803509737,0.7953019686946088
3,25,art_painting-sketch,art_painting,sketch,0.05,0.079712594613475,0.012105957754779,"F,D,F,F","F,F,F,F","D,D,F,D","D,D,F,D",1,F→F,D→F,F→F,F→F,2,F→D,D→D,F→F,F→D,2,F→D,D→D,F→F,F→D,0,1,0,0,1,1,3,False,-0.067606636858696,False,ABSORB,0.817369289745614,0.819201807251176,0.81455427064072,0.81455427064072,0.665793228001156,0.7653435475502858,0.742690803509737,0.7728019686946088
3,25,art_painting-sketch,art_painting,sketch,0.1,0.079712594613475,0.0079308272450298,"F,F,F,F","F,F,F,F","D,D,F,F","F,D,F,F",0,F→F,F→F,F→F,F→F,2,F→D,F→D,F→F,F→F,1,F→F,F→D,F→F,F→F,-1,0,0,0,1,1,3,True,-0.0717817673684452,False,ABSORB,0.817369289745614,0.817369289745614,0.81455427064072,0.81455427064072,0.665793228001156,0.7378455723094633,0.742690803509737,0.7429613804495991
3,25,art_painting-sketch,art_painting,sketch,0.15,0.079712594613475,0.0326602503051677,"F,F,F,F","F,F,F,F","D,D,F,F","F,F,F,F",0,F→F,F→F,F→F,F→F,2,F→D,F→D,F→F,F→F,0,F→F,F→F,F→F,F→F,-1,-1,0,0,2,2,2,False,-0.047052344308307306,False,ABSORB,0.817369289745614,0.817369289745614,0.81455427064072,0.81455427064072,0.665793228001156,0.7128455723094633,0.742690803509737,0.742690803509737
3,25,cartoon-sketch,cartoon,sketch,0.0,-0.0053274550222267,0.0080151114538885,"D,D,F,F","D,D,F,D","D,D,D,D","D,D,D,D",1,D→D,D→D,F→F,F→D,2,D→D,D→D,F→D,F→D,2,D→D,D→D,F→D,F→D,0,0,0,-1,1,1,3,False,0.0133425664761152,True,AMPLIFY,0.817369289745614,0.8416302193526375,0.7577162514990331,0.8336151078987489,0.665793228001156,0.8151254370328948,0.6008127347323484,0.8151254370328948
3,25,cartoon-sketch,cartoon,sketch,0.02,-0.0053274550222267,0.0130151114538885,"D,D,F,F","D,D,F,D","D,D,D,D","D,D,D,D",1,D→D,D→D,F→F,F→D,2,D→D,D→D,F→D,F→D,2,D→D,D→D,F→D,F→D,0,0,0,-1,1,1,3,False,0.0183425664761152,True,AMPLIFY,0.817369289745614,0.8316302193526375,0.7577162514990331,0.8186151078987489,0.665793228001156,0.7951254370328948,0.6008127347323484,0.7951254370328948
3,25,cartoon-sketch,cartoon,sketch,0.05,-0.0053274550222267,0.0228685888350361,"F,D,F,F","D,D,F,D","D,D,F,D","D,D,D,D",2,F→D,D→D,F→F,F→D,2,F→D,D→D,F→F,F→D,3,F→D,D→D,F→D,F→D,-1,0,1,-1,3,3,3,True,0.0281960438572628,True,AMPLIFY,0.817369289745614,0.819201807251176,0.7577162514990331,0.7961151078987488,0.665793228001156,0.7653435475502858,0.6008127347323484,0.7651254370328948
3,25,cartoon-sketch,cartoon,sketch,0.1,-0.0053274550222267,0.0298192091179698,"F,F,F,F","F,D,F,F","D,D,F,F","D,D,F,D",1,F→F,F→D,F→F,F→F,2,F→D,F→D,F→F,F→F,3,F→D,F→D,F→F,F→D,0,-1,0,1,2,2,4,True,0.0351466641401965,True,AMPLIFY,0.817369289745614,0.817369289745614,0.7577162514990331,0.7665639081317307,0.665793228001156,0.7378455723094633,0.6008127347323484,0.71685939981355
3,25,cartoon-sketch,cartoon,sketch,0.15,-0.0053274550222267,0.0261668657506676,"F,F,F,F","F,F,F,F","D,D,F,F","D,D,F,D",0,F→F,F→F,F→F,F→F,2,F→D,F→D,F→F,F→F,3,F→D,F→D,F→F,F→D,0,0,0,1,1,1,3,True,0.031494320772894296,True,AMPLIFY,0.817369289745614,0.817369289745614,0.7577162514990331,0.7577162514990331,0.665793228001156,0.7128455723094633,0.6008127347323484,0.6793593998135501
3,50,photo-art_painting,photo,art_painting,0.0,0.0717259603768251,0.0262698378908526,"D,D,F,F","F,D,D,D","D,D,D,D","D,D,D,D",3,D→F,D→D,F→D,F→D,2,D→D,D→D,F→D,F→D,2,D→D,D→D,F→D,F→D,1,0,-1,-1,3,3,3,False,-0.0454561224859725,False,ABSORB,0.817369289745614,0.8416302193526375,0.7270680678694709,0.8153603814617848,0.7410235231552551,0.8151254370328948,0.7224482616559371,0.8151254370328948
3,50,photo-art_painting,photo,art_painting,0.02,0.0717259603768251,0.0304632683397538,"D,D,F,F","F,F,D,D","D,D,D,D","D,D,D,D",4,D→F,D→F,F→D,F→D,2,D→D,D→D,F→D,F→D,2,D→D,D→D,F→D,F→D,1,1,-1,-1,4,4,3,False,-0.04126269203707131,False,ABSORB,0.817369289745614,0.8316302193526375,0.7270680678694709,0.8011669510128836,0.7410235231552551,0.7951254370328948,0.7224482616559371,0.7951254370328948
3,50,photo-art_painting,photo,art_painting,0.05,0.0717259603768251,0.0337570768020781,"F,D,F,F","F,F,D,D","F,F,D,D","F,D,D,D",3,F→F,D→F,F→D,F→D,3,F→F,D→F,F→D,F→D,2,F→F,D→D,F→D,F→D,0,2,-1,-1,3,4,3,True,-0.037968883574747,False,ABSORB,0.817369289745614,0.819201807251176,0.7270680678694709,0.7861669510128837,0.7410235231552551,0.7709805254300186,0.7224482616559371,0.7717027459938045
3,50,photo-art_painting,photo,art_painting,0.1,0.0717259603768251,0.0453218207145837,"F,F,F,F","F,F,F,D","F,F,F,D","F,F,F,D",1,F→F,F→F,F→F,F→D,1,F→F,F→F,F→F,F→D,1,F→F,F→F,F→F,F→D,0,0,0,-1,1,1,2,False,-0.026404139662241408,False,ABSORB,0.817369289745614,0.817369289745614,0.7270680678694709,0.7619876213973045,0.7410235231552551,0.75474609936262,0.7224482616559371,0.7446862517288944
3,50,photo-art_painting,photo,art_painting,0.15,0.0717259603768251,0.0578218207145838,"F,F,F,F","F,F,F,D","F,F,F,D","F,F,F,D",1,F→F,F→F,F→F,F→D,1,F→F,F→F,F→F,F→D,1,F→F,F→F,F→F,F→D,0,0,0,-1,1,1,2,False,-0.013904139662241306,False,ABSORB,0.817369289745614,0.817369289745614,0.7270680678694709,0.7494876213973044,0.7410235231552551,0.74224609936262,0.7224482616559371,0.7321862517288943
3,50,photo-cartoon,photo,cartoon,0.0,0.1743765588028093,0.0221178782456986,"D,D,F,F","F,D,D,D","D,D,F,D","F,D,D,F",3,D→F,D→D,F→D,F→D,1,D→D,D→D,F→F,F→D,2,D→F,D→D,F→D,F→F,0,0,0,-2,1,2,4,True,-0.1522586805571107,False,ABSORB,0.817369289745614,0.8416302193526375,0.7270680678694709,0.8153603814617848,0.7162785221051033,0.8204039763023045,0.8003538590317696,0.8162520166571505
3,50,photo-cartoon,photo,cartoon,0.02,0.1743765588028093,0.0317721054915219,"D,D,F,F","F,F,D,D","D,D,F,D","F,D,F,F",4,D→F,D→F,F→D,F→D,1,D→D,D→D,F→F,F→D,1,D→F,D→D,F→F,F→F,0,1,-1,-2,3,4,4,True,-0.1426044533112874,False,ABSORB,0.817369289745614,0.8316302193526375,0.7270680678694709,0.8011669510128836,0.7162785221051033,0.8054039763023045,0.8003538590317696,0.8067128134540726
3,50,photo-cartoon,photo,cartoon,0.05,0.1743765588028093,0.0504847389677572,"F,D,F,F","F,F,D,D","D,D,F,D","F,F,F,F",3,F→F,D→F,F→D,F→D,2,F→D,D→D,F→F,F→D,1,F→F,D→F,F→F,F→F,-1,0,-1,-2,3,4,4,True,-0.1238918198350521,False,ABSORB,0.817369289745614,0.819201807251176,0.7270680678694709,0.7861669510128837,0.7162785221051033,0.7829039763023046,0.8003538590317696,0.8003538590317696
3,50,photo-cartoon,photo,cartoon,0.1,0.1743765588028093,0.1031513351715933,"F,F,F,F","F,F,F,D","F,D,F,D","F,F,F,F",1,F→F,F→F,F→F,F→D,2,F→F,F→D,F→F,F→D,0,F→F,F→F,F→F,F→F,0,-1,0,-2,2,3,3,True,-0.071225223631216,False,ABSORB,0.817369289745614,0.817369289745614,0.7270680678694709,0.7619876213973045,0.7162785221051033,0.7525841922084857,0.8003538590317696,0.8003538590317696
3,50,photo-cartoon,photo,cartoon,0.15,0.1743765588028093,0.1406513351715933,"F,F,F,F","F,F,F,D","F,D,F,D","F,F,F,F",1,F→F,F→F,F→F,F→D,2,F→F,F→D,F→F,F→D,0,F→F,F→F,F→F,F→F,0,-1,0,-2,2,3,3,True,-0.033725223631215995,False,ABSORB,0.817369289745614,0.817369289745614,0.7270680678694709,0.7494876213973044,0.7162785221051033,0.7275841922084858,0.8003538590317696,0.8003538590317696
3,50,photo-sketch,photo,sketch,0.0,0.3142384560378607,0.0276120274463271,"D,D,F,F","F,D,D,D","D,D,D,D","D,D,D,F",3,D→F,D→D,F→D,F→D,2,D→D,D→D,F→D,F→D,1,D→D,D→D,F→D,F→F,1,0,-1,-2,3,4,4,True,-0.2866264285915336,False,ABSORB,0.817369289745614,0.8416302193526375,0.7270680678694709,0.8153603814617848,0.5550837693841486,0.8151254370328948,0.7790210035458662,0.8164676265883692
3,50,photo-sketch,photo,sketch,0.02,0.3142384560378607,0.0412682188145985,"D,D,F,F","F,F,D,D","D,D,D,D","D,D,F,F",4,D→F,D→F,F→D,F→D,2,D→D,D→D,F→D,F→D,0,D→D,D→D,F→F,F→F,1,1,-2,-2,4,6,3,True,-0.2729702372232622,False,ABSORB,0.817369289745614,0.8316302193526375,0.7270680678694709,0.8011669510128836,0.5550837693841486,0.7951254370328948,0.7790210035458662,0.8059303875077395
3,50,photo-sketch,photo,sketch,0.05,0.3142384560378607,0.064141605469965,"F,D,F,F","F,F,D,D","D,D,D,D","F,D,F,F",3,F→F,D→F,F→D,F→D,3,F→D,D→D,F→D,F→D,0,F→F,D→D,F→F,F→F,-1,1,-2,-2,4,6,3,True,-0.2500968505678957,False,ABSORB,0.817369289745614,0.819201807251176,0.7270680678694709,0.7861669510128837,0.5550837693841486,0.7651254370328948,0.7790210035458662,0.7962321862645676
3,50,photo-sketch,photo,sketch,0.1,0.3142384560378607,0.1233461706818316,"F,F,F,F","F,F,F,D","D,D,D,F","F,D,F,F",1,F→F,F→F,F→F,F→D,3,F→D,F→D,F→D,F→F,1,F→F,F→D,F→F,F→F,-1,0,-1,-1,3,3,4,True,-0.19089228535602912,False,ABSORB,0.817369289745614,0.817369289745614,0.7270680678694709,0.7619876213973045,0.5550837693841486,0.7157676839310455,0.7790210035458662,0.7837321862645676
3,50,photo-sketch,photo,sketch,0.15,0.3142384560378607,0.1602537242228119,"F,F,F,F","F,F,F,D","D,D,F,F","F,F,F,F",1,F→F,F→F,F→F,F→D,2,F→D,F→D,F→F,F→F,0,F→F,F→F,F→F,F→F,-1,-1,0,-1,3,3,3,True,-0.15398473181504882,False,ABSORB,0.817369289745614,0.817369289745614,0.7270680678694709,0.7494876213973044,0.5550837693841486,0.6866489476713639,0.7790210035458662,0.7790210035458662
3,50,art_painting-cartoon,art_painting,cartoon,0.0,0.1095282538556028,0.0212262430503329,"D,D,F,F","D,D,D,D","D,D,F,D","D,D,D,D",2,D→D,D→D,F→D,F→D,1,D→D,D→D,F→F,F→D,2,D→D,D→D,F→D,F→D,0,0,0,-1,1,1,3,False,-0.0883020108052699,False,ABSORB,0.817369289745614,0.8416302193526375,0.7410235231552551,0.8151254370328948,0.7162785221051033,0.8204039763023045,0.7494610093703473,0.8151254370328948
3,50,art_painting-cartoon,art_painting,cartoon,0.02,0.1095282538556028,0.0262262430503329,"D,D,F,F","D,D,D,D","D,D,F,D","D,D,D,D",2,D→D,D→D,F→D,F→D,1,D→D,D→D,F→F,F→D,2,D→D,D→D,F→D,F→D,0,0,0,-1,1,1,3,False,-0.0833020108052699,False,ABSORB,0.817369289745614,0.8316302193526375,0.7410235231552551,0.7951254370328948,0.7162785221051033,0.8054039763023045,0.7494610093703473,0.7951254370328948
3,50,art_painting-cartoon,art_painting,cartoon,0.05,0.1095282538556028,0.0336951908678985,"F,D,F,F","F,F,D,D","D,D,F,D","F,D,F,D",3,F→F,D→F,F→D,F→D,2,F→D,D→D,F→F,F→D,1,F→F,D→D,F→F,F→D,-1,1,-1,-1,4,4,4,True,-0.0758330629877043,False,ABSORB,0.817369289745614,0.819201807251176,0.7410235231552551,0.7709805254300186,0.7162785221051033,0.7829039763023046,0.7494610093703473,0.7683778853490457
3,50,art_painting-cartoon,art_painting,cartoon,0.1,0.1095282538556028,0.0595000075448555,"F,F,F,F","F,F,F,D","F,D,F,D","F,F,F,F",1,F→F,F→F,F→F,F→D,2,F→F,F→D,F→F,F→D,0,F→F,F→F,F→F,F→F,0,-1,0,-2,2,3,3,True,-0.0500282463107473,False,ABSORB,0.817369289745614,0.817369289745614,0.7410235231552551,0.75474609936262,0.7162785221051033,0.7525841922084857,0.7494610093703473,0.7494610093703473
3,50,art_painting-cartoon,art_painting,cartoon,0.15,0.1095282538556028,0.0970000075448555,"F,F,F,F","F,F,F,D","F,D,F,D","F,F,F,F",1,F→F,F→F,F→F,F→D,2,F→F,F→D,F→F,F→D,0,F→F,F→F,F→F,F→F,0,-1,0,-2,2,3,3,True,-0.01252824631074731,False,ABSORB,0.817369289745614,0.817369289745614,0.7410235231552551,0.74224609936262,0.7162785221051033,0.7275841922084858,0.7494610093703473,0.7494610093703473
3,50,art_painting-sketch,art_painting,sketch,0.0,0.2790771161536605,0.0265047823197427,"D,D,F,F","D,D,D,D","D,D,D,D","D,D,D,D",2,D→D,D→D,F→D,F→D,2,D→D,D→D,F→D,F→D,2,D→D,D→D,F→D,F→D,0,0,-1,-1,2,2,2,False,-0.2525723338339178,False,ABSORB,0.817369289745614,0.8416302193526375,0.7410235231552551,0.8151254370328948,0.5550837693841486,0.8151254370328948,0.7578151189474502,0.8151254370328948
3,50,art_painting-sketch,art_painting,sketch,0.02,0.2790771161536605,0.0365047823197426,"D,D,F,F","D,D,D,D","D,D,D,D","D,D,D,D",2,D→D,D→D,F→D,F→D,2,D→D,D→D,F→D,F→D,2,D→D,D→D,F→D,F→D,0,0,-1,-1,2,2,2,False,-0.24257233383391788,False,ABSORB,0.817369289745614,0.8316302193526375,0.7410235231552551,0.7951254370328948,0.5550837693841486,0.7951254370328948,0.7578151189474502,0.7951254370328948
3,50,art_painting-sketch,art_painting,sketch,0.05,0.2790771161536605,0.0601810829881281,"F,D,F,F","F,F,D,D","D,D,D,D","D,D,F,F",3,F→F,D→F,F→D,F→D,3,F→D,D→D,F→D,F→D,1,F→D,D→D,F→F,F→F,0,1,-2,-2,3,5,4,True,-0.21889603316553238,False,ABSORB,0.817369289745614,0.819201807251176,0.7410235231552551,0.7709805254300186,0.5550837693841486,0.7651254370328948,0.7578151189474502,0.7770852381998656
3,50,art_painting-sketch,art_painting,sketch,0.1,0.2790771161536605,0.1046706253993986,"F,F,F,F","F,F,F,D","D,D,D,F","F,F,F,F",1,F→F,F→F,F→F,F→D,3,F→D,F→D,F→D,F→F,0,F→F,F→F,F→F,F→F,-1,-1,-1,-1,4,4,3,True,-0.1744064907542619,False,ABSORB,0.817369289745614,0.817369289745614,0.7410235231552551,0.75474609936262,0.5550837693841486,0.7157676839310455,0.7578151189474502,0.7578151189474502
3,50,art_painting-sketch,art_painting,sketch,0.15,0.2790771161536605,0.1462893616590803,"F,F,F,F","F,F,F,D","D,D,F,F","F,F,F,F",1,F→F,F→F,F→F,F→D,2,F→D,F→D,F→F,F→F,0,F→F,F→F,F→F,F→F,-1,-1,0,-1,3,3,3,True,-0.1327877544945802,False,ABSORB,0.817369289745614,0.817369289745614,0.7410235231552551,0.74224609936262,0.5550837693841486,0.6866489476713639,0.7578151189474502,0.7578151189474502
3,50,cartoon-sketch,cartoon,sketch,0.0,0.2436675708960836,0.0241682257585754,"D,D,F,F","D,D,F,D","D,D,D,D","D,D,D,F",1,D→D,D→D,F→F,F→D,2,D→D,D→D,F→D,F→D,1,D→D,D→D,F→D,F→F,0,0,0,-2,1,2,4,True,-0.21949934513750818,False,ABSORB,0.817369289745614,0.8416302193526375,0.7162785221051033,0.8204039763023045,0.5550837693841486,0.8151254370328948,0.6976605726397216,0.8180674197411373
3,50,cartoon-sketch,cartoon,sketch,0.02,0.2436675708960836,0.0357298220744816,"D,D,F,F","D,D,F,D","D,D,D,D","D,D,F,F",1,D→D,D→D,F→F,F→D,2,D→D,D→D,F→D,F→D,0,D→D,D→D,F→F,F→F,0,0,-1,-2,2,3,3,True,-0.207937748821602,False,ABSORB,0.817369289745614,0.8316302193526375,0.7162785221051033,0.8054039763023045,0.5550837693841486,0.7951254370328948,0.6976605726397216,0.8046290160570435
3,50,cartoon-sketch,cartoon,sketch,0.05,0.2436675708960836,0.0608014099730199,"F,D,F,F","D,D,F,D","D,D,D,D","D,D,F,F",2,F→D,D→D,F→F,F→D,3,F→D,D→D,F→D,F→D,1,F→D,D→D,F→F,F→F,-1,0,-1,-2,3,4,4,True,-0.18286616092306368,False,ABSORB,0.817369289745614,0.819201807251176,0.7162785221051033,0.7829039763023046,0.5550837693841486,0.7651254370328948,0.6976605726397216,0.7896290160570434
3,50,cartoon-sketch,cartoon,sketch,0.1,0.2436675708960836,0.1136464296631262,"F,F,F,F","F,D,F,D","D,D,D,F","D,D,F,F",2,F→F,F→D,F→F,F→D,3,F→D,F→D,F→D,F→F,2,F→D,F→D,F→F,F→F,0,-1,-1,-1,3,3,4,True,-0.13002114123295738,False,ABSORB,0.817369289745614,0.817369289745614,0.7162785221051033,0.7525841922084857,0.5550837693841486,0.7157676839310455,0.6976605726397216,0.7646290160570435
3,50,cartoon-sketch,cartoon,sketch,0.15,0.2436675708960836,0.1427651659228076,"F,F,F,F","F,D,F,D","D,D,F,F","D,D,F,F",2,F→F,F→D,F→F,F→D,2,F→D,F→D,F→F,F→F,2,F→D,F→D,F→F,F→F,0,-1,0,-1,2,2,3,False,-0.10090240497327599,False,ABSORB,0.817369289745614,0.817369289745614,0.7162785221051033,0.7275841922084858,0.5550837693841486,0.6866489476713639,0.6976605726397216,0.7396290160570433
3,100,photo-art_painting,photo,art_painting,0.0,0.1164236382482979,0.0261311289622724,"D,D,F,F","F,D,D,D","D,D,D,D","F,F,D,D",3,D→F,D→D,F→D,F→D,2,D→D,D→D,F→D,F→D,4,D→F,D→F,F→D,F→D,0,-1,-1,-1,3,3,4,True,-0.0902925092860255,False,ABSORB,0.817369289745614,0.8416302193526375,0.7443712287712574,0.8227055609128756,0.721200077469196,0.8151254370328948,0.7646256547431374,0.8223319075554053
3,100,photo-art_painting,photo,art_painting,0.02,0.1164236382482979,0.0396347489246562,"D,D,F,F","F,D,D,D","F,D,D,D","F,F,D,D",3,D→F,D→D,F→D,F→D,3,D→F,D→D,F→D,F→D,4,D→F,D→F,F→D,F→D,1,-1,-1,-1,4,4,3,True,-0.0767888893236417,False,ABSORB,0.817369289745614,0.8316302193526375,0.7443712287712574,0.8077055609128756,0.721200077469196,0.796621817070511,0.7646256547431374,0.8123319075554054
3,100,photo-art_painting,photo,art_painting,0.05,0.1164236382482979,0.0545326305247547,"F,D,F,F","F,F,D,D","F,F,D,D","F,F,D,D",3,F→F,D→F,F→D,F→D,3,F→F,D→F,F→D,F→D,3,F→F,D→F,F→D,F→D,0,1,-1,-1,3,3,2,False,-0.06189100772354321,False,ABSORB,0.817369289745614,0.819201807251176,0.7443712287712574,0.7856891793406081,0.721200077469196,0.7763119049412185,0.7646256547431374,0.7973319075554054
3,100,photo-art_painting,photo,art_painting,0.1,0.1164236382482979,0.0779402654044236,"F,F,F,F","F,F,D,D","F,F,D,D","F,F,F,D",2,F→F,F→F,F→D,F→D,2,F→F,F→F,F→D,F→D,1,F→F,F→F,F→F,F→D,0,0,-2,-1,2,3,3,True,-0.038483372843874306,False,ABSORB,0.817369289745614,0.817369289745614,0.7443712287712574,0.7606891793406081,0.721200077469196,0.7513119049412185,0.7646256547431374,0.7725720599406363
3,100,photo-art_painting,photo,art_painting,0.15,0.1164236382482979,0.0996373611552382,"F,F,F,F","F,F,F,D","F,F,F,D","F,F,F,F",1,F→F,F→F,F→F,F→D,1,F→F,F→F,F→F,F→D,0,F→F,F→F,F→F,F→F,0,0,0,-2,1,2,2,True,-0.0167862770930597,False,ABSORB,0.817369289745614,0.817369289745614,0.7443712287712574,0.7480716081074296,0.721200077469196,0.7342859752260835,0.7646256547431374,0.7646256547431374
3,100,photo-cartoon,photo,cartoon,0.0,0.1924903753973155,0.0269394036039124,"D,D,F,F","F,D,D,D","D,D,F,D","F,D,F,D",3,D→F,D→D,F→D,F→D,1,D→D,D→D,F→F,F→D,2,D→F,D→D,F→F,F→D,0,0,-1,-1,2,2,4,True,-0.1655509717934031,False,ABSORB,0.817369289745614,0.8416302193526375,0.7443712287712574,0.8227055609128756,0.6842406624999853,0.8156699232592054,0.8037329769229442,0.823684668423356
3,100,photo-cartoon,photo,cartoon,0.02,0.1924903753973155,0.0370553473367342,"D,D,F,F","F,D,D,D","D,D,F,D","F,F,F,D",3,D→F,D→D,F→D,F→D,1,D→D,D→D,F→F,F→D,3,D→F,D→F,F→F,F→D,0,-1,-1,-1,3,3,4,True,-0.1554350280605813,False,ABSORB,0.817369289745614,0.8316302193526375,0.7443712287712574,0.8077055609128756,0.6842406624999853,0.8006699232592054,0.8037329769229442,0.8138006121561777
3,100,photo-cartoon,photo,cartoon,0.05,0.1924903753973155,0.0616433168075402,"F,D,F,F","F,F,D,D","D,D,F,D","F,F,F,D",3,F→F,D→F,F→D,F→D,2,F→D,D→D,F→F,F→D,2,F→F,D→F,F→F,F→D,-1,0,-1,-1,3,3,4,True,-0.1308470585897753,False,ABSORB,0.817369289745614,0.819201807251176,0.7443712287712574,0.7856891793406081,0.6842406624999853,0.7781699232592054,0.8037329769229442,0.8063006121561778
3,100,photo-cartoon,photo,cartoon,0.1,0.1924903753973155,0.119669030418419,"F,F,F,F","F,F,D,D","D,D,F,F","F,F,F,F",2,F→F,F→F,F→D,F→D,2,F→D,F→D,F→F,F→F,0,F→F,F→F,F→F,F→F,-1,-1,-1,-1,4,4,3,True,-0.0728213449788965,False,ABSORB,0.817369289745614,0.817369289745614,0.7443712287712574,0.7606891793406081,0.6842406624999853,0.740744056909531,0.8037329769229442,0.8037329769229442
3,100,photo-cartoon,photo,cartoon,0.15,0.1924903753973155,0.1554700446189273,"F,F,F,F","F,F,F,D","F,D,F,F","F,F,F,F",1,F→F,F→F,F→F,F→D,1,F→F,F→D,F→F,F→F,0,F→F,F→F,F→F,F→F,0,-1,0,-1,2,2,3,True,-0.037020330778388205,False,ABSORB,0.817369289745614,0.817369289745614,0.7443712287712574,0.7480716081074296,0.6842406624999853,0.7175606139422013,0.8037329769229442,0.8037329769229442
3,100,photo-sketch,photo,sketch,0.0,0.4702276214489974,0.0217777759069176,"D,D,F,F","F,D,D,D","D,D,D,D","D,D,F,D",3,D→F,D→D,F→D,F→D,2,D→D,D→D,F→D,F→D,1,D→D,D→D,F→F,F→D,1,0,-2,-1,3,4,4,True,-0.4484498455420798,False,ABSORB,0.817369289745614,0.8416302193526375,0.7443712287712574,0.8227055609128756,0.3786377606054206,0.8151254370328948,0.7758673210800615,0.8179785545000505
3,100,photo-sketch,photo,sketch,0.02,0.4702276214489974,0.0340239149812784,"D,D,F,F","F,D,D,D","D,D,D,D","F,D,F,D",3,D→F,D→D,F→D,F→D,2,D→D,D→D,F→D,F→D,2,D→F,D→D,F→F,F→D,0,0,-2,-1,2,3,4,True,-0.436203706467719,False,ABSORB,0.817369289745614,0.8316302193526375,0.7443712287712574,0.8077055609128756,0.3786377606054206,0.7951254370328948,0.7758673210800615,0.8052246935744114
3,100,photo-sketch,photo,sketch,0.05,0.4702276214489974,0.0586118844520845,"F,D,F,F","F,F,D,D","D,D,D,D","F,D,F,D",3,F→F,D→F,F→D,F→D,3,F→D,D→D,F→D,F→D,1,F→F,D→D,F→F,F→D,-1,1,-2,-1,4,5,4,True,-0.4116157369969129,False,ABSORB,0.817369289745614,0.819201807251176,0.7443712287712574,0.7856891793406081,0.3786377606054206,0.7651254370328948,0.7758673210800615,0.7902246935744115
3,100,photo-sketch,photo,sketch,0.1,0.4702276214489974,0.1175761199934599,"F,F,F,F","F,F,D,D","D,D,D,D","F,D,F,F",2,F→F,F→F,F→D,F→D,4,F→D,F→D,F→D,F→D,1,F→F,F→D,F→F,F→F,-1,0,-2,-2,3,5,4,True,-0.3526515014555375,False,ABSORB,0.817369289745614,0.817369289745614,0.7443712287712574,0.7606891793406081,0.3786377606054206,0.7151254370328948,0.7758673210800615,0.7760214466213489
3,100,photo-sketch,photo,sketch,0.15,0.4702276214489974,0.1800395656853511,"F,F,F,F","F,F,F,D","D,D,D,D","F,F,F,F",1,F→F,F→F,F→F,F→D,4,F→D,F→D,F→D,F→D,0,F→F,F→F,F→F,F→F,-1,-1,-1,-2,4,5,3,True,-0.29018805576364626,False,ABSORB,0.817369289745614,0.817369289745614,0.7443712287712574,0.7480716081074296,0.3786377606054206,0.6651254370328947,0.7758673210800615,0.7758673210800615
3,100,art_painting-cartoon,art_painting,cartoon,0.0,0.1784519560933153,0.025960296093432,"D,D,F,F","D,D,D,D","D,D,F,D","D,D,D,D",2,D→D,D→D,F→D,F→D,1,D→D,D→D,F→F,F→D,2,D→D,D→D,F→D,F→D,0,0,0,-1,1,1,3,False,-0.1524916599998833,False,ABSORB,0.817369289745614,0.8416302193526375,0.721200077469196,0.8151254370328948,0.6842406624999853,0.8156699232592054,0.7665234063168826,0.8151254370328948
3,100,art_painting-cartoon,art_painting,cartoon,0.02,0.1784519560933153,0.0330037842875595,"D,D,F,F","F,D,D,D","D,D,F,D","D,D,F,D",3,D→F,D→D,F→D,F→D,1,D→D,D→D,F→F,F→D,1,D→D,D→D,F→F,F→D,1,0,-1,-1,3,3,3,False,-0.1454481718057558,False,ABSORB,0.817369289745614,0.8316302193526375,0.721200077469196,0.796621817070511,0.6842406624999853,0.8006699232592054,0.7665234063168826,0.7986653052646385
3,100,art_painting-cartoon,art_painting,cartoon,0.05,0.1784519560933153,0.0420626174648998,"F,D,F,F","F,F,D,D","D,D,F,D","F,F,F,D",3,F→F,D→F,F→D,F→D,2,F→D,D→D,F→F,F→D,2,F→F,D→F,F→F,F→D,-1,0,-1,-1,3,3,4,True,-0.13638933862841549,False,ABSORB,0.817369289745614,0.819201807251176,0.721200077469196,0.7763119049412185,0.6842406624999853,0.7781699232592054,0.7665234063168826,0.7773426384141477
3,100,art_painting-cartoon,art_painting,cartoon,0.1,0.1784519560933153,0.0918367342117471,"F,F,F,F","F,F,D,D","D,D,F,F","F,F,F,F",2,F→F,F→F,F→D,F→D,2,F→D,F→D,F→F,F→F,0,F→F,F→F,F→F,F→F,-1,-1,-1,-1,4,4,3,True,-0.0866152218815682,False,ABSORB,0.817369289745614,0.817369289745614,0.721200077469196,0.7513119049412185,0.6842406624999853,0.740744056909531,0.7665234063168826,0.7665234063168826
3,100,art_painting-cartoon,art_painting,cartoon,0.15,0.1784519560933153,0.1320461068942118,"F,F,F,F","F,F,F,D","F,D,F,F","F,F,F,F",1,F→F,F→F,F→F,F→D,1,F→F,F→D,F→F,F→F,0,F→F,F→F,F→F,F→F,0,-1,0,-1,2,2,3,True,-0.04640584919910348,False,ABSORB,0.817369289745614,0.817369289745614,0.721200077469196,0.7342859752260835,0.6842406624999853,0.7175606139422013,0.7665234063168826,0.7665234063168826
3,100,art_painting-sketch,art_painting,sketch,0.0,0.4661200766180581,0.0265047823197427,"D,D,F,F","D,D,D,D","D,D,D,D","D,D,D,D",2,D→D,D→D,F→D,F→D,2,D→D,D→D,F→D,F→D,2,D→D,D→D,F→D,F→D,0,0,-1,-1,2,2,2,False,-0.4396152942983154,False,ABSORB,0.817369289745614,0.8416302193526375,0.721200077469196,0.8151254370328948,0.3786377606054206,0.8151254370328948,0.7485886249470608,0.8151254370328948
3,100,art_painting-sketch,art_painting,sketch,0.02,0.4661200766180581,0.0356135281740092,"D,D,F,F","F,D,D,D","D,D,D,D","D,D,F,D",3,D→F,D→D,F→D,F→D,2,D→D,D→D,F→D,F→D,1,D→D,D→D,F→F,F→D,1,0,-2,-1,3,4,4,True,-0.4305065484440489,False,ABSORB,0.817369289745614,0.8316302193526375,0.721200077469196,0.796621817070511,0.3786377606054206,0.7951254370328948,0.7485886249470608,0.7957305629247776
3,100,art_painting-sketch,art_painting,sketch,0.05,0.4661200766180581,0.0509950282018403,"F,D,F,F","F,F,D,D","D,D,D,D","D,D,F,D",3,F→F,D→F,F→D,F→D,3,F→D,D→D,F→D,F→D,2,F→D,D→D,F→F,F→D,0,1,-2,-1,3,4,4,True,-0.4151250484162178,False,ABSORB,0.817369289745614,0.819201807251176,0.721200077469196,0.7763119049412185,0.3786377606054206,0.7651254370328948,0.7485886249470608,0.7732305629247777
3,100,art_painting-sketch,art_painting,sketch,0.1,0.4661200766180581,0.1047497778919983,"F,F,F,F","F,F,D,D","D,D,D,D","F,F,F,D",2,F→F,F→F,F→D,F→D,4,F→D,F→D,F→D,F→D,1,F→F,F→F,F→F,F→D,-1,-1,-2,-1,4,5,4,True,-0.3613702987260598,False,ABSORB,0.817369289745614,0.817369289745614,0.721200077469196,0.7513119049412185,0.3786377606054206,0.7151254370328948,0.7485886249470608,0.7538178301204976
3,100,art_painting-sketch,art_painting,sketch,0.15,0.4661200766180581,0.1665465024336965,"F,F,F,F","F,F,F,D","D,D,D,D","F,F,F,F",1,F→F,F→F,F→F,F→D,4,F→D,F→D,F→D,F→D,0,F→F,F→F,F→F,F→F,-1,-1,-1,-2,4,5,3,True,-0.2995735741843616,False,ABSORB,0.817369289745614,0.817369289745614,0.721200077469196,0.7342859752260835,0.3786377606054206,0.6651254370328947,0.7485886249470608,0.7485886249470608
3,100,cartoon-sketch,cartoon,sketch,0.0,0.4259627815883785,0.0286246329475171,"D,D,F,F","D,D,F,D","D,D,D,D","D,D,F,D",1,D→D,D→D,F→F,F→D,2,D→D,D→D,F→D,F→D,1,D→D,D→D,F→F,F→D,0,0,-1,-1,2,2,3,False,-0.3973381486408614,False,ABSORB,0.817369289745614,0.8416302193526375,0.6842406624999853,0.8156699232592054,0.3786377606054206,0.8151254370328948,0.6714719149481705,0.8177897738869798
3,100,cartoon-sketch,cartoon,sketch,0.02,0.4259627815883785,0.038624632947517,"D,D,F,F","D,D,F,D","D,D,D,D","D,D,F,D",1,D→D,D→D,F→F,F→D,2,D→D,D→D,F→D,F→D,1,D→D,D→D,F→F,F→D,0,0,-1,-1,2,2,3,False,-0.3873381486408615,False,ABSORB,0.817369289745614,0.8316302193526375,0.6842406624999853,0.8006699232592054,0.3786377606054206,0.7951254370328948,0.6714719149481705,0.8027897738869798
3,100,cartoon-sketch,cartoon,sketch,0.05,0.4259627815883785,0.0561962208460555,"F,D,F,F","D,D,F,D","D,D,D,D","D,D,F,D",2,F→D,D→D,F→F,F→D,3,F→D,D→D,F→D,F→D,2,F→D,D→D,F→F,F→D,-1,0,-1,-1,3,3,3,False,-0.369766560742323,False,ABSORB,0.817369289745614,0.819201807251176,0.6842406624999853,0.7781699232592054,0.3786377606054206,0.7651254370328948,0.6714719149481705,0.7802897738869798
3,100,cartoon-sketch,cartoon,sketch,0.1,0.4259627815883785,0.1093044022515609,"F,F,F,F","D,D,F,F","D,D,D,D","D,D,F,F",2,F→D,F→D,F→F,F→F,4,F→D,F→D,F→D,F→D,2,F→D,F→D,F→F,F→F,-1,-1,-1,-1,4,4,3,False,-0.3166583793368176,False,ABSORB,0.817369289745614,0.817369289745614,0.6842406624999853,0.740744056909531,0.3786377606054206,0.7151254370328948,0.6714719149481705,0.7478046064483728
3,100,cartoon-sketch,cartoon,sketch,0.15,0.4259627815883785,0.1574878452188907,"F,F,F,F","F,D,F,F","D,D,D,D","D,D,F,F",1,F→F,F→D,F→F,F→F,4,F→D,F→D,F→D,F→D,2,F→D,F→D,F→F,F→F,0,-1,-1,-1,3,3,4,True,-0.2684749363694878,False,ABSORB,0.817369289745614,0.817369289745614,0.6842406624999853,0.7175606139422013,0.3786377606054206,0.6651254370328947,0.6714719149481705,0.7228046064483727
4,25,photo-art_painting,photo,art_painting,0.0,-0.025404638726012,0.0,"D,D,D,D","D,D,D,D","D,D,D,D","D,D,D,D",0,D→D,D→D,D→D,D→D,0,D→D,D→D,D→D,D→D,0,D→D,D→D,D→D,D→D,0,0,0,0,0,0,1,False,0.025404638726012,False,ABSORB,0.769788268602489,0.8146520991920625,0.7512931750408033,0.8146520991920625,0.7578331584048824,0.8146520991920625,0.7139334261171847,0.8146520991920625
4,25,photo-art_painting,photo,art_painting,0.02,-0.025404638726012,-0.0042780493729455,"D,D,F,D","F,D,D,D","F,F,D,D","D,D,D,D",2,D→F,D→D,F→D,D→D,3,D→F,D→F,F→D,D→D,1,D→D,D→D,F→D,D→D,2,1,-1,0,3,4,4,True,0.0211265893530665,False,ABSORB,0.769788268602489,0.7946665981949038,0.7512931750408033,0.7964205229130524,0.7578331584048824,0.7971762238468593,0.7139334261171847,0.7946520991920624
4,25,photo-art_painting,photo,art_painting,0.05,-0.025404638726012,-0.0126485688488505,"D,F,F,F","F,F,D,D","F,F,D,D","F,F,D,D",3,D→F,F→F,F→D,F→D,3,D→F,F→F,F→D,F→D,3,D→F,F→F,F→D,F→D,1,0,-1,-1,3,3,2,False,0.012756069877161502,False,ABSORB,0.769788268602489,0.7765821930688273,0.7512931750408033,0.7807720438843052,0.7578331584048824,0.7821762238468591,0.7139334261171847,0.7737175058134865
4,25,photo-art_painting,photo,art_painting,0.1,-0.025404638726012,-0.008160613999082,"F,F,F,F","F,F,F,D","F,F,F,D","F,F,F,D",1,F→F,F→F,F→F,F→D,1,F→F,F→F,F→F,F→D,1,F→F,F→F,F→F,F→D,0,0,0,-1,1,1,2,False,0.01724402472693,False,ABSORB,0.769788268602489,0.769788268602489,0.7512931750408033,0.7616701631840124,0.7578331584048824,0.766382891462766,0.7139334261171847,0.7501041720452073
4,25,photo-art_painting,photo,art_painting,0.15,-0.025404638726012,-0.0017338927979894,"F,F,F,F","F,F,F,F","F,F,F,F","F,F,F,D",0,F→F,F→F,F→F,F→F,0,F→F,F→F,F→F,F→F,1,F→F,F→F,F→F,F→D,0,0,0,1,1,1,2,True,0.0236707459280226,False,ABSORB,0.769788268602489,0.769788268602489,0.7512931750408033,0.7512931750408033,0.7578331584048824,0.7578331584048824,0.7139334261171847,0.7376041720452073
4,25,photo-cartoon,photo,cartoon,0.0,0.043579182196883,0.0,"D,D,D,D","D,D,D,D","D,D,D,D","D,D,D,D",0,D→D,D→D,D→D,D→D,0,D→D,D→D,D→D,D→D,0,D→D,D→D,D→D,D→D,0,0,0,0,0,0,1,False,-0.043579182196883,False,ABSORB,0.769788268602489,0.8146520991920625,0.7512931750408033,0.8146520991920625,0.7341936443513467,0.8146520991920625,0.7592777329865441,0.8146520991920625
4,25,photo-cartoon,photo,cartoon,0.02,0.043579182196883,0.0009417614548822,"D,D,F,D","F,D,D,D","D,D,D,D","D,D,F,D",2,D→F,D→D,F→D,D→D,1,D→D,D→D,F→D,D→D,0,D→D,D→D,F→F,D→D,1,0,-2,0,2,3,3,True,-0.042637420742000796,False,ABSORB,0.769788268602489,0.7946665981949038,0.7512931750408033,0.7964205229130524,0.7341936443513467,0.7946520991920624,0.7592777329865441,0.7973477853650932
4,25,photo-cartoon,photo,cartoon,0.05,0.043579182196883,0.0019467606508589,"D,F,F,F","F,F,D,D","D,F,F,D","D,F,F,D",3,D→F,F→F,F→D,F→D,1,D→D,F→F,F→F,F→D,1,D→D,F→F,F→F,F→D,1,0,-1,-1,3,3,3,False,-0.0416324215460241,False,ABSORB,0.769788268602489,0.7765821930688273,0.7512931750408033,0.7807720438843052,0.7341936443513467,0.7738186412899701,0.7592777329865441,0.7799552527563071
4,25,photo-cartoon,photo,cartoon,0.1,0.043579182196883,0.0263213177186955,"F,F,F,F","F,F,F,D","D,F,F,D","F,F,F,D",1,F→F,F→F,F→F,F→D,2,F→D,F→F,F→F,F→D,1,F→F,F→F,F→F,F→D,-1,0,0,-1,2,2,3,False,-0.017257864478187498,False,ABSORB,0.769788268602489,0.769788268602489,0.7512931750408033,0.7616701631840124,0.7341936443513467,0.7488186412899701,0.7592777329865441,0.767021853590189
4,25,photo-cartoon,photo,cartoon,0.15,0.043579182196883,0.043579182196883,"F,F,F,F","F,F,F,F","F,F,F,F","F,F,F,F",0,F→F,F→F,F→F,F→F,0,F→F,F→F,F→F,F→F,0,F→F,F→F,F→F,F→F,0,0,0,0,0,0,1,False,0.0,False,PRESERVE,0.769788268602489,0.769788268602489,0.7512931750408033,0.7512931750408033,0.7341936443513467,0.7341936443513467,0.7592777329865441,0.7592777329865441
4,25,photo-sketch,photo,sketch,0.0,0.051308026071735,0.0,"D,D,D,D","D,D,D,D","D,D,D,D","D,D,D,D",0,D→D,D→D,D→D,D→D,0,D→D,D→D,D→D,D→D,0,D→D,D→D,D→D,D→D,0,0,0,0,0,0,1,False,-0.051308026071735,False,ABSORB,0.769788268602489,0.8146520991920625,0.7512931750408033,0.8146520991920625,0.7210666117882233,0.8146520991920625,0.7538795442982726,0.8146520991920625
4,25,photo-sketch,photo,sketch,0.02,0.051308026071735,-0.0017539247181486,"D,D,F,D","F,D,D,D","D,D,D,D","D,D,D,D",2,D→F,D→D,F→D,D→D,1,D→D,D→D,F→D,D→D,1,D→D,D→D,F→D,D→D,1,0,-1,0,2,2,3,False,-0.0530619507898836,True,ABSORB,0.769788268602489,0.7946665981949038,0.7512931750408033,0.7964205229130524,0.7210666117882233,0.7946520991920624,0.7538795442982726,0.7946520991920624
4,25,photo-sketch,photo,sketch,0.05,0.051308026071735,-0.0036423550335052,"D,F,F,F","F,F,D,D","D,D,F,F","D,D,F,D",3,D→F,F→F,F→D,F→D,1,D→D,F→D,F→F,F→F,2,D→D,F→D,F→F,F→D,1,0,-1,0,2,2,4,True,-0.0549503811052402,True,ABSORB,0.769788268602489,0.7765821930688273,0.7512931750408033,0.7807720438843052,0.7210666117882233,0.7658502271196372,0.7538795442982726,0.7663977229016099
4,25,photo-sketch,photo,sketch,0.1,0.051308026071735,0.0211474225971118,"F,F,F,F","F,F,F,D","D,D,F,F","F,F,F,F",1,F→F,F→F,F→F,F→D,2,F→D,F→D,F→F,F→F,0,F→F,F→F,F→F,F→F,-1,-1,0,-1,3,3,3,True,-0.0301606034746232,False,ABSORB,0.769788268602489,0.769788268602489,0.7512931750408033,0.7616701631840124,0.7210666117882233,0.7408502271196373,0.7538795442982726,0.7538795442982726
4,25,photo-sketch,photo,sketch,0.15,0.051308026071735,0.045746196222999,"F,F,F,F","F,F,F,F","D,F,F,F","F,F,F,F",0,F→F,F→F,F→F,F→F,1,F→D,F→F,F→F,F→F,0,F→F,F→F,F→F,F→F,-1,0,0,0,1,1,2,False,-0.005561829848736002,False,ABSORB,0.769788268602489,0.769788268602489,0.7512931750408033,0.7512931750408033,0.7210666117882233,0.7266284416369593,0.7538795442982726,0.7538795442982726
4,25,art_painting-cartoon,art_painting,cartoon,0.0,0.0544602218118391,0.0,"D,D,D,D","D,D,D,D","D,D,D,D","D,D,D,D",0,D→D,D→D,D→D,D→D,0,D→D,D→D,D→D,D→D,0,D→D,D→D,D→D,D→D,0,0,0,0,0,0,1,False,-0.0544602218118391,False,ABSORB,0.769788268602489,0.8146520991920625,0.7578331584048824,0.8146520991920625,0.7341936443513467,0.8146520991920625,0.7766987559655794,0.8146520991920625
4,25,art_painting-cartoon,art_painting,cartoon,0.02,0.0544602218118391,-0.0002966884946914,"D,D,F,D","F,F,D,D","D,D,D,D","D,F,D,D",3,D→F,D→F,F→D,D→D,1,D→D,D→D,F→D,D→D,2,D→D,D→F,F→D,D→D,1,0,-1,0,2,2,4,True,-0.0547569103065305,True,ABSORB,0.769788268602489,0.7946665981949038,0.7578331584048824,0.7971762238468593,0.7341936443513467,0.7946520991920624,0.7766987559655794,0.7968650363493264
4,25,art_painting-cartoon,art_painting,cartoon,0.05,0.0544602218118391,0.0040676472404421,"D,F,F,F","F,F,D,D","D,F,F,D","F,F,F,D",3,D→F,F→F,F→D,F→D,1,D→D,F→F,F→F,F→D,2,D→F,F→F,F→F,F→D,0,0,-1,-1,2,2,4,True,-0.050392574571397,False,ABSORB,0.769788268602489,0.7765821930688273,0.7578331584048824,0.7821762238468591,0.7341936443513467,0.7738186412899701,0.7766987559655794,0.7834803193084442
4,25,art_painting-cartoon,art_painting,cartoon,0.1,0.0544602218118391,0.0312854918153322,"F,F,F,F","F,F,F,D","D,F,F,D","F,F,F,F",1,F→F,F→F,F→F,F→D,2,F→D,F→F,F→F,F→D,0,F→F,F→F,F→F,F→F,-1,0,0,-2,2,3,3,True,-0.023174729996506896,False,ABSORB,0.769788268602489,0.769788268602489,0.7578331584048824,0.766382891462766,0.7341936443513467,0.7488186412899701,0.7766987559655794,0.7766987559655794
4,25,art_painting-cartoon,art_painting,cartoon,0.15,0.0544602218118391,0.0544602218118391,"F,F,F,F","F,F,F,F","F,F,F,F","F,F,F,F",0,F→F,F→F,F→F,F→F,0,F→F,F→F,F→F,F→F,0,F→F,F→F,F→F,F→F,0,0,0,0,0,0,1,False,0.0,False,PRESERVE,0.769788268602489,0.769788268602489,0.7578331584048824,0.7578331584048824,0.7341936443513467,0.7341936443513467,0.7766987559655794,0.7766987559655794
4,25,art_painting-sketch,art_painting,sketch,0.0,0.010604470541789,0.0,"D,D,D,D","D,D,D,D","D,D,D,D","D,D,D,D",0,D→D,D→D,D→D,D→D,0,D→D,D→D,D→D,D→D,0,D→D,D→D,D→D,D→D,0,0,0,0,0,0,1,False,-0.010604470541789,False,ABSORB,0.769788268602489,0.8146520991920625,0.7578331584048824,0.8146520991920625,0.7210666117882233,0.8146520991920625,0.7197159721324058,0.8146520991920625
4,25,art_painting-sketch,art_painting,sketch,0.02,0.010604470541789,-0.0025096256519554,"D,D,F,D","F,F,D,D","D,D,D,D","D,D,D,D",3,D→F,D→F,F→D,D→D,1,D→D,D→D,F→D,D→D,1,D→D,D→D,F→D,D→D,1,1,-1,0,3,3,3,False,-0.013114096193744401,True,ABSORB,0.769788268602489,0.7946665981949038,0.7578331584048824,0.7971762238468593,0.7210666117882233,0.7946520991920624,0.7197159721324058,0.7946520991920624
4,25,art_painting-sketch,art_painting,sketch,0.05,0.010604470541789,-0.0033588094068781,"D,F,F,F","F,F,D,D","D,D,F,F","D,F,D,D",3,D→F,F→F,F→D,F→D,1,D→D,F→D,F→F,F→F,2,D→D,F→F,F→D,F→D,1,-1,0,0,2,2,4,True,-0.0139632799486671,True,ABSORB,0.769788268602489,0.7765821930688273,0.7578331584048824,0.7821762238468591,0.7210666117882233,0.7658502271196372,0.7197159721324058,0.768085448490791
4,25,art_painting-sketch,art_painting,sketch,0.1,0.010604470541789,0.006276056649438,"F,F,F,F","F,F,F,D","D,D,F,F","F,F,F,D",1,F→F,F→F,F→F,F→D,2,F→D,F→D,F→F,F→F,1,F→F,F→F,F→F,F→D,-1,-1,0,0,2,2,3,False,-0.004328413892351,False,ABSORB,0.769788268602489,0.769788268602489,0.7578331584048824,0.766382891462766,0.7210666117882233,0.7408502271196373,0.7197159721324058,0.7437209066293524
4,25,art_painting-sketch,art_painting,sketch,0.15,0.010604470541789,0.0165475751899997,"F,F,F,F","F,F,F,F","D,F,F,F","F,F,F,D",0,F→F,F→F,F→F,F→F,1,F→D,F→F,F→F,F→F,1,F→F,F→F,F→F,F→D,-1,0,0,1,2,2,3,True,0.005943104648210698,False,AMPLIFY,0.769788268602489,0.769788268602489,0.7578331584048824,0.7578331584048824,0.7210666117882233,0.7266284416369593,0.7197159721324058,0.7312209066293525
4,25,cartoon-sketch,cartoon,sketch,0.0,0.0038502312220263,0.0,"D,D,D,D","D,D,D,D","D,D,D,D","D,D,D,D",0,D→D,D→D,D→D,D→D,0,D→D,D→D,D→D,D→D,0,D→D,D→D,D→D,D→D,0,0,0,0,0,0,1,False,-0.0038502312220263,False,ABSORB,0.769788268602489,0.8146520991920625,0.7341936443513467,0.8146520991920625,0.7210666117882233,0.8146520991920625,0.6893222187591074,0.8146520991920625
4,25,cartoon-sketch,cartoon,sketch,0.02,0.0038502312220263,1.4499002841450448e-05,"D,D,F,D","D,D,D,D","D,D,D,D","D,D,D,D",1,D→D,D→D,F→D,D→D,1,D→D,D→D,F→D,D→D,1,D→D,D→D,F→D,D→D,0,0,-1,0,1,1,2,False,-0.0038357322191848496,False,ABSORB,0.769788268602489,0.7946665981949038,0.7341936443513467,0.7946520991920624,0.7210666117882233,0.7946520991920624,0.6893222187591074,0.7946520991920624
4,25,cartoon-sketch,cartoon,sketch,0.05,0.0038502312220263,0.0047682697138027,"D,F,F,F","D,F,F,D","D,D,F,F","D,D,F,D",1,D→D,F→F,F→F,F→D,1,D→D,F→D,F→F,F→F,2,D→D,F→D,F→F,F→D,0,0,0,0,0,0,4,True,0.0009180384917763995,False,AMPLIFY,0.769788268602489,0.7765821930688273,0.7341936443513467,0.7738186412899701,0.7210666117882233,0.7658502271196372,0.6893222187591074,0.7678549450545828
4,25,cartoon-sketch,cartoon,sketch,0.1,0.0038502312220263,0.0104743452474644,"F,F,F,F","D,F,F,D","D,D,F,F","D,D,F,D",2,F→D,F→F,F→F,F→D,2,F→D,F→D,F→F,F→F,3,F→D,F→D,F→F,F→D,-1,0,0,0,1,1,4,True,0.006624114025438099,False,AMPLIFY,0.769788268602489,0.769788268602489,0.7341936443513467,0.7488186412899701,0.7210666117882233,0.7408502271196373,0.6893222187591074,0.730354945054583
4,25,cartoon-sketch,cartoon,sketch,0.15,0.0038502312220263,0.0136589952001524,"F,F,F,F","F,F,F,F","D,F,F,F","D,D,F,F",0,F→F,F→F,F→F,F→F,1,F→D,F→F,F→F,F→F,2,F→D,F→D,F→F,F→F,0,1,0,0,1,1,3,True,0.009808763978126099,False,AMPLIFY,0.769788268602489,0.769788268602489,0.7341936443513467,0.7341936443513467,0.7210666117882233,0.7266284416369593,0.6893222187591074,0.7046928125859695
4,50,photo-art_painting,photo,art_painting,0.0,0.0322202037181197,0.0,"D,D,D,D","D,D,D,D","D,D,D,D","D,D,D,D",0,D→D,D→D,D→D,D→D,0,D→D,D→D,D→D,D→D,0,D→D,D→D,D→D,D→D,0,0,0,0,0,0,1,False,-0.0322202037181197,False,ABSORB,0.769788268602489,0.8146520991920625,0.696925609308491,0.8146520991920625,0.7398806377065325,0.8146520991920625,0.6992381821306543,0.8146520991920625
4,50,photo-art_painting,photo,art_painting,0.02,0.0322202037181197,0.0014574287887714,"D,D,F,D","F,D,D,D","D,D,D,D","F,D,D,D",2,D→F,D→D,F→D,D→D,1,D→D,D→D,F→D,D→D,2,D→F,D→D,F→D,D→D,0,0,-1,0,1,1,3,False,-0.0307627749293483,False,ABSORB,0.769788268602489,0.7946665981949038,0.696925609308491,0.7953209451509131,0.7398806377065325,0.7946520991920624,0.6992381821306543,0.7967638749368431
4,50,photo-art_painting,photo,art_painting,0.05,0.0322202037181197,0.0023234419723544,"D,F,F,F","F,D,D,D","F,F,D,D","F,D,D,D",4,D→F,F→D,F→D,F→D,3,D→F,F→F,F→D,F→D,4,D→F,F→D,F→D,F→D,1,0,-1,-1,3,3,3,False,-0.029896761745765298,False,ABSORB,0.769788268602489,0.7765821930688273,0.696925609308491,0.772820945150913,0.7398806377065325,0.7757016808824028,0.6992381821306543,0.774263874936843
4,50,photo-art_painting,photo,art_painting,0.1,0.0322202037181197,0.0118723899381246,"F,F,F,F","F,F,D,D","F,F,F,D","F,F,D,D",2,F→F,F→F,F→D,F→D,1,F→F,F→F,F→F,F→D,2,F→F,F→F,F→D,F→D,0,0,0,-1,1,1,3,False,-0.0203478137799951,False,ABSORB,0.769788268602489,0.769788268602489,0.696925609308491,0.7465589694678209,0.7398806377065325,0.7547594881601503,0.6992381821306543,0.7434025789636068
4,50,photo-art_painting,photo,art_painting,0.15,0.0322202037181197,0.0197283667967756,"F,F,F,F","F,F,F,D","F,F,F,D","F,F,F,D",1,F→F,F→F,F→F,F→D,1,F→F,F→F,F→F,F→D,1,F→F,F→F,F→F,F→D,0,0,0,-1,1,1,2,False,-0.012491836921344097,False,ABSORB,0.769788268602489,0.769788268602489,0.696925609308491,0.7264343203981909,0.7398806377065325,0.7422594881601503,0.6992381821306543,0.718633906752628
4,50,photo-cartoon,photo,cartoon,0.0,0.1607877674496994,0.0006304245836264,"D,D,D,D","D,D,D,D","D,D,D,D","F,D,D,D",0,D→D,D→D,D→D,D→D,0,D→D,D→D,D→D,D→D,1,D→F,D→D,D→D,D→D,-1,0,0,0,1,1,2,True,-0.160157342866073,False,ABSORB,0.769788268602489,0.8146520991920625,0.696925609308491,0.8146520991920625,0.6576001629121115,0.8146520991920625,0.7455252710678131,0.815282523775689
4,50,photo-cartoon,photo,cartoon,0.02,0.1607877674496994,0.0049760776276173,"D,D,F,D","F,D,D,D","D,D,D,D","F,D,D,D",2,D→F,D→D,F→D,D→D,1,D→D,D→D,F→D,D→D,2,D→F,D→D,F→D,D→D,0,0,-1,0,1,1,3,False,-0.1558116898220821,False,ABSORB,0.769788268602489,0.7946665981949038,0.696925609308491,0.7953209451509131,0.6576001629121115,0.7946520991920624,0.7455252710678131,0.800282523775689
4,50,photo-cartoon,photo,cartoon,0.05,0.1607877674496994,0.0189574847838427,"D,F,F,F","F,D,D,D","D,D,F,D","F,F,D,D",4,D→F,F→D,F→D,F→D,2,D→D,F→D,F→F,F→D,3,D→F,F→F,F→D,F→D,0,-2,0,-1,2,3,4,True,-0.14183028266585668,False,ABSORB,0.769788268602489,0.7765821930688273,0.696925609308491,0.772820945150913,0.6576001629121115,0.7680652385100788,0.7455252710678131,0.7832614753760073
4,50,photo-cartoon,photo,cartoon,0.1,0.1607877674496994,0.055863264847651,"F,F,F,F","F,F,D,D","D,D,F,D","F,F,F,D",2,F→F,F→F,F→D,F→D,3,F→D,F→D,F→F,F→D,1,F→F,F→F,F→F,F→D,-1,-1,-1,-1,4,4,4,True,-0.10492450260204839,False,ABSORB,0.769788268602489,0.769788268602489,0.696925609308491,0.7465589694678209,0.6576001629121115,0.7305652385100788,0.7455252710678131,0.7631992042230618
4,50,photo-cartoon,photo,cartoon,0.15,0.1607877674496994,0.0855587481439631,"F,F,F,F","F,F,F,D","F,F,F,D","F,F,F,D",1,F→F,F→F,F→F,F→D,1,F→F,F→F,F→F,F→D,1,F→F,F→F,F→F,F→D,0,0,0,-1,1,1,2,False,-0.07522901930573629,False,ABSORB,0.769788268602489,0.769788268602489,0.696925609308491,0.7264343203981909,0.6576001629121115,0.7084944042833967,0.7455252710678131,0.7506992042230618
4,50,photo-sketch,photo,sketch,0.0,0.1892981001149457,0.0,"D,D,D,D","D,D,D,D","D,D,D,D","D,D,D,D",0,D→D,D→D,D→D,D→D,0,D→D,D→D,D→D,D→D,0,D→D,D→D,D→D,D→D,0,0,0,0,0,0,1,False,-0.1892981001149457,False,ABSORB,0.769788268602489,0.8146520991920625,0.696925609308491,0.8146520991920625,0.5784810933498009,0.8146520991920625,0.6949165341707487,0.8146520991920625
4,50,photo-sketch,photo,sketch,0.02,0.1892981001149457,-0.0006543469560092,"D,D,F,D","F,D,D,D","D,D,D,D","D,D,D,D",2,D→F,D→D,F→D,D→D,1,D→D,D→D,F→D,D→D,1,D→D,D→D,F→D,D→D,1,0,-1,0,2,2,3,False,-0.18995244707095488,True,ABSORB,0.769788268602489,0.7946665981949038,0.696925609308491,0.7953209451509131,0.5784810933498009,0.7946520991920624,0.6949165341707487,0.7946520991920624
4,50,photo-sketch,photo,sketch,0.05,0.1892981001149457,0.0070309428926783,"D,F,F,F","F,D,D,D","D,D,D,D","F,D,D,D",4,D→F,F→D,F→D,F→D,3,D→D,F→D,F→D,F→D,4,D→F,F→D,F→D,F→D,0,-1,-1,-1,3,3,3,False,-0.18226715722226738,False,ABSORB,0.769788268602489,0.7765821930688273,0.696925609308491,0.772820945150913,0.5784810933498009,0.7646520991920623,0.6949165341707487,0.7679217941668265
4,50,photo-sketch,photo,sketch,0.1,0.1892981001149457,0.0439761511188808,"F,F,F,F","F,F,D,D","D,D,F,D","F,F,D,D",2,F→F,F→F,F→D,F→D,3,F→D,F→D,F→F,F→D,2,F→F,F→F,F→D,F→D,-1,-1,0,-1,3,3,3,False,-0.14532194899606488,False,ABSORB,0.769788268602489,0.769788268602489,0.696925609308491,0.7465589694678209,0.5784810933498009,0.7171552204291647,0.6949165341707487,0.7379020724133775
4,50,photo-sketch,photo,sketch,0.15,0.1892981001149457,0.0836748122501002,"F,F,F,F","F,F,F,D","D,D,F,D","F,F,F,D",1,F→F,F→F,F→F,F→D,3,F→D,F→D,F→F,F→D,1,F→F,F→F,F→F,F→D,-1,-1,0,-1,3,3,3,False,-0.10562328786484548,False,ABSORB,0.769788268602489,0.769788268602489,0.696925609308491,0.7264343203981909,0.5784810933498009,0.6796552204291646,0.6949165341707487,0.7199760844749667
4,50,art_painting-cartoon,art_painting,cartoon,0.0,0.0918131605813827,0.0,"D,D,D,D","D,D,D,D","D,D,D,D","D,D,D,D",0,D→D,D→D,D→D,D→D,0,D→D,D→D,D→D,D→D,0,D→D,D→D,D→D,D→D,0,0,0,0,0,0,1,False,-0.0918131605813827,False,ABSORB,0.769788268602489,0.8146520991920625,0.7398806377065325,0.8146520991920625,0.6576001629121115,0.8146520991920625,0.7195056925975378,0.8146520991920625
4,50,art_painting-cartoon,art_painting,cartoon,0.02,0.0918131605813827,1.4499002841450448e-05,"D,D,F,D","D,D,D,D","D,D,D,D","D,D,D,D",1,D→D,D→D,F→D,D→D,1,D→D,D→D,F→D,D→D,1,D→D,D→D,F→D,D→D,0,0,-1,0,1,1,2,False,-0.09179866157854125,False,ABSORB,0.769788268602489,0.7946665981949038,0.7398806377065325,0.7946520991920624,0.6576001629121115,0.7946520991920624,0.7195056925975378,0.7946520991920624
4,50,art_painting-cartoon,art_painting,cartoon,0.05,0.0918131605813827,0.0033675416122125,"D,F,F,F","F,F,D,D","D,D,F,D","F,D,D,D",3,D→F,F→F,F→D,F→D,2,D→D,F→D,F→F,F→D,4,D→F,F→D,F→D,F→D,0,0,0,-1,1,1,4,True,-0.08844561896917019,False,ABSORB,0.769788268602489,0.7765821930688273,0.7398806377065325,0.7757016808824028,0.6576001629121115,0.7680652385100788,0.7195056925975378,0.7705522679358668
4,50,art_painting-cartoon,art_painting,cartoon,0.1,0.0918131605813827,0.0323323866948096,"F,F,F,F","F,F,F,D","D,D,F,D","F,F,F,D",1,F→F,F→F,F→F,F→D,3,F→D,F→D,F→F,F→D,1,F→F,F→F,F→F,F→D,-1,-1,0,-1,3,3,3,False,-0.05948077388657309,False,ABSORB,0.769788268602489,0.769788268602489,0.7398806377065325,0.7547594881601503,0.6576001629121115,0.7305652385100788,0.7195056925975378,0.7478688447625498
4,50,art_painting-cartoon,art_painting,cartoon,0.15,0.0918131605813827,0.0544032209214916,"F,F,F,F","F,F,F,D","F,F,F,D","F,F,F,D",1,F→F,F→F,F→F,F→D,1,F→F,F→F,F→F,F→D,1,F→F,F→F,F→F,F→D,0,0,0,-1,1,1,2,False,-0.037409939659891096,False,ABSORB,0.769788268602489,0.769788268602489,0.7398806377065325,0.7422594881601503,0.6576001629121115,0.7084944042833967,0.7195056925975378,0.7353688447625497
4,50,art_painting-sketch,art_painting,sketch,0.0,0.2126493265351924,0.0,"D,D,D,D","D,D,D,D","D,D,D,D","D,D,D,D",0,D→D,D→D,D→D,D→D,0,D→D,D→D,D→D,D→D,0,D→D,D→D,D→D,D→D,0,0,0,0,0,0,1,False,-0.2126493265351924,False,ABSORB,0.769788268602489,0.8146520991920625,0.7398806377065325,0.8146520991920625,0.5784810933498009,0.8146520991920625,0.7612227889890368,0.8146520991920625
4,50,art_painting-sketch,art_painting,sketch,0.02,0.2126493265351924,1.4499002841450448e-05,"D,D,F,D","D,D,D,D","D,D,D,D","D,D,D,D",1,D→D,D→D,F→D,D→D,1,D→D,D→D,F→D,D→D,1,D→D,D→D,F→D,D→D,0,0,-1,0,1,1,2,False,-0.21263482753235094,False,ABSORB,0.769788268602489,0.7946665981949038,0.7398806377065325,0.7946520991920624,0.5784810933498009,0.7946520991920624,0.7612227889890368,0.7946520991920624
4,50,art_painting-sketch,art_painting,sketch,0.05,0.2126493265351924,0.0054342302253641,"D,F,F,F","F,F,D,D","D,D,D,D","F,D,D,D",3,D→F,F→F,F→D,F→D,3,D→D,F→D,F→D,F→D,4,D→F,F→D,F→D,F→D,0,0,-1,-1,2,2,4,True,-0.2072150963098283,False,ABSORB,0.769788268602489,0.7765821930688273,0.7398806377065325,0.7757016808824028,0.5784810933498009,0.7646520991920623,0.7612227889890368,0.769205817231002
4,50,art_painting-sketch,art_painting,sketch,0.1,0.2126493265351924,0.0590963490022108,"F,F,F,F","F,F,F,D","D,D,F,D","F,F,F,F",1,F→F,F→F,F→F,F→D,3,F→D,F→D,F→F,F→D,0,F→F,F→F,F→F,F→F,-1,-1,0,-2,3,4,3,True,-0.15355297753298158,False,ABSORB,0.769788268602489,0.769788268602489,0.7398806377065325,0.7547594881601503,0.5784810933498009,0.7171552204291647,0.7612227889890368,0.7612227889890368
4,50,art_painting-sketch,art_painting,sketch,0.15,0.2126493265351924,0.1090963490022108,"F,F,F,F","F,F,F,D","D,D,F,D","F,F,F,F",1,F→F,F→F,F→F,F→D,3,F→D,F→D,F→F,F→D,0,F→F,F→F,F→F,F→F,-1,-1,0,-2,3,4,3,True,-0.1035529775329816,False,ABSORB,0.769788268602489,0.769788268602489,0.7398806377065325,0.7422594881601503,0.5784810933498009,0.6796552204291646,0.7612227889890368,0.7612227889890368
4,50,cartoon-sketch,cartoon,sketch,0.0,0.2185351619469364,0.0,"D,D,D,D","D,D,D,D","D,D,D,D","D,D,D,D",0,D→D,D→D,D→D,D→D,0,D→D,D→D,D→D,D→D,0,D→D,D→D,D→D,D→D,0,0,0,0,0,0,1,False,-0.2185351619469364,False,ABSORB,0.769788268602489,0.8146520991920625,0.6576001629121115,0.8146520991920625,0.5784810933498009,0.8146520991920625,0.68482814960636,0.8146520991920625
4,50,cartoon-sketch,cartoon,sketch,0.02,0.2185351619469364,1.4499002841450448e-05,"D,D,F,D","D,D,D,D","D,D,D,D","D,D,D,D",1,D→D,D→D,F→D,D→D,1,D→D,D→D,F→D,D→D,1,D→D,D→D,F→D,D→D,0,0,-1,0,1,1,2,False,-0.21852066294409495,False,ABSORB,0.769788268602489,0.7946665981949038,0.6576001629121115,0.7946520991920624,0.5784810933498009,0.7946520991920624,0.68482814960636,0.7946520991920624
4,50,cartoon-sketch,cartoon,sketch,0.05,0.2185351619469364,0.0103932070688576,"D,F,F,F","D,D,F,D","D,D,D,D","D,D,F,D",2,D→D,F→D,F→F,F→D,3,D→D,F→D,F→D,F→D,2,D→D,F→D,F→F,F→D,0,-1,-1,-1,3,3,3,False,-0.2081419548780788,False,ABSORB,0.769788268602489,0.7765821930688273,0.6576001629121115,0.7680652385100788,0.5784810933498009,0.7646520991920623,0.68482814960636,0.7665283517021715
4,50,cartoon-sketch,cartoon,sketch,0.1,0.2185351619469364,0.0566011240373336,"F,F,F,F","D,D,F,D","D,D,F,D","D,D,F,F",3,F→D,F→D,F→F,F→D,3,F→D,F→D,F→F,F→D,2,F→D,F→D,F→F,F→F,-1,-1,0,-2,3,4,3,True,-0.1619340379096028,False,ABSORB,0.769788268602489,0.769788268602489,0.6576001629121115,0.7305652385100788,0.5784810933498009,0.7171552204291647,0.68482814960636,0.7345333143740882
4,50,cartoon-sketch,cartoon,sketch,0.15,0.2185351619469364,0.0911719582640159,"F,F,F,F","F,F,F,D","D,D,F,D","D,D,F,F",1,F→F,F→F,F→F,F→D,3,F→D,F→D,F→F,F→D,2,F→D,F→D,F→F,F→F,0,0,0,-2,1,2,4,True,-0.12736320368292048,False,ABSORB,0.769788268602489,0.769788268602489,0.6576001629121115,0.7084944042833967,0.5784810933498009,0.6796552204291646,0.68482814960636,0.7095333143740883
4,100,photo-art_painting,photo,art_painting,0.0,0.071180335352151,0.0,"D,D,D,D","D,D,D,D","D,D,D,D","D,D,D,D",0,D→D,D→D,D→D,D→D,0,D→D,D→D,D→D,D→D,0,D→D,D→D,D→D,D→D,0,0,0,0,0,0,1,False,-0.071180335352151,False,ABSORB,0.769788268602489,0.8146520991920625,0.684280878055421,0.8146520991920625,0.6852638588033164,0.8146520991920625,0.6709368036083996,0.8146520991920625
4,100,photo-art_painting,photo,art_painting,0.02,0.071180335352151,-0.002009310520968,"D,D,F,D","F,D,D,D","D,D,D,D","D,D,D,D",2,D→F,D→D,F→D,D→D,1,D→D,D→D,F→D,D→D,1,D→D,D→D,F→D,D→D,1,0,-1,0,2,2,3,False,-0.073189645873119,True,ABSORB,0.769788268602489,0.7946665981949038,0.684280878055421,0.7966759087158719,0.6852638588033164,0.7946520991920624,0.6709368036083996,0.7946520991920624
4,100,photo-art_painting,photo,art_painting,0.05,0.071180335352151,0.0070039855023807,"D,F,F,F","F,D,D,D","D,D,D,D","F,D,D,D",4,D→F,F→D,F→D,F→D,3,D→D,F→D,F→D,F→D,4,D→F,F→D,F→D,F→D,0,-1,-1,-1,3,3,3,False,-0.0641763498497703,False,ABSORB,0.769788268602489,0.7765821930688273,0.684280878055421,0.7741759087158718,0.6852638588033164,0.7646520991920623,0.6709368036083996,0.7692498003414877
4,100,photo-art_painting,photo,art_painting,0.1,0.071180335352151,0.0278165303298432,"F,F,F,F","F,F,D,D","F,F,D,D","F,F,D,D",2,F→F,F→F,F→D,F→D,2,F→F,F→F,F→D,F→D,2,F→F,F→F,F→D,F→D,0,0,-1,-1,2,2,2,False,-0.0433638050223078,False,ABSORB,0.769788268602489,0.769788268602489,0.684280878055421,0.7412205827416289,0.6852638588033164,0.73302294462158,0.6709368036083996,0.7322717890905632
4,100,photo-art_painting,photo,art_painting,0.15,0.071180335352151,0.0537111106042335,"F,F,F,F","F,F,D,D","F,F,D,D","F,F,F,D",2,F→F,F→F,F→D,F→D,2,F→F,F→F,F→D,F→D,1,F→F,F→F,F→F,F→D,0,0,-2,-1,2,3,3,True,-0.017469224747917497,False,ABSORB,0.769788268602489,0.769788268602489,0.684280878055421,0.7162205827416288,0.6852638588033164,0.70802294462158,0.6709368036083996,0.7081663693649534
4,100,photo-cartoon,photo,cartoon,0.0,0.2218330054463798,0.0,"D,D,D,D","D,D,D,D","D,D,D,D","D,D,D,D",0,D→D,D→D,D→D,D→D,0,D→D,D→D,D→D,D→D,0,D→D,D→D,D→D,D→D,0,0,0,0,0,0,1,False,-0.2218330054463798,False,ABSORB,0.769788268602489,0.8146520991920625,0.684280878055421,0.8146520991920625,0.6439625317141073,0.8146520991920625,0.7802881466134193,0.8146520991920625
4,100,photo-cartoon,photo,cartoon,0.02,0.2218330054463798,0.0018871017386313,"D,D,F,D","F,D,D,D","D,D,D,D","D,F,D,D",2,D→F,D→D,F→D,D→D,1,D→D,D→D,F→D,D→D,2,D→D,D→F,F→D,D→D,1,-1,-1,0,3,3,4,True,-0.2199459037077485,False,ABSORB,0.769788268602489,0.7946665981949038,0.684280878055421,0.7966759087158719,0.6439625317141073,0.7946520991920624,0.7802881466134193,0.7985485114516618
4,100,photo-cartoon,photo,cartoon,0.05,0.2218330054463798,0.0208634519491722,"D,F,F,F","F,D,D,D","D,D,D,D","F,F,D,D",4,D→F,F→D,F→D,F→D,3,D→D,F→D,F→D,F→D,3,D→F,F→F,F→D,F→D,0,-2,-1,-1,3,4,4,True,-0.2009695534972076,False,ABSORB,0.769788268602489,0.7765821930688273,0.684280878055421,0.7741759087158718,0.6439625317141073,0.7646520991920623,0.7802881466134193,0.7831092667882792
4,100,photo-cartoon,photo,cartoon,0.1,0.2218330054463798,0.0864956653488714,"F,F,F,F","F,F,D,D","D,D,F,D","F,F,F,F",2,F→F,F→F,F→D,F→D,3,F→D,F→D,F→F,F→D,0,F→F,F→F,F→F,F→F,-1,-1,-1,-2,4,5,3,True,-0.1353373400975084,False,ABSORB,0.769788268602489,0.769788268602489,0.684280878055421,0.7412205827416289,0.6439625317141073,0.7223601671254078,0.7802881466134193,0.7802881466134193
4,100,photo-cartoon,photo,cartoon,0.15,0.2218330054463798,0.1489956653488716,"F,F,F,F","F,F,D,D","D,D,F,D","F,F,F,F",2,F→F,F→F,F→D,F→D,3,F→D,F→D,F→F,F→D,0,F→F,F→F,F→F,F→F,-1,-1,-1,-2,4,5,3,True,-0.0728373400975082,False,ABSORB,0.769788268602489,0.769788268602489,0.684280878055421,0.7162205827416288,0.6439625317141073,0.6848601671254078,0.7802881466134193,0.7802881466134193
4,100,photo-sketch,photo,sketch,0.0,0.3901015272728657,0.0,"D,D,D,D","D,D,D,D","D,D,D,D","D,D,D,D",0,D→D,D→D,D→D,D→D,0,D→D,D→D,D→D,D→D,0,D→D,D→D,D→D,D→D,0,0,0,0,0,0,1,False,-0.3901015272728657,False,ABSORB,0.769788268602489,0.8146520991920625,0.684280878055421,0.8146520991920625,0.4435701107921713,0.8146520991920625,0.7481642475179691,0.8146520991920625
4,100,photo-sketch,photo,sketch,0.02,0.3901015272728657,-0.002009310520968,"D,D,F,D","F,D,D,D","D,D,D,D","D,D,D,D",2,D→F,D→D,F→D,D→D,1,D→D,D→D,F→D,D→D,1,D→D,D→D,F→D,D→D,1,0,-1,0,2,2,3,False,-0.39211083779383366,True,ABSORB,0.769788268602489,0.7946665981949038,0.684280878055421,0.7966759087158719,0.4435701107921713,0.7946520991920624,0.7481642475179691,0.7946520991920624
4,100,photo-sketch,photo,sketch,0.05,0.3901015272728657,0.0163288907060978,"D,F,F,F","F,D,D,D","D,D,D,D","F,F,D,D",4,D→F,F→D,F→D,F→D,3,D→D,F→D,F→D,F→D,3,D→F,F→F,F→D,F→D,0,-2,-1,-1,3,4,4,True,-0.3737726365667679,False,ABSORB,0.769788268602489,0.7765821930688273,0.684280878055421,0.7741759087158718,0.4435701107921713,0.7646520991920623,0.7481642475179691,0.7785747055452048
4,100,photo-sketch,photo,sketch,0.1,0.3901015272728657,0.0696974371330624,"F,F,F,F","F,F,D,D","D,D,D,D","F,F,F,D",2,F→F,F→F,F→D,F→D,4,F→D,F→D,F→D,F→D,1,F→F,F→F,F→F,F→D,-1,-1,-2,-1,4,5,4,True,-0.3204040901398033,False,ABSORB,0.769788268602489,0.769788268602489,0.684280878055421,0.7412205827416289,0.4435701107921713,0.7146520991920624,0.7481642475179691,0.7557818504642648
4,100,photo-sketch,photo,sketch,0.15,0.3901015272728657,0.1370798341867668,"F,F,F,F","F,F,D,D","D,D,D,D","F,F,F,F",2,F→F,F→F,F→D,F→D,4,F→D,F→D,F→D,F→D,0,F→F,F→F,F→F,F→F,-1,-1,-2,-2,4,6,3,True,-0.2530216930860989,False,ABSORB,0.769788268602489,0.769788268602489,0.684280878055421,0.7162205827416288,0.4435701107921713,0.6646520991920624,0.7481642475179691,0.7481642475179691
4,100,art_painting-cartoon,art_painting,cartoon,0.0,0.1477416225536512,0.0,"D,D,D,D","D,D,D,D","D,D,D,D","D,D,D,D",0,D→D,D→D,D→D,D→D,0,D→D,D→D,D→D,D→D,0,D→D,D→D,D→D,D→D,0,0,0,0,0,0,1,False,-0.1477416225536512,False,ABSORB,0.769788268602489,0.8146520991920625,0.6852638588033164,0.8146520991920625,0.6439625317141073,0.8146520991920625,0.707179744468586,0.8146520991920625
4,100,art_painting-cartoon,art_painting,cartoon,0.02,0.1477416225536512,1.4499002841450448e-05,"D,D,F,D","D,D,D,D","D,D,D,D","D,D,D,D",1,D→D,D→D,F→D,D→D,1,D→D,D→D,F→D,D→D,1,D→D,D→D,F→D,D→D,0,0,-1,0,1,1,2,False,-0.14772712355080975,False,ABSORB,0.769788268602489,0.7946665981949038,0.6852638588033164,0.7946520991920624,0.6439625317141073,0.7946520991920624,0.707179744468586,0.7946520991920624
4,100,art_painting-cartoon,art_painting,cartoon,0.05,0.1477416225536512,0.0119300938767649,"D,F,F,F","D,D,D,D","D,D,D,D","D,D,D,D",3,D→D,F→D,F→D,F→D,3,D→D,F→D,F→D,F→D,3,D→D,F→D,F→D,F→D,0,-1,-1,-1,3,3,2,False,-0.13581152867688628,False,ABSORB,0.769788268602489,0.7765821930688273,0.6852638588033164,0.7646520991920623,0.6439625317141073,0.7646520991920623,0.707179744468586,0.7646520991920623
4,100,art_painting-cartoon,art_painting,cartoon,0.1,0.1477416225536512,0.0358442400735132,"F,F,F,F","F,F,D,D","D,D,F,D","F,D,F,D",2,F→F,F→F,F→D,F→D,3,F→D,F→D,F→F,F→D,2,F→F,F→D,F→F,F→D,-1,0,-1,-1,3,3,4,True,-0.111897382480138,False,ABSORB,0.769788268602489,0.769788268602489,0.6852638588033164,0.73302294462158,0.6439625317141073,0.7223601671254078,0.707179744468586,0.7214390832180122
4,100,art_painting-cartoon,art_painting,cartoon,0.15,0.1477416225536512,0.0840849013240871,"F,F,F,F","F,F,D,D","D,D,F,D","F,F,F,F",2,F→F,F→F,F→D,F→D,3,F→D,F→D,F→F,F→D,0,F→F,F→F,F→F,F→F,-1,-1,-1,-2,4,5,3,True,-0.0636567212295641,False,ABSORB,0.769788268602489,0.769788268602489,0.6852638588033164,0.70802294462158,0.6439625317141073,0.6848601671254078,0.707179744468586,0.707179744468586
4,100,art_painting-sketch,art_painting,sketch,0.0,0.3715973515301194,0.0,"D,D,D,D","D,D,D,D","D,D,D,D","D,D,D,D",0,D→D,D→D,D→D,D→D,0,D→D,D→D,D→D,D→D,0,D→D,D→D,D→D,D→D,0,0,0,0,0,0,1,False,-0.3715973515301194,False,ABSORB,0.769788268602489,0.8146520991920625,0.6852638588033164,0.8146520991920625,0.4435701107921713,0.8146520991920625,0.7306430525231182,0.8146520991920625
4,100,art_painting-sketch,art_painting,sketch,0.02,0.3715973515301194,1.4499002841450448e-05,"D,D,F,D","D,D,D,D","D,D,D,D","D,D,D,D",1,D→D,D→D,F→D,D→D,1,D→D,D→D,F→D,D→D,1,D→D,D→D,F→D,D→D,0,0,-1,0,1,1,2,False,-0.37158285252727796,False,ABSORB,0.769788268602489,0.7946665981949038,0.6852638588033164,0.7946520991920624,0.4435701107921713,0.7946520991920624,0.7306430525231182,0.7946520991920624
4,100,art_painting-sketch,art_painting,sketch,0.05,0.3715973515301194,0.0119300938767649,"D,F,F,F","D,D,D,D","D,D,D,D","D,D,D,D",3,D→D,F→D,F→D,F→D,3,D→D,F→D,F→D,F→D,3,D→D,F→D,F→D,F→D,0,-1,-1,-1,3,3,2,False,-0.3596672576533545,False,ABSORB,0.769788268602489,0.7765821930688273,0.6852638588033164,0.7646520991920623,0.4435701107921713,0.7646520991920623,0.7306430525231182,0.7646520991920623
4,100,art_painting-sketch,art_painting,sketch,0.1,0.3715973515301194,0.0636419802437864,"F,F,F,F","F,F,D,D","D,D,D,D","F,D,F,F",2,F→F,F→F,F→D,F→D,4,F→D,F→D,F→D,F→D,1,F→F,F→D,F→F,F→F,-1,0,-2,-2,3,5,4,True,-0.307955371286333,False,ABSORB,0.769788268602489,0.769788268602489,0.6852638588033164,0.73302294462158,0.4435701107921713,0.7146520991920624,0.7306430525231182,0.7415287554549399
4,100,art_painting-sketch,art_painting,sketch,0.15,0.3715973515301194,0.1277562773119648,"F,F,F,F","F,F,D,D","D,D,D,D","F,F,F,F",2,F→F,F→F,F→D,F→D,4,F→D,F→D,F→D,F→D,0,F→F,F→F,F→F,F→F,-1,-1,-2,-2,4,6,3,True,-0.24384107421815462,False,ABSORB,0.769788268602489,0.769788268602489,0.6852638588033164,0.70802294462158,0.4435701107921713,0.6646520991920624,0.7306430525231182,0.7306430525231182
4,100,cartoon-sketch,cartoon,sketch,0.0,0.3173586248589528,0.0,"D,D,D,D","D,D,D,D","D,D,D,D","D,D,D,D",0,D→D,D→D,D→D,D→D,0,D→D,D→D,D→D,D→D,0,D→D,D→D,D→D,D→D,0,0,0,0,0,0,1,False,-0.3173586248589528,False,ABSORB,0.769788268602489,0.8146520991920625,0.6439625317141073,0.8146520991920625,0.4435701107921713,0.8146520991920625,0.6351029987627425,0.8146520991920625
4,100,cartoon-sketch,cartoon,sketch,0.02,0.3173586248589528,1.4499002841450448e-05,"D,D,F,D","D,D,D,D","D,D,D,D","D,D,D,D",1,D→D,D→D,F→D,D→D,1,D→D,D→D,F→D,D→D,1,D→D,D→D,F→D,D→D,0,0,-1,0,1,1,2,False,-0.3173441258561113,False,ABSORB,0.769788268602489,0.7946665981949038,0.6439625317141073,0.7946520991920624,0.4435701107921713,0.7946520991920624,0.6351029987627425,0.7946520991920624
4,100,cartoon-sketch,cartoon,sketch,0.05,0.3173586248589528,0.0119300938767649,"D,F,F,F","D,D,D,D","D,D,D,D","D,D,D,D",3,D→D,F→D,F→D,F→D,3,D→D,F→D,F→D,F→D,3,D→D,F→D,F→D,F→D,0,-1,-1,-1,3,3,2,False,-0.30542853098218786,False,ABSORB,0.769788268602489,0.7765821930688273,0.6439625317141073,0.7646520991920623,0.4435701107921713,0.7646520991920623,0.6351029987627425,0.7646520991920623
4,100,cartoon-sketch,cartoon,sketch,0.1,0.3173586248589528,0.0517816032374508,"F,F,F,F","D,D,F,D","D,D,D,D","D,D,F,D",3,F→D,F→D,F→F,F→D,4,F→D,F→D,F→D,F→D,3,F→D,F→D,F→F,F→D,-1,-1,-1,-1,4,4,3,False,-0.265577021621502,False,ABSORB,0.769788268602489,0.769788268602489,0.6439625317141073,0.7223601671254078,0.4435701107921713,0.7146520991920624,0.6351029987627425,0.7190056009524322
4,100,cartoon-sketch,cartoon,sketch,0.15,0.3173586248589528,0.1017816032374508,"F,F,F,F","D,D,F,D","D,D,D,D","D,D,F,D",3,F→D,F→D,F→F,F→D,4,F→D,F→D,F→D,F→D,3,F→D,F→D,F→F,F→D,-1,-1,-1,-1,4,4,3,False,-0.215577021621502,False,ABSORB,0.769788268602489,0.769788268602489,0.6439625317141073,0.6848601671254078,0.4435701107921713,0.6646520991920624,0.6351029987627425,0.6815056009524321
