seed,target_domain,N,c,rho,DeltaV_REP,DeltaV_GREP,DeltaV_GREP_minus_REP,DeltaV_IDEAL,recovery,h,kappa_star
0,photo,25,0.0,-0.05593852916274655,-0.00391413240057914,-0.005820216908223541,-0.001906084507644401,0.0,-0.4869749698202274,1,-0.005820216908223541
0,photo,25,0.0,-0.05593852916274655,-0.00391413240057914,-0.005820216908223541,-0.001906084507644401,0.0,-0.4869749698202274,2,-0.011640433816447082
0,photo,25,0.0,-0.05593852916274655,-0.00391413240057914,-0.005820216908223541,-0.001906084507644401,0.0,-0.4869749698202274,5,-0.029101084541117705
0,photo,25,0.0,-0.05593852916274655,-0.00391413240057914,-0.005820216908223541,-0.001906084507644401,0.0,-0.4869749698202274,10,-0.05820216908223541
0,photo,25,0.02,-0.035938529162746535,-0.008914132400579144,-0.010820216908223546,-0.001906084507644401,0.0,-0.21382726012915898,1,-0.010820216908223546
0,photo,25,0.02,-0.035938529162746535,-0.008914132400579144,-0.010820216908223546,-0.001906084507644401,0.0,-0.21382726012915898,2,-0.02164043381644709
0,photo,25,0.02,-0.035938529162746535,-0.008914132400579144,-0.010820216908223546,-0.001906084507644401,0.0,-0.21382726012915898,5,-0.05410108454111773
0,photo,25,0.02,-0.035938529162746535,-0.008914132400579144,-0.010820216908223546,-0.001906084507644401,0.0,-0.21382726012915898,10,-0.10820216908223546
0,photo,25,0.05,-0.005938529162746509,-0.018042681262747107,-0.021415794156156354,-0.003373112893409247,0.001101858367868136,-0.17619190424485784,1,-0.021415794156156354
0,photo,25,0.05,-0.005938529162746509,-0.018042681262747107,-0.021415794156156354,-0.003373112893409247,0.001101858367868136,-0.17619190424485784,2,-0.04283158831231271
0,photo,25,0.05,-0.005938529162746509,-0.018042681262747107,-0.021415794156156354,-0.003373112893409247,0.001101858367868136,-0.17619190424485784,5,-0.10707897078078177
0,photo,25,0.05,-0.005938529162746509,-0.018042681262747107,-0.021415794156156354,-0.003373112893409247,0.001101858367868136,-0.17619190424485784,10,-0.21415794156156354
0,photo,25,0.1,0.044061470837253425,-0.026622908501543696,-0.03358690132904385,-0.006963992827500154,0.002586490658554763,-0.23841616150096392,1,-0.07764837216629727
0,photo,25,0.1,0.044061470837253425,-0.026622908501543696,-0.03358690132904385,-0.006963992827500154,0.002586490658554763,-0.23841616150096392,2,-0.11123527349534112
0,photo,25,0.1,0.044061470837253425,-0.026622908501543696,-0.03358690132904385,-0.006963992827500154,0.002586490658554763,-0.23841616150096392,5,-0.21199597748247268
0,photo,25,0.1,0.044061470837253425,-0.026622908501543696,-0.03358690132904385,-0.006963992827500154,0.002586490658554763,-0.23841616150096392,10,-0.3799304841276919
0,photo,25,0.15,0.09406147083725347,-0.026622908501543696,-0.03358690132904385,-0.006963992827500154,0.002586490658554763,-0.23841616150096392,1,-0.12764837216629732
0,photo,25,0.15,0.09406147083725347,-0.026622908501543696,-0.03358690132904385,-0.006963992827500154,0.002586490658554763,-0.23841616150096392,2,-0.16123527349534117
0,photo,25,0.15,0.09406147083725347,-0.026622908501543696,-0.03358690132904385,-0.006963992827500154,0.002586490658554763,-0.23841616150096392,5,-0.2619959774824727
0,photo,25,0.15,0.09406147083725347,-0.026622908501543696,-0.03358690132904385,-0.006963992827500154,0.002586490658554763,-0.23841616150096392,10,-0.42993048412769197
0,art_painting,25,0.0,0.05882225107901251,-0.0024865451310548403,-0.006541792524591972,-0.004055247393537131,-0.0014569561786483831,-3.938705231887741,1,-0.06536404360360448
0,art_painting,25,0.0,0.05882225107901251,-0.0024865451310548403,-0.006541792524591972,-0.004055247393537131,-0.0014569561786483831,-3.938705231887741,2,-0.07190583612819645
0,art_painting,25,0.0,0.05882225107901251,-0.0024865451310548403,-0.006541792524591972,-0.004055247393537131,-0.0014569561786483831,-3.938705231887741,5,-0.09153121370197237
0,art_painting,25,0.0,0.05882225107901251,-0.0024865451310548403,-0.006541792524591972,-0.004055247393537131,-0.0014569561786483831,-3.938705231887741,10,-0.12424017632493223
0,art_painting,25,0.02,0.07882225107901253,-0.007486545131054845,-0.011541792524591976,-0.004055247393537131,-0.0014569561786483831,-0.6725578518778874,1,-0.0903640436036045
0,art_painting,25,0.02,0.07882225107901253,-0.007486545131054845,-0.011541792524591976,-0.004055247393537131,-0.0014569561786483831,-0.6725578518778874,2,-0.10190583612819648
0,art_painting,25,0.02,0.07882225107901253,-0.007486545131054845,-0.011541792524591976,-0.004055247393537131,-0.0014569561786483831,-0.6725578518778874,5,-0.1365312137019724
0,art_painting,25,0.02,0.07882225107901253,-0.007486545131054845,-0.011541792524591976,-0.004055247393537131,-0.0014569561786483831,-0.6725578518778874,10,-0.1942401763249323
0,art_painting,25,0.05,0.10882225107901256,-0.016698877518126376,-0.0153158090677602,0.001383068450366176,-0.0014569561786484941,0.09074108306699565,1,-0.12413806014677276
0,art_painting,25,0.05,0.10882225107901256,-0.016698877518126376,-0.0153158090677602,0.001383068450366176,-0.0014569561786484941,0.09074108306699565,2,-0.13945386921453296
0,art_painting,25,0.05,0.10882225107901256,-0.016698877518126376,-0.0153158090677602,0.001383068450366176,-0.0014569561786484941,0.09074108306699565,5,-0.18540129641781355
0,art_painting,25,0.05,0.10882225107901256,-0.016698877518126376,-0.0153158090677602,0.001383068450366176,-0.0014569561786484941,0.09074108306699565,10,-0.26198034175661455
0,art_painting,25,0.1,0.1588222510790125,-0.027880369391367288,-0.019658637660363798,0.00822173173100349,-0.001377502817771381,0.3102204702337588,1,-0.1784808887393763
0,art_painting,25,0.1,0.1588222510790125,-0.027880369391367288,-0.019658637660363798,0.00822173173100349,-0.001377502817771381,0.3102204702337588,2,-0.19813952639974008
0,art_painting,25,0.1,0.1588222510790125,-0.027880369391367288,-0.019658637660363798,0.00822173173100349,-0.001377502817771381,0.3102204702337588,5,-0.2571154393808315
0,art_painting,25,0.1,0.1588222510790125,-0.027880369391367288,-0.019658637660363798,0.00822173173100349,-0.001377502817771381,0.3102204702337588,10,-0.35540862768265047
0,art_painting,25,0.15,0.20882225107901253,-0.027880369391367288,-0.019658637660363798,0.00822173173100349,-0.001377502817771381,0.3102204702337588,1,-0.22848088873937633
0,art_painting,25,0.15,0.20882225107901253,-0.027880369391367288,-0.019658637660363798,0.00822173173100349,-0.001377502817771381,0.3102204702337588,2,-0.24813952639974013
0,art_painting,25,0.15,0.20882225107901253,-0.027880369391367288,-0.019658637660363798,0.00822173173100349,-0.001377502817771381,0.3102204702337588,5,-0.3071154393808315
0,art_painting,25,0.15,0.20882225107901253,-0.027880369391367288,-0.019658637660363798,0.00822173173100349,-0.001377502817771381,0.3102204702337588,10,-0.4054086276826505
0,cartoon,25,0.0,0.004118355809625829,-0.003611937681371691,-0.005933100505139399,-0.0023211628237677084,-0.0010295889524064572,-0.8988572293633694,1,-0.010051456314765228
0,cartoon,25,0.0,0.004118355809625829,-0.003611937681371691,-0.005933100505139399,-0.0023211628237677084,-0.0010295889524064572,-0.8988572293633694,2,-0.015984556819904627
0,cartoon,25,0.0,0.004118355809625829,-0.003611937681371691,-0.005933100505139399,-0.0023211628237677084,-0.0010295889524064572,-0.8988572293633694,5,-0.033783858335322825
0,cartoon,25,0.0,0.004118355809625829,-0.003611937681371691,-0.005933100505139399,-0.0023211628237677084,-0.0010295889524064572,-0.8988572293633694,10,-0.06344936086101982
0,cartoon,25,0.02,0.024118355809625847,-0.006221672325825378,-0.005933100505139399,0.00028857182068597886,-0.0036393235968601445,0.11174781215611097,1,-0.030051456314765246
0,cartoon,25,0.02,0.024118355809625847,-0.006221672325825378,-0.005933100505139399,0.00028857182068597886,-0.0036393235968601445,0.11174781215611097,2,-0.035984556819904645
0,cartoon,25,0.02,0.024118355809625847,-0.006221672325825378,-0.005933100505139399,0.00028857182068597886,-0.0036393235968601445,0.11174781215611097,5,-0.05378385833532284
0,cartoon,25,0.02,0.024118355809625847,-0.006221672325825378,-0.005933100505139399,0.00028857182068597886,-0.0036393235968601445,0.11174781215611097,10,-0.08344936086101984
0,cartoon,25,0.05,0.05411835580962587,-0.003284197775396902,-0.009557433242223468,-0.0062732354668265655,-0.0007018490464315574,-2.429275100013323,1,-0.06367578905184934
0,cartoon,25,0.05,0.05411835580962587,-0.003284197775396902,-0.009557433242223468,-0.0062732354668265655,-0.0007018490464315574,-2.429275100013323,2,-0.07323322229407281
0,cartoon,25,0.05,0.05411835580962587,-0.003284197775396902,-0.009557433242223468,-0.0062732354668265655,-0.0007018490464315574,-2.429275100013323,5,-0.10190552202074321
0,cartoon,25,0.05,0.05411835580962587,-0.003284197775396902,-0.009557433242223468,-0.0062732354668265655,-0.0007018490464315574,-2.429275100013323,10,-0.14969268823186055
0,cartoon,25,0.1,0.1041183558096258,-0.0017995654847102749,-0.017734275353475604,-0.01593470986876533,0.0007827832442550697,-6.170626643114077,1,-0.12185263116310141
0,cartoon,25,0.1,0.1041183558096258,-0.0017995654847102749,-0.017734275353475604,-0.01593470986876533,0.0007827832442550697,-6.170626643114077,2,-0.13958690651657701
0,cartoon,25,0.1,0.1041183558096258,-0.0017995654847102749,-0.017734275353475604,-0.01593470986876533,0.0007827832442550697,-6.170626643114077,5,-0.19278973257700383
0,cartoon,25,0.1,0.1041183558096258,-0.0017995654847102749,-0.017734275353475604,-0.01593470986876533,0.0007827832442550697,-6.170626643114077,10,-0.28146110934438184
0,cartoon,25,0.15,0.15411835580962585,-0.0017995654847102749,-0.017734275353475604,-0.01593470986876533,0.0007827832442550697,-6.170626643114077,1,-0.17185263116310145
0,cartoon,25,0.15,0.15411835580962585,-0.0017995654847102749,-0.017734275353475604,-0.01593470986876533,0.0007827832442550697,-6.170626643114077,2,-0.18958690651657706
0,cartoon,25,0.15,0.15411835580962585,-0.0017995654847102749,-0.017734275353475604,-0.01593470986876533,0.0007827832442550697,-6.170626643114077,5,-0.24278973257700387
0,cartoon,25,0.15,0.15411835580962585,-0.0017995654847102749,-0.017734275353475604,-0.01593470986876533,0.0007827832442550697,-6.170626643114077,10,-0.3314611093443819
0,sketch,25,0.0,-0.03550266905166399,-0.006327058817545472,-0.006953625233585559,-0.0006265664160400863,0.0,-0.09902964933762973,1,-0.006953625233585559
0,sketch,25,0.0,-0.03550266905166399,-0.006327058817545472,-0.006953625233585559,-0.0006265664160400863,0.0,-0.09902964933762973,2,-0.013907250467171117
0,sketch,25,0.0,-0.03550266905166399,-0.006327058817545472,-0.006953625233585559,-0.0006265664160400863,0.0,-0.09902964933762973,5,-0.03476812616792779
0,sketch,25,0.0,-0.03550266905166399,-0.006327058817545472,-0.006953625233585559,-0.0006265664160400863,0.0,-0.09902964933762973,10,-0.06953625233585559
0,sketch,25,0.02,-0.015502669051663975,-0.006344525238089149,-0.007587717174675879,-0.0012431919365867294,0.0,-0.19594719698225288,1,-0.007587717174675879
0,sketch,25,0.02,-0.015502669051663975,-0.006344525238089149,-0.007587717174675879,-0.0012431919365867294,0.0,-0.19594719698225288,2,-0.015175434349351757
0,sketch,25,0.02,-0.015502669051663975,-0.006344525238089149,-0.007587717174675879,-0.0012431919365867294,0.0,-0.19594719698225288,5,-0.037938585873379393
0,sketch,25,0.02,-0.015502669051663975,-0.006344525238089149,-0.007587717174675879,-0.0012431919365867294,0.0,-0.19594719698225288,10,-0.07587717174675879
0,sketch,25,0.05,0.014497330948336051,-0.009968857975173329,-0.011212049911760058,-0.0012431919365867294,-0.0036243327370840683,-0.19594719698224947,1,-0.02570938086009611
0,sketch,25,0.05,0.014497330948336051,-0.009968857975173329,-0.011212049911760058,-0.0012431919365867294,-0.0036243327370840683,-0.19594719698224947,2,-0.03692143077185617
0,sketch,25,0.05,0.014497330948336051,-0.009968857975173329,-0.011212049911760058,-0.0012431919365867294,-0.0036243327370840683,-0.19594719698224947,5,-0.07055758050713634
0,sketch,25,0.05,0.014497330948336051,-0.009968857975173329,-0.011212049911760058,-0.0012431919365867294,-0.0036243327370840683,-0.19594719698224947,10,-0.12661783006593663
0,sketch,25,0.1,0.06449733094833598,-0.021697383253735603,-0.029881456248018412,-0.00818407299428281,-0.00906001520802524,-0.6476089771762893,1,-0.0943787871963544
0,sketch,25,0.1,0.06449733094833598,-0.021697383253735603,-0.029881456248018412,-0.00818407299428281,-0.00906001520802524,-0.6476089771762893,2,-0.12426024344437281
0,sketch,25,0.1,0.06449733094833598,-0.021697383253735603,-0.029881456248018412,-0.00818407299428281,-0.00906001520802524,-0.6476089771762893,5,-0.21390461218842804
0,sketch,25,0.1,0.06449733094833598,-0.021697383253735603,-0.029881456248018412,-0.00818407299428281,-0.00906001520802524,-0.6476089771762893,10,-0.3633118934285201
0,sketch,25,0.15,0.11449733094833603,-0.021697383253735603,-0.04142606654941783,-0.019728683295682226,-0.00906001520802524,-1.5611386187631804,1,-0.15592339749775386
0,sketch,25,0.15,0.11449733094833603,-0.021697383253735603,-0.04142606654941783,-0.019728683295682226,-0.00906001520802524,-1.5611386187631804,2,-0.19734946404717169
0,sketch,25,0.15,0.11449733094833603,-0.021697383253735603,-0.04142606654941783,-0.019728683295682226,-0.00906001520802524,-1.5611386187631804,5,-0.32162766369542517
0,sketch,25,0.15,0.11449733094833603,-0.021697383253735603,-0.04142606654941783,-0.019728683295682226,-0.00906001520802524,-1.5611386187631804,10,-0.5287579964425143
0,photo,50,0.0,-0.05593852916274655,-0.0038241553256957994,-0.0064547990993089055,-0.002630643773613106,0.0,-0.6879019154731808,1,-0.0064547990993089055
0,photo,50,0.0,-0.05593852916274655,-0.0038241553256957994,-0.0064547990993089055,-0.002630643773613106,0.0,-0.6879019154731808,2,-0.012909598198617811
0,photo,50,0.0,-0.05593852916274655,-0.0038241553256957994,-0.0064547990993089055,-0.002630643773613106,0.0,-0.6879019154731808,5,-0.03227399549654453
0,photo,50,0.0,-0.05593852916274655,-0.0038241553256957994,-0.0064547990993089055,-0.002630643773613106,0.0,-0.6879019154731808,10,-0.06454799099308905
0,photo,50,0.02,-0.035938529162746535,-0.008824155325695804,-0.01145479909930891,-0.002630643773613106,0.0,-0.29811848007170866,1,-0.01145479909930891
0,photo,50,0.02,-0.035938529162746535,-0.008824155325695804,-0.01145479909930891,-0.002630643773613106,0.0,-0.29811848007170866,2,-0.02290959819861782
0,photo,50,0.02,-0.035938529162746535,-0.008824155325695804,-0.01145479909930891,-0.002630643773613106,0.0,-0.29811848007170866,5,-0.05727399549654455
0,photo,50,0.02,-0.035938529162746535,-0.008824155325695804,-0.01145479909930891,-0.002630643773613106,0.0,-0.29811848007170866,10,-0.1145479909930891
0,photo,50,0.05,-0.005938529162746509,-0.019261397352378418,-0.02049540851059317,-0.001234011158214754,0.0,-0.06406654385655862,1,-0.02049540851059317
0,photo,50,0.05,-0.005938529162746509,-0.019261397352378418,-0.02049540851059317,-0.001234011158214754,0.0,-0.06406654385655862,2,-0.04099081702118634
0,photo,50,0.05,-0.005938529162746509,-0.019261397352378418,-0.02049540851059317,-0.001234011158214754,0.0,-0.06406654385655862,5,-0.10247704255296586
0,photo,50,0.05,-0.005938529162746509,-0.019261397352378418,-0.02049540851059317,-0.001234011158214754,0.0,-0.06406654385655862,10,-0.20495408510593172
0,photo,50,0.1,0.044061470837253425,-0.027084081867026044,-0.0315107762199065,-0.004426694352880456,0.0013549635649587888,-0.15565551816664847,1,-0.07557224705715992
0,photo,50,0.1,0.044061470837253425,-0.027084081867026044,-0.0315107762199065,-0.004426694352880456,0.0013549635649587888,-0.15565551816664847,2,-0.10708302327706642
0,photo,50,0.1,0.044061470837253425,-0.027084081867026044,-0.0315107762199065,-0.004426694352880456,0.0013549635649587888,-0.15565551816664847,5,-0.20161535193678592
0,photo,50,0.1,0.044061470837253425,-0.027084081867026044,-0.0315107762199065,-0.004426694352880456,0.0013549635649587888,-0.15565551816664847,10,-0.3591692330363184
0,photo,50,0.15,0.09406147083725347,-0.027084081867026044,-0.04164448652985153,-0.014560404662825488,0.0013549635649587888,-0.5119864060714812,1,-0.135705957367105
0,photo,50,0.15,0.09406147083725347,-0.027084081867026044,-0.04164448652985153,-0.014560404662825488,0.0013549635649587888,-0.5119864060714812,2,-0.17735044389695653
0,photo,50,0.15,0.09406147083725347,-0.027084081867026044,-0.04164448652985153,-0.014560404662825488,0.0013549635649587888,-0.5119864060714812,5,-0.30228390348651113
0,photo,50,0.15,0.09406147083725347,-0.027084081867026044,-0.04164448652985153,-0.014560404662825488,0.0013549635649587888,-0.5119864060714812,10,-0.5105063361357688
0,art_painting,50,0.0,0.05882225107901251,-0.005570325121186603,-0.010682341124236161,-0.005112016003049558,-0.004540736168780146,-4.96510378350627,1,-0.06950459220324867
0,art_painting,50,0.0,0.05882225107901251,-0.005570325121186603,-0.010682341124236161,-0.005112016003049558,-0.004540736168780146,-4.96510378350627,2,-0.08018693332748483
0,art_painting,50,0.0,0.05882225107901251,-0.005570325121186603,-0.010682341124236161,-0.005112016003049558,-0.004540736168780146,-4.96510378350627,5,-0.11223395670019332
0,art_painting,50,0.0,0.05882225107901251,-0.005570325121186603,-0.010682341124236161,-0.005112016003049558,-0.004540736168780146,-4.96510378350627,10,-0.16564566232137412
0,art_painting,50,0.02,0.07882225107901253,-0.010570325121186608,-0.015682341124236165,-0.005112016003049558,-0.004540736168780146,-0.8478216414751303,1,-0.0945045922032487
0,art_painting,50,0.02,0.07882225107901253,-0.010570325121186608,-0.015682341124236165,-0.005112016003049558,-0.004540736168780146,-0.8478216414751303,2,-0.11018693332748486
0,art_painting,50,0.02,0.07882225107901253,-0.010570325121186608,-0.015682341124236165,-0.005112016003049558,-0.004540736168780146,-0.8478216414751303,5,-0.15723395670019336
0,art_painting,50,0.02,0.07882225107901253,-0.010570325121186608,-0.015682341124236165,-0.005112016003049558,-0.004540736168780146,-0.8478216414751303,10,-0.23564566232137418
0,art_painting,50,0.05,0.10882225107901256,-0.02169465785827074,-0.021648258655543984,4.6399202726754574e-05,-0.004540736168780146,0.0027048743469069935,1,-0.13047050973455654
0,art_painting,50,0.05,0.10882225107901256,-0.02169465785827074,-0.021648258655543984,4.6399202726754574e-05,-0.004540736168780146,0.0027048743469069935,2,-0.15211876839010052
0,art_painting,50,0.05,0.10882225107901256,-0.02169465785827074,-0.021648258655543984,4.6399202726754574e-05,-0.004540736168780146,0.0027048743469069935,5,-0.21706354435673247
0,art_painting,50,0.05,0.10882225107901256,-0.02169465785827074,-0.021648258655543984,4.6399202726754574e-05,-0.004540736168780146,0.0027048743469069935,10,-0.3253048376344524
0,art_painting,50,0.1,0.1588222510790125,-0.03773564202097035,-0.036540372341952954,0.0011952696790173967,-0.004540736168780146,0.036007623710086006,1,-0.19536262342096544
0,art_painting,50,0.1,0.1588222510790125,-0.03773564202097035,-0.036540372341952954,0.0011952696790173967,-0.004540736168780146,0.036007623710086006,2,-0.2319029957629184
0,art_painting,50,0.1,0.1588222510790125,-0.03773564202097035,-0.036540372341952954,0.0011952696790173967,-0.004540736168780146,0.036007623710086006,5,-0.34152411278877726
0,art_painting,50,0.1,0.1588222510790125,-0.03773564202097035,-0.036540372341952954,0.0011952696790173967,-0.004540736168780146,0.036007623710086006,10,-0.524225974498542
0,art_painting,50,0.15,0.20882225107901253,-0.050235642020970306,-0.04303538186113398,0.007200260159836325,-0.004540736168780146,0.15757249140915378,1,-0.2518576329401465
0,art_painting,50,0.15,0.20882225107901253,-0.050235642020970306,-0.04303538186113398,0.007200260159836325,-0.004540736168780146,0.15757249140915378,2,-0.2948930148012805
0,art_painting,50,0.15,0.20882225107901253,-0.050235642020970306,-0.04303538186113398,0.007200260159836325,-0.004540736168780146,0.15757249140915378,5,-0.42399916038468244
0,art_painting,50,0.15,0.20882225107901253,-0.050235642020970306,-0.04303538186113398,0.007200260159836325,-0.004540736168780146,0.15757249140915378,10,-0.6391760696903523
0,cartoon,50,0.0,0.004118355809625829,-0.004450808669047457,-0.007755759389159289,-0.0033049507201118322,0.0003129664403678234,-0.6937671582312566,1,-0.011874115198785118
0,cartoon,50,0.0,0.004118355809625829,-0.004450808669047457,-0.007755759389159289,-0.0033049507201118322,0.0003129664403678234,-0.6937671582312566,2,-0.019629874587944407
0,cartoon,50,0.0,0.004118355809625829,-0.004450808669047457,-0.007755759389159289,-0.0033049507201118322,0.0003129664403678234,-0.6937671582312566,5,-0.042897152755422274
0,cartoon,50,0.0,0.004118355809625829,-0.004450808669047457,-0.007755759389159289,-0.0033049507201118322,0.0003129664403678234,-0.6937671582312566,10,-0.08167594970121872
0,cartoon,50,0.02,0.024118355809625847,-0.004450808669047457,-0.012755759389159294,-0.008304950720111837,0.0003129664403678234,-1.7433549085257323,1,-0.03687411519878514
0,cartoon,50,0.02,0.024118355809625847,-0.004450808669047457,-0.012755759389159294,-0.008304950720111837,0.0003129664403678234,-1.7433549085257323,2,-0.049629874587944434
0,cartoon,50,0.02,0.024118355809625847,-0.004450808669047457,-0.012755759389159294,-0.008304950720111837,0.0003129664403678234,-1.7433549085257323,5,-0.08789715275542231
0,cartoon,50,0.02,0.024118355809625847,-0.004450808669047457,-0.012755759389159294,-0.008304950720111837,0.0003129664403678234,-1.7433549085257323,10,-0.15167594970121878
0,cartoon,50,0.05,0.05411835580962587,-0.007132048794405654,-0.0171640721298999,-0.010032023335494245,0.0003129664403678234,-1.3474819082488392,1,-0.07128242793952577
0,cartoon,50,0.05,0.05411835580962587,-0.007132048794405654,-0.0171640721298999,-0.010032023335494245,0.0003129664403678234,-1.3474819082488392,2,-0.08844650006942567
0,cartoon,50,0.05,0.05411835580962587,-0.007132048794405654,-0.0171640721298999,-0.010032023335494245,0.0003129664403678234,-1.3474819082488392,5,-0.13993871645912537
0,cartoon,50,0.05,0.05411835580962587,-0.007132048794405654,-0.0171640721298999,-0.010032023335494245,0.0003129664403678234,-1.3474819082488392,10,-0.22575907710862486
0,cartoon,50,0.1,0.1041183558096258,-0.008328105637610106,-0.028179439839213227,-0.01985133420160312,0.0003129664403678234,-2.2973230662194024,1,-0.13229779564883903
0,cartoon,50,0.1,0.1041183558096258,-0.008328105637610106,-0.028179439839213227,-0.01985133420160312,0.0003129664403678234,-2.2973230662194024,2,-0.16047723548805226
0,cartoon,50,0.1,0.1041183558096258,-0.008328105637610106,-0.028179439839213227,-0.01985133420160312,0.0003129664403678234,-2.2973230662194024,5,-0.24501555500569194
0,cartoon,50,0.1,0.1041183558096258,-0.008328105637610106,-0.028179439839213227,-0.01985133420160312,0.0003129664403678234,-2.2973230662194024,10,-0.3859127542017581
0,cartoon,50,0.15,0.15411835580962585,-0.008328105637610106,-0.040679439839213294,-0.03235133420160319,0.0003129664403678234,-3.743902829378276,1,-0.19479779564883914
0,cartoon,50,0.15,0.15411835580962585,-0.008328105637610106,-0.040679439839213294,-0.03235133420160319,0.0003129664403678234,-3.743902829378276,2,-0.23547723548805244
0,cartoon,50,0.15,0.15411835580962585,-0.008328105637610106,-0.040679439839213294,-0.03235133420160319,0.0003129664403678234,-3.743902829378276,5,-0.3575155550056923
0,cartoon,50,0.15,0.15411835580962585,-0.008328105637610106,-0.040679439839213294,-0.03235133420160319,0.0003129664403678234,-3.743902829378276,10,-0.5609127542017588
0,sketch,50,0.0,-0.03550266905166399,-0.010731949865349755,-0.01039833776117316,0.0003336121041765949,0.0,0.031085879859887186,1,-0.01039833776117316
0,sketch,50,0.0,-0.03550266905166399,-0.010731949865349755,-0.01039833776117316,0.0003336121041765949,0.0,0.031085879859887186,2,-0.02079667552234632
0,sketch,50,0.0,-0.03550266905166399,-0.010731949865349755,-0.01039833776117316,0.0003336121041765949,0.0,0.031085879859887186,5,-0.0519916888058658
0,sketch,50,0.0,-0.03550266905166399,-0.010731949865349755,-0.01039833776117316,0.0003336121041765949,0.0,0.031085879859887186,10,-0.1039833776117316
0,sketch,50,0.02,-0.015502669051663975,-0.011387099957099078,-0.011086055565670438,0.0003010443914286398,0.0,0.02643731876973287,1,-0.011086055565670438
0,sketch,50,0.02,-0.015502669051663975,-0.011387099957099078,-0.011086055565670438,0.0003010443914286398,0.0,0.02643731876973287,2,-0.022172111131340877
0,sketch,50,0.02,-0.015502669051663975,-0.011387099957099078,-0.011086055565670438,0.0003010443914286398,0.0,0.02643731876973287,5,-0.05543027782835219
0,sketch,50,0.02,-0.015502669051663975,-0.011387099957099078,-0.011086055565670438,0.0003010443914286398,0.0,0.02643731876973287,10,-0.11086055565670438
0,sketch,50,0.05,0.014497330948336051,-0.015011432694183147,-0.014710388302754618,0.0003010443914285288,-0.0036243327370840683,0.02643731876972312,1,-0.02920771925109067
0,sketch,50,0.05,0.014497330948336051,-0.015011432694183147,-0.014710388302754618,0.0003010443914285288,-0.0036243327370840683,0.02643731876972312,2,-0.04391810755384529
0,sketch,50,0.05,0.014497330948336051,-0.015011432694183147,-0.014710388302754618,0.0003010443914285288,-0.0036243327370840683,0.02643731876972312,5,-0.08804927246210914
0,sketch,50,0.05,0.014497330948336051,-0.015011432694183147,-0.014710388302754618,0.0003010443914285288,-0.0036243327370840683,0.02643731876972312,10,-0.16160121397588223
0,sketch,50,0.1,0.06449733094833598,-0.03732817919256004,-0.03587506106841254,0.001453118124147501,-0.016124332737084024,0.06853087373551627,1,-0.10037239201674852
0,sketch,50,0.1,0.06449733094833598,-0.03732817919256004,-0.03587506106841254,0.001453118124147501,-0.016124332737084024,0.06853087373551627,2,-0.13624745308516106
0,sketch,50,0.1,0.06449733094833598,-0.03732817919256004,-0.03587506106841254,0.001453118124147501,-0.016124332737084024,0.06853087373551627,5,-0.24387263629039868
0,sketch,50,0.1,0.06449733094833598,-0.03732817919256004,-0.03587506106841254,0.001453118124147501,-0.016124332737084024,0.06853087373551627,10,-0.4232479416324614
0,sketch,50,0.15,0.11449733094833603,-0.049828179192559996,-0.048375061068412495,0.001453118124147501,-0.02862433273708398,0.06853087373551627,1,-0.16287239201674852
0,sketch,50,0.15,0.11449733094833603,-0.049828179192559996,-0.048375061068412495,0.001453118124147501,-0.02862433273708398,0.06853087373551627,2,-0.21124745308516102
0,sketch,50,0.15,0.11449733094833603,-0.049828179192559996,-0.048375061068412495,0.001453118124147501,-0.02862433273708398,0.06853087373551627,5,-0.3563726362903985
0,sketch,50,0.15,0.11449733094833603,-0.049828179192559996,-0.048375061068412495,0.001453118124147501,-0.02862433273708398,0.06853087373551627,10,-0.598247941632461
0,photo,100,0.0,-0.05593852916274655,-0.008851783030351834,-0.008914061149245422,-6.227811889358836e-05,0.0,-0.007035658090583923,1,-0.008914061149245422
0,photo,100,0.0,-0.05593852916274655,-0.008851783030351834,-0.008914061149245422,-6.227811889358836e-05,0.0,-0.007035658090583923,2,-0.017828122298490845
0,photo,100,0.0,-0.05593852916274655,-0.008851783030351834,-0.008914061149245422,-6.227811889358836e-05,0.0,-0.007035658090583923,5,-0.04457030574622711
0,photo,100,0.0,-0.05593852916274655,-0.008851783030351834,-0.008914061149245422,-6.227811889358836e-05,0.0,-0.007035658090583923,10,-0.08914061149245422
0,photo,100,0.02,-0.035938529162746535,-0.013851783030351839,-0.013914061149245427,-6.227811889358836e-05,0.0,-0.0044960362689139294,1,-0.013914061149245427
0,photo,100,0.02,-0.035938529162746535,-0.013851783030351839,-0.013914061149245427,-6.227811889358836e-05,0.0,-0.0044960362689139294,2,-0.027828122298490854
0,photo,100,0.02,-0.035938529162746535,-0.013851783030351839,-0.013914061149245427,-6.227811889358836e-05,0.0,-0.0044960362689139294,5,-0.06957030574622713
0,photo,100,0.02,-0.035938529162746535,-0.013851783030351839,-0.013914061149245427,-6.227811889358836e-05,0.0,-0.0044960362689139294,10,-0.13914061149245427
0,photo,100,0.05,-0.005938529162746509,-0.01916788261525315,-0.020186129751851967,-0.0010182471365988155,0.0010578752573825456,-0.0503440782298915,1,-0.020186129751851967
0,photo,100,0.05,-0.005938529162746509,-0.01916788261525315,-0.020186129751851967,-0.0010182471365988155,0.0010578752573825456,-0.0503440782298915,2,-0.04037225950370393
0,photo,100,0.05,-0.005938529162746509,-0.01916788261525315,-0.020186129751851967,-0.0010182471365988155,0.0010578752573825456,-0.0503440782298915,5,-0.10093064875925983
0,photo,100,0.05,-0.005938529162746509,-0.01916788261525315,-0.020186129751851967,-0.0010182471365988155,0.0010578752573825456,-0.0503440782298915,10,-0.20186129751851967
0,photo,100,0.1,0.044061470837253425,-0.01777397841004469,-0.026609607539026525,-0.008835629128981837,0.002542507548069173,-0.4348994775571965,1,-0.07067107837627995
0,photo,100,0.1,0.044061470837253425,-0.01777397841004469,-0.026609607539026525,-0.008835629128981837,0.002542507548069173,-0.4348994775571965,2,-0.09728068591530648
0,photo,100,0.1,0.044061470837253425,-0.01777397841004469,-0.026609607539026525,-0.008835629128981837,0.002542507548069173,-0.4348994775571965,5,-0.17710950853238605
0,photo,100,0.1,0.044061470837253425,-0.01777397841004469,-0.026609607539026525,-0.008835629128981837,0.002542507548069173,-0.4348994775571965,10,-0.3101575462275187
0,photo,100,0.15,0.09406147083725347,-0.01777397841004469,-0.026609607539026525,-0.008835629128981837,0.002542507548069173,-0.4348994775571965,1,-0.12067107837628
0,photo,100,0.15,0.09406147083725347,-0.01777397841004469,-0.026609607539026525,-0.008835629128981837,0.002542507548069173,-0.4348994775571965,2,-0.14728068591530652
0,photo,100,0.15,0.09406147083725347,-0.01777397841004469,-0.026609607539026525,-0.008835629128981837,0.002542507548069173,-0.4348994775571965,5,-0.2271095085323861
0,photo,100,0.15,0.09406147083725347,-0.01777397841004469,-0.026609607539026525,-0.008835629128981837,0.002542507548069173,-0.4348994775571965,10,-0.3601575462275187
0,art_painting,100,0.0,0.05882225107901251,-0.01242470342658053,-0.015735151722159557,-0.003310448295579027,-0.011395114474174073,-3.215310622595085,1,-0.07455740280117207
0,art_painting,100,0.0,0.05882225107901251,-0.01242470342658053,-0.015735151722159557,-0.003310448295579027,-0.011395114474174073,-3.215310622595085,2,-0.09029255452333163
0,art_painting,100,0.0,0.05882225107901251,-0.01242470342658053,-0.015735151722159557,-0.003310448295579027,-0.011395114474174073,-3.215310622595085,5,-0.1374980096898103
0,art_painting,100,0.0,0.05882225107901251,-0.01242470342658053,-0.015735151722159557,-0.003310448295579027,-0.011395114474174073,-3.215310622595085,10,-0.21617376830060808
0,art_painting,100,0.02,0.07882225107901253,-0.017424703426580535,-0.02074802149431554,-0.003323318067735004,-0.011395114474174073,-0.5511682627069692,1,-0.09957027257332807
0,art_painting,100,0.02,0.07882225107901253,-0.017424703426580535,-0.02074802149431554,-0.003323318067735004,-0.011395114474174073,-0.5511682627069692,2,-0.1203182940676436
0,art_painting,100,0.02,0.07882225107901253,-0.017424703426580535,-0.02074802149431554,-0.003323318067735004,-0.011395114474174073,-0.5511682627069692,5,-0.18256235855059022
0,art_painting,100,0.02,0.07882225107901253,-0.017424703426580535,-0.02074802149431554,-0.003323318067735004,-0.011395114474174073,-0.5511682627069692,10,-0.2863024660221679
0,art_painting,100,0.05,0.10882225107901256,-0.028456741831389243,-0.02903675591992949,-0.0005800140885402483,-0.011395114474174073,-0.03399523834371912,1,-0.13785900699894205
0,art_painting,100,0.05,0.10882225107901256,-0.028456741831389243,-0.02903675591992949,-0.0005800140885402483,-0.011395114474174073,-0.03399523834371912,2,-0.16689576291887154
0,art_painting,100,0.05,0.10882225107901256,-0.028456741831389243,-0.02903675591992949,-0.0005800140885402483,-0.011395114474174073,-0.03399523834371912,5,-0.25400603067866
0,art_painting,100,0.05,0.10882225107901256,-0.028456741831389243,-0.02903675591992949,-0.0005800140885402483,-0.011395114474174073,-0.03399523834371912,10,-0.39918981027830747
0,art_painting,100,0.1,0.1588222510790125,-0.04226485153235637,-0.046280415836003175,-0.004015564303646801,-0.011395114474174073,-0.13008093642256793,1,-0.20510266691501566
0,art_painting,100,0.1,0.1588222510790125,-0.04226485153235637,-0.046280415836003175,-0.004015564303646801,-0.011395114474174073,-0.13008093642256793,2,-0.25138308275101884
0,art_painting,100,0.1,0.1588222510790125,-0.04226485153235637,-0.046280415836003175,-0.004015564303646801,-0.011395114474174073,-0.13008093642256793,5,-0.39022433025902836
0,art_painting,100,0.1,0.1588222510790125,-0.04226485153235637,-0.046280415836003175,-0.004015564303646801,-0.011395114474174073,-0.13008093642256793,10,-0.6216264094390442
0,art_painting,100,0.15,0.20882225107901253,-0.04226485153235637,-0.0585656352331555,-0.016300783700799126,-0.011395114474174073,-0.5280506170193782,1,-0.26738788631216803
0,art_painting,100,0.15,0.20882225107901253,-0.04226485153235637,-0.0585656352331555,-0.016300783700799126,-0.011395114474174073,-0.5280506170193782,2,-0.32595352154532353
0,art_painting,100,0.15,0.20882225107901253,-0.04226485153235637,-0.0585656352331555,-0.016300783700799126,-0.011395114474174073,-0.5280506170193782,5,-0.50165042724479
0,art_painting,100,0.15,0.20882225107901253,-0.04226485153235637,-0.0585656352331555,-0.016300783700799126,-0.011395114474174073,-0.5280506170193782,10,-0.7944786034105675
0,cartoon,100,0.0,0.004118355809625829,-0.01055190665141581,-0.004285774904137174,0.006266131747278636,-0.0010295889524064572,0.658046910987913,1,-0.008404130713763003
0,cartoon,100,0.0,0.004118355809625829,-0.01055190665141581,-0.004285774904137174,0.006266131747278636,-0.0010295889524064572,0.658046910987913,2,-0.012689905617900177
0,cartoon,100,0.0,0.004118355809625829,-0.01055190665141581,-0.004285774904137174,0.006266131747278636,-0.0010295889524064572,0.658046910987913,5,-0.0255472303303117
0,cartoon,100,0.0,0.004118355809625829,-0.01055190665141581,-0.004285774904137174,0.006266131747278636,-0.0010295889524064572,0.658046910987913,10,-0.04697610485099757
0,cartoon,100,0.02,0.024118355809625847,-0.011854732793437739,-0.008081244178325231,0.003773488615112508,-0.002332415094428386,0.3962783782676228,1,-0.03219959998795108
0,cartoon,100,0.02,0.024118355809625847,-0.011854732793437739,-0.008081244178325231,0.003773488615112508,-0.002332415094428386,0.3962783782676228,2,-0.04028084416627631
0,cartoon,100,0.02,0.024118355809625847,-0.011854732793437739,-0.008081244178325231,0.003773488615112508,-0.002332415094428386,0.3962783782676228,5,-0.064524576701252
0,cartoon,100,0.02,0.024118355809625847,-0.011854732793437739,-0.008081244178325231,0.003773488615112508,-0.002332415094428386,0.3962783782676228,10,-0.10493079759287816
0,cartoon,100,0.05,0.05411835580962587,-0.007979065530521856,-0.01170557691540941,-0.003726511384887554,0.0015432521684877187,-0.39134499632113223,1,-0.06582393272503528
0,cartoon,100,0.05,0.05411835580962587,-0.007979065530521856,-0.01170557691540941,-0.003726511384887554,0.0015432521684877187,-0.39134499632113223,2,-0.0775295096404447
0,cartoon,100,0.05,0.05411835580962587,-0.007979065530521856,-0.01170557691540941,-0.003726511384887554,0.0015432521684877187,-0.39134499632113223,5,-0.11264624038667292
0,cartoon,100,0.05,0.05411835580962587,-0.007979065530521856,-0.01170557691540941,-0.003726511384887554,0.0015432521684877187,-0.39134499632113223,10,-0.17117412496371998
0,cartoon,100,0.1,0.1041183558096258,-0.007899612169644743,-0.02649469550438488,-0.018595083334740137,0.0016227055293648318,-1.9527896382489138,1,-0.1306130513140107
0,cartoon,100,0.1,0.1041183558096258,-0.007899612169644743,-0.02649469550438488,-0.018595083334740137,0.0016227055293648318,-1.9527896382489138,2,-0.15710774681839557
0,cartoon,100,0.1,0.1041183558096258,-0.007899612169644743,-0.02649469550438488,-0.018595083334740137,0.0016227055293648318,-1.9527896382489138,5,-0.2365918333315502
0,cartoon,100,0.1,0.1041183558096258,-0.007899612169644743,-0.02649469550438488,-0.018595083334740137,0.0016227055293648318,-1.9527896382489138,10,-0.3690653108534746
0,cartoon,100,0.15,0.15411835580962585,-0.007899612169644743,-0.03341196825286641,-0.025512356083221666,0.0016227055293648318,-2.67921706559688,1,-0.18753032406249226
0,cartoon,100,0.15,0.15411835580962585,-0.007899612169644743,-0.03341196825286641,-0.025512356083221666,0.0016227055293648318,-2.67921706559688,2,-0.22094229231535867
0,cartoon,100,0.15,0.15411835580962585,-0.007899612169644743,-0.03341196825286641,-0.025512356083221666,0.0016227055293648318,-2.67921706559688,5,-0.3211781970739579
0,cartoon,100,0.15,0.15411835580962585,-0.007899612169644743,-0.03341196825286641,-0.025512356083221666,0.0016227055293648318,-2.67921706559688,10,-0.48823803833828994
0,sketch,100,0.0,-0.03550266905166399,-0.01005074258275096,-0.015735151722159557,-0.005684409139408597,0.0,-0.5655710603079374,1,-0.015735151722159557
0,sketch,100,0.0,-0.03550266905166399,-0.01005074258275096,-0.015735151722159557,-0.005684409139408597,0.0,-0.5655710603079374,2,-0.031470303444319114
0,sketch,100,0.0,-0.03550266905166399,-0.01005074258275096,-0.015735151722159557,-0.005684409139408597,0.0,-0.5655710603079374,5,-0.07867575861079779
0,sketch,100,0.0,-0.03550266905166399,-0.01005074258275096,-0.015735151722159557,-0.005684409139408597,0.0,-0.5655710603079374,10,-0.15735151722159557
0,sketch,100,0.02,-0.015502669051663975,-0.010126331246660514,-0.019590902926690745,-0.009464571680030232,0.0,-0.9346496227991239,1,-0.019590902926690745
0,sketch,100,0.02,-0.015502669051663975,-0.010126331246660514,-0.019590902926690745,-0.009464571680030232,0.0,-0.9346496227991239,2,-0.03918180585338149
0,sketch,100,0.02,-0.015502669051663975,-0.010126331246660514,-0.019590902926690745,-0.009464571680030232,0.0,-0.9346496227991239,5,-0.09795451463345373
0,sketch,100,0.02,-0.015502669051663975,-0.010126331246660514,-0.019590902926690745,-0.009464571680030232,0.0,-0.9346496227991239,10,-0.19590902926690745
0,sketch,100,0.05,0.014497330948336051,-0.013750663983744582,-0.023215235663774925,-0.009464571680030343,-0.0036243327370840683,-0.9346496227991349,1,-0.037712566612110976
0,sketch,100,0.05,0.014497330948336051,-0.013750663983744582,-0.023215235663774925,-0.009464571680030343,-0.0036243327370840683,-0.9346496227991349,2,-0.0609278022758859
0,sketch,100,0.05,0.014497330948336051,-0.013750663983744582,-0.023215235663774925,-0.009464571680030343,-0.0036243327370840683,-0.9346496227991349,5,-0.13057350926721067
0,sketch,100,0.05,0.014497330948336051,-0.013750663983744582,-0.023215235663774925,-0.009464571680030343,-0.0036243327370840683,-0.9346496227991349,10,-0.2466496875860853
0,sketch,100,0.1,0.06449733094833598,-0.0346684638066771,-0.04673060337308821,-0.012062139566411112,-0.016124332737084024,-0.6504559054907392,1,-0.1112279343214242
0,sketch,100,0.1,0.06449733094833598,-0.0346684638066771,-0.04673060337308821,-0.012062139566411112,-0.016124332737084024,-0.6504559054907392,2,-0.1579585376945124
0,sketch,100,0.1,0.06449733094833598,-0.0346684638066771,-0.04673060337308821,-0.012062139566411112,-0.016124332737084024,-0.6504559054907392,5,-0.29815034781377703
0,sketch,100,0.1,0.06449733094833598,-0.0346684638066771,-0.04673060337308821,-0.012062139566411112,-0.016124332737084024,-0.6504559054907392,10,-0.5318033646792181
0,sketch,100,0.15,0.11449733094833603,-0.04716846380667705,-0.06165036809024682,-0.014481904283569769,-0.02862433273708398,-0.7809427267970424,1,-0.17614769903858285
0,sketch,100,0.15,0.11449733094833603,-0.04716846380667705,-0.06165036809024682,-0.014481904283569769,-0.02862433273708398,-0.7809427267970424,2,-0.23779806712882967
0,sketch,100,0.15,0.11449733094833603,-0.04716846380667705,-0.06165036809024682,-0.014481904283569769,-0.02862433273708398,-0.7809427267970424,5,-0.42274917139957013
0,sketch,100,0.15,0.11449733094833603,-0.04716846380667705,-0.06165036809024682,-0.014481904283569769,-0.02862433273708398,-0.7809427267970424,10,-0.7310010118508042
1,photo,25,0.0,-0.04228580625370704,-0.008491052336829119,-0.012378512161475674,-0.0038874598246465553,0.0,-0.4578301570213004,1,-0.012378512161475674
1,photo,25,0.0,-0.04228580625370704,-0.008491052336829119,-0.012378512161475674,-0.0038874598246465553,0.0,-0.4578301570213004,2,-0.02475702432295135
1,photo,25,0.0,-0.04228580625370704,-0.008491052336829119,-0.012378512161475674,-0.0038874598246465553,0.0,-0.4578301570213004,5,-0.06189256080737837
1,photo,25,0.0,-0.04228580625370704,-0.008491052336829119,-0.012378512161475674,-0.0038874598246465553,0.0,-0.4578301570213004,10,-0.12378512161475674
1,photo,25,0.02,-0.02228580625370702,-0.008491052336829119,-0.012378512161475674,-0.0038874598246465553,0.0,-0.4578301570213004,1,-0.012378512161475674
1,photo,25,0.02,-0.02228580625370702,-0.008491052336829119,-0.012378512161475674,-0.0038874598246465553,0.0,-0.4578301570213004,2,-0.02475702432295135
1,photo,25,0.02,-0.02228580625370702,-0.008491052336829119,-0.012378512161475674,-0.0038874598246465553,0.0,-0.4578301570213004,5,-0.06189256080737837
1,photo,25,0.02,-0.02228580625370702,-0.008491052336829119,-0.012378512161475674,-0.0038874598246465553,0.0,-0.4578301570213004,10,-0.12378512161475674
1,photo,25,0.05,0.007714193746293008,-0.00015553002124935045,-0.007022332397889741,-0.006866802376640391,0.00833552231557988,-0.8087104052881889,1,-0.014736526144182749
1,photo,25,0.05,0.007714193746293008,-0.00015553002124935045,-0.007022332397889741,-0.006866802376640391,0.00833552231557988,-0.8087104052881889,2,-0.02175885854207249
1,photo,25,0.05,0.007714193746293008,-0.00015553002124935045,-0.007022332397889741,-0.006866802376640391,0.00833552231557988,-0.8087104052881889,5,-0.042825855735741714
1,photo,25,0.05,0.007714193746293008,-0.00015553002124935045,-0.007022332397889741,-0.006866802376640391,0.00833552231557988,-0.8087104052881889,10,-0.07793751772519042
1,photo,25,0.1,0.05771419374629294,-0.00491633206443165,-0.013311412425919267,-0.008395080361487617,0.00833552231557988,-0.6335023099974868,1,-0.07102560617221221
1,photo,25,0.1,0.05771419374629294,-0.00491633206443165,-0.013311412425919267,-0.008395080361487617,0.00833552231557988,-0.6335023099974868,2,-0.08433701859813147
1,photo,25,0.1,0.05771419374629294,-0.00491633206443165,-0.013311412425919267,-0.008395080361487617,0.00833552231557988,-0.6335023099974868,5,-0.12427125587588927
1,photo,25,0.1,0.05771419374629294,-0.00491633206443165,-0.013311412425919267,-0.008395080361487617,0.00833552231557988,-0.6335023099974868,10,-0.1908283180054856
1,photo,25,0.15,0.10771419374629299,-0.00491633206443165,-0.01870899502985801,-0.013792662965426361,0.00833552231557988,-1.0408100308007129,1,-0.126423188776151
1,photo,25,0.15,0.10771419374629299,-0.00491633206443165,-0.01870899502985801,-0.013792662965426361,0.00833552231557988,-1.0408100308007129,2,-0.145132183806009
1,photo,25,0.15,0.10771419374629299,-0.00491633206443165,-0.01870899502985801,-0.013792662965426361,0.00833552231557988,-1.0408100308007129,5,-0.20125916889558304
1,photo,25,0.15,0.10771419374629299,-0.00491633206443165,-0.01870899502985801,-0.013792662965426361,0.00833552231557988,-1.0408100308007129,10,-0.2948041440448731
1,art_painting,25,0.0,-0.04247415074482741,-0.0054345861045260735,-0.010617140192761942,-0.005182554088235869,0.0,-0.953624432211994,1,-0.010617140192761942
1,art_painting,25,0.0,-0.04247415074482741,-0.0054345861045260735,-0.010617140192761942,-0.005182554088235869,0.0,-0.953624432211994,2,-0.021234280385523885
1,art_painting,25,0.0,-0.04247415074482741,-0.0054345861045260735,-0.010617140192761942,-0.005182554088235869,0.0,-0.953624432211994,5,-0.05308570096380971
1,art_painting,25,0.0,-0.04247415074482741,-0.0054345861045260735,-0.010617140192761942,-0.005182554088235869,0.0,-0.953624432211994,10,-0.10617140192761942
1,art_painting,25,0.02,-0.022474150744827393,-0.0054345861045260735,-0.010617140192761942,-0.005182554088235869,0.0,-0.953624432211994,1,-0.010617140192761942
1,art_painting,25,0.02,-0.022474150744827393,-0.0054345861045260735,-0.010617140192761942,-0.005182554088235869,0.0,-0.953624432211994,2,-0.021234280385523885
1,art_painting,25,0.02,-0.022474150744827393,-0.0054345861045260735,-0.010617140192761942,-0.005182554088235869,0.0,-0.953624432211994,5,-0.05308570096380971
1,art_painting,25,0.02,-0.022474150744827393,-0.0054345861045260735,-0.010617140192761942,-0.005182554088235869,0.0,-0.953624432211994,10,-0.10617140192761942
1,art_painting,25,0.05,0.007525849255172634,-0.0003531250205072167,-0.006490419061002561,-0.006137294040495345,0.005081461084018857,-1.1293029353944795,1,-0.014016268316175196
1,art_painting,25,0.05,0.007525849255172634,-0.0003531250205072167,-0.006490419061002561,-0.006137294040495345,0.005081461084018857,-1.1293029353944795,2,-0.020506687377177757
1,art_painting,25,0.05,0.007525849255172634,-0.0003531250205072167,-0.006490419061002561,-0.006137294040495345,0.005081461084018857,-1.1293029353944795,5,-0.03997794456018544
1,art_painting,25,0.05,0.007525849255172634,-0.0003531250205072167,-0.006490419061002561,-0.006137294040495345,0.005081461084018857,-1.1293029353944795,10,-0.07243003986519825
1,art_painting,25,0.1,0.05752584925517257,0.003931806807276783,-0.012779499089031976,-0.01671130589630876,0.009366392911802857,-3.0749914666714218,1,-0.07030534834420454
1,art_painting,25,0.1,0.05752584925517257,0.003931806807276783,-0.012779499089031976,-0.01671130589630876,0.009366392911802857,-3.0749914666714218,2,-0.08308484743323652
1,art_painting,25,0.1,0.05752584925517257,0.003931806807276783,-0.012779499089031976,-0.01671130589630876,0.009366392911802857,-3.0749914666714218,5,-0.12142334470033245
1,art_painting,25,0.1,0.05752584925517257,0.003931806807276783,-0.012779499089031976,-0.01671130589630876,0.009366392911802857,-3.0749914666714218,10,-0.18532084014549233
1,art_painting,25,0.15,0.10752584925517261,0.003931806807276783,-0.015008853957856783,-0.018940660765133566,0.009366392911802857,-3.485207594624227,1,-0.1225347032130294
1,art_painting,25,0.15,0.10752584925517261,0.003931806807276783,-0.015008853957856783,-0.018940660765133566,0.009366392911802857,-3.485207594624227,2,-0.13754355717088618
1,art_painting,25,0.15,0.10752584925517261,0.003931806807276783,-0.015008853957856783,-0.018940660765133566,0.009366392911802857,-3.485207594624227,5,-0.18257011904445652
1,art_painting,25,0.15,0.10752584925517261,0.003931806807276783,-0.015008853957856783,-0.018940660765133566,0.009366392911802857,-3.485207594624227,10,-0.25761438883374044
1,cartoon,25,0.0,0.05001847947683291,-0.005542915769412793,-0.007073764838678276,-0.001530849069265483,-0.005542915769412793,,1,-0.05709224431551119
1,cartoon,25,0.0,0.05001847947683291,-0.005542915769412793,-0.007073764838678276,-0.001530849069265483,-0.005542915769412793,,2,-0.06416600915418946
1,cartoon,25,0.0,0.05001847947683291,-0.005542915769412793,-0.007073764838678276,-0.001530849069265483,-0.005542915769412793,,5,-0.08538730367022429
1,cartoon,25,0.0,0.05001847947683291,-0.005542915769412793,-0.007073764838678276,-0.001530849069265483,-0.005542915769412793,,10,-0.12075612786361567
1,cartoon,25,0.02,0.07001847947683293,-0.005542915769412793,-0.007073764838678276,-0.001530849069265483,-0.005542915769412793,,1,-0.0770922443155112
1,cartoon,25,0.02,0.07001847947683293,-0.005542915769412793,-0.007073764838678276,-0.001530849069265483,-0.005542915769412793,,2,-0.08416600915418948
1,cartoon,25,0.02,0.07001847947683293,-0.005542915769412793,-0.007073764838678276,-0.001530849069265483,-0.005542915769412793,,5,-0.10538730367022431
1,cartoon,25,0.02,0.07001847947683293,-0.005542915769412793,-0.007073764838678276,-0.001530849069265483,-0.005542915769412793,,10,-0.1407561278636157
1,cartoon,25,0.05,0.10001847947683296,-0.005466791334978849,-0.006928839684562704,-0.0014620483495838554,-0.0035853290211856903,-0.7770808582587363,1,-0.10694731916139566
1,cartoon,25,0.05,0.10001847947683296,-0.005466791334978849,-0.006928839684562704,-0.0014620483495838554,-0.0035853290211856903,-0.7770808582587363,2,-0.11387615884595836
1,cartoon,25,0.05,0.10001847947683296,-0.005466791334978849,-0.006928839684562704,-0.0014620483495838554,-0.0035853290211856903,-0.7770808582587363,5,-0.13466267789964648
1,cartoon,25,0.05,0.10001847947683296,-0.005466791334978849,-0.006928839684562704,-0.0014620483495838554,-0.0035853290211856903,-0.7770808582587363,10,-0.16930687632246
1,cartoon,25,0.1,0.1500184794768329,-0.005884629823516896,-0.011622854591947784,-0.0057382247684308885,-0.0029053909237866105,-1.9260707051557289,1,-0.16164133406878067
1,cartoon,25,0.1,0.1500184794768329,-0.005884629823516896,-0.011622854591947784,-0.0057382247684308885,-0.0029053909237866105,-1.9260707051557289,2,-0.17326418866072846
1,cartoon,25,0.1,0.1500184794768329,-0.005884629823516896,-0.011622854591947784,-0.0057382247684308885,-0.0029053909237866105,-1.9260707051557289,5,-0.2081327524365718
1,cartoon,25,0.1,0.1500184794768329,-0.005884629823516896,-0.011622854591947784,-0.0057382247684308885,-0.0029053909237866105,-1.9260707051557289,10,-0.26624702539631073
1,cartoon,25,0.15,0.20001847947683293,-0.005884629823516896,-0.011622854591947784,-0.0057382247684308885,-0.0029053909237866105,-1.9260707051557289,1,-0.21164133406878072
1,cartoon,25,0.15,0.20001847947683293,-0.005884629823516896,-0.011622854591947784,-0.0057382247684308885,-0.0029053909237866105,-1.9260707051557289,2,-0.2232641886607285
1,cartoon,25,0.15,0.20001847947683293,-0.005884629823516896,-0.011622854591947784,-0.0057382247684308885,-0.0029053909237866105,-1.9260707051557289,5,-0.25813275243657186
1,cartoon,25,0.15,0.20001847947683293,-0.005884629823516896,-0.011622854591947784,-0.0057382247684308885,-0.0029053909237866105,-1.9260707051557289,10,-0.3162470253963108
1,sketch,25,0.0,-0.07484367988788232,-0.003037933026599826,-0.0018166319558161614,0.0012213010707836647,0.0,0.4020171149561492,1,-0.0018166319558161614
1,sketch,25,0.0,-0.07484367988788232,-0.003037933026599826,-0.0018166319558161614,0.0012213010707836647,0.0,0.4020171149561492,2,-0.003633263911632323
1,sketch,25,0.0,-0.07484367988788232,-0.003037933026599826,-0.0018166319558161614,0.0012213010707836647,0.0,0.4020171149561492,5,-0.009083159779080807
1,sketch,25,0.0,-0.07484367988788232,-0.003037933026599826,-0.0018166319558161614,0.0012213010707836647,0.0,0.4020171149561492,10,-0.018166319558161614
1,sketch,25,0.02,-0.0548436798878823,-0.003037933026599826,-0.0018166319558161614,0.0012213010707836647,0.0,0.4020171149561492,1,-0.0018166319558161614
1,sketch,25,0.02,-0.0548436798878823,-0.003037933026599826,-0.0018166319558161614,0.0012213010707836647,0.0,0.4020171149561492,2,-0.003633263911632323
1,sketch,25,0.02,-0.0548436798878823,-0.003037933026599826,-0.0018166319558161614,0.0012213010707836647,0.0,0.4020171149561492,5,-0.009083159779080807
1,sketch,25,0.02,-0.0548436798878823,-0.003037933026599826,-0.0018166319558161614,0.0012213010707836647,0.0,0.4020171149561492,10,-0.018166319558161614
1,sketch,25,0.05,-0.024843679887882275,-0.0005629440804905128,-0.005237864121915181,-0.004674920041424668,0.005269654696168358,-0.801515794320184,1,-0.005237864121915181
1,sketch,25,0.05,-0.024843679887882275,-0.0005629440804905128,-0.005237864121915181,-0.004674920041424668,0.005269654696168358,-0.801515794320184,2,-0.010475728243830362
1,sketch,25,0.05,-0.024843679887882275,-0.0005629440804905128,-0.005237864121915181,-0.004674920041424668,0.005269654696168358,-0.801515794320184,5,-0.026189320609575906
1,sketch,25,0.05,-0.024843679887882275,-0.0005629440804905128,-0.005237864121915181,-0.004674920041424668,0.005269654696168358,-0.801515794320184,10,-0.05237864121915181
1,sketch,25,0.1,0.02515632011211766,0.0013749057495874295,-0.013871446132826426,-0.015246351882413856,0.011480574668138899,-1.5086929925465284,1,-0.039027766244944084
1,sketch,25,0.1,0.02515632011211766,0.0013749057495874295,-0.013871446132826426,-0.015246351882413856,0.011480574668138899,-1.5086929925465284,2,-0.05289921237777051
1,sketch,25,0.1,0.02515632011211766,0.0013749057495874295,-0.013871446132826426,-0.015246351882413856,0.011480574668138899,-1.5086929925465284,5,-0.09451355077624979
1,sketch,25,0.1,0.02515632011211766,0.0013749057495874295,-0.013871446132826426,-0.015246351882413856,0.011480574668138899,-1.5086929925465284,10,-0.16387078144038192
1,sketch,25,0.15,0.0751563201121177,0.0013749057495874295,-0.013871446132826426,-0.015246351882413856,0.011480574668138899,-1.5086929925465284,1,-0.08902776624494413
1,sketch,25,0.15,0.0751563201121177,0.0013749057495874295,-0.013871446132826426,-0.015246351882413856,0.011480574668138899,-1.5086929925465284,2,-0.10289921237777055
1,sketch,25,0.15,0.0751563201121177,0.0013749057495874295,-0.013871446132826426,-0.015246351882413856,0.011480574668138899,-1.5086929925465284,5,-0.14451355077624983
1,sketch,25,0.15,0.0751563201121177,0.0013749057495874295,-0.013871446132826426,-0.015246351882413856,0.011480574668138899,-1.5086929925465284,10,-0.21387078144038196
1,photo,50,0.0,-0.04228580625370704,-0.012504619869208256,-0.012504619869208256,0.0,0.0,0.0,1,-0.012504619869208256
1,photo,50,0.0,-0.04228580625370704,-0.012504619869208256,-0.012504619869208256,0.0,0.0,0.0,2,-0.02500923973841651
1,photo,50,0.0,-0.04228580625370704,-0.012504619869208256,-0.012504619869208256,0.0,0.0,0.0,5,-0.06252309934604128
1,photo,50,0.0,-0.04228580625370704,-0.012504619869208256,-0.012504619869208256,0.0,0.0,0.0,10,-0.12504619869208256
1,photo,50,0.02,-0.02228580625370702,-0.017191199353477238,-0.017232630065791676,-4.143071231443862e-05,0.0,-0.002409995455381564,1,-0.017232630065791676
1,photo,50,0.02,-0.02228580625370702,-0.017191199353477238,-0.017232630065791676,-4.143071231443862e-05,0.0,-0.002409995455381564,2,-0.03446526013158335
1,photo,50,0.02,-0.02228580625370702,-0.017191199353477238,-0.017232630065791676,-4.143071231443862e-05,0.0,-0.002409995455381564,5,-0.08616315032895838
1,photo,50,0.02,-0.02228580625370702,-0.017191199353477238,-0.017232630065791676,-4.143071231443862e-05,0.0,-0.002409995455381564,10,-0.17232630065791676
1,photo,50,0.05,0.007714193746293008,-0.010890466689116085,-0.021042640816158142,-0.010152174127042057,0.006300732664361153,-0.5905448432245999,1,-0.02875683456245115
1,photo,50,0.05,0.007714193746293008,-0.010890466689116085,-0.021042640816158142,-0.010152174127042057,0.006300732664361153,-0.5905448432245999,2,-0.04979947537860929
1,photo,50,0.05,0.007714193746293008,-0.010890466689116085,-0.021042640816158142,-0.010152174127042057,0.006300732664361153,-0.5905448432245999,5,-0.11292739782708372
1,photo,50,0.05,0.007714193746293008,-0.010890466689116085,-0.021042640816158142,-0.010152174127042057,0.006300732664361153,-0.5905448432245999,10,-0.21814060190787443
1,photo,50,0.1,0.05771419374629294,-0.01717954671714561,-0.03349216569013058,-0.01631261897298497,0.006300732664361153,-0.694737004953736,1,-0.09120635943642352
1,photo,50,0.1,0.05771419374629294,-0.01717954671714561,-0.03349216569013058,-0.01631261897298497,0.006300732664361153,-0.694737004953736,2,-0.1246985251265541
1,photo,50,0.1,0.05771419374629294,-0.01717954671714561,-0.03349216569013058,-0.01631261897298497,0.006300732664361153,-0.694737004953736,5,-0.22517502219694585
1,photo,50,0.1,0.05771419374629294,-0.01717954671714561,-0.03349216569013058,-0.01631261897298497,0.006300732664361153,-0.694737004953736,10,-0.39263585064759876
1,photo,50,0.15,0.10771419374629299,-0.02670592578066744,-0.04599216569013054,-0.0192862399094631,0.006300732664361153,-0.5843136148296757,1,-0.15370635943642352
1,photo,50,0.15,0.10771419374629299,-0.02670592578066744,-0.04599216569013054,-0.0192862399094631,0.006300732664361153,-0.5843136148296757,2,-0.19969852512655406
1,photo,50,0.15,0.10771419374629299,-0.02670592578066744,-0.04599216569013054,-0.0192862399094631,0.006300732664361153,-0.5843136148296757,5,-0.3376750221969457
1,photo,50,0.15,0.10771419374629299,-0.02670592578066744,-0.04599216569013054,-0.0192862399094631,0.006300732664361153,-0.5843136148296757,10,-0.5676358506475984
1,art_painting,50,0.0,-0.04247415074482741,-0.012180475784911438,-0.009441783638266754,0.0027386921466446834,0.0,0.22484278898507706,1,-0.009441783638266754
1,art_painting,50,0.0,-0.04247415074482741,-0.012180475784911438,-0.009441783638266754,0.0027386921466446834,0.0,0.22484278898507706,2,-0.01888356727653351
1,art_painting,50,0.0,-0.04247415074482741,-0.012180475784911438,-0.009441783638266754,0.0027386921466446834,0.0,0.22484278898507706,5,-0.04720891819133377
1,art_painting,50,0.0,-0.04247415074482741,-0.012180475784911438,-0.009441783638266754,0.0027386921466446834,0.0,0.22484278898507706,10,-0.09441783638266754
1,art_painting,50,0.02,-0.022474150744827393,-0.012180475784911438,-0.009441783638266754,0.0027386921466446834,0.0,0.22484278898507706,1,-0.009441783638266754
1,art_painting,50,0.02,-0.022474150744827393,-0.012180475784911438,-0.009441783638266754,0.0027386921466446834,0.0,0.22484278898507706,2,-0.01888356727653351
1,art_painting,50,0.02,-0.022474150744827393,-0.012180475784911438,-0.009441783638266754,0.0027386921466446834,0.0,0.22484278898507706,5,-0.04720891819133377
1,art_painting,50,0.02,-0.022474150744827393,-0.012180475784911438,-0.009441783638266754,0.0027386921466446834,0.0,0.22484278898507706,10,-0.09441783638266754
1,art_painting,50,0.05,0.007525849255172634,-0.0061041625557766155,-0.010047735747978348,-0.0039435731922017325,0.006076313229134822,-0.32376183507436,1,-0.017573585003150982
1,art_painting,50,0.05,0.007525849255172634,-0.0061041625557766155,-0.010047735747978348,-0.0039435731922017325,0.006076313229134822,-0.32376183507436,2,-0.02762132075112933
1,art_painting,50,0.05,0.007525849255172634,-0.0061041625557766155,-0.010047735747978348,-0.0039435731922017325,0.006076313229134822,-0.32376183507436,5,-0.057764527995064374
1,art_painting,50,0.05,0.007525849255172634,-0.0061041625557766155,-0.010047735747978348,-0.0039435731922017325,0.006076313229134822,-0.32376183507436,10,-0.10800320673495611
1,art_painting,50,0.1,0.05752584925517257,-0.010855360187695062,-0.01758132962572856,-0.006725969438033497,0.006076313229134822,-0.3972418598239653,1,-0.07510717888090113
1,art_painting,50,0.1,0.05752584925517257,-0.010855360187695062,-0.01758132962572856,-0.006725969438033497,0.006076313229134822,-0.3972418598239653,2,-0.09268850850662969
1,art_painting,50,0.1,0.05752584925517257,-0.010855360187695062,-0.01758132962572856,-0.006725969438033497,0.006076313229134822,-0.3972418598239653,5,-0.14543249738381536
1,art_painting,50,0.1,0.05752584925517257,-0.010855360187695062,-0.01758132962572856,-0.006725969438033497,0.006076313229134822,-0.3972418598239653,10,-0.23333914551245816
1,art_painting,50,0.15,0.10752584925517261,-0.010855360187695062,-0.030081329625728626,-0.019225969438033563,0.006076313229134822,-1.135503205425825,1,-0.13760717888090124
1,art_painting,50,0.15,0.10752584925517261,-0.010855360187695062,-0.030081329625728626,-0.019225969438033563,0.006076313229134822,-1.135503205425825,2,-0.16768850850662986
1,art_painting,50,0.15,0.10752584925517261,-0.010855360187695062,-0.030081329625728626,-0.019225969438033563,0.006076313229134822,-1.135503205425825,5,-0.25793249738381574
1,art_painting,50,0.15,0.10752584925517261,-0.010855360187695062,-0.030081329625728626,-0.019225969438033563,0.006076313229134822,-1.135503205425825,10,-0.40833914551245887
1,cartoon,50,0.0,0.05001847947683291,-0.0049228774927790875,-0.012145783326410142,-0.007222905833631055,-0.0049228774927790875,,1,-0.06216426280324305
1,cartoon,50,0.0,0.05001847947683291,-0.0049228774927790875,-0.012145783326410142,-0.007222905833631055,-0.0049228774927790875,,2,-0.0743100461296532
1,cartoon,50,0.0,0.05001847947683291,-0.0049228774927790875,-0.012145783326410142,-0.007222905833631055,-0.0049228774927790875,,5,-0.11074739610888362
1,cartoon,50,0.0,0.05001847947683291,-0.0049228774927790875,-0.012145783326410142,-0.007222905833631055,-0.0049228774927790875,,10,-0.17147631274093433
1,cartoon,50,0.02,0.07001847947683293,-0.0030611833841438507,-0.00900857901369334,-0.00594739562954949,-0.0030611833841438507,,1,-0.07902705849052627
1,cartoon,50,0.02,0.07001847947683293,-0.0030611833841438507,-0.00900857901369334,-0.00594739562954949,-0.0030611833841438507,,2,-0.08803563750421961
1,cartoon,50,0.02,0.07001847947683293,-0.0030611833841438507,-0.00900857901369334,-0.00594739562954949,-0.0030611833841438507,,5,-0.11506137454529963
1,cartoon,50,0.02,0.07001847947683293,-0.0030611833841438507,-0.00900857901369334,-0.00594739562954949,-0.0030611833841438507,,10,-0.16010426961376634
1,cartoon,50,0.05,0.10001847947683296,0.0006288058654896345,-0.005318589764059745,-0.005947395629549379,0.002510268179282793,-3.161049565515355,1,-0.1053370692408927
1,cartoon,50,0.05,0.10001847947683296,0.0006288058654896345,-0.005318589764059745,-0.005947395629549379,0.002510268179282793,-3.161049565515355,2,-0.11065565900495244
1,cartoon,50,0.05,0.10001847947683296,0.0006288058654896345,-0.005318589764059745,-0.005947395629549379,0.002510268179282793,-3.161049565515355,5,-0.12661142829713168
1,cartoon,50,0.05,0.10001847947683296,0.0006288058654896345,-0.005318589764059745,-0.005947395629549379,0.002510268179282793,-3.161049565515355,10,-0.1532043771174304
1,cartoon,50,0.1,0.1500184794768329,-0.006925241058468368,-0.015340250527812183,-0.008415009469343815,0.002510268179282793,-0.8918447597587674,1,-0.16535873000464507
1,cartoon,50,0.1,0.1500184794768329,-0.006925241058468368,-0.015340250527812183,-0.008415009469343815,0.002510268179282793,-0.8918447597587674,2,-0.18069898053245725
1,cartoon,50,0.1,0.1500184794768329,-0.006925241058468368,-0.015340250527812183,-0.008415009469343815,0.002510268179282793,-0.8918447597587674,5,-0.2267197321158938
1,cartoon,50,0.1,0.1500184794768329,-0.006925241058468368,-0.015340250527812183,-0.008415009469343815,0.002510268179282793,-0.8918447597587674,10,-0.3034209847549547
1,cartoon,50,0.15,0.20001847947683293,-0.007236520832499704,-0.026782508304450503,-0.0195459874719508,0.002510268179282793,-2.005377098890973,1,-0.22680098778128344
1,cartoon,50,0.15,0.20001847947683293,-0.007236520832499704,-0.026782508304450503,-0.0195459874719508,0.002510268179282793,-2.005377098890973,2,-0.25358349608573394
1,cartoon,50,0.15,0.20001847947683293,-0.007236520832499704,-0.026782508304450503,-0.0195459874719508,0.002510268179282793,-2.005377098890973,5,-0.33393102099908545
1,cartoon,50,0.15,0.20001847947683293,-0.007236520832499704,-0.026782508304450503,-0.0195459874719508,0.002510268179282793,-2.005377098890973,10,-0.46784356252133796
1,sketch,50,0.0,-0.07484367988788232,-0.010818130769589152,-0.010197362205468297,0.0006207685641208549,0.0,0.057382238886028024,1,-0.010197362205468297
1,sketch,50,0.0,-0.07484367988788232,-0.010818130769589152,-0.010197362205468297,0.0006207685641208549,0.0,0.057382238886028024,2,-0.020394724410936593
1,sketch,50,0.0,-0.07484367988788232,-0.010818130769589152,-0.010197362205468297,0.0006207685641208549,0.0,0.057382238886028024,5,-0.05098681102734148
1,sketch,50,0.0,-0.07484367988788232,-0.010818130769589152,-0.010197362205468297,0.0006207685641208549,0.0,0.057382238886028024,10,-0.10197362205468297
1,sketch,50,0.02,-0.0548436798878823,-0.006031512479159562,-0.010197362205468297,-0.004165849726308735,0.0047866182904295895,-0.38508036323792233,1,-0.010197362205468297
1,sketch,50,0.02,-0.0548436798878823,-0.006031512479159562,-0.010197362205468297,-0.004165849726308735,0.0047866182904295895,-0.38508036323792233,2,-0.020394724410936593
1,sketch,50,0.02,-0.0548436798878823,-0.006031512479159562,-0.010197362205468297,-0.004165849726308735,0.0047866182904295895,-0.38508036323792233,5,-0.05098681102734148
1,sketch,50,0.02,-0.0548436798878823,-0.006031512479159562,-0.010197362205468297,-0.004165849726308735,0.0047866182904295895,-0.38508036323792233,10,-0.10197362205468297
1,sketch,50,0.05,-0.024843679887882275,-0.002341523229526077,-0.009174833470760646,-0.006833310241234569,0.01228661829042954,-0.467134545554718,1,-0.009174833470760646
1,sketch,50,0.05,-0.024843679887882275,-0.002341523229526077,-0.009174833470760646,-0.006833310241234569,0.01228661829042954,-0.467134545554718,2,-0.018349666941521292
1,sketch,50,0.05,-0.024843679887882275,-0.002341523229526077,-0.009174833470760646,-0.006833310241234569,0.01228661829042954,-0.467134545554718,5,-0.04587416735380323
1,sketch,50,0.05,-0.024843679887882275,-0.002341523229526077,-0.009174833470760646,-0.006833310241234569,0.01228661829042954,-0.467134545554718,10,-0.09174833470760646
1,sketch,50,0.1,0.02515632011211766,-4.0181800812222335e-05,-0.010048713083822824,-0.010008531283010602,0.01849753826240008,-0.539900875020349,1,-0.03520503319594048
1,sketch,50,0.1,0.02515632011211766,-4.0181800812222335e-05,-0.010048713083822824,-0.010008531283010602,0.01849753826240008,-0.539900875020349,2,-0.04525374627976331
1,sketch,50,0.1,0.02515632011211766,-4.0181800812222335e-05,-0.010048713083822824,-0.010008531283010602,0.01849753826240008,-0.539900875020349,5,-0.07539988553123178
1,sketch,50,0.1,0.02515632011211766,-4.0181800812222335e-05,-0.010048713083822824,-0.010008531283010602,0.01849753826240008,-0.539900875020349,10,-0.1256434509503459
1,sketch,50,0.15,0.0751563201121177,-4.0181800812222335e-05,-0.010048713083822824,-0.010008531283010602,0.01849753826240008,-0.539900875020349,1,-0.08520503319594053
1,sketch,50,0.15,0.0751563201121177,-4.0181800812222335e-05,-0.010048713083822824,-0.010008531283010602,0.01849753826240008,-0.539900875020349,2,-0.09525374627976335
1,sketch,50,0.15,0.0751563201121177,-4.0181800812222335e-05,-0.010048713083822824,-0.010008531283010602,0.01849753826240008,-0.539900875020349,5,-0.12539988553123183
1,sketch,50,0.15,0.0751563201121177,-4.0181800812222335e-05,-0.010048713083822824,-0.010008531283010602,0.01849753826240008,-0.539900875020349,10,-0.17564345095034595
1,photo,100,0.0,-0.04228580625370704,-0.012504619869208256,-0.012504619869208256,0.0,0.0,0.0,1,-0.012504619869208256
1,photo,100,0.0,-0.04228580625370704,-0.012504619869208256,-0.012504619869208256,0.0,0.0,0.0,2,-0.02500923973841651
1,photo,100,0.0,-0.04228580625370704,-0.012504619869208256,-0.012504619869208256,0.0,0.0,0.0,5,-0.06252309934604128
1,photo,100,0.0,-0.04228580625370704,-0.012504619869208256,-0.012504619869208256,0.0,0.0,0.0,10,-0.12504619869208256
1,photo,100,0.02,-0.02228580625370702,-0.01750461986920815,-0.013348768023677682,0.004155851845530467,0.0,0.23741457264324267,1,-0.013348768023677682
1,photo,100,0.02,-0.02228580625370702,-0.01750461986920815,-0.013348768023677682,0.004155851845530467,0.0,0.23741457264324267,2,-0.026697536047355364
1,photo,100,0.02,-0.02228580625370702,-0.01750461986920815,-0.013348768023677682,0.004155851845530467,0.0,0.23741457264324267,5,-0.06674384011838841
1,photo,100,0.02,-0.02228580625370702,-0.01750461986920815,-0.013348768023677682,0.004155851845530467,0.0,0.23741457264324267,10,-0.13348768023677682
1,photo,100,0.05,0.007714193746293008,-0.011908011126507412,-0.015318196558442021,-0.003410185431934609,0.007820278174625162,-0.17285763503776455,1,-0.02303239030473503
1,photo,100,0.05,0.007714193746293008,-0.011908011126507412,-0.015318196558442021,-0.003410185431934609,0.007820278174625162,-0.17285763503776455,2,-0.03835058686317705
1,photo,100,0.05,0.007714193746293008,-0.011908011126507412,-0.015318196558442021,-0.003410185431934609,0.007820278174625162,-0.17285763503776455,5,-0.08430517653850311
1,photo,100,0.05,0.007714193746293008,-0.011908011126507412,-0.015318196558442021,-0.003410185431934609,0.007820278174625162,-0.17285763503776455,10,-0.16089615933071322
1,photo,100,0.1,0.05771419374629294,-0.018197091154536826,-0.028493854961940013,-0.010296763807403186,0.00782027817462505,-0.39576498596504667,1,-0.08620804870823295
1,photo,100,0.1,0.05771419374629294,-0.018197091154536826,-0.028493854961940013,-0.010296763807403186,0.00782027817462505,-0.39576498596504667,2,-0.11470190367017297
1,photo,100,0.1,0.05771419374629294,-0.018197091154536826,-0.028493854961940013,-0.010296763807403186,0.00782027817462505,-0.39576498596504667,5,-0.200183468555993
1,photo,100,0.1,0.05771419374629294,-0.018197091154536826,-0.028493854961940013,-0.010296763807403186,0.00782027817462505,-0.39576498596504667,10,-0.34265274336569307
1,photo,100,0.15,0.10771419374629299,-0.025052146613451898,-0.02910485295176579,-0.004052706338313894,0.00782027817462505,-0.12328589583643486,1,-0.13681904669805878
1,photo,100,0.15,0.10771419374629299,-0.025052146613451898,-0.02910485295176579,-0.004052706338313894,0.00782027817462505,-0.12328589583643486,2,-0.16592389964982457
1,photo,100,0.15,0.10771419374629299,-0.025052146613451898,-0.02910485295176579,-0.004052706338313894,0.00782027817462505,-0.12328589583643486,5,-0.25323845850512194
1,photo,100,0.15,0.10771419374629299,-0.025052146613451898,-0.02910485295176579,-0.004052706338313894,0.00782027817462505,-0.12328589583643486,10,-0.3987627232639509
1,art_painting,100,0.0,-0.04247415074482741,-0.010039863491305256,-0.009227913102819452,0.0008119503884858048,0.0,0.08087265222171315,1,-0.009227913102819452
1,art_painting,100,0.0,-0.04247415074482741,-0.010039863491305256,-0.009227913102819452,0.0008119503884858048,0.0,0.08087265222171315,2,-0.018455826205638903
1,art_painting,100,0.0,-0.04247415074482741,-0.010039863491305256,-0.009227913102819452,0.0008119503884858048,0.0,0.08087265222171315,5,-0.04613956551409726
1,art_painting,100,0.0,-0.04247415074482741,-0.010039863491305256,-0.009227913102819452,0.0008119503884858048,0.0,0.08087265222171315,10,-0.09227913102819452
1,art_painting,100,0.02,-0.022474150744827393,-0.010039863491305256,-0.009227913102819452,0.0008119503884858048,0.0,0.08087265222171315,1,-0.009227913102819452
1,art_painting,100,0.02,-0.022474150744827393,-0.010039863491305256,-0.009227913102819452,0.0008119503884858048,0.0,0.08087265222171315,2,-0.018455826205638903
1,art_painting,100,0.02,-0.022474150744827393,-0.010039863491305256,-0.009227913102819452,0.0008119503884858048,0.0,0.08087265222171315,5,-0.04613956551409726
1,art_painting,100,0.02,-0.022474150744827393,-0.010039863491305256,-0.009227913102819452,0.0008119503884858048,0.0,0.08087265222171315,10,-0.09227913102819452
1,art_painting,100,0.05,0.007525849255172634,-0.0022729860588065476,-0.009372380884051568,-0.00709939482524502,0.007766877432498709,-0.7071206527253336,1,-0.016898230139224202
1,art_painting,100,0.05,0.007525849255172634,-0.0022729860588065476,-0.009372380884051568,-0.00709939482524502,0.007766877432498709,-0.7071206527253336,2,-0.02627061102327577
1,art_painting,100,0.05,0.007525849255172634,-0.0022729860588065476,-0.009372380884051568,-0.00709939482524502,0.007766877432498709,-0.7071206527253336,5,-0.05438775367543047
1,art_painting,100,0.05,0.007525849255172634,-0.0022729860588065476,-0.009372380884051568,-0.00709939482524502,0.007766877432498709,-0.7071206527253336,10,-0.10124965809568831
1,art_painting,100,0.1,0.05752584925517257,0.0039379339131639934,-0.007594531701122009,-0.011532465614286003,0.01397779740446925,-1.148667571453872,1,-0.06512038095629458
1,art_painting,100,0.1,0.05752584925517257,0.0039379339131639934,-0.007594531701122009,-0.011532465614286003,0.01397779740446925,-1.148667571453872,2,-0.07271491265741659
1,art_painting,100,0.1,0.05752584925517257,0.0039379339131639934,-0.007594531701122009,-0.011532465614286003,0.01397779740446925,-1.148667571453872,5,-0.09549850776078261
1,art_painting,100,0.1,0.05752584925517257,0.0039379339131639934,-0.007594531701122009,-0.011532465614286003,0.01397779740446925,-1.148667571453872,10,-0.13347116626639266
1,art_painting,100,0.15,0.10752584925517261,0.0039379339131639934,-0.007594531701122009,-0.011532465614286003,0.01397779740446925,-1.148667571453872,1,-0.11512038095629462
1,art_painting,100,0.15,0.10752584925517261,0.0039379339131639934,-0.007594531701122009,-0.011532465614286003,0.01397779740446925,-1.148667571453872,2,-0.12271491265741663
1,art_painting,100,0.15,0.10752584925517261,0.0039379339131639934,-0.007594531701122009,-0.011532465614286003,0.01397779740446925,-1.148667571453872,5,-0.14549850776078266
1,art_painting,100,0.15,0.10752584925517261,0.0039379339131639934,-0.007594531701122009,-0.011532465614286003,0.01397779740446925,-1.148667571453872,10,-0.1834711662663927
1,cartoon,100,0.0,0.05001847947683291,-0.012504619869208256,-0.012504619869208256,0.0,-0.012504619869208256,,1,-0.06252309934604117
1,cartoon,100,0.0,0.05001847947683291,-0.012504619869208256,-0.012504619869208256,0.0,-0.012504619869208256,,2,-0.07502771921524942
1,cartoon,100,0.0,0.05001847947683291,-0.012504619869208256,-0.012504619869208256,0.0,-0.012504619869208256,,5,-0.11254157882287419
1,cartoon,100,0.0,0.05001847947683291,-0.012504619869208256,-0.012504619869208256,0.0,-0.012504619869208256,,10,-0.17506467816891547
1,cartoon,100,0.02,0.07001847947683293,-0.013240210602023073,-0.01750461986920815,-0.004264409267185076,-0.013240210602023073,,1,-0.08752309934604108
1,cartoon,100,0.02,0.07001847947683293,-0.013240210602023073,-0.01750461986920815,-0.004264409267185076,-0.013240210602023073,,2,-0.10502771921524923
1,cartoon,100,0.02,0.07001847947683293,-0.013240210602023073,-0.01750461986920815,-0.004264409267185076,-0.013240210602023073,,5,-0.15754157882287367
1,cartoon,100,0.02,0.07001847947683293,-0.013240210602023073,-0.01750461986920815,-0.004264409267185076,-0.013240210602023073,,10,-0.24506467816891442
1,cartoon,100,0.05,0.10001847947683296,-0.017050221352389427,-0.021442014175562685,-0.004391792823173257,-0.013240210602022962,-1.1526982759171565,1,-0.12146049365239564
1,cartoon,100,0.05,0.10001847947683296,-0.017050221352389427,-0.021442014175562685,-0.004391792823173257,-0.013240210602022962,-1.1526982759171565,2,-0.14290250782795832
1,cartoon,100,0.05,0.10001847947683296,-0.017050221352389427,-0.021442014175562685,-0.004391792823173257,-0.013240210602022962,-1.1526982759171565,5,-0.20722855035464638
1,cartoon,100,0.05,0.10001847947683296,-0.017050221352389427,-0.021442014175562685,-0.004391792823173257,-0.013240210602022962,-1.1526982759171565,10,-0.3144386212324598
1,cartoon,100,0.1,0.1500184794768329,-0.024952422324159174,-0.04588971832289723,-0.02093729599873806,-0.012693645852176583,-1.7079433699268607,1,-0.19590819779973012
1,cartoon,100,0.1,0.1500184794768329,-0.024952422324159174,-0.04588971832289723,-0.02093729599873806,-0.012693645852176583,-1.7079433699268607,2,-0.24179791612262735
1,cartoon,100,0.1,0.1500184794768329,-0.024952422324159174,-0.04588971832289723,-0.02093729599873806,-0.012693645852176583,-1.7079433699268607,5,-0.37946707109131905
1,cartoon,100,0.1,0.1500184794768329,-0.024952422324159174,-0.04588971832289723,-0.02093729599873806,-0.012693645852176583,-1.7079433699268607,10,-0.6089156627058052
1,cartoon,100,0.15,0.20001847947683293,-0.024952422324159174,-0.05838971832289719,-0.033437295998738015,-0.012693645852176583,-2.7276209885349396,1,-0.2584081977997301
1,cartoon,100,0.15,0.20001847947683293,-0.024952422324159174,-0.05838971832289719,-0.033437295998738015,-0.012693645852176583,-2.7276209885349396,2,-0.3167979161226273
1,cartoon,100,0.15,0.20001847947683293,-0.024952422324159174,-0.05838971832289719,-0.033437295998738015,-0.012693645852176583,-2.7276209885349396,5,-0.4919670710913189
1,cartoon,100,0.15,0.20001847947683293,-0.024952422324159174,-0.05838971832289719,-0.033437295998738015,-0.012693645852176583,-2.7276209885349396,10,-0.7839156627058048
1,sketch,100,0.0,-0.07484367988788232,-0.010002024062089054,-0.009003356960519016,0.0009986671015700388,0.0,0.09984650060534388,1,-0.009003356960519016
1,sketch,100,0.0,-0.07484367988788232,-0.010002024062089054,-0.009003356960519016,0.0009986671015700388,0.0,0.09984650060534388,2,-0.01800671392103803
1,sketch,100,0.0,-0.07484367988788232,-0.010002024062089054,-0.009003356960519016,0.0009986671015700388,0.0,0.09984650060534388,5,-0.04501678480259508
1,sketch,100,0.0,-0.07484367988788232,-0.010002024062089054,-0.009003356960519016,0.0009986671015700388,0.0,0.09984650060534388,10,-0.09003356960519016
1,sketch,100,0.02,-0.0548436798878823,-0.010002024062089054,-0.009003356960519016,0.0009986671015700388,0.0,0.09984650060534388,1,-0.009003356960519016
1,sketch,100,0.02,-0.0548436798878823,-0.010002024062089054,-0.009003356960519016,0.0009986671015700388,0.0,0.09984650060534388,2,-0.01800671392103803
1,sketch,100,0.02,-0.0548436798878823,-0.010002024062089054,-0.009003356960519016,0.0009986671015700388,0.0,0.09984650060534388,5,-0.04501678480259508
1,sketch,100,0.02,-0.0548436798878823,-0.010002024062089054,-0.009003356960519016,0.0009986671015700388,0.0,0.09984650060534388,10,-0.09003356960519016
1,sketch,100,0.05,-0.024843679887882275,-0.012815372737658315,-0.012036893007031035,0.0007784797306272795,0.0009966620747972055,0.056362421699462865,1,-0.012036893007031035
1,sketch,100,0.05,-0.024843679887882275,-0.012815372737658315,-0.012036893007031035,0.0007784797306272795,0.0009966620747972055,0.056362421699462865,2,-0.02407378601406207
1,sketch,100,0.05,-0.024843679887882275,-0.012815372737658315,-0.012036893007031035,0.0007784797306272795,0.0009966620747972055,0.056362421699462865,5,-0.06018446503515518
1,sketch,100,0.05,-0.024843679887882275,-0.012815372737658315,-0.012036893007031035,0.0007784797306272795,0.0009966620747972055,0.056362421699462865,10,-0.12036893007031035
1,sketch,100,0.1,0.02515632011211766,-0.01112357099504191,-0.020063650047067894,-0.008940079052025984,0.0072075820467677465,-0.4876986751261893,1,-0.04521997015918555
1,sketch,100,0.1,0.02515632011211766,-0.01112357099504191,-0.020063650047067894,-0.008940079052025984,0.0072075820467677465,-0.4876986751261893,2,-0.06528362020625345
1,sketch,100,0.1,0.02515632011211766,-0.01112357099504191,-0.020063650047067894,-0.008940079052025984,0.0072075820467677465,-0.4876986751261893,5,-0.12547457034745713
1,sketch,100,0.1,0.02515632011211766,-0.01112357099504191,-0.020063650047067894,-0.008940079052025984,0.0072075820467677465,-0.4876986751261893,10,-0.2257928205827966
1,sketch,100,0.15,0.0751563201121177,-0.01112357099504191,-0.020063650047067894,-0.008940079052025984,0.0072075820467677465,-0.4876986751261893,1,-0.0952199701591856
1,sketch,100,0.15,0.0751563201121177,-0.01112357099504191,-0.020063650047067894,-0.008940079052025984,0.0072075820467677465,-0.4876986751261893,2,-0.11528362020625349
1,sketch,100,0.15,0.0751563201121177,-0.01112357099504191,-0.020063650047067894,-0.008940079052025984,0.0072075820467677465,-0.4876986751261893,5,-0.17547457034745717
1,sketch,100,0.15,0.0751563201121177,-0.01112357099504191,-0.020063650047067894,-0.008940079052025984,0.0072075820467677465,-0.4876986751261893,10,-0.27579282058279664
2,photo,25,0.0,-0.04359214950347967,0.010452798565058652,0.008656995498069087,-0.0017958030669895653,0.013839008335552405,-0.5303283578700778,1,0.008656995498069087
2,photo,25,0.0,-0.04359214950347967,0.010452798565058652,0.008656995498069087,-0.0017958030669895653,0.013839008335552405,-0.5303283578700778,2,0.017313990996138173
2,photo,25,0.0,-0.04359214950347967,0.010452798565058652,0.008656995498069087,-0.0017958030669895653,0.013839008335552405,-0.5303283578700778,5,0.04328497749034543
2,photo,25,0.0,-0.04359214950347967,0.010452798565058652,0.008656995498069087,-0.0017958030669895653,0.013839008335552405,-0.5303283578700778,10,0.08656995498069087
2,photo,25,0.02,-0.023592149503479654,0.01045279856505843,0.008656995498068976,-0.0017958030669894542,0.013839008335552183,-0.5303283578700451,1,0.008656995498068976
2,photo,25,0.02,-0.023592149503479654,0.01045279856505843,0.008656995498068976,-0.0017958030669894542,0.013839008335552183,-0.5303283578700451,2,0.01731399099613795
2,photo,25,0.02,-0.023592149503479654,0.01045279856505843,0.008656995498068976,-0.0017958030669894542,0.013839008335552183,-0.5303283578700451,5,0.04328497749034488
2,photo,25,0.02,-0.023592149503479654,0.01045279856505843,0.008656995498068976,-0.0017958030669894542,0.013839008335552183,-0.5303283578700451,10,0.08656995498068976
2,photo,25,0.05,0.006407850496520373,0.01420313382461047,0.012451313868106384,-0.001751819956504086,0.017589343595104223,-0.517339466612149,1,0.006043463371586011
2,photo,25,0.05,0.006407850496520373,0.01420313382461047,0.012451313868106384,-0.001751819956504086,0.017589343595104223,-0.517339466612149,2,0.018494777239692395
2,photo,25,0.05,0.006407850496520373,0.01420313382461047,0.012451313868106384,-0.001751819956504086,0.017589343595104223,-0.517339466612149,5,0.05584871884401155
2,photo,25,0.05,0.006407850496520373,0.01420313382461047,0.012451313868106384,-0.001751819956504086,0.017589343595104223,-0.517339466612149,10,0.11810528818454347
2,photo,25,0.1,0.056407850496520306,0.01420313382461047,0.012451313868106384,-0.001751819956504086,0.017589343595104223,-0.517339466612149,1,-0.04395653662841392
2,photo,25,0.1,0.056407850496520306,0.01420313382461047,0.012451313868106384,-0.001751819956504086,0.017589343595104223,-0.517339466612149,2,-0.03150522276030754
2,photo,25,0.1,0.056407850496520306,0.01420313382461047,0.012451313868106384,-0.001751819956504086,0.017589343595104223,-0.517339466612149,5,0.005848718844011613
2,photo,25,0.1,0.056407850496520306,0.01420313382461047,0.012451313868106384,-0.001751819956504086,0.017589343595104223,-0.517339466612149,10,0.06810528818454353
2,photo,25,0.15,0.10640785049652035,0.005055504586170434,0.003303684629666348,-0.001751819956504086,0.017589343595104223,-0.1397672297574139,1,-0.103104165866854
2,photo,25,0.15,0.10640785049652035,0.005055504586170434,0.003303684629666348,-0.001751819956504086,0.017589343595104223,-0.1397672297574139,2,-0.09980048123718765
2,photo,25,0.15,0.10640785049652035,0.005055504586170434,0.003303684629666348,-0.001751819956504086,0.017589343595104223,-0.1397672297574139,5,-0.08988942734818861
2,photo,25,0.15,0.10640785049652035,0.005055504586170434,0.003303684629666348,-0.001751819956504086,0.017589343595104223,-0.1397672297574139,10,-0.07337100419985687
2,art_painting,25,0.0,0.024761213165705898,0.005915242113162633,0.009181544888587245,0.003266302775424612,0.008996813739775789,1.0599470566304792,1,-0.015579668277118652
2,art_painting,25,0.0,0.024761213165705898,0.005915242113162633,0.009181544888587245,0.003266302775424612,0.008996813739775789,1.0599470566304792,2,-0.006398123388531407
2,art_painting,25,0.0,0.024761213165705898,0.005915242113162633,0.009181544888587245,0.003266302775424612,0.008996813739775789,1.0599470566304792,5,0.02114651127723033
2,art_painting,25,0.0,0.024761213165705898,0.005915242113162633,0.009181544888587245,0.003266302775424612,0.008996813739775789,1.0599470566304792,10,0.06705423572016656
2,art_painting,25,0.02,0.044761213165705915,0.005915242113162522,0.009181544888587134,0.003266302775424612,0.008996813739775789,1.059947056630441,1,-0.03557966827711878
2,art_painting,25,0.02,0.044761213165705915,0.005915242113162522,0.009181544888587134,0.003266302775424612,0.008996813739775789,1.059947056630441,2,-0.026398123388531647
2,art_painting,25,0.02,0.044761213165705915,0.005915242113162522,0.009181544888587134,0.003266302775424612,0.008996813739775789,1.059947056630441,5,0.0011465112772297559
2,art_painting,25,0.02,0.044761213165705915,0.005915242113162522,0.009181544888587134,0.003266302775424612,0.008996813739775789,1.059947056630441,10,0.04705423572016543
2,art_painting,25,0.05,0.07476121316570594,0.010941087576796016,0.01280844367677636,0.001867356099980344,0.014022659203409171,0.6059752380419883,1,-0.06195276948892958
2,art_painting,25,0.05,0.07476121316570594,0.010941087576796016,0.01280844367677636,0.001867356099980344,0.014022659203409171,0.6059752380419883,2,-0.04914432581215322
2,art_painting,25,0.05,0.07476121316570594,0.010941087576796016,0.01280844367677636,0.001867356099980344,0.014022659203409171,0.6059752380419883,5,-0.010718994781824143
2,art_painting,25,0.05,0.07476121316570594,0.010941087576796016,0.01280844367677636,0.001867356099980344,0.014022659203409171,0.6059752380419883,10,0.05332322360205766
2,art_painting,25,0.1,0.12476121316570588,0.010941087576796016,0.01280844367677636,0.001867356099980344,0.014022659203409171,0.6059752380419883,1,-0.11195276948892952
2,art_painting,25,0.1,0.12476121316570588,0.010941087576796016,0.01280844367677636,0.001867356099980344,0.014022659203409171,0.6059752380419883,2,-0.09914432581215316
2,art_painting,25,0.1,0.12476121316570588,0.010941087576796016,0.01280844367677636,0.001867356099980344,0.014022659203409171,0.6059752380419883,5,-0.060718994781824076
2,art_painting,25,0.1,0.12476121316570588,0.010941087576796016,0.01280844367677636,0.001867356099980344,0.014022659203409171,0.6059752380419883,10,0.0033232236020577233
2,art_painting,25,0.15,0.17476121316570592,0.004772473221031803,0.003660814438336324,-0.0011116587826954794,0.014022659203409171,-0.12017691155759601,1,-0.1711003987273696
2,art_painting,25,0.15,0.17476121316570592,0.004772473221031803,0.003660814438336324,-0.0011116587826954794,0.014022659203409171,-0.12017691155759601,2,-0.16743958428903327
2,art_painting,25,0.15,0.17476121316570592,0.004772473221031803,0.003660814438336324,-0.0011116587826954794,0.014022659203409171,-0.12017691155759601,5,-0.1564571409740243
2,art_painting,25,0.15,0.17476121316570592,0.004772473221031803,0.003660814438336324,-0.0011116587826954794,0.014022659203409171,-0.12017691155759601,10,-0.13815306878234268
2,cartoon,25,0.0,0.04517049116605765,0.0064028916884608655,0.011104437933223243,0.004701546244762378,0.0064028916884608655,,1,-0.0340660532328344
2,cartoon,25,0.0,0.04517049116605765,0.0064028916884608655,0.011104437933223243,0.004701546244762378,0.0064028916884608655,,2,-0.02296161529961116
2,cartoon,25,0.0,0.04517049116605765,0.0064028916884608655,0.011104437933223243,0.004701546244762378,0.0064028916884608655,,5,0.01035169850005857
2,cartoon,25,0.0,0.04517049116605765,0.0064028916884608655,0.011104437933223243,0.004701546244762378,0.0064028916884608655,,10,0.06587388816617479
2,cartoon,25,0.02,0.06517049116605766,0.0064028916884606435,0.011104437933223132,0.004701546244762489,0.0064028916884606435,,1,-0.05406605323283453
2,cartoon,25,0.02,0.06517049116605766,0.0064028916884606435,0.011104437933223132,0.004701546244762489,0.0064028916884606435,,2,-0.0429616152996114
2,cartoon,25,0.02,0.06517049116605766,0.0064028916884606435,0.011104437933223132,0.004701546244762489,0.0064028916884606435,,5,-0.009648301499942002
2,cartoon,25,0.02,0.06517049116605766,0.0064028916884606435,0.011104437933223132,0.004701546244762489,0.0064028916884606435,,10,0.04587388816617366
2,cartoon,25,0.05,0.09517049116605769,0.008830475625261291,0.014807532074105345,0.005977056448844054,0.008830475625261291,,1,-0.08036295909195235
2,cartoon,25,0.05,0.09517049116605769,0.008830475625261291,0.014807532074105345,0.005977056448844054,0.008830475625261291,,2,-0.065555427017847
2,cartoon,25,0.05,0.09517049116605769,0.008830475625261291,0.014807532074105345,0.005977056448844054,0.008830475625261291,,5,-0.021132830795530966
2,cartoon,25,0.05,0.09517049116605769,0.008830475625261291,0.014807532074105345,0.005977056448844054,0.008830475625261291,,10,0.05290482957499576
2,cartoon,25,0.1,0.14517049116605762,0.021211706464419722,0.02335702903041481,0.002145322565995089,0.021211706464419722,,1,-0.12181346213564281
2,cartoon,25,0.1,0.14517049116605762,0.021211706464419722,0.02335702903041481,0.002145322565995089,0.021211706464419722,,2,-0.098456433105228
2,cartoon,25,0.1,0.14517049116605762,0.021211706464419722,0.02335702903041481,0.002145322565995089,0.021211706464419722,,5,-0.02838534601398357
2,cartoon,25,0.1,0.14517049116605762,0.021211706464419722,0.02335702903041481,0.002145322565995089,0.021211706464419722,,10,0.08839979913809048
2,cartoon,25,0.15,0.19517049116605767,0.02456407722597964,0.02670939979197473,0.002145322565995089,0.02456407722597964,,1,-0.16846109137408294
2,cartoon,25,0.15,0.19517049116605767,0.02456407722597964,0.02670939979197473,0.002145322565995089,0.02456407722597964,,2,-0.1417516915821082
2,cartoon,25,0.15,0.19517049116605767,0.02456407722597964,0.02670939979197473,0.002145322565995089,0.02456407722597964,,5,-0.061623492206184016
2,cartoon,25,0.15,0.19517049116605767,0.02456407722597964,0.02670939979197473,0.002145322565995089,0.02456407722597964,,10,0.07192350675368964
2,sketch,25,0.0,-0.11340948304623966,0.001335686336830344,0.0040897591760424845,0.0027540728392121405,0.004619915421629095,0.838575132276713,1,0.0040897591760424845
2,sketch,25,0.0,-0.11340948304623966,0.001335686336830344,0.0040897591760424845,0.0027540728392121405,0.004619915421629095,0.838575132276713,2,0.008179518352084969
2,sketch,25,0.0,-0.11340948304623966,0.001335686336830344,0.0040897591760424845,0.0027540728392121405,0.004619915421629095,0.838575132276713,5,0.020448795880212423
2,sketch,25,0.0,-0.11340948304623966,0.001335686336830344,0.0040897591760424845,0.0027540728392121405,0.004619915421629095,0.838575132276713,10,0.040897591760424845
2,sketch,25,0.02,-0.09340948304623964,0.001335686336830344,0.0040897591760424845,0.0027540728392121405,0.004619915421628873,0.8385751322767696,1,0.0040897591760424845
2,sketch,25,0.02,-0.09340948304623964,0.001335686336830344,0.0040897591760424845,0.0027540728392121405,0.004619915421628873,0.8385751322767696,2,0.008179518352084969
2,sketch,25,0.02,-0.09340948304623964,0.001335686336830344,0.0040897591760424845,0.0027540728392121405,0.004619915421628873,0.8385751322767696,5,0.020448795880212423
2,sketch,25,0.02,-0.09340948304623964,0.001335686336830344,0.0040897591760424845,0.0027540728392121405,0.004619915421628873,0.8385751322767696,10,0.040897591760424845
2,sketch,25,0.05,-0.06340948304623961,0.0025852435419694286,0.00532128626963857,0.0027360427276691413,0.0058694726267679576,0.833085225489678,1,0.00532128626963857
2,sketch,25,0.05,-0.06340948304623961,0.0025852435419694286,0.00532128626963857,0.0027360427276691413,0.0058694726267679576,0.833085225489678,2,0.01064257253927714
2,sketch,25,0.05,-0.06340948304623961,0.0025852435419694286,0.00532128626963857,0.0027360427276691413,0.0058694726267679576,0.833085225489678,5,0.02660643134819285
2,sketch,25,0.05,-0.06340948304623961,0.0025852435419694286,0.00532128626963857,0.0027360427276691413,0.0058694726267679576,0.833085225489678,10,0.0532128626963857
2,sketch,25,0.1,-0.013409483046239679,0.015085243541969384,0.016564411806639034,0.0014791682646696502,0.018369472626767913,0.45038522785032514,1,0.016564411806639034
2,sketch,25,0.1,-0.013409483046239679,0.015085243541969384,0.016564411806639034,0.0014791682646696502,0.018369472626767913,0.45038522785032514,2,0.03312882361327807
2,sketch,25,0.1,-0.013409483046239679,0.015085243541969384,0.016564411806639034,0.0014791682646696502,0.018369472626767913,0.45038522785032514,5,0.08282205903319517
2,sketch,25,0.1,-0.013409483046239679,0.015085243541969384,0.016564411806639034,0.0014791682646696502,0.018369472626767913,0.45038522785032514,10,0.16564411806639034
2,sketch,25,0.15,0.036590516953760366,0.018437614303529304,0.019916782568198954,0.0014791682646696502,0.021721843388327833,0.45038522785032514,1,-0.016673734385561412
2,sketch,25,0.15,0.036590516953760366,0.018437614303529304,0.019916782568198954,0.0014791682646696502,0.021721843388327833,0.45038522785032514,2,0.0032430481826375424
2,sketch,25,0.15,0.036590516953760366,0.018437614303529304,0.019916782568198954,0.0014791682646696502,0.021721843388327833,0.45038522785032514,5,0.0629933958872344
2,sketch,25,0.15,0.036590516953760366,0.018437614303529304,0.019916782568198954,0.0014791682646696502,0.021721843388327833,0.45038522785032514,10,0.16257730872822918
2,photo,50,0.0,-0.04359214950347967,0.0027218115141206534,0.007971367623499925,0.005249556109379272,0.004798671134440435,2.5276412801414945,1,0.007971367623499925
2,photo,50,0.0,-0.04359214950347967,0.0027218115141206534,0.007971367623499925,0.005249556109379272,0.004798671134440435,2.5276412801414945,2,0.01594273524699985
2,photo,50,0.0,-0.04359214950347967,0.0027218115141206534,0.007971367623499925,0.005249556109379272,0.004798671134440435,2.5276412801414945,5,0.03985683811749963
2,photo,50,0.0,-0.04359214950347967,0.0027218115141206534,0.007971367623499925,0.005249556109379272,0.004798671134440435,2.5276412801414945,10,0.07971367623499925
2,photo,50,0.02,-0.023592149503479654,0.003081146695480208,0.00960947101712517,0.006528324321644963,0.005158006315799879,3.143363305720259,1,0.00960947101712517
2,photo,50,0.02,-0.023592149503479654,0.003081146695480208,0.00960947101712517,0.006528324321644963,0.005158006315799879,3.143363305720259,2,0.01921894203425034
2,photo,50,0.02,-0.023592149503479654,0.003081146695480208,0.00960947101712517,0.006528324321644963,0.005158006315799879,3.143363305720259,5,0.048047355085625854
2,photo,50,0.02,-0.023592149503479654,0.003081146695480208,0.00960947101712517,0.006528324321644963,0.005158006315799879,3.143363305720259,10,0.09609471017125171
2,photo,50,0.05,0.006407850496520373,0.008979184071350121,0.015507508392995084,0.006528324321644963,0.011056043691669792,3.143363305720259,1,0.009099657896474711
2,photo,50,0.05,0.006407850496520373,0.008979184071350121,0.015507508392995084,0.006528324321644963,0.011056043691669792,3.143363305720259,2,0.024607166289469795
2,photo,50,0.05,0.006407850496520373,0.008979184071350121,0.015507508392995084,0.006528324321644963,0.011056043691669792,3.143363305720259,5,0.07112969146845505
2,photo,50,0.05,0.006407850496520373,0.008979184071350121,0.015507508392995084,0.006528324321644963,0.011056043691669792,3.143363305720259,10,0.14866723343343047
2,photo,50,0.1,0.056407850496520306,0.016103669001958476,0.015507508392995084,-0.000596160608963392,0.018180528622278147,-0.2870490634661339,1,-0.04090034210352522
2,photo,50,0.1,0.056407850496520306,0.016103669001958476,0.015507508392995084,-0.000596160608963392,0.018180528622278147,-0.2870490634661339,2,-0.02539283371053014
2,photo,50,0.1,0.056407850496520306,0.016103669001958476,0.015507508392995084,-0.000596160608963392,0.018180528622278147,-0.2870490634661339,5,0.021129691468455114
2,photo,50,0.1,0.056407850496520306,0.016103669001958476,0.015507508392995084,-0.000596160608963392,0.018180528622278147,-0.2870490634661339,10,0.09866723343343053
2,photo,50,0.15,0.10640785049652035,0.019456039763518396,0.006359879154554937,-0.013096160608963459,0.021532899383838067,-6.3057514724792485,1,-0.10004797134196541
2,photo,50,0.15,0.10640785049652035,0.019456039763518396,0.006359879154554937,-0.013096160608963459,0.021532899383838067,-6.3057514724792485,2,-0.09368809218741048
2,photo,50,0.15,0.10640785049652035,0.019456039763518396,0.006359879154554937,-0.013096160608963459,0.021532899383838067,-6.3057514724792485,5,-0.07460845472374567
2,photo,50,0.15,0.10640785049652035,0.019456039763518396,0.006359879154554937,-0.013096160608963459,0.021532899383838067,-6.3057514724792485,10,-0.04280905895097098
2,art_painting,50,0.0,0.024761213165705898,0.0057850518535151885,0.0011779740529720417,-0.004607077800543147,0.009107236665916174,-1.386761441851741,1,-0.023583239112733856
2,art_painting,50,0.0,0.024761213165705898,0.0057850518535151885,0.0011779740529720417,-0.004607077800543147,0.009107236665916174,-1.386761441851741,2,-0.022405265059761814
2,art_painting,50,0.0,0.024761213165705898,0.0057850518535151885,0.0011779740529720417,-0.004607077800543147,0.009107236665916174,-1.386761441851741,5,-0.01887134290084569
2,art_painting,50,0.0,0.024761213165705898,0.0057850518535151885,0.0011779740529720417,-0.004607077800543147,0.009107236665916174,-1.386761441851741,10,-0.01298147263598548
2,art_painting,50,0.02,0.044761213165705915,0.006100403924389264,0.0011779740529720417,-0.004922429871417222,0.00942258873679025,-1.4816845387537965,1,-0.043583239112733874
2,art_painting,50,0.02,0.044761213165705915,0.006100403924389264,0.0011779740529720417,-0.004922429871417222,0.00942258873679025,-1.4816845387537965,2,-0.04240526505976183
2,art_painting,50,0.02,0.044761213165705915,0.006100403924389264,0.0011779740529720417,-0.004922429871417222,0.00942258873679025,-1.4816845387537965,5,-0.03887134290084571
2,art_painting,50,0.02,0.044761213165705915,0.006100403924389264,0.0011779740529720417,-0.004922429871417222,0.00942258873679025,-1.4816845387537965,10,-0.0329814726359855
2,art_painting,50,0.05,0.07476121316570594,0.011998441300259177,0.006115853295634244,-0.0058825880046249335,0.015320626112660163,-1.7706986025179952,1,-0.0686453598700717
2,art_painting,50,0.05,0.07476121316570594,0.011998441300259177,0.006115853295634244,-0.0058825880046249335,0.015320626112660163,-1.7706986025179952,2,-0.06252950657443745
2,art_painting,50,0.05,0.07476121316570594,0.011998441300259177,0.006115853295634244,-0.0058825880046249335,0.015320626112660163,-1.7706986025179952,5,-0.04418194668753472
2,art_painting,50,0.05,0.07476121316570594,0.011998441300259177,0.006115853295634244,-0.0058825880046249335,0.015320626112660163,-1.7706986025179952,10,-0.013602680209363505
2,art_painting,50,0.1,0.12476121316570588,0.011998441300259177,0.006929882646901531,-0.0050685586533576465,0.015320626112660163,-1.5256702861435738,1,-0.11783133051880434
2,art_painting,50,0.1,0.12476121316570588,0.011998441300259177,0.006929882646901531,-0.0050685586533576465,0.015320626112660163,-1.5256702861435738,2,-0.11090144787190281
2,art_painting,50,0.1,0.12476121316570588,0.011998441300259177,0.006929882646901531,-0.0050685586533576465,0.015320626112660163,-1.5256702861435738,5,-0.09011179993119822
2,art_painting,50,0.1,0.12476121316570588,0.011998441300259177,0.006929882646901531,-0.0050685586533576465,0.015320626112660163,-1.5256702861435738,10,-0.05546238669669057
2,art_painting,50,0.15,0.17476121316570592,0.014951585811136647,0.01028225340846145,-0.004669332402675197,0.018273770623537633,-1.4055004963136324,1,-0.16447895975724447
2,art_painting,50,0.15,0.17476121316570592,0.014951585811136647,0.01028225340846145,-0.004669332402675197,0.018273770623537633,-1.4055004963136324,2,-0.15419670634878302
2,art_painting,50,0.15,0.17476121316570592,0.014951585811136647,0.01028225340846145,-0.004669332402675197,0.018273770623537633,-1.4055004963136324,5,-0.12334994612339867
2,art_painting,50,0.15,0.17476121316570592,0.014951585811136647,0.01028225340846145,-0.004669332402675197,0.018273770623537633,-1.4055004963136324,10,-0.07193867908109142
2,cartoon,50,0.0,0.04517049116605765,0.004213547920631333,-0.00484870291430195,-0.009062250834933283,0.004213547920631333,,1,-0.0500191940803596
2,cartoon,50,0.0,0.04517049116605765,0.004213547920631333,-0.00484870291430195,-0.009062250834933283,0.004213547920631333,,2,-0.05486789699466155
2,cartoon,50,0.0,0.04517049116605765,0.004213547920631333,-0.00484870291430195,-0.009062250834933283,0.004213547920631333,,5,-0.0694140057375674
2,cartoon,50,0.0,0.04517049116605765,0.004213547920631333,-0.00484870291430195,-0.009062250834933283,0.004213547920631333,,10,-0.09365752030907715
2,cartoon,50,0.02,0.06517049116605766,0.004213547920631222,-0.008407782007647913,-0.012621329928279135,0.004213547920631222,,1,-0.07357827317370558
2,cartoon,50,0.02,0.06517049116605766,0.004213547920631222,-0.008407782007647913,-0.012621329928279135,0.004213547920631222,,2,-0.08198605518135349
2,cartoon,50,0.02,0.06517049116605766,0.004213547920631222,-0.008407782007647913,-0.012621329928279135,0.004213547920631222,,5,-0.10720940120429723
2,cartoon,50,0.02,0.06517049116605766,0.004213547920631222,-0.008407782007647913,-0.012621329928279135,0.004213547920631222,,10,-0.1492483112425368
2,cartoon,50,0.05,0.09517049116605769,0.01124054067631608,-0.007167742053957871,-0.01840828273027395,0.01124054067631608,,1,-0.10233823322001556
2,cartoon,50,0.05,0.09517049116605769,0.01124054067631608,-0.007167742053957871,-0.01840828273027395,0.01124054067631608,,2,-0.10950597527397343
2,cartoon,50,0.05,0.09517049116605769,0.01124054067631608,-0.007167742053957871,-0.01840828273027395,0.01124054067631608,,5,-0.13100920143584704
2,cartoon,50,0.05,0.09517049116605769,0.01124054067631608,-0.007167742053957871,-0.01840828273027395,0.01124054067631608,,10,-0.1668479117056364
2,cartoon,50,0.1,0.14517049116605762,0.023740540676316035,-0.007167742053957871,-0.030908282730273906,0.023740540676316035,,1,-0.1523382332200155
2,cartoon,50,0.1,0.14517049116605762,0.023740540676316035,-0.007167742053957871,-0.030908282730273906,0.023740540676316035,,2,-0.15950597527397337
2,cartoon,50,0.1,0.14517049116605762,0.023740540676316035,-0.007167742053957871,-0.030908282730273906,0.023740540676316035,,5,-0.18100920143584698
2,cartoon,50,0.1,0.14517049116605762,0.023740540676316035,-0.007167742053957871,-0.030908282730273906,0.023740540676316035,,10,-0.21684791170563633
2,cartoon,50,0.15,0.19517049116605767,0.027092911437875955,-0.009684310726564394,-0.03677722216444035,0.027092911437875955,,1,-0.20485480189262206
2,cartoon,50,0.15,0.19517049116605767,0.027092911437875955,-0.009684310726564394,-0.03677722216444035,0.027092911437875955,,2,-0.21453911261918646
2,cartoon,50,0.15,0.19517049116605767,0.027092911437875955,-0.009684310726564394,-0.03677722216444035,0.027092911437875955,,5,-0.24359204479887964
2,cartoon,50,0.15,0.19517049116605767,0.027092911437875955,-0.009684310726564394,-0.03677722216444035,0.027092911437875955,,10,-0.2920135984317016
2,sketch,50,0.0,-0.11340948304623966,0.004094794455222317,0.009419077273351228,0.0053242828181289115,0.005117606678194164,5.205533037783673,1,0.009419077273351228
2,sketch,50,0.0,-0.11340948304623966,0.004094794455222317,0.009419077273351228,0.0053242828181289115,0.005117606678194164,5.205533037783673,2,0.018838154546702457
2,sketch,50,0.0,-0.11340948304623966,0.004094794455222317,0.009419077273351228,0.0053242828181289115,0.005117606678194164,5.205533037783673,5,0.04709538636675614
2,sketch,50,0.0,-0.11340948304623966,0.004094794455222317,0.009419077273351228,0.0053242828181289115,0.005117606678194164,5.205533037783673,10,0.09419077273351228
2,sketch,50,0.02,-0.09340948304623964,0.004094794455222095,0.009419077273351117,0.0053242828181290225,0.005117606678194164,5.205533037782652,1,0.009419077273351117
2,sketch,50,0.02,-0.09340948304623964,0.004094794455222095,0.009419077273351117,0.0053242828181290225,0.005117606678194164,5.205533037782652,2,0.018838154546702235
2,sketch,50,0.02,-0.09340948304623964,0.004094794455222095,0.009419077273351117,0.0053242828181290225,0.005117606678194164,5.205533037782652,5,0.04709538636675559
2,sketch,50,0.02,-0.09340948304623964,0.004094794455222095,0.009419077273351117,0.0053242828181290225,0.005117606678194164,5.205533037782652,10,0.09419077273351117
2,sketch,50,0.05,-0.06340948304623961,0.006660086940858845,0.014993402130425215,0.00833331518956637,0.007682899163830803,8.14745366002029,1,0.014993402130425215
2,sketch,50,0.05,-0.06340948304623961,0.006660086940858845,0.014993402130425215,0.00833331518956637,0.007682899163830803,8.14745366002029,2,0.02998680426085043
2,sketch,50,0.05,-0.06340948304623961,0.006660086940858845,0.014993402130425215,0.00833331518956637,0.007682899163830803,8.14745366002029,5,0.07496701065212608
2,sketch,50,0.05,-0.06340948304623961,0.006660086940858845,0.014993402130425215,0.00833331518956637,0.007682899163830803,8.14745366002029,10,0.14993402130425215
2,sketch,50,0.1,-0.013409483046239679,0.0191600869408588,0.02749340213042517,0.00833331518956637,0.02018289916383076,8.14745366002029,1,0.02749340213042517
2,sketch,50,0.1,-0.013409483046239679,0.0191600869408588,0.02749340213042517,0.00833331518956637,0.02018289916383076,8.14745366002029,2,0.05498680426085034
2,sketch,50,0.1,-0.013409483046239679,0.0191600869408588,0.02749340213042517,0.00833331518956637,0.02018289916383076,8.14745366002029,5,0.13746701065212585
2,sketch,50,0.1,-0.013409483046239679,0.0191600869408588,0.02749340213042517,0.00833331518956637,0.02018289916383076,8.14745366002029,10,0.2749340213042517
2,sketch,50,0.15,0.036590516953760366,0.02251245770241872,0.03084577289198509,0.00833331518956637,0.02353526992539068,8.14745366002029,1,-0.005744744061775275
2,sketch,50,0.15,0.036590516953760366,0.02251245770241872,0.03084577289198509,0.00833331518956637,0.02353526992539068,8.14745366002029,2,0.025101028830209815
2,sketch,50,0.15,0.036590516953760366,0.02251245770241872,0.03084577289198509,0.00833331518956637,0.02353526992539068,8.14745366002029,5,0.11763834750616509
2,sketch,50,0.15,0.036590516953760366,0.02251245770241872,0.03084577289198509,0.00833331518956637,0.02353526992539068,8.14745366002029,10,0.27186721196609054
2,photo,100,0.0,-0.04359214950347967,0.007615143646432454,0.014233018304617095,0.0066178746581846415,0.007668334324321124,124.41794165579246,1,0.014233018304617095
2,photo,100,0.0,-0.04359214950347967,0.007615143646432454,0.014233018304617095,0.0066178746581846415,0.007668334324321124,124.41794165579246,2,0.02846603660923419
2,photo,100,0.0,-0.04359214950347967,0.007615143646432454,0.014233018304617095,0.0066178746581846415,0.007668334324321124,124.41794165579246,5,0.07116509152308548
2,photo,100,0.0,-0.04359214950347967,0.007615143646432454,0.014233018304617095,0.0066178746581846415,0.007668334324321124,124.41794165579246,10,0.14233018304617095
2,photo,100,0.02,-0.023592149503479654,0.007933753725490433,0.017046894813074864,0.009113141087584431,0.007986944403379104,171.3296661993761,1,0.017046894813074864
2,photo,100,0.02,-0.023592149503479654,0.007933753725490433,0.017046894813074864,0.009113141087584431,0.007986944403379104,171.3296661993761,2,0.03409378962614973
2,photo,100,0.02,-0.023592149503479654,0.007933753725490433,0.017046894813074864,0.009113141087584431,0.007986944403379104,171.3296661993761,5,0.08523447406537432
2,photo,100,0.02,-0.023592149503479654,0.007933753725490433,0.017046894813074864,0.009113141087584431,0.007986944403379104,171.3296661993761,10,0.17046894813074864
2,photo,100,0.05,0.006407850496520373,0.013831791101360347,0.022944932188944778,0.009113141087584431,0.013884981779249017,171.3296661993761,1,0.016537081692424405
2,photo,100,0.05,0.006407850496520373,0.013831791101360347,0.022944932188944778,0.009113141087584431,0.013884981779249017,171.3296661993761,2,0.03948201388136918
2,photo,100,0.05,0.006407850496520373,0.013831791101360347,0.022944932188944778,0.009113141087584431,0.013884981779249017,171.3296661993761,5,0.10831681044820352
2,photo,100,0.05,0.006407850496520373,0.013831791101360347,0.022944932188944778,0.009113141087584431,0.013884981779249017,171.3296661993761,10,0.2230414713929274
2,photo,100,0.1,0.056407850496520306,0.013831791101360347,0.026185970636586342,0.012354179535225995,0.013884981779249017,232.2621185818246,1,-0.030221879859933964
2,photo,100,0.1,0.056407850496520306,0.013831791101360347,0.026185970636586342,0.012354179535225995,0.013884981779249017,232.2621185818246,2,-0.004035909223347622
2,photo,100,0.1,0.056407850496520306,0.013831791101360347,0.026185970636586342,0.012354179535225995,0.013884981779249017,232.2621185818246,5,0.0745220026864114
2,photo,100,0.1,0.056407850496520306,0.013831791101360347,0.026185970636586342,0.012354179535225995,0.013884981779249017,232.2621185818246,10,0.20545185586934311
2,photo,100,0.15,0.10640785049652035,0.009545898241988149,0.02953834139814626,0.019992443156158113,0.013884981779249017,4.607526678036426,1,-0.07686950909837409
2,photo,100,0.15,0.10640785049652035,0.009545898241988149,0.02953834139814626,0.019992443156158113,0.013884981779249017,4.607526678036426,2,-0.04733116770022783
2,photo,100,0.15,0.10640785049652035,0.009545898241988149,0.02953834139814626,0.019992443156158113,0.013884981779249017,4.607526678036426,5,0.04128385649421096
2,photo,100,0.15,0.10640785049652035,0.009545898241988149,0.02953834139814626,0.019992443156158113,0.013884981779249017,4.607526678036426,10,0.18897556348494227
2,art_painting,100,0.0,0.024761213165705898,-0.0019812163303851715,-0.0051807426095498155,-0.003199526279164644,0.009311406461129268,-0.2833288898632874,1,-0.029941955775255713
2,art_painting,100,0.0,0.024761213165705898,-0.0019812163303851715,-0.0051807426095498155,-0.003199526279164644,0.009311406461129268,-0.2833288898632874,2,-0.03512269838480553
2,art_painting,100,0.0,0.024761213165705898,-0.0019812163303851715,-0.0051807426095498155,-0.003199526279164644,0.009311406461129268,-0.2833288898632874,5,-0.050664926213454975
2,art_painting,100,0.0,0.024761213165705898,-0.0019812163303851715,-0.0051807426095498155,-0.003199526279164644,0.009311406461129268,-0.2833288898632874,10,-0.07656863926120405
2,art_painting,100,0.02,0.044761213165705915,-0.002617809633872703,-0.0051807426095500375,-0.0025629329756773345,0.009311406461129046,-0.21484504558109094,1,-0.04994195577525595
2,art_painting,100,0.02,0.044761213165705915,-0.002617809633872703,-0.0051807426095500375,-0.0025629329756773345,0.009311406461129046,-0.21484504558109094,2,-0.05512269838480599
2,art_painting,100,0.02,0.044761213165705915,-0.002617809633872703,-0.0051807426095500375,-0.0025629329756773345,0.009311406461129046,-0.21484504558109094,5,-0.0706649262134561
2,art_painting,100,0.02,0.044761213165705915,-0.002617809633872703,-0.0051807426095500375,-0.0025629329756773345,0.009311406461129046,-0.21484504558109094,10,-0.09656863926120629
2,art_painting,100,0.05,0.07476121316570594,0.002455276948430507,-0.00010765602724682743,-0.0025629329756773345,0.014384493043432256,-0.21484504558109094,1,-0.07486886919295277
2,art_painting,100,0.05,0.07476121316570594,0.002455276948430507,-0.00010765602724682743,-0.0025629329756773345,0.014384493043432256,-0.21484504558109094,2,-0.0749765252201996
2,art_painting,100,0.05,0.07476121316570594,0.002455276948430507,-0.00010765602724682743,-0.0025629329756773345,0.014384493043432256,-0.21484504558109094,5,-0.07529949330194008
2,art_painting,100,0.05,0.07476121316570594,0.002455276948430507,-0.00010765602724682743,-0.0025629329756773345,0.014384493043432256,-0.21484504558109094,10,-0.07583777343817422
2,art_painting,100,0.1,0.12476121316570588,0.007318920559723052,-0.00010765602724682743,-0.00742657658696988,0.0192481366547248,-0.6225536135674128,1,-0.1248688691929527
2,art_painting,100,0.1,0.12476121316570588,0.007318920559723052,-0.00010765602724682743,-0.00742657658696988,0.0192481366547248,-0.6225536135674128,2,-0.12497652522019953
2,art_painting,100,0.1,0.12476121316570588,0.007318920559723052,-0.00010765602724682743,-0.00742657658696988,0.0192481366547248,-0.6225536135674128,5,-0.12529949330194
2,art_painting,100,0.1,0.12476121316570588,0.007318920559723052,-0.00010765602724682743,-0.00742657658696988,0.0192481366547248,-0.6225536135674128,10,-0.12583777343817415
2,art_painting,100,0.15,0.17476121316570592,0.010671291321282972,-0.005872966231809551,-0.016544257553092523,0.02260050741628472,-1.3868687951779533,1,-0.18063417939751547
2,art_painting,100,0.15,0.17476121316570592,0.010671291321282972,-0.005872966231809551,-0.016544257553092523,0.02260050741628472,-1.3868687951779533,2,-0.18650714562932502
2,art_painting,100,0.15,0.17476121316570592,0.010671291321282972,-0.005872966231809551,-0.016544257553092523,0.02260050741628472,-1.3868687951779533,5,-0.20412604432475367
2,art_painting,100,0.15,0.17476121316570592,0.010671291321282972,-0.005872966231809551,-0.016544257553092523,0.02260050741628472,-1.3868687951779533,10,-0.23349087548380143
2,cartoon,100,0.0,0.04517049116605765,-0.0031352097328583017,-0.015287333258073077,-0.012152123525214775,-0.0031352097328583017,,1,-0.060457824424130724
2,cartoon,100,0.0,0.04517049116605765,-0.0031352097328583017,-0.015287333258073077,-0.012152123525214775,-0.0031352097328583017,,2,-0.0757451576822038
2,cartoon,100,0.0,0.04517049116605765,-0.0031352097328583017,-0.015287333258073077,-0.012152123525214775,-0.0031352097328583017,,5,-0.12160715745642303
2,cartoon,100,0.0,0.04517049116605765,-0.0031352097328583017,-0.015287333258073077,-0.012152123525214775,-0.0031352097328583017,,10,-0.19804382374678842
2,cartoon,100,0.02,0.06517049116605766,-0.0031352097328584128,-0.020287333258073192,-0.01715212352521478,-0.0031352097328584128,,1,-0.08545782442413086
2,cartoon,100,0.02,0.06517049116605766,-0.0031352097328584128,-0.020287333258073192,-0.01715212352521478,-0.0031352097328584128,,2,-0.10574515768220405
2,cartoon,100,0.02,0.06517049116605766,-0.0031352097328584128,-0.020287333258073192,-0.01715212352521478,-0.0031352097328584128,,5,-0.16660715745642363
2,cartoon,100,0.02,0.06517049116605766,-0.0031352097328584128,-0.020287333258073192,-0.01715212352521478,-0.0031352097328584128,,10,-0.2680438237467896
2,cartoon,100,0.05,0.09517049116605769,-0.003047243511887232,-0.025060626116916174,-0.02201338260502894,-0.003047243511887232,,1,-0.12023111728297387
2,cartoon,100,0.05,0.09517049116605769,-0.003047243511887232,-0.025060626116916174,-0.02201338260502894,-0.003047243511887232,,2,-0.14529174339989004
2,cartoon,100,0.05,0.09517049116605769,-0.003047243511887232,-0.025060626116916174,-0.02201338260502894,-0.003047243511887232,,5,-0.22047362175063856
2,cartoon,100,0.05,0.09517049116605769,-0.003047243511887232,-0.025060626116916174,-0.02201338260502894,-0.003047243511887232,,10,-0.34577675233521943
2,cartoon,100,0.1,0.14517049116605762,-0.003047243511887232,-0.02843201298583997,-0.02538476947395274,-0.003047243511887232,,1,-0.1736025041518976
2,cartoon,100,0.1,0.14517049116605762,-0.003047243511887232,-0.02843201298583997,-0.02538476947395274,-0.003047243511887232,,2,-0.20203451713773757
2,cartoon,100,0.1,0.14517049116605762,-0.003047243511887232,-0.02843201298583997,-0.02538476947395274,-0.003047243511887232,,5,-0.2873305560952575
2,cartoon,100,0.1,0.14517049116605762,-0.003047243511887232,-0.02843201298583997,-0.02538476947395274,-0.003047243511887232,,10,-0.42949062102445734
2,cartoon,100,0.15,0.19517049116605767,-0.012194872750327379,-0.02515595164093698,-0.0129610788906096,-0.003047243511887232,-1.4168784668430356,1,-0.22032644280699465
2,cartoon,100,0.15,0.19517049116605767,-0.012194872750327379,-0.02515595164093698,-0.0129610788906096,-0.003047243511887232,-1.4168784668430356,2,-0.24548239444793163
2,cartoon,100,0.15,0.19517049116605767,-0.012194872750327379,-0.02515595164093698,-0.0129610788906096,-0.003047243511887232,-1.4168784668430356,5,-0.32095024937074257
2,cartoon,100,0.15,0.19517049116605767,-0.012194872750327379,-0.02515595164093698,-0.0129610788906096,-0.003047243511887232,-1.4168784668430356,10,-0.44673000757542747
2,sketch,100,0.0,-0.11340948304623966,-0.0030937788763614193,-0.0037337017992968846,-0.0006399229229354653,0.002097827209837533,-0.12326107033362897,1,-0.0037337017992968846
2,sketch,100,0.0,-0.11340948304623966,-0.0030937788763614193,-0.0037337017992968846,-0.0006399229229354653,0.002097827209837533,-0.12326107033362897,2,-0.007467403598593769
2,sketch,100,0.0,-0.11340948304623966,-0.0030937788763614193,-0.0037337017992968846,-0.0006399229229354653,0.002097827209837533,-0.12326107033362897,5,-0.018668508996484423
2,sketch,100,0.0,-0.11340948304623966,-0.0030937788763614193,-0.0037337017992968846,-0.0006399229229354653,0.002097827209837533,-0.12326107033362897,10,-0.037337017992968846
2,sketch,100,0.02,-0.09340948304623964,-0.0030937788763615304,-0.0037337017992969956,-0.0006399229229354653,0.0020978272098374218,-0.12326107033362897,1,-0.0037337017992969956
2,sketch,100,0.02,-0.09340948304623964,-0.0030937788763615304,-0.0037337017992969956,-0.0006399229229354653,0.0020978272098374218,-0.12326107033362897,2,-0.007467403598593991
2,sketch,100,0.02,-0.09340948304623964,-0.0030937788763615304,-0.0037337017992969956,-0.0006399229229354653,0.0020978272098374218,-0.12326107033362897,5,-0.018668508996484978
2,sketch,100,0.02,-0.09340948304623964,-0.0030937788763615304,-0.0037337017992969956,-0.0006399229229354653,0.0020978272098374218,-0.12326107033362897,10,-0.037337017992969956
2,sketch,100,0.05,-0.06340948304623961,0.002162835157428211,-0.0007551986811271671,-0.0029180338385553783,0.00744566547278247,-0.5523618334047701,1,-0.0007551986811271671
2,sketch,100,0.05,-0.06340948304623961,0.002162835157428211,-0.0007551986811271671,-0.0029180338385553783,0.00744566547278247,-0.5523618334047701,2,-0.0015103973622543343
2,sketch,100,0.05,-0.06340948304623961,0.002162835157428211,-0.0007551986811271671,-0.0029180338385553783,0.00744566547278247,-0.5523618334047701,5,-0.0037759934056358357
2,sketch,100,0.05,-0.06340948304623961,0.002162835157428211,-0.0007551986811271671,-0.0029180338385553783,0.00744566547278247,-0.5523618334047701,10,-0.0075519868112716715
2,sketch,100,0.1,-0.013409483046239679,0.014662835157428167,0.011744801318872788,-0.0029180338385553783,0.019945665472782426,-0.5523618334047701,1,0.011744801318872788
2,sketch,100,0.1,-0.013409483046239679,0.014662835157428167,0.011744801318872788,-0.0029180338385553783,0.019945665472782426,-0.5523618334047701,2,0.023489602637745577
2,sketch,100,0.1,-0.013409483046239679,0.014662835157428167,0.011744801318872788,-0.0029180338385553783,0.019945665472782426,-0.5523618334047701,5,0.05872400659436394
2,sketch,100,0.1,-0.013409483046239679,0.014662835157428167,0.011744801318872788,-0.0029180338385553783,0.019945665472782426,-0.5523618334047701,10,0.11744801318872788
2,sketch,100,0.15,0.036590516953760366,0.018015205918988086,0.015097172080432708,-0.0029180338385553783,0.023298036234342345,-0.5523618334047701,1,-0.021493344873327658
2,sketch,100,0.15,0.036590516953760366,0.018015205918988086,0.015097172080432708,-0.0029180338385553783,0.023298036234342345,-0.5523618334047701,2,-0.00639617279289495
2,sketch,100,0.15,0.036590516953760366,0.018015205918988086,0.015097172080432708,-0.0029180338385553783,0.023298036234342345,-0.5523618334047701,5,0.038895343448403175
2,sketch,100,0.15,0.036590516953760366,0.018015205918988086,0.015097172080432708,-0.0029180338385553783,0.023298036234342345,-0.5523618334047701,10,0.11438120385056672
3,photo,25,0.0,-0.039713648405846125,-0.026504782319742737,-0.026504782319742737,0.0,0.0,0.0,1,-0.026504782319742737
3,photo,25,0.0,-0.039713648405846125,-0.026504782319742737,-0.026504782319742737,0.0,0.0,0.0,2,-0.053009564639485474
3,photo,25,0.0,-0.039713648405846125,-0.026504782319742737,-0.026504782319742737,0.0,0.0,0.0,5,-0.13252391159871368
3,photo,25,0.0,-0.039713648405846125,-0.026504782319742737,-0.026504782319742737,0.0,0.0,0.0,10,-0.26504782319742737
3,photo,25,0.02,-0.019713648405846107,-0.03303051300866078,-0.03371096842252941,-0.0006804554138686303,0.0014609097872246846,-0.01972825006076012,1,-0.03371096842252941
3,photo,25,0.02,-0.019713648405846107,-0.03303051300866078,-0.03371096842252941,-0.0006804554138686303,0.0014609097872246846,-0.01972825006076012,2,-0.06742193684505882
3,photo,25,0.02,-0.019713648405846107,-0.03303051300866078,-0.03371096842252941,-0.0006804554138686303,0.0014609097872246846,-0.01972825006076012,5,-0.16855484211264704
3,photo,25,0.02,-0.019713648405846107,-0.03303051300866078,-0.03371096842252941,-0.0006804554138686303,0.0014609097872246846,-0.01972825006076012,10,-0.3371096842252941
3,photo,25,0.05,0.01028635159415392,-0.03421713340864374,-0.033028276622681485,0.0011888567859622556,0.00748683735467881,0.028507040557582138,1,-0.043314628216835405
3,photo,25,0.05,0.01028635159415392,-0.03421713340864374,-0.033028276622681485,0.0011888567859622556,0.00748683735467881,0.028507040557582138,2,-0.07634290483951689
3,photo,25,0.05,0.01028635159415392,-0.03421713340864374,-0.033028276622681485,0.0011888567859622556,0.00748683735467881,0.028507040557582138,5,-0.17542773470756134
3,photo,25,0.05,0.01028635159415392,-0.03421713340864374,-0.033028276622681485,0.0011888567859622556,0.00748683735467881,0.028507040557582138,10,-0.34056911782096877
3,photo,25,0.1,0.06028635159415385,-0.032384615903081726,-0.03119575911711947,0.0011888567859622556,0.009319354860240825,0.028507040557582138,1,-0.09148211071127332
3,photo,25,0.1,0.06028635159415385,-0.032384615903081726,-0.03119575911711947,0.0011888567859622556,0.009319354860240825,0.028507040557582138,2,-0.1226778698283928
3,photo,25,0.1,0.06028635159415385,-0.032384615903081726,-0.03119575911711947,0.0011888567859622556,0.009319354860240825,0.028507040557582138,5,-0.2162651471797512
3,photo,25,0.1,0.06028635159415385,-0.032384615903081726,-0.03119575911711947,0.0011888567859622556,0.009319354860240825,0.028507040557582138,10,-0.37224394276534856
3,photo,25,0.15,0.1102863515941539,-0.032384615903081726,-0.03119575911711947,0.0011888567859622556,0.009319354860240825,0.028507040557582138,1,-0.14148211071127337
3,photo,25,0.15,0.1102863515941539,-0.032384615903081726,-0.03119575911711947,0.0011888567859622556,0.009319354860240825,0.028507040557582138,2,-0.17267786982839284
3,photo,25,0.15,0.1102863515941539,-0.032384615903081726,-0.03119575911711947,0.0011888567859622556,0.009319354860240825,0.028507040557582138,5,-0.26626514717975125
3,photo,25,0.15,0.1102863515941539,-0.032384615903081726,-0.03119575911711947,0.0011888567859622556,0.009319354860240825,0.028507040557582138,10,-0.4222439427653486
3,art_painting,25,0.0,-0.0573300700222481,-0.021680803414079297,-0.023393145034207863,-0.0017123416201285657,0.0,-0.07897962023937674,1,-0.023393145034207863
3,art_painting,25,0.0,-0.0573300700222481,-0.021680803414079297,-0.023393145034207863,-0.0017123416201285657,0.0,-0.07897962023937674,2,-0.046786290068415726
3,art_painting,25,0.0,-0.0573300700222481,-0.021680803414079297,-0.023393145034207863,-0.0017123416201285657,0.0,-0.07897962023937674,5,-0.11696572517103931
3,art_painting,25,0.0,-0.0573300700222481,-0.021680803414079297,-0.023393145034207863,-0.0017123416201285657,0.0,-0.07897962023937674,10,-0.23393145034207863
3,art_painting,25,0.02,-0.037330070022248085,-0.02608162487946797,-0.023203655032900006,0.0028779698465679626,0.00022086983353486467,0.10941813230914621,1,-0.023203655032900006
3,art_painting,25,0.02,-0.037330070022248085,-0.02608162487946797,-0.023203655032900006,0.0028779698465679626,0.00022086983353486467,0.10941813230914621,2,-0.04640731006580001
3,art_painting,25,0.02,-0.037330070022248085,-0.02608162487946797,-0.023203655032900006,0.0028779698465679626,0.00022086983353486467,0.10941813230914621,5,-0.11601827516450003
3,art_painting,25,0.02,-0.037330070022248085,-0.02608162487946797,-0.023203655032900006,0.0028779698465679626,0.00022086983353486467,0.10941813230914621,10,-0.23203655032900006
3,art_painting,25,0.05,-0.007330070022248059,-0.014521673018871528,-0.0107752429314385,0.003746430087433028,0.011780821694131083,0.14243630227139573,1,-0.0107752429314385
3,art_painting,25,0.05,-0.007330070022248059,-0.014521673018871528,-0.0107752429314385,0.003746430087433028,0.011780821694131083,0.14243630227139573,2,-0.021550485862877
3,art_painting,25,0.05,-0.007330070022248059,-0.014521673018871528,-0.0107752429314385,0.003746430087433028,0.011780821694131083,0.14243630227139573,5,-0.0538762146571925
3,art_painting,25,0.05,-0.007330070022248059,-0.014521673018871528,-0.0107752429314385,0.003746430087433028,0.011780821694131083,0.14243630227139573,10,-0.107752429314385
3,art_painting,25,0.1,0.042669929977751875,-0.012689155513309514,-0.008942725425876485,0.003746430087433028,0.013613339199693097,0.14243630227139573,1,-0.05161265540362836
3,art_painting,25,0.1,0.042669929977751875,-0.012689155513309514,-0.008942725425876485,0.003746430087433028,0.013613339199693097,0.14243630227139573,2,-0.060555380829504846
3,art_painting,25,0.1,0.042669929977751875,-0.012689155513309514,-0.008942725425876485,0.003746430087433028,0.013613339199693097,0.14243630227139573,5,-0.0873835571071343
3,art_painting,25,0.1,0.042669929977751875,-0.012689155513309514,-0.008942725425876485,0.003746430087433028,0.013613339199693097,0.14243630227139573,10,-0.13209718423651673
3,art_painting,25,0.15,0.09266992997775192,-0.012689155513309514,-0.008942725425876485,0.003746430087433028,0.013613339199693097,0.14243630227139573,1,-0.1016126554036284
3,art_painting,25,0.15,0.09266992997775192,-0.012689155513309514,-0.008942725425876485,0.003746430087433028,0.013613339199693097,0.14243630227139573,2,-0.11055538082950489
3,art_painting,25,0.15,0.09266992997775192,-0.012689155513309514,-0.008942725425876485,0.003746430087433028,0.013613339199693097,0.14243630227139573,5,-0.13738355710713435
3,art_painting,25,0.15,0.09266992997775192,-0.012689155513309514,-0.008942725425876485,0.003746430087433028,0.013613339199693097,0.14243630227139573,10,-0.18209718423651677
3,cartoon,25,0.0,0.04695709552371585,-0.004540169146492357,-0.009797047559417793,-0.0052568784129254365,0.0013715527614719392,-0.8892296516592482,1,-0.056754143083133646
3,cartoon,25,0.0,0.04695709552371585,-0.004540169146492357,-0.009797047559417793,-0.0052568784129254365,0.0013715527614719392,-0.8892296516592482,2,-0.06655119064255144
3,cartoon,25,0.0,0.04695709552371585,-0.004540169146492357,-0.009797047559417793,-0.0052568784129254365,0.0013715527614719392,-0.8892296516592482,5,-0.09594233332080482
3,cartoon,25,0.0,0.04695709552371585,-0.004540169146492357,-0.009797047559417793,-0.0052568784129254365,0.0013715527614719392,-0.8892296516592482,10,-0.14492757111789378
3,cartoon,25,0.02,0.06695709552371587,-0.004540169146492357,-0.009787580418217035,-0.005247411271724678,0.0013715527614719392,-0.8876282330965779,1,-0.0767446759419329
3,cartoon,25,0.02,0.06695709552371587,-0.004540169146492357,-0.009787580418217035,-0.005247411271724678,0.0013715527614719392,-0.8876282330965779,2,-0.08653225636014994
3,cartoon,25,0.02,0.06695709552371587,-0.004540169146492357,-0.009787580418217035,-0.005247411271724678,0.0013715527614719392,-0.8876282330965779,5,-0.11589499761480104
3,cartoon,25,0.02,0.06695709552371587,-0.004540169146492357,-0.009787580418217035,-0.005247411271724678,0.0013715527614719392,-0.8876282330965779,10,-0.16483289970588622
3,cartoon,25,0.05,0.0969570955237159,0.0028358490944593306,-0.000631893484329682,-0.0034677425787890126,0.008747571002423626,-0.586587568355889,1,-0.09758898900804558
3,cartoon,25,0.05,0.0969570955237159,0.0028358490944593306,-0.000631893484329682,-0.0034677425787890126,0.008747571002423626,-0.586587568355889,2,-0.09822088249237526
3,cartoon,25,0.05,0.0969570955237159,0.0028358490944593306,-0.000631893484329682,-0.0034677425787890126,0.008747571002423626,-0.586587568355889,5,-0.1001165629453643
3,cartoon,25,0.05,0.0969570955237159,0.0028358490944593306,-0.000631893484329682,-0.0034677425787890126,0.008747571002423626,-0.586587568355889,10,-0.10327603036701272
3,cartoon,25,0.1,0.14695709552371583,0.004668366600021345,0.0012006240212323327,-0.0034677425787890126,0.010580088507985641,-0.586587568355889,1,-0.1457564715024835
3,cartoon,25,0.1,0.14695709552371583,0.004668366600021345,0.0012006240212323327,-0.0034677425787890126,0.010580088507985641,-0.586587568355889,2,-0.14455584748125117
3,cartoon,25,0.1,0.14695709552371583,0.004668366600021345,0.0012006240212323327,-0.0034677425787890126,0.010580088507985641,-0.586587568355889,5,-0.14095397541755417
3,cartoon,25,0.1,0.14695709552371583,0.004668366600021345,0.0012006240212323327,-0.0034677425787890126,0.010580088507985641,-0.586587568355889,10,-0.1349508553113925
3,cartoon,25,0.15,0.19695709552371587,0.004668366600021345,0.0012006240212323327,-0.0034677425787890126,0.010580088507985641,-0.586587568355889,1,-0.19575647150248354
3,cartoon,25,0.15,0.19695709552371587,0.004668366600021345,0.0012006240212323327,-0.0034677425787890126,0.010580088507985641,-0.586587568355889,2,-0.1945558474812512
3,cartoon,25,0.15,0.19695709552371587,0.004668366600021345,0.0012006240212323327,-0.0034677425787890126,0.010580088507985641,-0.586587568355889,5,-0.1909539754175542
3,cartoon,25,0.15,0.19695709552371587,0.004668366600021345,0.0012006240212323327,-0.0034677425787890126,0.010580088507985641,-0.586587568355889,10,-0.18495085531139255
3,sketch,25,0.0,0.059062033755255094,-0.0036214026582210845,-0.005606385754099996,-0.0019849830958789116,-0.0016715585278124223,-1.0180214228010547,1,-0.06466841950935509
3,sketch,25,0.0,0.059062033755255094,-0.0036214026582210845,-0.005606385754099996,-0.0019849830958789116,-0.0016715585278124223,-1.0180214228010547,2,-0.07027480526345509
3,sketch,25,0.0,0.059062033755255094,-0.0036214026582210845,-0.005606385754099996,-0.0019849830958789116,-0.0016715585278124223,-1.0180214228010547,5,-0.08709396252575508
3,sketch,25,0.0,0.059062033755255094,-0.0036214026582210845,-0.005606385754099996,-0.0019849830958789116,-0.0016715585278124223,-1.0180214228010547,10,-0.11512589129625506
3,sketch,25,0.02,0.07906203375525511,-0.0036214026582210845,-0.005606385754099996,-0.0019849830958789116,-0.0016715585278124223,-1.0180214228010547,1,-0.08466841950935511
3,sketch,25,0.02,0.07906203375525511,-0.0036214026582210845,-0.005606385754099996,-0.0019849830958789116,-0.0016715585278124223,-1.0180214228010547,2,-0.0902748052634551
3,sketch,25,0.02,0.07906203375525511,-0.0036214026582210845,-0.005606385754099996,-0.0019849830958789116,-0.0016715585278124223,-1.0180214228010547,5,-0.1070939625257551
3,sketch,25,0.02,0.07906203375525511,-0.0036214026582210845,-0.005606385754099996,-0.0019849830958789116,-0.0016715585278124223,-1.0180214228010547,10,-0.13512589129625507
3,sketch,25,0.05,0.10906203375525514,-0.00485292975181717,-0.008177973652638504,-0.003325043900821334,-0.0016715585278124223,-1.0451606136789435,1,-0.11724000740789364
3,sketch,25,0.05,0.10906203375525514,-0.00485292975181717,-0.008177973652638504,-0.003325043900821334,-0.0016715585278124223,-1.0451606136789435,2,-0.12541798106053215
3,sketch,25,0.05,0.10906203375525514,-0.00485292975181717,-0.008177973652638504,-0.003325043900821334,-0.0016715585278124223,-1.0451606136789435,5,-0.14995190201844766
3,sketch,25,0.05,0.10906203375525514,-0.00485292975181717,-0.008177973652638504,-0.003325043900821334,-0.0016715585278124223,-1.0451606136789435,10,-0.19084177028164018
3,sketch,25,0.1,0.15906203375525507,-0.012182264994686332,-0.021980639082078812,-0.00979837408739248,-0.0016715585278124223,-0.9322279257130381,1,-0.18104267283733388
3,sketch,25,0.1,0.15906203375525507,-0.012182264994686332,-0.021980639082078812,-0.00979837408739248,-0.0016715585278124223,-0.9322279257130381,2,-0.2030233119194127
3,sketch,25,0.1,0.15906203375525507,-0.012182264994686332,-0.021980639082078812,-0.00979837408739248,-0.0016715585278124223,-0.9322279257130381,5,-0.26896522916564913
3,sketch,25,0.1,0.15906203375525507,-0.012182264994686332,-0.021980639082078812,-0.00979837408739248,-0.0016715585278124223,-0.9322279257130381,10,-0.3788684245760432
3,sketch,25,0.15,0.20906203375525512,-0.012182264994686332,-0.021980639082078812,-0.00979837408739248,-0.0016715585278124223,-0.9322279257130381,1,-0.23104267283733393
3,sketch,25,0.15,0.20906203375525512,-0.012182264994686332,-0.021980639082078812,-0.00979837408739248,-0.0016715585278124223,-0.9322279257130381,2,-0.25302331191941274
3,sketch,25,0.15,0.20906203375525512,-0.012182264994686332,-0.021980639082078812,-0.00979837408739248,-0.0016715585278124223,-0.9322279257130381,5,-0.3189652291656492
3,sketch,25,0.15,0.20906203375525512,-0.012182264994686332,-0.021980639082078812,-0.00979837408739248,-0.0016715585278124223,-0.9322279257130381,10,-0.42886842457604324
3,photo,50,0.0,-0.039713648405846125,-0.026504782319742737,-0.026504782319742737,0.0,0.0,0.0,1,-0.026504782319742737
3,photo,50,0.0,-0.039713648405846125,-0.026504782319742737,-0.026504782319742737,0.0,0.0,0.0,2,-0.053009564639485474
3,photo,50,0.0,-0.039713648405846125,-0.026504782319742737,-0.026504782319742737,0.0,0.0,0.0,5,-0.13252391159871368
3,photo,50,0.0,-0.039713648405846125,-0.026504782319742737,-0.026504782319742737,0.0,0.0,0.0,10,-0.26504782319742737
3,photo,50,0.02,-0.019713648405846107,-0.029752343480837218,-0.030609721025756542,-0.0008573775449193244,0.0036835700981536768,-0.0256424141931641,1,-0.030609721025756542
3,photo,50,0.02,-0.019713648405846107,-0.029752343480837218,-0.030609721025756542,-0.0008573775449193244,0.0036835700981536768,-0.0256424141931641,2,-0.061219442051513084
3,photo,50,0.02,-0.019713648405846107,-0.029752343480837218,-0.030609721025756542,-0.0008573775449193244,0.0036835700981536768,-0.0256424141931641,5,-0.1530486051287827
3,photo,50,0.02,-0.019713648405846107,-0.029752343480837218,-0.030609721025756542,-0.0008573775449193244,0.0036835700981536768,-0.0256424141931641,10,-0.3060972102575654
3,photo,50,0.05,0.01028635159415392,-0.024823931379375663,-0.02909090345076748,-0.004266972071391817,0.016111982199615182,-0.10423541820211665,1,-0.0393772550449214
3,photo,50,0.05,0.01028635159415392,-0.024823931379375663,-0.02909090345076748,-0.004266972071391817,0.016111982199615182,-0.10423541820211665,2,-0.06846815849568888
3,photo,50,0.05,0.01028635159415392,-0.024823931379375663,-0.02909090345076748,-0.004266972071391817,0.016111982199615182,-0.10423541820211665,5,-0.15574086884799132
3,photo,50,0.05,0.01028635159415392,-0.024823931379375663,-0.02909090345076748,-0.004266972071391817,0.016111982199615182,-0.10423541820211665,10,-0.3011953861018287
3,photo,50,0.1,0.06028635159415385,-0.0254775131855276,-0.03975838594520553,-0.014280872759677932,0.017944499705177197,-0.32888555386926777,1,-0.10004473753935939
3,photo,50,0.1,0.06028635159415385,-0.0254775131855276,-0.03975838594520553,-0.014280872759677932,0.017944499705177197,-0.32888555386926777,2,-0.13980312348456492
3,photo,50,0.1,0.06028635159415385,-0.0254775131855276,-0.03975838594520553,-0.014280872759677932,0.017944499705177197,-0.32888555386926777,5,-0.2590782813201815
3,photo,50,0.1,0.06028635159415385,-0.0254775131855276,-0.03975838594520553,-0.014280872759677932,0.017944499705177197,-0.32888555386926777,10,-0.4578702110462092
3,photo,50,0.15,0.1102863515941539,-0.0254775131855276,-0.0472311630569322,-0.0217536498714046,0.017944499705177197,-0.5009820693057122,1,-0.1575175146510861
3,photo,50,0.15,0.1102863515941539,-0.0254775131855276,-0.0472311630569322,-0.0217536498714046,0.017944499705177197,-0.5009820693057122,2,-0.2047486777080183
3,photo,50,0.15,0.1102863515941539,-0.0254775131855276,-0.0472311630569322,-0.0217536498714046,0.017944499705177197,-0.5009820693057122,5,-0.3464421668788149
3,photo,50,0.15,0.1102863515941539,-0.0254775131855276,-0.0472311630569322,-0.0217536498714046,0.017944499705177197,-0.5009820693057122,10,-0.5825979821634759
3,art_painting,50,0.0,-0.0573300700222481,-0.026504782319742737,-0.026504782319742737,0.0,0.0,0.0,1,-0.026504782319742737
3,art_painting,50,0.0,-0.0573300700222481,-0.026504782319742737,-0.026504782319742737,0.0,0.0,0.0,2,-0.053009564639485474
3,art_painting,50,0.0,-0.0573300700222481,-0.026504782319742737,-0.026504782319742737,0.0,0.0,0.0,5,-0.13252391159871368
3,art_painting,50,0.0,-0.0573300700222481,-0.026504782319742737,-0.026504782319742737,0.0,0.0,0.0,10,-0.26504782319742737
3,art_painting,50,0.02,-0.037330070022248085,-0.03281810886913805,-0.03380427010127107,-0.0009861612321330204,0.0,-0.030049301014428664,1,-0.03380427010127107
3,art_painting,50,0.02,-0.037330070022248085,-0.03281810886913805,-0.03380427010127107,-0.0009861612321330204,0.0,-0.030049301014428664,2,-0.06760854020254214
3,art_painting,50,0.02,-0.037330070022248085,-0.03281810886913805,-0.03380427010127107,-0.0009861612321330204,0.0,-0.030049301014428664,5,-0.16902135050635536
3,art_painting,50,0.02,-0.037330070022248085,-0.03281810886913805,-0.03380427010127107,-0.0009861612321330204,0.0,-0.030049301014428664,10,-0.3380427010127107
3,art_painting,50,0.05,-0.007330070022248059,-0.02164229929479744,-0.03945225342952363,-0.01780995413472619,0.011175809574340612,-0.5426867893498447,1,-0.03945225342952363
3,art_painting,50,0.05,-0.007330070022248059,-0.02164229929479744,-0.03945225342952363,-0.01780995413472619,0.011175809574340612,-0.5426867893498447,2,-0.07890450685904726
3,art_painting,50,0.05,-0.007330070022248059,-0.02164229929479744,-0.03945225342952363,-0.01780995413472619,0.011175809574340612,-0.5426867893498447,5,-0.19726126714761816
3,art_painting,50,0.05,-0.007330070022248059,-0.02164229929479744,-0.03945225342952363,-0.01780995413472619,0.011175809574340612,-0.5426867893498447,10,-0.3945225342952363
3,art_painting,50,0.1,0.042669929977751875,-0.019809781789235426,-0.05011973592396157,-0.030309954134726147,0.013008327079902626,-0.9235740625880318,1,-0.09278966590171345
3,art_painting,50,0.1,0.042669929977751875,-0.019809781789235426,-0.05011973592396157,-0.030309954134726147,0.013008327079902626,-0.9235740625880318,2,-0.14290940182567502
3,art_painting,50,0.1,0.042669929977751875,-0.019809781789235426,-0.05011973592396157,-0.030309954134726147,0.013008327079902626,-0.9235740625880318,5,-0.29326860959755974
3,art_painting,50,0.1,0.042669929977751875,-0.019809781789235426,-0.05011973592396157,-0.030309954134726147,0.013008327079902626,-0.9235740625880318,10,-0.5438672892173676
3,art_painting,50,0.15,0.09266992997775192,-0.019809781789235426,-0.05336783168748005,-0.033558049898244624,0.013008327079902626,-1.0225467296746769,1,-0.14603776166523197
3,art_painting,50,0.15,0.09266992997775192,-0.019809781789235426,-0.05336783168748005,-0.033558049898244624,0.013008327079902626,-1.0225467296746769,2,-0.19940559335271202
3,art_painting,50,0.15,0.09266992997775192,-0.019809781789235426,-0.05336783168748005,-0.033558049898244624,0.013008327079902626,-1.0225467296746769,5,-0.35950908841515217
3,art_painting,50,0.15,0.09266992997775192,-0.019809781789235426,-0.05336783168748005,-0.033558049898244624,0.013008327079902626,-1.0225467296746769,10,-0.6263482468525524
3,cartoon,50,0.0,0.04695709552371585,-0.012667118145141543,-0.020062101078163863,-0.0073949829330223205,0.002098390293672203,-0.5008281945498946,1,-0.06701919660187972
3,cartoon,50,0.0,0.04695709552371585,-0.012667118145141543,-0.020062101078163863,-0.0073949829330223205,0.002098390293672203,-0.5008281945498946,2,-0.08708129768004358
3,cartoon,50,0.0,0.04695709552371585,-0.012667118145141543,-0.020062101078163863,-0.0073949829330223205,0.002098390293672203,-0.5008281945498946,5,-0.14726760091453517
3,cartoon,50,0.0,0.04695709552371585,-0.012667118145141543,-0.020062101078163863,-0.0073949829330223205,0.002098390293672203,-0.5008281945498946,10,-0.24757810630535448
3,cartoon,50,0.02,0.06695709552371587,-0.016382140799859224,-0.025062101078163868,-0.008679960278304644,0.0033833676389545264,-0.43914682514615755,1,-0.09201919660187974
3,cartoon,50,0.02,0.06695709552371587,-0.016382140799859224,-0.025062101078163868,-0.008679960278304644,0.0033833676389545264,-0.43914682514615755,2,-0.1170812976800436
3,cartoon,50,0.02,0.06695709552371587,-0.016382140799859224,-0.025062101078163868,-0.008679960278304644,0.0033833676389545264,-0.43914682514615755,5,-0.1922676009145352
3,cartoon,50,0.02,0.06695709552371587,-0.016382140799859224,-0.025062101078163868,-0.008679960278304644,0.0033833676389545264,-0.43914682514615755,10,-0.31757810630535455
3,cartoon,50,0.05,0.0969570955237159,-0.01324811489209643,-0.030051805772302043,-0.016803690880205613,0.013245801005376645,-0.6342471586772233,1,-0.12700890129601794
3,cartoon,50,0.05,0.0969570955237159,-0.01324811489209643,-0.030051805772302043,-0.016803690880205613,0.013245801005376645,-0.6342471586772233,2,-0.15706070706831998
3,cartoon,50,0.05,0.0969570955237159,-0.01324811489209643,-0.030051805772302043,-0.016803690880205613,0.013245801005376645,-0.6342471586772233,5,-0.2472161243852261
3,cartoon,50,0.05,0.0969570955237159,-0.01324811489209643,-0.030051805772302043,-0.016803690880205613,0.013245801005376645,-0.6342471586772233,10,-0.3974751532467363
3,cartoon,50,0.1,0.14695709552371583,-0.011415597386534415,-0.03469202939910321,-0.023276432012568793,0.01507831851093866,-0.8785576319727368,1,-0.18164912492281904
3,cartoon,50,0.1,0.14695709552371583,-0.011415597386534415,-0.03469202939910321,-0.023276432012568793,0.01507831851093866,-0.8785576319727368,2,-0.21634115432192225
3,cartoon,50,0.1,0.14695709552371583,-0.011415597386534415,-0.03469202939910321,-0.023276432012568793,0.01507831851093866,-0.8785576319727368,5,-0.32041724251923187
3,cartoon,50,0.1,0.14695709552371583,-0.011415597386534415,-0.03469202939910321,-0.023276432012568793,0.01507831851093866,-0.8785576319727368,10,-0.4938773895147479
3,cartoon,50,0.15,0.19695709552371587,-0.011415597386534415,-0.03469202939910321,-0.023276432012568793,0.01507831851093866,-0.8785576319727368,1,-0.23164912492281908
3,cartoon,50,0.15,0.19695709552371587,-0.011415597386534415,-0.03469202939910321,-0.023276432012568793,0.01507831851093866,-0.8785576319727368,2,-0.2663411543219223
3,cartoon,50,0.15,0.19695709552371587,-0.011415597386534415,-0.03469202939910321,-0.023276432012568793,0.01507831851093866,-0.8785576319727368,5,-0.3704172425192319
3,cartoon,50,0.15,0.19695709552371587,-0.011415597386534415,-0.03469202939910321,-0.023276432012568793,0.01507831851093866,-0.8785576319727368,10,-0.543877389514748
3,sketch,50,0.0,0.059062033755255094,-0.014323543457521626,-0.02285143887413621,-0.008527895416614584,-0.014323543457521626,,1,-0.0819134726293913
3,sketch,50,0.0,0.059062033755255094,-0.014323543457521626,-0.02285143887413621,-0.008527895416614584,-0.014323543457521626,,2,-0.10476491150352751
3,sketch,50,0.0,0.059062033755255094,-0.014323543457521626,-0.02285143887413621,-0.008527895416614584,-0.014323543457521626,,5,-0.17331922812593614
3,sketch,50,0.0,0.059062033755255094,-0.014323543457521626,-0.02285143887413621,-0.008527895416614584,-0.014323543457521626,,10,-0.2875764224966172
3,sketch,50,0.02,0.07906203375525511,-0.01932354345752163,-0.027851438874136214,-0.008527895416614584,-0.01932354345752163,,1,-0.10691347262939133
3,sketch,50,0.02,0.07906203375525511,-0.01932354345752163,-0.027851438874136214,-0.008527895416614584,-0.01932354345752163,,2,-0.13476491150352754
3,sketch,50,0.02,0.07906203375525511,-0.01932354345752163,-0.027851438874136214,-0.008527895416614584,-0.01932354345752163,,5,-0.21831922812593618
3,sketch,50,0.02,0.07906203375525511,-0.01932354345752163,-0.027851438874136214,-0.008527895416614584,-0.01932354345752163,,10,-0.35757642249661725
3,sketch,50,0.05,0.10906203375525514,-0.028011087440632187,-0.03662694907821784,-0.008615861637585653,-0.026823543457521692,-7.255193710820217,1,-0.14568898283347298
3,sketch,50,0.05,0.10906203375525514,-0.028011087440632187,-0.03662694907821784,-0.008615861637585653,-0.026823543457521692,-7.255193710820217,2,-0.18231593191169082
3,sketch,50,0.05,0.10906203375525514,-0.028011087440632187,-0.03662694907821784,-0.008615861637585653,-0.026823543457521692,-7.255193710820217,5,-0.29219677914634434
3,sketch,50,0.05,0.10906203375525514,-0.028011087440632187,-0.03662694907821784,-0.008615861637585653,-0.026823543457521692,-7.255193710820217,10,-0.47533152453743355
3,sketch,50,0.1,0.15906203375525507,-0.041356713810491774,-0.05099070298984365,-0.009633989179351876,-0.03194222364173227,-1.0233150183023978,1,-0.21005273674509872
3,sketch,50,0.1,0.15906203375525507,-0.041356713810491774,-0.05099070298984365,-0.009633989179351876,-0.03194222364173227,-1.0233150183023978,2,-0.2610434397349424
3,sketch,50,0.1,0.15906203375525507,-0.041356713810491774,-0.05099070298984365,-0.009633989179351876,-0.03194222364173227,-1.0233150183023978,5,-0.4140155487044733
3,sketch,50,0.1,0.15906203375525507,-0.041356713810491774,-0.05099070298984365,-0.009633989179351876,-0.03194222364173227,-1.0233150183023978,10,-0.6689690636536916
3,sketch,50,0.15,0.20906203375525512,-0.041356713810491774,-0.05099070298984365,-0.009633989179351876,-0.03194222364173227,-1.0233150183023978,1,-0.26005273674509877
3,sketch,50,0.15,0.20906203375525512,-0.041356713810491774,-0.05099070298984365,-0.009633989179351876,-0.03194222364173227,-1.0233150183023978,2,-0.3110434397349424
3,sketch,50,0.15,0.20906203375525512,-0.041356713810491774,-0.05099070298984365,-0.009633989179351876,-0.03194222364173227,-1.0233150183023978,5,-0.46401554870447337
3,sketch,50,0.15,0.20906203375525512,-0.041356713810491774,-0.05099070298984365,-0.009633989179351876,-0.03194222364173227,-1.0233150183023978,10,-0.7189690636536916
3,photo,100,0.0,-0.039713648405846125,-0.017569694874803088,-0.014508494317543086,0.003061200557260002,0.008935087444939649,0.11549615915840938,1,-0.014508494317543086
3,photo,100,0.0,-0.039713648405846125,-0.017569694874803088,-0.014508494317543086,0.003061200557260002,0.008935087444939649,0.11549615915840938,2,-0.02901698863508617
3,photo,100,0.0,-0.039713648405846125,-0.017569694874803088,-0.014508494317543086,0.003061200557260002,0.008935087444939649,0.11549615915840938,5,-0.07254247158771543
3,photo,100,0.0,-0.039713648405846125,-0.017569694874803088,-0.014508494317543086,0.003061200557260002,0.008935087444939649,0.11549615915840938,10,-0.14508494317543086
3,photo,100,0.02,-0.019713648405846107,-0.01811561091852465,-0.012489257878826932,0.005626353039697718,0.015512752289353449,0.16730974995475353,1,-0.012489257878826932
3,photo,100,0.02,-0.019713648405846107,-0.01811561091852465,-0.012489257878826932,0.005626353039697718,0.015512752289353449,0.16730974995475353,2,-0.024978515757653863
3,photo,100,0.02,-0.019713648405846107,-0.01811561091852465,-0.012489257878826932,0.005626353039697718,0.015512752289353449,0.16730974995475353,5,-0.06244628939413466
3,photo,100,0.02,-0.019713648405846107,-0.01811561091852465,-0.012489257878826932,0.005626353039697718,0.015512752289353449,0.16730974995475353,10,-0.12489257878826932
3,photo,100,0.05,0.01028635159415392,-0.013187198817063095,-0.004174024958438216,0.009013173858624879,0.027941164390814954,0.2191473998872492,1,-0.014460376552592136
3,photo,100,0.05,0.01028635159415392,-0.013187198817063095,-0.004174024958438216,0.009013173858624879,0.027941164390814954,0.2191473998872492,2,-0.018634401511030352
3,photo,100,0.05,0.01028635159415392,-0.013187198817063095,-0.004174024958438216,0.009013173858624879,0.027941164390814954,0.2191473998872492,5,-0.031156476386345
3,photo,100,0.05,0.01028635159415392,-0.013187198817063095,-0.004174024958438216,0.009013173858624879,0.027941164390814954,0.2191473998872492,10,-0.05202660117853608
3,photo,100,0.1,0.06028635159415385,-0.01919681399648976,-0.0023415074528762014,0.016855306543613557,0.02977368189637697,0.3441930949706552,1,-0.06262785904703005
3,photo,100,0.1,0.06028635159415385,-0.01919681399648976,-0.0023415074528762014,0.016855306543613557,0.02977368189637697,0.3441930949706552,2,-0.06496936649990626
3,photo,100,0.1,0.06028635159415385,-0.01919681399648976,-0.0023415074528762014,0.016855306543613557,0.02977368189637697,0.3441930949706552,5,-0.07199388885853486
3,photo,100,0.1,0.06028635159415385,-0.01919681399648976,-0.0023415074528762014,0.016855306543613557,0.02977368189637697,0.3441930949706552,10,-0.08370142612291587
3,photo,100,0.15,0.1102863515941539,-0.01919681399648976,-0.0023415074528762014,0.016855306543613557,0.02977368189637697,0.3441930949706552,1,-0.1126278590470301
3,photo,100,0.15,0.1102863515941539,-0.01919681399648976,-0.0023415074528762014,0.016855306543613557,0.02977368189637697,0.3441930949706552,2,-0.1149693664999063
3,photo,100,0.15,0.1102863515941539,-0.01919681399648976,-0.0023415074528762014,0.016855306543613557,0.02977368189637697,0.3441930949706552,5,-0.1219938888585349
3,photo,100,0.15,0.1102863515941539,-0.01919681399648976,-0.0023415074528762014,0.016855306543613557,0.02977368189637697,0.3441930949706552,10,-0.1337014261229159
3,art_painting,100,0.0,-0.0573300700222481,-0.023228783086857052,-0.017328617512821776,0.0059001655740352765,0.001039245234621733,0.2431250489687803,1,-0.017328617512821776
3,art_painting,100,0.0,-0.0573300700222481,-0.023228783086857052,-0.017328617512821776,0.0059001655740352765,0.001039245234621733,0.2431250489687803,2,-0.03465723502564355
3,art_painting,100,0.0,-0.0573300700222481,-0.023228783086857052,-0.017328617512821776,0.0059001655740352765,0.001039245234621733,0.2431250489687803,5,-0.08664308756410888
3,art_painting,100,0.0,-0.0573300700222481,-0.023228783086857052,-0.017328617512821776,0.0059001655740352765,0.001039245234621733,0.2431250489687803,10,-0.17328617512821776
3,art_painting,100,0.02,-0.037330070022248085,-0.019269348862048674,-0.009620149469935502,0.009649199392113172,0.009998679459430226,0.3296839570512484,1,-0.009620149469935502
3,art_painting,100,0.02,-0.037330070022248085,-0.019269348862048674,-0.009620149469935502,0.009649199392113172,0.009998679459430226,0.3296839570512484,2,-0.019240298939871003
3,art_painting,100,0.02,-0.037330070022248085,-0.019269348862048674,-0.009620149469935502,0.009649199392113172,0.009998679459430226,0.3296839570512484,5,-0.04810074734967751
3,art_painting,100,0.02,-0.037330070022248085,-0.019269348862048674,-0.009620149469935502,0.009649199392113172,0.009998679459430226,0.3296839570512484,10,-0.09620149469935502
3,art_painting,100,0.05,-0.007330070022248059,-0.011774723582261393,0.002808262631526004,0.014582986213787397,0.022427091560891732,0.4263804757949161,1,0.002808262631526004
3,art_painting,100,0.05,-0.007330070022248059,-0.011774723582261393,0.002808262631526004,0.014582986213787397,0.022427091560891732,0.4263804757949161,2,0.005616525263052008
3,art_painting,100,0.05,-0.007330070022248059,-0.011774723582261393,0.002808262631526004,0.014582986213787397,0.022427091560891732,0.4263804757949161,5,0.01404131315763002
3,art_painting,100,0.05,-0.007330070022248059,-0.011774723582261393,0.002808262631526004,0.014582986213787397,0.022427091560891732,0.4263804757949161,10,0.02808262631526004
3,art_painting,100,0.1,0.042669929977751875,-0.009942206076699378,0.004640780137088019,0.014582986213787397,0.024259609066453747,0.4263804757949161,1,-0.038029149840663856
3,art_painting,100,0.1,0.042669929977751875,-0.009942206076699378,0.004640780137088019,0.014582986213787397,0.024259609066453747,0.4263804757949161,2,-0.03338836970357584
3,art_painting,100,0.1,0.042669929977751875,-0.009942206076699378,0.004640780137088019,0.014582986213787397,0.024259609066453747,0.4263804757949161,5,-0.01946602929231178
3,art_painting,100,0.1,0.042669929977751875,-0.009942206076699378,0.004640780137088019,0.014582986213787397,0.024259609066453747,0.4263804757949161,10,0.0037378713931283114
3,art_painting,100,0.15,0.09266992997775192,-0.009942206076699378,0.004640780137088019,0.014582986213787397,0.024259609066453747,0.4263804757949161,1,-0.0880291498406639
3,art_painting,100,0.15,0.09266992997775192,-0.009942206076699378,0.004640780137088019,0.014582986213787397,0.024259609066453747,0.4263804757949161,2,-0.08338836970357588
3,art_painting,100,0.15,0.09266992997775192,-0.009942206076699378,0.004640780137088019,0.014582986213787397,0.024259609066453747,0.4263804757949161,5,-0.06946602929231183
3,art_painting,100,0.15,0.09266992997775192,-0.009942206076699378,0.004640780137088019,0.014582986213787397,0.024259609066453747,0.4263804757949161,10,-0.04626212860687173
3,cartoon,100,0.0,0.04695709552371585,-0.01006980527010215,-0.01763442507853663,-0.007564619808434481,0.004695703168711596,-0.5123169201914878,1,-0.06459152060225248
3,cartoon,100,0.0,0.04695709552371585,-0.01006980527010215,-0.01763442507853663,-0.007564619808434481,0.004695703168711596,-0.5123169201914878,2,-0.08222594568078911
3,cartoon,100,0.0,0.04695709552371585,-0.01006980527010215,-0.01763442507853663,-0.007564619808434481,0.004695703168711596,-0.5123169201914878,5,-0.135129220916399
3,cartoon,100,0.0,0.04695709552371585,-0.01006980527010215,-0.01763442507853663,-0.007564619808434481,0.004695703168711596,-0.5123169201914878,10,-0.22330134630908216
3,cartoon,100,0.02,0.06695709552371587,-0.015060338128901396,-0.020205886860629296,-0.0051455487317279,0.004705170309912354,-0.2603296923859307,1,-0.08716298238434517
3,cartoon,100,0.02,0.06695709552371587,-0.015060338128901396,-0.020205886860629296,-0.0051455487317279,0.004705170309912354,-0.2603296923859307,2,-0.10736886924497446
3,cartoon,100,0.02,0.06695709552371587,-0.015060338128901396,-0.020205886860629296,-0.0051455487317279,0.004705170309912354,-0.2603296923859307,5,-0.16798652982686235
3,cartoon,100,0.02,0.06695709552371587,-0.015060338128901396,-0.020205886860629296,-0.0051455487317279,0.004705170309912354,-0.2603296923859307,10,-0.26901596413000883
3,cartoon,100,0.05,0.0969570955237159,-0.015663484992481935,-0.018845870695704092,-0.003182385703222157,0.01032391877110772,-0.1224587778053044,1,-0.11580296621941999
3,cartoon,100,0.05,0.0969570955237159,-0.015663484992481935,-0.018845870695704092,-0.003182385703222157,0.01032391877110772,-0.1224587778053044,2,-0.13464883691512408
3,cartoon,100,0.05,0.0969570955237159,-0.015663484992481935,-0.018845870695704092,-0.003182385703222157,0.01032391877110772,-0.1224587778053044,5,-0.19118644900223636
3,cartoon,100,0.05,0.0969570955237159,-0.015663484992481935,-0.018845870695704092,-0.003182385703222157,0.01032391877110772,-0.1224587778053044,10,-0.2854158024807568
3,cartoon,100,0.1,0.14695709552371583,-0.01383096748691992,-0.026379798016898492,-0.012548830529978572,0.012156436276669735,-0.48288126986969143,1,-0.17333689354061432
3,cartoon,100,0.1,0.14695709552371583,-0.01383096748691992,-0.026379798016898492,-0.012548830529978572,0.012156436276669735,-0.48288126986969143,2,-0.19971669155751282
3,cartoon,100,0.1,0.14695709552371583,-0.01383096748691992,-0.026379798016898492,-0.012548830529978572,0.012156436276669735,-0.48288126986969143,5,-0.2788560856082083
3,cartoon,100,0.1,0.14695709552371583,-0.01383096748691992,-0.026379798016898492,-0.012548830529978572,0.012156436276669735,-0.48288126986969143,10,-0.41075507569270076
3,cartoon,100,0.15,0.19695709552371587,-0.01383096748691992,-0.026379798016898492,-0.012548830529978572,0.012156436276669735,-0.48288126986969143,1,-0.22333689354061437
3,cartoon,100,0.15,0.19695709552371587,-0.01383096748691992,-0.026379798016898492,-0.012548830529978572,0.012156436276669735,-0.48288126986969143,2,-0.24971669155751286
3,cartoon,100,0.15,0.19695709552371587,-0.01383096748691992,-0.026379798016898492,-0.012548830529978572,0.012156436276669735,-0.48288126986969143,5,-0.32885608560820834
3,cartoon,100,0.15,0.19695709552371587,-0.01383096748691992,-0.026379798016898492,-0.012548830529978572,0.012156436276669735,-0.48288126986969143,10,-0.4607550756927008
3,sketch,100,0.0,0.059062033755255094,-0.012880992194808094,-0.01361189411891639,-0.0007309019241082959,-0.012880992194808094,,1,-0.07267392787417148
3,sketch,100,0.0,0.059062033755255094,-0.012880992194808094,-0.01361189411891639,-0.0007309019241082959,-0.012880992194808094,,2,-0.08628582199308787
3,sketch,100,0.0,0.059062033755255094,-0.012880992194808094,-0.01361189411891639,-0.0007309019241082959,-0.012880992194808094,,5,-0.12712150434983704
3,sketch,100,0.0,0.059062033755255094,-0.012880992194808094,-0.01361189411891639,-0.0007309019241082959,-0.012880992194808094,,10,-0.195180974944419
3,sketch,100,0.02,0.07906203375525511,-0.012880992194808094,-0.015776573983246944,-0.00289558178843885,-0.012880992194808094,,1,-0.09483860773850206
3,sketch,100,0.02,0.07906203375525511,-0.012880992194808094,-0.015776573983246944,-0.00289558178843885,-0.012880992194808094,,2,-0.110615181721749
3,sketch,100,0.02,0.07906203375525511,-0.012880992194808094,-0.015776573983246944,-0.00289558178843885,-0.012880992194808094,,5,-0.15794490367148983
3,sketch,100,0.02,0.07906203375525511,-0.012880992194808094,-0.015776573983246944,-0.00289558178843885,-0.012880992194808094,,10,-0.23682777358772455
3,sketch,100,0.05,0.10906203375525514,-0.014191972649281404,-0.013372531783002684,0.00081944086627872,-0.012880992194808094,0.625059560180806,1,-0.12243456553825782
3,sketch,100,0.05,0.10906203375525514,-0.014191972649281404,-0.013372531783002684,0.00081944086627872,-0.012880992194808094,0.625059560180806,2,-0.1358070973212605
3,sketch,100,0.05,0.10906203375525514,-0.014191972649281404,-0.013372531783002684,0.00081944086627872,-0.012880992194808094,0.625059560180806,5,-0.17592469267026856
3,sketch,100,0.05,0.10906203375525514,-0.014191972649281404,-0.013372531783002684,0.00081944086627872,-0.012880992194808094,0.625059560180806,10,-0.24278735158528197
3,sketch,100,0.1,0.15906203375525507,-0.017690212741338085,-0.022996115440084175,-0.00530590269874609,-0.012880992194808094,-1.103277058602453,1,-0.18205814919533925
3,sketch,100,0.1,0.15906203375525507,-0.017690212741338085,-0.022996115440084175,-0.00530590269874609,-0.012880992194808094,-1.103277058602453,2,-0.20505426463542342
3,sketch,100,0.1,0.15906203375525507,-0.017690212741338085,-0.022996115440084175,-0.00530590269874609,-0.012880992194808094,-1.103277058602453,5,-0.27404261095567595
3,sketch,100,0.1,0.15906203375525507,-0.017690212741338085,-0.022996115440084175,-0.00530590269874609,-0.012880992194808094,-1.103277058602453,10,-0.3890231881560968
3,sketch,100,0.15,0.20906203375525512,-0.017690212741338085,-0.022996115440084175,-0.00530590269874609,-0.012880992194808094,-1.103277058602453,1,-0.2320581491953393
3,sketch,100,0.15,0.20906203375525512,-0.017690212741338085,-0.022996115440084175,-0.00530590269874609,-0.012880992194808094,-1.103277058602453,2,-0.25505426463542347
3,sketch,100,0.15,0.20906203375525512,-0.017690212741338085,-0.022996115440084175,-0.00530590269874609,-0.012880992194808094,-1.103277058602453,5,-0.324042610955676
3,sketch,100,0.15,0.20906203375525512,-0.017690212741338085,-0.022996115440084175,-0.00530590269874609,-0.012880992194808094,-1.103277058602453,10,-0.43902318815609687
4,photo,25,0.0,-0.07717569786535317,0.0,0.0,0.0,0.0,,1,0.0
4,photo,25,0.0,-0.07717569786535317,0.0,0.0,0.0,0.0,,2,0.0
4,photo,25,0.0,-0.07717569786535317,0.0,0.0,0.0,0.0,,5,0.0
4,photo,25,0.0,-0.07717569786535317,0.0,0.0,0.0,0.0,,10,0.0
4,photo,25,0.02,-0.05717569786535315,-1.4499002841450448e-05,-1.4499002841450448e-05,0.0,0.0,0.0,1,-1.4499002841450448e-05
4,photo,25,0.02,-0.05717569786535315,-1.4499002841450448e-05,-1.4499002841450448e-05,0.0,0.0,0.0,2,-2.8998005682900896e-05
4,photo,25,0.02,-0.05717569786535315,-1.4499002841450448e-05,-1.4499002841450448e-05,0.0,0.0,0.0,5,-7.249501420725224e-05
4,photo,25,0.02,-0.05717569786535315,-1.4499002841450448e-05,-1.4499002841450448e-05,0.0,0.0,0.0,10,-0.00014499002841450448
4,photo,25,0.05,-0.02717569786535312,-0.0016409814478725027,-0.009066199271607123,-0.00742521782373462,0.0055007356803579155,-1.0396964330025835,1,-0.009066199271607123
4,photo,25,0.05,-0.02717569786535312,-0.0016409814478725027,-0.009066199271607123,-0.00742521782373462,0.0055007356803579155,-1.0396964330025835,2,-0.018132398543214245
4,photo,25,0.05,-0.02717569786535312,-0.0016409814478725027,-0.009066199271607123,-0.00742521782373462,0.0055007356803579155,-1.0396964330025835,5,-0.04533099635803561
4,photo,25,0.05,-0.02717569786535312,-0.0016409814478725027,-0.009066199271607123,-0.00742521782373462,0.0055007356803579155,-1.0396964330025835,10,-0.09066199271607123
4,photo,25,0.1,0.022824302134646812,-0.00734705698153415,-0.01901173074241891,-0.011664673760884758,0.012294660146696224,-0.5938724035547543,1,-0.04183603287706572
4,photo,25,0.1,0.022824302134646812,-0.00734705698153415,-0.01901173074241891,-0.011664673760884758,0.012294660146696224,-0.5938724035547543,2,-0.06084776361948463
4,photo,25,0.1,0.022824302134646812,-0.00734705698153415,-0.01901173074241891,-0.011664673760884758,0.012294660146696224,-0.5938724035547543,5,-0.11788295584674136
4,photo,25,0.1,0.022824302134646812,-0.00734705698153415,-0.01901173074241891,-0.011664673760884758,0.012294660146696224,-0.5938724035547543,10,-0.2129416095588359
4,photo,25,0.15,0.07282430213464686,-0.019847056981534217,-0.031511730742418975,-0.011664673760884758,0.012294660146696224,-0.36291383295883534,1,-0.10433603287706583
4,photo,25,0.15,0.07282430213464686,-0.019847056981534217,-0.031511730742418975,-0.011664673760884758,0.012294660146696224,-0.36291383295883534,2,-0.1358477636194848
4,photo,25,0.15,0.07282430213464686,-0.019847056981534217,-0.031511730742418975,-0.011664673760884758,0.012294660146696224,-0.36291383295883534,5,-0.23038295584674173
4,photo,25,0.15,0.07282430213464686,-0.019847056981534217,-0.031511730742418975,-0.011664673760884758,0.012294660146696224,-0.36291383295883534,10,-0.3879416095588366
4,art_painting,25,0.0,-0.03506932337382285,0.0,0.0,0.0,0.0,,1,0.0
4,art_painting,25,0.0,-0.03506932337382285,0.0,0.0,0.0,0.0,,2,0.0
4,art_painting,25,0.0,-0.03506932337382285,0.0,0.0,0.0,0.0,,5,0.0
4,art_painting,25,0.0,-0.03506932337382285,0.0,0.0,0.0,0.0,,10,0.0
4,art_painting,25,0.02,-0.01506932337382283,9.557257729697621e-05,0.0002948739684526247,0.0001993013911556485,9.557257729697621e-05,,1,0.0002948739684526247
4,art_painting,25,0.02,-0.01506932337382283,9.557257729697621e-05,0.0002948739684526247,0.0001993013911556485,9.557257729697621e-05,,2,0.0005897479369052494
4,art_painting,25,0.02,-0.01506932337382283,9.557257729697621e-05,0.0002948739684526247,0.0001993013911556485,9.557257729697621e-05,,5,0.0014743698422631235
4,art_painting,25,0.02,-0.01506932337382283,9.557257729697621e-05,0.0002948739684526247,0.0001993013911556485,9.557257729697621e-05,,10,0.002948739684526247
4,art_painting,25,0.05,0.014930676626177197,0.013670434959778488,0.0074256089944735315,-0.0062448259653049565,0.013670434959778488,,1,-0.007505067631703666
4,art_painting,25,0.05,0.014930676626177197,0.013670434959778488,0.0074256089944735315,-0.0062448259653049565,0.013670434959778488,,2,-7.945863723013424e-05
4,art_painting,25,0.05,0.014930676626177197,0.013670434959778488,0.0074256089944735315,-0.0062448259653049565,0.013670434959778488,,5,0.02219736834619046
4,art_painting,25,0.05,0.014930676626177197,0.013670434959778488,0.0074256089944735315,-0.0062448259653049565,0.013670434959778488,,10,0.05932541331855812
4,art_painting,25,0.1,0.06493067662617713,0.020464359426116796,0.001719533460811884,-0.018744825965304912,0.020464359426116796,,1,-0.06321114316536525
4,art_painting,25,0.1,0.06493067662617713,0.020464359426116796,0.001719533460811884,-0.018744825965304912,0.020464359426116796,,2,-0.06149160970455336
4,art_painting,25,0.1,0.06493067662617713,0.020464359426116796,0.001719533460811884,-0.018744825965304912,0.020464359426116796,,5,-0.05633300932211771
4,art_painting,25,0.1,0.06493067662617713,0.020464359426116796,0.001719533460811884,-0.018744825965304912,0.020464359426116796,,10,-0.04773534201805829
4,art_painting,25,0.15,0.11493067662617718,0.020464359426116796,-0.003006260768492419,-0.023470620194609215,0.020464359426116796,,1,-0.1179369373946696
4,art_painting,25,0.15,0.11493067662617718,0.020464359426116796,-0.003006260768492419,-0.023470620194609215,0.020464359426116796,,2,-0.12094319816316201
4,art_painting,25,0.15,0.11493067662617718,0.020464359426116796,-0.003006260768492419,-0.023470620194609215,0.020464359426116796,,5,-0.12996198046863927
4,art_painting,25,0.15,0.11493067662617718,0.020464359426116796,-0.003006260768492419,-0.023470620194609215,0.020464359426116796,,10,-0.14499328431110137
4,cartoon,25,0.0,-0.01994200398863455,0.0,0.0,0.0,0.0,,1,0.0
4,cartoon,25,0.0,-0.01994200398863455,0.0,0.0,0.0,0.0,,2,0.0
4,cartoon,25,0.0,-0.01994200398863455,0.0,0.0,0.0,0.0,,5,0.0
4,cartoon,25,0.0,-0.01994200398863455,0.0,0.0,0.0,0.0,,10,0.0
4,cartoon,25,0.02,5.7996011365468725e-05,0.004081471806881565,0.0022897430554070786,-0.0017917287514744862,0.004081471806881565,,1,0.00223174704404161
4,cartoon,25,0.02,5.7996011365468725e-05,0.004081471806881565,0.0022897430554070786,-0.0017917287514744862,0.004081471806881565,,2,0.004521490099448688
4,cartoon,25,0.02,5.7996011365468725e-05,0.004081471806881565,0.0022897430554070786,-0.0017917287514744862,0.004081471806881565,,5,0.011390719265669924
4,cartoon,25,0.02,5.7996011365468725e-05,0.004081471806881565,0.0022897430554070786,-0.0017917287514744862,0.004081471806881565,,10,0.022839434542705317
4,cartoon,25,0.05,0.030057996011365495,0.005230918458343892,0.0034655810555028754,-0.0017653374028410163,0.007275362941451924,-0.8634802350598887,1,-0.02659241495586262
4,cartoon,25,0.05,0.030057996011365495,0.005230918458343892,0.0034655810555028754,-0.0017653374028410163,0.007275362941451924,-0.8634802350598887,2,-0.023126833900359745
4,cartoon,25,0.05,0.030057996011365495,0.005230918458343892,0.0034655810555028754,-0.0017653374028410163,0.007275362941451924,-0.8634802350598887,5,-0.012730090733851118
4,cartoon,25,0.05,0.030057996011365495,0.005230918458343892,0.0034655810555028754,-0.0017653374028410163,0.007275362941451924,-0.8634802350598887,10,0.004597814543663259
4,cartoon,25,0.1,0.08005799601136543,0.0120248429246822,0.005562417520415308,-0.006462425404266892,0.014069287407790232,-3.160968887960459,1,-0.07449557849095012
4,cartoon,25,0.1,0.08005799601136543,0.0120248429246822,0.005562417520415308,-0.006462425404266892,0.014069287407790232,-3.160968887960459,2,-0.06893316097053481
4,cartoon,25,0.1,0.08005799601136543,0.0120248429246822,0.005562417520415308,-0.006462425404266892,0.014069287407790232,-3.160968887960459,5,-0.05224590840928889
4,cartoon,25,0.1,0.08005799601136543,0.0120248429246822,0.005562417520415308,-0.006462425404266892,0.014069287407790232,-3.160968887960459,10,-0.024433820807212348
4,cartoon,25,0.15,0.13005799601136547,0.0120248429246822,0.005562417520415308,-0.006462425404266892,0.014069287407790232,-3.160968887960459,1,-0.12449557849095017
4,cartoon,25,0.15,0.13005799601136547,0.0120248429246822,0.005562417520415308,-0.006462425404266892,0.014069287407790232,-3.160968887960459,2,-0.11893316097053486
4,cartoon,25,0.15,0.13005799601136547,0.0120248429246822,0.005562417520415308,-0.006462425404266892,0.014069287407790232,-3.160968887960459,5,-0.10224590840928893
4,cartoon,25,0.15,0.13005799601136547,0.0120248429246822,0.005562417520415308,-0.006462425404266892,0.014069287407790232,-3.160968887960459,10,-0.07443382080721239
4,sketch,25,0.0,-0.04726829713048297,0.0,0.0,0.0,0.0,,1,0.0
4,sketch,25,0.0,-0.04726829713048297,0.0,0.0,0.0,0.0,,2,0.0
4,sketch,25,0.0,-0.04726829713048297,0.0,0.0,0.0,0.0,,5,0.0
4,sketch,25,0.0,-0.04726829713048297,0.0,0.0,0.0,0.0,,10,0.0
4,sketch,25,0.02,-0.027268297130482955,-1.4499002841450448e-05,0.0010116489036393617,0.0010261479064808121,0.0,70.77368821166178,1,0.0010116489036393617
4,sketch,25,0.02,-0.027268297130482955,-1.4499002841450448e-05,0.0010116489036393617,0.0010261479064808121,0.0,70.77368821166178,2,0.0020232978072787233
4,sketch,25,0.02,-0.027268297130482955,-1.4499002841450448e-05,0.0010116489036393617,0.0010261479064808121,0.0,70.77368821166178,5,0.005058244518196808
4,sketch,25,0.02,-0.027268297130482955,-1.4499002841450448e-05,0.0010116489036393617,0.0010261479064808121,0.0,70.77368821166178,10,0.010116489036393617
4,sketch,25,0.05,0.002731702869517072,-0.004542540634858261,-0.00340394597028415,0.0011385946645741107,-0.000682925717379268,0.29500214112495277,1,-0.006135648839801222
4,sketch,25,0.05,0.002731702869517072,-0.004542540634858261,-0.00340394597028415,0.0011385946645741107,-0.000682925717379268,0.29500214112495277,2,-0.009539594810085372
4,sketch,25,0.05,0.002731702869517072,-0.004542540634858261,-0.00340394597028415,0.0011385946645741107,-0.000682925717379268,0.29500214112495277,5,-0.019751432720937823
4,sketch,25,0.05,0.002731702869517072,-0.004542540634858261,-0.00340394597028415,0.0011385946645741107,-0.000682925717379268,0.29500214112495277,10,-0.03677116257235857
4,sketch,25,0.1,0.052731702869517005,-0.012452558790162827,-0.011896537850889621,0.0005560209392732052,-0.002762241069653615,0.05737902051409591,1,-0.06462824072040663
4,sketch,25,0.1,0.052731702869517005,-0.012452558790162827,-0.011896537850889621,0.0005560209392732052,-0.002762241069653615,0.05737902051409591,2,-0.07652477857129625
4,sketch,25,0.1,0.052731702869517005,-0.012452558790162827,-0.011896537850889621,0.0005560209392732052,-0.002762241069653615,0.05737902051409591,5,-0.11221439212396511
4,sketch,25,0.1,0.052731702869517005,-0.012452558790162827,-0.011896537850889621,0.0005560209392732052,-0.002762241069653615,0.05737902051409591,10,-0.17169708137841322
4,sketch,25,0.15,0.10273170286951705,-0.012452558790162827,-0.011896537850889621,0.0005560209392732052,-0.002762241069653615,0.05737902051409591,1,-0.11462824072040667
4,sketch,25,0.15,0.10273170286951705,-0.012452558790162827,-0.011896537850889621,0.0005560209392732052,-0.002762241069653615,0.05737902051409591,2,-0.1265247785712963
4,sketch,25,0.15,0.10273170286951705,-0.012452558790162827,-0.011896537850889621,0.0005560209392732052,-0.002762241069653615,0.05737902051409591,5,-0.16221439212396516
4,sketch,25,0.15,0.10273170286951705,-0.012452558790162827,-0.011896537850889621,0.0005560209392732052,-0.002762241069653615,0.05737902051409591,10,-0.22169708137841326
4,photo,50,0.0,-0.07717569786535317,0.0,0.0,0.0,0.0,,1,0.0
4,photo,50,0.0,-0.07717569786535317,0.0,0.0,0.0,0.0,,2,0.0
4,photo,50,0.0,-0.07717569786535317,0.0,0.0,0.0,0.0,,5,0.0
4,photo,50,0.0,-0.07717569786535317,0.0,0.0,0.0,0.0,,10,0.0
4,photo,50,0.02,-0.05717569786535315,-1.4499002841450448e-05,0.0015917806464710305,0.001606279649312481,0.0,110.78552552044277,1,0.0015917806464710305
4,photo,50,0.02,-0.05717569786535315,-1.4499002841450448e-05,0.0015917806464710305,0.001606279649312481,0.0,110.78552552044277,2,0.003183561292942061
4,photo,50,0.02,-0.05717569786535315,-1.4499002841450448e-05,0.0015917806464710305,0.001606279649312481,0.0,110.78552552044277,5,0.007958903232355152
4,photo,50,0.02,-0.05717569786535315,-1.4499002841450448e-05,0.0015917806464710305,0.001606279649312481,0.0,110.78552552044277,10,0.015917806464710305
4,photo,50,0.05,-0.02717569786535312,-0.0008144772857976434,0.004961748458420567,0.005776225744218211,0.0056340018957911076,0.8957500802220295,1,0.004961748458420567
4,photo,50,0.05,-0.02717569786535312,-0.0008144772857976434,0.004961748458420567,0.005776225744218211,0.0056340018957911076,0.8957500802220295,2,0.009923496916841135
4,photo,50,0.05,-0.02717569786535312,-0.0008144772857976434,0.004961748458420567,0.005776225744218211,0.0056340018957911076,0.8957500802220295,5,0.024808742292102837
4,photo,50,0.05,-0.02717569786535312,-0.0008144772857976434,0.004961748458420567,0.005776225744218211,0.0056340018957911076,0.8957500802220295,10,0.04961748458420567
4,photo,50,0.1,0.022824302134646812,-0.003957656138994681,0.009896369692898865,0.013854025831893546,0.012427926362129416,0.8455009659219086,1,-0.012927932441747947
4,photo,50,0.1,0.022824302134646812,-0.003957656138994681,0.009896369692898865,0.013854025831893546,0.012427926362129416,0.8455009659219086,2,-0.0030315627488490815
4,photo,50,0.1,0.022824302134646812,-0.003957656138994681,0.009896369692898865,0.013854025831893546,0.012427926362129416,0.8455009659219086,5,0.026657546329847515
4,photo,50,0.1,0.022824302134646812,-0.003957656138994681,0.009896369692898865,0.013854025831893546,0.012427926362129416,0.8455009659219086,10,0.07613939479434184
4,photo,50,0.15,0.07282430213464686,-0.003957656138994681,0.009896369692898865,0.013854025831893546,0.012427926362129416,0.8455009659219086,1,-0.06292793244174799
4,photo,50,0.15,0.07282430213464686,-0.003957656138994681,0.009896369692898865,0.013854025831893546,0.012427926362129416,0.8455009659219086,2,-0.053031562748849126
4,photo,50,0.15,0.07282430213464686,-0.003957656138994681,0.009896369692898865,0.013854025831893546,0.012427926362129416,0.8455009659219086,5,-0.02334245367015253
4,photo,50,0.15,0.07282430213464686,-0.003957656138994681,0.009896369692898865,0.013854025831893546,0.012427926362129416,0.8455009659219086,10,0.026139394794341797
4,art_painting,50,0.0,-0.03506932337382285,0.0043335187245086,6.838552528320996e-05,-0.0042651331992253905,0.0043335187245086,,1,6.838552528320996e-05
4,art_painting,50,0.0,-0.03506932337382285,0.0043335187245086,6.838552528320996e-05,-0.0042651331992253905,0.0043335187245086,,2,0.00013677105056641992
4,art_painting,50,0.0,-0.03506932337382285,0.0043335187245086,6.838552528320996e-05,-0.0042651331992253905,0.0043335187245086,,5,0.0003419276264160498
4,art_painting,50,0.0,-0.03506932337382285,0.0043335187245086,6.838552528320996e-05,-0.0042651331992253905,0.0043335187245086,,10,0.0006838552528320996
4,art_painting,50,0.02,-0.01506932337382283,0.011022049819078061,0.009699656955197922,-0.0013223928638801397,0.0110365488219194,-91.20578003542045,1,0.009699656955197922
4,art_painting,50,0.02,-0.01506932337382283,0.011022049819078061,0.009699656955197922,-0.0013223928638801397,0.0110365488219194,-91.20578003542045,2,0.019399313910395843
4,art_painting,50,0.02,-0.01506932337382283,0.011022049819078061,0.009699656955197922,-0.0013223928638801397,0.0110365488219194,-91.20578003542045,5,0.04849828477598961
4,art_painting,50,0.02,-0.01506932337382283,0.011022049819078061,0.009699656955197922,-0.0013223928638801397,0.0110365488219194,-91.20578003542045,10,0.09699656955197922
4,art_painting,50,0.05,0.014930676626177197,0.019325153769716108,0.01863649206482343,-0.0006886617048926791,0.02230387966537517,-0.23119337898672554,1,0.0037058154386462316
4,art_painting,50,0.05,0.014930676626177197,0.019325153769716108,0.01863649206482343,-0.0006886617048926791,0.02230387966537517,-0.23119337898672554,2,0.02234230750346966
4,art_painting,50,0.05,0.014930676626177197,0.019325153769716108,0.01863649206482343,-0.0006886617048926791,0.02230387966537517,-0.23119337898672554,5,0.07825178369793995
4,art_painting,50,0.05,0.014930676626177197,0.019325153769716108,0.01863649206482343,-0.0006886617048926791,0.02230387966537517,-0.23119337898672554,10,0.1714342440220571
4,art_painting,50,0.1,0.06493067662617713,0.01361907823605446,0.025430416531161737,0.011811338295107277,0.02909780413171348,0.7630691553508125,1,-0.039500260095015394
4,art_painting,50,0.1,0.06493067662617713,0.01361907823605446,0.025430416531161737,0.011811338295107277,0.02909780413171348,0.7630691553508125,2,-0.014069843563853657
4,art_painting,50,0.1,0.06493067662617713,0.01361907823605446,0.025430416531161737,0.011811338295107277,0.02909780413171348,0.7630691553508125,5,0.062221406029631554
4,art_painting,50,0.1,0.06493067662617713,0.01361907823605446,0.025430416531161737,0.011811338295107277,0.02909780413171348,0.7630691553508125,10,0.18937348868544024
4,art_painting,50,0.15,0.11493067662617718,0.010812058925785073,0.025430416531161737,0.014618357605376664,0.02909780413171348,0.7994400797314654,1,-0.08950026009501544
4,art_painting,50,0.15,0.11493067662617718,0.010812058925785073,0.025430416531161737,0.014618357605376664,0.02909780413171348,0.7994400797314654,2,-0.0640698435638537
4,art_painting,50,0.15,0.11493067662617718,0.010812058925785073,0.025430416531161737,0.014618357605376664,0.02909780413171348,0.7994400797314654,5,0.01222140602963151
4,art_painting,50,0.15,0.11493067662617718,0.010812058925785073,0.025430416531161737,0.014618357605376664,0.02909780413171348,0.7994400797314654,10,0.1393734886854402
4,cartoon,50,0.0,-0.01994200398863455,0.0,0.0,0.0,0.0,,1,0.0
4,cartoon,50,0.0,-0.01994200398863455,0.0,0.0,0.0,0.0,,2,0.0
4,cartoon,50,0.0,-0.01994200398863455,0.0,0.0,0.0,0.0,,5,0.0
4,cartoon,50,0.0,-0.01994200398863455,0.0,0.0,0.0,0.0,,10,0.0
4,cartoon,50,0.02,5.7996011365468725e-05,-1.4499002841450448e-05,-1.4499002841450448e-05,0.0,-1.4499002841450448e-05,,1,-7.249501420691917e-05
4,cartoon,50,0.02,5.7996011365468725e-05,-1.4499002841450448e-05,-1.4499002841450448e-05,0.0,-1.4499002841450448e-05,,2,-8.699401704836962e-05
4,cartoon,50,0.02,5.7996011365468725e-05,-1.4499002841450448e-05,-1.4499002841450448e-05,0.0,-1.4499002841450448e-05,,5,-0.00013049102557272096
4,cartoon,50,0.02,5.7996011365468725e-05,-1.4499002841450448e-05,-1.4499002841450448e-05,0.0,-1.4499002841450448e-05,,10,-0.0002029860397799732
4,cartoon,50,0.05,0.030057996011365495,-0.001729279596978217,-0.009598830109368905,-0.007869550512390688,0.00018633320275640575,-4.108111260000396,1,-0.0396568261207344
4,cartoon,50,0.05,0.030057996011365495,-0.001729279596978217,-0.009598830109368905,-0.007869550512390688,0.00018633320275640575,-4.108111260000396,2,-0.049255656230103306
4,cartoon,50,0.05,0.030057996011365495,-0.001729279596978217,-0.009598830109368905,-0.007869550512390688,0.00018633320275640575,-4.108111260000396,5,-0.07805214655821002
4,cartoon,50,0.05,0.030057996011365495,-0.001729279596978217,-0.009598830109368905,-0.007869550512390688,0.00018633320275640575,-4.108111260000396,10,-0.12604629710505455
4,cartoon,50,0.1,0.08005799601136543,-0.004452698388304532,-0.028833357854468944,-0.02438065946616441,0.006980257669094714,-2.132489562958269,1,-0.10889135386583437
4,cartoon,50,0.1,0.08005799601136543,-0.004452698388304532,-0.028833357854468944,-0.02438065946616441,0.006980257669094714,-2.132489562958269,2,-0.13772471172030332
4,cartoon,50,0.1,0.08005799601136543,-0.004452698388304532,-0.028833357854468944,-0.02438065946616441,0.006980257669094714,-2.132489562958269,5,-0.22422478528371015
4,cartoon,50,0.1,0.08005799601136543,-0.004452698388304532,-0.028833357854468944,-0.02438065946616441,0.006980257669094714,-2.132489562958269,10,-0.36839157455605487
4,cartoon,50,0.15,0.13005799601136547,-0.004452698388304532,-0.031038133848496297,-0.026585435460191764,0.006980257669094714,-2.325333476899533,1,-0.16109612985986177
4,cartoon,50,0.15,0.13005799601136547,-0.004452698388304532,-0.031038133848496297,-0.026585435460191764,0.006980257669094714,-2.325333476899533,2,-0.19213426370835807
4,cartoon,50,0.15,0.13005799601136547,-0.004452698388304532,-0.031038133848496297,-0.026585435460191764,0.006980257669094714,-2.325333476899533,5,-0.28524866525384696
4,cartoon,50,0.15,0.13005799601136547,-0.004452698388304532,-0.031038133848496297,-0.026585435460191764,0.006980257669094714,-2.325333476899533,10,-0.44043933449632844
4,sketch,50,0.0,-0.04726829713048297,0.0,0.001312326353964166,0.001312326353964166,0.0,,1,0.001312326353964166
4,sketch,50,0.0,-0.04726829713048297,0.0,0.001312326353964166,0.001312326353964166,0.0,,2,0.002624652707928332
4,sketch,50,0.0,-0.04726829713048297,0.0,0.001312326353964166,0.001312326353964166,0.0,,5,0.00656163176982083
4,sketch,50,0.0,-0.04726829713048297,0.0,0.001312326353964166,0.001312326353964166,0.0,,10,0.01312326353964166
4,sketch,50,0.02,-0.027268297130482955,0.00339269221159455,0.006297827351122831,0.002905135139528281,0.00339269221159455,,1,0.006297827351122831
4,sketch,50,0.02,-0.027268297130482955,0.00339269221159455,0.006297827351122831,0.002905135139528281,0.00339269221159455,,2,0.012595654702245662
4,sketch,50,0.02,-0.027268297130482955,0.00339269221159455,0.006297827351122831,0.002905135139528281,0.00339269221159455,,5,0.031489136755614155
4,sketch,50,0.02,-0.027268297130482955,0.00339269221159455,0.006297827351122831,0.002905135139528281,0.00339269221159455,,10,0.06297827351122831
4,sketch,50,0.05,0.002731702869517072,0.005094201223236117,0.004878622189831816,-0.00021557903340430062,0.006959550486007715,-0.1155703318980522,1,0.002146919320314744
4,sketch,50,0.05,0.002731702869517072,0.005094201223236117,0.004878622189831816,-0.00021557903340430062,0.006959550486007715,-0.1155703318980522,2,0.00702554151014656
4,sketch,50,0.05,0.002731702869517072,0.005094201223236117,0.004878622189831816,-0.00021557903340430062,0.006959550486007715,-0.1155703318980522,5,0.02166140807964201
4,sketch,50,0.05,0.002731702869517072,0.005094201223236117,0.004878622189831816,-0.00021557903340430062,0.006959550486007715,-0.1155703318980522,10,0.04605451902880109
4,sketch,50,0.1,0.052731702869517005,0.004109547072365549,0.0014933414924583888,-0.0026162055799071604,0.006959550486007604,-0.9179657706317897,1,-0.05123836137705862
4,sketch,50,0.1,0.052731702869517005,0.004109547072365549,0.0014933414924583888,-0.0026162055799071604,0.006959550486007604,-0.9179657706317897,2,-0.04974501988460023
4,sketch,50,0.1,0.052731702869517005,0.004109547072365549,0.0014933414924583888,-0.0026162055799071604,0.006959550486007604,-0.9179657706317897,5,-0.04526499540722506
4,sketch,50,0.1,0.052731702869517005,0.004109547072365549,0.0014933414924583888,-0.0026162055799071604,0.006959550486007604,-0.9179657706317897,10,-0.03779828794493312
4,sketch,50,0.15,0.10273170286951705,0.004109547072365549,0.0014933414924583888,-0.0026162055799071604,0.006959550486007604,-0.9179657706317897,1,-0.10123836137705866
4,sketch,50,0.15,0.10273170286951705,0.004109547072365549,0.0014933414924583888,-0.0026162055799071604,0.006959550486007604,-0.9179657706317897,2,-0.09974501988460027
4,sketch,50,0.15,0.10273170286951705,0.004109547072365549,0.0014933414924583888,-0.0026162055799071604,0.006959550486007604,-0.9179657706317897,5,-0.0952649954072251
4,sketch,50,0.15,0.10273170286951705,0.004109547072365549,0.0014933414924583888,-0.0026162055799071604,0.006959550486007604,-0.9179657706317897,10,-0.08779828794493316
4,photo,100,0.0,-0.07717569786535317,0.0,0.0,0.0,0.0,,1,0.0
4,photo,100,0.0,-0.07717569786535317,0.0,0.0,0.0,0.0,,2,0.0
4,photo,100,0.0,-0.07717569786535317,0.0,0.0,0.0,0.0,,5,0.0
4,photo,100,0.0,-0.07717569786535317,0.0,0.0,0.0,0.0,,10,0.0
4,photo,100,0.02,-0.05717569786535315,0.0041428846199143,0.00451712958022954,0.0003742449603152398,0.004157383622755639,25.81177232741799,1,0.00451712958022954
4,photo,100,0.02,-0.05717569786535315,0.0041428846199143,0.00451712958022954,0.0003742449603152398,0.004157383622755639,25.81177232741799,2,0.00903425916045908
4,photo,100,0.02,-0.05717569786535315,0.0041428846199143,0.00451712958022954,0.0003742449603152398,0.004157383622755639,25.81177232741799,5,0.0225856479011477
4,photo,100,0.02,-0.05717569786535315,0.0041428846199143,0.00451712958022954,0.0003742449603152398,0.004157383622755639,25.81177232741799,10,0.0451712958022954
4,photo,100,0.05,-0.02717569786535312,0.010540293821144409,0.015870676062853528,0.0053303822417091196,0.014774067110494893,1.2590145663011798,1,0.015870676062853528
4,photo,100,0.05,-0.02717569786535312,0.010540293821144409,0.015870676062853528,0.0053303822417091196,0.014774067110494893,1.2590145663011798,2,0.031741352125707056
4,photo,100,0.05,-0.02717569786535312,0.010540293821144409,0.015870676062853528,0.0053303822417091196,0.014774067110494893,1.2590145663011798,5,0.07935338031426764
4,photo,100,0.05,-0.02717569786535312,0.010540293821144409,0.015870676062853528,0.0053303822417091196,0.014774067110494893,1.2590145663011798,10,0.15870676062853528
4,photo,100,0.1,0.022824302134646812,0.012664773688487174,0.022664600529191836,0.009999826840704662,0.0215679915768332,1.123169955639753,1,-0.00015970160545497603
4,photo,100,0.1,0.022824302134646812,0.012664773688487174,0.022664600529191836,0.009999826840704662,0.0215679915768332,1.123169955639753,2,0.02250489892373686
4,photo,100,0.1,0.022824302134646812,0.012664773688487174,0.022664600529191836,0.009999826840704662,0.0215679915768332,1.123169955639753,5,0.09049870051131237
4,photo,100,0.1,0.022824302134646812,0.012664773688487174,0.022664600529191836,0.009999826840704662,0.0215679915768332,1.123169955639753,10,0.20382170315727155
4,photo,100,0.15,0.07282430213464686,0.012664773688487174,0.022664600529191836,0.009999826840704662,0.0215679915768332,1.123169955639753,1,-0.05015970160545502
4,photo,100,0.15,0.07282430213464686,0.012664773688487174,0.022664600529191836,0.009999826840704662,0.0215679915768332,1.123169955639753,2,-0.027495101076263184
4,photo,100,0.15,0.07282430213464686,0.012664773688487174,0.022664600529191836,0.009999826840704662,0.0215679915768332,1.123169955639753,5,0.040498700511312324
4,photo,100,0.15,0.07282430213464686,0.012664773688487174,0.022664600529191836,0.009999826840704662,0.0215679915768332,1.123169955639753,10,0.1538217031572715
4,art_painting,100,0.0,-0.03506932337382285,0.0007623739150832698,0.0,-0.0007623739150832698,0.0007623739150832698,,1,0.0
4,art_painting,100,0.0,-0.03506932337382285,0.0007623739150832698,0.0,-0.0007623739150832698,0.0007623739150832698,,2,0.0
4,art_painting,100,0.0,-0.03506932337382285,0.0007623739150832698,0.0,-0.0007623739150832698,0.0007623739150832698,,5,0.0
4,art_painting,100,0.0,-0.03506932337382285,0.0007623739150832698,0.0,-0.0007623739150832698,0.0007623739150832698,,10,0.0
4,art_painting,100,0.02,-0.01506932337382283,0.009384158986937674,0.0020146184032491243,-0.00736954058368855,0.009398657989779013,-508.2791323191263,1,0.0020146184032491243
4,art_painting,100,0.02,-0.01506932337382283,0.009384158986937674,0.0020146184032491243,-0.00736954058368855,0.009398657989779013,-508.2791323191263,2,0.004029236806498249
4,art_painting,100,0.02,-0.01506932337382283,0.009384158986937674,0.0020146184032491243,-0.00736954058368855,0.009398657989779013,-508.2791323191263,5,0.010073092016245622
4,art_painting,100,0.02,-0.01506932337382283,0.009384158986937674,0.0020146184032491243,-0.00736954058368855,0.009398657989779013,-508.2791323191263,10,0.020146184032491243
4,art_painting,100,0.05,0.014930676626177197,0.024061509064571385,0.006153719157707016,-0.01790778990686437,0.027483063115855577,-5.233817627444213,1,-0.008776957468470181
4,art_painting,100,0.05,0.014930676626177197,0.024061509064571385,0.006153719157707016,-0.01790778990686437,0.027483063115855577,-5.233817627444213,2,-0.002623238310763165
4,art_painting,100,0.05,0.014930676626177197,0.024061509064571385,0.006153719157707016,-0.01790778990686437,0.027483063115855577,-5.233817627444213,5,0.015837919162357883
4,art_painting,100,0.05,0.014930676626177197,0.024061509064571385,0.006153719157707016,-0.01790778990686437,0.027483063115855577,-5.233817627444213,10,0.04660651495089296
4,art_painting,100,0.1,0.06493067662617713,0.030855433530909693,0.011582104532205095,-0.019273328998704597,0.034276987582193885,-5.63291671264724,1,-0.053348572093972035
4,art_painting,100,0.1,0.06493067662617713,0.030855433530909693,0.011582104532205095,-0.019273328998704597,0.034276987582193885,-5.63291671264724,2,-0.04176646756176694
4,art_painting,100,0.1,0.06493067662617713,0.030855433530909693,0.011582104532205095,-0.019273328998704597,0.034276987582193885,-5.63291671264724,5,-0.007020153965151654
4,art_painting,100,0.1,0.06493067662617713,0.030855433530909693,0.011582104532205095,-0.019273328998704597,0.034276987582193885,-5.63291671264724,10,0.05089036869587382
4,art_painting,100,0.15,0.11493067662617718,0.030855433530909693,0.011582104532205095,-0.019273328998704597,0.034276987582193885,-5.63291671264724,1,-0.10334857209397208
4,art_painting,100,0.15,0.11493067662617718,0.030855433530909693,0.011582104532205095,-0.019273328998704597,0.034276987582193885,-5.63291671264724,2,-0.09176646756176698
4,art_painting,100,0.15,0.11493067662617718,0.030855433530909693,0.011582104532205095,-0.019273328998704597,0.034276987582193885,-5.63291671264724,5,-0.0570201539651517
4,art_painting,100,0.15,0.11493067662617718,0.030855433530909693,0.011582104532205095,-0.019273328998704597,0.034276987582193885,-5.63291671264724,10,0.0008903686958737778
4,cartoon,100,0.0,-0.01994200398863455,0.0,0.0,0.0,0.0,,1,0.0
4,cartoon,100,0.0,-0.01994200398863455,0.0,0.0,0.0,0.0,,2,0.0
4,cartoon,100,0.0,-0.01994200398863455,0.0,0.0,0.0,0.0,,5,0.0
4,cartoon,100,0.0,-0.01994200398863455,0.0,0.0,0.0,0.0,,10,0.0
4,cartoon,100,0.02,5.7996011365468725e-05,0.0002268157246868574,-1.4499002841450448e-05,-0.00024131472752830785,0.0002268157246868574,,1,-7.249501420691917e-05
4,cartoon,100,0.02,5.7996011365468725e-05,0.0002268157246868574,-1.4499002841450448e-05,-0.00024131472752830785,0.0002268157246868574,,2,-8.699401704836962e-05
4,cartoon,100,0.02,5.7996011365468725e-05,0.0002268157246868574,-1.4499002841450448e-05,-0.00024131472752830785,0.0002268157246868574,,5,-0.00013049102557272096
4,cartoon,100,0.02,5.7996011365468725e-05,0.0002268157246868574,-1.4499002841450448e-05,-0.00024131472752830785,0.0002268157246868574,,10,-0.0002029860397799732
4,cartoon,100,0.05,0.030057996011365495,-0.004188779149236654,-0.004894815968380484,-0.0007060368191438293,0.0002268157246868574,-0.15989619503214858,1,-0.03495281197974598
4,cartoon,100,0.05,0.030057996011365495,-0.004188779149236654,-0.004894815968380484,-0.0007060368191438293,0.0002268157246868574,-0.15989619503214858,2,-0.03984762794812646
4,cartoon,100,0.05,0.030057996011365495,-0.004188779149236654,-0.004894815968380484,-0.0007060368191438293,0.0002268157246868574,-0.15989619503214858,5,-0.054532075853267914
4,cartoon,100,0.05,0.030057996011365495,-0.004188779149236654,-0.004894815968380484,-0.0007060368191438293,0.0002268157246868574,-0.15989619503214858,10,-0.07900615569517033
4,cartoon,100,0.1,0.08005799601136543,-0.014583509363816916,-0.014721564568965007,-0.000138055205148091,0.0064809302737324215,-0.0065539462489187066,1,-0.09477956058033044
4,cartoon,100,0.1,0.08005799601136543,-0.014583509363816916,-0.014721564568965007,-0.000138055205148091,0.0064809302737324215,-0.0065539462489187066,2,-0.10950112514929544
4,cartoon,100,0.1,0.08005799601136543,-0.014583509363816916,-0.014721564568965007,-0.000138055205148091,0.0064809302737324215,-0.0065539462489187066,5,-0.15366581885619046
4,cartoon,100,0.1,0.08005799601136543,-0.014583509363816916,-0.014721564568965007,-0.000138055205148091,0.0064809302737324215,-0.0065539462489187066,10,-0.2272736417010155
4,cartoon,100,0.15,0.13005799601136547,-0.027083509363816982,-0.014721564568965007,0.012361944794851976,0.0064809302737324215,0.3683048168938399,1,-0.14477956058033048
4,cartoon,100,0.15,0.13005799601136547,-0.027083509363816982,-0.014721564568965007,0.012361944794851976,0.0064809302737324215,0.3683048168938399,2,-0.1595011251492955
4,cartoon,100,0.15,0.13005799601136547,-0.027083509363816982,-0.014721564568965007,0.012361944794851976,0.0064809302737324215,0.3683048168938399,5,-0.2036658188561905
4,cartoon,100,0.15,0.13005799601136547,-0.027083509363816982,-0.014721564568965007,0.012361944794851976,0.0064809302737324215,0.3683048168938399,10,-0.27727364170101554
4,sketch,100,0.0,-0.04726829713048297,0.0,0.0,0.0,0.0,,1,0.0
4,sketch,100,0.0,-0.04726829713048297,0.0,0.0,0.0,0.0,,2,0.0
4,sketch,100,0.0,-0.04726829713048297,0.0,0.0,0.0,0.0,,5,0.0
4,sketch,100,0.0,-0.04726829713048297,0.0,0.0,0.0,0.0,,10,0.0
4,sketch,100,0.02,-0.027268297130482955,0.006901535009282922,0.0036058498015305585,-0.0032956852077523635,0.006901535009282922,,1,0.0036058498015305585
4,sketch,100,0.02,-0.027268297130482955,0.006901535009282922,0.0036058498015305585,-0.0032956852077523635,0.006901535009282922,,2,0.007211699603061117
4,sketch,100,0.02,-0.027268297130482955,0.006901535009282922,0.0036058498015305585,-0.0032956852077523635,0.006901535009282922,,5,0.018029249007652792
4,sketch,100,0.02,-0.027268297130482955,0.006901535009282922,0.0036058498015305585,-0.0032956852077523635,0.006901535009282922,,10,0.036058498015305585
4,sketch,100,0.05,0.002731702869517072,0.010757110672539816,0.00993299251207358,-0.0008241181604662362,0.010757110672539816,,1,0.007201289642556508
4,sketch,100,0.05,0.002731702869517072,0.010757110672539816,0.00993299251207358,-0.0008241181604662362,0.010757110672539816,,2,0.017134282154630087
4,sketch,100,0.05,0.002731702869517072,0.010757110672539816,0.00993299251207358,-0.0008241181604662362,0.010757110672539816,,5,0.046933259690850826
4,sketch,100,0.05,0.002731702869517072,0.010757110672539816,0.00993299251207358,-0.0008241181604662362,0.010757110672539816,,10,0.09659822225121872
4,sketch,100,0.1,0.052731702869517005,0.005051035138878168,0.004226916978411932,-0.0008241181604662362,0.005051035138878168,,1,-0.04850478589110507
4,sketch,100,0.1,0.052731702869517005,0.005051035138878168,0.004226916978411932,-0.0008241181604662362,0.005051035138878168,,2,-0.04427786891269314
4,sketch,100,0.1,0.052731702869517005,0.005051035138878168,0.004226916978411932,-0.0008241181604662362,0.005051035138878168,,5,-0.031597117977457345
4,sketch,100,0.1,0.052731702869517005,0.005051035138878168,0.004226916978411932,-0.0008241181604662362,0.005051035138878168,,10,-0.010462533085397685
4,sketch,100,0.15,0.10273170286951705,-0.004824930100165492,-0.0013145445230734465,0.0035103855770920456,-0.004824930100165492,,1,-0.1040462473925905
4,sketch,100,0.15,0.10273170286951705,-0.004824930100165492,-0.0013145445230734465,0.0035103855770920456,-0.004824930100165492,,2,-0.10536079191566394
4,sketch,100,0.15,0.10273170286951705,-0.004824930100165492,-0.0013145445230734465,0.0035103855770920456,-0.004824930100165492,,5,-0.10930442548488428
4,sketch,100,0.15,0.10273170286951705,-0.004824930100165492,-0.0013145445230734465,0.0035103855770920456,-0.004824930100165492,,10,-0.11587714810025151
