eta,lambda,configuration_id,family,alpha,environment,mode,seed,performance,early_performance,late_performance,post_change_reward,assignment_changes,final_S,initial_V_K
0.05,0.051293294387550536,G00,generalist,0.0,alternating_1212,develop_known,20261007,13.482571793606613,3.0924606756948174,3.636684192640559,1.1180597324983077,3,"[[0.5713125000000003,0.6848752951376955],[0.6324540546875002,0.6324540546875002],[0.6848752951376955,0.5713125000000003]]",2.96665631459995
0.05,0.051293294387550536,G00,generalist,0.0,alternating_1212,develop_known,20261008,13.482571793606613,3.0924606756948174,3.636684192640559,1.1180597324983077,3,"[[0.5713125000000003,0.6848752951376955],[0.6324540546875002,0.6324540546875002],[0.6848752951376955,0.5713125000000003]]",2.96665631459995
0.05,0.051293294387550536,G00,generalist,0.0,alternating_1212,develop_known,20261009,13.482571793606613,3.0924606756948174,3.636684192640559,1.1180597324983077,3,"[[0.5713125000000003,0.6848752951376955],[0.6324540546875002,0.6324540546875002],[0.6848752951376955,0.5713125000000003]]",2.96665631459995
0.05,0.051293294387550536,G00,generalist,0.0,alternating_1212,discover_develop,20261007,11.727789501985836,2.651130047497648,3.251419759785553,0.7089975475604925,8,"[[0.5370272686215743,0.7082117093301571],[0.6324540546875002,0.6324540546875002],[0.7006315303808108,0.5487500000000002]]",2.96665631459995
0.05,0.051293294387550536,G00,generalist,0.0,alternating_1212,discover_develop,20261008,11.805016729341162,2.651130047497648,3.232065323371849,0.7064520376006197,7,"[[0.5487500000000002,0.7006315303808108],[0.6324540546875002,0.6324540546875002],[0.7006315303808108,0.5487500000000002]]",2.96665631459995
0.05,0.051293294387550536,G00,generalist,0.0,alternating_1212,discover_develop,20261009,11.805016729341162,2.651130047497648,3.232065323371849,0.7064520376006197,7,"[[0.5487500000000002,0.7006315303808108],[0.6324540546875002,0.6324540546875002],[0.7006315303808108,0.5487500000000002]]",2.96665631459995
0.05,0.051293294387550536,G00,generalist,0.0,alternating_1212,discover_only,20261007,10.256180185518648,2.564045046379662,2.864045046379662,0.7862741699796955,8,"[[0.5,0.5],[0.5,0.5],[0.5,0.5]]",2.96665631459995
0.05,0.051293294387550536,G00,generalist,0.0,alternating_1212,discover_only,20261008,10.85618018551865,2.564045046379662,2.864045046379662,0.7862741699796955,7,"[[0.5,0.5],[0.5,0.5],[0.5,0.5]]",2.96665631459995
0.05,0.051293294387550536,G00,generalist,0.0,alternating_1212,discover_only,20261009,10.85618018551865,2.564045046379662,2.864045046379662,0.7862741699796955,7,"[[0.5,0.5],[0.5,0.5],[0.5,0.5]]",2.96665631459995
0.05,0.051293294387550536,G00,generalist,0.0,alternating_1212,static_known,20261007,11.866625258399798,2.96665631459995,2.96665631459995,0.9888854381999833,3,"[[0.5,0.5],[0.5,0.5],[0.5,0.5]]",2.96665631459995
0.05,0.051293294387550536,G00,generalist,0.0,alternating_1212,static_known,20261008,11.866625258399798,2.96665631459995,2.96665631459995,0.9888854381999833,3,"[[0.5,0.5],[0.5,0.5],[0.5,0.5]]",2.96665631459995
0.05,0.051293294387550536,G00,generalist,0.0,alternating_1212,static_known,20261009,11.866625258399798,2.96665631459995,2.96665631459995,0.9888854381999833,3,"[[0.5,0.5],[0.5,0.5],[0.5,0.5]]",2.96665631459995
0.05,0.051293294387550536,G00,generalist,0.0,change_1122,develop_known,20261007,13.483234276377924,3.0924606756948174,3.6366841926405598,1.0651375177435713,1,"[[0.5713125000000003,0.6848752951376957],[0.6324540546875002,0.6324540546875002],[0.6848752951376957,0.5713125000000003]]",2.96665631459995
0.05,0.051293294387550536,G00,generalist,0.0,change_1122,develop_known,20261008,13.483234276377924,3.0924606756948174,3.6366841926405598,1.0651375177435713,1,"[[0.5713125000000003,0.6848752951376957],[0.6324540546875002,0.6324540546875002],[0.6848752951376957,0.5713125000000003]]",2.96665631459995
0.05,0.051293294387550536,G00,generalist,0.0,change_1122,develop_known,20261009,13.483234276377924,3.0924606756948174,3.6366841926405598,1.0651375177435713,1,"[[0.5713125000000003,0.6848752951376957],[0.6324540546875002,0.6324540546875002],[0.6848752951376957,0.5713125000000003]]",2.96665631459995
0.05,0.051293294387550536,G00,generalist,0.0,change_1122,discover_develop,20261007,12.113667242022204,2.651130047497648,3.205117756319218,0.7041393071338998,7,"[[0.5487500000000002,0.7006315303808108],[0.6508313519531251,0.6131095312500001],[0.7006315303808108,0.5487500000000002]]",2.96665631459995
0.05,0.051293294387550536,G00,generalist,0.0,change_1122,discover_develop,20261008,12.113667242022204,2.651130047497648,3.205117756319218,0.7041393071338998,7,"[[0.5487500000000002,0.7006315303808108],[0.6508313519531251,0.6131095312500001],[0.7006315303808108,0.5487500000000002]]",2.96665631459995
0.05,0.051293294387550536,G00,generalist,0.0,change_1122,discover_develop,20261009,12.113667242022204,2.651130047497648,3.205117756319218,0.7041393071338998,7,"[[0.5487500000000002,0.7006315303808108],[0.6508313519531251,0.6131095312500001],[0.7006315303808108,0.5487500000000002]]",2.96665631459995
0.05,0.051293294387550536,G00,generalist,0.0,change_1122,discover_only,20261007,10.85618018551865,2.564045046379662,2.864045046379662,0.8862741699796954,7,"[[0.5,0.5],[0.5,0.5],[0.5,0.5]]",2.96665631459995
0.05,0.051293294387550536,G00,generalist,0.0,change_1122,discover_only,20261008,10.85618018551865,2.564045046379662,2.864045046379662,0.8862741699796954,7,"[[0.5,0.5],[0.5,0.5],[0.5,0.5]]",2.96665631459995
0.05,0.051293294387550536,G00,generalist,0.0,change_1122,discover_only,20261009,10.256180185518648,2.564045046379662,2.864045046379662,0.8862741699796954,8,"[[0.5,0.5],[0.5,0.5],[0.5,0.5]]",2.96665631459995
0.05,0.051293294387550536,G00,generalist,0.0,change_1122,static_known,20261007,11.866625258399798,2.96665631459995,2.96665631459995,0.9888854381999833,1,"[[0.5,0.5],[0.5,0.5],[0.5,0.5]]",2.96665631459995
0.05,0.051293294387550536,G00,generalist,0.0,change_1122,static_known,20261008,11.866625258399798,2.96665631459995,2.96665631459995,0.9888854381999833,1,"[[0.5,0.5],[0.5,0.5],[0.5,0.5]]",2.96665631459995
0.05,0.051293294387550536,G00,generalist,0.0,change_1122,static_known,20261009,11.866625258399798,2.96665631459995,2.96665631459995,0.9888854381999833,1,"[[0.5,0.5],[0.5,0.5],[0.5,0.5]]",2.96665631459995
0.05,0.051293294387550536,G00,generalist,0.0,persistent_theta1,develop_known,20261007,14.288577151992229,3.0924606756948174,4.009155102361305,,0,"[[0.6324540546875004,0.6324540546875004],[0.7298199561686818,0.5],[0.7298199561686818,0.5]]",2.96665631459995
0.05,0.051293294387550536,G00,generalist,0.0,persistent_theta1,develop_known,20261008,14.288577151992229,3.0924606756948174,4.009155102361305,,0,"[[0.6324540546875004,0.6324540546875004],[0.7298199561686818,0.5],[0.7298199561686818,0.5]]",2.96665631459995
0.05,0.051293294387550536,G00,generalist,0.0,persistent_theta1,develop_known,20261009,14.288577151992229,3.0924606756948174,4.009155102361305,,0,"[[0.6324540546875004,0.6324540546875004],[0.7298199561686818,0.5],[0.7298199561686818,0.5]]",2.96665631459995
0.05,0.051293294387550536,G00,generalist,0.0,persistent_theta1,discover_develop,20261007,13.374191141310652,2.651130047497648,3.8519098650718915,,7,"[[0.5927468750000005,0.6682897843554689],[0.7155999538617703,0.525],[0.7298199561686818,0.5]]",2.96665631459995
0.05,0.051293294387550536,G00,generalist,0.0,persistent_theta1,discover_develop,20261008,13.374191141310652,2.651130047497648,3.8519098650718915,,7,"[[0.5927468750000005,0.6682897843554689],[0.7155999538617703,0.525],[0.7298199561686818,0.5]]",2.96665631459995
0.05,0.051293294387550536,G00,generalist,0.0,persistent_theta1,discover_develop,20261009,13.269658285869221,2.651130047497648,3.8501443691152524,,7,"[[0.5821671099309711,0.6766888746040522],[0.7155999538617703,0.525],[0.7298199561686818,0.5]]",2.96665631459995
0.05,0.051293294387550536,G00,generalist,0.0,persistent_theta1,discover_only,20261007,9.656180185518648,2.564045046379662,2.564045046379662,,8,"[[0.5,0.5],[0.5,0.5],[0.5,0.5]]",2.96665631459995
0.05,0.051293294387550536,G00,generalist,0.0,persistent_theta1,discover_only,20261008,10.256180185518648,2.564045046379662,2.564045046379662,,7,"[[0.5,0.5],[0.5,0.5],[0.5,0.5]]",2.96665631459995
0.05,0.051293294387550536,G00,generalist,0.0,persistent_theta1,discover_only,20261009,10.256180185518648,2.564045046379662,2.564045046379662,,7,"[[0.5,0.5],[0.5,0.5],[0.5,0.5]]",2.96665631459995
0.05,0.051293294387550536,G00,generalist,0.0,persistent_theta1,static_known,20261007,11.866625258399798,2.96665631459995,2.96665631459995,,0,"[[0.5,0.5],[0.5,0.5],[0.5,0.5]]",2.96665631459995
0.05,0.051293294387550536,G00,generalist,0.0,persistent_theta1,static_known,20261008,11.866625258399798,2.96665631459995,2.96665631459995,,0,"[[0.5,0.5],[0.5,0.5],[0.5,0.5]]",2.96665631459995
0.05,0.051293294387550536,G00,generalist,0.0,persistent_theta1,static_known,20261009,11.866625258399798,2.96665631459995,2.96665631459995,,0,"[[0.5,0.5],[0.5,0.5],[0.5,0.5]]",2.96665631459995
0.05,0.051293294387550536,G00,generalist,0.0,persistent_theta2,develop_known,20261007,14.288577151992229,3.0924606756948174,4.009155102361305,,0,"[[0.5,0.7298199561686818],[0.5,0.7298199561686818],[0.6324540546875004,0.6324540546875004]]",2.96665631459995
0.05,0.051293294387550536,G00,generalist,0.0,persistent_theta2,develop_known,20261008,14.288577151992229,3.0924606756948174,4.009155102361305,,0,"[[0.5,0.7298199561686818],[0.5,0.7298199561686818],[0.6324540546875004,0.6324540546875004]]",2.96665631459995
0.05,0.051293294387550536,G00,generalist,0.0,persistent_theta2,develop_known,20261009,14.288577151992229,3.0924606756948174,4.009155102361305,,0,"[[0.5,0.7298199561686818],[0.5,0.7298199561686818],[0.6324540546875004,0.6324540546875004]]",2.96665631459995
0.05,0.051293294387550536,G00,generalist,0.0,persistent_theta2,discover_develop,20261007,13.829792711712726,2.9858360235984804,3.8861572679872207,,7,"[[0.5,0.7298199561686818],[0.5,0.7298199561686818],[0.6682897843554689,0.5927468750000005]]",2.96665631459995
0.05,0.051293294387550536,G00,generalist,0.0,persistent_theta2,discover_develop,20261008,13.829792711712726,2.9858360235984804,3.8861572679872207,,7,"[[0.5,0.7298199561686818],[0.5,0.7298199561686818],[0.6682897843554689,0.5927468750000005]]",2.96665631459995
0.05,0.051293294387550536,G00,generalist,0.0,persistent_theta2,discover_develop,20261009,13.829792711712726,2.9858360235984804,3.8861572679872207,,7,"[[0.5,0.7298199561686818],[0.5,0.7298199561686818],[0.6682897843554689,0.5927468750000005]]",2.96665631459995
0.05,0.051293294387550536,G00,generalist,0.0,persistent_theta2,discover_only,20261007,11.456180185518647,2.864045046379662,2.864045046379662,,7,"[[0.5,0.5],[0.5,0.5],[0.5,0.5]]",2.96665631459995
0.05,0.051293294387550536,G00,generalist,0.0,persistent_theta2,discover_only,20261008,11.456180185518647,2.864045046379662,2.864045046379662,,7,"[[0.5,0.5],[0.5,0.5],[0.5,0.5]]",2.96665631459995
0.05,0.051293294387550536,G00,generalist,0.0,persistent_theta2,discover_only,20261009,10.856180185518648,2.864045046379662,2.864045046379662,,8,"[[0.5,0.5],[0.5,0.5],[0.5,0.5]]",2.96665631459995
0.05,0.051293294387550536,G00,generalist,0.0,persistent_theta2,static_known,20261007,11.866625258399798,2.96665631459995,2.96665631459995,,0,"[[0.5,0.5],[0.5,0.5],[0.5,0.5]]",2.96665631459995
0.05,0.051293294387550536,G00,generalist,0.0,persistent_theta2,static_known,20261008,11.866625258399798,2.96665631459995,2.96665631459995,,0,"[[0.5,0.5],[0.5,0.5],[0.5,0.5]]",2.96665631459995
0.05,0.051293294387550536,G00,generalist,0.0,persistent_theta2,static_known,20261009,11.866625258399798,2.96665631459995,2.96665631459995,,0,"[[0.5,0.5],[0.5,0.5],[0.5,0.5]]",2.96665631459995
0.05,0.051293294387550536,G00,generalist,0.0,recurrent_1221,develop_known,20261007,13.482571793606613,3.0924606756948174,3.636684192640559,1.1037998441485595,2,"[[0.5713125000000003,0.6848752951376955],[0.6324540546875002,0.6324540546875002],[0.6848752951376955,0.5713125000000003]]",2.96665631459995
0.05,0.051293294387550536,G00,generalist,0.0,recurrent_1221,develop_known,20261008,13.482571793606613,3.0924606756948174,3.636684192640559,1.1037998441485595,2,"[[0.5713125000000003,0.6848752951376955],[0.6324540546875002,0.6324540546875002],[0.6848752951376955,0.5713125000000003]]",2.96665631459995
0.05,0.051293294387550536,G00,generalist,0.0,recurrent_1221,develop_known,20261009,13.482571793606613,3.0924606756948174,3.636684192640559,1.1037998441485595,2,"[[0.5713125000000003,0.6848752951376955],[0.6324540546875002,0.6324540546875002],[0.6848752951376955,0.5713125000000003]]",2.96665631459995
0.05,0.051293294387550536,G00,generalist,0.0,recurrent_1221,discover_develop,20261007,12.15068947605362,2.651130047497648,3.205117756319218,0.7049342807191917,7,"[[0.5487500000000002,0.7006315303808108],[0.6131095312500001,0.6508313519531251],[0.7006315303808108,0.5487500000000002]]",2.96665631459995
0.05,0.051293294387550536,G00,generalist,0.0,recurrent_1221,discover_develop,20261008,12.15068947605362,2.651130047497648,3.205117756319218,0.7049342807191917,7,"[[0.5487500000000002,0.7006315303808108],[0.6131095312500001,0.6508313519531251],[0.7006315303808108,0.5487500000000002]]",2.96665631459995
0.05,0.051293294387550536,G00,generalist,0.0,recurrent_1221,discover_develop,20261009,11.727789501985836,2.651130047497648,3.251419759785553,0.7072668767186521,8,"[[0.5487500000000002,0.7006315303808108],[0.6324540546875002,0.6324540546875002],[0.7082117093301571,0.5370272686215743]]",2.96665631459995
0.05,0.051293294387550536,G00,generalist,0.0,recurrent_1221,discover_only,20261007,10.856180185518648,2.564045046379662,2.564045046379662,0.7362741699796955,7,"[[0.5,0.5],[0.5,0.5],[0.5,0.5]]",2.96665631459995
0.05,0.051293294387550536,G00,generalist,0.0,recurrent_1221,discover_only,20261008,10.856180185518648,2.564045046379662,2.564045046379662,0.7362741699796955,7,"[[0.5,0.5],[0.5,0.5],[0.5,0.5]]",2.96665631459995
0.05,0.051293294387550536,G00,generalist,0.0,recurrent_1221,discover_only,20261009,10.256180185518648,2.564045046379662,2.564045046379662,0.7362741699796955,8,"[[0.5,0.5],[0.5,0.5],[0.5,0.5]]",2.96665631459995
0.05,0.051293294387550536,G00,generalist,0.0,recurrent_1221,static_known,20261007,11.866625258399798,2.96665631459995,2.96665631459995,0.9888854381999833,2,"[[0.5,0.5],[0.5,0.5],[0.5,0.5]]",2.96665631459995
0.05,0.051293294387550536,G00,generalist,0.0,recurrent_1221,static_known,20261008,11.866625258399798,2.96665631459995,2.96665631459995,0.9888854381999833,2,"[[0.5,0.5],[0.5,0.5],[0.5,0.5]]",2.96665631459995
0.05,0.051293294387550536,G00,generalist,0.0,recurrent_1221,static_known,20261009,11.866625258399798,2.96665631459995,2.96665631459995,0.9888854381999833,2,"[[0.5,0.5],[0.5,0.5],[0.5,0.5]]",2.96665631459995
0.05,0.051293294387550536,G01,complementary,0.25,alternating_1212,discover_develop,20261007,13.583298993209644,3.1758728468596367,3.598918962725516,0.9180042347227505,4,"[[0.25,0.8649099780843408],[0.6324540546875002,0.6324540546875002],[0.8649099780843408,0.25]]",3.4195160030897807
0.05,0.051293294387550536,G01,complementary,0.25,alternating_1212,discover_develop,20261008,13.583298993209644,3.1758728468596367,3.598918962725516,0.9180042347227505,4,"[[0.25,0.8649099780843408],[0.6324540546875002,0.6324540546875002],[0.8649099780843408,0.25]]",3.4195160030897807
0.05,0.051293294387550536,G01,complementary,0.25,alternating_1212,discover_develop,20261009,13.583298993209644,3.1758728468596367,3.598918962725516,0.9180042347227505,4,"[[0.25,0.8649099780843408],[0.6324540546875002,0.6324540546875002],[0.8649099780843408,0.25]]",3.4195160030897807
0.05,0.051293294387550536,G01,complementary,0.25,change_1122,discover_develop,20261007,13.890464860226002,3.1758728468596367,3.570150458277636,0.9251977399113631,4,"[[0.25,0.8649099780843408],[0.6508313519531251,0.6131095312500001],[0.8649099780843408,0.25]]",3.4195160030897807
0.05,0.051293294387550536,G01,complementary,0.25,change_1122,discover_develop,20261008,13.890464860226002,3.1758728468596367,3.570150458277636,0.9251977399113631,4,"[[0.25,0.8649099780843408],[0.6508313519531251,0.6131095312500001],[0.8649099780843408,0.25]]",3.4195160030897807
0.05,0.051293294387550536,G01,complementary,0.25,change_1122,discover_develop,20261009,13.890464860226002,3.1758728468596367,3.570150458277636,0.9251977399113631,4,"[[0.25,0.8649099780843408],[0.6508313519531251,0.6131095312500001],[0.8649099780843408,0.25]]",3.4195160030897807
0.05,0.051293294387550536,G01,complementary,0.25,persistent_theta1,discover_develop,20261007,14.99333630569568,3.1758728468596367,4.145410118948839,,1,"[[0.25,0.8649099780843408],[0.7155999538617703,0.525],[0.8649099780843408,0.25]]",3.4195160030897807
0.05,0.051293294387550536,G01,complementary,0.25,persistent_theta1,discover_develop,20261008,14.99333630569568,3.1758728468596367,4.145410118948839,,1,"[[0.25,0.8649099780843408],[0.7155999538617703,0.525],[0.8649099780843408,0.25]]",3.4195160030897807
0.05,0.051293294387550536,G01,complementary,0.25,persistent_theta1,discover_develop,20261009,14.99333630569568,3.1758728468596367,4.145410118948839,,1,"[[0.25,0.8649099780843408],[0.7155999538617703,0.525],[0.8649099780843408,0.25]]",3.4195160030897807
0.05,0.051293294387550536,G01,complementary,0.25,persistent_theta2,discover_develop,20261007,15.457407933295428,3.5130864600753475,4.1813088588644245,,0,"[[0.25,0.8649099780843408],[0.5,0.7298199561686818],[0.8649099780843408,0.25]]",3.4195160030897807
0.05,0.051293294387550536,G01,complementary,0.25,persistent_theta2,discover_develop,20261008,15.457407933295428,3.5130864600753475,4.1813088588644245,,0,"[[0.25,0.8649099780843408],[0.5,0.7298199561686818],[0.8649099780843408,0.25]]",3.4195160030897807
0.05,0.051293294387550536,G01,complementary,0.25,persistent_theta2,discover_develop,20261009,15.457407933295428,3.5130864600753475,4.1813088588644245,,0,"[[0.25,0.8649099780843408],[0.5,0.7298199561686818],[0.8649099780843408,0.25]]",3.4195160030897807
0.05,0.051293294387550536,G01,complementary,0.25,recurrent_1221,discover_develop,20261007,13.929176660102254,3.1758728468596367,3.570150458277636,0.9193493360730753,3,"[[0.25,0.8649099780843408],[0.6131095312500001,0.6508313519531251],[0.8649099780843408,0.25]]",3.4195160030897807
0.05,0.051293294387550536,G01,complementary,0.25,recurrent_1221,discover_develop,20261008,13.929176660102254,3.1758728468596367,3.570150458277636,0.9193493360730753,3,"[[0.25,0.8649099780843408],[0.6131095312500001,0.6508313519531251],[0.8649099780843408,0.25]]",3.4195160030897807
0.05,0.051293294387550536,G01,complementary,0.25,recurrent_1221,discover_develop,20261009,13.583298993209644,3.1758728468596367,3.598918962725516,0.9177889865642996,5,"[[0.25,0.8649099780843408],[0.6324540546875002,0.6324540546875002],[0.8649099780843408,0.25]]",3.4195160030897807
0.05,0.051293294387550536,G02,concentrated,0.25,alternating_1212,discover_develop,20261007,11.820362997215168,2.6063254085285106,2.974062072142364,0.7284200325339173,7,"[[0.48950874937481936,0.40458813165163365],[0.6596724995832128,0.6030587544344223],[0.8114529083563506,0.820880262938533]]",3.0529949748426484
0.05,0.051293294387550536,G02,concentrated,0.25,alternating_1212,discover_develop,20261008,11.820362997215168,2.6063254085285106,2.974062072142364,0.7284200325339173,7,"[[0.48950874937481936,0.40458813165163365],[0.6596724995832128,0.6030587544344223],[0.8114529083563506,0.820880262938533]]",3.0529949748426484
0.05,0.051293294387550536,G02,concentrated,0.25,alternating_1212,discover_develop,20261009,11.820362997215168,2.6063254085285106,2.974062072142364,0.7284200325339173,7,"[[0.48950874937481936,0.40458813165163365],[0.6596724995832128,0.6030587544344223],[0.8114529083563506,0.820880262938533]]",3.0529949748426484
0.05,0.051293294387550536,G02,concentrated,0.25,change_1122,discover_develop,20261007,11.733976135315585,2.6063254085285106,2.974062072142364,0.5362493102857571,7,"[[0.48950874937481936,0.40458813165163365],[0.6596724995832128,0.6030587544344223],[0.8114529083563505,0.820880262938533]]",3.0529949748426484
0.05,0.051293294387550536,G02,concentrated,0.25,change_1122,discover_develop,20261008,11.733976135315585,2.6063254085285106,2.974062072142364,0.5362493102857571,7,"[[0.48950874937481936,0.40458813165163365],[0.6596724995832128,0.6030587544344223],[0.8114529083563505,0.820880262938533]]",3.0529949748426484
0.05,0.051293294387550536,G02,concentrated,0.25,change_1122,discover_develop,20261009,11.733976135315585,2.6063254085285106,2.974062072142364,0.5362493102857571,7,"[[0.48950874937481936,0.40458813165163365],[0.6596724995832128,0.6030587544344223],[0.8114529083563505,0.820880262938533]]",3.0529949748426484
0.05,0.051293294387550536,G02,concentrated,0.25,persistent_theta1,discover_develop,20261007,13.38518929842234,2.6063254085285106,3.7865260303929276,,7,"[[0.47624702792968787,0.4196642968750004],[0.7228011238636493,0.5126602827595519],[0.8464272154369248,0.7800879525952477]]",3.0529949748426484
0.05,0.051293294387550536,G02,concentrated,0.25,persistent_theta1,discover_develop,20261008,13.38518929842234,2.6063254085285106,3.7865260303929276,,7,"[[0.47624702792968787,0.4196642968750004],[0.7228011238636493,0.5126602827595519],[0.8464272154369248,0.7800879525952477]]",3.0529949748426484
0.05,0.051293294387550536,G02,concentrated,0.25,persistent_theta1,discover_develop,20261009,13.38518929842234,2.6063254085285106,3.7865260303929276,,7,"[[0.47624702792968787,0.4196642968750004],[0.7228011238636493,0.5126602827595519],[0.8464272154369248,0.7800879525952477]]",3.0529949748426484
0.05,0.051293294387550536,G02,concentrated,0.25,persistent_theta2,discover_develop,20261007,13.967508387717293,3.0731429549404874,3.8941432388781303,,7,"[[0.476247027929688,0.4196642968750004],[0.5250000000000001,0.7155999538617703],[0.75,0.8649099780843408]]",3.0529949748426484
0.05,0.051293294387550536,G02,concentrated,0.25,persistent_theta2,discover_develop,20261008,13.967508387717293,3.0731429549404874,3.8941432388781303,,7,"[[0.476247027929688,0.4196642968750004],[0.5250000000000001,0.7155999538617703],[0.75,0.8649099780843408]]",3.0529949748426484
0.05,0.051293294387550536,G02,concentrated,0.25,persistent_theta2,discover_develop,20261009,13.967508387717293,3.0731429549404874,3.8941432388781303,,7,"[[0.476247027929688,0.4196642968750004],[0.5250000000000001,0.7155999538617703],[0.75,0.8649099780843408]]",3.0529949748426484
0.05,0.051293294387550536,G02,concentrated,0.25,recurrent_1221,discover_develop,20261007,11.291973532428106,2.6063254085285106,3.071574154633499,0.5506463453302808,7,"[[0.5150333119060784,0.3732506648964564],[0.6229058167127013,0.6417605258770662],[0.8065547656250001,0.8254156759765625]]",3.0529949748426484
0.05,0.051293294387550536,G02,concentrated,0.25,recurrent_1221,discover_develop,20261008,11.291973532428106,2.6063254085285106,3.071574154633499,0.5506463453302808,7,"[[0.5150333119060784,0.3732506648964564],[0.6229058167127013,0.6417605258770662],[0.8065547656250001,0.8254156759765625]]",3.0529949748426484
0.05,0.051293294387550536,G02,concentrated,0.25,recurrent_1221,discover_develop,20261009,11.291973532428106,2.6063254085285106,3.071574154633499,0.5506463453302808,7,"[[0.5150333119060784,0.3732506648964564],[0.6229058167127013,0.6417605258770662],[0.8065547656250001,0.8254156759765625]]",3.0529949748426484
0.05,0.051293294387550536,G03,partial_overlap,0.25,alternating_1212,discover_develop,20261007,14.116923757093897,3.5130864600753475,3.4676350987551574,1.0469022777987689,3,"[[0.25,0.8649099780843408],[0.7298199561686818,0.25],[0.8341448921777344,0.5927468750000001]]",3.3261829471342965
0.05,0.051293294387550536,G03,partial_overlap,0.25,alternating_1212,discover_develop,20261008,14.116923757093897,3.5130864600753475,3.4676350987551574,1.0469022777987689,3,"[[0.25,0.8649099780843408],[0.7298199561686818,0.25],[0.8341448921777344,0.5927468750000001]]",3.3261829471342965
0.05,0.051293294387550536,G03,partial_overlap,0.25,alternating_1212,discover_develop,20261009,14.116923757093897,3.5130864600753475,3.4676350987551574,1.0469022777987689,3,"[[0.25,0.8649099780843408],[0.7298199561686818,0.25],[0.8341448921777344,0.5927468750000001]]",3.3261829471342965
0.05,0.051293294387550536,G03,partial_overlap,0.25,change_1122,discover_develop,20261007,14.05311805015646,3.5130864600753475,3.4676350987551574,0.9283025850136852,3,"[[0.25,0.8649099780843408],[0.7298199561686818,0.25],[0.8341448921777344,0.5927468750000001]]",3.3261829471342965
0.05,0.051293294387550536,G03,partial_overlap,0.25,change_1122,discover_develop,20261008,14.05311805015646,3.5130864600753475,3.4676350987551574,0.9283025850136852,3,"[[0.25,0.8649099780843408],[0.7298199561686818,0.25],[0.8341448921777344,0.5927468750000001]]",3.3261829471342965
0.05,0.051293294387550536,G03,partial_overlap,0.25,change_1122,discover_develop,20261009,14.05311805015646,3.5130864600753475,3.4676350987551574,0.9283025850136852,3,"[[0.25,0.8649099780843408],[0.7298199561686818,0.25],[0.8341448921777344,0.5927468750000001]]",3.3261829471342965
0.05,0.051293294387550536,G03,partial_overlap,0.25,persistent_theta1,discover_develop,20261007,15.457407933295428,3.5130864600753475,4.1813088588644245,,0,"[[0.25,0.8649099780843408],[0.7298199561686818,0.25],[0.8649099780843408,0.5]]",3.3261829471342965
0.05,0.051293294387550536,G03,partial_overlap,0.25,persistent_theta1,discover_develop,20261008,15.457407933295428,3.5130864600753475,4.1813088588644245,,0,"[[0.25,0.8649099780843408],[0.7298199561686818,0.25],[0.8649099780843408,0.5]]",3.3261829471342965
0.05,0.051293294387550536,G03,partial_overlap,0.25,persistent_theta1,discover_develop,20261009,15.457407933295428,3.5130864600753475,4.1813088588644245,,0,"[[0.25,0.8649099780843408],[0.7298199561686818,0.25],[0.8649099780843408,0.5]]",3.3261829471342965
0.05,0.051293294387550536,G03,partial_overlap,0.25,persistent_theta2,discover_develop,20261007,12.957571200888808,3.058436183556217,3.555565900476856,,7,"[[0.25,0.8649099780843408],[0.6848752951376955,0.3569687500000003],[0.8065547656250001,0.6508313519531251]]",3.3261829471342965
0.05,0.051293294387550536,G03,partial_overlap,0.25,persistent_theta2,discover_develop,20261008,13.346716212074014,3.058436183556217,3.594591536457903,,7,"[[0.25,0.8649099780843408],[0.6682897843554689,0.38912031250000034],[0.7963734375,0.6682897843554689]]",3.3261829471342965
0.05,0.051293294387550536,G03,partial_overlap,0.25,persistent_theta2,discover_develop,20261009,13.346716212074014,3.058436183556217,3.594591536457903,,7,"[[0.25,0.8649099780843408],[0.6682897843554689,0.38912031250000034],[0.7963734375,0.6682897843554689]]",3.3261829471342965
0.05,0.051293294387550536,G03,partial_overlap,0.25,recurrent_1221,discover_develop,20261007,14.173543389902102,3.5130864600753475,4.103605073542832,1.1172054168646814,4,"[[0.25,0.8649099780843408],[0.7298199561686818,0.25],[0.8341448921777344,0.5927468750000001]]",3.3261829471342965
0.05,0.051293294387550536,G03,partial_overlap,0.25,recurrent_1221,discover_develop,20261008,14.173543389902102,3.5130864600753475,4.103605073542832,1.1172054168646814,4,"[[0.25,0.8649099780843408],[0.7298199561686818,0.25],[0.8341448921777344,0.5927468750000001]]",3.3261829471342965
0.05,0.051293294387550536,G03,partial_overlap,0.25,recurrent_1221,discover_develop,20261009,14.173543389902102,3.5130864600753475,4.103605073542832,1.1172054168646814,4,"[[0.25,0.8649099780843408],[0.7298199561686818,0.25],[0.8341448921777344,0.5927468750000001]]",3.3261829471342965
0.05,0.051293294387550536,G04,redundant,0.25,alternating_1212,discover_develop,20261007,13.949182801425536,3.5130864600753475,3.408958971849864,1.0395834601475167,3,"[[0.25,0.8649099780843408],[0.7512173382666016,0.49093359375],[0.7754736477856081,0.4359375000000002]]",3.2959165245236783
0.05,0.051293294387550536,G04,redundant,0.25,alternating_1212,discover_develop,20261008,13.949182801425536,3.5130864600753475,3.408958971849864,1.0395834601475167,3,"[[0.25,0.8649099780843408],[0.7512173382666016,0.49093359375],[0.7754736477856081,0.4359375000000002]]",3.2959165245236783
0.05,0.051293294387550536,G04,redundant,0.25,alternating_1212,discover_develop,20261009,13.949182801425536,3.5130864600753475,3.408958971849864,1.0395834601475167,3,"[[0.25,0.8649099780843408],[0.7512173382666016,0.49093359375],[0.7754736477856081,0.4359375000000002]]",3.2959165245236783
0.05,0.051293294387550536,G04,redundant,0.25,change_1122,discover_develop,20261007,13.875749046862104,3.5130864600753475,3.4010971181615153,0.9283025850136852,4,"[[0.25,0.8649099780843408],[0.7512173382666016,0.49093359375],[0.781158781997618,0.42128408577696796]]",3.2959165245236783
0.05,0.051293294387550536,G04,redundant,0.25,change_1122,discover_develop,20261008,13.921225079574608,3.5130864600753475,3.408958971849864,0.9283025850136852,3,"[[0.25,0.8649099780843408],[0.7512173382666016,0.49093359375],[0.7754736477856081,0.4359375000000002]]",3.2959165245236783
0.05,0.051293294387550536,G04,redundant,0.25,change_1122,discover_develop,20261009,13.921225079574608,3.5130864600753475,3.408958971849864,0.9283025850136852,3,"[[0.25,0.8649099780843408],[0.7512173382666016,0.49093359375],[0.7754736477856081,0.4359375000000002]]",3.2959165245236783
0.05,0.051293294387550536,G04,redundant,0.25,persistent_theta1,discover_develop,20261007,15.457407933295428,3.5130864600753475,4.1813088588644245,,0,"[[0.25,0.8649099780843408],[0.7973649671265113,0.375],[0.7973649671265113,0.375]]",3.2959165245236783
0.05,0.051293294387550536,G04,redundant,0.25,persistent_theta1,discover_develop,20261008,15.457407933295428,3.5130864600753475,4.1813088588644245,,0,"[[0.25,0.8649099780843408],[0.7973649671265113,0.375],[0.7973649671265113,0.375]]",3.2959165245236783
0.05,0.051293294387550536,G04,redundant,0.25,persistent_theta1,discover_develop,20261009,15.457407933295428,3.5130864600753475,4.1813088588644245,,0,"[[0.25,0.8649099780843408],[0.7973649671265113,0.375],[0.7973649671265113,0.375]]",3.2959165245236783
0.05,0.051293294387550536,G04,redundant,0.25,persistent_theta2,discover_develop,20261007,12.801905989211857,3.017863798798639,3.5292248070614036,,7,"[[0.25,0.8649099780843408],[0.7098321484375001,0.5635391899414063],[0.7636564713532716,0.4641406250000003]]",3.2959165245236783
0.05,0.051293294387550536,G04,redundant,0.25,persistent_theta2,discover_develop,20261008,13.224671546313482,3.017863798798639,3.573281840107947,,7,"[[0.25,0.8649099780843408],[0.6945601562500001,0.585362230444336],[0.7512173382666016,0.49093359375000034]]",3.2959165245236783
0.05,0.051293294387550536,G04,redundant,0.25,persistent_theta2,discover_develop,20261009,13.224671546313482,3.017863798798639,3.573281840107947,,7,"[[0.25,0.8649099780843408],[0.6945601562500001,0.585362230444336],[0.7512173382666016,0.49093359375000034]]",3.2959165245236783
0.05,0.051293294387550536,G04,redundant,0.25,recurrent_1221,discover_develop,20261007,13.748030111354717,3.5130864600753475,4.055169086763277,1.108710196894688,4,"[[0.25,0.8649099780843408],[0.7636564713532716,0.464140625],[0.7811587819976179,0.42128408577696796]]",3.2959165245236783
0.05,0.051293294387550536,G04,redundant,0.25,recurrent_1221,discover_develop,20261008,13.977604990589136,3.5130864600753475,4.009276066936512,1.100660365804139,4,"[[0.25,0.8649099780843408],[0.7512173382666016,0.49093359375],[0.7754736477856081,0.4359375000000002]]",3.2959165245236783
0.05,0.051293294387550536,G04,redundant,0.25,recurrent_1221,discover_develop,20261009,13.977604990589136,3.5130864600753475,4.009276066936512,1.100660365804139,4,"[[0.25,0.8649099780843408],[0.7512173382666016,0.49093359375],[0.7754736477856081,0.4359375000000002]]",3.2959165245236783
0.05,0.051293294387550536,G05,complementary,0.5,alternating_1212,discover_develop,20261007,15.90273532563015,3.895007566817928,4.052978317389658,1.105038600962949,4,"[[0.0,1.0],[0.6324540546875002,0.6324540546875002],[1.0,0.0]]",4.175755076535925
0.05,0.051293294387550536,G05,complementary,0.5,alternating_1212,discover_develop,20261008,15.90273532563015,3.895007566817928,4.052978317389658,1.105038600962949,4,"[[0.0,1.0],[0.6324540546875002,0.6324540546875002],[1.0,0.0]]",4.175755076535925
0.05,0.051293294387550536,G05,complementary,0.5,alternating_1212,discover_develop,20261009,15.90273532563015,3.895007566817928,4.052978317389658,1.105038600962949,4,"[[0.0,1.0],[0.6324540546875002,0.6324540546875002],[1.0,0.0]]",4.175755076535925
0.05,0.051293294387550536,G05,complementary,0.5,change_1122,discover_develop,20261007,16.210110572317568,3.895007566817928,4.024131700035958,1.1109507780305243,4,"[[0.0,1.0],[0.6508313519531251,0.6131095312500001],[1.0,0.0]]",4.175755076535925
0.05,0.051293294387550536,G05,complementary,0.5,change_1122,discover_develop,20261008,16.210110572317568,3.895007566817928,4.024131700035958,1.1109507780305243,4,"[[0.0,1.0],[0.6508313519531251,0.6131095312500001],[1.0,0.0]]",4.175755076535925
0.05,0.051293294387550536,G05,complementary,0.5,change_1122,discover_develop,20261009,16.210110572317568,3.895007566817928,4.024131700035958,1.1109507780305243,4,"[[0.0,1.0],[0.6508313519531251,0.6131095312500001],[1.0,0.0]]",4.175755076535925
0.05,0.051293294387550536,G05,complementary,0.5,persistent_theta1,discover_develop,20261007,17.314971754733786,3.895007566817928,4.600424399632347,,1,"[[0.0,1.0],[0.7155999538617703,0.525],[1.0,0.0]]",4.175755076535925
0.05,0.051293294387550536,G05,complementary,0.5,persistent_theta1,discover_develop,20261008,17.314971754733786,3.895007566817928,4.600424399632347,,1,"[[0.0,1.0],[0.7155999538617703,0.525],[1.0,0.0]]",4.175755076535925
0.05,0.051293294387550536,G05,complementary,0.5,persistent_theta1,discover_develop,20261009,17.314971754733786,3.895007566817928,4.600424399632347,,1,"[[0.0,1.0],[0.7155999538617703,0.525],[1.0,0.0]]",4.175755076535925
0.05,0.051293294387550536,G05,complementary,0.5,persistent_theta2,discover_develop,20261007,17.78017628757283,4.232525318841536,4.636522492837425,,0,"[[0.0,1.0],[0.5,0.7298199561686818],[1.0,0.0]]",4.175755076535925
0.05,0.051293294387550536,G05,complementary,0.5,persistent_theta2,discover_develop,20261008,17.78017628757283,4.232525318841536,4.636522492837425,,0,"[[0.0,1.0],[0.5,0.7298199561686818],[1.0,0.0]]",4.175755076535925
0.05,0.051293294387550536,G05,complementary,0.5,persistent_theta2,discover_develop,20261009,17.78017628757283,4.232525318841536,4.636522492837425,,0,"[[0.0,1.0],[0.5,0.7298199561686818],[1.0,0.0]]",4.175755076535925
0.05,0.051293294387550536,G05,complementary,0.5,recurrent_1221,discover_develop,20261007,16.24872629106757,3.895007566817928,4.024131700035958,1.1071701771684297,3,"[[0.0,1.0],[0.6131095312500001,0.6508313519531251],[1.0,0.0]]",4.175755076535925
0.05,0.051293294387550536,G05,complementary,0.5,recurrent_1221,discover_develop,20261008,16.24872629106757,3.895007566817928,4.024131700035958,1.1071701771684297,3,"[[0.0,1.0],[0.6131095312500001,0.6508313519531251],[1.0,0.0]]",4.175755076535925
0.05,0.051293294387550536,G05,complementary,0.5,recurrent_1221,discover_develop,20261009,15.90273532563015,3.895007566817928,4.052978317389658,1.1055684444497205,5,"[[0.0,1.0],[0.6324540546875002,0.6324540546875002],[1.0,0.0]]",4.175755076535925
0.05,0.051293294387550536,G06,concentrated,0.5,alternating_1212,develop_known,20261007,14.370945886673535,3.1584678163459827,3.9814093964481483,1.2146598857277395,4,"[[0.0,0.45963991233736345],[0.6766888746040522,0.5821671099309711],[1.0,1.0]]",2.96665631459995
0.05,0.051293294387550536,G06,concentrated,0.5,alternating_1212,develop_known,20261008,14.370945886673535,3.1584678163459827,3.9814093964481483,1.2146598857277395,4,"[[0.0,0.45963991233736345],[0.6766888746040522,0.5821671099309711],[1.0,1.0]]",2.96665631459995
0.05,0.051293294387550536,G06,concentrated,0.5,alternating_1212,develop_known,20261009,14.370945886673535,3.1584678163459827,3.9814093964481483,1.2146598857277395,4,"[[0.0,0.45963991233736345],[0.6766888746040522,0.5821671099309711],[1.0,1.0]]",2.96665631459995
0.05,0.051293294387550536,G06,concentrated,0.5,alternating_1212,discover_develop,20261007,12.99739240624826,2.772086243880511,3.8768056628542675,0.8846575783627043,7,"[[0.0,0.45963991233736345],[0.7006315303808108,0.5487500000000002],[1.0,1.0]]",2.96665631459995
0.05,0.051293294387550536,G06,concentrated,0.5,alternating_1212,discover_develop,20261008,12.99739240624826,2.772086243880511,3.8768056628542675,0.8846575783627043,7,"[[0.0,0.45963991233736345],[0.7006315303808108,0.5487500000000002],[1.0,1.0]]",2.96665631459995
0.05,0.051293294387550536,G06,concentrated,0.5,alternating_1212,discover_develop,20261009,12.99739240624826,2.772086243880511,3.8768056628542675,0.8846575783627043,7,"[[0.0,0.45963991233736345],[0.7006315303808108,0.5487500000000002],[1.0,1.0]]",2.96665631459995
0.05,0.051293294387550536,G06,concentrated,0.5,alternating_1212,discover_only,20261007,10.256180185518648,2.564045046379662,2.864045046379662,0.7862741699796955,8,"[[0.0,0.0],[0.5,0.5],[1.0,1.0]]",2.96665631459995
0.05,0.051293294387550536,G06,concentrated,0.5,alternating_1212,discover_only,20261008,10.85618018551865,2.564045046379662,2.864045046379662,0.7862741699796955,7,"[[0.0,0.0],[0.5,0.5],[1.0,1.0]]",2.96665631459995
0.05,0.051293294387550536,G06,concentrated,0.5,alternating_1212,discover_only,20261009,10.85618018551865,2.564045046379662,2.864045046379662,0.7862741699796955,7,"[[0.0,0.0],[0.5,0.5],[1.0,1.0]]",2.96665631459995
0.05,0.051293294387550536,G06,concentrated,0.5,alternating_1212,static_known,20261007,11.866625258399798,2.96665631459995,2.96665631459995,0.9888854381999833,3,"[[0.0,0.0],[0.5,0.5],[1.0,1.0]]",2.96665631459995
0.05,0.051293294387550536,G06,concentrated,0.5,alternating_1212,static_known,20261008,11.866625258399798,2.96665631459995,2.96665631459995,0.9888854381999833,3,"[[0.0,0.0],[0.5,0.5],[1.0,1.0]]",2.96665631459995
0.05,0.051293294387550536,G06,concentrated,0.5,alternating_1212,static_known,20261009,11.866625258399798,2.96665631459995,2.96665631459995,0.9888854381999833,3,"[[0.0,0.0],[0.5,0.5],[1.0,1.0]]",2.96665631459995
0.05,0.051293294387550536,G06,concentrated,0.5,change_1122,develop_known,20261007,14.4309504571844,3.1584678163459827,3.9814093964481483,1.206315241134213,2,"[[0.0,0.45963991233736345],[0.6766888746040525,0.5821671099309711],[1.0,1.0]]",2.96665631459995
0.05,0.051293294387550536,G06,concentrated,0.5,change_1122,develop_known,20261008,14.4309504571844,3.1584678163459827,3.9814093964481483,1.206315241134213,2,"[[0.0,0.45963991233736345],[0.6766888746040525,0.5821671099309711],[1.0,1.0]]",2.96665631459995
0.05,0.051293294387550536,G06,concentrated,0.5,change_1122,develop_known,20261009,14.4309504571844,3.1584678163459827,3.9814093964481483,1.206315241134213,2,"[[0.0,0.45963991233736345],[0.6766888746040525,0.5821671099309711],[1.0,1.0]]",2.96665631459995
0.05,0.051293294387550536,G06,concentrated,0.5,change_1122,discover_develop,20261007,13.680339290806415,2.772086243880511,3.8768056628542675,1.1210553847369138,7,"[[0.0,0.45963991233736345],[0.7006315303808108,0.5487500000000002],[1.0,1.0]]",2.96665631459995
0.05,0.051293294387550536,G06,concentrated,0.5,change_1122,discover_develop,20261008,13.680339290806415,2.772086243880511,3.8768056628542675,1.1210553847369138,7,"[[0.0,0.45963991233736345],[0.7006315303808108,0.5487500000000002],[1.0,1.0]]",2.96665631459995
0.05,0.051293294387550536,G06,concentrated,0.5,change_1122,discover_develop,20261009,13.594327899637799,2.772086243880511,3.8734663925444597,1.1210553847369138,7,"[[0.0,0.45963991233736345],[0.7082117093301571,0.5370272686215743],[1.0,1.0]]",2.96665631459995
0.05,0.051293294387550536,G06,concentrated,0.5,change_1122,discover_only,20261007,10.85618018551865,2.564045046379662,2.864045046379662,0.8862741699796954,7,"[[0.0,0.0],[0.5,0.5],[1.0,1.0]]",2.96665631459995
0.05,0.051293294387550536,G06,concentrated,0.5,change_1122,discover_only,20261008,10.85618018551865,2.564045046379662,2.864045046379662,0.8862741699796954,7,"[[0.0,0.0],[0.5,0.5],[1.0,1.0]]",2.96665631459995
0.05,0.051293294387550536,G06,concentrated,0.5,change_1122,discover_only,20261009,10.256180185518648,2.564045046379662,2.864045046379662,0.8862741699796954,8,"[[0.0,0.0],[0.5,0.5],[1.0,1.0]]",2.96665631459995
0.05,0.051293294387550536,G06,concentrated,0.5,change_1122,static_known,20261007,11.866625258399798,2.96665631459995,2.96665631459995,0.9888854381999833,1,"[[0.0,0.0],[0.5,0.5],[1.0,1.0]]",2.96665631459995
0.05,0.051293294387550536,G06,concentrated,0.5,change_1122,static_known,20261008,11.866625258399798,2.96665631459995,2.96665631459995,0.9888854381999833,1,"[[0.0,0.0],[0.5,0.5],[1.0,1.0]]",2.96665631459995
0.05,0.051293294387550536,G06,concentrated,0.5,change_1122,static_known,20261009,11.866625258399798,2.96665631459995,2.96665631459995,0.9888854381999833,1,"[[0.0,0.0],[0.5,0.5],[1.0,1.0]]",2.96665631459995
0.05,0.051293294387550536,G06,concentrated,0.5,persistent_theta1,develop_known,20261007,14.684786325274846,3.1584678163459827,4.088187919339603,,1,"[[0.0,0.45963991233736345],[0.7228011238636493,0.5126602827595519],[1.0,1.0]]",2.96665631459995
0.05,0.051293294387550536,G06,concentrated,0.5,persistent_theta1,develop_known,20261008,14.684786325274846,3.1584678163459827,4.088187919339603,,1,"[[0.0,0.45963991233736345],[0.7228011238636493,0.5126602827595519],[1.0,1.0]]",2.96665631459995
0.05,0.051293294387550536,G06,concentrated,0.5,persistent_theta1,develop_known,20261009,14.684786325274846,3.1584678163459827,4.088187919339603,,1,"[[0.0,0.45963991233736345],[0.7228011238636493,0.5126602827595519],[1.0,1.0]]",2.96665631459995
0.05,0.051293294387550536,G06,concentrated,0.5,persistent_theta1,discover_develop,20261007,13.103673849905583,2.772086243880511,3.5623111788539266,,7,"[[0.0,0.45963991233736345],[0.7298199561686818,0.5],[1.0,1.0]]",2.96665631459995
0.05,0.051293294387550536,G06,concentrated,0.5,persistent_theta1,discover_develop,20261008,13.103673849905583,2.772086243880511,3.5623111788539266,,7,"[[0.0,0.45963991233736345],[0.7298199561686818,0.5],[1.0,1.0]]",2.96665631459995
0.05,0.051293294387550536,G06,concentrated,0.5,persistent_theta1,discover_develop,20261009,13.103673849905583,2.772086243880511,3.5623111788539266,,7,"[[0.0,0.45963991233736345],[0.7298199561686818,0.5],[1.0,1.0]]",2.96665631459995
0.05,0.051293294387550536,G06,concentrated,0.5,persistent_theta1,discover_only,20261007,9.656180185518648,2.564045046379662,2.564045046379662,,8,"[[0.0,0.0],[0.5,0.5],[1.0,1.0]]",2.96665631459995
0.05,0.051293294387550536,G06,concentrated,0.5,persistent_theta1,discover_only,20261008,10.256180185518648,2.564045046379662,2.564045046379662,,7,"[[0.0,0.0],[0.5,0.5],[1.0,1.0]]",2.96665631459995
0.05,0.051293294387550536,G06,concentrated,0.5,persistent_theta1,discover_only,20261009,10.256180185518648,2.564045046379662,2.564045046379662,,7,"[[0.0,0.0],[0.5,0.5],[1.0,1.0]]",2.96665631459995
0.05,0.051293294387550536,G06,concentrated,0.5,persistent_theta1,static_known,20261007,11.866625258399798,2.96665631459995,2.96665631459995,,0,"[[0.0,0.0],[0.5,0.5],[1.0,1.0]]",2.96665631459995
0.05,0.051293294387550536,G06,concentrated,0.5,persistent_theta1,static_known,20261008,11.866625258399798,2.96665631459995,2.96665631459995,,0,"[[0.0,0.0],[0.5,0.5],[1.0,1.0]]",2.96665631459995
0.05,0.051293294387550536,G06,concentrated,0.5,persistent_theta1,static_known,20261009,11.866625258399798,2.96665631459995,2.96665631459995,,0,"[[0.0,0.0],[0.5,0.5],[1.0,1.0]]",2.96665631459995
0.05,0.051293294387550536,G06,concentrated,0.5,persistent_theta2,develop_known,20261007,14.684786325274846,3.1584678163459827,4.088187919339603,,1,"[[0.45963991233736345,0.0],[0.5126602827595519,0.7228011238636493],[1.0,1.0]]",2.96665631459995
0.05,0.051293294387550536,G06,concentrated,0.5,persistent_theta2,develop_known,20261008,14.684786325274846,3.1584678163459827,4.088187919339603,,1,"[[0.45963991233736345,0.0],[0.5126602827595519,0.7228011238636493],[1.0,1.0]]",2.96665631459995
0.05,0.051293294387550536,G06,concentrated,0.5,persistent_theta2,develop_known,20261009,14.684786325274846,3.1584678163459827,4.088187919339603,,1,"[[0.45963991233736345,0.0],[0.5126602827595519,0.7228011238636493],[1.0,1.0]]",2.96665631459995
0.05,0.051293294387550536,G06,concentrated,0.5,persistent_theta2,discover_develop,20261007,12.93575491134011,2.9858360235984804,3.888404989488861,,7,"[[0.0,0.45963991233736345],[0.6508313519531252,0.6131095312500003],[1.0,1.0]]",2.96665631459995
0.05,0.051293294387550536,G06,concentrated,0.5,persistent_theta2,discover_develop,20261008,12.93575491134011,2.9858360235984804,3.888404989488861,,7,"[[0.0,0.45963991233736345],[0.6508313519531252,0.6131095312500003],[1.0,1.0]]",2.96665631459995
0.05,0.051293294387550536,G06,concentrated,0.5,persistent_theta2,discover_develop,20261009,12.93575491134011,2.9858360235984804,3.888404989488861,,7,"[[0.0,0.45963991233736345],[0.6508313519531252,0.6131095312500003],[1.0,1.0]]",2.96665631459995
0.05,0.051293294387550536,G06,concentrated,0.5,persistent_theta2,discover_only,20261007,11.456180185518647,2.864045046379662,2.864045046379662,,7,"[[0.0,0.0],[0.5,0.5],[1.0,1.0]]",2.96665631459995
0.05,0.051293294387550536,G06,concentrated,0.5,persistent_theta2,discover_only,20261008,11.456180185518647,2.864045046379662,2.864045046379662,,7,"[[0.0,0.0],[0.5,0.5],[1.0,1.0]]",2.96665631459995
0.05,0.051293294387550536,G06,concentrated,0.5,persistent_theta2,discover_only,20261009,10.856180185518648,2.864045046379662,2.864045046379662,,8,"[[0.0,0.0],[0.5,0.5],[1.0,1.0]]",2.96665631459995
0.05,0.051293294387550536,G06,concentrated,0.5,persistent_theta2,static_known,20261007,11.866625258399798,2.96665631459995,2.96665631459995,,0,"[[0.0,0.0],[0.5,0.5],[1.0,1.0]]",2.96665631459995
0.05,0.051293294387550536,G06,concentrated,0.5,persistent_theta2,static_known,20261008,11.866625258399798,2.96665631459995,2.96665631459995,,0,"[[0.0,0.0],[0.5,0.5],[1.0,1.0]]",2.96665631459995
0.05,0.051293294387550536,G06,concentrated,0.5,persistent_theta2,static_known,20261009,11.866625258399798,2.96665631459995,2.96665631459995,,0,"[[0.0,0.0],[0.5,0.5],[1.0,1.0]]",2.96665631459995
0.05,0.051293294387550536,G06,concentrated,0.5,recurrent_1221,develop_known,20261007,14.301260670392296,3.1584678163459827,3.9779869299226007,1.2040891962563862,3,"[[0.0,0.45963991233736345],[0.6766888746040522,0.5821671099309711],[1.0,1.0]]",2.96665631459995
0.05,0.051293294387550536,G06,concentrated,0.5,recurrent_1221,develop_known,20261008,14.301260670392296,3.1584678163459827,3.9779869299226007,1.2040891962563862,3,"[[0.0,0.45963991233736345],[0.6766888746040522,0.5821671099309711],[1.0,1.0]]",2.96665631459995
0.05,0.051293294387550536,G06,concentrated,0.5,recurrent_1221,develop_known,20261009,14.301260670392296,3.1584678163459827,3.9779869299226007,1.2040891962563862,3,"[[0.0,0.45963991233736345],[0.6766888746040522,0.5821671099309711],[1.0,1.0]]",2.96665631459995
0.05,0.051293294387550536,G06,concentrated,0.5,recurrent_1221,discover_develop,20261007,12.917617402103946,2.772086243880511,3.4873577711811334,0.7465529895811998,7,"[[0.0,0.45963991233736345],[0.7006315303808108,0.5487500000000002],[1.0,1.0]]",2.96665631459995
0.05,0.051293294387550536,G06,concentrated,0.5,recurrent_1221,discover_develop,20261008,12.917617402103946,2.772086243880511,3.4873577711811334,0.7465529895811998,7,"[[0.0,0.45963991233736345],[0.7006315303808108,0.5487500000000002],[1.0,1.0]]",2.96665631459995
0.05,0.051293294387550536,G06,concentrated,0.5,recurrent_1221,discover_develop,20261009,12.844560454895149,2.772086243880511,3.506846754807577,0.7504047848598738,7,"[[0.0,0.45963991233736345],[0.7082117093301571,0.5370272686215743],[1.0,1.0]]",2.96665631459995
0.05,0.051293294387550536,G06,concentrated,0.5,recurrent_1221,discover_only,20261007,10.856180185518648,2.564045046379662,2.564045046379662,0.7362741699796955,7,"[[0.0,0.0],[0.5,0.5],[1.0,1.0]]",2.96665631459995
0.05,0.051293294387550536,G06,concentrated,0.5,recurrent_1221,discover_only,20261008,10.856180185518648,2.564045046379662,2.564045046379662,0.7362741699796955,7,"[[0.0,0.0],[0.5,0.5],[1.0,1.0]]",2.96665631459995
0.05,0.051293294387550536,G06,concentrated,0.5,recurrent_1221,discover_only,20261009,10.256180185518648,2.564045046379662,2.564045046379662,0.7362741699796955,8,"[[0.0,0.0],[0.5,0.5],[1.0,1.0]]",2.96665631459995
0.05,0.051293294387550536,G06,concentrated,0.5,recurrent_1221,static_known,20261007,11.866625258399798,2.96665631459995,2.96665631459995,0.9888854381999833,2,"[[0.0,0.0],[0.5,0.5],[1.0,1.0]]",2.96665631459995
0.05,0.051293294387550536,G06,concentrated,0.5,recurrent_1221,static_known,20261008,11.866625258399798,2.96665631459995,2.96665631459995,0.9888854381999833,2,"[[0.0,0.0],[0.5,0.5],[1.0,1.0]]",2.96665631459995
0.05,0.051293294387550536,G06,concentrated,0.5,recurrent_1221,static_known,20261009,11.866625258399798,2.96665631459995,2.96665631459995,0.9888854381999833,2,"[[0.0,0.0],[0.5,0.5],[1.0,1.0]]",2.96665631459995
0.05,0.051293294387550536,G07,partial_overlap,0.5,alternating_1212,develop_known,20261007,16.820687561762913,4.232525318841536,4.155242268251657,1.3792358296388187,3,"[[0.0,1.0],[0.7298199561686818,0.0],[1.0,0.6324540546875002]]",3.9735697320844925
0.05,0.051293294387550536,G07,partial_overlap,0.5,alternating_1212,develop_known,20261008,16.820687561762913,4.232525318841536,4.155242268251657,1.3792358296388187,3,"[[0.0,1.0],[0.7298199561686818,0.0],[1.0,0.6324540546875002]]",3.9735697320844925
0.05,0.051293294387550536,G07,partial_overlap,0.5,alternating_1212,develop_known,20261009,16.820687561762913,4.232525318841536,4.155242268251657,1.3792358296388187,3,"[[0.0,1.0],[0.7298199561686818,0.0],[1.0,0.6324540546875002]]",3.9735697320844925
0.05,0.051293294387550536,G07,partial_overlap,0.5,alternating_1212,discover_develop,20261007,16.30315212533268,4.232525318841536,3.8489169933039724,1.2401231300963451,3,"[[0.0,1.0],[0.7298199561686818,0.0],[1.0,0.5927468750000001]]",3.9735697320844925
0.05,0.051293294387550536,G07,partial_overlap,0.5,alternating_1212,discover_develop,20261008,16.30315212533268,4.232525318841536,3.8489169933039724,1.2401231300963451,3,"[[0.0,1.0],[0.7298199561686818,0.0],[1.0,0.5927468750000001]]",3.9735697320844925
0.05,0.051293294387550536,G07,partial_overlap,0.5,alternating_1212,discover_develop,20261009,16.30315212533268,4.232525318841536,3.8489169933039724,1.2401231300963451,3,"[[0.0,1.0],[0.7298199561686818,0.0],[1.0,0.5927468750000001]]",3.9735697320844925
0.05,0.051293294387550536,G07,partial_overlap,0.5,alternating_1212,discover_only,20261007,15.563859387606547,4.175755076535925,3.6061746172673486,1.1919183588453084,3,"[[0.0,1.0],[0.5,0.0],[1.0,0.5]]",3.9735697320844925
0.05,0.051293294387550536,G07,partial_overlap,0.5,alternating_1212,discover_only,20261008,15.563859387606547,4.175755076535925,3.6061746172673486,1.1919183588453084,3,"[[0.0,1.0],[0.5,0.0],[1.0,0.5]]",3.9735697320844925
0.05,0.051293294387550536,G07,partial_overlap,0.5,alternating_1212,discover_only,20261009,15.563859387606547,4.175755076535925,3.6061746172673486,1.1919183588453084,3,"[[0.0,1.0],[0.5,0.0],[1.0,0.5]]",3.9735697320844925
0.05,0.051293294387550536,G07,partial_overlap,0.5,alternating_1212,static_known,20261007,15.89427892833797,4.175755076535925,3.77138438763306,1.3020582057557828,3,"[[0.0,1.0],[0.5,0.0],[1.0,0.5]]",3.9735697320844925
0.05,0.051293294387550536,G07,partial_overlap,0.5,alternating_1212,static_known,20261008,15.89427892833797,4.175755076535925,3.77138438763306,1.3020582057557828,3,"[[0.0,1.0],[0.5,0.0],[1.0,0.5]]",3.9735697320844925
0.05,0.051293294387550536,G07,partial_overlap,0.5,alternating_1212,static_known,20261009,15.89427892833797,4.175755076535925,3.77138438763306,1.3020582057557828,3,"[[0.0,1.0],[0.5,0.0],[1.0,0.5]]",3.9735697320844925
0.05,0.051293294387550536,G07,partial_overlap,0.5,change_1122,develop_known,20261007,16.7378599951271,4.232525318841536,4.155242268251657,1.2969789970169774,1,"[[0.0,1.0],[0.7298199561686818,0.0],[1.0,0.6324540546875002]]",3.9735697320844925
0.05,0.051293294387550536,G07,partial_overlap,0.5,change_1122,develop_known,20261008,16.7378599951271,4.232525318841536,4.155242268251657,1.2969789970169774,1,"[[0.0,1.0],[0.7298199561686818,0.0],[1.0,0.6324540546875002]]",3.9735697320844925
0.05,0.051293294387550536,G07,partial_overlap,0.5,change_1122,develop_known,20261009,16.7378599951271,4.232525318841536,4.155242268251657,1.2969789970169774,1,"[[0.0,1.0],[0.7298199561686818,0.0],[1.0,0.6324540546875002]]",3.9735697320844925
0.05,0.051293294387550536,G07,partial_overlap,0.5,change_1122,discover_develop,20261007,15.97404491160299,4.232525318841536,3.814266256529496,1.1141542434679428,3,"[[0.0,1.0],[0.7298199561686818,0.0],[1.0,0.5713125000000001]]",3.9735697320844925
0.05,0.051293294387550536,G07,partial_overlap,0.5,change_1122,discover_develop,20261008,16.21238022813698,4.232525318841536,3.8489169933039724,1.1141542434679428,3,"[[0.0,1.0],[0.7298199561686818,0.0],[1.0,0.5927468750000001]]",3.9735697320844925
0.05,0.051293294387550536,G07,partial_overlap,0.5,change_1122,discover_develop,20261009,16.21238022813698,4.232525318841536,3.8489169933039724,1.1141542434679428,3,"[[0.0,1.0],[0.7298199561686818,0.0],[1.0,0.5927468750000001]]",3.9735697320844925
0.05,0.051293294387550536,G07,partial_overlap,0.5,change_1122,discover_only,20261007,15.233439846875125,4.175755076535925,3.6061746172673486,1.0919183588453085,1,"[[0.0,1.0],[0.5,0.0],[1.0,0.5]]",3.9735697320844925
0.05,0.051293294387550536,G07,partial_overlap,0.5,change_1122,discover_only,20261008,15.563859387606549,4.175755076535925,3.6061746172673486,1.0919183588453085,3,"[[0.0,1.0],[0.5,0.0],[1.0,0.5]]",3.9735697320844925
0.05,0.051293294387550536,G07,partial_overlap,0.5,change_1122,discover_only,20261009,15.563859387606549,4.175755076535925,3.6061746172673486,1.0919183588453085,3,"[[0.0,1.0],[0.5,0.0],[1.0,0.5]]",3.9735697320844925
0.05,0.051293294387550536,G07,partial_overlap,0.5,change_1122,static_known,20261007,15.894278928337972,4.175755076535925,3.77138438763306,1.2571281292110201,1,"[[0.0,1.0],[0.5,0.0],[1.0,0.5]]",3.9735697320844925
0.05,0.051293294387550536,G07,partial_overlap,0.5,change_1122,static_known,20261008,15.894278928337972,4.175755076535925,3.77138438763306,1.2571281292110201,1,"[[0.0,1.0],[0.5,0.0],[1.0,0.5]]",3.9735697320844925
0.05,0.051293294387550536,G07,partial_overlap,0.5,change_1122,static_known,20261009,15.894278928337972,4.175755076535925,3.77138438763306,1.2571281292110201,1,"[[0.0,1.0],[0.5,0.0],[1.0,0.5]]",3.9735697320844925
0.05,0.051293294387550536,G07,partial_overlap,0.5,persistent_theta1,develop_known,20261007,17.78017628757283,4.232525318841536,4.636522492837425,,0,"[[0.0,1.0],[0.7298199561686818,0.0],[1.0,0.5]]",3.9735697320844925
0.05,0.051293294387550536,G07,partial_overlap,0.5,persistent_theta1,develop_known,20261008,17.78017628757283,4.232525318841536,4.636522492837425,,0,"[[0.0,1.0],[0.7298199561686818,0.0],[1.0,0.5]]",3.9735697320844925
0.05,0.051293294387550536,G07,partial_overlap,0.5,persistent_theta1,develop_known,20261009,17.78017628757283,4.232525318841536,4.636522492837425,,0,"[[0.0,1.0],[0.7298199561686818,0.0],[1.0,0.5]]",3.9735697320844925
0.05,0.051293294387550536,G07,partial_overlap,0.5,persistent_theta1,discover_develop,20261007,17.78017628757283,4.232525318841536,4.636522492837425,,0,"[[0.0,1.0],[0.7298199561686818,0.0],[1.0,0.5]]",3.9735697320844925
0.05,0.051293294387550536,G07,partial_overlap,0.5,persistent_theta1,discover_develop,20261008,17.78017628757283,4.232525318841536,4.636522492837425,,0,"[[0.0,1.0],[0.7298199561686818,0.0],[1.0,0.5]]",3.9735697320844925
0.05,0.051293294387550536,G07,partial_overlap,0.5,persistent_theta1,discover_develop,20261009,17.78017628757283,4.232525318841536,4.636522492837425,,0,"[[0.0,1.0],[0.7298199561686818,0.0],[1.0,0.5]]",3.9735697320844925
0.05,0.051293294387550536,G07,partial_overlap,0.5,persistent_theta1,discover_only,20261007,16.703020306143696,4.175755076535925,4.175755076535925,,0,"[[0.0,1.0],[0.5,0.0],[1.0,0.5]]",3.9735697320844925
0.05,0.051293294387550536,G07,partial_overlap,0.5,persistent_theta1,discover_only,20261008,16.703020306143696,4.175755076535925,4.175755076535925,,0,"[[0.0,1.0],[0.5,0.0],[1.0,0.5]]",3.9735697320844925
0.05,0.051293294387550536,G07,partial_overlap,0.5,persistent_theta1,discover_only,20261009,16.703020306143696,4.175755076535925,4.175755076535925,,0,"[[0.0,1.0],[0.5,0.0],[1.0,0.5]]",3.9735697320844925
0.05,0.051293294387550536,G07,partial_overlap,0.5,persistent_theta1,static_known,20261007,16.703020306143696,4.175755076535925,4.175755076535925,,0,"[[0.0,1.0],[0.5,0.0],[1.0,0.5]]",3.9735697320844925
0.05,0.051293294387550536,G07,partial_overlap,0.5,persistent_theta1,static_known,20261008,16.703020306143696,4.175755076535925,4.175755076535925,,0,"[[0.0,1.0],[0.5,0.0],[1.0,0.5]]",3.9735697320844925
0.05,0.051293294387550536,G07,partial_overlap,0.5,persistent_theta1,static_known,20261009,16.703020306143696,4.175755076535925,4.175755076535925,,0,"[[0.0,1.0],[0.5,0.0],[1.0,0.5]]",3.9735697320844925
0.05,0.051293294387550536,G07,partial_overlap,0.5,persistent_theta2,develop_known,20261007,16.54760449220422,3.848610611874675,4.396364019910734,,0,"[[0.0,1.0],[0.7298199561686818,0.0],[1.0,0.7298199561686818]]",3.9735697320844925
0.05,0.051293294387550536,G07,partial_overlap,0.5,persistent_theta2,develop_known,20261008,16.54760449220422,3.848610611874675,4.396364019910734,,0,"[[0.0,1.0],[0.7298199561686818,0.0],[1.0,0.7298199561686818]]",3.9735697320844925
0.05,0.051293294387550536,G07,partial_overlap,0.5,persistent_theta2,develop_known,20261009,16.54760449220422,3.848610611874675,4.396364019910734,,0,"[[0.0,1.0],[0.7298199561686818,0.0],[1.0,0.7298199561686818]]",3.9735697320844925
0.05,0.051293294387550536,G07,partial_overlap,0.5,persistent_theta2,discover_develop,20261007,15.264786754405801,3.6475735141761376,3.970749062901879,,7,"[[0.0,1.0],[0.7298199561686818,0.0],[1.0,0.6682897843554689]]",3.9735697320844925
0.05,0.051293294387550536,G07,partial_overlap,0.5,persistent_theta2,discover_develop,20261008,15.264786754405801,3.6475735141761376,3.970749062901879,,7,"[[0.0,1.0],[0.7298199561686818,0.0],[1.0,0.6682897843554689]]",3.9735697320844925
0.05,0.051293294387550536,G07,partial_overlap,0.5,persistent_theta2,discover_develop,20261009,15.264786754405801,3.6475735141761376,3.970749062901879,,7,"[[0.0,1.0],[0.7298199561686818,0.0],[1.0,0.6682897843554689]]",3.9735697320844925
0.05,0.051293294387550536,G07,partial_overlap,0.5,persistent_theta2,discover_only,20261007,14.094278928337973,3.6061746172673486,3.6061746172673486,,5,"[[0.0,1.0],[0.5,0.0],[1.0,0.5]]",3.9735697320844925
0.05,0.051293294387550536,G07,partial_overlap,0.5,persistent_theta2,discover_only,20261008,14.424698469069396,3.6061746172673486,3.6061746172673486,,7,"[[0.0,1.0],[0.5,0.0],[1.0,0.5]]",3.9735697320844925
0.05,0.051293294387550536,G07,partial_overlap,0.5,persistent_theta2,discover_only,20261009,14.424698469069396,3.6061746172673486,3.6061746172673486,,7,"[[0.0,1.0],[0.5,0.0],[1.0,0.5]]",3.9735697320844925
0.05,0.051293294387550536,G07,partial_overlap,0.5,persistent_theta2,static_known,20261007,15.085537550532242,3.77138438763306,3.77138438763306,,0,"[[0.0,1.0],[0.5,0.0],[1.0,0.5]]",3.9735697320844925
0.05,0.051293294387550536,G07,partial_overlap,0.5,persistent_theta2,static_known,20261008,15.085537550532242,3.77138438763306,3.77138438763306,,0,"[[0.0,1.0],[0.5,0.0],[1.0,0.5]]",3.9735697320844925
0.05,0.051293294387550536,G07,partial_overlap,0.5,persistent_theta2,static_known,20261009,15.085537550532242,3.77138438763306,3.77138438763306,,0,"[[0.0,1.0],[0.5,0.0],[1.0,0.5]]",3.9735697320844925
0.05,0.051293294387550536,G07,partial_overlap,0.5,recurrent_1221,develop_known,20261007,16.892142466010924,4.232525318841536,4.636522492837425,1.4063869091738288,2,"[[0.0,1.0],[0.7298199561686818,0.0],[1.0,0.6324540546875002]]",3.9735697320844925
0.05,0.051293294387550536,G07,partial_overlap,0.5,recurrent_1221,develop_known,20261008,16.892142466010924,4.232525318841536,4.636522492837425,1.4063869091738288,2,"[[0.0,1.0],[0.7298199561686818,0.0],[1.0,0.6324540546875002]]",3.9735697320844925
0.05,0.051293294387550536,G07,partial_overlap,0.5,recurrent_1221,develop_known,20261009,16.892142466010924,4.232525318841536,4.636522492837425,1.4063869091738288,2,"[[0.0,1.0],[0.7298199561686818,0.0],[1.0,0.6324540546875002]]",3.9735697320844925
0.05,0.051293294387550536,G07,partial_overlap,0.5,recurrent_1221,discover_develop,20261007,16.38137247006377,4.232525318841536,4.636522492837425,1.3188339455456048,4,"[[0.0,1.0],[0.7298199561686818,0.0],[1.0,0.5927468750000001]]",3.9735697320844925
0.05,0.051293294387550536,G07,partial_overlap,0.5,recurrent_1221,discover_develop,20261008,16.38137247006377,4.232525318841536,4.636522492837425,1.3188339455456048,4,"[[0.0,1.0],[0.7298199561686818,0.0],[1.0,0.5927468750000001]]",3.9735697320844925
0.05,0.051293294387550536,G07,partial_overlap,0.5,recurrent_1221,discover_develop,20261009,16.38137247006377,4.232525318841536,4.636522492837425,1.3188339455456048,4,"[[0.0,1.0],[0.7298199561686818,0.0],[1.0,0.5927468750000001]]",3.9735697320844925
0.05,0.051293294387550536,G07,partial_overlap,0.5,recurrent_1221,discover_only,20261007,15.233439846875124,4.175755076535925,4.175755076535925,1.2419183588453084,2,"[[0.0,1.0],[0.5,0.0],[1.0,0.5]]",3.9735697320844925
0.05,0.051293294387550536,G07,partial_overlap,0.5,recurrent_1221,discover_only,20261008,15.563859387606547,4.175755076535925,4.175755076535925,1.2419183588453084,4,"[[0.0,1.0],[0.5,0.0],[1.0,0.5]]",3.9735697320844925
0.05,0.051293294387550536,G07,partial_overlap,0.5,recurrent_1221,discover_only,20261009,15.563859387606547,4.175755076535925,4.175755076535925,1.2419183588453084,4,"[[0.0,1.0],[0.5,0.0],[1.0,0.5]]",3.9735697320844925
0.05,0.051293294387550536,G07,partial_overlap,0.5,recurrent_1221,static_known,20261007,15.89427892833797,4.175755076535925,4.175755076535925,1.3245232440281642,2,"[[0.0,1.0],[0.5,0.0],[1.0,0.5]]",3.9735697320844925
0.05,0.051293294387550536,G07,partial_overlap,0.5,recurrent_1221,static_known,20261008,15.89427892833797,4.175755076535925,4.175755076535925,1.3245232440281642,2,"[[0.0,1.0],[0.5,0.0],[1.0,0.5]]",3.9735697320844925
0.05,0.051293294387550536,G07,partial_overlap,0.5,recurrent_1221,static_known,20261009,15.89427892833797,4.175755076535925,4.175755076535925,1.3245232440281642,2,"[[0.0,1.0],[0.5,0.0],[1.0,0.5]]",3.9735697320844925
0.05,0.051293294387550536,G08,redundant,0.5,alternating_1212,develop_known,20261007,16.03736059271482,4.232525318841536,3.8111595583175744,1.2876856546611586,3,"[[0.0,1.0],[0.8162270273437501,0.44868108203125034],[0.8649099780843408,0.25]]",3.7976355398128527
0.05,0.051293294387550536,G08,redundant,0.5,alternating_1212,develop_known,20261008,16.03736059271482,4.232525318841536,3.8111595583175744,1.2876856546611586,3,"[[0.0,1.0],[0.8162270273437501,0.44868108203125034],[0.8649099780843408,0.25]]",3.7976355398128527
0.05,0.051293294387550536,G08,redundant,0.5,alternating_1212,develop_known,20261009,16.03736059271482,4.232525318841536,3.8111595583175744,1.2876856546611586,3,"[[0.0,1.0],[0.8162270273437501,0.44868108203125034],[0.8649099780843408,0.25]]",3.7976355398128527
0.05,0.051293294387550536,G08,redundant,0.5,alternating_1212,discover_develop,20261007,15.73723433022808,4.232525318841536,3.588231866167236,1.2341282907558926,3,"[[0.0,1.0],[0.8341448921777344,0.38912031250000023],[0.8649099780843408,0.25]]",3.7976355398128527
0.05,0.051293294387550536,G08,redundant,0.5,alternating_1212,discover_develop,20261008,15.73723433022808,4.232525318841536,3.588231866167236,1.2341282907558926,3,"[[0.0,1.0],[0.8341448921777344,0.38912031250000023],[0.8649099780843408,0.25]]",3.7976355398128527
0.05,0.051293294387550536,G08,redundant,0.5,alternating_1212,discover_develop,20261009,15.73723433022808,4.232525318841536,3.588231866167236,1.2341282907558926,3,"[[0.0,1.0],[0.8341448921777344,0.38912031250000023],[0.8649099780843408,0.25]]",3.7976355398128527
0.05,0.051293294387550536,G08,redundant,0.5,alternating_1212,discover_only,20261007,15.046781232697555,4.175755076535925,3.3236753853872107,1.1919183588453084,3,"[[0.0,1.0],[0.75,0.25],[0.75,0.25]]",3.7976355398128527
0.05,0.051293294387550536,G08,redundant,0.5,alternating_1212,discover_only,20261008,15.09470154154884,4.175755076535925,3.3715956942384953,1.1919183588453084,3,"[[0.0,1.0],[0.75,0.25],[0.75,0.25]]",3.7976355398128527
0.05,0.051293294387550536,G08,redundant,0.5,alternating_1212,discover_only,20261009,15.09470154154884,4.175755076535925,3.3715956942384953,1.1919183588453084,3,"[[0.0,1.0],[0.75,0.25],[0.75,0.25]]",3.7976355398128527
0.05,0.051293294387550536,G08,redundant,0.5,alternating_1212,static_known,20261007,15.190542159251411,4.175755076535925,3.4195160030897807,1.2238652314128318,3,"[[0.0,1.0],[0.75,0.25],[0.75,0.25]]",3.7976355398128527
0.05,0.051293294387550536,G08,redundant,0.5,alternating_1212,static_known,20261008,15.190542159251411,4.175755076535925,3.4195160030897807,1.2238652314128318,3,"[[0.0,1.0],[0.75,0.25],[0.75,0.25]]",3.7976355398128527
0.05,0.051293294387550536,G08,redundant,0.5,alternating_1212,static_known,20261009,15.190542159251411,4.175755076535925,3.4195160030897807,1.2238652314128318,3,"[[0.0,1.0],[0.75,0.25],[0.75,0.25]]",3.7976355398128527
0.05,0.051293294387550536,G08,redundant,0.5,change_1122,develop_known,20261007,15.991601911847816,4.232525318841536,3.8111595583175744,1.1558781941080334,1,"[[0.0,1.0],[0.8162270273437501,0.44868108203125034],[0.8649099780843408,0.25]]",3.7976355398128527
0.05,0.051293294387550536,G08,redundant,0.5,change_1122,develop_known,20261008,15.991601911847816,4.232525318841536,3.8111595583175744,1.1558781941080334,1,"[[0.0,1.0],[0.8162270273437501,0.44868108203125034],[0.8649099780843408,0.25]]",3.7976355398128527
0.05,0.051293294387550536,G08,redundant,0.5,change_1122,develop_known,20261009,15.991601911847816,4.232525318841536,3.8111595583175744,1.1558781941080334,1,"[[0.0,1.0],[0.8162270273437501,0.44868108203125034],[0.8649099780843408,0.25]]",3.7976355398128527
0.05,0.051293294387550536,G08,redundant,0.5,change_1122,discover_develop,20261007,15.549049120841444,4.232525318841536,3.5362679468066895,1.1141542434679428,3,"[[0.0,1.0],[0.8424376475688476,0.35696875000000017],[0.8649099780843408,0.25]]",3.7976355398128527
0.05,0.051293294387550536,G08,redundant,0.5,change_1122,discover_develop,20261008,15.670753967819703,4.232525318841536,3.588231866167236,1.1141542434679428,3,"[[0.0,1.0],[0.8341448921777344,0.38912031250000023],[0.8649099780843408,0.25]]",3.7976355398128527
0.05,0.051293294387550536,G08,redundant,0.5,change_1122,discover_develop,20261009,15.670753967819703,4.232525318841536,3.588231866167236,1.1141542434679428,3,"[[0.0,1.0],[0.8341448921777344,0.38912031250000023],[0.8649099780843408,0.25]]",3.7976355398128527
0.05,0.051293294387550536,G08,redundant,0.5,change_1122,discover_only,20261007,14.950940614994987,4.175755076535925,3.3236753853872107,1.0919183588453085,1,"[[0.0,1.0],[0.75,0.25],[0.75,0.25]]",3.7976355398128527
0.05,0.051293294387550536,G08,redundant,0.5,change_1122,discover_only,20261008,15.094701541548844,4.175755076535925,3.3715956942384953,1.0919183588453085,3,"[[0.0,1.0],[0.75,0.25],[0.75,0.25]]",3.7976355398128527
0.05,0.051293294387550536,G08,redundant,0.5,change_1122,discover_only,20261009,15.094701541548844,4.175755076535925,3.3715956942384953,1.0919183588453085,3,"[[0.0,1.0],[0.75,0.25],[0.75,0.25]]",3.7976355398128527
0.05,0.051293294387550536,G08,redundant,0.5,change_1122,static_known,20261007,15.190542159251414,4.175755076535925,3.4195160030897807,1.1398386676965935,1,"[[0.0,1.0],[0.75,0.25],[0.75,0.25]]",3.7976355398128527
0.05,0.051293294387550536,G08,redundant,0.5,change_1122,static_known,20261008,15.190542159251414,4.175755076535925,3.4195160030897807,1.1398386676965935,1,"[[0.0,1.0],[0.75,0.25],[0.75,0.25]]",3.7976355398128527
0.05,0.051293294387550536,G08,redundant,0.5,change_1122,static_known,20261009,15.190542159251414,4.175755076535925,3.4195160030897807,1.1398386676965935,1,"[[0.0,1.0],[0.75,0.25],[0.75,0.25]]",3.7976355398128527
0.05,0.051293294387550536,G08,redundant,0.5,persistent_theta1,develop_known,20261007,17.78017628757283,4.232525318841536,4.636522492837425,,0,"[[0.0,1.0],[0.8649099780843408,0.25],[0.8649099780843408,0.25]]",3.7976355398128527
0.05,0.051293294387550536,G08,redundant,0.5,persistent_theta1,develop_known,20261008,17.78017628757283,4.232525318841536,4.636522492837425,,0,"[[0.0,1.0],[0.8649099780843408,0.25],[0.8649099780843408,0.25]]",3.7976355398128527
0.05,0.051293294387550536,G08,redundant,0.5,persistent_theta1,develop_known,20261009,17.78017628757283,4.232525318841536,4.636522492837425,,0,"[[0.0,1.0],[0.8649099780843408,0.25],[0.8649099780843408,0.25]]",3.7976355398128527
0.05,0.051293294387550536,G08,redundant,0.5,persistent_theta1,discover_develop,20261007,17.78017628757283,4.232525318841536,4.636522492837425,,0,"[[0.0,1.0],[0.8649099780843408,0.25],[0.8649099780843408,0.25]]",3.7976355398128527
0.05,0.051293294387550536,G08,redundant,0.5,persistent_theta1,discover_develop,20261008,17.78017628757283,4.232525318841536,4.636522492837425,,0,"[[0.0,1.0],[0.8649099780843408,0.25],[0.8649099780843408,0.25]]",3.7976355398128527
0.05,0.051293294387550536,G08,redundant,0.5,persistent_theta1,discover_develop,20261009,17.78017628757283,4.232525318841536,4.636522492837425,,0,"[[0.0,1.0],[0.8649099780843408,0.25],[0.8649099780843408,0.25]]",3.7976355398128527
0.05,0.051293294387550536,G08,redundant,0.5,persistent_theta1,discover_only,20261007,16.703020306143696,4.175755076535925,4.175755076535925,,0,"[[0.0,1.0],[0.75,0.25],[0.75,0.25]]",3.7976355398128527
0.05,0.051293294387550536,G08,redundant,0.5,persistent_theta1,discover_only,20261008,16.703020306143696,4.175755076535925,4.175755076535925,,0,"[[0.0,1.0],[0.75,0.25],[0.75,0.25]]",3.7976355398128527
0.05,0.051293294387550536,G08,redundant,0.5,persistent_theta1,discover_only,20261009,16.703020306143696,4.175755076535925,4.175755076535925,,0,"[[0.0,1.0],[0.75,0.25],[0.75,0.25]]",3.7976355398128527
0.05,0.051293294387550536,G08,redundant,0.5,persistent_theta1,static_known,20261007,16.703020306143696,4.175755076535925,4.175755076535925,,0,"[[0.0,1.0],[0.75,0.25],[0.75,0.25]]",3.7976355398128527
0.05,0.051293294387550536,G08,redundant,0.5,persistent_theta1,static_known,20261008,16.703020306143696,4.175755076535925,4.175755076535925,,0,"[[0.0,1.0],[0.75,0.25],[0.75,0.25]]",3.7976355398128527
0.05,0.051293294387550536,G08,redundant,0.5,persistent_theta1,static_known,20261009,16.703020306143696,4.175755076535925,4.175755076535925,,0,"[[0.0,1.0],[0.75,0.25],[0.75,0.25]]",3.7976355398128527
0.05,0.051293294387550536,G08,redundant,0.5,persistent_theta2,develop_known,20261007,15.457407933295428,3.5130864600753475,4.1813088588644245,,0,"[[0.0,1.0],[0.75,0.5947299342530226],[0.8649099780843408,0.25]]",3.7976355398128527
0.05,0.051293294387550536,G08,redundant,0.5,persistent_theta2,develop_known,20261008,15.457407933295428,3.5130864600753475,4.1813088588644245,,0,"[[0.0,1.0],[0.75,0.5947299342530226],[0.8649099780843408,0.25]]",3.7976355398128527
0.05,0.051293294387550536,G08,redundant,0.5,persistent_theta2,develop_known,20261009,15.457407933295428,3.5130864600753475,4.1813088588644245,,0,"[[0.0,1.0],[0.75,0.5947299342530226],[0.8649099780843408,0.25]]",3.7976355398128527
0.05,0.051293294387550536,G08,redundant,0.5,persistent_theta2,discover_develop,20261007,14.164301427178833,3.4093242372173376,3.7275781755469763,,7,"[[0.0,1.0],[0.8065547656250001,0.47624702792968787],[0.8649099780843408,0.25]]",3.7976355398128527
0.05,0.051293294387550536,G08,redundant,0.5,persistent_theta2,discover_develop,20261008,14.383106878390027,3.4093242372173376,3.7689735714392256,,7,"[[0.0,1.0],[0.7963734375,0.5024346765332035],[0.8649099780843408,0.25]]",3.7976355398128527
0.05,0.051293294387550536,G08,redundant,0.5,persistent_theta2,discover_develop,20261009,14.383106878390027,3.4093242372173376,3.7689735714392256,,7,"[[0.0,1.0],[0.7963734375,0.5024346765332035],[0.8649099780843408,0.25]]",3.7976355398128527
0.05,0.051293294387550536,G08,redundant,0.5,persistent_theta2,discover_only,20261007,13.342621850400128,3.3715956942384953,3.3236753853872107,,5,"[[0.0,1.0],[0.75,0.25],[0.75,0.25]]",3.7976355398128527
0.05,0.051293294387550536,G08,redundant,0.5,persistent_theta2,discover_only,20261008,13.486382776953985,3.3715956942384953,3.3715956942384953,,7,"[[0.0,1.0],[0.75,0.25],[0.75,0.25]]",3.7976355398128527
0.05,0.051293294387550536,G08,redundant,0.5,persistent_theta2,discover_only,20261009,13.486382776953985,3.3715956942384953,3.3715956942384953,,7,"[[0.0,1.0],[0.75,0.25],[0.75,0.25]]",3.7976355398128527
0.05,0.051293294387550536,G08,redundant,0.5,persistent_theta2,static_known,20261007,13.678064012359124,3.4195160030897807,3.4195160030897807,,0,"[[0.0,1.0],[0.75,0.25],[0.75,0.25]]",3.7976355398128527
0.05,0.051293294387550536,G08,redundant,0.5,persistent_theta2,static_known,20261008,13.678064012359124,3.4195160030897807,3.4195160030897807,,0,"[[0.0,1.0],[0.75,0.25],[0.75,0.25]]",3.7976355398128527
0.05,0.051293294387550536,G08,redundant,0.5,persistent_theta2,static_known,20261009,13.678064012359124,3.4195160030897807,3.4195160030897807,,0,"[[0.0,1.0],[0.75,0.25],[0.75,0.25]]",3.7976355398128527
0.05,0.051293294387550536,G08,redundant,0.5,recurrent_1221,develop_known,20261007,16.076183221766104,4.232525318841536,4.512824362148104,1.31941716190206,2,"[[0.0,1.0],[0.8162270273437501,0.44868108203125034],[0.8649099780843408,0.25]]",3.7976355398128527
0.05,0.051293294387550536,G08,redundant,0.5,recurrent_1221,develop_known,20261008,16.076183221766104,4.232525318841536,4.512824362148104,1.31941716190206,2,"[[0.0,1.0],[0.8162270273437501,0.44868108203125034],[0.8649099780843408,0.25]]",3.7976355398128527
0.05,0.051293294387550536,G08,redundant,0.5,recurrent_1221,develop_known,20261009,16.076183221766104,4.232525318841536,4.512824362148104,1.31941716190206,2,"[[0.0,1.0],[0.8162270273437501,0.44868108203125034],[0.8649099780843408,0.25]]",3.7976355398128527
0.05,0.051293294387550536,G08,redundant,0.5,recurrent_1221,discover_develop,20261007,15.690736349261329,4.232525318841536,4.579462977197467,1.3088248028520602,4,"[[0.0,1.0],[0.8424376475688476,0.35696875000000017],[0.8649099780843408,0.25]]",3.7976355398128527
0.05,0.051293294387550536,G08,redundant,0.5,recurrent_1221,discover_develop,20261008,15.795753317025632,4.232525318841536,4.558389502691881,1.3051279884711933,4,"[[0.0,1.0],[0.8341448921777344,0.38912031250000023],[0.8649099780843408,0.25]]",3.7976355398128527
0.05,0.051293294387550536,G08,redundant,0.5,recurrent_1221,discover_develop,20261009,15.795753317025632,4.232525318841536,4.558389502691881,1.3051279884711933,4,"[[0.0,1.0],[0.8341448921777344,0.38912031250000023],[0.8649099780843408,0.25]]",3.7976355398128527
0.05,0.051293294387550536,G08,redundant,0.5,recurrent_1221,discover_only,20261007,14.99886092384627,4.175755076535925,4.175755076535925,1.2419183588453084,2,"[[0.0,1.0],[0.75,0.25],[0.75,0.25]]",3.7976355398128527
0.05,0.051293294387550536,G08,redundant,0.5,recurrent_1221,discover_only,20261008,15.09470154154884,4.175755076535925,4.175755076535925,1.2419183588453084,4,"[[0.0,1.0],[0.75,0.25],[0.75,0.25]]",3.7976355398128527
0.05,0.051293294387550536,G08,redundant,0.5,recurrent_1221,discover_only,20261009,15.09470154154884,4.175755076535925,4.175755076535925,1.2419183588453084,4,"[[0.0,1.0],[0.75,0.25],[0.75,0.25]]",3.7976355398128527
0.05,0.051293294387550536,G08,redundant,0.5,recurrent_1221,static_known,20261007,15.19054215925141,4.175755076535925,4.175755076535925,1.265878513270951,2,"[[0.0,1.0],[0.75,0.25],[0.75,0.25]]",3.7976355398128527
0.05,0.051293294387550536,G08,redundant,0.5,recurrent_1221,static_known,20261008,15.19054215925141,4.175755076535925,4.175755076535925,1.265878513270951,2,"[[0.0,1.0],[0.75,0.25],[0.75,0.25]]",3.7976355398128527
0.05,0.051293294387550536,G08,redundant,0.5,recurrent_1221,static_known,20261009,15.19054215925141,4.175755076535925,4.175755076535925,1.265878513270951,2,"[[0.0,1.0],[0.75,0.25],[0.75,0.25]]",3.7976355398128527
0.1,0.10536051565782631,G00,generalist,0.0,alternating_1212,develop_known,20261007,14.822222173655765,3.21483813365409,4.155210167236543,1.2271967040846674,3,"[[0.6355000000000002,0.8062897554999999],[0.7342795,0.7342795],[0.8062897555,0.6355000000000002]]",2.96665631459995
0.1,0.10536051565782631,G00,generalist,0.0,alternating_1212,develop_known,20261008,14.822222173655765,3.21483813365409,4.155210167236543,1.2271967040846674,3,"[[0.6355000000000002,0.8062897554999999],[0.7342795,0.7342795],[0.8062897555,0.6355000000000002]]",2.96665631459995
0.1,0.10536051565782631,G00,generalist,0.0,alternating_1212,develop_known,20261009,14.822222173655765,3.21483813365409,4.155210167236543,1.2271967040846674,3,"[[0.6355000000000002,0.8062897554999999],[0.7342795,0.7342795],[0.8062897555,0.6355000000000002]]",2.96665631459995
0.1,0.10536051565782631,G00,generalist,0.0,alternating_1212,discover_develop,20261007,13.04310320946475,2.736325015365656,3.7198545088299295,0.8022242141879553,7,"[[0.5950000000000001,0.82566077995],[0.7342795,0.7342795],[0.82566077995,0.5950000000000001]]",2.96665631459995
0.1,0.10536051565782631,G00,generalist,0.0,alternating_1212,discover_develop,20261008,13.04310320946475,2.736325015365656,3.7198545088299295,0.8022242141879553,7,"[[0.5950000000000001,0.82566077995],[0.7342795,0.7342795],[0.82566077995,0.5950000000000001]]",2.96665631459995
0.1,0.10536051565782631,G00,generalist,0.0,alternating_1212,discover_develop,20261009,13.04310320946475,2.736325015365656,3.7198545088299295,0.8022242141879553,7,"[[0.5950000000000001,0.82566077995],[0.7342795,0.7342795],[0.82566077995,0.5950000000000001]]",2.96665631459995
0.1,0.10536051565782631,G00,generalist,0.0,alternating_1212,discover_only,20261007,10.256180185518648,2.564045046379662,2.864045046379662,0.7862741699796955,8,"[[0.5,0.5],[0.5,0.5],[0.5,0.5]]",2.96665631459995
0.1,0.10536051565782631,G00,generalist,0.0,alternating_1212,discover_only,20261008,10.85618018551865,2.564045046379662,2.864045046379662,0.7862741699796955,7,"[[0.5,0.5],[0.5,0.5],[0.5,0.5]]",2.96665631459995
0.1,0.10536051565782631,G00,generalist,0.0,alternating_1212,discover_only,20261009,10.85618018551865,2.564045046379662,2.864045046379662,0.7862741699796955,7,"[[0.5,0.5],[0.5,0.5],[0.5,0.5]]",2.96665631459995
0.1,0.10536051565782631,G00,generalist,0.0,alternating_1212,static_known,20261007,11.866625258399798,2.96665631459995,2.96665631459995,0.9888854381999833,3,"[[0.5,0.5],[0.5,0.5],[0.5,0.5]]",2.96665631459995
0.1,0.10536051565782631,G00,generalist,0.0,alternating_1212,static_known,20261008,11.866625258399798,2.96665631459995,2.96665631459995,0.9888854381999833,3,"[[0.5,0.5],[0.5,0.5],[0.5,0.5]]",2.96665631459995
0.1,0.10536051565782631,G00,generalist,0.0,alternating_1212,static_known,20261009,11.866625258399798,2.96665631459995,2.96665631459995,0.9888854381999833,3,"[[0.5,0.5],[0.5,0.5],[0.5,0.5]]",2.96665631459995
0.1,0.10536051565782631,G00,generalist,0.0,change_1122,develop_known,20261007,14.826315789670199,3.21483813365409,4.155210167236543,1.1296336019950226,1,"[[0.6355000000000002,0.8062897555],[0.7342795,0.7342795],[0.8062897555,0.6355000000000002]]",2.96665631459995
0.1,0.10536051565782631,G00,generalist,0.0,change_1122,develop_known,20261008,14.826315789670199,3.21483813365409,4.155210167236543,1.1296336019950226,1,"[[0.6355000000000002,0.8062897555],[0.7342795,0.7342795],[0.8062897555,0.6355000000000002]]",2.96665631459995
0.1,0.10536051565782631,G00,generalist,0.0,change_1122,develop_known,20261009,14.826315789670199,3.21483813365409,4.155210167236543,1.1296336019950226,1,"[[0.6355000000000002,0.8062897555],[0.7342795,0.7342795],[0.8062897555,0.6355000000000002]]",2.96665631459995
0.1,0.10536051565782631,G00,generalist,0.0,change_1122,discover_develop,20261007,13.37027786906921,2.736325015365656,3.674730586975215,0.8022784528129477,7,"[[0.5950000000000001,0.82566077995],[0.7608515499999999,0.7047549999999999],[0.8256607799500001,0.5950000000000001]]",2.96665631459995
0.1,0.10536051565782631,G00,generalist,0.0,change_1122,discover_develop,20261008,13.37027786906921,2.736325015365656,3.674730586975215,0.8022784528129477,7,"[[0.5950000000000001,0.82566077995],[0.7608515499999999,0.7047549999999999],[0.8256607799500001,0.5950000000000001]]",2.96665631459995
0.1,0.10536051565782631,G00,generalist,0.0,change_1122,discover_develop,20261009,13.37027786906921,2.736325015365656,3.674730586975215,0.8022784528129477,7,"[[0.5950000000000001,0.82566077995],[0.7608515499999999,0.7047549999999999],[0.8256607799500001,0.5950000000000001]]",2.96665631459995
0.1,0.10536051565782631,G00,generalist,0.0,change_1122,discover_only,20261007,10.85618018551865,2.564045046379662,2.864045046379662,0.8862741699796954,7,"[[0.5,0.5],[0.5,0.5],[0.5,0.5]]",2.96665631459995
0.1,0.10536051565782631,G00,generalist,0.0,change_1122,discover_only,20261008,10.85618018551865,2.564045046379662,2.864045046379662,0.8862741699796954,7,"[[0.5,0.5],[0.5,0.5],[0.5,0.5]]",2.96665631459995
0.1,0.10536051565782631,G00,generalist,0.0,change_1122,discover_only,20261009,10.256180185518648,2.564045046379662,2.864045046379662,0.8862741699796954,8,"[[0.5,0.5],[0.5,0.5],[0.5,0.5]]",2.96665631459995
0.1,0.10536051565782631,G00,generalist,0.0,change_1122,static_known,20261007,11.866625258399798,2.96665631459995,2.96665631459995,0.9888854381999833,1,"[[0.5,0.5],[0.5,0.5],[0.5,0.5]]",2.96665631459995
0.1,0.10536051565782631,G00,generalist,0.0,change_1122,static_known,20261008,11.866625258399798,2.96665631459995,2.96665631459995,0.9888854381999833,1,"[[0.5,0.5],[0.5,0.5],[0.5,0.5]]",2.96665631459995
0.1,0.10536051565782631,G00,generalist,0.0,change_1122,static_known,20261009,11.866625258399798,2.96665631459995,2.96665631459995,0.9888854381999833,1,"[[0.5,0.5],[0.5,0.5],[0.5,0.5]]",2.96665631459995
0.1,0.10536051565782631,G00,generalist,0.0,persistent_theta1,develop_known,20261007,16.091122249135893,3.21483813365409,4.692847484820792,,0,"[[0.7342795000000002,0.7342795000000002],[0.8587852317595,0.5],[0.8587852317595,0.5]]",2.96665631459995
0.1,0.10536051565782631,G00,generalist,0.0,persistent_theta1,develop_known,20261008,16.091122249135893,3.21483813365409,4.692847484820792,,0,"[[0.7342795000000002,0.7342795000000002],[0.8587852317595,0.5],[0.8587852317595,0.5]]",2.96665631459995
0.1,0.10536051565782631,G00,generalist,0.0,persistent_theta1,develop_known,20261009,16.091122249135893,3.21483813365409,4.692847484820792,,0,"[[0.7342795000000002,0.7342795000000002],[0.8587852317595,0.5],[0.8587852317595,0.5]]",2.96665631459995
0.1,0.10536051565782631,G00,generalist,0.0,persistent_theta1,discover_develop,20261007,15.033736551592636,2.736325015365656,4.506032273299197,,7,"[[0.6719500000000002,0.7847663950000002],[0.8430947019549999,0.55],[0.8587852317595,0.5]]",2.96665631459995
0.1,0.10536051565782631,G00,generalist,0.0,persistent_theta1,discover_develop,20261008,15.033736551592636,2.736325015365656,4.506032273299197,,7,"[[0.6719500000000002,0.7847663950000002],[0.8430947019549999,0.55],[0.8587852317595,0.5]]",2.96665631459995
0.1,0.10536051565782631,G00,generalist,0.0,persistent_theta1,discover_develop,20261009,15.033736551592636,2.736325015365656,4.506032273299197,,7,"[[0.6719500000000002,0.7847663950000002],[0.8430947019549999,0.55],[0.8587852317595,0.5]]",2.96665631459995
0.1,0.10536051565782631,G00,generalist,0.0,persistent_theta1,discover_only,20261007,9.656180185518648,2.564045046379662,2.564045046379662,,8,"[[0.5,0.5],[0.5,0.5],[0.5,0.5]]",2.96665631459995
0.1,0.10536051565782631,G00,generalist,0.0,persistent_theta1,discover_only,20261008,10.256180185518648,2.564045046379662,2.564045046379662,,7,"[[0.5,0.5],[0.5,0.5],[0.5,0.5]]",2.96665631459995
0.1,0.10536051565782631,G00,generalist,0.0,persistent_theta1,discover_only,20261009,10.256180185518648,2.564045046379662,2.564045046379662,,7,"[[0.5,0.5],[0.5,0.5],[0.5,0.5]]",2.96665631459995
0.1,0.10536051565782631,G00,generalist,0.0,persistent_theta1,static_known,20261007,11.866625258399798,2.96665631459995,2.96665631459995,,0,"[[0.5,0.5],[0.5,0.5],[0.5,0.5]]",2.96665631459995
0.1,0.10536051565782631,G00,generalist,0.0,persistent_theta1,static_known,20261008,11.866625258399798,2.96665631459995,2.96665631459995,,0,"[[0.5,0.5],[0.5,0.5],[0.5,0.5]]",2.96665631459995
0.1,0.10536051565782631,G00,generalist,0.0,persistent_theta1,static_known,20261009,11.866625258399798,2.96665631459995,2.96665631459995,,0,"[[0.5,0.5],[0.5,0.5],[0.5,0.5]]",2.96665631459995
0.1,0.10536051565782631,G00,generalist,0.0,persistent_theta2,develop_known,20261007,16.091122249135893,3.21483813365409,4.692847484820792,,0,"[[0.5,0.8587852317595],[0.5,0.8587852317595],[0.7342795000000002,0.7342795000000002]]",2.96665631459995
0.1,0.10536051565782631,G00,generalist,0.0,persistent_theta2,develop_known,20261008,16.091122249135893,3.21483813365409,4.692847484820792,,0,"[[0.5,0.8587852317595],[0.5,0.8587852317595],[0.7342795000000002,0.7342795000000002]]",2.96665631459995
0.1,0.10536051565782631,G00,generalist,0.0,persistent_theta2,develop_known,20261009,16.091122249135893,3.21483813365409,4.692847484820792,,0,"[[0.5,0.8587852317595],[0.5,0.8587852317595],[0.7342795000000002,0.7342795000000002]]",2.96665631459995
0.1,0.10536051565782631,G00,generalist,0.0,persistent_theta2,discover_develop,20261007,15.581261659554992,3.1039925054366906,4.548284622576074,,7,"[[0.5,0.8587852317595],[0.5,0.8587852317595],[0.7847663950000002,0.6719500000000002]]",2.96665631459995
0.1,0.10536051565782631,G00,generalist,0.0,persistent_theta2,discover_develop,20261008,15.581261659554992,3.1039925054366906,4.548284622576074,,7,"[[0.5,0.8587852317595],[0.5,0.8587852317595],[0.7847663950000002,0.6719500000000002]]",2.96665631459995
0.1,0.10536051565782631,G00,generalist,0.0,persistent_theta2,discover_develop,20261009,15.581261659554992,3.1039925054366906,4.548284622576074,,7,"[[0.5,0.8587852317595],[0.5,0.8587852317595],[0.7847663950000002,0.6719500000000002]]",2.96665631459995
0.1,0.10536051565782631,G00,generalist,0.0,persistent_theta2,discover_only,20261007,11.456180185518647,2.864045046379662,2.864045046379662,,7,"[[0.5,0.5],[0.5,0.5],[0.5,0.5]]",2.96665631459995
0.1,0.10536051565782631,G00,generalist,0.0,persistent_theta2,discover_only,20261008,11.456180185518647,2.864045046379662,2.864045046379662,,7,"[[0.5,0.5],[0.5,0.5],[0.5,0.5]]",2.96665631459995
0.1,0.10536051565782631,G00,generalist,0.0,persistent_theta2,discover_only,20261009,10.856180185518648,2.864045046379662,2.864045046379662,,8,"[[0.5,0.5],[0.5,0.5],[0.5,0.5]]",2.96665631459995
0.1,0.10536051565782631,G00,generalist,0.0,persistent_theta2,static_known,20261007,11.866625258399798,2.96665631459995,2.96665631459995,,0,"[[0.5,0.5],[0.5,0.5],[0.5,0.5]]",2.96665631459995
0.1,0.10536051565782631,G00,generalist,0.0,persistent_theta2,static_known,20261008,11.866625258399798,2.96665631459995,2.96665631459995,,0,"[[0.5,0.5],[0.5,0.5],[0.5,0.5]]",2.96665631459995
0.1,0.10536051565782631,G00,generalist,0.0,persistent_theta2,static_known,20261009,11.866625258399798,2.96665631459995,2.96665631459995,,0,"[[0.5,0.5],[0.5,0.5],[0.5,0.5]]",2.96665631459995
0.1,0.10536051565782631,G00,generalist,0.0,recurrent_1221,develop_known,20261007,14.822222173655765,3.21483813365409,4.155210167236543,1.1992701083769255,2,"[[0.6355000000000002,0.8062897555],[0.7342795,0.7342795],[0.8062897554999999,0.6355000000000002]]",2.96665631459995
0.1,0.10536051565782631,G00,generalist,0.0,recurrent_1221,develop_known,20261008,14.822222173655765,3.21483813365409,4.155210167236543,1.1992701083769255,2,"[[0.6355000000000002,0.8062897555],[0.7342795,0.7342795],[0.8062897554999999,0.6355000000000002]]",2.96665631459995
0.1,0.10536051565782631,G00,generalist,0.0,recurrent_1221,develop_known,20261009,14.822222173655765,3.21483813365409,4.155210167236543,1.1992701083769255,2,"[[0.6355000000000002,0.8062897555],[0.7342795,0.7342795],[0.8062897554999999,0.6355000000000002]]",2.96665631459995
0.1,0.10536051565782631,G00,generalist,0.0,recurrent_1221,discover_develop,20261007,13.428779065194199,2.736325015365656,3.674730586975215,0.7977790759150476,7,"[[0.5950000000000001,0.82566077995],[0.7047549999999999,0.7608515499999999],[0.82566077995,0.5950000000000001]]",2.96665631459995
0.1,0.10536051565782631,G00,generalist,0.0,recurrent_1221,discover_develop,20261008,13.428779065194199,2.736325015365656,3.674730586975215,0.7977790759150476,7,"[[0.5950000000000001,0.82566077995],[0.7047549999999999,0.7608515499999999],[0.82566077995,0.5950000000000001]]",2.96665631459995
0.1,0.10536051565782631,G00,generalist,0.0,recurrent_1221,discover_develop,20261009,13.361135368726247,2.736325015365656,3.7004032289348023,0.8030879063061946,7,"[[0.5950000000000001,0.82566077995],[0.7047549999999999,0.7608515499999999],[0.8346072937434117,0.5730925158772688]]",2.96665631459995
0.1,0.10536051565782631,G00,generalist,0.0,recurrent_1221,discover_only,20261007,10.856180185518648,2.564045046379662,2.564045046379662,0.7362741699796955,7,"[[0.5,0.5],[0.5,0.5],[0.5,0.5]]",2.96665631459995
0.1,0.10536051565782631,G00,generalist,0.0,recurrent_1221,discover_only,20261008,10.856180185518648,2.564045046379662,2.564045046379662,0.7362741699796955,7,"[[0.5,0.5],[0.5,0.5],[0.5,0.5]]",2.96665631459995
0.1,0.10536051565782631,G00,generalist,0.0,recurrent_1221,discover_only,20261009,10.256180185518648,2.564045046379662,2.564045046379662,0.7362741699796955,8,"[[0.5,0.5],[0.5,0.5],[0.5,0.5]]",2.96665631459995
0.1,0.10536051565782631,G00,generalist,0.0,recurrent_1221,static_known,20261007,11.866625258399798,2.96665631459995,2.96665631459995,0.9888854381999833,2,"[[0.5,0.5],[0.5,0.5],[0.5,0.5]]",2.96665631459995
0.1,0.10536051565782631,G00,generalist,0.0,recurrent_1221,static_known,20261008,11.866625258399798,2.96665631459995,2.96665631459995,0.9888854381999833,2,"[[0.5,0.5],[0.5,0.5],[0.5,0.5]]",2.96665631459995
0.1,0.10536051565782631,G00,generalist,0.0,recurrent_1221,static_known,20261009,11.866625258399798,2.96665631459995,2.96665631459995,0.9888854381999833,2,"[[0.5,0.5],[0.5,0.5],[0.5,0.5]]",2.96665631459995
0.1,0.10536051565782631,G01,complementary,0.25,alternating_1212,discover_develop,20261007,14.438991008147218,3.2309591454492153,3.93304971897893,0.9773724437930271,4,"[[0.25,0.9293926158797499],[0.7342795,0.7342795],[0.9293926158797499,0.25]]",3.4195160030897807
0.1,0.10536051565782631,G01,complementary,0.25,alternating_1212,discover_develop,20261008,14.438991008147218,3.2309591454492153,3.93304971897893,0.9773724437930271,4,"[[0.25,0.9293926158797499],[0.7342795,0.7342795],[0.9293926158797499,0.25]]",3.4195160030897807
0.1,0.10536051565782631,G01,complementary,0.25,alternating_1212,discover_develop,20261009,14.438991008147218,3.2309591454492153,3.93304971897893,0.9773724437930271,4,"[[0.25,0.9293926158797499],[0.7342795,0.7342795],[0.9293926158797499,0.25]]",3.4195160030897807
0.1,0.10536051565782631,G01,complementary,0.25,change_1122,discover_develop,20261007,14.758841245276813,3.2309591454492153,3.885008642529143,0.9914447051915886,4,"[[0.25,0.9293926158797499],[0.7608515499999999,0.7047549999999999],[0.9293926158797499,0.25]]",3.4195160030897807
0.1,0.10536051565782631,G01,complementary,0.25,change_1122,discover_develop,20261008,14.758841245276813,3.2309591454492153,3.885008642529143,0.9914447051915886,4,"[[0.25,0.9293926158797499],[0.7608515499999999,0.7047549999999999],[0.9293926158797499,0.25]]",3.4195160030897807
0.1,0.10536051565782631,G01,complementary,0.25,change_1122,discover_develop,20261009,14.758841245276813,3.2309591454492153,3.885008642529143,0.9914447051915886,4,"[[0.25,0.9293926158797499],[0.7608515499999999,0.7047549999999999],[0.9293926158797499,0.25]]",3.4195160030897807
0.1,0.10536051565782631,G01,complementary,0.25,persistent_theta1,discover_develop,20261007,16.173439533901423,3.2309591454492153,4.610227508482248,,1,"[[0.25,0.9293926158797499],[0.8430947019549999,0.55],[0.9293926158797499,0.25]]",3.4195160030897807
0.1,0.10536051565782631,G01,complementary,0.25,persistent_theta1,discover_develop,20261008,16.173439533901423,3.2309591454492153,4.610227508482248,,1,"[[0.25,0.9293926158797499],[0.8430947019549999,0.55],[0.9293926158797499,0.25]]",3.4195160030897807
0.1,0.10536051565782631,G01,complementary,0.25,persistent_theta1,discover_develop,20261009,16.173439533901423,3.2309591454492153,4.610227508482248,,1,"[[0.25,0.9293926158797499],[0.8430947019549999,0.55],[0.9293926158797499,0.25]]",3.4195160030897807
0.1,0.10536051565782631,G01,complementary,0.25,persistent_theta2,discover_develop,20261007,16.734063059237325,3.6034298498915387,4.6543416184032775,,0,"[[0.25,0.9293926158797499],[0.5,0.8587852317595],[0.9293926158797499,0.25]]",3.4195160030897807
0.1,0.10536051565782631,G01,complementary,0.25,persistent_theta2,discover_develop,20261008,16.734063059237325,3.6034298498915387,4.6543416184032775,,0,"[[0.25,0.9293926158797499],[0.5,0.8587852317595],[0.9293926158797499,0.25]]",3.4195160030897807
0.1,0.10536051565782631,G01,complementary,0.25,persistent_theta2,discover_develop,20261009,16.734063059237325,3.6034298498915387,4.6543416184032775,,0,"[[0.25,0.9293926158797499],[0.5,0.8587852317595],[0.9293926158797499,0.25]]",3.4195160030897807
0.1,0.10536051565782631,G01,complementary,0.25,recurrent_1221,discover_develop,20261007,14.824935025121144,3.2309591454492153,3.885008642529143,0.978235439368021,3,"[[0.25,0.9293926158797499],[0.7047549999999999,0.7608515499999999],[0.9293926158797499,0.25]]",3.4195160030897807
0.1,0.10536051565782631,G01,complementary,0.25,recurrent_1221,discover_develop,20261008,14.824935025121144,3.2309591454492153,3.885008642529143,0.978235439368021,3,"[[0.25,0.9293926158797499],[0.7047549999999999,0.7608515499999999],[0.9293926158797499,0.25]]",3.4195160030897807
0.1,0.10536051565782631,G01,complementary,0.25,recurrent_1221,discover_develop,20261009,14.824935025121144,3.2309591454492153,3.885008642529143,0.978235439368021,3,"[[0.25,0.9293926158797499],[0.7047549999999999,0.7608515499999999],[0.9293926158797499,0.25]]",3.4195160030897807
0.1,0.10536051565782631,G02,concentrated,0.25,alternating_1212,discover_develop,20261007,13.28632584344728,2.6839963184069306,3.6599323644399373,0.857981280178206,7,"[[0.423674896434313,0.7243454895723527],[0.8162303263815688,0.615783264289542],[0.8804257749999999,0.8523774999999999]]",3.0529949748426484
0.1,0.10536051565782631,G02,concentrated,0.25,alternating_1212,discover_develop,20261008,13.28632584344728,2.6839963184069306,3.6599323644399373,0.857981280178206,7,"[[0.423674896434313,0.7243454895723527],[0.8162303263815688,0.615783264289542],[0.8804257749999999,0.8523774999999999]]",3.0529949748426484
0.1,0.10536051565782631,G02,concentrated,0.25,alternating_1212,discover_develop,20261009,13.28632584344728,2.6839963184069306,3.6599323644399373,0.857981280178206,7,"[[0.423674896434313,0.7243454895723527],[0.8162303263815688,0.615783264289542],[0.8804257749999999,0.8523774999999999]]",3.0529949748426484
0.1,0.10536051565782631,G02,concentrated,0.25,change_1122,discover_develop,20261007,13.297621945194404,2.6839963184069306,3.6599323644399373,0.6493008043235446,7,"[[0.423674896434313,0.7243454895723529],[0.8162303263815687,0.615783264289542],[0.8804257749999999,0.8523774999999999]]",3.0529949748426484
0.1,0.10536051565782631,G02,concentrated,0.25,change_1122,discover_develop,20261008,13.297621945194404,2.6839963184069306,3.6599323644399373,0.6493008043235446,7,"[[0.423674896434313,0.7243454895723529],[0.8162303263815687,0.615783264289542],[0.8804257749999999,0.8523774999999999]]",3.0529949748426484
0.1,0.10536051565782631,G02,concentrated,0.25,change_1122,discover_develop,20261009,13.297621945194404,2.6839963184069306,3.6599323644399373,0.6493008043235446,7,"[[0.423674896434313,0.7243454895723529],[0.8162303263815687,0.615783264289542],[0.8804257749999999,0.8523774999999999]]",3.0529949748426484
0.1,0.10536051565782631,G02,concentrated,0.25,persistent_theta1,discover_develop,20261007,15.036383104401024,2.6839963184069306,4.486984196318831,,7,"[[0.5331766661117936,0.6596857895954975],[0.8511465643690705,0.5256583509747431],[0.9215473509774998,0.775]]",3.0529949748426484
0.1,0.10536051565782631,G02,concentrated,0.25,persistent_theta1,discover_develop,20261008,15.036383104401024,2.6839963184069306,4.486984196318831,,7,"[[0.5331766661117936,0.6596857895954975],[0.8511465643690705,0.5256583509747431],[0.9215473509774998,0.775]]",3.0529949748426484
0.1,0.10536051565782631,G02,concentrated,0.25,persistent_theta1,discover_develop,20261009,15.036383104401024,2.6839963184069306,4.486984196318831,,7,"[[0.5331766661117936,0.6596857895954975],[0.8511465643690705,0.5256583509747431],[0.9215473509774998,0.775]]",3.0529949748426484
0.1,0.10536051565782631,G02,concentrated,0.25,persistent_theta2,discover_develop,20261007,15.607270468805176,3.1668420439346656,4.507830897818139,,7,"[[0.6596857895954975,0.5331766661117936],[0.5256583509747431,0.8511465643690705],[0.75,0.9293926158797499]]",3.0529949748426484
0.1,0.10536051565782631,G02,concentrated,0.25,persistent_theta2,discover_develop,20261008,15.607270468805176,3.1668420439346656,4.507830897818139,,7,"[[0.6596857895954975,0.5331766661117936],[0.5256583509747431,0.8511465643690705],[0.75,0.9293926158797499]]",3.0529949748426484
0.1,0.10536051565782631,G02,concentrated,0.25,persistent_theta2,discover_develop,20261009,15.607270468805176,3.1668420439346656,4.507830897818139,,7,"[[0.6596857895954975,0.5331766661117936],[0.5256583509747431,0.8511465643690705],[0.75,0.9293926158797499]]",3.0529949748426484
0.1,0.10536051565782631,G02,concentrated,0.25,recurrent_1221,discover_develop,20261007,12.776083238103928,2.6839963184069306,3.7437648223904345,0.6971430287760442,7,"[[0.423674896434313,0.7243454895723528],[0.8162303263815688,0.615783264289542],[0.8671397499999999,0.8671397499999999]]",3.0529949748426484
0.1,0.10536051565782631,G02,concentrated,0.25,recurrent_1221,discover_develop,20261008,12.776083238103928,2.6839963184069306,3.7437648223904345,0.6971430287760442,7,"[[0.423674896434313,0.7243454895723528],[0.8162303263815688,0.615783264289542],[0.8671397499999999,0.8671397499999999]]",3.0529949748426484
0.1,0.10536051565782631,G02,concentrated,0.25,recurrent_1221,discover_develop,20261009,12.776083238103928,2.6839963184069306,3.7437648223904345,0.6971430287760442,7,"[[0.423674896434313,0.7243454895723528],[0.8162303263815688,0.615783264289542],[0.8671397499999999,0.8671397499999999]]",3.0529949748426484
0.1,0.10536051565782631,G03,partial_overlap,0.25,alternating_1212,discover_develop,20261007,15.0986388842839,3.6034298498915387,3.792397844116493,1.1279414855884582,3,"[[0.25,0.9293926158797499],[0.8587852317595,0.25],[0.8923831974999998,0.6719499999999999]]",3.3261829471342965
0.1,0.10536051565782631,G03,partial_overlap,0.25,alternating_1212,discover_develop,20261008,15.0986388842839,3.6034298498915387,3.792397844116493,1.1279414855884582,3,"[[0.25,0.9293926158797499],[0.8587852317595,0.25],[0.8923831974999998,0.6719499999999999]]",3.3261829471342965
0.1,0.10536051565782631,G03,partial_overlap,0.25,alternating_1212,discover_develop,20261009,15.0986388842839,3.6034298498915387,3.792397844116493,1.1279414855884582,3,"[[0.25,0.9293926158797499],[0.8587852317595,0.25],[0.8923831974999998,0.6719499999999999]]",3.3261829471342965
0.1,0.10536051565782631,G03,partial_overlap,0.25,change_1122,discover_develop,20261007,14.997522272053164,3.6034298498915387,3.792397844116493,0.9961179748271242,3,"[[0.25,0.9293926158797499],[0.8587852317595,0.25],[0.8923831974999998,0.6719499999999999]]",3.3261829471342965
0.1,0.10536051565782631,G03,partial_overlap,0.25,change_1122,discover_develop,20261008,14.997522272053164,3.6034298498915387,3.792397844116493,0.9961179748271242,3,"[[0.25,0.9293926158797499],[0.8587852317595,0.25],[0.8923831974999998,0.6719499999999999]]",3.3261829471342965
0.1,0.10536051565782631,G03,partial_overlap,0.25,change_1122,discover_develop,20261009,14.997522272053164,3.6034298498915387,3.792397844116493,0.9961179748271242,3,"[[0.25,0.9293926158797499],[0.8587852317595,0.25],[0.8923831974999998,0.6719499999999999]]",3.3261829471342965
0.1,0.10536051565782631,G03,partial_overlap,0.25,persistent_theta1,discover_develop,20261007,16.734063059237325,3.6034298498915387,4.6543416184032775,,0,"[[0.25,0.9293926158797499],[0.8587852317595,0.25],[0.9293926158797499,0.5]]",3.3261829471342965
0.1,0.10536051565782631,G03,partial_overlap,0.25,persistent_theta1,discover_develop,20261008,16.734063059237325,3.6034298498915387,4.6543416184032775,,0,"[[0.25,0.9293926158797499],[0.8587852317595,0.25],[0.9293926158797499,0.5]]",3.3261829471342965
0.1,0.10536051565782631,G03,partial_overlap,0.25,persistent_theta1,discover_develop,20261009,16.734063059237325,3.6034298498915387,4.6543416184032775,,0,"[[0.25,0.9293926158797499],[0.8587852317595,0.25],[0.9293926158797499,0.5]]",3.3261829471342965
0.1,0.10536051565782631,G03,partial_overlap,0.25,persistent_theta2,discover_develop,20261007,14.357628462391196,3.11854062853014,3.9824461472502444,,7,"[[0.25,0.9293926158797499],[0.8587852317595,0.25],[0.8359749999999999,0.7847663949999999]]",3.3261829471342965
0.1,0.10536051565782631,G03,partial_overlap,0.25,persistent_theta2,discover_develop,20261008,14.430029871592676,3.1207870975757124,4.025650676008038,,7,"[[0.25,0.9293926158797499],[0.7847663950000002,0.5079250000000002],[0.8359749999999999,0.7847663949999999]]",3.3261829471342965
0.1,0.10536051565782631,G03,partial_overlap,0.25,persistent_theta2,discover_develop,20261009,14.430029871592676,3.1207870975757124,4.025650676008038,,7,"[[0.25,0.9293926158797499],[0.7847663950000002,0.5079250000000002],[0.8359749999999999,0.7847663949999999]]",3.3261829471342965
0.1,0.10536051565782631,G03,partial_overlap,0.25,recurrent_1221,discover_develop,20261007,15.177496893023942,3.6034298498915387,4.550226747927053,1.2098326799351198,4,"[[0.25,0.9293926158797499],[0.8587852317595,0.25],[0.8923831974999998,0.6719499999999999]]",3.3261829471342965
0.1,0.10536051565782631,G03,partial_overlap,0.25,recurrent_1221,discover_develop,20261008,15.177496893023942,3.6034298498915387,4.550226747927053,1.2098326799351198,4,"[[0.25,0.9293926158797499],[0.8587852317595,0.25],[0.8923831974999998,0.6719499999999999]]",3.3261829471342965
0.1,0.10536051565782631,G03,partial_overlap,0.25,recurrent_1221,discover_develop,20261009,15.177496893023942,3.6034298498915387,4.550226747927053,1.2098326799351198,4,"[[0.25,0.9293926158797499],[0.8587852317595,0.25],[0.8923831974999998,0.6719499999999999]]",3.3261829471342965
0.1,0.10536051565782631,G04,redundant,0.25,alternating_1212,discover_develop,20261007,14.894038086519256,3.603429849891538,3.7386464492327898,1.1169446389717497,3,"[[0.25,0.9293926158797499],[0.8385747962500001,0.5899375],[0.8692455849625,0.49375]]",3.2959165245236783
0.1,0.10536051565782631,G04,redundant,0.25,alternating_1212,discover_develop,20261008,14.894038086519256,3.603429849891538,3.7386464492327898,1.1169446389717497,3,"[[0.25,0.9293926158797499],[0.8385747962500001,0.5899375],[0.8692455849625,0.49375]]",3.2959165245236783
0.1,0.10536051565782631,G04,redundant,0.25,alternating_1212,discover_develop,20261009,14.894038086519256,3.603429849891538,3.7386464492327898,1.1169446389717497,3,"[[0.25,0.9293926158797499],[0.8385747962500001,0.5899375],[0.8692455849625,0.49375]]",3.2959165245236783
0.1,0.10536051565782631,G04,redundant,0.25,change_1122,discover_develop,20261007,14.846288493112972,3.603429849891538,3.7386464492327898,0.9961179748271242,3,"[[0.25,0.9293926158797499],[0.8385747962500001,0.5899375],[0.8692455849625,0.49375]]",3.2959165245236783
0.1,0.10536051565782631,G04,redundant,0.25,change_1122,discover_develop,20261008,14.846288493112972,3.603429849891538,3.7386464492327898,0.9961179748271242,3,"[[0.25,0.9293926158797499],[0.8385747962500001,0.5899375],[0.8692455849625,0.49375]]",3.2959165245236783
0.1,0.10536051565782631,G04,redundant,0.25,change_1122,discover_develop,20261009,14.846288493112972,3.603429849891538,3.7386464492327898,0.9961179748271242,3,"[[0.25,0.9293926158797499],[0.8385747962500001,0.5899375],[0.8692455849625,0.49375]]",3.2959165245236783
0.1,0.10536051565782631,G04,redundant,0.25,persistent_theta1,discover_develop,20261007,16.73406305923733,3.603429849891538,4.654341618403278,,0,"[[0.25,0.9293926158797499],[0.894088923819625,0.375],[0.894088923819625,0.375]]",3.2959165245236783
0.1,0.10536051565782631,G04,redundant,0.25,persistent_theta1,discover_develop,20261008,16.73406305923733,3.603429849891538,4.654341618403278,,0,"[[0.25,0.9293926158797499],[0.894088923819625,0.375],[0.894088923819625,0.375]]",3.2959165245236783
0.1,0.10536051565782631,G04,redundant,0.25,persistent_theta1,discover_develop,20261009,16.73406305923733,3.603429849891538,4.654341618403278,,0,"[[0.25,0.9293926158797499],[0.894088923819625,0.375],[0.894088923819625,0.375]]",3.2959165245236783
0.1,0.10536051565782631,G04,redundant,0.25,persistent_theta2,discover_develop,20261007,14.257472163026915,3.0801110657871185,4.005462666993523,,8,"[[0.25,0.9293926158797499],[0.7539625000000001,0.7309579937499999],[0.8468586053179739,0.5677561723257347]]",3.2959165245236783
0.1,0.10536051565782631,G04,redundant,0.25,persistent_theta2,discover_develop,20261008,14.338517847692216,3.0801110657871185,4.017566656402042,,7,"[[0.25,0.9293926158797499],[0.7539625000000001,0.7309579937499999],[0.8385747962500001,0.5899375]]",3.2959165245236783
0.1,0.10536051565782631,G04,redundant,0.25,persistent_theta2,discover_develop,20261009,14.338517847692216,3.0801110657871185,4.017566656402042,,7,"[[0.25,0.9293926158797499],[0.7539625000000001,0.7309579937499999],[0.8385747962500001,0.5899375]]",3.2959165245236783
0.1,0.10536051565782631,G04,redundant,0.25,recurrent_1221,discover_develop,20261007,14.941927795506208,3.603429849891538,4.427997556536219,1.1872624999759005,4,"[[0.25,0.9293926158797499],[0.8385747962500001,0.5899375],[0.8692455849625,0.49375]]",3.2959165245236783
0.1,0.10536051565782631,G04,redundant,0.25,recurrent_1221,discover_develop,20261008,14.941927795506208,3.603429849891538,4.427997556536219,1.1872624999759005,4,"[[0.25,0.9293926158797499],[0.8385747962500001,0.5899375],[0.8692455849625,0.49375]]",3.2959165245236783
0.1,0.10536051565782631,G04,redundant,0.25,recurrent_1221,discover_develop,20261009,14.941927795506208,3.603429849891538,4.427997556536219,1.1872624999759005,4,"[[0.25,0.9293926158797499],[0.8385747962500001,0.5899375],[0.8692455849625,0.49375]]",3.2959165245236783
0.1,0.10536051565782631,G05,complementary,0.5,alternating_1212,discover_develop,20261007,16.2506206536779,3.9142335048262566,4.198678004758358,1.1161993943267476,4,"[[0.0,1.0],[0.7342795,0.7342795],[1.0,0.0]]",4.175755076535925
0.1,0.10536051565782631,G05,complementary,0.5,alternating_1212,discover_develop,20261008,16.2506206536779,3.9142335048262566,4.198678004758358,1.1161993943267476,4,"[[0.0,1.0],[0.7342795,0.7342795],[1.0,0.0]]",4.175755076535925
0.1,0.10536051565782631,G05,complementary,0.5,alternating_1212,discover_develop,20261009,16.2506206536779,3.9142335048262566,4.198678004758358,1.1161993943267476,4,"[[0.0,1.0],[0.7342795,0.7342795],[1.0,0.0]]",4.175755076535925
0.1,0.10536051565782631,G05,complementary,0.5,change_1122,discover_develop,20261007,16.570851127684648,3.9142335048262566,4.150563564774666,1.1260022534403,4,"[[0.0,1.0],[0.7608515499999999,0.7047549999999999],[1.0,0.0]]",4.175755076535925
0.1,0.10536051565782631,G05,complementary,0.5,change_1122,discover_develop,20261008,16.570851127684648,3.9142335048262566,4.150563564774666,1.1260022534403,4,"[[0.0,1.0],[0.7608515499999999,0.7047549999999999],[1.0,0.0]]",4.175755076535925
0.1,0.10536051565782631,G05,complementary,0.5,change_1122,discover_develop,20261009,16.570851127684648,3.9142335048262566,4.150563564774666,1.1260022534403,4,"[[0.0,1.0],[0.7608515499999999,0.7047549999999999],[1.0,0.0]]",4.175755076535925
0.1,0.10536051565782631,G05,complementary,0.5,persistent_theta1,discover_develop,20261007,17.98738652366276,3.9142335048262566,4.876652256991335,,1,"[[0.0,1.0],[0.8430947019549999,0.55],[1.0,0.0]]",4.175755076535925
0.1,0.10536051565782631,G05,complementary,0.5,persistent_theta1,discover_develop,20261008,17.98738652366276,3.9142335048262566,4.876652256991335,,1,"[[0.0,1.0],[0.8430947019549999,0.55],[1.0,0.0]]",4.175755076535925
0.1,0.10536051565782631,G05,complementary,0.5,persistent_theta1,discover_develop,20261009,17.98738652366276,3.9142335048262566,4.876652256991335,,1,"[[0.0,1.0],[0.8430947019549999,0.55],[1.0,0.0]]",4.175755076535925
0.1,0.10536051565782631,G05,complementary,0.5,persistent_theta2,discover_develop,20261007,18.549482770758818,4.2872537360710306,4.920911891971361,,0,"[[0.0,1.0],[0.5,0.8587852317595],[1.0,0.0]]",4.175755076535925
0.1,0.10536051565782631,G05,complementary,0.5,persistent_theta2,discover_develop,20261008,18.549482770758818,4.2872537360710306,4.920911891971361,,0,"[[0.0,1.0],[0.5,0.8587852317595],[1.0,0.0]]",4.175755076535925
0.1,0.10536051565782631,G05,complementary,0.5,persistent_theta2,discover_develop,20261009,18.549482770758818,4.2872537360710306,4.920911891971361,,0,"[[0.0,1.0],[0.5,0.8587852317595],[1.0,0.0]]",4.175755076535925
0.1,0.10536051565782631,G05,complementary,0.5,recurrent_1221,discover_develop,20261007,16.636704127684645,3.9142335048262566,4.150563564774666,1.1193621587685654,3,"[[0.0,1.0],[0.7047549999999999,0.7608515499999999],[1.0,0.0]]",4.175755076535925
0.1,0.10536051565782631,G05,complementary,0.5,recurrent_1221,discover_develop,20261008,16.636704127684645,3.9142335048262566,4.150563564774666,1.1193621587685654,3,"[[0.0,1.0],[0.7047549999999999,0.7608515499999999],[1.0,0.0]]",4.175755076535925
0.1,0.10536051565782631,G05,complementary,0.5,recurrent_1221,discover_develop,20261009,16.636704127684645,3.9142335048262566,4.150563564774666,1.1193621587685654,3,"[[0.0,1.0],[0.7047549999999999,0.7608515499999999],[1.0,0.0]]",4.175755076535925
0.1,0.10536051565782631,G06,concentrated,0.5,alternating_1212,develop_known,20261007,15.989451237685765,3.2836229160527206,4.640263874484193,1.3654475210509254,4,"[[0.0,0.7175704635189999],[0.7958114737572984,0.6542049378605879],[1.0,1.0]]",2.96665631459995
0.1,0.10536051565782631,G06,concentrated,0.5,alternating_1212,develop_known,20261008,15.989451237685765,3.2836229160527206,4.640263874484193,1.3654475210509254,4,"[[0.0,0.7175704635189999],[0.7958114737572984,0.6542049378605879],[1.0,1.0]]",2.96665631459995
0.1,0.10536051565782631,G06,concentrated,0.5,alternating_1212,develop_known,20261009,15.989451237685765,3.2836229160527206,4.640263874484193,1.3654475210509254,4,"[[0.0,0.7175704635189999],[0.7958114737572984,0.6542049378605879],[1.0,1.0]]",2.96665631459995
0.1,0.10536051565782631,G06,concentrated,0.5,alternating_1212,discover_develop,20261007,14.895006282499251,2.9128182233026534,4.520395992014655,1.1284037789958683,7,"[[0.0,0.7175704635189999],[0.82566077995,0.5950000000000001],[1.0,1.0]]",2.96665631459995
0.1,0.10536051565782631,G06,concentrated,0.5,alternating_1212,discover_develop,20261008,14.895006282499251,2.9128182233026534,4.520395992014655,1.1284037789958683,7,"[[0.0,0.7175704635189999],[0.82566077995,0.5950000000000001],[1.0,1.0]]",2.96665631459995
0.1,0.10536051565782631,G06,concentrated,0.5,alternating_1212,discover_develop,20261009,14.895006282499251,2.9128182233026534,4.520395992014655,1.1284037789958683,7,"[[0.0,0.7175704635189999],[0.82566077995,0.5950000000000001],[1.0,1.0]]",2.96665631459995
0.1,0.10536051565782631,G06,concentrated,0.5,alternating_1212,discover_only,20261007,10.256180185518648,2.564045046379662,2.864045046379662,0.7862741699796955,8,"[[0.0,0.0],[0.5,0.5],[1.0,1.0]]",2.96665631459995
0.1,0.10536051565782631,G06,concentrated,0.5,alternating_1212,discover_only,20261008,10.85618018551865,2.564045046379662,2.864045046379662,0.7862741699796955,7,"[[0.0,0.0],[0.5,0.5],[1.0,1.0]]",2.96665631459995
0.1,0.10536051565782631,G06,concentrated,0.5,alternating_1212,discover_only,20261009,10.85618018551865,2.564045046379662,2.864045046379662,0.7862741699796955,7,"[[0.0,0.0],[0.5,0.5],[1.0,1.0]]",2.96665631459995
0.1,0.10536051565782631,G06,concentrated,0.5,alternating_1212,static_known,20261007,11.866625258399798,2.96665631459995,2.96665631459995,0.9888854381999833,3,"[[0.0,0.0],[0.5,0.5],[1.0,1.0]]",2.96665631459995
0.1,0.10536051565782631,G06,concentrated,0.5,alternating_1212,static_known,20261008,11.866625258399798,2.96665631459995,2.96665631459995,0.9888854381999833,3,"[[0.0,0.0],[0.5,0.5],[1.0,1.0]]",2.96665631459995
0.1,0.10536051565782631,G06,concentrated,0.5,alternating_1212,static_known,20261009,11.866625258399798,2.96665631459995,2.96665631459995,0.9888854381999833,3,"[[0.0,0.0],[0.5,0.5],[1.0,1.0]]",2.96665631459995
0.1,0.10536051565782631,G06,concentrated,0.5,change_1122,develop_known,20261007,16.12673199842925,3.2836229160527206,4.640263874484193,1.3751079307486578,2,"[[0.0,0.7175704635189999],[0.7958114737572984,0.6542049378605879],[1.0,1.0]]",2.96665631459995
0.1,0.10536051565782631,G06,concentrated,0.5,change_1122,develop_known,20261008,16.12673199842925,3.2836229160527206,4.640263874484193,1.3751079307486578,2,"[[0.0,0.7175704635189999],[0.7958114737572984,0.6542049378605879],[1.0,1.0]]",2.96665631459995
0.1,0.10536051565782631,G06,concentrated,0.5,change_1122,develop_known,20261009,16.12673199842925,3.2836229160527206,4.640263874484193,1.3751079307486578,2,"[[0.0,0.7175704635189999],[0.7958114737572984,0.6542049378605879],[1.0,1.0]]",2.96665631459995
0.1,0.10536051565782631,G06,concentrated,0.5,change_1122,discover_develop,20261007,15.050472399850287,2.9128182233026534,4.520395992014655,1.301545908791211,7,"[[0.0,0.7175704635189999],[0.8256607799500001,0.5950000000000001],[1.0,1.0]]",2.96665631459995
0.1,0.10536051565782631,G06,concentrated,0.5,change_1122,discover_develop,20261008,15.050472399850287,2.9128182233026534,4.520395992014655,1.301545908791211,7,"[[0.0,0.7175704635189999],[0.8256607799500001,0.5950000000000001],[1.0,1.0]]",2.96665631459995
0.1,0.10536051565782631,G06,concentrated,0.5,change_1122,discover_develop,20261009,15.050472399850287,2.9128182233026534,4.520395992014655,1.301545908791211,7,"[[0.0,0.7175704635189999],[0.8256607799500001,0.5950000000000001],[1.0,1.0]]",2.96665631459995
0.1,0.10536051565782631,G06,concentrated,0.5,change_1122,discover_only,20261007,10.85618018551865,2.564045046379662,2.864045046379662,0.8862741699796954,7,"[[0.0,0.0],[0.5,0.5],[1.0,1.0]]",2.96665631459995
0.1,0.10536051565782631,G06,concentrated,0.5,change_1122,discover_only,20261008,10.85618018551865,2.564045046379662,2.864045046379662,0.8862741699796954,7,"[[0.0,0.0],[0.5,0.5],[1.0,1.0]]",2.96665631459995
0.1,0.10536051565782631,G06,concentrated,0.5,change_1122,discover_only,20261009,10.256180185518648,2.564045046379662,2.864045046379662,0.8862741699796954,8,"[[0.0,0.0],[0.5,0.5],[1.0,1.0]]",2.96665631459995
0.1,0.10536051565782631,G06,concentrated,0.5,change_1122,static_known,20261007,11.866625258399798,2.96665631459995,2.96665631459995,0.9888854381999833,1,"[[0.0,0.0],[0.5,0.5],[1.0,1.0]]",2.96665631459995
0.1,0.10536051565782631,G06,concentrated,0.5,change_1122,static_known,20261008,11.866625258399798,2.96665631459995,2.96665631459995,0.9888854381999833,1,"[[0.0,0.0],[0.5,0.5],[1.0,1.0]]",2.96665631459995
0.1,0.10536051565782631,G06,concentrated,0.5,change_1122,static_known,20261009,11.866625258399798,2.96665631459995,2.96665631459995,0.9888854381999833,1,"[[0.0,0.0],[0.5,0.5],[1.0,1.0]]",2.96665631459995
0.1,0.10536051565782631,G06,concentrated,0.5,persistent_theta1,develop_known,20261007,16.155024339287568,3.2836229160527206,4.6065734586803995,,1,"[[0.0,0.7175704635189999],[0.8511465643690705,0.5256583509747431],[1.0,1.0]]",2.96665631459995
0.1,0.10536051565782631,G06,concentrated,0.5,persistent_theta1,develop_known,20261008,16.155024339287568,3.2836229160527206,4.6065734586803995,,1,"[[0.0,0.7175704635189999],[0.8511465643690705,0.5256583509747431],[1.0,1.0]]",2.96665631459995
0.1,0.10536051565782631,G06,concentrated,0.5,persistent_theta1,develop_known,20261009,16.155024339287568,3.2836229160527206,4.6065734586803995,,1,"[[0.0,0.7175704635189999],[0.8511465643690705,0.5256583509747431],[1.0,1.0]]",2.96665631459995
0.1,0.10536051565782631,G06,concentrated,0.5,persistent_theta1,discover_develop,20261007,14.218108781297827,2.9128182233026534,4.055733414413234,,7,"[[0.0,0.7175704635189999],[0.8587852317595,0.5],[1.0,1.0]]",2.96665631459995
0.1,0.10536051565782631,G06,concentrated,0.5,persistent_theta1,discover_develop,20261008,14.218108781297827,2.9128182233026534,4.055733414413234,,7,"[[0.0,0.7175704635189999],[0.8587852317595,0.5],[1.0,1.0]]",2.96665631459995
0.1,0.10536051565782631,G06,concentrated,0.5,persistent_theta1,discover_develop,20261009,14.218108781297827,2.9128182233026534,4.055733414413234,,7,"[[0.0,0.7175704635189999],[0.8587852317595,0.5],[1.0,1.0]]",2.96665631459995
0.1,0.10536051565782631,G06,concentrated,0.5,persistent_theta1,discover_only,20261007,9.656180185518648,2.564045046379662,2.564045046379662,,8,"[[0.0,0.0],[0.5,0.5],[1.0,1.0]]",2.96665631459995
0.1,0.10536051565782631,G06,concentrated,0.5,persistent_theta1,discover_only,20261008,10.256180185518648,2.564045046379662,2.564045046379662,,7,"[[0.0,0.0],[0.5,0.5],[1.0,1.0]]",2.96665631459995
0.1,0.10536051565782631,G06,concentrated,0.5,persistent_theta1,discover_only,20261009,10.256180185518648,2.564045046379662,2.564045046379662,,7,"[[0.0,0.0],[0.5,0.5],[1.0,1.0]]",2.96665631459995
0.1,0.10536051565782631,G06,concentrated,0.5,persistent_theta1,static_known,20261007,11.866625258399798,2.96665631459995,2.96665631459995,,0,"[[0.0,0.0],[0.5,0.5],[1.0,1.0]]",2.96665631459995
0.1,0.10536051565782631,G06,concentrated,0.5,persistent_theta1,static_known,20261008,11.866625258399798,2.96665631459995,2.96665631459995,,0,"[[0.0,0.0],[0.5,0.5],[1.0,1.0]]",2.96665631459995
0.1,0.10536051565782631,G06,concentrated,0.5,persistent_theta1,static_known,20261009,11.866625258399798,2.96665631459995,2.96665631459995,,0,"[[0.0,0.0],[0.5,0.5],[1.0,1.0]]",2.96665631459995
0.1,0.10536051565782631,G06,concentrated,0.5,persistent_theta2,develop_known,20261007,16.155024339287568,3.2836229160527206,4.6065734586803995,,1,"[[0.7175704635189999,0.0],[0.5256583509747431,0.8511465643690705],[1.0,1.0]]",2.96665631459995
0.1,0.10536051565782631,G06,concentrated,0.5,persistent_theta2,develop_known,20261008,16.155024339287568,3.2836229160527206,4.6065734586803995,,1,"[[0.7175704635189999,0.0],[0.5256583509747431,0.8511465643690705],[1.0,1.0]]",2.96665631459995
0.1,0.10536051565782631,G06,concentrated,0.5,persistent_theta2,develop_known,20261009,16.155024339287568,3.2836229160527206,4.6065734586803995,,1,"[[0.7175704635189999,0.0],[0.5256583509747431,0.8511465643690705],[1.0,1.0]]",2.96665631459995
0.1,0.10536051565782631,G06,concentrated,0.5,persistent_theta2,discover_develop,20261007,15.581261659554992,3.1039925054366906,4.548284622576074,,7,"[[0.0,0.7175704635189999],[0.7847663950000002,0.6719500000000002],[1.0,1.0]]",2.96665631459995
0.1,0.10536051565782631,G06,concentrated,0.5,persistent_theta2,discover_develop,20261008,15.581261659554992,3.1039925054366906,4.548284622576074,,7,"[[0.0,0.7175704635189999],[0.7847663950000002,0.6719500000000002],[1.0,1.0]]",2.96665631459995
0.1,0.10536051565782631,G06,concentrated,0.5,persistent_theta2,discover_develop,20261009,15.581261659554992,3.1039925054366906,4.548284622576074,,7,"[[0.0,0.7175704635189999],[0.7847663950000002,0.6719500000000002],[1.0,1.0]]",2.96665631459995
0.1,0.10536051565782631,G06,concentrated,0.5,persistent_theta2,discover_only,20261007,11.456180185518647,2.864045046379662,2.864045046379662,,7,"[[0.0,0.0],[0.5,0.5],[1.0,1.0]]",2.96665631459995
0.1,0.10536051565782631,G06,concentrated,0.5,persistent_theta2,discover_only,20261008,11.456180185518647,2.864045046379662,2.864045046379662,,7,"[[0.0,0.0],[0.5,0.5],[1.0,1.0]]",2.96665631459995
0.1,0.10536051565782631,G06,concentrated,0.5,persistent_theta2,discover_only,20261009,10.856180185518648,2.864045046379662,2.864045046379662,,8,"[[0.0,0.0],[0.5,0.5],[1.0,1.0]]",2.96665631459995
0.1,0.10536051565782631,G06,concentrated,0.5,persistent_theta2,static_known,20261007,11.866625258399798,2.96665631459995,2.96665631459995,,0,"[[0.0,0.0],[0.5,0.5],[1.0,1.0]]",2.96665631459995
0.1,0.10536051565782631,G06,concentrated,0.5,persistent_theta2,static_known,20261008,11.866625258399798,2.96665631459995,2.96665631459995,,0,"[[0.0,0.0],[0.5,0.5],[1.0,1.0]]",2.96665631459995
0.1,0.10536051565782631,G06,concentrated,0.5,persistent_theta2,static_known,20261009,11.866625258399798,2.96665631459995,2.96665631459995,,0,"[[0.0,0.0],[0.5,0.5],[1.0,1.0]]",2.96665631459995
0.1,0.10536051565782631,G06,concentrated,0.5,recurrent_1221,develop_known,20261007,15.87965182704128,3.2836229160527206,4.455077326761458,1.3337881728523286,3,"[[0.0,0.7175704635189999],[0.7958114737572987,0.6542049378605879],[1.0,1.0]]",2.96665631459995
0.1,0.10536051565782631,G06,concentrated,0.5,recurrent_1221,develop_known,20261008,15.87965182704128,3.2836229160527206,4.455077326761458,1.3337881728523286,3,"[[0.0,0.7175704635189999],[0.7958114737572987,0.6542049378605879],[1.0,1.0]]",2.96665631459995
0.1,0.10536051565782631,G06,concentrated,0.5,recurrent_1221,develop_known,20261009,15.87965182704128,3.2836229160527206,4.455077326761458,1.3337881728523286,3,"[[0.0,0.7175704635189999],[0.7958114737572987,0.6542049378605879],[1.0,1.0]]",2.96665631459995
0.1,0.10536051565782631,G06,concentrated,0.5,recurrent_1221,discover_develop,20261007,14.780393947307616,2.9128182233026534,3.9589532685378437,1.0161785784102035,7,"[[0.0,0.7175704635189999],[0.82566077995,0.5950000000000001],[1.0,1.0]]",2.96665631459995
0.1,0.10536051565782631,G06,concentrated,0.5,recurrent_1221,discover_develop,20261008,14.780393947307616,2.9128182233026534,3.9589532685378437,1.0161785784102035,7,"[[0.0,0.7175704635189999],[0.82566077995,0.5950000000000001],[1.0,1.0]]",2.96665631459995
0.1,0.10536051565782631,G06,concentrated,0.5,recurrent_1221,discover_develop,20261009,14.780393947307616,2.9128182233026534,3.9589532685378437,1.0161785784102035,7,"[[0.0,0.7175704635189999],[0.82566077995,0.5950000000000001],[1.0,1.0]]",2.96665631459995
0.1,0.10536051565782631,G06,concentrated,0.5,recurrent_1221,discover_only,20261007,10.856180185518648,2.564045046379662,2.564045046379662,0.7362741699796955,7,"[[0.0,0.0],[0.5,0.5],[1.0,1.0]]",2.96665631459995
0.1,0.10536051565782631,G06,concentrated,0.5,recurrent_1221,discover_only,20261008,10.856180185518648,2.564045046379662,2.564045046379662,0.7362741699796955,7,"[[0.0,0.0],[0.5,0.5],[1.0,1.0]]",2.96665631459995
0.1,0.10536051565782631,G06,concentrated,0.5,recurrent_1221,discover_only,20261009,10.256180185518648,2.564045046379662,2.564045046379662,0.7362741699796955,8,"[[0.0,0.0],[0.5,0.5],[1.0,1.0]]",2.96665631459995
0.1,0.10536051565782631,G06,concentrated,0.5,recurrent_1221,static_known,20261007,11.866625258399798,2.96665631459995,2.96665631459995,0.9888854381999833,2,"[[0.0,0.0],[0.5,0.5],[1.0,1.0]]",2.96665631459995
0.1,0.10536051565782631,G06,concentrated,0.5,recurrent_1221,static_known,20261008,11.866625258399798,2.96665631459995,2.96665631459995,0.9888854381999833,2,"[[0.0,0.0],[0.5,0.5],[1.0,1.0]]",2.96665631459995
0.1,0.10536051565782631,G06,concentrated,0.5,recurrent_1221,static_known,20261009,11.866625258399798,2.96665631459995,2.96665631459995,0.9888854381999833,2,"[[0.0,0.0],[0.5,0.5],[1.0,1.0]]",2.96665631459995
0.1,0.10536051565782631,G07,partial_overlap,0.5,alternating_1212,develop_known,20261007,17.525401510117675,4.2872537360710306,4.433895936176025,1.4385481960116813,3,"[[0.0,1.0],[0.8587852317595,0.0],[1.0,0.7342795]]",3.9735697320844925
0.1,0.10536051565782631,G07,partial_overlap,0.5,alternating_1212,develop_known,20261008,17.525401510117675,4.2872537360710306,4.433895936176025,1.4385481960116813,3,"[[0.0,1.0],[0.8587852317595,0.0],[1.0,0.7342795]]",3.9735697320844925
0.1,0.10536051565782631,G07,partial_overlap,0.5,alternating_1212,develop_known,20261009,17.525401510117675,4.2872537360710306,4.433895936176025,1.4385481960116813,3,"[[0.0,1.0],[0.8587852317595,0.0],[1.0,0.7342795]]",3.9735697320844925
0.1,0.10536051565782631,G07,partial_overlap,0.5,alternating_1212,discover_develop,20261007,16.856964561501485,4.2872537360710306,4.019582879284848,1.2761122839280175,3,"[[0.0,1.0],[0.8587852317595,0.0],[1.0,0.6719499999999999]]",3.9735697320844925
0.1,0.10536051565782631,G07,partial_overlap,0.5,alternating_1212,discover_develop,20261008,16.856964561501485,4.2872537360710306,4.019582879284848,1.2761122839280175,3,"[[0.0,1.0],[0.8587852317595,0.0],[1.0,0.6719499999999999]]",3.9735697320844925
0.1,0.10536051565782631,G07,partial_overlap,0.5,alternating_1212,discover_develop,20261009,16.856964561501485,4.2872537360710306,4.019582879284848,1.2761122839280175,3,"[[0.0,1.0],[0.8587852317595,0.0],[1.0,0.6719499999999999]]",3.9735697320844925
0.1,0.10536051565782631,G07,partial_overlap,0.5,alternating_1212,discover_only,20261007,15.563859387606547,4.175755076535925,3.6061746172673486,1.1919183588453084,3,"[[0.0,1.0],[0.5,0.0],[1.0,0.5]]",3.9735697320844925
0.1,0.10536051565782631,G07,partial_overlap,0.5,alternating_1212,discover_only,20261008,15.563859387606547,4.175755076535925,3.6061746172673486,1.1919183588453084,3,"[[0.0,1.0],[0.5,0.0],[1.0,0.5]]",3.9735697320844925
0.1,0.10536051565782631,G07,partial_overlap,0.5,alternating_1212,discover_only,20261009,15.563859387606547,4.175755076535925,3.6061746172673486,1.1919183588453084,3,"[[0.0,1.0],[0.5,0.0],[1.0,0.5]]",3.9735697320844925
0.1,0.10536051565782631,G07,partial_overlap,0.5,alternating_1212,static_known,20261007,15.89427892833797,4.175755076535925,3.77138438763306,1.3020582057557828,3,"[[0.0,1.0],[0.5,0.0],[1.0,0.5]]",3.9735697320844925
0.1,0.10536051565782631,G07,partial_overlap,0.5,alternating_1212,static_known,20261008,15.89427892833797,4.175755076535925,3.77138438763306,1.3020582057557828,3,"[[0.0,1.0],[0.5,0.0],[1.0,0.5]]",3.9735697320844925
0.1,0.10536051565782631,G07,partial_overlap,0.5,alternating_1212,static_known,20261009,15.89427892833797,4.175755076535925,3.77138438763306,1.3020582057557828,3,"[[0.0,1.0],[0.5,0.0],[1.0,0.5]]",3.9735697320844925
0.1,0.10536051565782631,G07,partial_overlap,0.5,change_1122,develop_known,20261007,17.39513714428842,4.2872537360710306,4.433895936176025,1.3252064539067179,1,"[[0.0,1.0],[0.8587852317595,0.0],[1.0,0.7342795]]",3.9735697320844925
0.1,0.10536051565782631,G07,partial_overlap,0.5,change_1122,develop_known,20261008,17.39513714428842,4.2872537360710306,4.433895936176025,1.3252064539067179,1,"[[0.0,1.0],[0.8587852317595,0.0],[1.0,0.7342795]]",3.9735697320844925
0.1,0.10536051565782631,G07,partial_overlap,0.5,change_1122,develop_known,20261009,17.39513714428842,4.2872537360710306,4.433895936176025,1.3252064539067179,1,"[[0.0,1.0],[0.8587852317595,0.0],[1.0,0.7342795]]",3.9735697320844925
0.1,0.10536051565782631,G07,partial_overlap,0.5,change_1122,discover_develop,20261007,16.71486594155434,4.2872537360710306,4.019582879284848,1.1307857274470479,3,"[[0.0,1.0],[0.8587852317595,0.0],[1.0,0.6719499999999999]]",3.9735697320844925
0.1,0.10536051565782631,G07,partial_overlap,0.5,change_1122,discover_develop,20261008,16.71486594155434,4.2872537360710306,4.019582879284848,1.1307857274470479,3,"[[0.0,1.0],[0.8587852317595,0.0],[1.0,0.6719499999999999]]",3.9735697320844925
0.1,0.10536051565782631,G07,partial_overlap,0.5,change_1122,discover_develop,20261009,16.71486594155434,4.2872537360710306,4.019582879284848,1.1307857274470479,3,"[[0.0,1.0],[0.8587852317595,0.0],[1.0,0.6719499999999999]]",3.9735697320844925
0.1,0.10536051565782631,G07,partial_overlap,0.5,change_1122,discover_only,20261007,15.233439846875125,4.175755076535925,3.6061746172673486,1.0919183588453085,1,"[[0.0,1.0],[0.5,0.0],[1.0,0.5]]",3.9735697320844925
0.1,0.10536051565782631,G07,partial_overlap,0.5,change_1122,discover_only,20261008,15.563859387606549,4.175755076535925,3.6061746172673486,1.0919183588453085,3,"[[0.0,1.0],[0.5,0.0],[1.0,0.5]]",3.9735697320844925
0.1,0.10536051565782631,G07,partial_overlap,0.5,change_1122,discover_only,20261009,15.563859387606549,4.175755076535925,3.6061746172673486,1.0919183588453085,3,"[[0.0,1.0],[0.5,0.0],[1.0,0.5]]",3.9735697320844925
0.1,0.10536051565782631,G07,partial_overlap,0.5,change_1122,static_known,20261007,15.894278928337972,4.175755076535925,3.77138438763306,1.2571281292110201,1,"[[0.0,1.0],[0.5,0.0],[1.0,0.5]]",3.9735697320844925
0.1,0.10536051565782631,G07,partial_overlap,0.5,change_1122,static_known,20261008,15.894278928337972,4.175755076535925,3.77138438763306,1.2571281292110201,1,"[[0.0,1.0],[0.5,0.0],[1.0,0.5]]",3.9735697320844925
0.1,0.10536051565782631,G07,partial_overlap,0.5,change_1122,static_known,20261009,15.894278928337972,4.175755076535925,3.77138438763306,1.2571281292110201,1,"[[0.0,1.0],[0.5,0.0],[1.0,0.5]]",3.9735697320844925
0.1,0.10536051565782631,G07,partial_overlap,0.5,persistent_theta1,develop_known,20261007,18.549482770758818,4.2872537360710306,4.920911891971361,,0,"[[0.0,1.0],[0.8587852317595,0.0],[1.0,0.5]]",3.9735697320844925
0.1,0.10536051565782631,G07,partial_overlap,0.5,persistent_theta1,develop_known,20261008,18.549482770758818,4.2872537360710306,4.920911891971361,,0,"[[0.0,1.0],[0.8587852317595,0.0],[1.0,0.5]]",3.9735697320844925
0.1,0.10536051565782631,G07,partial_overlap,0.5,persistent_theta1,develop_known,20261009,18.549482770758818,4.2872537360710306,4.920911891971361,,0,"[[0.0,1.0],[0.8587852317595,0.0],[1.0,0.5]]",3.9735697320844925
0.1,0.10536051565782631,G07,partial_overlap,0.5,persistent_theta1,discover_develop,20261007,18.549482770758818,4.2872537360710306,4.920911891971361,,0,"[[0.0,1.0],[0.8587852317595,0.0],[1.0,0.5]]",3.9735697320844925
0.1,0.10536051565782631,G07,partial_overlap,0.5,persistent_theta1,discover_develop,20261008,18.549482770758818,4.2872537360710306,4.920911891971361,,0,"[[0.0,1.0],[0.8587852317595,0.0],[1.0,0.5]]",3.9735697320844925
0.1,0.10536051565782631,G07,partial_overlap,0.5,persistent_theta1,discover_develop,20261009,18.549482770758818,4.2872537360710306,4.920911891971361,,0,"[[0.0,1.0],[0.8587852317595,0.0],[1.0,0.5]]",3.9735697320844925
0.1,0.10536051565782631,G07,partial_overlap,0.5,persistent_theta1,discover_only,20261007,16.703020306143696,4.175755076535925,4.175755076535925,,0,"[[0.0,1.0],[0.5,0.0],[1.0,0.5]]",3.9735697320844925
0.1,0.10536051565782631,G07,partial_overlap,0.5,persistent_theta1,discover_only,20261008,16.703020306143696,4.175755076535925,4.175755076535925,,0,"[[0.0,1.0],[0.5,0.0],[1.0,0.5]]",3.9735697320844925
0.1,0.10536051565782631,G07,partial_overlap,0.5,persistent_theta1,discover_only,20261009,16.703020306143696,4.175755076535925,4.175755076535925,,0,"[[0.0,1.0],[0.5,0.0],[1.0,0.5]]",3.9735697320844925
0.1,0.10536051565782631,G07,partial_overlap,0.5,persistent_theta1,static_known,20261007,16.703020306143696,4.175755076535925,4.175755076535925,,0,"[[0.0,1.0],[0.5,0.0],[1.0,0.5]]",3.9735697320844925
0.1,0.10536051565782631,G07,partial_overlap,0.5,persistent_theta1,static_known,20261008,16.703020306143696,4.175755076535925,4.175755076535925,,0,"[[0.0,1.0],[0.5,0.0],[1.0,0.5]]",3.9735697320844925
0.1,0.10536051565782631,G07,partial_overlap,0.5,persistent_theta1,static_known,20261009,16.703020306143696,4.175755076535925,4.175755076535925,,0,"[[0.0,1.0],[0.5,0.0],[1.0,0.5]]",3.9735697320844925
0.1,0.10536051565782631,G07,partial_overlap,0.5,persistent_theta2,develop_known,20261007,17.588927922889848,3.9229244195366713,4.780989253550537,,0,"[[0.0,1.0],[0.8587852317595,0.0],[1.0,0.8587852317595]]",3.9735697320844925
0.1,0.10536051565782631,G07,partial_overlap,0.5,persistent_theta2,develop_known,20261008,17.588927922889848,3.9229244195366713,4.780989253550537,,0,"[[0.0,1.0],[0.8587852317595,0.0],[1.0,0.8587852317595]]",3.9735697320844925
0.1,0.10536051565782631,G07,partial_overlap,0.5,persistent_theta2,develop_known,20261009,17.588927922889848,3.9229244195366713,4.780989253550537,,0,"[[0.0,1.0],[0.8587852317595,0.0],[1.0,0.8587852317595]]",3.9735697320844925
0.1,0.10536051565782631,G07,partial_overlap,0.5,persistent_theta2,discover_develop,20261007,15.903291238694207,3.687681107076991,4.218778878996736,,7,"[[0.0,1.0],[0.8587852317595,0.0],[1.0,0.7847663949999999]]",3.9735697320844925
0.1,0.10536051565782631,G07,partial_overlap,0.5,persistent_theta2,discover_develop,20261008,15.903291238694207,3.687681107076991,4.218778878996736,,7,"[[0.0,1.0],[0.8587852317595,0.0],[1.0,0.7847663949999999]]",3.9735697320844925
0.1,0.10536051565782631,G07,partial_overlap,0.5,persistent_theta2,discover_develop,20261009,15.903291238694207,3.687681107076991,4.218778878996736,,7,"[[0.0,1.0],[0.8587852317595,0.0],[1.0,0.7847663949999999]]",3.9735697320844925
0.1,0.10536051565782631,G07,partial_overlap,0.5,persistent_theta2,discover_only,20261007,14.094278928337973,3.6061746172673486,3.6061746172673486,,5,"[[0.0,1.0],[0.5,0.0],[1.0,0.5]]",3.9735697320844925
0.1,0.10536051565782631,G07,partial_overlap,0.5,persistent_theta2,discover_only,20261008,14.424698469069396,3.6061746172673486,3.6061746172673486,,7,"[[0.0,1.0],[0.5,0.0],[1.0,0.5]]",3.9735697320844925
0.1,0.10536051565782631,G07,partial_overlap,0.5,persistent_theta2,discover_only,20261009,14.424698469069396,3.6061746172673486,3.6061746172673486,,7,"[[0.0,1.0],[0.5,0.0],[1.0,0.5]]",3.9735697320844925
0.1,0.10536051565782631,G07,partial_overlap,0.5,persistent_theta2,static_known,20261007,15.085537550532242,3.77138438763306,3.77138438763306,,0,"[[0.0,1.0],[0.5,0.0],[1.0,0.5]]",3.9735697320844925
0.1,0.10536051565782631,G07,partial_overlap,0.5,persistent_theta2,static_known,20261008,15.085537550532242,3.77138438763306,3.77138438763306,,0,"[[0.0,1.0],[0.5,0.0],[1.0,0.5]]",3.9735697320844925
0.1,0.10536051565782631,G07,partial_overlap,0.5,persistent_theta2,static_known,20261009,15.085537550532242,3.77138438763306,3.77138438763306,,0,"[[0.0,1.0],[0.5,0.0],[1.0,0.5]]",3.9735697320844925
0.1,0.10536051565782631,G07,partial_overlap,0.5,recurrent_1221,develop_known,20261007,17.620464306709057,4.2872537360710306,4.920911891971361,1.4619752052262878,2,"[[0.0,1.0],[0.8587852317595,0.0],[1.0,0.7342795]]",3.9735697320844925
0.1,0.10536051565782631,G07,partial_overlap,0.5,recurrent_1221,develop_known,20261008,17.620464306709057,4.2872537360710306,4.920911891971361,1.4619752052262878,2,"[[0.0,1.0],[0.8587852317595,0.0],[1.0,0.7342795]]",3.9735697320844925
0.1,0.10536051565782631,G07,partial_overlap,0.5,recurrent_1221,develop_known,20261009,17.620464306709057,4.2872537360710306,4.920911891971361,1.4619752052262878,2,"[[0.0,1.0],[0.8587852317595,0.0],[1.0,0.7342795]]",3.9735697320844925
0.1,0.10536051565782631,G07,partial_overlap,0.5,recurrent_1221,discover_develop,20261007,16.96078839953583,4.2872537360710306,4.920911891971361,1.3703786388185026,4,"[[0.0,1.0],[0.8587852317595,0.0],[1.0,0.6719499999999999]]",3.9735697320844925
0.1,0.10536051565782631,G07,partial_overlap,0.5,recurrent_1221,discover_develop,20261008,16.96078839953583,4.2872537360710306,4.920911891971361,1.3703786388185026,4,"[[0.0,1.0],[0.8587852317595,0.0],[1.0,0.6719499999999999]]",3.9735697320844925
0.1,0.10536051565782631,G07,partial_overlap,0.5,recurrent_1221,discover_develop,20261009,16.96078839953583,4.2872537360710306,4.920911891971361,1.3703786388185026,4,"[[0.0,1.0],[0.8587852317595,0.0],[1.0,0.6719499999999999]]",3.9735697320844925
0.1,0.10536051565782631,G07,partial_overlap,0.5,recurrent_1221,discover_only,20261007,15.233439846875124,4.175755076535925,4.175755076535925,1.2419183588453084,2,"[[0.0,1.0],[0.5,0.0],[1.0,0.5]]",3.9735697320844925
0.1,0.10536051565782631,G07,partial_overlap,0.5,recurrent_1221,discover_only,20261008,15.563859387606547,4.175755076535925,4.175755076535925,1.2419183588453084,4,"[[0.0,1.0],[0.5,0.0],[1.0,0.5]]",3.9735697320844925
0.1,0.10536051565782631,G07,partial_overlap,0.5,recurrent_1221,discover_only,20261009,15.563859387606547,4.175755076535925,4.175755076535925,1.2419183588453084,4,"[[0.0,1.0],[0.5,0.0],[1.0,0.5]]",3.9735697320844925
0.1,0.10536051565782631,G07,partial_overlap,0.5,recurrent_1221,static_known,20261007,15.89427892833797,4.175755076535925,4.175755076535925,1.3245232440281642,2,"[[0.0,1.0],[0.5,0.0],[1.0,0.5]]",3.9735697320844925
0.1,0.10536051565782631,G07,partial_overlap,0.5,recurrent_1221,static_known,20261008,15.89427892833797,4.175755076535925,4.175755076535925,1.3245232440281642,2,"[[0.0,1.0],[0.5,0.0],[1.0,0.5]]",3.9735697320844925
0.1,0.10536051565782631,G07,partial_overlap,0.5,recurrent_1221,static_known,20261009,15.89427892833797,4.175755076535925,4.175755076535925,1.3245232440281642,2,"[[0.0,1.0],[0.5,0.0],[1.0,0.5]]",3.9735697320844925
0.1,0.10536051565782631,G08,redundant,0.5,alternating_1212,develop_known,20261007,16.732997100848312,4.2872537360710306,4.1265871456524525,1.3409172424823002,3,"[[0.0,1.0],[0.8671397499999999,0.60141925],[0.9293926158797499,0.25]]",3.7976355398128527
0.1,0.10536051565782631,G08,redundant,0.5,alternating_1212,develop_known,20261008,16.732997100848312,4.2872537360710306,4.1265871456524525,1.3409172424823002,3,"[[0.0,1.0],[0.8671397499999999,0.60141925],[0.9293926158797499,0.25]]",3.7976355398128527
0.1,0.10536051565782631,G08,redundant,0.5,alternating_1212,develop_known,20261009,16.732997100848312,4.2872537360710306,4.1265871456524525,1.3409172424823002,3,"[[0.0,1.0],[0.8671397499999999,0.60141925],[0.9293926158797499,0.25]]",3.7976355398128527
0.1,0.10536051565782631,G08,redundant,0.5,alternating_1212,discover_develop,20261007,16.257495107661736,4.2872537360710306,3.764460862366212,1.2669886185164143,3,"[[0.0,1.0],[0.8923831974999998,0.507925],[0.9293926158797499,0.25]]",3.7976355398128527
0.1,0.10536051565782631,G08,redundant,0.5,alternating_1212,discover_develop,20261008,16.257495107661736,4.2872537360710306,3.764460862366212,1.2669886185164143,3,"[[0.0,1.0],[0.8923831974999998,0.507925],[0.9293926158797499,0.25]]",3.7976355398128527
0.1,0.10536051565782631,G08,redundant,0.5,alternating_1212,discover_develop,20261009,16.257495107661736,4.2872537360710306,3.764460862366212,1.2669886185164143,3,"[[0.0,1.0],[0.8923831974999998,0.507925],[0.9293926158797499,0.25]]",3.7976355398128527
0.1,0.10536051565782631,G08,redundant,0.5,alternating_1212,discover_only,20261007,15.046781232697555,4.175755076535925,3.3236753853872107,1.1919183588453084,3,"[[0.0,1.0],[0.75,0.25],[0.75,0.25]]",3.7976355398128527
0.1,0.10536051565782631,G08,redundant,0.5,alternating_1212,discover_only,20261008,15.09470154154884,4.175755076535925,3.3715956942384953,1.1919183588453084,3,"[[0.0,1.0],[0.75,0.25],[0.75,0.25]]",3.7976355398128527
0.1,0.10536051565782631,G08,redundant,0.5,alternating_1212,discover_only,20261009,15.09470154154884,4.175755076535925,3.3715956942384953,1.1919183588453084,3,"[[0.0,1.0],[0.75,0.25],[0.75,0.25]]",3.7976355398128527
0.1,0.10536051565782631,G08,redundant,0.5,alternating_1212,static_known,20261007,15.190542159251411,4.175755076535925,3.4195160030897807,1.2238652314128318,3,"[[0.0,1.0],[0.75,0.25],[0.75,0.25]]",3.7976355398128527
0.1,0.10536051565782631,G08,redundant,0.5,alternating_1212,static_known,20261008,15.190542159251411,4.175755076535925,3.4195160030897807,1.2238652314128318,3,"[[0.0,1.0],[0.75,0.25],[0.75,0.25]]",3.7976355398128527
0.1,0.10536051565782631,G08,redundant,0.5,alternating_1212,static_known,20261009,15.190542159251411,4.175755076535925,3.4195160030897807,1.2238652314128318,3,"[[0.0,1.0],[0.75,0.25],[0.75,0.25]]",3.7976355398128527
0.1,0.10536051565782631,G08,redundant,0.5,change_1122,develop_known,20261007,16.662770252606347,4.2872537360710306,4.1265871456524525,1.1678430422654418,1,"[[0.0,1.0],[0.8671397499999999,0.60141925],[0.9293926158797499,0.25]]",3.7976355398128527
0.1,0.10536051565782631,G08,redundant,0.5,change_1122,develop_known,20261008,16.662770252606347,4.2872537360710306,4.1265871456524525,1.1678430422654418,1,"[[0.0,1.0],[0.8671397499999999,0.60141925],[0.9293926158797499,0.25]]",3.7976355398128527
0.1,0.10536051565782631,G08,redundant,0.5,change_1122,develop_known,20261009,16.662770252606347,4.2872537360710306,4.1265871456524525,1.1678430422654418,1,"[[0.0,1.0],[0.8671397499999999,0.60141925],[0.9293926158797499,0.25]]",3.7976355398128527
0.1,0.10536051565782631,G08,redundant,0.5,change_1122,discover_develop,20261007,16.153709224455806,4.2872537360710306,3.764460862366212,1.1307857274470479,3,"[[0.0,1.0],[0.8923831974999998,0.507925],[0.9293926158797499,0.25]]",3.7976355398128527
0.1,0.10536051565782631,G08,redundant,0.5,change_1122,discover_develop,20261008,16.153709224455806,4.2872537360710306,3.764460862366212,1.1307857274470479,3,"[[0.0,1.0],[0.8923831974999998,0.507925],[0.9293926158797499,0.25]]",3.7976355398128527
0.1,0.10536051565782631,G08,redundant,0.5,change_1122,discover_develop,20261009,16.153709224455806,4.2872537360710306,3.764460862366212,1.1307857274470479,3,"[[0.0,1.0],[0.8923831974999998,0.507925],[0.9293926158797499,0.25]]",3.7976355398128527
0.1,0.10536051565782631,G08,redundant,0.5,change_1122,discover_only,20261007,14.950940614994987,4.175755076535925,3.3236753853872107,1.0919183588453085,1,"[[0.0,1.0],[0.75,0.25],[0.75,0.25]]",3.7976355398128527
0.1,0.10536051565782631,G08,redundant,0.5,change_1122,discover_only,20261008,15.094701541548844,4.175755076535925,3.3715956942384953,1.0919183588453085,3,"[[0.0,1.0],[0.75,0.25],[0.75,0.25]]",3.7976355398128527
0.1,0.10536051565782631,G08,redundant,0.5,change_1122,discover_only,20261009,15.094701541548844,4.175755076535925,3.3715956942384953,1.0919183588453085,3,"[[0.0,1.0],[0.75,0.25],[0.75,0.25]]",3.7976355398128527
0.1,0.10536051565782631,G08,redundant,0.5,change_1122,static_known,20261007,15.190542159251414,4.175755076535925,3.4195160030897807,1.1398386676965935,1,"[[0.0,1.0],[0.75,0.25],[0.75,0.25]]",3.7976355398128527
0.1,0.10536051565782631,G08,redundant,0.5,change_1122,static_known,20261008,15.190542159251414,4.175755076535925,3.4195160030897807,1.1398386676965935,1,"[[0.0,1.0],[0.75,0.25],[0.75,0.25]]",3.7976355398128527
0.1,0.10536051565782631,G08,redundant,0.5,change_1122,static_known,20261009,15.190542159251414,4.175755076535925,3.4195160030897807,1.1398386676965935,1,"[[0.0,1.0],[0.75,0.25],[0.75,0.25]]",3.7976355398128527
0.1,0.10536051565782631,G08,redundant,0.5,persistent_theta1,develop_known,20261007,18.549482770758818,4.2872537360710306,4.920911891971361,,0,"[[0.0,1.0],[0.9293926158797499,0.25],[0.9293926158797499,0.25]]",3.7976355398128527
0.1,0.10536051565782631,G08,redundant,0.5,persistent_theta1,develop_known,20261008,18.549482770758818,4.2872537360710306,4.920911891971361,,0,"[[0.0,1.0],[0.9293926158797499,0.25],[0.9293926158797499,0.25]]",3.7976355398128527
0.1,0.10536051565782631,G08,redundant,0.5,persistent_theta1,develop_known,20261009,18.549482770758818,4.2872537360710306,4.920911891971361,,0,"[[0.0,1.0],[0.9293926158797499,0.25],[0.9293926158797499,0.25]]",3.7976355398128527
0.1,0.10536051565782631,G08,redundant,0.5,persistent_theta1,discover_develop,20261007,18.549482770758818,4.2872537360710306,4.920911891971361,,0,"[[0.0,1.0],[0.9293926158797499,0.25],[0.9293926158797499,0.25]]",3.7976355398128527
0.1,0.10536051565782631,G08,redundant,0.5,persistent_theta1,discover_develop,20261008,18.549482770758818,4.2872537360710306,4.920911891971361,,0,"[[0.0,1.0],[0.9293926158797499,0.25],[0.9293926158797499,0.25]]",3.7976355398128527
0.1,0.10536051565782631,G08,redundant,0.5,persistent_theta1,discover_develop,20261009,18.549482770758818,4.2872537360710306,4.920911891971361,,0,"[[0.0,1.0],[0.9293926158797499,0.25],[0.9293926158797499,0.25]]",3.7976355398128527
0.1,0.10536051565782631,G08,redundant,0.5,persistent_theta1,discover_only,20261007,16.703020306143696,4.175755076535925,4.175755076535925,,0,"[[0.0,1.0],[0.75,0.25],[0.75,0.25]]",3.7976355398128527
0.1,0.10536051565782631,G08,redundant,0.5,persistent_theta1,discover_only,20261008,16.703020306143696,4.175755076535925,4.175755076535925,,0,"[[0.0,1.0],[0.75,0.25],[0.75,0.25]]",3.7976355398128527
0.1,0.10536051565782631,G08,redundant,0.5,persistent_theta1,discover_only,20261009,16.703020306143696,4.175755076535925,4.175755076535925,,0,"[[0.0,1.0],[0.75,0.25],[0.75,0.25]]",3.7976355398128527
0.1,0.10536051565782631,G08,redundant,0.5,persistent_theta1,static_known,20261007,16.703020306143696,4.175755076535925,4.175755076535925,,0,"[[0.0,1.0],[0.75,0.25],[0.75,0.25]]",3.7976355398128527
0.1,0.10536051565782631,G08,redundant,0.5,persistent_theta1,static_known,20261008,16.703020306143696,4.175755076535925,4.175755076535925,,0,"[[0.0,1.0],[0.75,0.25],[0.75,0.25]]",3.7976355398128527
0.1,0.10536051565782631,G08,redundant,0.5,persistent_theta1,static_known,20261009,16.703020306143696,4.175755076535925,4.175755076535925,,0,"[[0.0,1.0],[0.75,0.25],[0.75,0.25]]",3.7976355398128527
0.1,0.10536051565782631,G08,redundant,0.5,persistent_theta2,develop_known,20261007,16.73406305923733,3.603429849891538,4.6543416184032775,,0,"[[0.0,1.0],[0.75,0.7881778476392499],[0.9293926158797499,0.25]]",3.7976355398128527
0.1,0.10536051565782631,G08,redundant,0.5,persistent_theta2,develop_known,20261008,16.73406305923733,3.603429849891538,4.6543416184032775,,0,"[[0.0,1.0],[0.75,0.7881778476392499],[0.9293926158797499,0.25]]",3.7976355398128527
0.1,0.10536051565782631,G08,redundant,0.5,persistent_theta2,develop_known,20261009,16.73406305923733,3.603429849891538,4.6543416184032775,,0,"[[0.0,1.0],[0.75,0.7881778476392499],[0.9293926158797499,0.25]]",3.7976355398128527
0.1,0.10536051565782631,G08,redundant,0.5,persistent_theta2,discover_develop,20261007,15.100210315661478,3.446723654007638,4.057770769140788,,7,"[[0.0,1.0],[0.8359749999999999,0.6771495925],[0.9293926158797499,0.25]]",3.7976355398128527
0.1,0.10536051565782631,G08,redundant,0.5,persistent_theta2,discover_develop,20261008,15.100210315661478,3.446723654007638,4.057770769140788,,7,"[[0.0,1.0],[0.8359749999999999,0.6771495925],[0.9293926158797499,0.25]]",3.7976355398128527
0.1,0.10536051565782631,G08,redundant,0.5,persistent_theta2,discover_develop,20261009,15.100210315661478,3.446723654007638,4.057770769140788,,7,"[[0.0,1.0],[0.8359749999999999,0.6771495925],[0.9293926158797499,0.25]]",3.7976355398128527
0.1,0.10536051565782631,G08,redundant,0.5,persistent_theta2,discover_only,20261007,13.342621850400128,3.3715956942384953,3.3236753853872107,,5,"[[0.0,1.0],[0.75,0.25],[0.75,0.25]]",3.7976355398128527
0.1,0.10536051565782631,G08,redundant,0.5,persistent_theta2,discover_only,20261008,13.486382776953985,3.3715956942384953,3.3715956942384953,,7,"[[0.0,1.0],[0.75,0.25],[0.75,0.25]]",3.7976355398128527
0.1,0.10536051565782631,G08,redundant,0.5,persistent_theta2,discover_only,20261009,13.486382776953985,3.3715956942384953,3.3715956942384953,,7,"[[0.0,1.0],[0.75,0.25],[0.75,0.25]]",3.7976355398128527
0.1,0.10536051565782631,G08,redundant,0.5,persistent_theta2,static_known,20261007,13.678064012359124,3.4195160030897807,3.4195160030897807,,0,"[[0.0,1.0],[0.75,0.25],[0.75,0.25]]",3.7976355398128527
0.1,0.10536051565782631,G08,redundant,0.5,persistent_theta2,static_known,20261008,13.678064012359124,3.4195160030897807,3.4195160030897807,,0,"[[0.0,1.0],[0.75,0.25],[0.75,0.25]]",3.7976355398128527
0.1,0.10536051565782631,G08,redundant,0.5,persistent_theta2,static_known,20261009,13.678064012359124,3.4195160030897807,3.4195160030897807,,0,"[[0.0,1.0],[0.75,0.25],[0.75,0.25]]",3.7976355398128527
0.1,0.10536051565782631,G08,redundant,0.5,recurrent_1221,develop_known,20261007,16.783192769775187,4.2872537360710306,4.745085064715607,1.3586992356215344,2,"[[0.0,1.0],[0.8671397499999999,0.60141925],[0.9293926158797499,0.25]]",3.7976355398128527
0.1,0.10536051565782631,G08,redundant,0.5,recurrent_1221,develop_known,20261008,16.783192769775187,4.2872537360710306,4.745085064715607,1.3586992356215344,2,"[[0.0,1.0],[0.8671397499999999,0.60141925],[0.9293926158797499,0.25]]",3.7976355398128527
0.1,0.10536051565782631,G08,redundant,0.5,recurrent_1221,develop_known,20261009,16.783192769775187,4.2872537360710306,4.745085064715607,1.3586992356215344,2,"[[0.0,1.0],[0.8671397499999999,0.60141925],[0.9293926158797499,0.25]]",3.7976355398128527
0.1,0.10536051565782631,G08,redundant,0.5,recurrent_1221,discover_develop,20261007,16.337752227351356,4.2872537360710306,4.816455584972543,1.3510896344540049,4,"[[0.0,1.0],[0.8923831974999998,0.507925],[0.9293926158797499,0.25]]",3.7976355398128527
0.1,0.10536051565782631,G08,redundant,0.5,recurrent_1221,discover_develop,20261008,16.337752227351356,4.2872537360710306,4.816455584972543,1.3510896344540049,4,"[[0.0,1.0],[0.8923831974999998,0.507925],[0.9293926158797499,0.25]]",3.7976355398128527
0.1,0.10536051565782631,G08,redundant,0.5,recurrent_1221,discover_develop,20261009,16.337752227351356,4.2872537360710306,4.816455584972543,1.3510896344540049,4,"[[0.0,1.0],[0.8923831974999998,0.507925],[0.9293926158797499,0.25]]",3.7976355398128527
0.1,0.10536051565782631,G08,redundant,0.5,recurrent_1221,discover_only,20261007,14.99886092384627,4.175755076535925,4.175755076535925,1.2419183588453084,2,"[[0.0,1.0],[0.75,0.25],[0.75,0.25]]",3.7976355398128527
0.1,0.10536051565782631,G08,redundant,0.5,recurrent_1221,discover_only,20261008,15.09470154154884,4.175755076535925,4.175755076535925,1.2419183588453084,4,"[[0.0,1.0],[0.75,0.25],[0.75,0.25]]",3.7976355398128527
0.1,0.10536051565782631,G08,redundant,0.5,recurrent_1221,discover_only,20261009,15.09470154154884,4.175755076535925,4.175755076535925,1.2419183588453084,4,"[[0.0,1.0],[0.75,0.25],[0.75,0.25]]",3.7976355398128527
0.1,0.10536051565782631,G08,redundant,0.5,recurrent_1221,static_known,20261007,15.19054215925141,4.175755076535925,4.175755076535925,1.265878513270951,2,"[[0.0,1.0],[0.75,0.25],[0.75,0.25]]",3.7976355398128527
0.1,0.10536051565782631,G08,redundant,0.5,recurrent_1221,static_known,20261008,15.19054215925141,4.175755076535925,4.175755076535925,1.265878513270951,2,"[[0.0,1.0],[0.75,0.25],[0.75,0.25]]",3.7976355398128527
0.1,0.10536051565782631,G08,redundant,0.5,recurrent_1221,static_known,20261009,15.19054215925141,4.175755076535925,4.175755076535925,1.265878513270951,2,"[[0.0,1.0],[0.75,0.25],[0.75,0.25]]",3.7976355398128527
0.2,0.22314355131420976,G00,generalist,0.0,alternating_1212,develop_known,20261007,16.868475314459364,3.449469884965988,4.8662254071667554,1.3976626117459696,3,"[[0.7440000000000001,0.9328911360000001],[0.868928,0.868928],[0.932891136,0.7440000000000001]]",2.96665631459995
0.2,0.22314355131420976,G00,generalist,0.0,alternating_1212,develop_known,20261008,16.868475314459364,3.449469884965988,4.8662254071667554,1.3976626117459696,3,"[[0.7440000000000001,0.9328911360000001],[0.868928,0.868928],[0.932891136,0.7440000000000001]]",2.96665631459995
0.2,0.22314355131420976,G00,generalist,0.0,alternating_1212,develop_known,20261009,16.868475314459364,3.449469884965988,4.8662254071667554,1.3976626117459696,3,"[[0.7440000000000001,0.9328911360000001],[0.868928,0.868928],[0.932891136,0.7440000000000001]]",2.96665631459995
0.2,0.22314355131420976,G00,generalist,0.0,alternating_1212,discover_develop,20261007,14.846291463683395,2.9010816570026563,4.3332710763292415,0.9389937828504308,7,"[[0.68,0.9463129088000001],[0.868928,0.868928],[0.9463129088000001,0.68]]",2.96665631459995
0.2,0.22314355131420976,G00,generalist,0.0,alternating_1212,discover_develop,20261008,14.846291463683395,2.9010816570026563,4.3332710763292415,0.9389937828504308,7,"[[0.68,0.9463129088000001],[0.868928,0.868928],[0.9463129088000001,0.68]]",2.96665631459995
0.2,0.22314355131420976,G00,generalist,0.0,alternating_1212,discover_develop,20261009,14.846291463683395,2.9010816570026563,4.3332710763292415,0.9389937828504308,7,"[[0.68,0.9463129088000001],[0.868928,0.868928],[0.9463129088000001,0.68]]",2.96665631459995
0.2,0.22314355131420976,G00,generalist,0.0,alternating_1212,discover_only,20261007,10.256180185518648,2.564045046379662,2.864045046379662,0.7862741699796955,8,"[[0.5,0.5],[0.5,0.5],[0.5,0.5]]",2.96665631459995
0.2,0.22314355131420976,G00,generalist,0.0,alternating_1212,discover_only,20261008,10.85618018551865,2.564045046379662,2.864045046379662,0.7862741699796955,7,"[[0.5,0.5],[0.5,0.5],[0.5,0.5]]",2.96665631459995
0.2,0.22314355131420976,G00,generalist,0.0,alternating_1212,discover_only,20261009,10.85618018551865,2.564045046379662,2.864045046379662,0.7862741699796955,7,"[[0.5,0.5],[0.5,0.5],[0.5,0.5]]",2.96665631459995
0.2,0.22314355131420976,G00,generalist,0.0,alternating_1212,static_known,20261007,11.866625258399798,2.96665631459995,2.96665631459995,0.9888854381999833,3,"[[0.5,0.5],[0.5,0.5],[0.5,0.5]]",2.96665631459995
0.2,0.22314355131420976,G00,generalist,0.0,alternating_1212,static_known,20261008,11.866625258399798,2.96665631459995,2.96665631459995,0.9888854381999833,3,"[[0.5,0.5],[0.5,0.5],[0.5,0.5]]",2.96665631459995
0.2,0.22314355131420976,G00,generalist,0.0,alternating_1212,static_known,20261009,11.866625258399798,2.96665631459995,2.96665631459995,0.9888854381999833,3,"[[0.5,0.5],[0.5,0.5],[0.5,0.5]]",2.96665631459995
0.2,0.22314355131420976,G00,generalist,0.0,change_1122,develop_known,20261007,16.886314663533142,3.449469884965988,4.8662254071667554,1.2313499944213617,1,"[[0.7440000000000001,0.9328911360000001],[0.868928,0.868928],[0.932891136,0.7440000000000001]]",2.96665631459995
0.2,0.22314355131420976,G00,generalist,0.0,change_1122,develop_known,20261008,16.886314663533142,3.449469884965988,4.8662254071667554,1.2313499944213617,1,"[[0.7440000000000001,0.9328911360000001],[0.868928,0.868928],[0.932891136,0.7440000000000001]]",2.96665631459995
0.2,0.22314355131420976,G00,generalist,0.0,change_1122,develop_known,20261009,16.886314663533142,3.449469884965988,4.8662254071667554,1.2313499944213617,1,"[[0.7440000000000001,0.9328911360000001],[0.868928,0.868928],[0.932891136,0.7440000000000001]]",2.96665631459995
0.2,0.22314355131420976,G00,generalist,0.0,change_1122,discover_develop,20261007,15.228187895550697,2.9010816570026563,4.272235814855362,0.9497475745470901,7,"[[0.68,0.9463129088],[0.8951424,0.83616],[0.9463129088000001,0.68]]",2.96665631459995
0.2,0.22314355131420976,G00,generalist,0.0,change_1122,discover_develop,20261008,15.228187895550697,2.9010816570026563,4.272235814855362,0.9497475745470901,7,"[[0.68,0.9463129088],[0.8951424,0.83616],[0.9463129088000001,0.68]]",2.96665631459995
0.2,0.22314355131420976,G00,generalist,0.0,change_1122,discover_develop,20261009,15.228187895550697,2.9010816570026563,4.272235814855362,0.9497475745470901,7,"[[0.68,0.9463129088],[0.8951424,0.83616],[0.9463129088000001,0.68]]",2.96665631459995
0.2,0.22314355131420976,G00,generalist,0.0,change_1122,discover_only,20261007,10.85618018551865,2.564045046379662,2.864045046379662,0.8862741699796954,7,"[[0.5,0.5],[0.5,0.5],[0.5,0.5]]",2.96665631459995
0.2,0.22314355131420976,G00,generalist,0.0,change_1122,discover_only,20261008,10.85618018551865,2.564045046379662,2.864045046379662,0.8862741699796954,7,"[[0.5,0.5],[0.5,0.5],[0.5,0.5]]",2.96665631459995
0.2,0.22314355131420976,G00,generalist,0.0,change_1122,discover_only,20261009,10.256180185518648,2.564045046379662,2.864045046379662,0.8862741699796954,8,"[[0.5,0.5],[0.5,0.5],[0.5,0.5]]",2.96665631459995
0.2,0.22314355131420976,G00,generalist,0.0,change_1122,static_known,20261007,11.866625258399798,2.96665631459995,2.96665631459995,0.9888854381999833,1,"[[0.5,0.5],[0.5,0.5],[0.5,0.5]]",2.96665631459995
0.2,0.22314355131420976,G00,generalist,0.0,change_1122,static_known,20261008,11.866625258399798,2.96665631459995,2.96665631459995,0.9888854381999833,1,"[[0.5,0.5],[0.5,0.5],[0.5,0.5]]",2.96665631459995
0.2,0.22314355131420976,G00,generalist,0.0,change_1122,static_known,20261009,11.866625258399798,2.96665631459995,2.96665631459995,0.9888854381999833,1,"[[0.5,0.5],[0.5,0.5],[0.5,0.5]]",2.96665631459995
0.2,0.22314355131420976,G00,generalist,0.0,persistent_theta1,develop_known,20261007,18.476974602240453,3.449469884965988,5.4253395020341015,,0,"[[0.8689280000000001,0.8689280000000001],[0.965640261632,0.5],[0.965640261632,0.5]]",2.96665631459995
0.2,0.22314355131420976,G00,generalist,0.0,persistent_theta1,develop_known,20261008,18.476974602240453,3.449469884965988,5.4253395020341015,,0,"[[0.8689280000000001,0.8689280000000001],[0.965640261632,0.5],[0.965640261632,0.5]]",2.96665631459995
0.2,0.22314355131420976,G00,generalist,0.0,persistent_theta1,develop_known,20261009,18.476974602240453,3.449469884965988,5.4253395020341015,,0,"[[0.8689280000000001,0.8689280000000001],[0.965640261632,0.5],[0.965640261632,0.5]]",2.96665631459995
0.2,0.22314355131420976,G00,generalist,0.0,persistent_theta1,discover_develop,20261007,17.237948027693925,2.9010816570026563,5.212503342735446,,7,"[[0.7952000000000001,0.9161139199999999],[0.95705032704,0.6],[0.965640261632,0.5]]",2.96665631459995
0.2,0.22314355131420976,G00,generalist,0.0,persistent_theta1,discover_develop,20261008,17.237948027693925,2.9010816570026563,5.212503342735446,,7,"[[0.7952000000000001,0.9161139199999999],[0.95705032704,0.6],[0.965640261632,0.5]]",2.96665631459995
0.2,0.22314355131420976,G00,generalist,0.0,persistent_theta1,discover_develop,20261009,17.237948027693925,2.9010816570026563,5.212503342735446,,7,"[[0.7952000000000001,0.9161139199999999],[0.95705032704,0.6],[0.965640261632,0.5]]",2.96665631459995
0.2,0.22314355131420976,G00,generalist,0.0,persistent_theta1,discover_only,20261007,9.656180185518648,2.564045046379662,2.564045046379662,,8,"[[0.5,0.5],[0.5,0.5],[0.5,0.5]]",2.96665631459995
0.2,0.22314355131420976,G00,generalist,0.0,persistent_theta1,discover_only,20261008,10.256180185518648,2.564045046379662,2.564045046379662,,7,"[[0.5,0.5],[0.5,0.5],[0.5,0.5]]",2.96665631459995
0.2,0.22314355131420976,G00,generalist,0.0,persistent_theta1,discover_only,20261009,10.256180185518648,2.564045046379662,2.564045046379662,,7,"[[0.5,0.5],[0.5,0.5],[0.5,0.5]]",2.96665631459995
0.2,0.22314355131420976,G00,generalist,0.0,persistent_theta1,static_known,20261007,11.866625258399798,2.96665631459995,2.96665631459995,,0,"[[0.5,0.5],[0.5,0.5],[0.5,0.5]]",2.96665631459995
0.2,0.22314355131420976,G00,generalist,0.0,persistent_theta1,static_known,20261008,11.866625258399798,2.96665631459995,2.96665631459995,,0,"[[0.5,0.5],[0.5,0.5],[0.5,0.5]]",2.96665631459995
0.2,0.22314355131420976,G00,generalist,0.0,persistent_theta1,static_known,20261009,11.866625258399798,2.96665631459995,2.96665631459995,,0,"[[0.5,0.5],[0.5,0.5],[0.5,0.5]]",2.96665631459995
0.2,0.22314355131420976,G00,generalist,0.0,persistent_theta2,develop_known,20261007,18.476974602240453,3.449469884965988,5.4253395020341015,,0,"[[0.5,0.965640261632],[0.5,0.965640261632],[0.8689280000000001,0.8689280000000001]]",2.96665631459995
0.2,0.22314355131420976,G00,generalist,0.0,persistent_theta2,develop_known,20261008,18.476974602240453,3.449469884965988,5.4253395020341015,,0,"[[0.5,0.965640261632],[0.5,0.965640261632],[0.8689280000000001,0.8689280000000001]]",2.96665631459995
0.2,0.22314355131420976,G00,generalist,0.0,persistent_theta2,develop_known,20261009,18.476974602240453,3.449469884965988,5.4253395020341015,,0,"[[0.5,0.965640261632],[0.5,0.965640261632],[0.8689280000000001,0.8689280000000001]]",2.96665631459995
0.2,0.22314355131420976,G00,generalist,0.0,persistent_theta2,discover_develop,20261007,17.867631453111752,3.3294306185147007,5.242258272049684,,7,"[[0.5,0.965640261632],[0.5,0.965640261632],[0.9161139199999999,0.7952000000000001]]",2.96665631459995
0.2,0.22314355131420976,G00,generalist,0.0,persistent_theta2,discover_develop,20261008,17.867631453111752,3.3294306185147007,5.242258272049684,,7,"[[0.5,0.965640261632],[0.5,0.965640261632],[0.9161139199999999,0.7952000000000001]]",2.96665631459995
0.2,0.22314355131420976,G00,generalist,0.0,persistent_theta2,discover_develop,20261009,17.867631453111752,3.3294306185147007,5.242258272049684,,7,"[[0.5,0.965640261632],[0.5,0.965640261632],[0.9161139199999999,0.7952000000000001]]",2.96665631459995
0.2,0.22314355131420976,G00,generalist,0.0,persistent_theta2,discover_only,20261007,11.456180185518647,2.864045046379662,2.864045046379662,,7,"[[0.5,0.5],[0.5,0.5],[0.5,0.5]]",2.96665631459995
0.2,0.22314355131420976,G00,generalist,0.0,persistent_theta2,discover_only,20261008,11.456180185518647,2.864045046379662,2.864045046379662,,7,"[[0.5,0.5],[0.5,0.5],[0.5,0.5]]",2.96665631459995
0.2,0.22314355131420976,G00,generalist,0.0,persistent_theta2,discover_only,20261009,10.856180185518648,2.864045046379662,2.864045046379662,,8,"[[0.5,0.5],[0.5,0.5],[0.5,0.5]]",2.96665631459995
0.2,0.22314355131420976,G00,generalist,0.0,persistent_theta2,static_known,20261007,11.866625258399798,2.96665631459995,2.96665631459995,,0,"[[0.5,0.5],[0.5,0.5],[0.5,0.5]]",2.96665631459995
0.2,0.22314355131420976,G00,generalist,0.0,persistent_theta2,static_known,20261008,11.866625258399798,2.96665631459995,2.96665631459995,,0,"[[0.5,0.5],[0.5,0.5],[0.5,0.5]]",2.96665631459995
0.2,0.22314355131420976,G00,generalist,0.0,persistent_theta2,static_known,20261009,11.866625258399798,2.96665631459995,2.96665631459995,,0,"[[0.5,0.5],[0.5,0.5],[0.5,0.5]]",2.96665631459995
0.2,0.22314355131420976,G00,generalist,0.0,recurrent_1221,develop_known,20261007,16.868475314459364,3.449469884965988,4.8662254071667554,1.3458342457604024,2,"[[0.7440000000000001,0.932891136],[0.868928,0.868928],[0.932891136,0.7440000000000001]]",2.96665631459995
0.2,0.22314355131420976,G00,generalist,0.0,recurrent_1221,develop_known,20261008,16.868475314459364,3.449469884965988,4.8662254071667554,1.3458342457604024,2,"[[0.7440000000000001,0.932891136],[0.868928,0.868928],[0.932891136,0.7440000000000001]]",2.96665631459995
0.2,0.22314355131420976,G00,generalist,0.0,recurrent_1221,develop_known,20261009,16.868475314459364,3.449469884965988,4.8662254071667554,1.3458342457604024,2,"[[0.7440000000000001,0.932891136],[0.868928,0.868928],[0.932891136,0.7440000000000001]]",2.96665631459995
0.2,0.22314355131420976,G00,generalist,0.0,recurrent_1221,discover_develop,20261007,15.297571377446278,2.9010816570026563,4.272235814855362,0.927922413604646,7,"[[0.68,0.9463129088000001],[0.83616,0.8951424],[0.9463129088000001,0.68]]",2.96665631459995
0.2,0.22314355131420976,G00,generalist,0.0,recurrent_1221,discover_develop,20261008,15.297571377446278,2.9010816570026563,4.272235814855362,0.927922413604646,7,"[[0.68,0.9463129088000001],[0.83616,0.8951424],[0.9463129088000001,0.68]]",2.96665631459995
0.2,0.22314355131420976,G00,generalist,0.0,recurrent_1221,discover_develop,20261009,15.297571377446278,2.9010816570026563,4.272235814855362,0.927922413604646,7,"[[0.68,0.9463129088000001],[0.83616,0.8951424],[0.9463129088000001,0.68]]",2.96665631459995
0.2,0.22314355131420976,G00,generalist,0.0,recurrent_1221,discover_only,20261007,10.856180185518648,2.564045046379662,2.564045046379662,0.7362741699796955,7,"[[0.5,0.5],[0.5,0.5],[0.5,0.5]]",2.96665631459995
0.2,0.22314355131420976,G00,generalist,0.0,recurrent_1221,discover_only,20261008,10.856180185518648,2.564045046379662,2.564045046379662,0.7362741699796955,7,"[[0.5,0.5],[0.5,0.5],[0.5,0.5]]",2.96665631459995
0.2,0.22314355131420976,G00,generalist,0.0,recurrent_1221,discover_only,20261009,10.256180185518648,2.564045046379662,2.564045046379662,0.7362741699796955,8,"[[0.5,0.5],[0.5,0.5],[0.5,0.5]]",2.96665631459995
0.2,0.22314355131420976,G00,generalist,0.0,recurrent_1221,static_known,20261007,11.866625258399798,2.96665631459995,2.96665631459995,0.9888854381999833,2,"[[0.5,0.5],[0.5,0.5],[0.5,0.5]]",2.96665631459995
0.2,0.22314355131420976,G00,generalist,0.0,recurrent_1221,static_known,20261008,11.866625258399798,2.96665631459995,2.96665631459995,0.9888854381999833,2,"[[0.5,0.5],[0.5,0.5],[0.5,0.5]]",2.96665631459995
0.2,0.22314355131420976,G00,generalist,0.0,recurrent_1221,static_known,20261009,11.866625258399798,2.96665631459995,2.96665631459995,0.9888854381999833,2,"[[0.5,0.5],[0.5,0.5],[0.5,0.5]]",2.96665631459995
0.2,0.22314355131420976,G01,complementary,0.25,alternating_1212,discover_develop,20261007,15.63938017190192,3.33731772993914,4.330412763615376,1.0571267596701894,4,"[[0.25,0.982820130816],[0.868928,0.868928],[0.982820130816,0.25]]",3.4195160030897807
0.2,0.22314355131420976,G01,complementary,0.25,alternating_1212,discover_develop,20261008,15.63938017190192,3.33731772993914,4.330412763615376,1.0571267596701894,4,"[[0.25,0.982820130816],[0.868928,0.868928],[0.982820130816,0.25]]",3.4195160030897807
0.2,0.22314355131420976,G01,complementary,0.25,alternating_1212,discover_develop,20261009,15.63938017190192,3.33731772993914,4.330412763615376,1.0571267596701894,4,"[[0.25,0.982820130816],[0.868928,0.868928],[0.982820130816,0.25]]",3.4195160030897807
0.2,0.22314355131420976,G01,complementary,0.25,change_1122,discover_develop,20261007,15.996781102356017,3.33731772993914,4.265601064353833,1.080499996715402,4,"[[0.25,0.982820130816],[0.8951424,0.83616],[0.982820130816,0.25]]",3.4195160030897807
0.2,0.22314355131420976,G01,complementary,0.25,change_1122,discover_develop,20261008,15.996781102356017,3.33731772993914,4.265601064353833,1.080499996715402,4,"[[0.25,0.982820130816],[0.8951424,0.83616],[0.982820130816,0.25]]",3.4195160030897807
0.2,0.22314355131420976,G01,complementary,0.25,change_1122,discover_develop,20261009,15.996781102356017,3.33731772993914,4.265601064353833,1.080499996715402,4,"[[0.25,0.982820130816],[0.8951424,0.83616],[0.982820130816,0.25]]",3.4195160030897807
0.2,0.22314355131420976,G01,complementary,0.25,persistent_theta1,discover_develop,20261007,17.680469101558145,3.33731772993914,5.079952830975265,,1,"[[0.25,0.982820130816],[0.95705032704,0.6],[0.982820130816,0.25]]",3.4195160030897807
0.2,0.22314355131420976,G01,complementary,0.25,persistent_theta1,discover_develop,20261008,17.680469101558145,3.33731772993914,5.079952830975265,,1,"[[0.25,0.982820130816],[0.95705032704,0.6],[0.982820130816,0.25]]",3.4195160030897807
0.2,0.22314355131420976,G01,complementary,0.25,persistent_theta1,discover_develop,20261009,17.680469101558145,3.33731772993914,5.079952830975265,,1,"[[0.25,0.982820130816],[0.95705032704,0.6],[0.982820130816,0.25]]",3.4195160030897807
0.2,0.22314355131420976,G01,complementary,0.25,persistent_theta2,discover_develop,20261007,18.3272121183521,3.774480675943595,5.110826180350145,,0,"[[0.25,0.982820130816],[0.5,0.965640261632],[0.982820130816,0.25]]",3.4195160030897807
0.2,0.22314355131420976,G01,complementary,0.25,persistent_theta2,discover_develop,20261008,18.3272121183521,3.774480675943595,5.110826180350145,,0,"[[0.25,0.982820130816],[0.5,0.965640261632],[0.982820130816,0.25]]",3.4195160030897807
0.2,0.22314355131420976,G01,complementary,0.25,persistent_theta2,discover_develop,20261009,18.3272121183521,3.774480675943595,5.110826180350145,,0,"[[0.25,0.982820130816],[0.5,0.965640261632],[0.982820130816,0.25]]",3.4195160030897807
0.2,0.22314355131420976,G01,complementary,0.25,recurrent_1221,discover_develop,20261007,16.09085301477788,3.33731772993914,4.265601064353833,1.0552772071636138,3,"[[0.25,0.982820130816],[0.83616,0.8951424],[0.982820130816,0.25]]",3.4195160030897807
0.2,0.22314355131420976,G01,complementary,0.25,recurrent_1221,discover_develop,20261008,16.09085301477788,3.33731772993914,4.265601064353833,1.0552772071636138,3,"[[0.25,0.982820130816],[0.83616,0.8951424],[0.982820130816,0.25]]",3.4195160030897807
0.2,0.22314355131420976,G01,complementary,0.25,recurrent_1221,discover_develop,20261009,16.09085301477788,3.33731772993914,4.265601064353833,1.0552772071636138,3,"[[0.25,0.982820130816],[0.83616,0.8951424],[0.982820130816,0.25]]",3.4195160030897807
0.2,0.22314355131420976,G02,concentrated,0.25,alternating_1212,discover_develop,20261007,14.946387854498237,2.9714049725458445,4.377984315833576,0.890158378021101,7,"[[0.52,0.9194693632000001],[0.9463129088000001,0.68],[0.934464,0.934464]]",3.0529949748426484
0.2,0.22314355131420976,G02,concentrated,0.25,alternating_1212,discover_develop,20261008,14.946387854498237,2.9714049725458445,4.377984315833576,0.890158378021101,7,"[[0.52,0.9194693632000001],[0.9463129088000001,0.68],[0.934464,0.934464]]",3.0529949748426484
0.2,0.22314355131420976,G02,concentrated,0.25,alternating_1212,discover_develop,20261009,14.946387854498237,2.9714049725458445,4.377984315833576,0.890158378021101,7,"[[0.52,0.9194693632000001],[0.9463129088000001,0.68],[0.934464,0.934464]]",3.0529949748426484
0.2,0.22314355131420976,G02,concentrated,0.25,change_1122,discover_develop,20261007,15.498206606216376,2.9714049725458445,4.347431986250453,0.8709273834126136,7,"[[0.52,0.9194693632],[0.9463129088000001,0.68],[0.9475712,0.91808]]",3.0529949748426484
0.2,0.22314355131420976,G02,concentrated,0.25,change_1122,discover_develop,20261008,15.498206606216376,2.9714049725458445,4.347431986250453,0.8709273834126136,7,"[[0.52,0.9194693632],[0.9463129088000001,0.68],[0.9475712,0.91808]]",3.0529949748426484
0.2,0.22314355131420976,G02,concentrated,0.25,change_1122,discover_develop,20261009,15.498206606216376,2.9714049725458445,4.347431986250453,0.8709273834126136,7,"[[0.52,0.9194693632],[0.9463129088000001,0.68],[0.9475712,0.91808]]",3.0529949748426484
0.2,0.22314355131420976,G02,concentrated,0.25,persistent_theta1,discover_develop,20261007,17.284632647552787,2.9714049725458445,5.162279565387758,,7,"[[0.6928000000000001,0.8741708800000001],[0.965640261632,0.5],[0.97852516352,0.8]]",3.0529949748426484
0.2,0.22314355131420976,G02,concentrated,0.25,persistent_theta1,discover_develop,20261008,17.284632647552787,2.9714049725458445,5.162279565387758,,7,"[[0.6928000000000001,0.8741708800000001],[0.965640261632,0.5],[0.97852516352,0.8]]",3.0529949748426484
0.2,0.22314355131420976,G02,concentrated,0.25,persistent_theta1,discover_develop,20261009,17.284632647552787,2.9714049725458445,5.162279565387758,,7,"[[0.6928000000000001,0.8741708800000001],[0.965640261632,0.5],[0.97852516352,0.8]]",3.0529949748426484
0.2,0.22314355131420976,G02,concentrated,0.25,persistent_theta2,discover_develop,20261007,17.867631453111745,3.3294306185147007,5.242258272049684,,7,"[[0.25,0.948460392448],[0.9161139199999999,0.7952000000000001],[0.75,0.982820130816]]",3.0529949748426484
0.2,0.22314355131420976,G02,concentrated,0.25,persistent_theta2,discover_develop,20261008,17.867631453111745,3.3294306185147007,5.242258272049684,,7,"[[0.25,0.948460392448],[0.9161139199999999,0.7952000000000001],[0.75,0.982820130816]]",3.0529949748426484
0.2,0.22314355131420976,G02,concentrated,0.25,persistent_theta2,discover_develop,20261009,17.867631453111745,3.3294306185147007,5.242258272049684,,7,"[[0.25,0.948460392448],[0.9161139199999999,0.7952000000000001],[0.75,0.982820130816]]",3.0529949748426484
0.2,0.22314355131420976,G02,concentrated,0.25,recurrent_1221,discover_develop,20261007,15.443754667813538,2.9714049725458445,4.293291505671977,0.8694921687588066,7,"[[0.52,0.9194693632],[0.9463129088000001,0.68],[0.91808,0.9475712]]",3.0529949748426484
0.2,0.22314355131420976,G02,concentrated,0.25,recurrent_1221,discover_develop,20261008,15.443754667813538,2.9714049725458445,4.293291505671977,0.8694921687588066,7,"[[0.52,0.9194693632],[0.9463129088000001,0.68],[0.91808,0.9475712]]",3.0529949748426484
0.2,0.22314355131420976,G02,concentrated,0.25,recurrent_1221,discover_develop,20261009,15.443754667813538,2.9714049725458445,4.293291505671977,0.8694921687588066,7,"[[0.52,0.9194693632],[0.9463129088000001,0.68],[0.91808,0.9475712]]",3.0529949748426484
0.2,0.22314355131420976,G03,partial_overlap,0.25,alternating_1212,discover_develop,20261007,16.424744157462744,3.774480675943595,4.172814839409124,1.2356058074093965,3,"[[0.25,0.982820130816],[0.965640261632,0.25],[0.95805696,0.7952]]",3.3261829471342965
0.2,0.22314355131420976,G03,partial_overlap,0.25,alternating_1212,discover_develop,20261008,16.424744157462744,3.774480675943595,4.172814839409124,1.2356058074093965,3,"[[0.25,0.982820130816],[0.965640261632,0.25],[0.95805696,0.7952]]",3.3261829471342965
0.2,0.22314355131420976,G03,partial_overlap,0.25,alternating_1212,discover_develop,20261009,16.424744157462744,3.774480675943595,4.172814839409124,1.2356058074093965,3,"[[0.25,0.982820130816],[0.965640261632,0.25],[0.95805696,0.7952]]",3.3261829471342965
0.2,0.22314355131420976,G03,partial_overlap,0.25,change_1122,discover_develop,20261007,16.30379544828899,3.774480675943595,4.172814839409124,1.0856020548588012,3,"[[0.25,0.982820130816],[0.965640261632,0.25],[0.95805696,0.7952]]",3.3261829471342965
0.2,0.22314355131420976,G03,partial_overlap,0.25,change_1122,discover_develop,20261008,16.30379544828899,3.774480675943595,4.172814839409124,1.0856020548588012,3,"[[0.25,0.982820130816],[0.965640261632,0.25],[0.95805696,0.7952]]",3.3261829471342965
0.2,0.22314355131420976,G03,partial_overlap,0.25,change_1122,discover_develop,20261009,16.30379544828899,3.774480675943595,4.172814839409124,1.0856020548588012,3,"[[0.25,0.982820130816],[0.965640261632,0.25],[0.95805696,0.7952]]",3.3261829471342965
0.2,0.22314355131420976,G03,partial_overlap,0.25,persistent_theta1,discover_develop,20261007,18.3272121183521,3.774480675943595,5.110826180350145,,0,"[[0.25,0.982820130816],[0.965640261632,0.25],[0.982820130816,0.5]]",3.3261829471342965
0.2,0.22314355131420976,G03,partial_overlap,0.25,persistent_theta1,discover_develop,20261008,18.3272121183521,3.774480675943595,5.110826180350145,,0,"[[0.25,0.982820130816],[0.965640261632,0.25],[0.982820130816,0.5]]",3.3261829471342965
0.2,0.22314355131420976,G03,partial_overlap,0.25,persistent_theta1,discover_develop,20261009,18.3272121183521,3.774480675943595,5.110826180350145,,0,"[[0.25,0.982820130816],[0.965640261632,0.25],[0.982820130816,0.5]]",3.3261829471342965
0.2,0.22314355131420976,G03,partial_overlap,0.25,persistent_theta2,discover_develop,20261007,15.744807848131215,3.2439095274665206,4.418578567176744,,7,"[[0.25,0.982820130816],[0.965640261632,0.25],[0.8976000000000001,0.91611392]]",3.3261829471342965
0.2,0.22314355131420976,G03,partial_overlap,0.25,persistent_theta2,discover_develop,20261008,15.744807848131215,3.2439095274665206,4.418578567176744,,7,"[[0.25,0.982820130816],[0.965640261632,0.25],[0.8976000000000001,0.91611392]]",3.3261829471342965
0.2,0.22314355131420976,G03,partial_overlap,0.25,persistent_theta2,discover_develop,20261009,15.744807848131215,3.2439095274665206,4.418578567176744,,7,"[[0.25,0.982820130816],[0.965640261632,0.25],[0.8976000000000001,0.91611392]]",3.3261829471342965
0.2,0.22314355131420976,G03,partial_overlap,0.25,recurrent_1221,discover_develop,20261007,16.49711858103334,3.774480675943595,5.021776747548612,1.3269294122429283,4,"[[0.25,0.982820130816],[0.965640261632,0.25],[0.95805696,0.7952]]",3.3261829471342965
0.2,0.22314355131420976,G03,partial_overlap,0.25,recurrent_1221,discover_develop,20261008,16.49711858103334,3.774480675943595,5.021776747548612,1.3269294122429283,4,"[[0.25,0.982820130816],[0.965640261632,0.25],[0.95805696,0.7952]]",3.3261829471342965
0.2,0.22314355131420976,G03,partial_overlap,0.25,recurrent_1221,discover_develop,20261009,16.49711858103334,3.774480675943595,5.021776747548612,1.3269294122429283,4,"[[0.25,0.982820130816],[0.965640261632,0.25],[0.95805696,0.7952]]",3.3261829471342965
0.2,0.22314355131420976,G04,redundant,0.25,alternating_1212,discover_develop,20261007,16.25157557165611,3.774480675943595,4.170302641823921,1.2236142003518906,3,"[[0.25,0.982820130816],[0.93708544,0.744],[0.9597346816,0.6000000000000001]]",3.2959165245236783
0.2,0.22314355131420976,G04,redundant,0.25,alternating_1212,discover_develop,20261008,16.25157557165611,3.774480675943595,4.170302641823921,1.2236142003518906,3,"[[0.25,0.982820130816],[0.93708544,0.744],[0.9597346816,0.6000000000000001]]",3.2959165245236783
0.2,0.22314355131420976,G04,redundant,0.25,alternating_1212,discover_develop,20261009,16.25157557165611,3.774480675943595,4.170302641823921,1.2236142003518906,3,"[[0.25,0.982820130816],[0.93708544,0.744],[0.9597346816,0.6000000000000001]]",3.2959165245236783
0.2,0.22314355131420976,G04,redundant,0.25,change_1122,discover_develop,20261007,16.185952530642517,3.774480675943595,4.170302641823921,1.0856020548588012,3,"[[0.25,0.982820130816],[0.93708544,0.744],[0.9597346816,0.6000000000000001]]",3.2959165245236783
0.2,0.22314355131420976,G04,redundant,0.25,change_1122,discover_develop,20261008,16.185952530642517,3.774480675943595,4.170302641823921,1.0856020548588012,3,"[[0.25,0.982820130816],[0.93708544,0.744],[0.9597346816,0.6000000000000001]]",3.2959165245236783
0.2,0.22314355131420976,G04,redundant,0.25,change_1122,discover_develop,20261009,16.185952530642517,3.774480675943595,4.170302641823921,1.0856020548588012,3,"[[0.25,0.982820130816],[0.93708544,0.744],[0.9597346816,0.6000000000000001]]",3.2959165245236783
0.2,0.22314355131420976,G04,redundant,0.25,persistent_theta1,discover_develop,20261007,18.3272121183521,3.774480675943595,5.110826180350145,,0,"[[0.25,0.982820130816],[0.974230196224,0.375],[0.974230196224,0.375]]",3.2959165245236783
0.2,0.22314355131420976,G04,redundant,0.25,persistent_theta1,discover_develop,20261008,18.3272121183521,3.774480675943595,5.110826180350145,,0,"[[0.25,0.982820130816],[0.974230196224,0.375],[0.974230196224,0.375]]",3.2959165245236783
0.2,0.22314355131420976,G04,redundant,0.25,persistent_theta1,discover_develop,20261009,18.3272121183521,3.774480675943595,5.110826180350145,,0,"[[0.25,0.982820130816],[0.974230196224,0.375],[0.974230196224,0.375]]",3.2959165245236783
0.2,0.22314355131420976,G04,redundant,0.25,persistent_theta2,discover_develop,20261007,17.044360259994434,3.20194824216198,5.163807930377406,,7,"[[0.25,0.982820130816],[0.76,0.9328911360000001],[0.9370854399999999,0.7440000000000001]]",3.2959165245236783
0.2,0.22314355131420976,G04,redundant,0.25,persistent_theta2,discover_develop,20261008,17.044360259994434,3.20194824216198,5.163807930377406,,7,"[[0.25,0.982820130816],[0.76,0.9328911360000001],[0.9370854399999999,0.7440000000000001]]",3.2959165245236783
0.2,0.22314355131420976,G04,redundant,0.25,persistent_theta2,discover_develop,20261009,17.044360259994434,3.20194824216198,5.163807930377406,,7,"[[0.25,0.982820130816],[0.76,0.9328911360000001],[0.9370854399999999,0.7440000000000001]]",3.2959165245236783
0.2,0.22314355131420976,G04,redundant,0.25,recurrent_1221,discover_develop,20261007,16.31206281938293,3.774480675943595,4.924958183060761,1.3070748698559038,4,"[[0.25,0.982820130816],[0.93708544,0.744],[0.9597346816,0.6000000000000001]]",3.2959165245236783
0.2,0.22314355131420976,G04,redundant,0.25,recurrent_1221,discover_develop,20261008,16.31206281938293,3.774480675943595,4.924958183060761,1.3070748698559038,4,"[[0.25,0.982820130816],[0.93708544,0.744],[0.9597346816,0.6000000000000001]]",3.2959165245236783
0.2,0.22314355131420976,G04,redundant,0.25,recurrent_1221,discover_develop,20261009,16.31206281938293,3.774480675943595,4.924958183060761,1.3070748698559038,4,"[[0.25,0.982820130816],[0.93708544,0.744],[0.9597346816,0.6000000000000001]]",3.2959165245236783
0.2,0.22314355131420976,G05,complementary,0.5,alternating_1212,discover_develop,20261007,16.815603551498278,3.9526082581921695,4.413500917478556,1.1337945467521688,4,"[[0.0,1.0],[0.868928,0.868928],[1.0,0.0]]",4.175755076535925
0.2,0.22314355131420976,G05,complementary,0.5,alternating_1212,discover_develop,20261008,16.815603551498278,3.9526082581921695,4.413500917478556,1.1337945467521688,4,"[[0.0,1.0],[0.868928,0.868928],[1.0,0.0]]",4.175755076535925
0.2,0.22314355131420976,G05,complementary,0.5,alternating_1212,discover_develop,20261009,16.815603551498278,3.9526082581921695,4.413500917478556,1.1337945467521688,4,"[[0.0,1.0],[0.868928,0.868928],[1.0,0.0]]",4.175755076535925
0.2,0.22314355131420976,G05,complementary,0.5,change_1122,discover_develop,20261007,17.173470303602464,3.9526082581921695,4.348659223808362,1.1470623406663922,4,"[[0.0,1.0],[0.8951424,0.83616],[1.0,0.0]]",4.175755076535925
0.2,0.22314355131420976,G05,complementary,0.5,change_1122,discover_develop,20261008,17.173470303602464,3.9526082581921695,4.348659223808362,1.1470623406663922,4,"[[0.0,1.0],[0.8951424,0.83616],[1.0,0.0]]",4.175755076535925
0.2,0.22314355131420976,G05,complementary,0.5,change_1122,discover_develop,20261009,17.173470303602464,3.9526082581921695,4.348659223808362,1.1470623406663922,4,"[[0.0,1.0],[0.8951424,0.83616],[1.0,0.0]]",4.175755076535925
0.2,0.22314355131420976,G05,complementary,0.5,persistent_theta1,discover_develop,20261007,18.85805013915911,3.9526082581921695,5.163283628328132,,1,"[[0.0,1.0],[0.95705032704,0.6],[1.0,0.0]]",4.175755076535925
0.2,0.22314355131420976,G05,complementary,0.5,persistent_theta1,discover_develop,20261008,18.85805013915911,3.9526082581921695,5.163283628328132,,1,"[[0.0,1.0],[0.95705032704,0.6],[1.0,0.0]]",4.175755076535925
0.2,0.22314355131420976,G05,complementary,0.5,persistent_theta1,discover_develop,20261009,18.85805013915911,3.9526082581921695,5.163283628328132,,1,"[[0.0,1.0],[0.95705032704,0.6],[1.0,0.0]]",4.175755076535925
0.2,0.22314355131420976,G05,complementary,0.5,persistent_theta2,discover_develop,20261007,19.506306757212265,4.390657304044964,5.194189642841135,,0,"[[0.0,1.0],[0.5,0.965640261632],[1.0,0.0]]",4.175755076535925
0.2,0.22314355131420976,G05,complementary,0.5,persistent_theta2,discover_develop,20261008,19.506306757212265,4.390657304044964,5.194189642841135,,0,"[[0.0,1.0],[0.5,0.965640261632],[1.0,0.0]]",4.175755076535925
0.2,0.22314355131420976,G05,complementary,0.5,persistent_theta2,discover_develop,20261009,19.506306757212265,4.390657304044964,5.194189642841135,,0,"[[0.0,1.0],[0.5,0.965640261632],[1.0,0.0]]",4.175755076535925
0.2,0.22314355131420976,G05,complementary,0.5,recurrent_1221,discover_develop,20261007,17.267166303602465,3.9526082581921695,4.348659223808362,1.1370962487343412,3,"[[0.0,1.0],[0.83616,0.8951424],[1.0,0.0]]",4.175755076535925
0.2,0.22314355131420976,G05,complementary,0.5,recurrent_1221,discover_develop,20261008,17.267166303602465,3.9526082581921695,4.348659223808362,1.1370962487343412,3,"[[0.0,1.0],[0.83616,0.8951424],[1.0,0.0]]",4.175755076535925
0.2,0.22314355131420976,G05,complementary,0.5,recurrent_1221,discover_develop,20261009,17.267166303602465,3.9526082581921695,4.348659223808362,1.1370962487343412,3,"[[0.0,1.0],[0.83616,0.8951424],[1.0,0.0]]",4.175755076535925
0.2,0.22314355131420976,G06,concentrated,0.5,alternating_1212,develop_known,20261007,18.05286971838436,3.5114797788026175,5.3069717183764675,1.5611884180127866,3,"[[0.0,0.931280523264],[0.932891136,0.7440000000000001],[1.0,1.0]]",2.96665631459995
0.2,0.22314355131420976,G06,concentrated,0.5,alternating_1212,develop_known,20261008,18.05286971838436,3.5114797788026175,5.3069717183764675,1.5611884180127866,3,"[[0.0,0.931280523264],[0.932891136,0.7440000000000001],[1.0,1.0]]",2.96665631459995
0.2,0.22314355131420976,G06,concentrated,0.5,alternating_1212,develop_known,20261009,18.05286971838436,3.5114797788026175,5.3069717183764675,1.5611884180127866,3,"[[0.0,0.931280523264],[0.932891136,0.7440000000000001],[1.0,1.0]]",2.96665631459995
0.2,0.22314355131420976,G06,concentrated,0.5,alternating_1212,discover_develop,20261007,16.90008741550351,3.137753948782313,5.17198800432144,1.3194295988785731,7,"[[0.0,0.931280523264],[0.9463129088000001,0.68],[1.0,1.0]]",2.96665631459995
0.2,0.22314355131420976,G06,concentrated,0.5,alternating_1212,discover_develop,20261008,16.90008741550351,3.137753948782313,5.17198800432144,1.3194295988785731,7,"[[0.0,0.931280523264],[0.9463129088000001,0.68],[1.0,1.0]]",2.96665631459995
0.2,0.22314355131420976,G06,concentrated,0.5,alternating_1212,discover_develop,20261009,16.90008741550351,3.137753948782313,5.17198800432144,1.3194295988785731,7,"[[0.0,0.931280523264],[0.9463129088000001,0.68],[1.0,1.0]]",2.96665631459995
0.2,0.22314355131420976,G06,concentrated,0.5,alternating_1212,discover_only,20261007,10.256180185518648,2.564045046379662,2.864045046379662,0.7862741699796955,8,"[[0.0,0.0],[0.5,0.5],[1.0,1.0]]",2.96665631459995
0.2,0.22314355131420976,G06,concentrated,0.5,alternating_1212,discover_only,20261008,10.85618018551865,2.564045046379662,2.864045046379662,0.7862741699796955,7,"[[0.0,0.0],[0.5,0.5],[1.0,1.0]]",2.96665631459995
0.2,0.22314355131420976,G06,concentrated,0.5,alternating_1212,discover_only,20261009,10.85618018551865,2.564045046379662,2.864045046379662,0.7862741699796955,7,"[[0.0,0.0],[0.5,0.5],[1.0,1.0]]",2.96665631459995
0.2,0.22314355131420976,G06,concentrated,0.5,alternating_1212,static_known,20261007,11.866625258399798,2.96665631459995,2.96665631459995,0.9888854381999833,3,"[[0.0,0.0],[0.5,0.5],[1.0,1.0]]",2.96665631459995
0.2,0.22314355131420976,G06,concentrated,0.5,alternating_1212,static_known,20261008,11.866625258399798,2.96665631459995,2.96665631459995,0.9888854381999833,3,"[[0.0,0.0],[0.5,0.5],[1.0,1.0]]",2.96665631459995
0.2,0.22314355131420976,G06,concentrated,0.5,alternating_1212,static_known,20261009,11.866625258399798,2.96665631459995,2.96665631459995,0.9888854381999833,3,"[[0.0,0.0],[0.5,0.5],[1.0,1.0]]",2.96665631459995
0.2,0.22314355131420976,G06,concentrated,0.5,change_1122,develop_known,20261007,18.236993033987297,3.5114797788026175,5.3069717183764675,1.5869915902910463,1,"[[0.0,0.931280523264],[0.932891136,0.7440000000000001],[1.0,1.0]]",2.96665631459995
0.2,0.22314355131420976,G06,concentrated,0.5,change_1122,develop_known,20261008,18.236993033987297,3.5114797788026175,5.3069717183764675,1.5869915902910463,1,"[[0.0,0.931280523264],[0.932891136,0.7440000000000001],[1.0,1.0]]",2.96665631459995
0.2,0.22314355131420976,G06,concentrated,0.5,change_1122,develop_known,20261009,18.236993033987297,3.5114797788026175,5.3069717183764675,1.5869915902910463,1,"[[0.0,0.931280523264],[0.932891136,0.7440000000000001],[1.0,1.0]]",2.96665631459995
0.2,0.22314355131420976,G06,concentrated,0.5,change_1122,discover_develop,20261007,17.091806863549937,3.137753948782313,5.17198800432144,1.5402168839442332,7,"[[0.0,0.931280523264],[0.9463129088000001,0.68],[1.0,1.0]]",2.96665631459995
0.2,0.22314355131420976,G06,concentrated,0.5,change_1122,discover_develop,20261008,17.091806863549937,3.137753948782313,5.17198800432144,1.5402168839442332,7,"[[0.0,0.931280523264],[0.9463129088000001,0.68],[1.0,1.0]]",2.96665631459995
0.2,0.22314355131420976,G06,concentrated,0.5,change_1122,discover_develop,20261009,17.091806863549937,3.137753948782313,5.17198800432144,1.5402168839442332,7,"[[0.0,0.931280523264],[0.9463129088000001,0.68],[1.0,1.0]]",2.96665631459995
0.2,0.22314355131420976,G06,concentrated,0.5,change_1122,discover_only,20261007,10.85618018551865,2.564045046379662,2.864045046379662,0.8862741699796954,7,"[[0.0,0.0],[0.5,0.5],[1.0,1.0]]",2.96665631459995
0.2,0.22314355131420976,G06,concentrated,0.5,change_1122,discover_only,20261008,10.85618018551865,2.564045046379662,2.864045046379662,0.8862741699796954,7,"[[0.0,0.0],[0.5,0.5],[1.0,1.0]]",2.96665631459995
0.2,0.22314355131420976,G06,concentrated,0.5,change_1122,discover_only,20261009,10.256180185518648,2.564045046379662,2.864045046379662,0.8862741699796954,8,"[[0.0,0.0],[0.5,0.5],[1.0,1.0]]",2.96665631459995
0.2,0.22314355131420976,G06,concentrated,0.5,change_1122,static_known,20261007,11.866625258399798,2.96665631459995,2.96665631459995,0.9888854381999833,1,"[[0.0,0.0],[0.5,0.5],[1.0,1.0]]",2.96665631459995
0.2,0.22314355131420976,G06,concentrated,0.5,change_1122,static_known,20261008,11.866625258399798,2.96665631459995,2.96665631459995,0.9888854381999833,1,"[[0.0,0.0],[0.5,0.5],[1.0,1.0]]",2.96665631459995
0.2,0.22314355131420976,G06,concentrated,0.5,change_1122,static_known,20261009,11.866625258399798,2.96665631459995,2.96665631459995,0.9888854381999833,1,"[[0.0,0.0],[0.5,0.5],[1.0,1.0]]",2.96665631459995
0.2,0.22314355131420976,G06,concentrated,0.5,persistent_theta1,develop_known,20261007,18.00901142786124,3.5114797788026175,5.10585186511603,,0,"[[0.0,0.931280523264],[0.965640261632,0.5],[1.0,1.0]]",2.96665631459995
0.2,0.22314355131420976,G06,concentrated,0.5,persistent_theta1,develop_known,20261008,18.00901142786124,3.5114797788026175,5.10585186511603,,0,"[[0.0,0.931280523264],[0.965640261632,0.5],[1.0,1.0]]",2.96665631459995
0.2,0.22314355131420976,G06,concentrated,0.5,persistent_theta1,develop_known,20261009,18.00901142786124,3.5114797788026175,5.10585186511603,,0,"[[0.0,0.931280523264],[0.965640261632,0.5],[1.0,1.0]]",2.96665631459995
0.2,0.22314355131420976,G06,concentrated,0.5,persistent_theta1,discover_develop,20261007,15.90244213702912,3.137753948782313,4.514070541611595,,7,"[[0.0,0.931280523264],[0.965640261632,0.5],[1.0,1.0]]",2.96665631459995
0.2,0.22314355131420976,G06,concentrated,0.5,persistent_theta1,discover_develop,20261008,15.90244213702912,3.137753948782313,4.514070541611595,,7,"[[0.0,0.931280523264],[0.965640261632,0.5],[1.0,1.0]]",2.96665631459995
0.2,0.22314355131420976,G06,concentrated,0.5,persistent_theta1,discover_develop,20261009,15.90244213702912,3.137753948782313,4.514070541611595,,7,"[[0.0,0.931280523264],[0.965640261632,0.5],[1.0,1.0]]",2.96665631459995
0.2,0.22314355131420976,G06,concentrated,0.5,persistent_theta1,discover_only,20261007,9.656180185518648,2.564045046379662,2.564045046379662,,8,"[[0.0,0.0],[0.5,0.5],[1.0,1.0]]",2.96665631459995
0.2,0.22314355131420976,G06,concentrated,0.5,persistent_theta1,discover_only,20261008,10.256180185518648,2.564045046379662,2.564045046379662,,7,"[[0.0,0.0],[0.5,0.5],[1.0,1.0]]",2.96665631459995
0.2,0.22314355131420976,G06,concentrated,0.5,persistent_theta1,discover_only,20261009,10.256180185518648,2.564045046379662,2.564045046379662,,7,"[[0.0,0.0],[0.5,0.5],[1.0,1.0]]",2.96665631459995
0.2,0.22314355131420976,G06,concentrated,0.5,persistent_theta1,static_known,20261007,11.866625258399798,2.96665631459995,2.96665631459995,,0,"[[0.0,0.0],[0.5,0.5],[1.0,1.0]]",2.96665631459995
0.2,0.22314355131420976,G06,concentrated,0.5,persistent_theta1,static_known,20261008,11.866625258399798,2.96665631459995,2.96665631459995,,0,"[[0.0,0.0],[0.5,0.5],[1.0,1.0]]",2.96665631459995
0.2,0.22314355131420976,G06,concentrated,0.5,persistent_theta1,static_known,20261009,11.866625258399798,2.96665631459995,2.96665631459995,,0,"[[0.0,0.0],[0.5,0.5],[1.0,1.0]]",2.96665631459995
0.2,0.22314355131420976,G06,concentrated,0.5,persistent_theta2,develop_known,20261007,18.00901142786124,3.5114797788026175,5.10585186511603,,0,"[[0.931280523264,0.0],[0.5,0.965640261632],[1.0,1.0]]",2.96665631459995
0.2,0.22314355131420976,G06,concentrated,0.5,persistent_theta2,develop_known,20261008,18.00901142786124,3.5114797788026175,5.10585186511603,,0,"[[0.931280523264,0.0],[0.5,0.965640261632],[1.0,1.0]]",2.96665631459995
0.2,0.22314355131420976,G06,concentrated,0.5,persistent_theta2,develop_known,20261009,18.00901142786124,3.5114797788026175,5.10585186511603,,0,"[[0.931280523264,0.0],[0.5,0.965640261632],[1.0,1.0]]",2.96665631459995
0.2,0.22314355131420976,G06,concentrated,0.5,persistent_theta2,discover_develop,20261007,17.867631453111745,3.3294306185147007,5.242258272049684,,7,"[[0.0,0.931280523264],[0.9161139199999999,0.7952000000000001],[1.0,1.0]]",2.96665631459995
0.2,0.22314355131420976,G06,concentrated,0.5,persistent_theta2,discover_develop,20261008,17.867631453111745,3.3294306185147007,5.242258272049684,,7,"[[0.0,0.931280523264],[0.9161139199999999,0.7952000000000001],[1.0,1.0]]",2.96665631459995
0.2,0.22314355131420976,G06,concentrated,0.5,persistent_theta2,discover_develop,20261009,17.867631453111745,3.3294306185147007,5.242258272049684,,7,"[[0.0,0.931280523264],[0.9161139199999999,0.7952000000000001],[1.0,1.0]]",2.96665631459995
0.2,0.22314355131420976,G06,concentrated,0.5,persistent_theta2,discover_only,20261007,11.456180185518647,2.864045046379662,2.864045046379662,,7,"[[0.0,0.0],[0.5,0.5],[1.0,1.0]]",2.96665631459995
0.2,0.22314355131420976,G06,concentrated,0.5,persistent_theta2,discover_only,20261008,11.456180185518647,2.864045046379662,2.864045046379662,,7,"[[0.0,0.0],[0.5,0.5],[1.0,1.0]]",2.96665631459995
0.2,0.22314355131420976,G06,concentrated,0.5,persistent_theta2,discover_only,20261009,10.856180185518648,2.864045046379662,2.864045046379662,,8,"[[0.0,0.0],[0.5,0.5],[1.0,1.0]]",2.96665631459995
0.2,0.22314355131420976,G06,concentrated,0.5,persistent_theta2,static_known,20261007,11.866625258399798,2.96665631459995,2.96665631459995,,0,"[[0.0,0.0],[0.5,0.5],[1.0,1.0]]",2.96665631459995
0.2,0.22314355131420976,G06,concentrated,0.5,persistent_theta2,static_known,20261008,11.866625258399798,2.96665631459995,2.96665631459995,,0,"[[0.0,0.0],[0.5,0.5],[1.0,1.0]]",2.96665631459995
0.2,0.22314355131420976,G06,concentrated,0.5,persistent_theta2,static_known,20261009,11.866625258399798,2.96665631459995,2.96665631459995,,0,"[[0.0,0.0],[0.5,0.5],[1.0,1.0]]",2.96665631459995
0.2,0.22314355131420976,G06,concentrated,0.5,recurrent_1221,develop_known,20261007,17.96517371984369,3.5114797788026175,4.9889785166215965,1.5111508803087328,2,"[[0.0,0.931280523264],[0.932891136,0.7440000000000001],[1.0,1.0]]",2.96665631459995
0.2,0.22314355131420976,G06,concentrated,0.5,recurrent_1221,develop_known,20261008,17.96517371984369,3.5114797788026175,4.9889785166215965,1.5111508803087328,2,"[[0.0,0.931280523264],[0.932891136,0.7440000000000001],[1.0,1.0]]",2.96665631459995
0.2,0.22314355131420976,G06,concentrated,0.5,recurrent_1221,develop_known,20261009,17.96517371984369,3.5114797788026175,4.9889785166215965,1.5111508803087328,2,"[[0.0,0.931280523264],[0.932891136,0.7440000000000001],[1.0,1.0]]",2.96665631459995
0.2,0.22314355131420976,G06,concentrated,0.5,recurrent_1221,discover_develop,20261007,16.812869702407404,3.137753948782313,4.440557357222408,1.1899234810889792,7,"[[0.0,0.931280523264],[0.9463129088000001,0.68],[1.0,1.0]]",2.96665631459995
0.2,0.22314355131420976,G06,concentrated,0.5,recurrent_1221,discover_develop,20261008,16.812869702407404,3.137753948782313,4.440557357222408,1.1899234810889792,7,"[[0.0,0.931280523264],[0.9463129088000001,0.68],[1.0,1.0]]",2.96665631459995
0.2,0.22314355131420976,G06,concentrated,0.5,recurrent_1221,discover_develop,20261009,16.812869702407404,3.137753948782313,4.440557357222408,1.1899234810889792,7,"[[0.0,0.931280523264],[0.9463129088000001,0.68],[1.0,1.0]]",2.96665631459995
0.2,0.22314355131420976,G06,concentrated,0.5,recurrent_1221,discover_only,20261007,10.856180185518648,2.564045046379662,2.564045046379662,0.7362741699796955,7,"[[0.0,0.0],[0.5,0.5],[1.0,1.0]]",2.96665631459995
0.2,0.22314355131420976,G06,concentrated,0.5,recurrent_1221,discover_only,20261008,10.856180185518648,2.564045046379662,2.564045046379662,0.7362741699796955,7,"[[0.0,0.0],[0.5,0.5],[1.0,1.0]]",2.96665631459995
0.2,0.22314355131420976,G06,concentrated,0.5,recurrent_1221,discover_only,20261009,10.256180185518648,2.564045046379662,2.564045046379662,0.7362741699796955,8,"[[0.0,0.0],[0.5,0.5],[1.0,1.0]]",2.96665631459995
0.2,0.22314355131420976,G06,concentrated,0.5,recurrent_1221,static_known,20261007,11.866625258399798,2.96665631459995,2.96665631459995,0.9888854381999833,2,"[[0.0,0.0],[0.5,0.5],[1.0,1.0]]",2.96665631459995
0.2,0.22314355131420976,G06,concentrated,0.5,recurrent_1221,static_known,20261008,11.866625258399798,2.96665631459995,2.96665631459995,0.9888854381999833,2,"[[0.0,0.0],[0.5,0.5],[1.0,1.0]]",2.96665631459995
0.2,0.22314355131420976,G06,concentrated,0.5,recurrent_1221,static_known,20261009,11.866625258399798,2.96665631459995,2.96665631459995,0.9888854381999833,2,"[[0.0,0.0],[0.5,0.5],[1.0,1.0]]",2.96665631459995
0.2,0.22314355131420976,G07,partial_overlap,0.5,alternating_1212,develop_known,20261007,18.502546062304496,4.390657304044964,4.8031344965654945,1.5210120618576086,3,"[[0.0,1.0],[0.965640261632,0.0],[1.0,0.868928]]",3.9735697320844925
0.2,0.22314355131420976,G07,partial_overlap,0.5,alternating_1212,develop_known,20261008,18.502546062304496,4.390657304044964,4.8031344965654945,1.5210120618576086,3,"[[0.0,1.0],[0.965640261632,0.0],[1.0,0.868928]]",3.9735697320844925
0.2,0.22314355131420976,G07,partial_overlap,0.5,alternating_1212,develop_known,20261009,18.502546062304496,4.390657304044964,4.8031344965654945,1.5210120618576086,3,"[[0.0,1.0],[0.965640261632,0.0],[1.0,0.868928]]",3.9735697320844925
0.2,0.22314355131420976,G07,partial_overlap,0.5,alternating_1212,discover_develop,20261007,17.61475287333978,4.390657304044964,4.246600387645945,1.3227141632655661,3,"[[0.0,1.0],[0.965640261632,0.0],[1.0,0.7952]]",3.9735697320844925
0.2,0.22314355131420976,G07,partial_overlap,0.5,alternating_1212,discover_develop,20261008,17.61475287333978,4.390657304044964,4.246600387645945,1.3227141632655661,3,"[[0.0,1.0],[0.965640261632,0.0],[1.0,0.7952]]",3.9735697320844925
0.2,0.22314355131420976,G07,partial_overlap,0.5,alternating_1212,discover_develop,20261009,17.61475287333978,4.390657304044964,4.246600387645945,1.3227141632655661,3,"[[0.0,1.0],[0.965640261632,0.0],[1.0,0.7952]]",3.9735697320844925
0.2,0.22314355131420976,G07,partial_overlap,0.5,alternating_1212,discover_only,20261007,15.563859387606547,4.175755076535925,3.6061746172673486,1.1919183588453084,3,"[[0.0,1.0],[0.5,0.0],[1.0,0.5]]",3.9735697320844925
0.2,0.22314355131420976,G07,partial_overlap,0.5,alternating_1212,discover_only,20261008,15.563859387606547,4.175755076535925,3.6061746172673486,1.1919183588453084,3,"[[0.0,1.0],[0.5,0.0],[1.0,0.5]]",3.9735697320844925
0.2,0.22314355131420976,G07,partial_overlap,0.5,alternating_1212,discover_only,20261009,15.563859387606547,4.175755076535925,3.6061746172673486,1.1919183588453084,3,"[[0.0,1.0],[0.5,0.0],[1.0,0.5]]",3.9735697320844925
0.2,0.22314355131420976,G07,partial_overlap,0.5,alternating_1212,static_known,20261007,15.89427892833797,4.175755076535925,3.77138438763306,1.3020582057557828,3,"[[0.0,1.0],[0.5,0.0],[1.0,0.5]]",3.9735697320844925
0.2,0.22314355131420976,G07,partial_overlap,0.5,alternating_1212,static_known,20261008,15.89427892833797,4.175755076535925,3.77138438763306,1.3020582057557828,3,"[[0.0,1.0],[0.5,0.0],[1.0,0.5]]",3.9735697320844925
0.2,0.22314355131420976,G07,partial_overlap,0.5,alternating_1212,static_known,20261009,15.89427892833797,4.175755076535925,3.77138438763306,1.3020582057557828,3,"[[0.0,1.0],[0.5,0.0],[1.0,0.5]]",3.9735697320844925
0.2,0.22314355131420976,G07,partial_overlap,0.5,change_1122,develop_known,20261007,18.350675588706384,4.390657304044964,4.8031344965654945,1.3600889428679237,1,"[[0.0,1.0],[0.965640261632,0.0],[1.0,0.868928]]",3.9735697320844925
0.2,0.22314355131420976,G07,partial_overlap,0.5,change_1122,develop_known,20261008,18.350675588706384,4.390657304044964,4.8031344965654945,1.3600889428679237,1,"[[0.0,1.0],[0.965640261632,0.0],[1.0,0.868928]]",3.9735697320844925
0.2,0.22314355131420976,G07,partial_overlap,0.5,change_1122,develop_known,20261009,18.350675588706384,4.390657304044964,4.8031344965654945,1.3600889428679237,1,"[[0.0,1.0],[0.965640261632,0.0],[1.0,0.868928]]",3.9735697320844925
0.2,0.22314355131420976,G07,partial_overlap,0.5,change_1122,discover_develop,20261007,17.449349556425297,4.390657304044964,4.246600387645945,1.152225092770579,3,"[[0.0,1.0],[0.965640261632,0.0],[1.0,0.7952]]",3.9735697320844925
0.2,0.22314355131420976,G07,partial_overlap,0.5,change_1122,discover_develop,20261008,17.449349556425297,4.390657304044964,4.246600387645945,1.152225092770579,3,"[[0.0,1.0],[0.965640261632,0.0],[1.0,0.7952]]",3.9735697320844925
0.2,0.22314355131420976,G07,partial_overlap,0.5,change_1122,discover_develop,20261009,17.449349556425297,4.390657304044964,4.246600387645945,1.152225092770579,3,"[[0.0,1.0],[0.965640261632,0.0],[1.0,0.7952]]",3.9735697320844925
0.2,0.22314355131420976,G07,partial_overlap,0.5,change_1122,discover_only,20261007,15.233439846875125,4.175755076535925,3.6061746172673486,1.0919183588453085,1,"[[0.0,1.0],[0.5,0.0],[1.0,0.5]]",3.9735697320844925
0.2,0.22314355131420976,G07,partial_overlap,0.5,change_1122,discover_only,20261008,15.563859387606549,4.175755076535925,3.6061746172673486,1.0919183588453085,3,"[[0.0,1.0],[0.5,0.0],[1.0,0.5]]",3.9735697320844925
0.2,0.22314355131420976,G07,partial_overlap,0.5,change_1122,discover_only,20261009,15.563859387606549,4.175755076535925,3.6061746172673486,1.0919183588453085,3,"[[0.0,1.0],[0.5,0.0],[1.0,0.5]]",3.9735697320844925
0.2,0.22314355131420976,G07,partial_overlap,0.5,change_1122,static_known,20261007,15.894278928337972,4.175755076535925,3.77138438763306,1.2571281292110201,1,"[[0.0,1.0],[0.5,0.0],[1.0,0.5]]",3.9735697320844925
0.2,0.22314355131420976,G07,partial_overlap,0.5,change_1122,static_known,20261008,15.894278928337972,4.175755076535925,3.77138438763306,1.2571281292110201,1,"[[0.0,1.0],[0.5,0.0],[1.0,0.5]]",3.9735697320844925
0.2,0.22314355131420976,G07,partial_overlap,0.5,change_1122,static_known,20261009,15.894278928337972,4.175755076535925,3.77138438763306,1.2571281292110201,1,"[[0.0,1.0],[0.5,0.0],[1.0,0.5]]",3.9735697320844925
0.2,0.22314355131420976,G07,partial_overlap,0.5,persistent_theta1,develop_known,20261007,19.506306757212265,4.390657304044964,5.194189642841135,,0,"[[0.0,1.0],[0.965640261632,0.0],[1.0,0.5]]",3.9735697320844925
0.2,0.22314355131420976,G07,partial_overlap,0.5,persistent_theta1,develop_known,20261008,19.506306757212265,4.390657304044964,5.194189642841135,,0,"[[0.0,1.0],[0.965640261632,0.0],[1.0,0.5]]",3.9735697320844925
0.2,0.22314355131420976,G07,partial_overlap,0.5,persistent_theta1,develop_known,20261009,19.506306757212265,4.390657304044964,5.194189642841135,,0,"[[0.0,1.0],[0.965640261632,0.0],[1.0,0.5]]",3.9735697320844925
0.2,0.22314355131420976,G07,partial_overlap,0.5,persistent_theta1,discover_develop,20261007,19.506306757212265,4.390657304044964,5.194189642841135,,0,"[[0.0,1.0],[0.965640261632,0.0],[1.0,0.5]]",3.9735697320844925
0.2,0.22314355131420976,G07,partial_overlap,0.5,persistent_theta1,discover_develop,20261008,19.506306757212265,4.390657304044964,5.194189642841135,,0,"[[0.0,1.0],[0.965640261632,0.0],[1.0,0.5]]",3.9735697320844925
0.2,0.22314355131420976,G07,partial_overlap,0.5,persistent_theta1,discover_develop,20261009,19.506306757212265,4.390657304044964,5.194189642841135,,0,"[[0.0,1.0],[0.965640261632,0.0],[1.0,0.5]]",3.9735697320844925
0.2,0.22314355131420976,G07,partial_overlap,0.5,persistent_theta1,discover_only,20261007,16.703020306143696,4.175755076535925,4.175755076535925,,0,"[[0.0,1.0],[0.5,0.0],[1.0,0.5]]",3.9735697320844925
0.2,0.22314355131420976,G07,partial_overlap,0.5,persistent_theta1,discover_only,20261008,16.703020306143696,4.175755076535925,4.175755076535925,,0,"[[0.0,1.0],[0.5,0.0],[1.0,0.5]]",3.9735697320844925
0.2,0.22314355131420976,G07,partial_overlap,0.5,persistent_theta1,discover_only,20261009,16.703020306143696,4.175755076535925,4.175755076535925,,0,"[[0.0,1.0],[0.5,0.0],[1.0,0.5]]",3.9735697320844925
0.2,0.22314355131420976,G07,partial_overlap,0.5,persistent_theta1,static_known,20261007,16.703020306143696,4.175755076535925,4.175755076535925,,0,"[[0.0,1.0],[0.5,0.0],[1.0,0.5]]",3.9735697320844925
0.2,0.22314355131420976,G07,partial_overlap,0.5,persistent_theta1,static_known,20261008,16.703020306143696,4.175755076535925,4.175755076535925,,0,"[[0.0,1.0],[0.5,0.0],[1.0,0.5]]",3.9735697320844925
0.2,0.22314355131420976,G07,partial_overlap,0.5,persistent_theta1,static_known,20261009,16.703020306143696,4.175755076535925,4.175755076535925,,0,"[[0.0,1.0],[0.5,0.0],[1.0,0.5]]",3.9735697320844925
0.2,0.22314355131420976,G07,partial_overlap,0.5,persistent_theta2,develop_known,20261007,18.883346548968746,4.063088780213985,5.150584381347421,,0,"[[0.0,1.0],[0.965640261632,0.0],[1.0,0.965640261632]]",3.9735697320844925
0.2,0.22314355131420976,G07,partial_overlap,0.5,persistent_theta2,develop_known,20261008,18.883346548968746,4.063088780213985,5.150584381347421,,0,"[[0.0,1.0],[0.965640261632,0.0],[1.0,0.965640261632]]",3.9735697320844925
0.2,0.22314355131420976,G07,partial_overlap,0.5,persistent_theta2,develop_known,20261009,18.883346548968746,4.063088780213985,5.150584381347421,,0,"[[0.0,1.0],[0.965640261632,0.0],[1.0,0.965640261632]]",3.9735697320844925
0.2,0.22314355131420976,G07,partial_overlap,0.5,persistent_theta2,discover_develop,20261007,16.783038029565144,3.764480177367849,4.503870393641774,,7,"[[0.0,1.0],[0.965640261632,0.0],[1.0,0.91611392]]",3.9735697320844925
0.2,0.22314355131420976,G07,partial_overlap,0.5,persistent_theta2,discover_develop,20261008,16.783038029565144,3.764480177367849,4.503870393641774,,7,"[[0.0,1.0],[0.965640261632,0.0],[1.0,0.91611392]]",3.9735697320844925
0.2,0.22314355131420976,G07,partial_overlap,0.5,persistent_theta2,discover_develop,20261009,16.783038029565144,3.764480177367849,4.503870393641774,,7,"[[0.0,1.0],[0.965640261632,0.0],[1.0,0.91611392]]",3.9735697320844925
0.2,0.22314355131420976,G07,partial_overlap,0.5,persistent_theta2,discover_only,20261007,14.094278928337973,3.6061746172673486,3.6061746172673486,,5,"[[0.0,1.0],[0.5,0.0],[1.0,0.5]]",3.9735697320844925
0.2,0.22314355131420976,G07,partial_overlap,0.5,persistent_theta2,discover_only,20261008,14.424698469069396,3.6061746172673486,3.6061746172673486,,7,"[[0.0,1.0],[0.5,0.0],[1.0,0.5]]",3.9735697320844925
0.2,0.22314355131420976,G07,partial_overlap,0.5,persistent_theta2,discover_only,20261009,14.424698469069396,3.6061746172673486,3.6061746172673486,,7,"[[0.0,1.0],[0.5,0.0],[1.0,0.5]]",3.9735697320844925
0.2,0.22314355131420976,G07,partial_overlap,0.5,persistent_theta2,static_known,20261007,15.085537550532242,3.77138438763306,3.77138438763306,,0,"[[0.0,1.0],[0.5,0.0],[1.0,0.5]]",3.9735697320844925
0.2,0.22314355131420976,G07,partial_overlap,0.5,persistent_theta2,static_known,20261008,15.085537550532242,3.77138438763306,3.77138438763306,,0,"[[0.0,1.0],[0.5,0.0],[1.0,0.5]]",3.9735697320844925
0.2,0.22314355131420976,G07,partial_overlap,0.5,persistent_theta2,static_known,20261009,15.085537550532242,3.77138438763306,3.77138438763306,,0,"[[0.0,1.0],[0.5,0.0],[1.0,0.5]]",3.9735697320844925
0.2,0.22314355131420976,G07,partial_overlap,0.5,recurrent_1221,develop_known,20261007,18.57937945344547,4.390657304044964,5.194189642841135,1.5248761337389802,2,"[[0.0,1.0],[0.965640261632,0.0],[1.0,0.868928]]",3.9735697320844925
0.2,0.22314355131420976,G07,partial_overlap,0.5,recurrent_1221,develop_known,20261008,18.57937945344547,4.390657304044964,5.194189642841135,1.5248761337389802,2,"[[0.0,1.0],[0.965640261632,0.0],[1.0,0.868928]]",3.9735697320844925
0.2,0.22314355131420976,G07,partial_overlap,0.5,recurrent_1221,develop_known,20261009,18.57937945344547,4.390657304044964,5.194189642841135,1.5248761337389802,2,"[[0.0,1.0],[0.965640261632,0.0],[1.0,0.868928]]",3.9735697320844925
0.2,0.22314355131420976,G07,partial_overlap,0.5,recurrent_1221,discover_develop,20261007,17.6990105740992,4.390657304044964,5.194189642841135,1.4271476393130595,4,"[[0.0,1.0],[0.965640261632,0.0],[1.0,0.7952]]",3.9735697320844925
0.2,0.22314355131420976,G07,partial_overlap,0.5,recurrent_1221,discover_develop,20261008,17.6990105740992,4.390657304044964,5.194189642841135,1.4271476393130595,4,"[[0.0,1.0],[0.965640261632,0.0],[1.0,0.7952]]",3.9735697320844925
0.2,0.22314355131420976,G07,partial_overlap,0.5,recurrent_1221,discover_develop,20261009,17.6990105740992,4.390657304044964,5.194189642841135,1.4271476393130595,4,"[[0.0,1.0],[0.965640261632,0.0],[1.0,0.7952]]",3.9735697320844925
0.2,0.22314355131420976,G07,partial_overlap,0.5,recurrent_1221,discover_only,20261007,15.233439846875124,4.175755076535925,4.175755076535925,1.2419183588453084,2,"[[0.0,1.0],[0.5,0.0],[1.0,0.5]]",3.9735697320844925
0.2,0.22314355131420976,G07,partial_overlap,0.5,recurrent_1221,discover_only,20261008,15.563859387606547,4.175755076535925,4.175755076535925,1.2419183588453084,4,"[[0.0,1.0],[0.5,0.0],[1.0,0.5]]",3.9735697320844925
0.2,0.22314355131420976,G07,partial_overlap,0.5,recurrent_1221,discover_only,20261009,15.563859387606547,4.175755076535925,4.175755076535925,1.2419183588453084,4,"[[0.0,1.0],[0.5,0.0],[1.0,0.5]]",3.9735697320844925
0.2,0.22314355131420976,G07,partial_overlap,0.5,recurrent_1221,static_known,20261007,15.89427892833797,4.175755076535925,4.175755076535925,1.3245232440281642,2,"[[0.0,1.0],[0.5,0.0],[1.0,0.5]]",3.9735697320844925
0.2,0.22314355131420976,G07,partial_overlap,0.5,recurrent_1221,static_known,20261008,15.89427892833797,4.175755076535925,4.175755076535925,1.3245232440281642,2,"[[0.0,1.0],[0.5,0.0],[1.0,0.5]]",3.9735697320844925
0.2,0.22314355131420976,G07,partial_overlap,0.5,recurrent_1221,static_known,20261009,15.89427892833797,4.175755076535925,4.175755076535925,1.3245232440281642,2,"[[0.0,1.0],[0.5,0.0],[1.0,0.5]]",3.9735697320844925
0.2,0.22314355131420976,G08,redundant,0.5,alternating_1212,develop_known,20261007,17.785604274967838,4.390657304044964,4.586953542795264,1.4226690503145372,3,"[[0.0,1.0],[0.934464,0.8033919999999999],[0.982820130816,0.25]]",3.7976355398128527
0.2,0.22314355131420976,G08,redundant,0.5,alternating_1212,develop_known,20261008,17.785604274967838,4.390657304044964,4.586953542795264,1.4226690503145372,3,"[[0.0,1.0],[0.934464,0.8033919999999999],[0.982820130816,0.25]]",3.7976355398128527
0.2,0.22314355131420976,G08,redundant,0.5,alternating_1212,develop_known,20261009,17.785604274967838,4.390657304044964,4.586953542795264,1.4226690503145372,3,"[[0.0,1.0],[0.934464,0.8033919999999999],[0.982820130816,0.25]]",3.7976355398128527
0.2,0.22314355131420976,G08,redundant,0.5,alternating_1212,discover_develop,20261007,17.037545544596377,4.390657304044964,4.035971583658647,1.312427045683915,3,"[[0.0,1.0],[0.95805696,0.6927999999999999],[0.982820130816,0.25]]",3.7976355398128527
0.2,0.22314355131420976,G08,redundant,0.5,alternating_1212,discover_develop,20261008,17.037545544596377,4.390657304044964,4.035971583658647,1.312427045683915,3,"[[0.0,1.0],[0.95805696,0.6927999999999999],[0.982820130816,0.25]]",3.7976355398128527
0.2,0.22314355131420976,G08,redundant,0.5,alternating_1212,discover_develop,20261009,17.037545544596377,4.390657304044964,4.035971583658647,1.312427045683915,3,"[[0.0,1.0],[0.95805696,0.6927999999999999],[0.982820130816,0.25]]",3.7976355398128527
0.2,0.22314355131420976,G08,redundant,0.5,alternating_1212,discover_only,20261007,15.046781232697555,4.175755076535925,3.3236753853872107,1.1919183588453084,3,"[[0.0,1.0],[0.75,0.25],[0.75,0.25]]",3.7976355398128527
0.2,0.22314355131420976,G08,redundant,0.5,alternating_1212,discover_only,20261008,15.09470154154884,4.175755076535925,3.3715956942384953,1.1919183588453084,3,"[[0.0,1.0],[0.75,0.25],[0.75,0.25]]",3.7976355398128527
0.2,0.22314355131420976,G08,redundant,0.5,alternating_1212,discover_only,20261009,15.09470154154884,4.175755076535925,3.3715956942384953,1.1919183588453084,3,"[[0.0,1.0],[0.75,0.25],[0.75,0.25]]",3.7976355398128527
0.2,0.22314355131420976,G08,redundant,0.5,alternating_1212,static_known,20261007,15.190542159251411,4.175755076535925,3.4195160030897807,1.2238652314128318,3,"[[0.0,1.0],[0.75,0.25],[0.75,0.25]]",3.7976355398128527
0.2,0.22314355131420976,G08,redundant,0.5,alternating_1212,static_known,20261008,15.190542159251411,4.175755076535925,3.4195160030897807,1.2238652314128318,3,"[[0.0,1.0],[0.75,0.25],[0.75,0.25]]",3.7976355398128527
0.2,0.22314355131420976,G08,redundant,0.5,alternating_1212,static_known,20261009,15.190542159251411,4.175755076535925,3.4195160030897807,1.2238652314128318,3,"[[0.0,1.0],[0.75,0.25],[0.75,0.25]]",3.7976355398128527
0.2,0.22314355131420976,G08,redundant,0.5,change_1122,develop_known,20261007,17.70578588797881,4.390657304044964,4.586953542795264,1.183227359332888,1,"[[0.0,1.0],[0.934464,0.8033919999999999],[0.982820130816,0.25]]",3.7976355398128527
0.2,0.22314355131420976,G08,redundant,0.5,change_1122,develop_known,20261008,17.70578588797881,4.390657304044964,4.586953542795264,1.183227359332888,1,"[[0.0,1.0],[0.934464,0.8033919999999999],[0.982820130816,0.25]]",3.7976355398128527
0.2,0.22314355131420976,G08,redundant,0.5,change_1122,develop_known,20261009,17.70578588797881,4.390657304044964,4.586953542795264,1.183227359332888,1,"[[0.0,1.0],[0.934464,0.8033919999999999],[0.982820130816,0.25]]",3.7976355398128527
0.2,0.22314355131420976,G08,redundant,0.5,change_1122,discover_develop,20261007,16.915141068381978,4.390657304044964,4.035971583658647,1.152225092770579,3,"[[0.0,1.0],[0.95805696,0.6927999999999999],[0.982820130816,0.25]]",3.7976355398128527
0.2,0.22314355131420976,G08,redundant,0.5,change_1122,discover_develop,20261008,16.915141068381978,4.390657304044964,4.035971583658647,1.152225092770579,3,"[[0.0,1.0],[0.95805696,0.6927999999999999],[0.982820130816,0.25]]",3.7976355398128527
0.2,0.22314355131420976,G08,redundant,0.5,change_1122,discover_develop,20261009,16.915141068381978,4.390657304044964,4.035971583658647,1.152225092770579,3,"[[0.0,1.0],[0.95805696,0.6927999999999999],[0.982820130816,0.25]]",3.7976355398128527
0.2,0.22314355131420976,G08,redundant,0.5,change_1122,discover_only,20261007,14.950940614994987,4.175755076535925,3.3236753853872107,1.0919183588453085,1,"[[0.0,1.0],[0.75,0.25],[0.75,0.25]]",3.7976355398128527
0.2,0.22314355131420976,G08,redundant,0.5,change_1122,discover_only,20261008,15.094701541548844,4.175755076535925,3.3715956942384953,1.0919183588453085,3,"[[0.0,1.0],[0.75,0.25],[0.75,0.25]]",3.7976355398128527
0.2,0.22314355131420976,G08,redundant,0.5,change_1122,discover_only,20261009,15.094701541548844,4.175755076535925,3.3715956942384953,1.0919183588453085,3,"[[0.0,1.0],[0.75,0.25],[0.75,0.25]]",3.7976355398128527
0.2,0.22314355131420976,G08,redundant,0.5,change_1122,static_known,20261007,15.190542159251414,4.175755076535925,3.4195160030897807,1.1398386676965935,1,"[[0.0,1.0],[0.75,0.25],[0.75,0.25]]",3.7976355398128527
0.2,0.22314355131420976,G08,redundant,0.5,change_1122,static_known,20261008,15.190542159251414,4.175755076535925,3.4195160030897807,1.1398386676965935,1,"[[0.0,1.0],[0.75,0.25],[0.75,0.25]]",3.7976355398128527
0.2,0.22314355131420976,G08,redundant,0.5,change_1122,static_known,20261009,15.190542159251414,4.175755076535925,3.4195160030897807,1.1398386676965935,1,"[[0.0,1.0],[0.75,0.25],[0.75,0.25]]",3.7976355398128527
0.2,0.22314355131420976,G08,redundant,0.5,persistent_theta1,develop_known,20261007,19.506306757212265,4.390657304044964,5.194189642841135,,0,"[[0.0,1.0],[0.982820130816,0.25],[0.982820130816,0.25]]",3.7976355398128527
0.2,0.22314355131420976,G08,redundant,0.5,persistent_theta1,develop_known,20261008,19.506306757212265,4.390657304044964,5.194189642841135,,0,"[[0.0,1.0],[0.982820130816,0.25],[0.982820130816,0.25]]",3.7976355398128527
0.2,0.22314355131420976,G08,redundant,0.5,persistent_theta1,develop_known,20261009,19.506306757212265,4.390657304044964,5.194189642841135,,0,"[[0.0,1.0],[0.982820130816,0.25],[0.982820130816,0.25]]",3.7976355398128527
0.2,0.22314355131420976,G08,redundant,0.5,persistent_theta1,discover_develop,20261007,19.506306757212265,4.390657304044964,5.194189642841135,,0,"[[0.0,1.0],[0.982820130816,0.25],[0.982820130816,0.25]]",3.7976355398128527
0.2,0.22314355131420976,G08,redundant,0.5,persistent_theta1,discover_develop,20261008,19.506306757212265,4.390657304044964,5.194189642841135,,0,"[[0.0,1.0],[0.982820130816,0.25],[0.982820130816,0.25]]",3.7976355398128527
0.2,0.22314355131420976,G08,redundant,0.5,persistent_theta1,discover_develop,20261009,19.506306757212265,4.390657304044964,5.194189642841135,,0,"[[0.0,1.0],[0.982820130816,0.25],[0.982820130816,0.25]]",3.7976355398128527
0.2,0.22314355131420976,G08,redundant,0.5,persistent_theta1,discover_only,20261007,16.703020306143696,4.175755076535925,4.175755076535925,,0,"[[0.0,1.0],[0.75,0.25],[0.75,0.25]]",3.7976355398128527
0.2,0.22314355131420976,G08,redundant,0.5,persistent_theta1,discover_only,20261008,16.703020306143696,4.175755076535925,4.175755076535925,,0,"[[0.0,1.0],[0.75,0.25],[0.75,0.25]]",3.7976355398128527
0.2,0.22314355131420976,G08,redundant,0.5,persistent_theta1,discover_only,20261009,16.703020306143696,4.175755076535925,4.175755076535925,,0,"[[0.0,1.0],[0.75,0.25],[0.75,0.25]]",3.7976355398128527
0.2,0.22314355131420976,G08,redundant,0.5,persistent_theta1,static_known,20261007,16.703020306143696,4.175755076535925,4.175755076535925,,0,"[[0.0,1.0],[0.75,0.25],[0.75,0.25]]",3.7976355398128527
0.2,0.22314355131420976,G08,redundant,0.5,persistent_theta1,static_known,20261008,16.703020306143696,4.175755076535925,4.175755076535925,,0,"[[0.0,1.0],[0.75,0.25],[0.75,0.25]]",3.7976355398128527
0.2,0.22314355131420976,G08,redundant,0.5,persistent_theta1,static_known,20261009,16.703020306143696,4.175755076535925,4.175755076535925,,0,"[[0.0,1.0],[0.75,0.25],[0.75,0.25]]",3.7976355398128527
0.2,0.22314355131420976,G08,redundant,0.5,persistent_theta2,develop_known,20261007,18.3272121183521,3.774480675943595,5.110826180350145,,0,"[[0.0,1.0],[0.75,0.948460392448],[0.982820130816,0.25]]",3.7976355398128527
0.2,0.22314355131420976,G08,redundant,0.5,persistent_theta2,develop_known,20261008,18.3272121183521,3.774480675943595,5.110826180350145,,0,"[[0.0,1.0],[0.75,0.948460392448],[0.982820130816,0.25]]",3.7976355398128527
0.2,0.22314355131420976,G08,redundant,0.5,persistent_theta2,develop_known,20261009,18.3272121183521,3.774480675943595,5.110826180350145,,0,"[[0.0,1.0],[0.75,0.948460392448],[0.982820130816,0.25]]",3.7976355398128527
0.2,0.22314355131420976,G08,redundant,0.5,persistent_theta2,discover_develop,20261007,16.13674423452707,3.5205376666654935,4.412620365816595,,7,"[[0.0,1.0],[0.8976000000000001,0.87417088],[0.982820130816,0.25]]",3.7976355398128527
0.2,0.22314355131420976,G08,redundant,0.5,persistent_theta2,discover_develop,20261008,16.13674423452707,3.5205376666654935,4.412620365816595,,7,"[[0.0,1.0],[0.8976000000000001,0.87417088],[0.982820130816,0.25]]",3.7976355398128527
0.2,0.22314355131420976,G08,redundant,0.5,persistent_theta2,discover_develop,20261009,16.13674423452707,3.5205376666654935,4.412620365816595,,7,"[[0.0,1.0],[0.8976000000000001,0.87417088],[0.982820130816,0.25]]",3.7976355398128527
0.2,0.22314355131420976,G08,redundant,0.5,persistent_theta2,discover_only,20261007,13.342621850400128,3.3715956942384953,3.3236753853872107,,5,"[[0.0,1.0],[0.75,0.25],[0.75,0.25]]",3.7976355398128527
0.2,0.22314355131420976,G08,redundant,0.5,persistent_theta2,discover_only,20261008,13.486382776953985,3.3715956942384953,3.3715956942384953,,7,"[[0.0,1.0],[0.75,0.25],[0.75,0.25]]",3.7976355398128527
0.2,0.22314355131420976,G08,redundant,0.5,persistent_theta2,discover_only,20261009,13.486382776953985,3.3715956942384953,3.3715956942384953,,7,"[[0.0,1.0],[0.75,0.25],[0.75,0.25]]",3.7976355398128527
0.2,0.22314355131420976,G08,redundant,0.5,persistent_theta2,static_known,20261007,13.678064012359124,3.4195160030897807,3.4195160030897807,,0,"[[0.0,1.0],[0.75,0.25],[0.75,0.25]]",3.7976355398128527
0.2,0.22314355131420976,G08,redundant,0.5,persistent_theta2,static_known,20261008,13.678064012359124,3.4195160030897807,3.4195160030897807,,0,"[[0.0,1.0],[0.75,0.25],[0.75,0.25]]",3.7976355398128527
0.2,0.22314355131420976,G08,redundant,0.5,persistent_theta2,static_known,20261009,13.678064012359124,3.4195160030897807,3.4195160030897807,,0,"[[0.0,1.0],[0.75,0.25],[0.75,0.25]]",3.7976355398128527
0.2,0.22314355131420976,G08,redundant,0.5,recurrent_1221,develop_known,20261007,17.82508785456675,4.390657304044964,5.019979570069475,1.4097303505946348,2,"[[0.0,1.0],[0.934464,0.8033919999999999],[0.982820130816,0.25]]",3.7976355398128527
0.2,0.22314355131420976,G08,redundant,0.5,recurrent_1221,develop_known,20261008,17.82508785456675,4.390657304044964,5.019979570069475,1.4097303505946348,2,"[[0.0,1.0],[0.934464,0.8033919999999999],[0.982820130816,0.25]]",3.7976355398128527
0.2,0.22314355131420976,G08,redundant,0.5,recurrent_1221,develop_known,20261009,17.82508785456675,4.390657304044964,5.019979570069475,1.4097303505946348,2,"[[0.0,1.0],[0.934464,0.8033919999999999],[0.982820130816,0.25]]",3.7976355398128527
0.2,0.22314355131420976,G08,redundant,0.5,recurrent_1221,discover_develop,20261007,17.110321133265536,4.390657304044964,5.105046426086821,1.4088699664792723,4,"[[0.0,1.0],[0.95805696,0.6927999999999999],[0.982820130816,0.25]]",3.7976355398128527
0.2,0.22314355131420976,G08,redundant,0.5,recurrent_1221,discover_develop,20261008,17.110321133265536,4.390657304044964,5.105046426086821,1.4088699664792723,4,"[[0.0,1.0],[0.95805696,0.6927999999999999],[0.982820130816,0.25]]",3.7976355398128527
0.2,0.22314355131420976,G08,redundant,0.5,recurrent_1221,discover_develop,20261009,17.110321133265536,4.390657304044964,5.105046426086821,1.4088699664792723,4,"[[0.0,1.0],[0.95805696,0.6927999999999999],[0.982820130816,0.25]]",3.7976355398128527
0.2,0.22314355131420976,G08,redundant,0.5,recurrent_1221,discover_only,20261007,14.99886092384627,4.175755076535925,4.175755076535925,1.2419183588453084,2,"[[0.0,1.0],[0.75,0.25],[0.75,0.25]]",3.7976355398128527
0.2,0.22314355131420976,G08,redundant,0.5,recurrent_1221,discover_only,20261008,15.09470154154884,4.175755076535925,4.175755076535925,1.2419183588453084,4,"[[0.0,1.0],[0.75,0.25],[0.75,0.25]]",3.7976355398128527
0.2,0.22314355131420976,G08,redundant,0.5,recurrent_1221,discover_only,20261009,15.09470154154884,4.175755076535925,4.175755076535925,1.2419183588453084,4,"[[0.0,1.0],[0.75,0.25],[0.75,0.25]]",3.7976355398128527
0.2,0.22314355131420976,G08,redundant,0.5,recurrent_1221,static_known,20261007,15.19054215925141,4.175755076535925,4.175755076535925,1.265878513270951,2,"[[0.0,1.0],[0.75,0.25],[0.75,0.25]]",3.7976355398128527
0.2,0.22314355131420976,G08,redundant,0.5,recurrent_1221,static_known,20261008,15.19054215925141,4.175755076535925,4.175755076535925,1.265878513270951,2,"[[0.0,1.0],[0.75,0.25],[0.75,0.25]]",3.7976355398128527
0.2,0.22314355131420976,G08,redundant,0.5,recurrent_1221,static_known,20261009,15.19054215925141,4.175755076535925,4.175755076535925,1.265878513270951,2,"[[0.0,1.0],[0.75,0.25],[0.75,0.25]]",3.7976355398128527
0.35,0.4307829160924542,G00,generalist,0.0,alternating_1212,develop_known,20261007,18.871596233261847,3.776635689839373,5.435709640717989,1.567540802799581,3,"[[0.8626874999999999,0.9896440435810547],[0.9622905546875,0.9622905546875],[0.9896440435810547,0.8626874999999999]]",2.96665631459995
0.35,0.4307829160924542,G00,generalist,0.0,alternating_1212,develop_known,20261008,18.871596233261847,3.776635689839373,5.435709640717989,1.567540802799581,3,"[[0.8626874999999999,0.9896440435810547],[0.9622905546875,0.9622905546875],[0.9896440435810547,0.8626874999999999]]",2.96665631459995
0.35,0.4307829160924542,G00,generalist,0.0,alternating_1212,develop_known,20261009,18.871596233261847,3.776635689839373,5.435709640717989,1.567540802799581,3,"[[0.8626874999999999,0.9896440435810547],[0.9622905546875,0.9622905546875],[0.9896440435810547,0.8626874999999999]]",2.96665631459995
0.35,0.4307829160924542,G00,generalist,0.0,alternating_1212,discover_develop,20261007,16.50481801864916,3.134294138130271,4.7587762862378975,1.05611326608664,7,"[[0.78875,0.9932686283276856],[0.9622905546875,0.9622905546875],[0.9932686283276856,0.78875]]",2.96665631459995
0.35,0.4307829160924542,G00,generalist,0.0,alternating_1212,discover_develop,20261008,16.50481801864916,3.134294138130271,4.7587762862378975,1.05611326608664,7,"[[0.78875,0.9932686283276856],[0.9622905546875,0.9622905546875],[0.9932686283276856,0.78875]]",2.96665631459995
0.35,0.4307829160924542,G00,generalist,0.0,alternating_1212,discover_develop,20261009,16.50481801864916,3.134294138130271,4.7587762862378975,1.05611326608664,7,"[[0.78875,0.9932686283276856],[0.9622905546875,0.9622905546875],[0.9932686283276856,0.78875]]",2.96665631459995
0.35,0.4307829160924542,G00,generalist,0.0,alternating_1212,discover_only,20261007,10.256180185518648,2.564045046379662,2.864045046379662,0.7862741699796955,8,"[[0.5,0.5],[0.5,0.5],[0.5,0.5]]",2.96665631459995
0.35,0.4307829160924542,G00,generalist,0.0,alternating_1212,discover_only,20261008,10.85618018551865,2.564045046379662,2.864045046379662,0.7862741699796955,7,"[[0.5,0.5],[0.5,0.5],[0.5,0.5]]",2.96665631459995
0.35,0.4307829160924542,G00,generalist,0.0,alternating_1212,discover_only,20261009,10.85618018551865,2.564045046379662,2.864045046379662,0.7862741699796955,7,"[[0.5,0.5],[0.5,0.5],[0.5,0.5]]",2.96665631459995
0.35,0.4307829160924542,G00,generalist,0.0,alternating_1212,static_known,20261007,11.866625258399798,2.96665631459995,2.96665631459995,0.9888854381999833,3,"[[0.5,0.5],[0.5,0.5],[0.5,0.5]]",2.96665631459995
0.35,0.4307829160924542,G00,generalist,0.0,alternating_1212,static_known,20261008,11.866625258399798,2.96665631459995,2.96665631459995,0.9888854381999833,3,"[[0.5,0.5],[0.5,0.5],[0.5,0.5]]",2.96665631459995
0.35,0.4307829160924542,G00,generalist,0.0,alternating_1212,static_known,20261009,11.866625258399798,2.96665631459995,2.96665631459995,0.9888854381999833,3,"[[0.5,0.5],[0.5,0.5],[0.5,0.5]]",2.96665631459995
0.35,0.4307829160924542,G00,generalist,0.0,change_1122,develop_known,20261007,18.91114632742228,3.776635689839373,5.435709640717989,1.3332451224742146,1,"[[0.8626874999999999,0.9896440435810547],[0.9622905546875,0.9622905546875],[0.9896440435810547,0.8626874999999999]]",2.96665631459995
0.35,0.4307829160924542,G00,generalist,0.0,change_1122,develop_known,20261008,18.91114632742228,3.776635689839373,5.435709640717989,1.3332451224742146,1,"[[0.8626874999999999,0.9896440435810547],[0.9622905546875,0.9622905546875],[0.9896440435810547,0.8626874999999999]]",2.96665631459995
0.35,0.4307829160924542,G00,generalist,0.0,change_1122,develop_known,20261009,18.91114632742228,3.776635689839373,5.435709640717989,1.3332451224742146,1,"[[0.8626874999999999,0.9896440435810547],[0.9622905546875,0.9622905546875],[0.9896440435810547,0.8626874999999999]]",2.96665631459995
0.35,0.4307829160924542,G00,generalist,0.0,change_1122,discover_develop,20261007,16.97670524200912,3.134294138130271,4.705175520535704,1.0804677116181816,7,"[[0.78875,0.9932686283276856],[0.975488860546875,0.94198546875],[0.9932686283276856,0.78875]]",2.96665631459995
0.35,0.4307829160924542,G00,generalist,0.0,change_1122,discover_develop,20261008,16.97670524200912,3.134294138130271,4.705175520535704,1.0804677116181816,7,"[[0.78875,0.9932686283276856],[0.975488860546875,0.94198546875],[0.9932686283276856,0.78875]]",2.96665631459995
0.35,0.4307829160924542,G00,generalist,0.0,change_1122,discover_develop,20261009,16.97670524200912,3.134294138130271,4.705175520535704,1.0804677116181816,7,"[[0.78875,0.9932686283276856],[0.975488860546875,0.94198546875],[0.9932686283276856,0.78875]]",2.96665631459995
0.35,0.4307829160924542,G00,generalist,0.0,change_1122,discover_only,20261007,10.85618018551865,2.564045046379662,2.864045046379662,0.8862741699796954,7,"[[0.5,0.5],[0.5,0.5],[0.5,0.5]]",2.96665631459995
0.35,0.4307829160924542,G00,generalist,0.0,change_1122,discover_only,20261008,10.85618018551865,2.564045046379662,2.864045046379662,0.8862741699796954,7,"[[0.5,0.5],[0.5,0.5],[0.5,0.5]]",2.96665631459995
0.35,0.4307829160924542,G00,generalist,0.0,change_1122,discover_only,20261009,10.256180185518648,2.564045046379662,2.864045046379662,0.8862741699796954,8,"[[0.5,0.5],[0.5,0.5],[0.5,0.5]]",2.96665631459995
0.35,0.4307829160924542,G00,generalist,0.0,change_1122,static_known,20261007,11.866625258399798,2.96665631459995,2.96665631459995,0.9888854381999833,1,"[[0.5,0.5],[0.5,0.5],[0.5,0.5]]",2.96665631459995
0.35,0.4307829160924542,G00,generalist,0.0,change_1122,static_known,20261008,11.866625258399798,2.96665631459995,2.96665631459995,0.9888854381999833,1,"[[0.5,0.5],[0.5,0.5],[0.5,0.5]]",2.96665631459995
0.35,0.4307829160924542,G00,generalist,0.0,change_1122,static_known,20261009,11.866625258399798,2.96665631459995,2.96665631459995,0.9888854381999833,1,"[[0.5,0.5],[0.5,0.5],[0.5,0.5]]",2.96665631459995
0.35,0.4307829160924542,G00,generalist,0.0,persistent_theta1,develop_known,20261007,20.38529995438836,3.776635689839373,5.8044894642768625,,0,"[[0.9622905546875,0.9622905546875],[0.9971559954684471,0.5],[0.9971559954684471,0.5]]",2.96665631459995
0.35,0.4307829160924542,G00,generalist,0.0,persistent_theta1,develop_known,20261008,20.38529995438836,3.776635689839373,5.8044894642768625,,0,"[[0.9622905546875,0.9622905546875],[0.9971559954684471,0.5],[0.9971559954684471,0.5]]",2.96665631459995
0.35,0.4307829160924542,G00,generalist,0.0,persistent_theta1,develop_known,20261009,20.38529995438836,3.776635689839373,5.8044894642768625,,0,"[[0.9622905546875,0.9622905546875],[0.9971559954684471,0.5],[0.9971559954684471,0.5]]",2.96665631459995
0.35,0.4307829160924542,G00,generalist,0.0,persistent_theta1,discover_develop,20261007,19.002907703038538,3.134294138130271,5.581103143970526,,7,"[[0.910746875,0.9840677593554688],[0.9956246084129956,0.675],[0.9971559954684471,0.5]]",2.96665631459995
0.35,0.4307829160924542,G00,generalist,0.0,persistent_theta1,discover_develop,20261008,19.002907703038538,3.134294138130271,5.581103143970526,,7,"[[0.910746875,0.9840677593554688],[0.9956246084129956,0.675],[0.9971559954684471,0.5]]",2.96665631459995
0.35,0.4307829160924542,G00,generalist,0.0,persistent_theta1,discover_develop,20261009,19.002907703038538,3.134294138130271,5.581103143970526,,7,"[[0.910746875,0.9840677593554688],[0.9956246084129956,0.675],[0.9971559954684471,0.5]]",2.96665631459995
0.35,0.4307829160924542,G00,generalist,0.0,persistent_theta1,discover_only,20261007,9.656180185518648,2.564045046379662,2.564045046379662,,8,"[[0.5,0.5],[0.5,0.5],[0.5,0.5]]",2.96665631459995
0.35,0.4307829160924542,G00,generalist,0.0,persistent_theta1,discover_only,20261008,10.256180185518648,2.564045046379662,2.564045046379662,,7,"[[0.5,0.5],[0.5,0.5],[0.5,0.5]]",2.96665631459995
0.35,0.4307829160924542,G00,generalist,0.0,persistent_theta1,discover_only,20261009,10.256180185518648,2.564045046379662,2.564045046379662,,7,"[[0.5,0.5],[0.5,0.5],[0.5,0.5]]",2.96665631459995
0.35,0.4307829160924542,G00,generalist,0.0,persistent_theta1,static_known,20261007,11.866625258399798,2.96665631459995,2.96665631459995,,0,"[[0.5,0.5],[0.5,0.5],[0.5,0.5]]",2.96665631459995
0.35,0.4307829160924542,G00,generalist,0.0,persistent_theta1,static_known,20261008,11.866625258399798,2.96665631459995,2.96665631459995,,0,"[[0.5,0.5],[0.5,0.5],[0.5,0.5]]",2.96665631459995
0.35,0.4307829160924542,G00,generalist,0.0,persistent_theta1,static_known,20261009,11.866625258399798,2.96665631459995,2.96665631459995,,0,"[[0.5,0.5],[0.5,0.5],[0.5,0.5]]",2.96665631459995
0.35,0.4307829160924542,G00,generalist,0.0,persistent_theta2,develop_known,20261007,20.38529995438836,3.776635689839373,5.8044894642768625,,0,"[[0.5,0.9971559954684471],[0.5,0.9971559954684471],[0.9622905546875,0.9622905546875]]",2.96665631459995
0.35,0.4307829160924542,G00,generalist,0.0,persistent_theta2,develop_known,20261008,20.38529995438836,3.776635689839373,5.8044894642768625,,0,"[[0.5,0.9971559954684471],[0.5,0.9971559954684471],[0.9622905546875,0.9622905546875]]",2.96665631459995
0.35,0.4307829160924542,G00,generalist,0.0,persistent_theta2,develop_known,20261009,20.38529995438836,3.776635689839373,5.8044894642768625,,0,"[[0.5,0.9971559954684471],[0.5,0.9971559954684471],[0.9622905546875,0.9622905546875]]",2.96665631459995
0.35,0.4307829160924542,G00,generalist,0.0,persistent_theta2,discover_develop,20261007,19.660163411037583,3.640524217871519,5.58955176709176,,7,"[[0.5,0.9971559954684471],[0.5,0.9971559954684471],[0.9840677593554688,0.910746875]]",2.96665631459995
0.35,0.4307829160924542,G00,generalist,0.0,persistent_theta2,discover_develop,20261008,19.660163411037583,3.640524217871519,5.58955176709176,,7,"[[0.5,0.9971559954684471],[0.5,0.9971559954684471],[0.9840677593554688,0.910746875]]",2.96665631459995
0.35,0.4307829160924542,G00,generalist,0.0,persistent_theta2,discover_develop,20261009,19.660163411037583,3.640524217871519,5.58955176709176,,7,"[[0.5,0.9971559954684471],[0.5,0.9971559954684471],[0.9840677593554688,0.910746875]]",2.96665631459995
0.35,0.4307829160924542,G00,generalist,0.0,persistent_theta2,discover_only,20261007,11.456180185518647,2.864045046379662,2.864045046379662,,7,"[[0.5,0.5],[0.5,0.5],[0.5,0.5]]",2.96665631459995
0.35,0.4307829160924542,G00,generalist,0.0,persistent_theta2,discover_only,20261008,11.456180185518647,2.864045046379662,2.864045046379662,,7,"[[0.5,0.5],[0.5,0.5],[0.5,0.5]]",2.96665631459995
0.35,0.4307829160924542,G00,generalist,0.0,persistent_theta2,discover_only,20261009,10.856180185518648,2.864045046379662,2.864045046379662,,8,"[[0.5,0.5],[0.5,0.5],[0.5,0.5]]",2.96665631459995
0.35,0.4307829160924542,G00,generalist,0.0,persistent_theta2,static_known,20261007,11.866625258399798,2.96665631459995,2.96665631459995,,0,"[[0.5,0.5],[0.5,0.5],[0.5,0.5]]",2.96665631459995
0.35,0.4307829160924542,G00,generalist,0.0,persistent_theta2,static_known,20261008,11.866625258399798,2.96665631459995,2.96665631459995,,0,"[[0.5,0.5],[0.5,0.5],[0.5,0.5]]",2.96665631459995
0.35,0.4307829160924542,G00,generalist,0.0,persistent_theta2,static_known,20261009,11.866625258399798,2.96665631459995,2.96665631459995,,0,"[[0.5,0.5],[0.5,0.5],[0.5,0.5]]",2.96665631459995
0.35,0.4307829160924542,G00,generalist,0.0,recurrent_1221,develop_known,20261007,18.871596233261847,3.776635689839373,5.435709640717989,1.4907489007392147,2,"[[0.8626874999999999,0.9896440435810547],[0.9622905546875,0.9622905546875],[0.9896440435810547,0.8626874999999999]]",2.96665631459995
0.35,0.4307829160924542,G00,generalist,0.0,recurrent_1221,develop_known,20261008,18.871596233261847,3.776635689839373,5.435709640717989,1.4907489007392147,2,"[[0.8626874999999999,0.9896440435810547],[0.9622905546875,0.9622905546875],[0.9896440435810547,0.8626874999999999]]",2.96665631459995
0.35,0.4307829160924542,G00,generalist,0.0,recurrent_1221,develop_known,20261009,18.871596233261847,3.776635689839373,5.435709640717989,1.4907489007392147,2,"[[0.8626874999999999,0.9896440435810547],[0.9622905546875,0.9622905546875],[0.9896440435810547,0.8626874999999999]]",2.96665631459995
0.35,0.4307829160924542,G00,generalist,0.0,recurrent_1221,discover_develop,20261007,17.02549703932462,3.134294138130271,4.705175520535704,1.0395872111195354,7,"[[0.78875,0.9932686283276856],[0.94198546875,0.975488860546875],[0.9932686283276856,0.78875]]",2.96665631459995
0.35,0.4307829160924542,G00,generalist,0.0,recurrent_1221,discover_develop,20261008,17.02549703932462,3.134294138130271,4.705175520535704,1.0395872111195354,7,"[[0.78875,0.9932686283276856],[0.94198546875,0.975488860546875],[0.9932686283276856,0.78875]]",2.96665631459995
0.35,0.4307829160924542,G00,generalist,0.0,recurrent_1221,discover_develop,20261009,17.02549703932462,3.134294138130271,4.705175520535704,1.0395872111195354,7,"[[0.78875,0.9932686283276856],[0.94198546875,0.975488860546875],[0.9932686283276856,0.78875]]",2.96665631459995
0.35,0.4307829160924542,G00,generalist,0.0,recurrent_1221,discover_only,20261007,10.856180185518648,2.564045046379662,2.564045046379662,0.7362741699796955,7,"[[0.5,0.5],[0.5,0.5],[0.5,0.5]]",2.96665631459995
0.35,0.4307829160924542,G00,generalist,0.0,recurrent_1221,discover_only,20261008,10.856180185518648,2.564045046379662,2.564045046379662,0.7362741699796955,7,"[[0.5,0.5],[0.5,0.5],[0.5,0.5]]",2.96665631459995
0.35,0.4307829160924542,G00,generalist,0.0,recurrent_1221,discover_only,20261009,10.256180185518648,2.564045046379662,2.564045046379662,0.7362741699796955,8,"[[0.5,0.5],[0.5,0.5],[0.5,0.5]]",2.96665631459995
0.35,0.4307829160924542,G00,generalist,0.0,recurrent_1221,static_known,20261007,11.866625258399798,2.96665631459995,2.96665631459995,0.9888854381999833,2,"[[0.5,0.5],[0.5,0.5],[0.5,0.5]]",2.96665631459995
0.35,0.4307829160924542,G00,generalist,0.0,recurrent_1221,static_known,20261008,11.866625258399798,2.96665631459995,2.96665631459995,0.9888854381999833,2,"[[0.5,0.5],[0.5,0.5],[0.5,0.5]]",2.96665631459995
0.35,0.4307829160924542,G00,generalist,0.0,recurrent_1221,static_known,20261009,11.866625258399798,2.96665631459995,2.96665631459995,0.9888854381999833,2,"[[0.5,0.5],[0.5,0.5],[0.5,0.5]]",2.96665631459995
0.35,0.4307829160924542,G01,complementary,0.25,alternating_1212,discover_develop,20261007,16.69392439147337,3.4873103787474955,4.586716426294268,1.1201082824091413,4,"[[0.25,0.9985779977342236],[0.9622905546875,0.9622905546875],[0.9985779977342236,0.25]]",3.4195160030897807
0.35,0.4307829160924542,G01,complementary,0.25,alternating_1212,discover_develop,20261008,16.69392439147337,3.4873103787474955,4.586716426294268,1.1201082824091413,4,"[[0.25,0.9985779977342236],[0.9622905546875,0.9622905546875],[0.9985779977342236,0.25]]",3.4195160030897807
0.35,0.4307829160924542,G01,complementary,0.25,alternating_1212,discover_develop,20261009,16.69392439147337,3.4873103787474955,4.586716426294268,1.1201082824091413,4,"[[0.25,0.9985779977342236],[0.9622905546875,0.9622905546875],[0.9985779977342236,0.25]]",3.4195160030897807
0.35,0.4307829160924542,G01,complementary,0.25,change_1122,discover_develop,20261007,17.12245888066023,3.4873103787474955,4.529907122907415,1.1444211203410037,4,"[[0.25,0.9985779977342236],[0.975488860546875,0.94198546875],[0.9985779977342236,0.25]]",3.4195160030897807
0.35,0.4307829160924542,G01,complementary,0.25,change_1122,discover_develop,20261008,17.12245888066023,3.4873103787474955,4.529907122907415,1.1444211203410037,4,"[[0.25,0.9985779977342236],[0.975488860546875,0.94198546875],[0.9985779977342236,0.25]]",3.4195160030897807
0.35,0.4307829160924542,G01,complementary,0.25,change_1122,discover_develop,20261009,17.12245888066023,3.4873103787474955,4.529907122907415,1.1444211203410037,4,"[[0.25,0.9985779977342236],[0.975488860546875,0.94198546875],[0.9985779977342236,0.25]]",3.4195160030897807
0.35,0.4307829160924542,G01,complementary,0.25,persistent_theta1,discover_develop,20261007,18.79871832819324,3.4873103787474955,5.281834453033598,,1,"[[0.25,0.9985779977342236],[0.9956246084129956,0.675],[0.9985779977342236,0.25]]",3.4195160030897807
0.35,0.4307829160924542,G01,complementary,0.25,persistent_theta1,discover_develop,20261008,18.79871832819324,3.4873103787474955,5.281834453033598,,1,"[[0.25,0.9985779977342236],[0.9956246084129956,0.675],[0.9985779977342236,0.25]]",3.4195160030897807
0.35,0.4307829160924542,G01,complementary,0.25,persistent_theta1,discover_develop,20261009,18.79871832819324,3.4873103787474955,5.281834453033598,,1,"[[0.25,0.9985779977342236],[0.9956246084129956,0.675],[0.9985779977342236,0.25]]",3.4195160030897807
0.35,0.4307829160924542,G01,complementary,0.25,persistent_theta2,discover_develop,20261007,19.474717577590873,4.007085185257735,5.290540370354217,,0,"[[0.25,0.9985779977342236],[0.5,0.9971559954684471],[0.9985779977342236,0.25]]",3.4195160030897807
0.35,0.4307829160924542,G01,complementary,0.25,persistent_theta2,discover_develop,20261008,19.474717577590873,4.007085185257735,5.290540370354217,,0,"[[0.25,0.9985779977342236],[0.5,0.9971559954684471],[0.9985779977342236,0.25]]",3.4195160030897807
0.35,0.4307829160924542,G01,complementary,0.25,persistent_theta2,discover_develop,20261009,19.474717577590873,4.007085185257735,5.290540370354217,,0,"[[0.25,0.9985779977342236],[0.5,0.9971559954684471],[0.9985779977342236,0.25]]",3.4195160030897807
0.35,0.4307829160924542,G01,complementary,0.25,recurrent_1221,discover_develop,20261007,17.21465455726737,3.4873103787474955,4.529907122907415,1.1156839897711452,3,"[[0.25,0.9985779977342236],[0.94198546875,0.975488860546875],[0.9985779977342236,0.25]]",3.4195160030897807
0.35,0.4307829160924542,G01,complementary,0.25,recurrent_1221,discover_develop,20261008,17.21465455726737,3.4873103787474955,4.529907122907415,1.1156839897711452,3,"[[0.25,0.9985779977342236],[0.94198546875,0.975488860546875],[0.9985779977342236,0.25]]",3.4195160030897807
0.35,0.4307829160924542,G01,complementary,0.25,recurrent_1221,discover_develop,20261009,17.21465455726737,3.4873103787474955,4.529907122907415,1.1156839897711452,3,"[[0.25,0.9985779977342236],[0.94198546875,0.975488860546875],[0.9985779977342236,0.25]]",3.4195160030897807
0.35,0.4307829160924542,G02,concentrated,0.25,alternating_1212,discover_develop,20261007,16.624248534105025,3.207720204931435,4.795828083597026,1.030100053279229,7,"[[0.683125,0.9899029424915283],[0.9932686283276856,0.78875],[0.98114527734375,0.98114527734375]]",3.0529949748426484
0.35,0.4307829160924542,G02,concentrated,0.25,alternating_1212,discover_develop,20261008,16.624248534105025,3.207720204931435,4.795828083597026,1.030100053279229,7,"[[0.683125,0.9899029424915283],[0.9932686283276856,0.78875],[0.98114527734375,0.98114527734375]]",3.0529949748426484
0.35,0.4307829160924542,G02,concentrated,0.25,alternating_1212,discover_develop,20261009,16.624248534105025,3.207720204931435,4.795828083597026,1.030100053279229,7,"[[0.683125,0.9899029424915283],[0.9932686283276856,0.78875],[0.98114527734375,0.98114527734375]]",3.0529949748426484
0.35,0.4307829160924542,G02,concentrated,0.25,change_1122,discover_develop,20261007,17.23773066190325,3.207720204931435,4.76904115134017,1.0457307954159227,7,"[[0.683125,0.9899029424915283],[0.9932686283276856,0.78875],[0.9877444302734375,0.970992734375]]",3.0529949748426484
0.35,0.4307829160924542,G02,concentrated,0.25,change_1122,discover_develop,20261008,17.23773066190325,3.207720204931435,4.76904115134017,1.0457307954159227,7,"[[0.683125,0.9899029424915283],[0.9932686283276856,0.78875],[0.9877444302734375,0.970992734375]]",3.0529949748426484
0.35,0.4307829160924542,G02,concentrated,0.25,change_1122,discover_develop,20261009,17.23773066190325,3.207720204931435,4.76904115134017,1.0457307954159227,7,"[[0.683125,0.9899029424915283],[0.9932686283276856,0.78875],[0.9877444302734375,0.970992734375]]",3.0529949748426484
0.35,0.4307829160924542,G02,concentrated,0.25,persistent_theta1,discover_develop,20261007,18.988112443809683,3.207720204931435,5.539543561159092,,7,"[[0.8661203125,0.9761016390332031],[0.9971559954684471,0.5],[0.9978123042064978,0.8375]]",3.0529949748426484
0.35,0.4307829160924542,G02,concentrated,0.25,persistent_theta1,discover_develop,20261008,18.988112443809683,3.207720204931435,5.539543561159092,,7,"[[0.8661203125,0.9761016390332031],[0.9971559954684471,0.5],[0.9978123042064978,0.8375]]",3.0529949748426484
0.35,0.4307829160924542,G02,concentrated,0.25,persistent_theta1,discover_develop,20261009,18.988112443809683,3.207720204931435,5.539543561159092,,7,"[[0.8661203125,0.9761016390332031],[0.9971559954684471,0.5],[0.9978123042064978,0.8375]]",3.0529949748426484
0.35,0.4307829160924542,G02,concentrated,0.25,persistent_theta2,discover_develop,20261007,19.66016341103758,3.640524217871519,5.589551767091759,,7,"[[0.25,0.9957339932026708],[0.9840677593554688,0.910746875],[0.75,0.9985779977342236]]",3.0529949748426484
0.35,0.4307829160924542,G02,concentrated,0.25,persistent_theta2,discover_develop,20261008,19.66016341103758,3.640524217871519,5.589551767091759,,7,"[[0.25,0.9957339932026708],[0.9840677593554688,0.910746875],[0.75,0.9985779977342236]]",3.0529949748426484
0.35,0.4307829160924542,G02,concentrated,0.25,persistent_theta2,discover_develop,20261009,19.66016341103758,3.640524217871519,5.589551767091759,,7,"[[0.25,0.9957339932026708],[0.9840677593554688,0.910746875],[0.75,0.9985779977342236]]",3.0529949748426484
0.35,0.4307829160924542,G02,concentrated,0.25,recurrent_1221,discover_develop,20261007,17.168414741742602,3.207720204931435,4.681126455066448,1.0014175489275747,7,"[[0.683125,0.9899029424915283],[0.9932686283276856,0.78875],[0.970992734375,0.9877444302734375]]",3.0529949748426484
0.35,0.4307829160924542,G02,concentrated,0.25,recurrent_1221,discover_develop,20261008,17.168414741742602,3.207720204931435,4.681126455066448,1.0014175489275747,7,"[[0.683125,0.9899029424915283],[0.9932686283276856,0.78875],[0.970992734375,0.9877444302734375]]",3.0529949748426484
0.35,0.4307829160924542,G02,concentrated,0.25,recurrent_1221,discover_develop,20261009,17.168414741742602,3.207720204931435,4.681126455066448,1.0014175489275747,7,"[[0.683125,0.9899029424915283],[0.9932686283276856,0.78875],[0.970992734375,0.9877444302734375]]",3.0529949748426484
0.35,0.4307829160924542,G03,partial_overlap,0.25,alternating_1212,discover_develop,20261007,17.53226116656702,4.007085185257735,4.439181016390431,1.3171817622821853,3,"[[0.25,0.9985779977342236],[0.9971559954684471,0.25],[0.9920338796777344,0.9107468750000001]]",3.3261829471342965
0.35,0.4307829160924542,G03,partial_overlap,0.25,alternating_1212,discover_develop,20261008,17.53226116656702,4.007085185257735,4.439181016390431,1.3171817622821853,3,"[[0.25,0.9985779977342236],[0.9971559954684471,0.25],[0.9920338796777344,0.9107468750000001]]",3.3261829471342965
0.35,0.4307829160924542,G03,partial_overlap,0.25,alternating_1212,discover_develop,20261009,17.53226116656702,4.007085185257735,4.439181016390431,1.3171817622821853,3,"[[0.25,0.9985779977342236],[0.9971559954684471,0.25],[0.9920338796777344,0.9107468750000001]]",3.3261829471342965
0.35,0.4307829160924542,G03,partial_overlap,0.25,change_1122,discover_develop,20261007,17.44476430670539,4.007085185257735,4.439181016390431,1.1475477600242405,3,"[[0.25,0.9985779977342236],[0.9971559954684471,0.25],[0.9920338796777344,0.9107468750000001]]",3.3261829471342965
0.35,0.4307829160924542,G03,partial_overlap,0.25,change_1122,discover_develop,20261008,17.44476430670539,4.007085185257735,4.439181016390431,1.1475477600242405,3,"[[0.25,0.9985779977342236],[0.9971559954684471,0.25],[0.9920338796777344,0.9107468750000001]]",3.3261829471342965
0.35,0.4307829160924542,G03,partial_overlap,0.25,change_1122,discover_develop,20261009,17.44476430670539,4.007085185257735,4.439181016390431,1.1475477600242405,3,"[[0.25,0.9985779977342236],[0.9971559954684471,0.25],[0.9920338796777344,0.9107468750000001]]",3.3261829471342965
0.35,0.4307829160924542,G03,partial_overlap,0.25,persistent_theta1,discover_develop,20261007,19.474717577590873,4.007085185257735,5.290540370354217,,0,"[[0.25,0.9985779977342236],[0.9971559954684471,0.25],[0.9985779977342236,0.5]]",3.3261829471342965
0.35,0.4307829160924542,G03,partial_overlap,0.25,persistent_theta1,discover_develop,20261008,19.474717577590873,4.007085185257735,5.290540370354217,,0,"[[0.25,0.9985779977342236],[0.9971559954684471,0.25],[0.9985779977342236,0.5]]",3.3261829471342965
0.35,0.4307829160924542,G03,partial_overlap,0.25,persistent_theta1,discover_develop,20261009,19.474717577590873,4.007085185257735,5.290540370354217,,0,"[[0.25,0.9985779977342236],[0.9971559954684471,0.25],[0.9985779977342236,0.5]]",3.3261829471342965
0.35,0.4307829160924542,G03,partial_overlap,0.25,persistent_theta2,discover_develop,20261007,18.067041533651913,3.4188683723421853,5.2655871584134895,,3,"[[0.25,0.9985779977342236],[0.9971559954684471,0.25],[0.894375,0.9932686283276856]]",3.3261829471342965
0.35,0.4307829160924542,G03,partial_overlap,0.25,persistent_theta2,discover_develop,20261008,18.067041533651913,3.4188683723421853,5.2655871584134895,,3,"[[0.25,0.9985779977342236],[0.9971559954684471,0.25],[0.894375,0.9932686283276856]]",3.3261829471342965
0.35,0.4307829160924542,G03,partial_overlap,0.25,persistent_theta2,discover_develop,20261009,18.067041533651913,3.4188683723421853,5.2655871584134895,,3,"[[0.25,0.9985779977342236],[0.9971559954684471,0.25],[0.894375,0.9932686283276856]]",3.3261829471342965
0.35,0.4307829160924542,G03,partial_overlap,0.25,recurrent_1221,discover_develop,20261007,17.56723712461602,4.007085185257735,5.253327150116853,1.4114852252329575,4,"[[0.25,0.9985779977342236],[0.9971559954684471,0.25],[0.9920338796777344,0.9107468750000001]]",3.3261829471342965
0.35,0.4307829160924542,G03,partial_overlap,0.25,recurrent_1221,discover_develop,20261008,17.56723712461602,4.007085185257735,5.253327150116853,1.4114852252329575,4,"[[0.25,0.9985779977342236],[0.9971559954684471,0.25],[0.9920338796777344,0.9107468750000001]]",3.3261829471342965
0.35,0.4307829160924542,G03,partial_overlap,0.25,recurrent_1221,discover_develop,20261009,17.56723712461602,4.007085185257735,5.253327150116853,1.4114852252329575,4,"[[0.25,0.9985779977342236],[0.9971559954684471,0.25],[0.9920338796777344,0.9107468750000001]]",3.3261829471342965
0.35,0.4307829160924542,G04,redundant,0.25,alternating_1212,discover_develop,20261007,17.496780861659094,4.0070851852577345,4.538706397436901,1.3097121421556224,3,"[[0.25,0.9985779977342236],[0.9880508195166016,0.88843359375],[0.9949514712457641,0.7359374999999999]]",3.2959165245236783
0.35,0.4307829160924542,G04,redundant,0.25,alternating_1212,discover_develop,20261008,17.496780861659094,4.0070851852577345,4.538706397436901,1.3097121421556224,3,"[[0.25,0.9985779977342236],[0.9880508195166016,0.88843359375],[0.9949514712457641,0.7359374999999999]]",3.2959165245236783
0.35,0.4307829160924542,G04,redundant,0.25,alternating_1212,discover_develop,20261009,17.496780861659094,4.0070851852577345,4.538706397436901,1.3097121421556224,3,"[[0.25,0.9985779977342236],[0.9880508195166016,0.88843359375],[0.9949514712457641,0.7359374999999999]]",3.2959165245236783
0.35,0.4307829160924542,G04,redundant,0.25,change_1122,discover_develop,20261007,17.4399074963557,4.0070851852577345,4.538706397436901,1.1475477600242405,3,"[[0.25,0.9985779977342236],[0.9880508195166016,0.88843359375],[0.9949514712457641,0.7359374999999999]]",3.2959165245236783
0.35,0.4307829160924542,G04,redundant,0.25,change_1122,discover_develop,20261008,17.4399074963557,4.0070851852577345,4.538706397436901,1.1475477600242405,3,"[[0.25,0.9985779977342236],[0.9880508195166016,0.88843359375],[0.9949514712457641,0.7359374999999999]]",3.2959165245236783
0.35,0.4307829160924542,G04,redundant,0.25,change_1122,discover_develop,20261009,17.4399074963557,4.0070851852577345,4.538706397436901,1.1475477600242405,3,"[[0.25,0.9985779977342236],[0.9880508195166016,0.88843359375],[0.9949514712457641,0.7359374999999999]]",3.2959165245236783
0.35,0.4307829160924542,G04,redundant,0.25,persistent_theta1,discover_develop,20261007,19.47471757759087,4.0070851852577345,5.290540370354217,,0,"[[0.25,0.9985779977342236],[0.9978669966013354,0.375],[0.9978669966013354,0.375]]",3.2959165245236783
0.35,0.4307829160924542,G04,redundant,0.25,persistent_theta1,discover_develop,20261008,19.47471757759087,4.0070851852577345,5.290540370354217,,0,"[[0.25,0.9985779977342236],[0.9978669966013354,0.375],[0.9978669966013354,0.375]]",3.2959165245236783
0.35,0.4307829160924542,G04,redundant,0.25,persistent_theta1,discover_develop,20261009,19.47471757759087,4.0070851852577345,5.290540370354217,,0,"[[0.25,0.9985779977342236],[0.9978669966013354,0.375],[0.9978669966013354,0.375]]",3.2959165245236783
0.35,0.4307829160924542,G04,redundant,0.25,persistent_theta2,discover_develop,20261007,19.21317266475027,3.378265984505117,5.565557429419129,,7,"[[0.25,0.9985779977342236],[0.75625,0.9945307605162446],[0.9880508195166016,0.8884335937499999]]",3.2959165245236783
0.35,0.4307829160924542,G04,redundant,0.25,persistent_theta2,discover_develop,20261008,19.21317266475027,3.378265984505117,5.565557429419129,,7,"[[0.25,0.9985779977342236],[0.75625,0.9945307605162446],[0.9880508195166016,0.8884335937499999]]",3.2959165245236783
0.35,0.4307829160924542,G04,redundant,0.25,persistent_theta2,discover_develop,20261009,19.21317266475027,3.378265984505117,5.565557429419129,,7,"[[0.25,0.9985779977342236],[0.75625,0.9945307605162446],[0.9880508195166016,0.8884335937499999]]",3.2959165245236783
0.35,0.4307829160924542,G04,redundant,0.25,recurrent_1221,discover_develop,20261007,17.53861880477474,4.0070851852577345,5.218117170442344,1.4029876439895057,4,"[[0.25,0.9985779977342236],[0.9880508195166016,0.88843359375],[0.9949514712457641,0.7359374999999999]]",3.2959165245236783
0.35,0.4307829160924542,G04,redundant,0.25,recurrent_1221,discover_develop,20261008,17.53861880477474,4.0070851852577345,5.218117170442344,1.4029876439895057,4,"[[0.25,0.9985779977342236],[0.9880508195166016,0.88843359375],[0.9949514712457641,0.7359374999999999]]",3.2959165245236783
0.35,0.4307829160924542,G04,redundant,0.25,recurrent_1221,discover_develop,20261009,17.53861880477474,4.0070851852577345,5.218117170442344,1.4029876439895057,4,"[[0.25,0.9985779977342236],[0.9880508195166016,0.88843359375],[0.9949514712457641,0.7359374999999999]]",3.2959165245236783
0.35,0.4307829160924542,G05,complementary,0.5,alternating_1212,discover_develop,20261007,17.411399801528372,4.00998644906805,4.597636264022897,1.151463887482545,4,"[[0.0,1.0],[0.9622905546875,0.9622905546875],[1.0,0.0]]",4.175755076535925
0.35,0.4307829160924542,G05,complementary,0.5,alternating_1212,discover_develop,20261008,17.411399801528372,4.00998644906805,4.597636264022897,1.151463887482545,4,"[[0.0,1.0],[0.9622905546875,0.9622905546875],[1.0,0.0]]",4.175755076535925
0.35,0.4307829160924542,G05,complementary,0.5,alternating_1212,discover_develop,20261009,17.411399801528372,4.00998644906805,4.597636264022897,1.151463887482545,4,"[[0.0,1.0],[0.9622905546875,0.9622905546875],[1.0,0.0]]",4.175755076535925
0.35,0.4307829160924542,G05,complementary,0.5,change_1122,discover_develop,20261007,17.84020848105542,4.00998644906805,4.5408235726904405,1.163615862652043,4,"[[0.0,1.0],[0.975488860546875,0.94198546875],[1.0,0.0]]",4.175755076535925
0.35,0.4307829160924542,G05,complementary,0.5,change_1122,discover_develop,20261008,17.84020848105542,4.00998644906805,4.5408235726904405,1.163615862652043,4,"[[0.0,1.0],[0.975488860546875,0.94198546875],[1.0,0.0]]",4.175755076535925
0.35,0.4307829160924542,G05,complementary,0.5,change_1122,discover_develop,20261009,17.84020848105542,4.00998644906805,4.5408235726904405,1.163615862652043,4,"[[0.0,1.0],[0.975488860546875,0.94198546875],[1.0,0.0]]",4.175755076535925
0.35,0.4307829160924542,G05,complementary,0.5,persistent_theta1,discover_develop,20261007,19.516623340783866,4.00998644906805,5.292770991471024,,1,"[[0.0,1.0],[0.9956246084129956,0.675],[1.0,0.0]]",4.175755076535925
0.35,0.4307829160924542,G05,complementary,0.5,persistent_theta1,discover_develop,20261008,19.516623340783866,4.00998644906805,5.292770991471024,,1,"[[0.0,1.0],[0.9956246084129956,0.675],[1.0,0.0]]",4.175755076535925
0.35,0.4307829160924542,G05,complementary,0.5,persistent_theta1,discover_develop,20261009,19.516623340783866,4.00998644906805,5.292770991471024,,1,"[[0.0,1.0],[0.9956246084129956,0.675],[1.0,0.0]]",4.175755076535925
0.35,0.4307829160924542,G05,complementary,0.5,persistent_theta2,discover_develop,20261007,20.193957781198097,4.530849398225789,5.301478216204747,,0,"[[0.0,1.0],[0.5,0.9971559954684471],[1.0,0.0]]",4.175755076535925
0.35,0.4307829160924542,G05,complementary,0.5,persistent_theta2,discover_develop,20261008,20.193957781198097,4.530849398225789,5.301478216204747,,0,"[[0.0,1.0],[0.5,0.9971559954684471],[1.0,0.0]]",4.175755076535925
0.35,0.4307829160924542,G05,complementary,0.5,persistent_theta2,discover_develop,20261009,20.193957781198097,4.530849398225789,5.301478216204747,,0,"[[0.0,1.0],[0.5,0.9971559954684471],[1.0,0.0]]",4.175755076535925
0.35,0.4307829160924542,G05,complementary,0.5,recurrent_1221,discover_develop,20261007,17.932149762305414,4.00998644906805,4.5408235726904405,1.153142315716067,3,"[[0.0,1.0],[0.94198546875,0.975488860546875],[1.0,0.0]]",4.175755076535925
0.35,0.4307829160924542,G05,complementary,0.5,recurrent_1221,discover_develop,20261008,17.932149762305414,4.00998644906805,4.5408235726904405,1.153142315716067,3,"[[0.0,1.0],[0.94198546875,0.975488860546875],[1.0,0.0]]",4.175755076535925
0.35,0.4307829160924542,G05,complementary,0.5,recurrent_1221,discover_develop,20261009,17.932149762305414,4.00998644906805,4.5408235726904405,1.153142315716067,3,"[[0.0,1.0],[0.94198546875,0.975488860546875],[1.0,0.0]]",4.175755076535925
0.35,0.4307829160924542,G06,concentrated,0.5,alternating_1212,develop_known,20261007,19.635614143977147,3.7841519214963357,5.663988617952237,1.7136196978816356,3,"[[0.0,0.9943119909368943],[0.9896440435810547,0.8626874999999999],[1.0,1.0]]",2.96665631459995
0.35,0.4307829160924542,G06,concentrated,0.5,alternating_1212,develop_known,20261008,19.635614143977147,3.7841519214963357,5.663988617952237,1.7136196978816356,3,"[[0.0,0.9943119909368943],[0.9896440435810547,0.8626874999999999],[1.0,1.0]]",2.96665631459995
0.35,0.4307829160924542,G06,concentrated,0.5,alternating_1212,develop_known,20261009,19.635614143977147,3.7841519214963357,5.663988617952237,1.7136196978816356,3,"[[0.0,0.9943119909368943],[0.9896440435810547,0.8626874999999999],[1.0,1.0]]",2.96665631459995
0.35,0.4307829160924542,G06,concentrated,0.5,alternating_1212,discover_develop,20261007,18.398617120287362,3.4104260914760305,5.479598784151463,1.4641928415432666,7,"[[0.0,0.9943119909368943],[0.9932686283276856,0.78875],[1.0,1.0]]",2.96665631459995
0.35,0.4307829160924542,G06,concentrated,0.5,alternating_1212,discover_develop,20261008,18.398617120287362,3.4104260914760305,5.479598784151463,1.4641928415432666,7,"[[0.0,0.9943119909368943],[0.9932686283276856,0.78875],[1.0,1.0]]",2.96665631459995
0.35,0.4307829160924542,G06,concentrated,0.5,alternating_1212,discover_develop,20261009,18.398617120287362,3.4104260914760305,5.479598784151463,1.4641928415432666,7,"[[0.0,0.9943119909368943],[0.9932686283276856,0.78875],[1.0,1.0]]",2.96665631459995
0.35,0.4307829160924542,G06,concentrated,0.5,alternating_1212,discover_only,20261007,10.256180185518648,2.564045046379662,2.864045046379662,0.7862741699796955,8,"[[0.0,0.0],[0.5,0.5],[1.0,1.0]]",2.96665631459995
0.35,0.4307829160924542,G06,concentrated,0.5,alternating_1212,discover_only,20261008,10.85618018551865,2.564045046379662,2.864045046379662,0.7862741699796955,7,"[[0.0,0.0],[0.5,0.5],[1.0,1.0]]",2.96665631459995
0.35,0.4307829160924542,G06,concentrated,0.5,alternating_1212,discover_only,20261009,10.85618018551865,2.564045046379662,2.864045046379662,0.7862741699796955,7,"[[0.0,0.0],[0.5,0.5],[1.0,1.0]]",2.96665631459995
0.35,0.4307829160924542,G06,concentrated,0.5,alternating_1212,static_known,20261007,11.866625258399798,2.96665631459995,2.96665631459995,0.9888854381999833,3,"[[0.0,0.0],[0.5,0.5],[1.0,1.0]]",2.96665631459995
0.35,0.4307829160924542,G06,concentrated,0.5,alternating_1212,static_known,20261008,11.866625258399798,2.96665631459995,2.96665631459995,0.9888854381999833,3,"[[0.0,0.0],[0.5,0.5],[1.0,1.0]]",2.96665631459995
0.35,0.4307829160924542,G06,concentrated,0.5,alternating_1212,static_known,20261009,11.866625258399798,2.96665631459995,2.96665631459995,0.9888854381999833,3,"[[0.0,0.0],[0.5,0.5],[1.0,1.0]]",2.96665631459995
0.35,0.4307829160924542,G06,concentrated,0.5,change_1122,develop_known,20261007,19.761343988031168,3.7841519214963357,5.663988617952237,1.7383002496982067,1,"[[0.0,0.9943119909368943],[0.9896440435810547,0.8626874999999999],[1.0,1.0]]",2.96665631459995
0.35,0.4307829160924542,G06,concentrated,0.5,change_1122,develop_known,20261008,19.761343988031168,3.7841519214963357,5.663988617952237,1.7383002496982067,1,"[[0.0,0.9943119909368943],[0.9896440435810547,0.8626874999999999],[1.0,1.0]]",2.96665631459995
0.35,0.4307829160924542,G06,concentrated,0.5,change_1122,develop_known,20261009,19.761343988031168,3.7841519214963357,5.663988617952237,1.7383002496982067,1,"[[0.0,0.9943119909368943],[0.9896440435810547,0.8626874999999999],[1.0,1.0]]",2.96665631459995
0.35,0.4307829160924542,G06,concentrated,0.5,change_1122,discover_develop,20261007,18.528607319141216,3.4104260914760305,5.479598784151463,1.7057065252699295,7,"[[0.0,0.9943119909368943],[0.9932686283276856,0.78875],[1.0,1.0]]",2.96665631459995
0.35,0.4307829160924542,G06,concentrated,0.5,change_1122,discover_develop,20261008,18.528607319141216,3.4104260914760305,5.479598784151463,1.7057065252699295,7,"[[0.0,0.9943119909368943],[0.9932686283276856,0.78875],[1.0,1.0]]",2.96665631459995
0.35,0.4307829160924542,G06,concentrated,0.5,change_1122,discover_develop,20261009,18.528607319141216,3.4104260914760305,5.479598784151463,1.7057065252699295,7,"[[0.0,0.9943119909368943],[0.9932686283276856,0.78875],[1.0,1.0]]",2.96665631459995
0.35,0.4307829160924542,G06,concentrated,0.5,change_1122,discover_only,20261007,10.85618018551865,2.564045046379662,2.864045046379662,0.8862741699796954,7,"[[0.0,0.0],[0.5,0.5],[1.0,1.0]]",2.96665631459995
0.35,0.4307829160924542,G06,concentrated,0.5,change_1122,discover_only,20261008,10.85618018551865,2.564045046379662,2.864045046379662,0.8862741699796954,7,"[[0.0,0.0],[0.5,0.5],[1.0,1.0]]",2.96665631459995
0.35,0.4307829160924542,G06,concentrated,0.5,change_1122,discover_only,20261009,10.256180185518648,2.564045046379662,2.864045046379662,0.8862741699796954,8,"[[0.0,0.0],[0.5,0.5],[1.0,1.0]]",2.96665631459995
0.35,0.4307829160924542,G06,concentrated,0.5,change_1122,static_known,20261007,11.866625258399798,2.96665631459995,2.96665631459995,0.9888854381999833,1,"[[0.0,0.0],[0.5,0.5],[1.0,1.0]]",2.96665631459995
0.35,0.4307829160924542,G06,concentrated,0.5,change_1122,static_known,20261008,11.866625258399798,2.96665631459995,2.96665631459995,0.9888854381999833,1,"[[0.0,0.0],[0.5,0.5],[1.0,1.0]]",2.96665631459995
0.35,0.4307829160924542,G06,concentrated,0.5,change_1122,static_known,20261009,11.866625258399798,2.96665631459995,2.96665631459995,0.9888854381999833,1,"[[0.0,0.0],[0.5,0.5],[1.0,1.0]]",2.96665631459995
0.35,0.4307829160924542,G06,concentrated,0.5,persistent_theta1,develop_known,20261007,19.23829487430201,3.7841519214963357,5.290028618392322,,0,"[[0.0,0.9943119909368943],[0.9971559954684471,0.5],[1.0,1.0]]",2.96665631459995
0.35,0.4307829160924542,G06,concentrated,0.5,persistent_theta1,develop_known,20261008,19.23829487430201,3.7841519214963357,5.290028618392322,,0,"[[0.0,0.9943119909368943],[0.9971559954684471,0.5],[1.0,1.0]]",2.96665631459995
0.35,0.4307829160924542,G06,concentrated,0.5,persistent_theta1,develop_known,20261009,19.23829487430201,3.7841519214963357,5.290028618392322,,0,"[[0.0,0.9943119909368943],[0.9971559954684471,0.5],[1.0,1.0]]",2.96665631459995
0.35,0.4307829160924542,G06,concentrated,0.5,persistent_theta1,discover_develop,20261007,17.088654326689262,3.4104260914760305,4.691214090512038,,7,"[[0.0,0.9943119909368943],[0.9971559954684471,0.5],[1.0,1.0]]",2.96665631459995
0.35,0.4307829160924542,G06,concentrated,0.5,persistent_theta1,discover_develop,20261008,17.088654326689262,3.4104260914760305,4.691214090512038,,7,"[[0.0,0.9943119909368943],[0.9971559954684471,0.5],[1.0,1.0]]",2.96665631459995
0.35,0.4307829160924542,G06,concentrated,0.5,persistent_theta1,discover_develop,20261009,17.088654326689262,3.4104260914760305,4.691214090512038,,7,"[[0.0,0.9943119909368943],[0.9971559954684471,0.5],[1.0,1.0]]",2.96665631459995
0.35,0.4307829160924542,G06,concentrated,0.5,persistent_theta1,discover_only,20261007,9.656180185518648,2.564045046379662,2.564045046379662,,8,"[[0.0,0.0],[0.5,0.5],[1.0,1.0]]",2.96665631459995
0.35,0.4307829160924542,G06,concentrated,0.5,persistent_theta1,discover_only,20261008,10.256180185518648,2.564045046379662,2.564045046379662,,7,"[[0.0,0.0],[0.5,0.5],[1.0,1.0]]",2.96665631459995
0.35,0.4307829160924542,G06,concentrated,0.5,persistent_theta1,discover_only,20261009,10.256180185518648,2.564045046379662,2.564045046379662,,7,"[[0.0,0.0],[0.5,0.5],[1.0,1.0]]",2.96665631459995
0.35,0.4307829160924542,G06,concentrated,0.5,persistent_theta1,static_known,20261007,11.866625258399798,2.96665631459995,2.96665631459995,,0,"[[0.0,0.0],[0.5,0.5],[1.0,1.0]]",2.96665631459995
0.35,0.4307829160924542,G06,concentrated,0.5,persistent_theta1,static_known,20261008,11.866625258399798,2.96665631459995,2.96665631459995,,0,"[[0.0,0.0],[0.5,0.5],[1.0,1.0]]",2.96665631459995
0.35,0.4307829160924542,G06,concentrated,0.5,persistent_theta1,static_known,20261009,11.866625258399798,2.96665631459995,2.96665631459995,,0,"[[0.0,0.0],[0.5,0.5],[1.0,1.0]]",2.96665631459995
0.35,0.4307829160924542,G06,concentrated,0.5,persistent_theta2,develop_known,20261007,19.23829487430201,3.7841519214963357,5.290028618392322,,0,"[[0.9943119909368943,0.0],[0.5,0.9971559954684471],[1.0,1.0]]",2.96665631459995
0.35,0.4307829160924542,G06,concentrated,0.5,persistent_theta2,develop_known,20261008,19.23829487430201,3.7841519214963357,5.290028618392322,,0,"[[0.9943119909368943,0.0],[0.5,0.9971559954684471],[1.0,1.0]]",2.96665631459995
0.35,0.4307829160924542,G06,concentrated,0.5,persistent_theta2,develop_known,20261009,19.23829487430201,3.7841519214963357,5.290028618392322,,0,"[[0.9943119909368943,0.0],[0.5,0.9971559954684471],[1.0,1.0]]",2.96665631459995
0.35,0.4307829160924542,G06,concentrated,0.5,persistent_theta2,discover_develop,20261007,18.463798238783998,3.640524217871519,4.991517989024649,,7,"[[0.0,0.9943119909368943],[0.9840677593554688,0.910746875],[1.0,1.0]]",2.96665631459995
0.35,0.4307829160924542,G06,concentrated,0.5,persistent_theta2,discover_develop,20261008,18.463798238783998,3.640524217871519,4.991517989024649,,7,"[[0.0,0.9943119909368943],[0.9840677593554688,0.910746875],[1.0,1.0]]",2.96665631459995
0.35,0.4307829160924542,G06,concentrated,0.5,persistent_theta2,discover_develop,20261009,18.463798238783998,3.640524217871519,4.991517989024649,,7,"[[0.0,0.9943119909368943],[0.9840677593554688,0.910746875],[1.0,1.0]]",2.96665631459995
0.35,0.4307829160924542,G06,concentrated,0.5,persistent_theta2,discover_only,20261007,11.456180185518647,2.864045046379662,2.864045046379662,,7,"[[0.0,0.0],[0.5,0.5],[1.0,1.0]]",2.96665631459995
0.35,0.4307829160924542,G06,concentrated,0.5,persistent_theta2,discover_only,20261008,11.456180185518647,2.864045046379662,2.864045046379662,,7,"[[0.0,0.0],[0.5,0.5],[1.0,1.0]]",2.96665631459995
0.35,0.4307829160924542,G06,concentrated,0.5,persistent_theta2,discover_only,20261009,10.856180185518648,2.864045046379662,2.864045046379662,,8,"[[0.0,0.0],[0.5,0.5],[1.0,1.0]]",2.96665631459995
0.35,0.4307829160924542,G06,concentrated,0.5,persistent_theta2,static_known,20261007,11.866625258399798,2.96665631459995,2.96665631459995,,0,"[[0.0,0.0],[0.5,0.5],[1.0,1.0]]",2.96665631459995
0.35,0.4307829160924542,G06,concentrated,0.5,persistent_theta2,static_known,20261008,11.866625258399798,2.96665631459995,2.96665631459995,,0,"[[0.0,0.0],[0.5,0.5],[1.0,1.0]]",2.96665631459995
0.35,0.4307829160924542,G06,concentrated,0.5,persistent_theta2,static_known,20261009,11.866625258399798,2.96665631459995,2.96665631459995,,0,"[[0.0,0.0],[0.5,0.5],[1.0,1.0]]",2.96665631459995
0.35,0.4307829160924542,G06,concentrated,0.5,recurrent_1221,develop_known,20261007,19.613381667854043,3.7841519214963357,5.247354975345746,1.6577550752867576,2,"[[0.0,0.9943119909368943],[0.9896440435810547,0.8626874999999999],[1.0,1.0]]",2.96665631459995
0.35,0.4307829160924542,G06,concentrated,0.5,recurrent_1221,develop_known,20261008,19.613381667854043,3.7841519214963357,5.247354975345746,1.6577550752867576,2,"[[0.0,0.9943119909368943],[0.9896440435810547,0.8626874999999999],[1.0,1.0]]",2.96665631459995
0.35,0.4307829160924542,G06,concentrated,0.5,recurrent_1221,develop_known,20261009,19.613381667854043,3.7841519214963357,5.247354975345746,1.6577550752867576,2,"[[0.0,0.9943119909368943],[0.9896440435810547,0.8626874999999999],[1.0,1.0]]",2.96665631459995
0.35,0.4307829160924542,G06,concentrated,0.5,recurrent_1221,discover_develop,20261007,18.975331943836693,3.4104260914760305,5.267949652130677,1.63886211372634,6,"[[0.0,0.9943119909368943],[0.9932686283276856,0.78875],[1.0,1.0]]",2.96665631459995
0.35,0.4307829160924542,G06,concentrated,0.5,recurrent_1221,discover_develop,20261008,18.975331943836693,3.4104260914760305,5.267949652130677,1.63886211372634,6,"[[0.0,0.9943119909368943],[0.9932686283276856,0.78875],[1.0,1.0]]",2.96665631459995
0.35,0.4307829160924542,G06,concentrated,0.5,recurrent_1221,discover_develop,20261009,18.975331943836693,3.4104260914760305,5.267949652130677,1.63886211372634,6,"[[0.0,0.9943119909368943],[0.9932686283276856,0.78875],[1.0,1.0]]",2.96665631459995
0.35,0.4307829160924542,G06,concentrated,0.5,recurrent_1221,discover_only,20261007,10.856180185518648,2.564045046379662,2.564045046379662,0.7362741699796955,7,"[[0.0,0.0],[0.5,0.5],[1.0,1.0]]",2.96665631459995
0.35,0.4307829160924542,G06,concentrated,0.5,recurrent_1221,discover_only,20261008,10.856180185518648,2.564045046379662,2.564045046379662,0.7362741699796955,7,"[[0.0,0.0],[0.5,0.5],[1.0,1.0]]",2.96665631459995
0.35,0.4307829160924542,G06,concentrated,0.5,recurrent_1221,discover_only,20261009,10.256180185518648,2.564045046379662,2.564045046379662,0.7362741699796955,8,"[[0.0,0.0],[0.5,0.5],[1.0,1.0]]",2.96665631459995
0.35,0.4307829160924542,G06,concentrated,0.5,recurrent_1221,static_known,20261007,11.866625258399798,2.96665631459995,2.96665631459995,0.9888854381999833,2,"[[0.0,0.0],[0.5,0.5],[1.0,1.0]]",2.96665631459995
0.35,0.4307829160924542,G06,concentrated,0.5,recurrent_1221,static_known,20261008,11.866625258399798,2.96665631459995,2.96665631459995,0.9888854381999833,2,"[[0.0,0.0],[0.5,0.5],[1.0,1.0]]",2.96665631459995
0.35,0.4307829160924542,G06,concentrated,0.5,recurrent_1221,static_known,20261009,11.866625258399798,2.96665631459995,2.96665631459995,0.9888854381999833,2,"[[0.0,0.0],[0.5,0.5],[1.0,1.0]]",2.96665631459995
0.35,0.4307829160924542,G07,partial_overlap,0.5,alternating_1212,develop_known,20261007,19.346937235268687,4.530849398225789,5.097283666375335,1.5896093972840537,3,"[[0.0,1.0],[0.9971559954684471,0.0],[1.0,0.9622905546875]]",3.9735697320844925
0.35,0.4307829160924542,G07,partial_overlap,0.5,alternating_1212,develop_known,20261008,19.346937235268687,4.530849398225789,5.097283666375335,1.5896093972840537,3,"[[0.0,1.0],[0.9971559954684471,0.0],[1.0,0.9622905546875]]",3.9735697320844925
0.35,0.4307829160924542,G07,partial_overlap,0.5,alternating_1212,develop_known,20261009,19.346937235268687,4.530849398225789,5.097283666375335,1.5896093972840537,3,"[[0.0,1.0],[0.9971559954684471,0.0],[1.0,0.9622905546875]]",3.9735697320844925
0.35,0.4307829160924542,G07,partial_overlap,0.5,alternating_1212,discover_develop,20261007,18.27268812335162,4.530849398225789,4.449755589663158,1.3554443621302281,3,"[[0.0,1.0],[0.9971559954684471,0.0],[1.0,0.9107468750000001]]",3.9735697320844925
0.35,0.4307829160924542,G07,partial_overlap,0.5,alternating_1212,discover_develop,20261008,18.27268812335162,4.530849398225789,4.449755589663158,1.3554443621302281,3,"[[0.0,1.0],[0.9971559954684471,0.0],[1.0,0.9107468750000001]]",3.9735697320844925
0.35,0.4307829160924542,G07,partial_overlap,0.5,alternating_1212,discover_develop,20261009,18.27268812335162,4.530849398225789,4.449755589663158,1.3554443621302281,3,"[[0.0,1.0],[0.9971559954684471,0.0],[1.0,0.9107468750000001]]",3.9735697320844925
0.35,0.4307829160924542,G07,partial_overlap,0.5,alternating_1212,discover_only,20261007,15.563859387606547,4.175755076535925,3.6061746172673486,1.1919183588453084,3,"[[0.0,1.0],[0.5,0.0],[1.0,0.5]]",3.9735697320844925
0.35,0.4307829160924542,G07,partial_overlap,0.5,alternating_1212,discover_only,20261008,15.563859387606547,4.175755076535925,3.6061746172673486,1.1919183588453084,3,"[[0.0,1.0],[0.5,0.0],[1.0,0.5]]",3.9735697320844925
0.35,0.4307829160924542,G07,partial_overlap,0.5,alternating_1212,discover_only,20261009,15.563859387606547,4.175755076535925,3.6061746172673486,1.1919183588453084,3,"[[0.0,1.0],[0.5,0.0],[1.0,0.5]]",3.9735697320844925
0.35,0.4307829160924542,G07,partial_overlap,0.5,alternating_1212,static_known,20261007,15.89427892833797,4.175755076535925,3.77138438763306,1.3020582057557828,3,"[[0.0,1.0],[0.5,0.0],[1.0,0.5]]",3.9735697320844925
0.35,0.4307829160924542,G07,partial_overlap,0.5,alternating_1212,static_known,20261008,15.89427892833797,4.175755076535925,3.77138438763306,1.3020582057557828,3,"[[0.0,1.0],[0.5,0.0],[1.0,0.5]]",3.9735697320844925
0.35,0.4307829160924542,G07,partial_overlap,0.5,alternating_1212,static_known,20261009,15.89427892833797,4.175755076535925,3.77138438763306,1.3020582057557828,3,"[[0.0,1.0],[0.5,0.0],[1.0,0.5]]",3.9735697320844925
0.35,0.4307829160924542,G07,partial_overlap,0.5,change_1122,develop_known,20261007,19.242743052153596,4.530849398225789,5.097283666375335,1.3829494601879757,1,"[[0.0,1.0],[0.9971559954684471,0.0],[1.0,0.9622905546875]]",3.9735697320844925
0.35,0.4307829160924542,G07,partial_overlap,0.5,change_1122,develop_known,20261008,19.242743052153596,4.530849398225789,5.097283666375335,1.3829494601879757,1,"[[0.0,1.0],[0.9971559954684471,0.0],[1.0,0.9622905546875]]",3.9735697320844925
0.35,0.4307829160924542,G07,partial_overlap,0.5,change_1122,develop_known,20261009,19.242743052153596,4.530849398225789,5.097283666375335,1.3829494601879757,1,"[[0.0,1.0],[0.9971559954684471,0.0],[1.0,0.9622905546875]]",3.9735697320844925
0.35,0.4307829160924542,G07,partial_overlap,0.5,change_1122,discover_develop,20261007,18.158540664410673,4.530849398225789,4.449755589663158,1.1667533234290852,3,"[[0.0,1.0],[0.9971559954684471,0.0],[1.0,0.9107468750000001]]",3.9735697320844925
0.35,0.4307829160924542,G07,partial_overlap,0.5,change_1122,discover_develop,20261008,18.158540664410673,4.530849398225789,4.449755589663158,1.1667533234290852,3,"[[0.0,1.0],[0.9971559954684471,0.0],[1.0,0.9107468750000001]]",3.9735697320844925
0.35,0.4307829160924542,G07,partial_overlap,0.5,change_1122,discover_develop,20261009,18.158540664410673,4.530849398225789,4.449755589663158,1.1667533234290852,3,"[[0.0,1.0],[0.9971559954684471,0.0],[1.0,0.9107468750000001]]",3.9735697320844925
0.35,0.4307829160924542,G07,partial_overlap,0.5,change_1122,discover_only,20261007,15.233439846875125,4.175755076535925,3.6061746172673486,1.0919183588453085,1,"[[0.0,1.0],[0.5,0.0],[1.0,0.5]]",3.9735697320844925
0.35,0.4307829160924542,G07,partial_overlap,0.5,change_1122,discover_only,20261008,15.563859387606549,4.175755076535925,3.6061746172673486,1.0919183588453085,3,"[[0.0,1.0],[0.5,0.0],[1.0,0.5]]",3.9735697320844925
0.35,0.4307829160924542,G07,partial_overlap,0.5,change_1122,discover_only,20261009,15.563859387606549,4.175755076535925,3.6061746172673486,1.0919183588453085,3,"[[0.0,1.0],[0.5,0.0],[1.0,0.5]]",3.9735697320844925
0.35,0.4307829160924542,G07,partial_overlap,0.5,change_1122,static_known,20261007,15.894278928337972,4.175755076535925,3.77138438763306,1.2571281292110201,1,"[[0.0,1.0],[0.5,0.0],[1.0,0.5]]",3.9735697320844925
0.35,0.4307829160924542,G07,partial_overlap,0.5,change_1122,static_known,20261008,15.894278928337972,4.175755076535925,3.77138438763306,1.2571281292110201,1,"[[0.0,1.0],[0.5,0.0],[1.0,0.5]]",3.9735697320844925
0.35,0.4307829160924542,G07,partial_overlap,0.5,change_1122,static_known,20261009,15.894278928337972,4.175755076535925,3.77138438763306,1.2571281292110201,1,"[[0.0,1.0],[0.5,0.0],[1.0,0.5]]",3.9735697320844925
0.35,0.4307829160924542,G07,partial_overlap,0.5,persistent_theta1,develop_known,20261007,20.193957781198097,4.530849398225789,5.301478216204747,,0,"[[0.0,1.0],[0.9971559954684471,0.0],[1.0,0.5]]",3.9735697320844925
0.35,0.4307829160924542,G07,partial_overlap,0.5,persistent_theta1,develop_known,20261008,20.193957781198097,4.530849398225789,5.301478216204747,,0,"[[0.0,1.0],[0.9971559954684471,0.0],[1.0,0.5]]",3.9735697320844925
0.35,0.4307829160924542,G07,partial_overlap,0.5,persistent_theta1,develop_known,20261009,20.193957781198097,4.530849398225789,5.301478216204747,,0,"[[0.0,1.0],[0.9971559954684471,0.0],[1.0,0.5]]",3.9735697320844925
0.35,0.4307829160924542,G07,partial_overlap,0.5,persistent_theta1,discover_develop,20261007,20.193957781198097,4.530849398225789,5.301478216204747,,0,"[[0.0,1.0],[0.9971559954684471,0.0],[1.0,0.5]]",3.9735697320844925
0.35,0.4307829160924542,G07,partial_overlap,0.5,persistent_theta1,discover_develop,20261008,20.193957781198097,4.530849398225789,5.301478216204747,,0,"[[0.0,1.0],[0.9971559954684471,0.0],[1.0,0.5]]",3.9735697320844925
0.35,0.4307829160924542,G07,partial_overlap,0.5,persistent_theta1,discover_develop,20261009,20.193957781198097,4.530849398225789,5.301478216204747,,0,"[[0.0,1.0],[0.9971559954684471,0.0],[1.0,0.5]]",3.9735697320844925
0.35,0.4307829160924542,G07,partial_overlap,0.5,persistent_theta1,discover_only,20261007,16.703020306143696,4.175755076535925,4.175755076535925,,0,"[[0.0,1.0],[0.5,0.0],[1.0,0.5]]",3.9735697320844925
0.35,0.4307829160924542,G07,partial_overlap,0.5,persistent_theta1,discover_only,20261008,16.703020306143696,4.175755076535925,4.175755076535925,,0,"[[0.0,1.0],[0.5,0.0],[1.0,0.5]]",3.9735697320844925
0.35,0.4307829160924542,G07,partial_overlap,0.5,persistent_theta1,discover_only,20261009,16.703020306143696,4.175755076535925,4.175755076535925,,0,"[[0.0,1.0],[0.5,0.0],[1.0,0.5]]",3.9735697320844925
0.35,0.4307829160924542,G07,partial_overlap,0.5,persistent_theta1,static_known,20261007,16.703020306143696,4.175755076535925,4.175755076535925,,0,"[[0.0,1.0],[0.5,0.0],[1.0,0.5]]",3.9735697320844925
0.35,0.4307829160924542,G07,partial_overlap,0.5,persistent_theta1,static_known,20261008,16.703020306143696,4.175755076535925,4.175755076535925,,0,"[[0.0,1.0],[0.5,0.0],[1.0,0.5]]",3.9735697320844925
0.35,0.4307829160924542,G07,partial_overlap,0.5,persistent_theta1,static_known,20261009,16.703020306143696,4.175755076535925,4.175755076535925,,0,"[[0.0,1.0],[0.5,0.0],[1.0,0.5]]",3.9735697320844925
0.35,0.4307829160924542,G07,partial_overlap,0.5,persistent_theta2,develop_known,20261007,19.813612211326923,4.25283389454225,5.2957632376352635,,0,"[[0.0,1.0],[0.9971559954684471,0.0],[1.0,0.9971559954684471]]",3.9735697320844925
0.35,0.4307829160924542,G07,partial_overlap,0.5,persistent_theta2,develop_known,20261008,19.813612211326923,4.25283389454225,5.2957632376352635,,0,"[[0.0,1.0],[0.9971559954684471,0.0],[1.0,0.9971559954684471]]",3.9735697320844925
0.35,0.4307829160924542,G07,partial_overlap,0.5,persistent_theta2,develop_known,20261009,19.813612211326923,4.25283389454225,5.2957632376352635,,0,"[[0.0,1.0],[0.9971559954684471,0.0],[1.0,0.9971559954684471]]",3.9735697320844925
0.35,0.4307829160924542,G07,partial_overlap,0.5,persistent_theta2,discover_develop,20261007,17.523225977801538,3.8722751435692597,4.666227580033584,,7,"[[0.0,1.0],[0.9971559954684471,0.0],[1.0,0.9840677593554688]]",3.9735697320844925
0.35,0.4307829160924542,G07,partial_overlap,0.5,persistent_theta2,discover_develop,20261008,17.523225977801538,3.8722751435692597,4.666227580033584,,7,"[[0.0,1.0],[0.9971559954684471,0.0],[1.0,0.9840677593554688]]",3.9735697320844925
0.35,0.4307829160924542,G07,partial_overlap,0.5,persistent_theta2,discover_develop,20261009,17.523225977801538,3.8722751435692597,4.666227580033584,,7,"[[0.0,1.0],[0.9971559954684471,0.0],[1.0,0.9840677593554688]]",3.9735697320844925
0.35,0.4307829160924542,G07,partial_overlap,0.5,persistent_theta2,discover_only,20261007,14.094278928337973,3.6061746172673486,3.6061746172673486,,5,"[[0.0,1.0],[0.5,0.0],[1.0,0.5]]",3.9735697320844925
0.35,0.4307829160924542,G07,partial_overlap,0.5,persistent_theta2,discover_only,20261008,14.424698469069396,3.6061746172673486,3.6061746172673486,,7,"[[0.0,1.0],[0.5,0.0],[1.0,0.5]]",3.9735697320844925
0.35,0.4307829160924542,G07,partial_overlap,0.5,persistent_theta2,discover_only,20261009,14.424698469069396,3.6061746172673486,3.6061746172673486,,7,"[[0.0,1.0],[0.5,0.0],[1.0,0.5]]",3.9735697320844925
0.35,0.4307829160924542,G07,partial_overlap,0.5,persistent_theta2,static_known,20261007,15.085537550532242,3.77138438763306,3.77138438763306,,0,"[[0.0,1.0],[0.5,0.0],[1.0,0.5]]",3.9735697320844925
0.35,0.4307829160924542,G07,partial_overlap,0.5,persistent_theta2,static_known,20261008,15.085537550532242,3.77138438763306,3.77138438763306,,0,"[[0.0,1.0],[0.5,0.0],[1.0,0.5]]",3.9735697320844925
0.35,0.4307829160924542,G07,partial_overlap,0.5,persistent_theta2,static_known,20261009,15.085537550532242,3.77138438763306,3.77138438763306,,0,"[[0.0,1.0],[0.5,0.0],[1.0,0.5]]",3.9735697320844925
0.35,0.4307829160924542,G07,partial_overlap,0.5,recurrent_1221,develop_known,20261007,19.374795257748755,4.530849398225789,5.301478216204747,1.5616362232490733,2,"[[0.0,1.0],[0.9971559954684471,0.0],[1.0,0.9622905546875]]",3.9735697320844925
0.35,0.4307829160924542,G07,partial_overlap,0.5,recurrent_1221,develop_known,20261008,19.374795257748755,4.530849398225789,5.301478216204747,1.5616362232490733,2,"[[0.0,1.0],[0.9971559954684471,0.0],[1.0,0.9622905546875]]",3.9735697320844925
0.35,0.4307829160924542,G07,partial_overlap,0.5,recurrent_1221,develop_known,20261009,19.374795257748755,4.530849398225789,5.301478216204747,1.5616362232490733,2,"[[0.0,1.0],[0.9971559954684471,0.0],[1.0,0.9622905546875]]",3.9735697320844925
0.35,0.4307829160924542,G07,partial_overlap,0.5,recurrent_1221,discover_develop,20261007,18.303661099929577,4.530849398225789,5.301478216204747,1.4579959281488661,4,"[[0.0,1.0],[0.9971559954684471,0.0],[1.0,0.9107468750000001]]",3.9735697320844925
0.35,0.4307829160924542,G07,partial_overlap,0.5,recurrent_1221,discover_develop,20261008,18.303661099929577,4.530849398225789,5.301478216204747,1.4579959281488661,4,"[[0.0,1.0],[0.9971559954684471,0.0],[1.0,0.9107468750000001]]",3.9735697320844925
0.35,0.4307829160924542,G07,partial_overlap,0.5,recurrent_1221,discover_develop,20261009,18.303661099929577,4.530849398225789,5.301478216204747,1.4579959281488661,4,"[[0.0,1.0],[0.9971559954684471,0.0],[1.0,0.9107468750000001]]",3.9735697320844925
0.35,0.4307829160924542,G07,partial_overlap,0.5,recurrent_1221,discover_only,20261007,15.233439846875124,4.175755076535925,4.175755076535925,1.2419183588453084,2,"[[0.0,1.0],[0.5,0.0],[1.0,0.5]]",3.9735697320844925
0.35,0.4307829160924542,G07,partial_overlap,0.5,recurrent_1221,discover_only,20261008,15.563859387606547,4.175755076535925,4.175755076535925,1.2419183588453084,4,"[[0.0,1.0],[0.5,0.0],[1.0,0.5]]",3.9735697320844925
0.35,0.4307829160924542,G07,partial_overlap,0.5,recurrent_1221,discover_only,20261009,15.563859387606547,4.175755076535925,4.175755076535925,1.2419183588453084,4,"[[0.0,1.0],[0.5,0.0],[1.0,0.5]]",3.9735697320844925
0.35,0.4307829160924542,G07,partial_overlap,0.5,recurrent_1221,static_known,20261007,15.89427892833797,4.175755076535925,4.175755076535925,1.3245232440281642,2,"[[0.0,1.0],[0.5,0.0],[1.0,0.5]]",3.9735697320844925
0.35,0.4307829160924542,G07,partial_overlap,0.5,recurrent_1221,static_known,20261008,15.89427892833797,4.175755076535925,4.175755076535925,1.3245232440281642,2,"[[0.0,1.0],[0.5,0.0],[1.0,0.5]]",3.9735697320844925
0.35,0.4307829160924542,G07,partial_overlap,0.5,recurrent_1221,static_known,20261009,15.89427892833797,4.175755076535925,4.175755076535925,1.3245232440281642,2,"[[0.0,1.0],[0.5,0.0],[1.0,0.5]]",3.9735697320844925
0.35,0.4307829160924542,G08,redundant,0.5,alternating_1212,develop_known,20261007,18.80264444383932,4.530849398225789,4.992387378221937,1.501509637641145,3,"[[0.0,1.0],[0.98114527734375,0.94343583203125],[0.9985779977342236,0.25]]",3.7976355398128527
0.35,0.4307829160924542,G08,redundant,0.5,alternating_1212,develop_known,20261008,18.80264444383932,4.530849398225789,4.992387378221937,1.501509637641145,3,"[[0.0,1.0],[0.98114527734375,0.94343583203125],[0.9985779977342236,0.25]]",3.7976355398128527
0.35,0.4307829160924542,G08,redundant,0.5,alternating_1212,develop_known,20261009,18.80264444383932,4.530849398225789,4.992387378221937,1.501509637641145,3,"[[0.0,1.0],[0.98114527734375,0.94343583203125],[0.9985779977342236,0.25]]",3.7976355398128527
0.35,0.4307829160924542,G08,redundant,0.5,alternating_1212,discover_develop,20261007,17.800738902768554,4.530849398225789,4.31762947459601,1.348599702691572,3,"[[0.0,1.0],[0.9920338796777344,0.8661203125],[0.9985779977342236,0.25]]",3.7976355398128527
0.35,0.4307829160924542,G08,redundant,0.5,alternating_1212,discover_develop,20261008,17.800738902768554,4.530849398225789,4.31762947459601,1.348599702691572,3,"[[0.0,1.0],[0.9920338796777344,0.8661203125],[0.9985779977342236,0.25]]",3.7976355398128527
0.35,0.4307829160924542,G08,redundant,0.5,alternating_1212,discover_develop,20261009,17.800738902768554,4.530849398225789,4.31762947459601,1.348599702691572,3,"[[0.0,1.0],[0.9920338796777344,0.8661203125],[0.9985779977342236,0.25]]",3.7976355398128527
0.35,0.4307829160924542,G08,redundant,0.5,alternating_1212,discover_only,20261007,15.046781232697555,4.175755076535925,3.3236753853872107,1.1919183588453084,3,"[[0.0,1.0],[0.75,0.25],[0.75,0.25]]",3.7976355398128527
0.35,0.4307829160924542,G08,redundant,0.5,alternating_1212,discover_only,20261008,15.09470154154884,4.175755076535925,3.3715956942384953,1.1919183588453084,3,"[[0.0,1.0],[0.75,0.25],[0.75,0.25]]",3.7976355398128527
0.35,0.4307829160924542,G08,redundant,0.5,alternating_1212,discover_only,20261009,15.09470154154884,4.175755076535925,3.3715956942384953,1.1919183588453084,3,"[[0.0,1.0],[0.75,0.25],[0.75,0.25]]",3.7976355398128527
0.35,0.4307829160924542,G08,redundant,0.5,alternating_1212,static_known,20261007,15.190542159251411,4.175755076535925,3.4195160030897807,1.2238652314128318,3,"[[0.0,1.0],[0.75,0.25],[0.75,0.25]]",3.7976355398128527
0.35,0.4307829160924542,G08,redundant,0.5,alternating_1212,static_known,20261008,15.190542159251411,4.175755076535925,3.4195160030897807,1.2238652314128318,3,"[[0.0,1.0],[0.75,0.25],[0.75,0.25]]",3.7976355398128527
0.35,0.4307829160924542,G08,redundant,0.5,alternating_1212,static_known,20261009,15.190542159251411,4.175755076535925,3.4195160030897807,1.2238652314128318,3,"[[0.0,1.0],[0.75,0.25],[0.75,0.25]]",3.7976355398128527
0.35,0.4307829160924542,G08,redundant,0.5,change_1122,develop_known,20261007,18.748758154586366,4.530849398225789,4.992387378221937,1.1936278020300843,1,"[[0.0,1.0],[0.98114527734375,0.94343583203125],[0.9985779977342236,0.25]]",3.7976355398128527
0.35,0.4307829160924542,G08,redundant,0.5,change_1122,develop_known,20261008,18.748758154586366,4.530849398225789,4.992387378221937,1.1936278020300843,1,"[[0.0,1.0],[0.98114527734375,0.94343583203125],[0.9985779977342236,0.25]]",3.7976355398128527
0.35,0.4307829160924542,G08,redundant,0.5,change_1122,develop_known,20261009,18.748758154586366,4.530849398225789,4.992387378221937,1.1936278020300843,1,"[[0.0,1.0],[0.98114527734375,0.94343583203125],[0.9985779977342236,0.25]]",3.7976355398128527
0.35,0.4307829160924542,G08,redundant,0.5,change_1122,discover_develop,20261007,17.7128498012222,4.530849398225789,4.31762947459601,1.1667533234290852,3,"[[0.0,1.0],[0.9920338796777344,0.8661203125],[0.9985779977342236,0.25]]",3.7976355398128527
0.35,0.4307829160924542,G08,redundant,0.5,change_1122,discover_develop,20261008,17.7128498012222,4.530849398225789,4.31762947459601,1.1667533234290852,3,"[[0.0,1.0],[0.9920338796777344,0.8661203125],[0.9985779977342236,0.25]]",3.7976355398128527
0.35,0.4307829160924542,G08,redundant,0.5,change_1122,discover_develop,20261009,17.7128498012222,4.530849398225789,4.31762947459601,1.1667533234290852,3,"[[0.0,1.0],[0.9920338796777344,0.8661203125],[0.9985779977342236,0.25]]",3.7976355398128527
0.35,0.4307829160924542,G08,redundant,0.5,change_1122,discover_only,20261007,14.950940614994987,4.175755076535925,3.3236753853872107,1.0919183588453085,1,"[[0.0,1.0],[0.75,0.25],[0.75,0.25]]",3.7976355398128527
0.35,0.4307829160924542,G08,redundant,0.5,change_1122,discover_only,20261008,15.094701541548844,4.175755076535925,3.3715956942384953,1.0919183588453085,3,"[[0.0,1.0],[0.75,0.25],[0.75,0.25]]",3.7976355398128527
0.35,0.4307829160924542,G08,redundant,0.5,change_1122,discover_only,20261009,15.094701541548844,4.175755076535925,3.3715956942384953,1.0919183588453085,3,"[[0.0,1.0],[0.75,0.25],[0.75,0.25]]",3.7976355398128527
0.35,0.4307829160924542,G08,redundant,0.5,change_1122,static_known,20261007,15.190542159251414,4.175755076535925,3.4195160030897807,1.1398386676965935,1,"[[0.0,1.0],[0.75,0.25],[0.75,0.25]]",3.7976355398128527
0.35,0.4307829160924542,G08,redundant,0.5,change_1122,static_known,20261008,15.190542159251414,4.175755076535925,3.4195160030897807,1.1398386676965935,1,"[[0.0,1.0],[0.75,0.25],[0.75,0.25]]",3.7976355398128527
0.35,0.4307829160924542,G08,redundant,0.5,change_1122,static_known,20261009,15.190542159251414,4.175755076535925,3.4195160030897807,1.1398386676965935,1,"[[0.0,1.0],[0.75,0.25],[0.75,0.25]]",3.7976355398128527
0.35,0.4307829160924542,G08,redundant,0.5,persistent_theta1,develop_known,20261007,20.193957781198097,4.530849398225789,5.301478216204747,,0,"[[0.0,1.0],[0.9985779977342236,0.25],[0.9985779977342236,0.25]]",3.7976355398128527
0.35,0.4307829160924542,G08,redundant,0.5,persistent_theta1,develop_known,20261008,20.193957781198097,4.530849398225789,5.301478216204747,,0,"[[0.0,1.0],[0.9985779977342236,0.25],[0.9985779977342236,0.25]]",3.7976355398128527
0.35,0.4307829160924542,G08,redundant,0.5,persistent_theta1,develop_known,20261009,20.193957781198097,4.530849398225789,5.301478216204747,,0,"[[0.0,1.0],[0.9985779977342236,0.25],[0.9985779977342236,0.25]]",3.7976355398128527
0.35,0.4307829160924542,G08,redundant,0.5,persistent_theta1,discover_develop,20261007,20.193957781198097,4.530849398225789,5.301478216204747,,0,"[[0.0,1.0],[0.9985779977342236,0.25],[0.9985779977342236,0.25]]",3.7976355398128527
0.35,0.4307829160924542,G08,redundant,0.5,persistent_theta1,discover_develop,20261008,20.193957781198097,4.530849398225789,5.301478216204747,,0,"[[0.0,1.0],[0.9985779977342236,0.25],[0.9985779977342236,0.25]]",3.7976355398128527
0.35,0.4307829160924542,G08,redundant,0.5,persistent_theta1,discover_develop,20261009,20.193957781198097,4.530849398225789,5.301478216204747,,0,"[[0.0,1.0],[0.9985779977342236,0.25],[0.9985779977342236,0.25]]",3.7976355398128527
0.35,0.4307829160924542,G08,redundant,0.5,persistent_theta1,discover_only,20261007,16.703020306143696,4.175755076535925,4.175755076535925,,0,"[[0.0,1.0],[0.75,0.25],[0.75,0.25]]",3.7976355398128527
0.35,0.4307829160924542,G08,redundant,0.5,persistent_theta1,discover_only,20261008,16.703020306143696,4.175755076535925,4.175755076535925,,0,"[[0.0,1.0],[0.75,0.25],[0.75,0.25]]",3.7976355398128527
0.35,0.4307829160924542,G08,redundant,0.5,persistent_theta1,discover_only,20261009,16.703020306143696,4.175755076535925,4.175755076535925,,0,"[[0.0,1.0],[0.75,0.25],[0.75,0.25]]",3.7976355398128527
0.35,0.4307829160924542,G08,redundant,0.5,persistent_theta1,static_known,20261007,16.703020306143696,4.175755076535925,4.175755076535925,,0,"[[0.0,1.0],[0.75,0.25],[0.75,0.25]]",3.7976355398128527
0.35,0.4307829160924542,G08,redundant,0.5,persistent_theta1,static_known,20261008,16.703020306143696,4.175755076535925,4.175755076535925,,0,"[[0.0,1.0],[0.75,0.25],[0.75,0.25]]",3.7976355398128527
0.35,0.4307829160924542,G08,redundant,0.5,persistent_theta1,static_known,20261009,16.703020306143696,4.175755076535925,4.175755076535925,,0,"[[0.0,1.0],[0.75,0.25],[0.75,0.25]]",3.7976355398128527
0.35,0.4307829160924542,G08,redundant,0.5,persistent_theta2,develop_known,20261007,19.47471757759087,4.0070851852577345,5.290540370354217,,0,"[[0.0,1.0],[0.75,0.9957339932026708],[0.9985779977342236,0.25]]",3.7976355398128527
0.35,0.4307829160924542,G08,redundant,0.5,persistent_theta2,develop_known,20261008,19.47471757759087,4.0070851852577345,5.290540370354217,,0,"[[0.0,1.0],[0.75,0.9957339932026708],[0.9985779977342236,0.25]]",3.7976355398128527
0.35,0.4307829160924542,G08,redundant,0.5,persistent_theta2,develop_known,20261009,19.47471757759087,4.0070851852577345,5.290540370354217,,0,"[[0.0,1.0],[0.75,0.9957339932026708],[0.9985779977342236,0.25]]",3.7976355398128527
0.35,0.4307829160924542,G08,redundant,0.5,persistent_theta2,discover_develop,20261007,17.648509208848765,3.6287912952688193,5.226448811163805,,5,"[[0.0,1.0],[0.93134375,0.984466065371582],[0.9985779977342236,0.25]]",3.7976355398128527
0.35,0.4307829160924542,G08,redundant,0.5,persistent_theta2,discover_develop,20261008,17.648509208848765,3.6287912952688193,5.226448811163805,,5,"[[0.0,1.0],[0.93134375,0.984466065371582],[0.9985779977342236,0.25]]",3.7976355398128527
0.35,0.4307829160924542,G08,redundant,0.5,persistent_theta2,discover_develop,20261009,17.648509208848765,3.6287912952688193,5.226448811163805,,5,"[[0.0,1.0],[0.93134375,0.984466065371582],[0.9985779977342236,0.25]]",3.7976355398128527
0.35,0.4307829160924542,G08,redundant,0.5,persistent_theta2,discover_only,20261007,13.342621850400128,3.3715956942384953,3.3236753853872107,,5,"[[0.0,1.0],[0.75,0.25],[0.75,0.25]]",3.7976355398128527
0.35,0.4307829160924542,G08,redundant,0.5,persistent_theta2,discover_only,20261008,13.486382776953985,3.3715956942384953,3.3715956942384953,,7,"[[0.0,1.0],[0.75,0.25],[0.75,0.25]]",3.7976355398128527
0.35,0.4307829160924542,G08,redundant,0.5,persistent_theta2,discover_only,20261009,13.486382776953985,3.3715956942384953,3.3715956942384953,,7,"[[0.0,1.0],[0.75,0.25],[0.75,0.25]]",3.7976355398128527
0.35,0.4307829160924542,G08,redundant,0.5,persistent_theta2,static_known,20261007,13.678064012359124,3.4195160030897807,3.4195160030897807,,0,"[[0.0,1.0],[0.75,0.25],[0.75,0.25]]",3.7976355398128527
0.35,0.4307829160924542,G08,redundant,0.5,persistent_theta2,static_known,20261008,13.678064012359124,3.4195160030897807,3.4195160030897807,,0,"[[0.0,1.0],[0.75,0.25],[0.75,0.25]]",3.7976355398128527
0.35,0.4307829160924542,G08,redundant,0.5,persistent_theta2,static_known,20261009,13.678064012359124,3.4195160030897807,3.4195160030897807,,0,"[[0.0,1.0],[0.75,0.25],[0.75,0.25]]",3.7976355398128527
0.35,0.4307829160924542,G08,redundant,0.5,recurrent_1221,develop_known,20261007,18.81672812911775,4.530849398225789,5.202273507417555,1.4496935750704372,2,"[[0.0,1.0],[0.98114527734375,0.94343583203125],[0.9985779977342236,0.25]]",3.7976355398128527
0.35,0.4307829160924542,G08,redundant,0.5,recurrent_1221,develop_known,20261008,18.81672812911775,4.530849398225789,5.202273507417555,1.4496935750704372,2,"[[0.0,1.0],[0.98114527734375,0.94343583203125],[0.9985779977342236,0.25]]",3.7976355398128527
0.35,0.4307829160924542,G08,redundant,0.5,recurrent_1221,develop_known,20261009,18.81672812911775,4.530849398225789,5.202273507417555,1.4496935750704372,2,"[[0.0,1.0],[0.98114527734375,0.94343583203125],[0.9985779977342236,0.25]]",3.7976355398128527
0.35,0.4307829160924542,G08,redundant,0.5,recurrent_1221,discover_develop,20261007,17.835746202578157,4.530849398225789,5.264259420154379,1.4490149935763104,4,"[[0.0,1.0],[0.9920338796777344,0.8661203125],[0.9985779977342236,0.25]]",3.7976355398128527
0.35,0.4307829160924542,G08,redundant,0.5,recurrent_1221,discover_develop,20261008,17.835746202578157,4.530849398225789,5.264259420154379,1.4490149935763104,4,"[[0.0,1.0],[0.9920338796777344,0.8661203125],[0.9985779977342236,0.25]]",3.7976355398128527
0.35,0.4307829160924542,G08,redundant,0.5,recurrent_1221,discover_develop,20261009,17.835746202578157,4.530849398225789,5.264259420154379,1.4490149935763104,4,"[[0.0,1.0],[0.9920338796777344,0.8661203125],[0.9985779977342236,0.25]]",3.7976355398128527
0.35,0.4307829160924542,G08,redundant,0.5,recurrent_1221,discover_only,20261007,14.99886092384627,4.175755076535925,4.175755076535925,1.2419183588453084,2,"[[0.0,1.0],[0.75,0.25],[0.75,0.25]]",3.7976355398128527
0.35,0.4307829160924542,G08,redundant,0.5,recurrent_1221,discover_only,20261008,15.09470154154884,4.175755076535925,4.175755076535925,1.2419183588453084,4,"[[0.0,1.0],[0.75,0.25],[0.75,0.25]]",3.7976355398128527
0.35,0.4307829160924542,G08,redundant,0.5,recurrent_1221,discover_only,20261009,15.09470154154884,4.175755076535925,4.175755076535925,1.2419183588453084,4,"[[0.0,1.0],[0.75,0.25],[0.75,0.25]]",3.7976355398128527
0.35,0.4307829160924542,G08,redundant,0.5,recurrent_1221,static_known,20261007,15.19054215925141,4.175755076535925,4.175755076535925,1.265878513270951,2,"[[0.0,1.0],[0.75,0.25],[0.75,0.25]]",3.7976355398128527
0.35,0.4307829160924542,G08,redundant,0.5,recurrent_1221,static_known,20261008,15.19054215925141,4.175755076535925,4.175755076535925,1.265878513270951,2,"[[0.0,1.0],[0.75,0.25],[0.75,0.25]]",3.7976355398128527
0.35,0.4307829160924542,G08,redundant,0.5,recurrent_1221,static_known,20261009,15.19054215925141,4.175755076535925,4.175755076535925,1.265878513270951,2,"[[0.0,1.0],[0.75,0.25],[0.75,0.25]]",3.7976355398128527
0.5,0.6931471805599453,G00,generalist,0.0,alternating_1212,develop_known,20261007,20.12311863092576,4.0749869535753085,5.705475753128555,1.6715742213580207,3,"[[0.9375,0.9990234375],[0.9921875,0.9921875],[0.9990234375,0.9375]]",2.96665631459995
0.5,0.6931471805599453,G00,generalist,0.0,alternating_1212,develop_known,20261008,20.12311863092576,4.0749869535753085,5.705475753128555,1.6715742213580207,3,"[[0.9375,0.9990234375],[0.9921875,0.9921875],[0.9990234375,0.9375]]",2.96665631459995
0.5,0.6931471805599453,G00,generalist,0.0,alternating_1212,develop_known,20261009,20.12311863092576,4.0749869535753085,5.705475753128555,1.6715742213580207,3,"[[0.9375,0.9990234375],[0.9921875,0.9921875],[0.9990234375,0.9375]]",2.96665631459995
0.5,0.6931471805599453,G00,generalist,0.0,alternating_1212,discover_develop,20261007,17.498684606365234,3.3511599722697847,4.93414793934442,1.116325697489895,7,"[[0.875,0.99951171875],[0.9921875,0.9921875],[0.99951171875,0.875]]",2.96665631459995
0.5,0.6931471805599453,G00,generalist,0.0,alternating_1212,discover_develop,20261008,17.498684606365234,3.3511599722697847,4.93414793934442,1.116325697489895,7,"[[0.875,0.99951171875],[0.9921875,0.9921875],[0.99951171875,0.875]]",2.96665631459995
0.5,0.6931471805599453,G00,generalist,0.0,alternating_1212,discover_develop,20261009,17.498684606365234,3.3511599722697847,4.93414793934442,1.116325697489895,7,"[[0.875,0.99951171875],[0.9921875,0.9921875],[0.99951171875,0.875]]",2.96665631459995
0.5,0.6931471805599453,G00,generalist,0.0,alternating_1212,discover_only,20261007,10.256180185518648,2.564045046379662,2.864045046379662,0.7862741699796955,8,"[[0.5,0.5],[0.5,0.5],[0.5,0.5]]",2.96665631459995
0.5,0.6931471805599453,G00,generalist,0.0,alternating_1212,discover_only,20261008,10.85618018551865,2.564045046379662,2.864045046379662,0.7862741699796955,7,"[[0.5,0.5],[0.5,0.5],[0.5,0.5]]",2.96665631459995
0.5,0.6931471805599453,G00,generalist,0.0,alternating_1212,discover_only,20261009,10.85618018551865,2.564045046379662,2.864045046379662,0.7862741699796955,7,"[[0.5,0.5],[0.5,0.5],[0.5,0.5]]",2.96665631459995
0.5,0.6931471805599453,G00,generalist,0.0,alternating_1212,static_known,20261007,11.866625258399798,2.96665631459995,2.96665631459995,0.9888854381999833,3,"[[0.5,0.5],[0.5,0.5],[0.5,0.5]]",2.96665631459995
0.5,0.6931471805599453,G00,generalist,0.0,alternating_1212,static_known,20261008,11.866625258399798,2.96665631459995,2.96665631459995,0.9888854381999833,3,"[[0.5,0.5],[0.5,0.5],[0.5,0.5]]",2.96665631459995
0.5,0.6931471805599453,G00,generalist,0.0,alternating_1212,static_known,20261009,11.866625258399798,2.96665631459995,2.96665631459995,0.9888854381999833,3,"[[0.5,0.5],[0.5,0.5],[0.5,0.5]]",2.96665631459995
0.5,0.6931471805599453,G00,generalist,0.0,change_1122,develop_known,20261007,20.170167451805444,4.0749869535753085,5.705475753128555,1.3926320694391472,1,"[[0.9375,0.9990234375],[0.9921875,0.9921875],[0.9990234375,0.9375]]",2.96665631459995
0.5,0.6931471805599453,G00,generalist,0.0,change_1122,develop_known,20261008,20.170167451805444,4.0749869535753085,5.705475753128555,1.3926320694391472,1,"[[0.9375,0.9990234375],[0.9921875,0.9921875],[0.9990234375,0.9375]]",2.96665631459995
0.5,0.6931471805599453,G00,generalist,0.0,change_1122,develop_known,20261009,20.170167451805444,4.0749869535753085,5.705475753128555,1.3926320694391472,1,"[[0.9375,0.9990234375],[0.9921875,0.9921875],[0.9990234375,0.9375]]",2.96665631459995
0.5,0.6931471805599453,G00,generalist,0.0,change_1122,discover_develop,20261007,18.039564788870575,3.3511599722697847,4.901884883903385,1.141866068187972,7,"[[0.875,0.99951171875],[0.99609375,0.984375],[0.99951171875,0.875]]",2.96665631459995
0.5,0.6931471805599453,G00,generalist,0.0,change_1122,discover_develop,20261008,18.039564788870575,3.3511599722697847,4.901884883903385,1.141866068187972,7,"[[0.875,0.99951171875],[0.99609375,0.984375],[0.99951171875,0.875]]",2.96665631459995
0.5,0.6931471805599453,G00,generalist,0.0,change_1122,discover_develop,20261009,18.039564788870575,3.3511599722697847,4.901884883903385,1.141866068187972,7,"[[0.875,0.99951171875],[0.99609375,0.984375],[0.99951171875,0.875]]",2.96665631459995
0.5,0.6931471805599453,G00,generalist,0.0,change_1122,discover_only,20261007,10.85618018551865,2.564045046379662,2.864045046379662,0.8862741699796954,7,"[[0.5,0.5],[0.5,0.5],[0.5,0.5]]",2.96665631459995
0.5,0.6931471805599453,G00,generalist,0.0,change_1122,discover_only,20261008,10.85618018551865,2.564045046379662,2.864045046379662,0.8862741699796954,7,"[[0.5,0.5],[0.5,0.5],[0.5,0.5]]",2.96665631459995
0.5,0.6931471805599453,G00,generalist,0.0,change_1122,discover_only,20261009,10.256180185518648,2.564045046379662,2.864045046379662,0.8862741699796954,8,"[[0.5,0.5],[0.5,0.5],[0.5,0.5]]",2.96665631459995
0.5,0.6931471805599453,G00,generalist,0.0,change_1122,static_known,20261007,11.866625258399798,2.96665631459995,2.96665631459995,0.9888854381999833,1,"[[0.5,0.5],[0.5,0.5],[0.5,0.5]]",2.96665631459995
0.5,0.6931471805599453,G00,generalist,0.0,change_1122,static_known,20261008,11.866625258399798,2.96665631459995,2.96665631459995,0.9888854381999833,1,"[[0.5,0.5],[0.5,0.5],[0.5,0.5]]",2.96665631459995
0.5,0.6931471805599453,G00,generalist,0.0,change_1122,static_known,20261009,11.866625258399798,2.96665631459995,2.96665631459995,0.9888854381999833,1,"[[0.5,0.5],[0.5,0.5],[0.5,0.5]]",2.96665631459995
0.5,0.6931471805599453,G00,generalist,0.0,persistent_theta1,develop_known,20261007,21.376357705853373,4.0749869535753085,5.9038063888416055,,0,"[[0.9921875,0.9921875],[0.9998779296875,0.5],[0.9998779296875,0.5]]",2.96665631459995
0.5,0.6931471805599453,G00,generalist,0.0,persistent_theta1,develop_known,20261008,21.376357705853373,4.0749869535753085,5.9038063888416055,,0,"[[0.9921875,0.9921875],[0.9998779296875,0.5],[0.9998779296875,0.5]]",2.96665631459995
0.5,0.6931471805599453,G00,generalist,0.0,persistent_theta1,develop_known,20261009,21.376357705853373,4.0749869535753085,5.9038063888416055,,0,"[[0.9921875,0.9921875],[0.9998779296875,0.5],[0.9998779296875,0.5]]",2.96665631459995
0.5,0.6931471805599453,G00,generalist,0.0,persistent_theta1,discover_develop,20261007,19.922833681568402,3.3511599722697847,5.682946392610729,,7,"[[0.96875,0.998046875],[0.999755859375,0.75],[0.9998779296875,0.5]]",2.96665631459995
0.5,0.6931471805599453,G00,generalist,0.0,persistent_theta1,discover_develop,20261008,19.922833681568402,3.3511599722697847,5.682946392610729,,7,"[[0.96875,0.998046875],[0.999755859375,0.75],[0.9998779296875,0.5]]",2.96665631459995
0.5,0.6931471805599453,G00,generalist,0.0,persistent_theta1,discover_develop,20261009,19.922833681568402,3.3511599722697847,5.682946392610729,,7,"[[0.96875,0.998046875],[0.999755859375,0.75],[0.9998779296875,0.5]]",2.96665631459995
0.5,0.6931471805599453,G00,generalist,0.0,persistent_theta1,discover_only,20261007,9.656180185518648,2.564045046379662,2.564045046379662,,8,"[[0.5,0.5],[0.5,0.5],[0.5,0.5]]",2.96665631459995
0.5,0.6931471805599453,G00,generalist,0.0,persistent_theta1,discover_only,20261008,10.256180185518648,2.564045046379662,2.564045046379662,,7,"[[0.5,0.5],[0.5,0.5],[0.5,0.5]]",2.96665631459995
0.5,0.6931471805599453,G00,generalist,0.0,persistent_theta1,discover_only,20261009,10.256180185518648,2.564045046379662,2.564045046379662,,7,"[[0.5,0.5],[0.5,0.5],[0.5,0.5]]",2.96665631459995
0.5,0.6931471805599453,G00,generalist,0.0,persistent_theta1,static_known,20261007,11.866625258399798,2.96665631459995,2.96665631459995,,0,"[[0.5,0.5],[0.5,0.5],[0.5,0.5]]",2.96665631459995
0.5,0.6931471805599453,G00,generalist,0.0,persistent_theta1,static_known,20261008,11.866625258399798,2.96665631459995,2.96665631459995,,0,"[[0.5,0.5],[0.5,0.5],[0.5,0.5]]",2.96665631459995
0.5,0.6931471805599453,G00,generalist,0.0,persistent_theta1,static_known,20261009,11.866625258399798,2.96665631459995,2.96665631459995,,0,"[[0.5,0.5],[0.5,0.5],[0.5,0.5]]",2.96665631459995
0.5,0.6931471805599453,G00,generalist,0.0,persistent_theta2,develop_known,20261007,21.376357705853373,4.0749869535753085,5.9038063888416055,,0,"[[0.5,0.9998779296875],[0.5,0.9998779296875],[0.9921875,0.9921875]]",2.96665631459995
0.5,0.6931471805599453,G00,generalist,0.0,persistent_theta2,develop_known,20261008,21.376357705853373,4.0749869535753085,5.9038063888416055,,0,"[[0.5,0.9998779296875],[0.5,0.9998779296875],[0.9921875,0.9921875]]",2.96665631459995
0.5,0.6931471805599453,G00,generalist,0.0,persistent_theta2,develop_known,20261009,21.376357705853373,4.0749869535753085,5.9038063888416055,,0,"[[0.5,0.9998779296875],[0.5,0.9998779296875],[0.9921875,0.9921875]]",2.96665631459995
0.5,0.6931471805599453,G00,generalist,0.0,persistent_theta2,discover_develop,20261007,20.582685862600098,3.919439632726546,5.684202886696021,,7,"[[0.5,0.9998779296875],[0.5,0.9998779296875],[0.998046875,0.96875]]",2.96665631459995
0.5,0.6931471805599453,G00,generalist,0.0,persistent_theta2,discover_develop,20261008,20.582685862600098,3.919439632726546,5.684202886696021,,7,"[[0.5,0.9998779296875],[0.5,0.9998779296875],[0.998046875,0.96875]]",2.96665631459995
0.5,0.6931471805599453,G00,generalist,0.0,persistent_theta2,discover_develop,20261009,20.582685862600098,3.919439632726546,5.684202886696021,,7,"[[0.5,0.9998779296875],[0.5,0.9998779296875],[0.998046875,0.96875]]",2.96665631459995
0.5,0.6931471805599453,G00,generalist,0.0,persistent_theta2,discover_only,20261007,11.456180185518647,2.864045046379662,2.864045046379662,,7,"[[0.5,0.5],[0.5,0.5],[0.5,0.5]]",2.96665631459995
0.5,0.6931471805599453,G00,generalist,0.0,persistent_theta2,discover_only,20261008,11.456180185518647,2.864045046379662,2.864045046379662,,7,"[[0.5,0.5],[0.5,0.5],[0.5,0.5]]",2.96665631459995
0.5,0.6931471805599453,G00,generalist,0.0,persistent_theta2,discover_only,20261009,10.856180185518648,2.864045046379662,2.864045046379662,,8,"[[0.5,0.5],[0.5,0.5],[0.5,0.5]]",2.96665631459995
0.5,0.6931471805599453,G00,generalist,0.0,persistent_theta2,static_known,20261007,11.866625258399798,2.96665631459995,2.96665631459995,,0,"[[0.5,0.5],[0.5,0.5],[0.5,0.5]]",2.96665631459995
0.5,0.6931471805599453,G00,generalist,0.0,persistent_theta2,static_known,20261008,11.866625258399798,2.96665631459995,2.96665631459995,,0,"[[0.5,0.5],[0.5,0.5],[0.5,0.5]]",2.96665631459995
0.5,0.6931471805599453,G00,generalist,0.0,persistent_theta2,static_known,20261009,11.866625258399798,2.96665631459995,2.96665631459995,,0,"[[0.5,0.5],[0.5,0.5],[0.5,0.5]]",2.96665631459995
0.5,0.6931471805599453,G00,generalist,0.0,recurrent_1221,develop_known,20261007,20.12311863092576,4.0749869535753085,5.705475753128555,1.5822695215505345,2,"[[0.9375,0.9990234375],[0.9921875,0.9921875],[0.9990234375,0.9375]]",2.96665631459995
0.5,0.6931471805599453,G00,generalist,0.0,recurrent_1221,develop_known,20261008,20.12311863092576,4.0749869535753085,5.705475753128555,1.5822695215505345,2,"[[0.9375,0.9990234375],[0.9921875,0.9921875],[0.9990234375,0.9375]]",2.96665631459995
0.5,0.6931471805599453,G00,generalist,0.0,recurrent_1221,develop_known,20261009,20.12311863092576,4.0749869535753085,5.705475753128555,1.5822695215505345,2,"[[0.9375,0.9990234375],[0.9921875,0.9921875],[0.9990234375,0.9375]]",2.96665631459995
0.5,0.6931471805599453,G00,generalist,0.0,recurrent_1221,discover_develop,20261007,18.062375197140046,3.3511599722697847,4.901884883903385,1.1015788782717044,7,"[[0.875,0.99951171875],[0.984375,0.99609375],[0.99951171875,0.875]]",2.96665631459995
0.5,0.6931471805599453,G00,generalist,0.0,recurrent_1221,discover_develop,20261008,18.062375197140046,3.3511599722697847,4.901884883903385,1.1015788782717044,7,"[[0.875,0.99951171875],[0.984375,0.99609375],[0.99951171875,0.875]]",2.96665631459995
0.5,0.6931471805599453,G00,generalist,0.0,recurrent_1221,discover_develop,20261009,18.062375197140046,3.3511599722697847,4.901884883903385,1.1015788782717044,7,"[[0.875,0.99951171875],[0.984375,0.99609375],[0.99951171875,0.875]]",2.96665631459995
0.5,0.6931471805599453,G00,generalist,0.0,recurrent_1221,discover_only,20261007,10.856180185518648,2.564045046379662,2.564045046379662,0.7362741699796955,7,"[[0.5,0.5],[0.5,0.5],[0.5,0.5]]",2.96665631459995
0.5,0.6931471805599453,G00,generalist,0.0,recurrent_1221,discover_only,20261008,10.856180185518648,2.564045046379662,2.564045046379662,0.7362741699796955,7,"[[0.5,0.5],[0.5,0.5],[0.5,0.5]]",2.96665631459995
0.5,0.6931471805599453,G00,generalist,0.0,recurrent_1221,discover_only,20261009,10.256180185518648,2.564045046379662,2.564045046379662,0.7362741699796955,8,"[[0.5,0.5],[0.5,0.5],[0.5,0.5]]",2.96665631459995
0.5,0.6931471805599453,G00,generalist,0.0,recurrent_1221,static_known,20261007,11.866625258399798,2.96665631459995,2.96665631459995,0.9888854381999833,2,"[[0.5,0.5],[0.5,0.5],[0.5,0.5]]",2.96665631459995
0.5,0.6931471805599453,G00,generalist,0.0,recurrent_1221,static_known,20261008,11.866625258399798,2.96665631459995,2.96665631459995,0.9888854381999833,2,"[[0.5,0.5],[0.5,0.5],[0.5,0.5]]",2.96665631459995
0.5,0.6931471805599453,G00,generalist,0.0,recurrent_1221,static_known,20261009,11.866625258399798,2.96665631459995,2.96665631459995,0.9888854381999833,2,"[[0.5,0.5],[0.5,0.5],[0.5,0.5]]",2.96665631459995
0.5,0.6931471805599453,G01,complementary,0.25,alternating_1212,discover_develop,20261007,17.29442460463605,3.6258294791422405,4.679057500838184,1.1500061260446677,4,"[[0.25,0.99993896484375],[0.9921875,0.9921875],[0.99993896484375,0.25]]",3.4195160030897807
0.5,0.6931471805599453,G01,complementary,0.25,alternating_1212,discover_develop,20261008,17.29442460463605,3.6258294791422405,4.679057500838184,1.1500061260446677,4,"[[0.25,0.99993896484375],[0.9921875,0.9921875],[0.99993896484375,0.25]]",3.4195160030897807
0.5,0.6931471805599453,G01,complementary,0.25,alternating_1212,discover_develop,20261009,17.29442460463605,3.6258294791422405,4.679057500838184,1.1500061260446677,4,"[[0.25,0.99993896484375],[0.9921875,0.9921875],[0.99993896484375,0.25]]",3.4195160030897807
0.5,0.6931471805599453,G01,complementary,0.25,change_1122,discover_develop,20261007,17.79240593636552,3.6258294791422405,4.644900687094796,1.1661715422930283,4,"[[0.25,0.99993896484375],[0.99609375,0.984375],[0.99993896484375,0.25]]",3.4195160030897807
0.5,0.6931471805599453,G01,complementary,0.25,change_1122,discover_develop,20261008,17.79240593636552,3.6258294791422405,4.644900687094796,1.1661715422930283,4,"[[0.25,0.99993896484375],[0.99609375,0.984375],[0.99993896484375,0.25]]",3.4195160030897807
0.5,0.6931471805599453,G01,complementary,0.25,change_1122,discover_develop,20261009,17.79240593636552,3.6258294791422405,4.644900687094796,1.1661715422930283,4,"[[0.25,0.99993896484375],[0.99609375,0.984375],[0.99993896484375,0.25]]",3.4195160030897807
0.5,0.6931471805599453,G01,complementary,0.25,persistent_theta1,discover_develop,20261007,19.327085310491604,3.6258294791422405,5.314199702045617,,1,"[[0.25,0.99993896484375],[0.999755859375,0.75],[0.99993896484375,0.25]]",3.4195160030897807
0.5,0.6931471805599453,G01,complementary,0.25,persistent_theta1,discover_develop,20261008,19.327085310491604,3.6258294791422405,5.314199702045617,,1,"[[0.25,0.99993896484375],[0.999755859375,0.75],[0.99993896484375,0.25]]",3.4195160030897807
0.5,0.6931471805599453,G01,complementary,0.25,persistent_theta1,discover_develop,20261009,19.327085310491604,3.6258294791422405,5.314199702045617,,1,"[[0.25,0.99993896484375],[0.999755859375,0.75],[0.99993896484375,0.25]]",3.4195160030897807
0.5,0.6931471805599453,G01,complementary,0.25,persistent_theta2,discover_develop,20261007,20.0064163980085,4.211047420555656,5.315486836986703,,0,"[[0.25,0.99993896484375],[0.5,0.9998779296875],[0.99993896484375,0.25]]",3.4195160030897807
0.5,0.6931471805599453,G01,complementary,0.25,persistent_theta2,discover_develop,20261008,20.0064163980085,4.211047420555656,5.315486836986703,,0,"[[0.25,0.99993896484375],[0.5,0.9998779296875],[0.99993896484375,0.25]]",3.4195160030897807
0.5,0.6931471805599453,G01,complementary,0.25,persistent_theta2,discover_develop,20261009,20.0064163980085,4.211047420555656,5.315486836986703,,0,"[[0.25,0.99993896484375],[0.5,0.9998779296875],[0.99993896484375,0.25]]",3.4195160030897807
0.5,0.6931471805599453,G01,complementary,0.25,recurrent_1221,discover_develop,20261007,17.858121612329064,3.6258294791422405,4.644900687094796,1.1461357661401883,3,"[[0.25,0.99993896484375],[0.984375,0.99609375],[0.99993896484375,0.25]]",3.4195160030897807
0.5,0.6931471805599453,G01,complementary,0.25,recurrent_1221,discover_develop,20261008,17.858121612329064,3.6258294791422405,4.644900687094796,1.1461357661401883,3,"[[0.25,0.99993896484375],[0.984375,0.99609375],[0.99993896484375,0.25]]",3.4195160030897807
0.5,0.6931471805599453,G01,complementary,0.25,recurrent_1221,discover_develop,20261009,17.858121612329064,3.6258294791422405,4.644900687094796,1.1461357661401883,3,"[[0.25,0.99993896484375],[0.984375,0.99609375],[0.99993896484375,0.25]]",3.4195160030897807
0.5,0.6931471805599453,G02,concentrated,0.25,alternating_1212,discover_develop,20261007,17.602833831994314,3.42507040707806,4.949331799579761,1.102191838965388,7,"[[0.8125,0.999267578125],[0.99951171875,0.875],[0.99609375,0.99609375]]",3.0529949748426484
0.5,0.6931471805599453,G02,concentrated,0.25,alternating_1212,discover_develop,20261008,17.602833831994314,3.42507040707806,4.949331799579761,1.102191838965388,7,"[[0.8125,0.999267578125],[0.99951171875,0.875],[0.99609375,0.99609375]]",3.0529949748426484
0.5,0.6931471805599453,G02,concentrated,0.25,alternating_1212,discover_develop,20261009,17.602833831994314,3.42507040707806,4.949331799579761,1.102191838965388,7,"[[0.8125,0.999267578125],[0.99951171875,0.875],[0.99609375,0.99609375]]",3.0529949748426484
0.5,0.6931471805599453,G02,concentrated,0.25,change_1122,discover_develop,20261007,18.23493055333775,3.42507040707806,4.933206085686572,1.1294602190201344,7,"[[0.8125,0.999267578125],[0.99951171875,0.875],[0.998046875,0.9921875]]",3.0529949748426484
0.5,0.6931471805599453,G02,concentrated,0.25,change_1122,discover_develop,20261008,18.23493055333775,3.42507040707806,4.933206085686572,1.1294602190201344,7,"[[0.8125,0.999267578125],[0.99951171875,0.875],[0.998046875,0.9921875]]",3.0529949748426484
0.5,0.6931471805599453,G02,concentrated,0.25,change_1122,discover_develop,20261009,18.23493055333775,3.42507040707806,4.933206085686572,1.1294602190201344,7,"[[0.8125,0.999267578125],[0.99951171875,0.875],[0.998046875,0.9921875]]",3.0529949748426484
0.5,0.6931471805599453,G02,concentrated,0.25,persistent_theta1,discover_develop,20261007,19.918852217743506,3.42507040707806,5.663509555986101,,7,"[[0.953125,0.9970703125],[0.9998779296875,0.5],[0.9998779296875,0.875]]",3.0529949748426484
0.5,0.6931471805599453,G02,concentrated,0.25,persistent_theta1,discover_develop,20261008,19.918852217743506,3.42507040707806,5.663509555986101,,7,"[[0.953125,0.9970703125],[0.9998779296875,0.5],[0.9998779296875,0.875]]",3.0529949748426484
0.5,0.6931471805599453,G02,concentrated,0.25,persistent_theta1,discover_develop,20261009,19.918852217743506,3.42507040707806,5.663509555986101,,7,"[[0.953125,0.9970703125],[0.9998779296875,0.5],[0.9998779296875,0.875]]",3.0529949748426484
0.5,0.6931471805599453,G02,concentrated,0.25,persistent_theta2,discover_develop,20261007,20.582685862600098,3.919439632726546,5.684202886696021,,7,"[[0.25,0.99981689453125],[0.998046875,0.96875],[0.75,0.99993896484375]]",3.0529949748426484
0.5,0.6931471805599453,G02,concentrated,0.25,persistent_theta2,discover_develop,20261008,20.582685862600098,3.919439632726546,5.684202886696021,,7,"[[0.25,0.99981689453125],[0.998046875,0.96875],[0.75,0.99993896484375]]",3.0529949748426484
0.5,0.6931471805599453,G02,concentrated,0.25,persistent_theta2,discover_develop,20261009,20.582685862600098,3.919439632726546,5.684202886696021,,7,"[[0.25,0.99981689453125],[0.998046875,0.96875],[0.75,0.99993896484375]]",3.0529949748426484
0.5,0.6931471805599453,G02,concentrated,0.25,recurrent_1221,discover_develop,20261007,18.179506563249397,3.42507040707806,4.859455523553578,1.0790429802835253,7,"[[0.8125,0.999267578125],[0.99951171875,0.875],[0.9921875,0.998046875]]",3.0529949748426484
0.5,0.6931471805599453,G02,concentrated,0.25,recurrent_1221,discover_develop,20261008,18.179506563249397,3.42507040707806,4.859455523553578,1.0790429802835253,7,"[[0.8125,0.999267578125],[0.99951171875,0.875],[0.9921875,0.998046875]]",3.0529949748426484
0.5,0.6931471805599453,G02,concentrated,0.25,recurrent_1221,discover_develop,20261009,18.179506563249397,3.42507040707806,4.859455523553578,1.0790429802835253,7,"[[0.8125,0.999267578125],[0.99951171875,0.875],[0.9921875,0.998046875]]",3.0529949748426484
0.5,0.6931471805599453,G03,partial_overlap,0.25,alternating_1212,discover_develop,20261007,18.14780994487483,4.211047420555656,4.5748082623824,1.3522120103357966,3,"[[0.25,0.99993896484375],[0.9998779296875,0.25],[0.9990234375,0.96875]]",3.3261829471342965
0.5,0.6931471805599453,G03,partial_overlap,0.25,alternating_1212,discover_develop,20261008,18.14780994487483,4.211047420555656,4.5748082623824,1.3522120103357966,3,"[[0.25,0.99993896484375],[0.9998779296875,0.25],[0.9990234375,0.96875]]",3.3261829471342965
0.5,0.6931471805599453,G03,partial_overlap,0.25,alternating_1212,discover_develop,20261009,18.14780994487483,4.211047420555656,4.5748082623824,1.3522120103357966,3,"[[0.25,0.99993896484375],[0.9998779296875,0.25],[0.9990234375,0.96875]]",3.3261829471342965
0.5,0.6931471805599453,G03,partial_overlap,0.25,change_1122,discover_develop,20261007,18.104304804219087,4.211047420555656,4.5748082623824,1.1673696644174245,3,"[[0.25,0.99993896484375],[0.9998779296875,0.25],[0.9990234375,0.96875]]",3.3261829471342965
0.5,0.6931471805599453,G03,partial_overlap,0.25,change_1122,discover_develop,20261008,18.104304804219087,4.211047420555656,4.5748082623824,1.1673696644174245,3,"[[0.25,0.99993896484375],[0.9998779296875,0.25],[0.9990234375,0.96875]]",3.3261829471342965
0.5,0.6931471805599453,G03,partial_overlap,0.25,change_1122,discover_develop,20261009,18.104304804219087,4.211047420555656,4.5748082623824,1.1673696644174245,3,"[[0.25,0.99993896484375],[0.9998779296875,0.25],[0.9990234375,0.96875]]",3.3261829471342965
0.5,0.6931471805599453,G03,partial_overlap,0.25,persistent_theta1,discover_develop,20261007,20.0064163980085,4.211047420555656,5.315486836986703,,0,"[[0.25,0.99993896484375],[0.9998779296875,0.25],[0.99993896484375,0.5]]",3.3261829471342965
0.5,0.6931471805599453,G03,partial_overlap,0.25,persistent_theta1,discover_develop,20261008,20.0064163980085,4.211047420555656,5.315486836986703,,0,"[[0.25,0.99993896484375],[0.9998779296875,0.25],[0.99993896484375,0.5]]",3.3261829471342965
0.5,0.6931471805599453,G03,partial_overlap,0.25,persistent_theta1,discover_develop,20261009,20.0064163980085,4.211047420555656,5.315486836986703,,0,"[[0.25,0.99993896484375],[0.9998779296875,0.25],[0.99993896484375,0.5]]",3.3261829471342965
0.5,0.6931471805599453,G03,partial_overlap,0.25,persistent_theta2,discover_develop,20261007,19.46642430020591,3.5862456398462217,5.662071300410293,,7,"[[0.25,0.99993896484375],[0.998046875,0.953125],[0.9375,0.99951171875]]",3.3261829471342965
0.5,0.6931471805599453,G03,partial_overlap,0.25,persistent_theta2,discover_develop,20261008,19.46642430020591,3.5862456398462217,5.662071300410293,,7,"[[0.25,0.99993896484375],[0.998046875,0.953125],[0.9375,0.99951171875]]",3.3261829471342965
0.5,0.6931471805599453,G03,partial_overlap,0.25,persistent_theta2,discover_develop,20261009,19.46642430020591,3.5862456398462217,5.662071300410293,,7,"[[0.25,0.99993896484375],[0.998046875,0.953125],[0.9375,0.99951171875]]",3.3261829471342965
0.5,0.6931471805599453,G03,partial_overlap,0.25,recurrent_1221,discover_develop,20261007,18.159334116309815,4.211047420555656,5.3058324597685065,1.4484521935930887,4,"[[0.25,0.99993896484375],[0.9998779296875,0.25],[0.9990234375,0.96875]]",3.3261829471342965
0.5,0.6931471805599453,G03,partial_overlap,0.25,recurrent_1221,discover_develop,20261008,18.159334116309815,4.211047420555656,5.3058324597685065,1.4484521935930887,4,"[[0.25,0.99993896484375],[0.9998779296875,0.25],[0.9990234375,0.96875]]",3.3261829471342965
0.5,0.6931471805599453,G03,partial_overlap,0.25,recurrent_1221,discover_develop,20261009,18.159334116309815,4.211047420555656,5.3058324597685065,1.4484521935930887,4,"[[0.25,0.99993896484375],[0.9998779296875,0.25],[0.9990234375,0.96875]]",3.3261829471342965
0.5,0.6931471805599453,G04,redundant,0.25,alternating_1212,discover_develop,20261007,18.25547693587037,4.211047420555656,4.768917136436869,1.3491928545250926,3,"[[0.25,0.99993896484375],[0.99853515625,0.9609375],[0.9996337890625,0.84375]]",3.2959165245236783
0.5,0.6931471805599453,G04,redundant,0.25,alternating_1212,discover_develop,20261008,18.25547693587037,4.211047420555656,4.768917136436869,1.3491928545250926,3,"[[0.25,0.99993896484375],[0.99853515625,0.9609375],[0.9996337890625,0.84375]]",3.2959165245236783
0.5,0.6931471805599453,G04,redundant,0.25,alternating_1212,discover_develop,20261009,18.25547693587037,4.211047420555656,4.768917136436869,1.3491928545250926,3,"[[0.25,0.99993896484375],[0.99853515625,0.9609375],[0.9996337890625,0.84375]]",3.2959165245236783
0.5,0.6931471805599453,G04,redundant,0.25,change_1122,discover_develop,20261007,18.22259566366425,4.211047420555656,4.768917136436869,1.1673696644174245,3,"[[0.25,0.99993896484375],[0.99853515625,0.9609375],[0.9996337890625,0.84375]]",3.2959165245236783
0.5,0.6931471805599453,G04,redundant,0.25,change_1122,discover_develop,20261008,18.22259566366425,4.211047420555656,4.768917136436869,1.1673696644174245,3,"[[0.25,0.99993896484375],[0.99853515625,0.9609375],[0.9996337890625,0.84375]]",3.2959165245236783
0.5,0.6931471805599453,G04,redundant,0.25,change_1122,discover_develop,20261009,18.22259566366425,4.211047420555656,4.768917136436869,1.1673696644174245,3,"[[0.25,0.99993896484375],[0.99853515625,0.9609375],[0.9996337890625,0.84375]]",3.2959165245236783
0.5,0.6931471805599453,G04,redundant,0.25,persistent_theta1,discover_develop,20261007,20.0064163980085,4.211047420555656,5.315486836986703,,0,"[[0.25,0.99993896484375],[0.999908447265625,0.375],[0.999908447265625,0.375]]",3.2959165245236783
0.5,0.6931471805599453,G04,redundant,0.25,persistent_theta1,discover_develop,20261008,20.0064163980085,4.211047420555656,5.315486836986703,,0,"[[0.25,0.99993896484375],[0.999908447265625,0.375],[0.999908447265625,0.375]]",3.2959165245236783
0.5,0.6931471805599453,G04,redundant,0.25,persistent_theta1,discover_develop,20261009,20.0064163980085,4.211047420555656,5.315486836986703,,0,"[[0.25,0.99993896484375],[0.999908447265625,0.375],[0.999908447265625,0.375]]",3.2959165245236783
0.5,0.6931471805599453,G04,redundant,0.25,persistent_theta2,discover_develop,20261007,20.07038137965312,3.5473503260432873,5.6743031708593525,,7,"[[0.25,0.99993896484375],[0.8125,0.99969482421875],[0.99853515625,0.9609375]]",3.2959165245236783
0.5,0.6931471805599453,G04,redundant,0.25,persistent_theta2,discover_develop,20261008,20.07038137965312,3.5473503260432873,5.6743031708593525,,7,"[[0.25,0.99993896484375],[0.8125,0.99969482421875],[0.99853515625,0.9609375]]",3.2959165245236783
0.5,0.6931471805599453,G04,redundant,0.25,persistent_theta2,discover_develop,20261009,20.07038137965312,3.5473503260432873,5.6743031708593525,,7,"[[0.25,0.99993896484375],[0.8125,0.99969482421875],[0.99853515625,0.9609375]]",3.2959165245236783
0.5,0.6931471805599453,G04,redundant,0.25,recurrent_1221,discover_develop,20261007,18.272934009065917,4.211047420555656,5.298107516664839,1.4462448430174901,4,"[[0.25,0.99993896484375],[0.99853515625,0.9609375],[0.9996337890625,0.84375]]",3.2959165245236783
0.5,0.6931471805599453,G04,redundant,0.25,recurrent_1221,discover_develop,20261008,18.272934009065917,4.211047420555656,5.298107516664839,1.4462448430174901,4,"[[0.25,0.99993896484375],[0.99853515625,0.9609375],[0.9996337890625,0.84375]]",3.2959165245236783
0.5,0.6931471805599453,G04,redundant,0.25,recurrent_1221,discover_develop,20261009,18.272934009065917,4.211047420555656,5.298107516664839,1.4462448430174901,4,"[[0.25,0.99993896484375],[0.99853515625,0.9609375],[0.9996337890625,0.84375]]",3.2959165245236783
0.5,0.6931471805599453,G05,complementary,0.5,alternating_1212,discover_develop,20261007,17.799102513684876,4.067156927460951,4.679928099979644,1.162083767271307,4,"[[0.0,1.0],[0.9921875,0.9921875],[1.0,0.0]]",4.175755076535925
0.5,0.6931471805599453,G05,complementary,0.5,alternating_1212,discover_develop,20261008,17.799102513684876,4.067156927460951,4.679928099979644,1.162083767271307,4,"[[0.0,1.0],[0.9921875,0.9921875],[1.0,0.0]]",4.175755076535925
0.5,0.6931471805599453,G05,complementary,0.5,alternating_1212,discover_develop,20261009,17.799102513684876,4.067156927460951,4.679928099979644,1.162083767271307,4,"[[0.0,1.0],[0.9921875,0.9921875],[1.0,0.0]]",4.175755076535925
0.5,0.6931471805599453,G05,complementary,0.5,change_1122,discover_develop,20261007,18.297176498526937,4.067156927460951,4.645771127064724,1.1701521067833858,4,"[[0.0,1.0],[0.99609375,0.984375],[1.0,0.0]]",4.175755076535925
0.5,0.6931471805599453,G05,complementary,0.5,change_1122,discover_develop,20261008,18.297176498526937,4.067156927460951,4.645771127064724,1.1701521067833858,4,"[[0.0,1.0],[0.99609375,0.984375],[1.0,0.0]]",4.175755076535925
0.5,0.6931471805599453,G05,complementary,0.5,change_1122,discover_develop,20261009,18.297176498526937,4.067156927460951,4.645771127064724,1.1701521067833858,4,"[[0.0,1.0],[0.99609375,0.984375],[1.0,0.0]]",4.175755076535925
0.5,0.6931471805599453,G05,complementary,0.5,persistent_theta1,discover_develop,20261007,19.83187263955193,4.067156927460951,5.315070750020441,,1,"[[0.0,1.0],[0.999755859375,0.75],[1.0,0.0]]",4.175755076535925
0.5,0.6931471805599453,G05,complementary,0.5,persistent_theta1,discover_develop,20261008,19.83187263955193,4.067156927460951,5.315070750020441,,1,"[[0.0,1.0],[0.999755859375,0.75],[1.0,0.0]]",4.175755076535925
0.5,0.6931471805599453,G05,complementary,0.5,persistent_theta1,discover_develop,20261009,19.83187263955193,4.067156927460951,5.315070750020441,,1,"[[0.0,1.0],[0.999755859375,0.75],[1.0,0.0]]",4.175755076535925
0.5,0.6931471805599453,G05,complementary,0.5,persistent_theta2,discover_develop,20261007,20.512318748464377,4.653416614619776,5.316357902662258,,0,"[[0.0,1.0],[0.5,0.9998779296875],[1.0,0.0]]",4.175755076535925
0.5,0.6931471805599453,G05,complementary,0.5,persistent_theta2,discover_develop,20261008,20.512318748464377,4.653416614619776,5.316357902662258,,0,"[[0.0,1.0],[0.5,0.9998779296875],[1.0,0.0]]",4.175755076535925
0.5,0.6931471805599453,G05,complementary,0.5,persistent_theta2,discover_develop,20261009,20.512318748464377,4.653416614619776,5.316357902662258,,0,"[[0.0,1.0],[0.5,0.9998779296875],[1.0,0.0]]",4.175755076535925
0.5,0.6931471805599453,G05,complementary,0.5,recurrent_1221,discover_develop,20261007,18.362801498526935,4.067156927460951,4.645771127064724,1.162264568814791,3,"[[0.0,1.0],[0.984375,0.99609375],[1.0,0.0]]",4.175755076535925
0.5,0.6931471805599453,G05,complementary,0.5,recurrent_1221,discover_develop,20261008,18.362801498526935,4.067156927460951,4.645771127064724,1.162264568814791,3,"[[0.0,1.0],[0.984375,0.99609375],[1.0,0.0]]",4.175755076535925
0.5,0.6931471805599453,G05,complementary,0.5,recurrent_1221,discover_develop,20261009,18.362801498526935,4.067156927460951,4.645771127064724,1.162264568814791,3,"[[0.0,1.0],[0.984375,0.99609375],[1.0,0.0]]",4.175755076535925
0.5,0.6931471805599453,G06,concentrated,0.5,alternating_1212,develop_known,20261007,20.1730393862274,4.0749869535753085,5.306437823052439,1.7571778807511895,3,"[[0.999755859375,0.0],[0.9375,0.9990234375],[1.0,1.0]]",2.96665631459995
0.5,0.6931471805599453,G06,concentrated,0.5,alternating_1212,develop_known,20261008,20.1730393862274,4.0749869535753085,5.306437823052439,1.7571778807511895,3,"[[0.999755859375,0.0],[0.9375,0.9990234375],[1.0,1.0]]",2.96665631459995
0.5,0.6931471805599453,G06,concentrated,0.5,alternating_1212,develop_known,20261009,20.1730393862274,4.0749869535753085,5.306437823052439,1.7571778807511895,3,"[[0.999755859375,0.0],[0.9375,0.9990234375],[1.0,1.0]]",2.96665631459995
0.5,0.6931471805599453,G06,concentrated,0.5,alternating_1212,discover_develop,20261007,19.133276217448564,3.6350800801418166,5.572720305612295,1.5296459541710379,7,"[[0.0,0.999755859375],[0.99951171875,0.875],[1.0,1.0]]",2.96665631459995
0.5,0.6931471805599453,G06,concentrated,0.5,alternating_1212,discover_develop,20261008,19.133276217448564,3.6350800801418166,5.572720305612295,1.5296459541710379,7,"[[0.0,0.999755859375],[0.99951171875,0.875],[1.0,1.0]]",2.96665631459995
0.5,0.6931471805599453,G06,concentrated,0.5,alternating_1212,discover_develop,20261009,19.133276217448564,3.6350800801418166,5.572720305612295,1.5296459541710379,7,"[[0.0,0.999755859375],[0.99951171875,0.875],[1.0,1.0]]",2.96665631459995
0.5,0.6931471805599453,G06,concentrated,0.5,alternating_1212,discover_only,20261007,10.256180185518648,2.564045046379662,2.864045046379662,0.7862741699796955,8,"[[0.0,0.0],[0.5,0.5],[1.0,1.0]]",2.96665631459995
0.5,0.6931471805599453,G06,concentrated,0.5,alternating_1212,discover_only,20261008,10.85618018551865,2.564045046379662,2.864045046379662,0.7862741699796955,7,"[[0.0,0.0],[0.5,0.5],[1.0,1.0]]",2.96665631459995
0.5,0.6931471805599453,G06,concentrated,0.5,alternating_1212,discover_only,20261009,10.85618018551865,2.564045046379662,2.864045046379662,0.7862741699796955,7,"[[0.0,0.0],[0.5,0.5],[1.0,1.0]]",2.96665631459995
0.5,0.6931471805599453,G06,concentrated,0.5,alternating_1212,static_known,20261007,11.866625258399798,2.96665631459995,2.96665631459995,0.9888854381999833,3,"[[0.0,0.0],[0.5,0.5],[1.0,1.0]]",2.96665631459995
0.5,0.6931471805599453,G06,concentrated,0.5,alternating_1212,static_known,20261008,11.866625258399798,2.96665631459995,2.96665631459995,0.9888854381999833,3,"[[0.0,0.0],[0.5,0.5],[1.0,1.0]]",2.96665631459995
0.5,0.6931471805599453,G06,concentrated,0.5,alternating_1212,static_known,20261009,11.866625258399798,2.96665631459995,2.96665631459995,0.9888854381999833,3,"[[0.0,0.0],[0.5,0.5],[1.0,1.0]]",2.96665631459995
0.5,0.6931471805599453,G06,concentrated,0.5,change_1122,develop_known,20261007,20.169778840833438,4.0749869535753085,5.306437823052439,1.7213025958796873,1,"[[0.999755859375,0.0],[0.9375,0.9990234375],[1.0,1.0]]",2.96665631459995
0.5,0.6931471805599453,G06,concentrated,0.5,change_1122,develop_known,20261008,20.169778840833438,4.0749869535753085,5.306437823052439,1.7213025958796873,1,"[[0.999755859375,0.0],[0.9375,0.9990234375],[1.0,1.0]]",2.96665631459995
0.5,0.6931471805599453,G06,concentrated,0.5,change_1122,develop_known,20261009,20.169778840833438,4.0749869535753085,5.306437823052439,1.7213025958796873,1,"[[0.999755859375,0.0],[0.9375,0.9990234375],[1.0,1.0]]",2.96665631459995
0.5,0.6931471805599453,G06,concentrated,0.5,change_1122,discover_develop,20261007,19.191946071090715,3.6350800801418166,5.572720305612295,1.7587003060534576,7,"[[0.0,0.999755859375],[0.99951171875,0.875],[1.0,1.0]]",2.96665631459995
0.5,0.6931471805599453,G06,concentrated,0.5,change_1122,discover_develop,20261008,19.191946071090715,3.6350800801418166,5.572720305612295,1.7587003060534576,7,"[[0.0,0.999755859375],[0.99951171875,0.875],[1.0,1.0]]",2.96665631459995
0.5,0.6931471805599453,G06,concentrated,0.5,change_1122,discover_develop,20261009,19.191946071090715,3.6350800801418166,5.572720305612295,1.7587003060534576,7,"[[0.0,0.999755859375],[0.99951171875,0.875],[1.0,1.0]]",2.96665631459995
0.5,0.6931471805599453,G06,concentrated,0.5,change_1122,discover_only,20261007,10.85618018551865,2.564045046379662,2.864045046379662,0.8862741699796954,7,"[[0.0,0.0],[0.5,0.5],[1.0,1.0]]",2.96665631459995
0.5,0.6931471805599453,G06,concentrated,0.5,change_1122,discover_only,20261008,10.85618018551865,2.564045046379662,2.864045046379662,0.8862741699796954,7,"[[0.0,0.0],[0.5,0.5],[1.0,1.0]]",2.96665631459995
0.5,0.6931471805599453,G06,concentrated,0.5,change_1122,discover_only,20261009,10.256180185518648,2.564045046379662,2.864045046379662,0.8862741699796954,8,"[[0.0,0.0],[0.5,0.5],[1.0,1.0]]",2.96665631459995
0.5,0.6931471805599453,G06,concentrated,0.5,change_1122,static_known,20261007,11.866625258399798,2.96665631459995,2.96665631459995,0.9888854381999833,1,"[[0.0,0.0],[0.5,0.5],[1.0,1.0]]",2.96665631459995
0.5,0.6931471805599453,G06,concentrated,0.5,change_1122,static_known,20261008,11.866625258399798,2.96665631459995,2.96665631459995,0.9888854381999833,1,"[[0.0,0.0],[0.5,0.5],[1.0,1.0]]",2.96665631459995
0.5,0.6931471805599453,G06,concentrated,0.5,change_1122,static_known,20261009,11.866625258399798,2.96665631459995,2.96665631459995,0.9888854381999833,1,"[[0.0,0.0],[0.5,0.5],[1.0,1.0]]",2.96665631459995
0.5,0.6931471805599453,G06,concentrated,0.5,persistent_theta1,develop_known,20261007,21.376357705853373,4.0749869535753085,5.9038063888416055,,0,"[[0.999755859375,0.0],[0.9921875,0.9921875],[1.0,1.0]]",2.96665631459995
0.5,0.6931471805599453,G06,concentrated,0.5,persistent_theta1,develop_known,20261008,21.376357705853373,4.0749869535753085,5.9038063888416055,,0,"[[0.999755859375,0.0],[0.9921875,0.9921875],[1.0,1.0]]",2.96665631459995
0.5,0.6931471805599453,G06,concentrated,0.5,persistent_theta1,develop_known,20261009,21.376357705853373,4.0749869535753085,5.9038063888416055,,0,"[[0.999755859375,0.0],[0.9921875,0.9921875],[1.0,1.0]]",2.96665631459995
0.5,0.6931471805599453,G06,concentrated,0.5,persistent_theta1,discover_develop,20261007,17.635520247880933,3.6350800801418166,4.715558251057315,,7,"[[0.0,0.999755859375],[0.9998779296875,0.5],[1.0,1.0]]",2.96665631459995
0.5,0.6931471805599453,G06,concentrated,0.5,persistent_theta1,discover_develop,20261008,17.635520247880933,3.6350800801418166,4.715558251057315,,7,"[[0.0,0.999755859375],[0.9998779296875,0.5],[1.0,1.0]]",2.96665631459995
0.5,0.6931471805599453,G06,concentrated,0.5,persistent_theta1,discover_develop,20261009,17.635520247880933,3.6350800801418166,4.715558251057315,,7,"[[0.0,0.999755859375],[0.9998779296875,0.5],[1.0,1.0]]",2.96665631459995
0.5,0.6931471805599453,G06,concentrated,0.5,persistent_theta1,discover_only,20261007,9.656180185518648,2.564045046379662,2.564045046379662,,8,"[[0.0,0.0],[0.5,0.5],[1.0,1.0]]",2.96665631459995
0.5,0.6931471805599453,G06,concentrated,0.5,persistent_theta1,discover_only,20261008,10.256180185518648,2.564045046379662,2.564045046379662,,7,"[[0.0,0.0],[0.5,0.5],[1.0,1.0]]",2.96665631459995
0.5,0.6931471805599453,G06,concentrated,0.5,persistent_theta1,discover_only,20261009,10.256180185518648,2.564045046379662,2.564045046379662,,7,"[[0.0,0.0],[0.5,0.5],[1.0,1.0]]",2.96665631459995
0.5,0.6931471805599453,G06,concentrated,0.5,persistent_theta1,static_known,20261007,11.866625258399798,2.96665631459995,2.96665631459995,,0,"[[0.0,0.0],[0.5,0.5],[1.0,1.0]]",2.96665631459995
0.5,0.6931471805599453,G06,concentrated,0.5,persistent_theta1,static_known,20261008,11.866625258399798,2.96665631459995,2.96665631459995,,0,"[[0.0,0.0],[0.5,0.5],[1.0,1.0]]",2.96665631459995
0.5,0.6931471805599453,G06,concentrated,0.5,persistent_theta1,static_known,20261009,11.866625258399798,2.96665631459995,2.96665631459995,,0,"[[0.0,0.0],[0.5,0.5],[1.0,1.0]]",2.96665631459995
0.5,0.6931471805599453,G06,concentrated,0.5,persistent_theta2,develop_known,20261007,21.376357705853373,4.0749869535753085,5.9038063888416055,,0,"[[0.0,0.999755859375],[0.9921875,0.9921875],[1.0,1.0]]",2.96665631459995
0.5,0.6931471805599453,G06,concentrated,0.5,persistent_theta2,develop_known,20261008,21.376357705853373,4.0749869535753085,5.9038063888416055,,0,"[[0.0,0.999755859375],[0.9921875,0.9921875],[1.0,1.0]]",2.96665631459995
0.5,0.6931471805599453,G06,concentrated,0.5,persistent_theta2,develop_known,20261009,21.376357705853373,4.0749869535753085,5.9038063888416055,,0,"[[0.0,0.999755859375],[0.9921875,0.9921875],[1.0,1.0]]",2.96665631459995
0.5,0.6931471805599453,G06,concentrated,0.5,persistent_theta2,discover_develop,20261007,19.38515067502559,3.919439632726546,5.084868238003569,,7,"[[0.0,0.999755859375],[0.998046875,0.96875],[1.0,1.0]]",2.96665631459995
0.5,0.6931471805599453,G06,concentrated,0.5,persistent_theta2,discover_develop,20261008,19.38515067502559,3.919439632726546,5.084868238003569,,7,"[[0.0,0.999755859375],[0.998046875,0.96875],[1.0,1.0]]",2.96665631459995
0.5,0.6931471805599453,G06,concentrated,0.5,persistent_theta2,discover_develop,20261009,19.38515067502559,3.919439632726546,5.084868238003569,,7,"[[0.0,0.999755859375],[0.998046875,0.96875],[1.0,1.0]]",2.96665631459995
0.5,0.6931471805599453,G06,concentrated,0.5,persistent_theta2,discover_only,20261007,11.456180185518647,2.864045046379662,2.864045046379662,,7,"[[0.0,0.0],[0.5,0.5],[1.0,1.0]]",2.96665631459995
0.5,0.6931471805599453,G06,concentrated,0.5,persistent_theta2,discover_only,20261008,11.456180185518647,2.864045046379662,2.864045046379662,,7,"[[0.0,0.0],[0.5,0.5],[1.0,1.0]]",2.96665631459995
0.5,0.6931471805599453,G06,concentrated,0.5,persistent_theta2,discover_only,20261009,10.856180185518648,2.864045046379662,2.864045046379662,,8,"[[0.0,0.0],[0.5,0.5],[1.0,1.0]]",2.96665631459995
0.5,0.6931471805599453,G06,concentrated,0.5,persistent_theta2,static_known,20261007,11.866625258399798,2.96665631459995,2.96665631459995,,0,"[[0.0,0.0],[0.5,0.5],[1.0,1.0]]",2.96665631459995
0.5,0.6931471805599453,G06,concentrated,0.5,persistent_theta2,static_known,20261008,11.866625258399798,2.96665631459995,2.96665631459995,,0,"[[0.0,0.0],[0.5,0.5],[1.0,1.0]]",2.96665631459995
0.5,0.6931471805599453,G06,concentrated,0.5,persistent_theta2,static_known,20261009,11.866625258399798,2.96665631459995,2.96665631459995,,0,"[[0.0,0.0],[0.5,0.5],[1.0,1.0]]",2.96665631459995
0.5,0.6931471805599453,G06,concentrated,0.5,recurrent_1221,develop_known,20261007,20.173291901759328,4.0749869535753085,5.790768311278209,1.759464982079569,2,"[[0.999755859375,0.0],[0.9375,0.9990234375],[1.0,1.0]]",2.96665631459995
0.5,0.6931471805599453,G06,concentrated,0.5,recurrent_1221,develop_known,20261008,20.173291901759328,4.0749869535753085,5.790768311278209,1.759464982079569,2,"[[0.999755859375,0.0],[0.9375,0.9990234375],[1.0,1.0]]",2.96665631459995
0.5,0.6931471805599453,G06,concentrated,0.5,recurrent_1221,develop_known,20261009,20.173291901759328,4.0749869535753085,5.790768311278209,1.759464982079569,2,"[[0.999755859375,0.0],[0.9375,0.9990234375],[1.0,1.0]]",2.96665631459995
0.5,0.6931471805599453,G06,concentrated,0.5,recurrent_1221,discover_develop,20261007,19.73156665977967,3.6350800801418166,5.3115865050443265,1.715425200097418,6,"[[0.0,0.999755859375],[0.99951171875,0.875],[1.0,1.0]]",2.96665631459995
0.5,0.6931471805599453,G06,concentrated,0.5,recurrent_1221,discover_develop,20261008,19.73156665977967,3.6350800801418166,5.3115865050443265,1.715425200097418,6,"[[0.0,0.999755859375],[0.99951171875,0.875],[1.0,1.0]]",2.96665631459995
0.5,0.6931471805599453,G06,concentrated,0.5,recurrent_1221,discover_develop,20261009,19.73156665977967,3.6350800801418166,5.3115865050443265,1.715425200097418,6,"[[0.0,0.999755859375],[0.99951171875,0.875],[1.0,1.0]]",2.96665631459995
0.5,0.6931471805599453,G06,concentrated,0.5,recurrent_1221,discover_only,20261007,10.856180185518648,2.564045046379662,2.564045046379662,0.7362741699796955,7,"[[0.0,0.0],[0.5,0.5],[1.0,1.0]]",2.96665631459995
0.5,0.6931471805599453,G06,concentrated,0.5,recurrent_1221,discover_only,20261008,10.856180185518648,2.564045046379662,2.564045046379662,0.7362741699796955,7,"[[0.0,0.0],[0.5,0.5],[1.0,1.0]]",2.96665631459995
0.5,0.6931471805599453,G06,concentrated,0.5,recurrent_1221,discover_only,20261009,10.256180185518648,2.564045046379662,2.564045046379662,0.7362741699796955,8,"[[0.0,0.0],[0.5,0.5],[1.0,1.0]]",2.96665631459995
0.5,0.6931471805599453,G06,concentrated,0.5,recurrent_1221,static_known,20261007,11.866625258399798,2.96665631459995,2.96665631459995,0.9888854381999833,2,"[[0.0,0.0],[0.5,0.5],[1.0,1.0]]",2.96665631459995
0.5,0.6931471805599453,G06,concentrated,0.5,recurrent_1221,static_known,20261008,11.866625258399798,2.96665631459995,2.96665631459995,0.9888854381999833,2,"[[0.0,0.0],[0.5,0.5],[1.0,1.0]]",2.96665631459995
0.5,0.6931471805599453,G06,concentrated,0.5,recurrent_1221,static_known,20261009,11.866625258399798,2.96665631459995,2.96665631459995,0.9888854381999833,2,"[[0.0,0.0],[0.5,0.5],[1.0,1.0]]",2.96665631459995
0.5,0.6931471805599453,G07,partial_overlap,0.5,alternating_1212,develop_known,20261007,19.822003235118814,4.653416614619776,5.234746576813471,1.6229338178174506,3,"[[0.0,1.0],[0.9998779296875,0.0],[1.0,0.9921875]]",3.9735697320844925
0.5,0.6931471805599453,G07,partial_overlap,0.5,alternating_1212,develop_known,20261008,19.822003235118814,4.653416614619776,5.234746576813471,1.6229338178174506,3,"[[0.0,1.0],[0.9998779296875,0.0],[1.0,0.9921875]]",3.9735697320844925
0.5,0.6931471805599453,G07,partial_overlap,0.5,alternating_1212,develop_known,20261009,19.822003235118814,4.653416614619776,5.234746576813471,1.6229338178174506,3,"[[0.0,1.0],[0.9998779296875,0.0],[1.0,0.9921875]]",3.9735697320844925
0.5,0.6931471805599453,G07,partial_overlap,0.5,alternating_1212,discover_develop,20261007,18.66336319359383,4.653416614619776,4.575807310548248,1.3673278397287987,3,"[[0.0,1.0],[0.9998779296875,0.0],[1.0,0.96875]]",3.9735697320844925
0.5,0.6931471805599453,G07,partial_overlap,0.5,alternating_1212,discover_develop,20261008,18.66336319359383,4.653416614619776,4.575807310548248,1.3673278397287987,3,"[[0.0,1.0],[0.9998779296875,0.0],[1.0,0.96875]]",3.9735697320844925
0.5,0.6931471805599453,G07,partial_overlap,0.5,alternating_1212,discover_develop,20261009,18.66336319359383,4.653416614619776,4.575807310548248,1.3673278397287987,3,"[[0.0,1.0],[0.9998779296875,0.0],[1.0,0.96875]]",3.9735697320844925
0.5,0.6931471805599453,G07,partial_overlap,0.5,alternating_1212,discover_only,20261007,15.563859387606547,4.175755076535925,3.6061746172673486,1.1919183588453084,3,"[[0.0,1.0],[0.5,0.0],[1.0,0.5]]",3.9735697320844925
0.5,0.6931471805599453,G07,partial_overlap,0.5,alternating_1212,discover_only,20261008,15.563859387606547,4.175755076535925,3.6061746172673486,1.1919183588453084,3,"[[0.0,1.0],[0.5,0.0],[1.0,0.5]]",3.9735697320844925
0.5,0.6931471805599453,G07,partial_overlap,0.5,alternating_1212,discover_only,20261009,15.563859387606547,4.175755076535925,3.6061746172673486,1.1919183588453084,3,"[[0.0,1.0],[0.5,0.0],[1.0,0.5]]",3.9735697320844925
0.5,0.6931471805599453,G07,partial_overlap,0.5,alternating_1212,static_known,20261007,15.89427892833797,4.175755076535925,3.77138438763306,1.3020582057557828,3,"[[0.0,1.0],[0.5,0.0],[1.0,0.5]]",3.9735697320844925
0.5,0.6931471805599453,G07,partial_overlap,0.5,alternating_1212,static_known,20261008,15.89427892833797,4.175755076535925,3.77138438763306,1.3020582057557828,3,"[[0.0,1.0],[0.5,0.0],[1.0,0.5]]",3.9735697320844925
0.5,0.6931471805599453,G07,partial_overlap,0.5,alternating_1212,static_known,20261009,15.89427892833797,4.175755076535925,3.77138438763306,1.3020582057557828,3,"[[0.0,1.0],[0.5,0.0],[1.0,0.5]]",3.9735697320844925
0.5,0.6931471805599453,G07,partial_overlap,0.5,change_1122,develop_known,20261007,19.773440416672535,4.653416614619776,5.234746576813471,1.3900719259188627,1,"[[0.0,1.0],[0.9998779296875,0.0],[1.0,0.9921875]]",3.9735697320844925
0.5,0.6931471805599453,G07,partial_overlap,0.5,change_1122,develop_known,20261008,19.773440416672535,4.653416614619776,5.234746576813471,1.3900719259188627,1,"[[0.0,1.0],[0.9998779296875,0.0],[1.0,0.9921875]]",3.9735697320844925
0.5,0.6931471805599453,G07,partial_overlap,0.5,change_1122,develop_known,20261009,19.773440416672535,4.653416614619776,5.234746576813471,1.3900719259188627,1,"[[0.0,1.0],[0.9998779296875,0.0],[1.0,0.9921875]]",3.9735697320844925
0.5,0.6931471805599453,G07,partial_overlap,0.5,change_1122,discover_develop,20261007,18.609596537404098,4.653416614619776,4.575807310548248,1.1713510916254488,3,"[[0.0,1.0],[0.9998779296875,0.0],[1.0,0.96875]]",3.9735697320844925
0.5,0.6931471805599453,G07,partial_overlap,0.5,change_1122,discover_develop,20261008,18.609596537404098,4.653416614619776,4.575807310548248,1.1713510916254488,3,"[[0.0,1.0],[0.9998779296875,0.0],[1.0,0.96875]]",3.9735697320844925
0.5,0.6931471805599453,G07,partial_overlap,0.5,change_1122,discover_develop,20261009,18.609596537404098,4.653416614619776,4.575807310548248,1.1713510916254488,3,"[[0.0,1.0],[0.9998779296875,0.0],[1.0,0.96875]]",3.9735697320844925
0.5,0.6931471805599453,G07,partial_overlap,0.5,change_1122,discover_only,20261007,15.233439846875125,4.175755076535925,3.6061746172673486,1.0919183588453085,1,"[[0.0,1.0],[0.5,0.0],[1.0,0.5]]",3.9735697320844925
0.5,0.6931471805599453,G07,partial_overlap,0.5,change_1122,discover_only,20261008,15.563859387606549,4.175755076535925,3.6061746172673486,1.0919183588453085,3,"[[0.0,1.0],[0.5,0.0],[1.0,0.5]]",3.9735697320844925
0.5,0.6931471805599453,G07,partial_overlap,0.5,change_1122,discover_only,20261009,15.563859387606549,4.175755076535925,3.6061746172673486,1.0919183588453085,3,"[[0.0,1.0],[0.5,0.0],[1.0,0.5]]",3.9735697320844925
0.5,0.6931471805599453,G07,partial_overlap,0.5,change_1122,static_known,20261007,15.894278928337972,4.175755076535925,3.77138438763306,1.2571281292110201,1,"[[0.0,1.0],[0.5,0.0],[1.0,0.5]]",3.9735697320844925
0.5,0.6931471805599453,G07,partial_overlap,0.5,change_1122,static_known,20261008,15.894278928337972,4.175755076535925,3.77138438763306,1.2571281292110201,1,"[[0.0,1.0],[0.5,0.0],[1.0,0.5]]",3.9735697320844925
0.5,0.6931471805599453,G07,partial_overlap,0.5,change_1122,static_known,20261009,15.894278928337972,4.175755076535925,3.77138438763306,1.2571281292110201,1,"[[0.0,1.0],[0.5,0.0],[1.0,0.5]]",3.9735697320844925
0.5,0.6931471805599453,G07,partial_overlap,0.5,persistent_theta1,develop_known,20261007,20.512318748464377,4.653416614619776,5.316357902662258,,0,"[[0.0,1.0],[0.9998779296875,0.0],[1.0,0.5]]",3.9735697320844925
0.5,0.6931471805599453,G07,partial_overlap,0.5,persistent_theta1,develop_known,20261008,20.512318748464377,4.653416614619776,5.316357902662258,,0,"[[0.0,1.0],[0.9998779296875,0.0],[1.0,0.5]]",3.9735697320844925
0.5,0.6931471805599453,G07,partial_overlap,0.5,persistent_theta1,develop_known,20261009,20.512318748464377,4.653416614619776,5.316357902662258,,0,"[[0.0,1.0],[0.9998779296875,0.0],[1.0,0.5]]",3.9735697320844925
0.5,0.6931471805599453,G07,partial_overlap,0.5,persistent_theta1,discover_develop,20261007,20.512318748464377,4.653416614619776,5.316357902662258,,0,"[[0.0,1.0],[0.9998779296875,0.0],[1.0,0.5]]",3.9735697320844925
0.5,0.6931471805599453,G07,partial_overlap,0.5,persistent_theta1,discover_develop,20261008,20.512318748464377,4.653416614619776,5.316357902662258,,0,"[[0.0,1.0],[0.9998779296875,0.0],[1.0,0.5]]",3.9735697320844925
0.5,0.6931471805599453,G07,partial_overlap,0.5,persistent_theta1,discover_develop,20261009,20.512318748464377,4.653416614619776,5.316357902662258,,0,"[[0.0,1.0],[0.9998779296875,0.0],[1.0,0.5]]",3.9735697320844925
0.5,0.6931471805599453,G07,partial_overlap,0.5,persistent_theta1,discover_only,20261007,16.703020306143696,4.175755076535925,4.175755076535925,,0,"[[0.0,1.0],[0.5,0.0],[1.0,0.5]]",3.9735697320844925
0.5,0.6931471805599453,G07,partial_overlap,0.5,persistent_theta1,discover_only,20261008,16.703020306143696,4.175755076535925,4.175755076535925,,0,"[[0.0,1.0],[0.5,0.0],[1.0,0.5]]",3.9735697320844925
0.5,0.6931471805599453,G07,partial_overlap,0.5,persistent_theta1,discover_only,20261009,16.703020306143696,4.175755076535925,4.175755076535925,,0,"[[0.0,1.0],[0.5,0.0],[1.0,0.5]]",3.9735697320844925
0.5,0.6931471805599453,G07,partial_overlap,0.5,persistent_theta1,static_known,20261007,16.703020306143696,4.175755076535925,4.175755076535925,,0,"[[0.0,1.0],[0.5,0.0],[1.0,0.5]]",3.9735697320844925
0.5,0.6931471805599453,G07,partial_overlap,0.5,persistent_theta1,static_known,20261008,16.703020306143696,4.175755076535925,4.175755076535925,,0,"[[0.0,1.0],[0.5,0.0],[1.0,0.5]]",3.9735697320844925
0.5,0.6931471805599453,G07,partial_overlap,0.5,persistent_theta1,static_known,20261009,16.703020306143696,4.175755076535925,4.175755076535925,,0,"[[0.0,1.0],[0.5,0.0],[1.0,0.5]]",3.9735697320844925
0.5,0.6931471805599453,G07,partial_overlap,0.5,persistent_theta2,develop_known,20261007,20.244292992035383,4.418612215445872,5.315902844258779,,0,"[[0.0,1.0],[0.9998779296875,0.0],[1.0,0.9998779296875]]",3.9735697320844925
0.5,0.6931471805599453,G07,partial_overlap,0.5,persistent_theta2,develop_known,20261008,20.244292992035383,4.418612215445872,5.315902844258779,,0,"[[0.0,1.0],[0.9998779296875,0.0],[1.0,0.9998779296875]]",3.9735697320844925
0.5,0.6931471805599453,G07,partial_overlap,0.5,persistent_theta2,develop_known,20261009,20.244292992035383,4.418612215445872,5.315902844258779,,0,"[[0.0,1.0],[0.9998779296875,0.0],[1.0,0.9998779296875]]",3.9735697320844925
0.5,0.6931471805599453,G07,partial_overlap,0.5,persistent_theta2,discover_develop,20261007,17.914608583360117,3.9723094112793174,4.708473780496014,,7,"[[0.0,1.0],[0.9998779296875,0.0],[1.0,0.998046875]]",3.9735697320844925
0.5,0.6931471805599453,G07,partial_overlap,0.5,persistent_theta2,discover_develop,20261008,17.914608583360117,3.9723094112793174,4.708473780496014,,7,"[[0.0,1.0],[0.9998779296875,0.0],[1.0,0.998046875]]",3.9735697320844925
0.5,0.6931471805599453,G07,partial_overlap,0.5,persistent_theta2,discover_develop,20261009,17.914608583360117,3.9723094112793174,4.708473780496014,,7,"[[0.0,1.0],[0.9998779296875,0.0],[1.0,0.998046875]]",3.9735697320844925
0.5,0.6931471805599453,G07,partial_overlap,0.5,persistent_theta2,discover_only,20261007,14.094278928337973,3.6061746172673486,3.6061746172673486,,5,"[[0.0,1.0],[0.5,0.0],[1.0,0.5]]",3.9735697320844925
0.5,0.6931471805599453,G07,partial_overlap,0.5,persistent_theta2,discover_only,20261008,14.424698469069396,3.6061746172673486,3.6061746172673486,,7,"[[0.0,1.0],[0.5,0.0],[1.0,0.5]]",3.9735697320844925
0.5,0.6931471805599453,G07,partial_overlap,0.5,persistent_theta2,discover_only,20261009,14.424698469069396,3.6061746172673486,3.6061746172673486,,7,"[[0.0,1.0],[0.5,0.0],[1.0,0.5]]",3.9735697320844925
0.5,0.6931471805599453,G07,partial_overlap,0.5,persistent_theta2,static_known,20261007,15.085537550532242,3.77138438763306,3.77138438763306,,0,"[[0.0,1.0],[0.5,0.0],[1.0,0.5]]",3.9735697320844925
0.5,0.6931471805599453,G07,partial_overlap,0.5,persistent_theta2,static_known,20261008,15.085537550532242,3.77138438763306,3.77138438763306,,0,"[[0.0,1.0],[0.5,0.0],[1.0,0.5]]",3.9735697320844925
0.5,0.6931471805599453,G07,partial_overlap,0.5,persistent_theta2,static_known,20261009,15.085537550532242,3.77138438763306,3.77138438763306,,0,"[[0.0,1.0],[0.5,0.0],[1.0,0.5]]",3.9735697320844925
0.5,0.6931471805599453,G07,partial_overlap,0.5,recurrent_1221,develop_known,20261007,19.82785616503379,4.653416614619776,5.316357902662258,1.574393080127375,2,"[[0.0,1.0],[0.9998779296875,0.0],[1.0,0.9921875]]",3.9735697320844925
0.5,0.6931471805599453,G07,partial_overlap,0.5,recurrent_1221,develop_known,20261008,19.82785616503379,4.653416614619776,5.316357902662258,1.574393080127375,2,"[[0.0,1.0],[0.9998779296875,0.0],[1.0,0.9921875]]",3.9735697320844925
0.5,0.6931471805599453,G07,partial_overlap,0.5,recurrent_1221,develop_known,20261009,19.82785616503379,4.653416614619776,5.316357902662258,1.574393080127375,2,"[[0.0,1.0],[0.9998779296875,0.0],[1.0,0.9921875]]",3.9735697320844925
0.5,0.6931471805599453,G07,partial_overlap,0.5,recurrent_1221,discover_develop,20261007,18.669990760321532,4.653416614619776,5.316357902662258,1.4673669950304733,4,"[[0.0,1.0],[0.9998779296875,0.0],[1.0,0.96875]]",3.9735697320844925
0.5,0.6931471805599453,G07,partial_overlap,0.5,recurrent_1221,discover_develop,20261008,18.669990760321532,4.653416614619776,5.316357902662258,1.4673669950304733,4,"[[0.0,1.0],[0.9998779296875,0.0],[1.0,0.96875]]",3.9735697320844925
0.5,0.6931471805599453,G07,partial_overlap,0.5,recurrent_1221,discover_develop,20261009,18.669990760321532,4.653416614619776,5.316357902662258,1.4673669950304733,4,"[[0.0,1.0],[0.9998779296875,0.0],[1.0,0.96875]]",3.9735697320844925
0.5,0.6931471805599453,G07,partial_overlap,0.5,recurrent_1221,discover_only,20261007,15.233439846875124,4.175755076535925,4.175755076535925,1.2419183588453084,2,"[[0.0,1.0],[0.5,0.0],[1.0,0.5]]",3.9735697320844925
0.5,0.6931471805599453,G07,partial_overlap,0.5,recurrent_1221,discover_only,20261008,15.563859387606547,4.175755076535925,4.175755076535925,1.2419183588453084,4,"[[0.0,1.0],[0.5,0.0],[1.0,0.5]]",3.9735697320844925
0.5,0.6931471805599453,G07,partial_overlap,0.5,recurrent_1221,discover_only,20261009,15.563859387606547,4.175755076535925,4.175755076535925,1.2419183588453084,4,"[[0.0,1.0],[0.5,0.0],[1.0,0.5]]",3.9735697320844925
0.5,0.6931471805599453,G07,partial_overlap,0.5,recurrent_1221,static_known,20261007,15.89427892833797,4.175755076535925,4.175755076535925,1.3245232440281642,2,"[[0.0,1.0],[0.5,0.0],[1.0,0.5]]",3.9735697320844925
0.5,0.6931471805599453,G07,partial_overlap,0.5,recurrent_1221,static_known,20261008,15.89427892833797,4.175755076535925,4.175755076535925,1.3245232440281642,2,"[[0.0,1.0],[0.5,0.0],[1.0,0.5]]",3.9735697320844925
0.5,0.6931471805599453,G07,partial_overlap,0.5,recurrent_1221,static_known,20261009,15.89427892833797,4.175755076535925,4.175755076535925,1.3245232440281642,2,"[[0.0,1.0],[0.5,0.0],[1.0,0.5]]",3.9735697320844925
0.5,0.6931471805599453,G08,redundant,0.5,alternating_1212,develop_known,20261007,19.904940800522127,4.653416614619776,5.607179453263781,1.5724226796002376,3,"[[0.0,1.0],[0.99609375,0.98828125],[0.99951171875,0.90625]]",3.7976355398128527
0.5,0.6931471805599453,G08,redundant,0.5,alternating_1212,develop_known,20261008,19.904940800522127,4.653416614619776,5.607179453263781,1.5724226796002376,3,"[[0.0,1.0],[0.99609375,0.98828125],[0.99951171875,0.90625]]",3.7976355398128527
0.5,0.6931471805599453,G08,redundant,0.5,alternating_1212,develop_known,20261009,19.904940800522127,4.653416614619776,5.607179453263781,1.5724226796002376,3,"[[0.0,1.0],[0.99609375,0.98828125],[0.99951171875,0.90625]]",3.7976355398128527
0.5,0.6931471805599453,G08,redundant,0.5,alternating_1212,discover_develop,20261007,18.293293765341545,4.653416614619776,4.504707802851871,1.3643095815907047,3,"[[0.0,1.0],[0.9990234375,0.953125],[0.99993896484375,0.25]]",3.7976355398128527
0.5,0.6931471805599453,G08,redundant,0.5,alternating_1212,discover_develop,20261008,18.293293765341545,4.653416614619776,4.504707802851871,1.3643095815907047,3,"[[0.0,1.0],[0.9990234375,0.953125],[0.99993896484375,0.25]]",3.7976355398128527
0.5,0.6931471805599453,G08,redundant,0.5,alternating_1212,discover_develop,20261009,18.293293765341545,4.653416614619776,4.504707802851871,1.3643095815907047,3,"[[0.0,1.0],[0.9990234375,0.953125],[0.99993896484375,0.25]]",3.7976355398128527
0.5,0.6931471805599453,G08,redundant,0.5,alternating_1212,discover_only,20261007,15.046781232697555,4.175755076535925,3.3236753853872107,1.1919183588453084,3,"[[0.0,1.0],[0.75,0.25],[0.75,0.25]]",3.7976355398128527
0.5,0.6931471805599453,G08,redundant,0.5,alternating_1212,discover_only,20261008,15.09470154154884,4.175755076535925,3.3715956942384953,1.1919183588453084,3,"[[0.0,1.0],[0.75,0.25],[0.75,0.25]]",3.7976355398128527
0.5,0.6931471805599453,G08,redundant,0.5,alternating_1212,discover_only,20261009,15.09470154154884,4.175755076535925,3.3715956942384953,1.1919183588453084,3,"[[0.0,1.0],[0.75,0.25],[0.75,0.25]]",3.7976355398128527
0.5,0.6931471805599453,G08,redundant,0.5,alternating_1212,static_known,20261007,15.190542159251411,4.175755076535925,3.4195160030897807,1.2238652314128318,3,"[[0.0,1.0],[0.75,0.25],[0.75,0.25]]",3.7976355398128527
0.5,0.6931471805599453,G08,redundant,0.5,alternating_1212,static_known,20261008,15.190542159251411,4.175755076535925,3.4195160030897807,1.2238652314128318,3,"[[0.0,1.0],[0.75,0.25],[0.75,0.25]]",3.7976355398128527
0.5,0.6931471805599453,G08,redundant,0.5,alternating_1212,static_known,20261009,15.190542159251411,4.175755076535925,3.4195160030897807,1.2238652314128318,3,"[[0.0,1.0],[0.75,0.25],[0.75,0.25]]",3.7976355398128527
0.5,0.6931471805599453,G08,redundant,0.5,change_1122,develop_known,20261007,19.39723032037606,4.653416614619776,5.193692798932443,1.1969151714271424,1,"[[0.0,1.0],[0.99609375,0.98828125],[0.99993896484375,0.25]]",3.7976355398128527
0.5,0.6931471805599453,G08,redundant,0.5,change_1122,develop_known,20261008,19.39723032037606,4.653416614619776,5.193692798932443,1.1969151714271424,1,"[[0.0,1.0],[0.99609375,0.98828125],[0.99993896484375,0.25]]",3.7976355398128527
0.5,0.6931471805599453,G08,redundant,0.5,change_1122,develop_known,20261009,19.39723032037606,4.653416614619776,5.193692798932443,1.1969151714271424,1,"[[0.0,1.0],[0.99609375,0.98828125],[0.99993896484375,0.25]]",3.7976355398128527
0.5,0.6931471805599453,G08,redundant,0.5,change_1122,discover_develop,20261007,18.24969911581886,4.653416614619776,4.504707802851871,1.1713510916254488,3,"[[0.0,1.0],[0.9990234375,0.953125],[0.99993896484375,0.25]]",3.7976355398128527
0.5,0.6931471805599453,G08,redundant,0.5,change_1122,discover_develop,20261008,18.24969911581886,4.653416614619776,4.504707802851871,1.1713510916254488,3,"[[0.0,1.0],[0.9990234375,0.953125],[0.99993896484375,0.25]]",3.7976355398128527
0.5,0.6931471805599453,G08,redundant,0.5,change_1122,discover_develop,20261009,18.24969911581886,4.653416614619776,4.504707802851871,1.1713510916254488,3,"[[0.0,1.0],[0.9990234375,0.953125],[0.99993896484375,0.25]]",3.7976355398128527
0.5,0.6931471805599453,G08,redundant,0.5,change_1122,discover_only,20261007,14.950940614994987,4.175755076535925,3.3236753853872107,1.0919183588453085,1,"[[0.0,1.0],[0.75,0.25],[0.75,0.25]]",3.7976355398128527
0.5,0.6931471805599453,G08,redundant,0.5,change_1122,discover_only,20261008,15.094701541548844,4.175755076535925,3.3715956942384953,1.0919183588453085,3,"[[0.0,1.0],[0.75,0.25],[0.75,0.25]]",3.7976355398128527
0.5,0.6931471805599453,G08,redundant,0.5,change_1122,discover_only,20261009,15.094701541548844,4.175755076535925,3.3715956942384953,1.0919183588453085,3,"[[0.0,1.0],[0.75,0.25],[0.75,0.25]]",3.7976355398128527
0.5,0.6931471805599453,G08,redundant,0.5,change_1122,static_known,20261007,15.190542159251414,4.175755076535925,3.4195160030897807,1.1398386676965935,1,"[[0.0,1.0],[0.75,0.25],[0.75,0.25]]",3.7976355398128527
0.5,0.6931471805599453,G08,redundant,0.5,change_1122,static_known,20261008,15.190542159251414,4.175755076535925,3.4195160030897807,1.1398386676965935,1,"[[0.0,1.0],[0.75,0.25],[0.75,0.25]]",3.7976355398128527
0.5,0.6931471805599453,G08,redundant,0.5,change_1122,static_known,20261009,15.190542159251414,4.175755076535925,3.4195160030897807,1.1398386676965935,1,"[[0.0,1.0],[0.75,0.25],[0.75,0.25]]",3.7976355398128527
0.5,0.6931471805599453,G08,redundant,0.5,persistent_theta1,develop_known,20261007,20.512318748464377,4.653416614619776,5.316357902662258,,0,"[[0.0,1.0],[0.99993896484375,0.25],[0.99993896484375,0.25]]",3.7976355398128527
0.5,0.6931471805599453,G08,redundant,0.5,persistent_theta1,develop_known,20261008,20.512318748464377,4.653416614619776,5.316357902662258,,0,"[[0.0,1.0],[0.99993896484375,0.25],[0.99993896484375,0.25]]",3.7976355398128527
0.5,0.6931471805599453,G08,redundant,0.5,persistent_theta1,develop_known,20261009,20.512318748464377,4.653416614619776,5.316357902662258,,0,"[[0.0,1.0],[0.99993896484375,0.25],[0.99993896484375,0.25]]",3.7976355398128527
0.5,0.6931471805599453,G08,redundant,0.5,persistent_theta1,discover_develop,20261007,20.512318748464377,4.653416614619776,5.316357902662258,,0,"[[0.0,1.0],[0.99993896484375,0.25],[0.99993896484375,0.25]]",3.7976355398128527
0.5,0.6931471805599453,G08,redundant,0.5,persistent_theta1,discover_develop,20261008,20.512318748464377,4.653416614619776,5.316357902662258,,0,"[[0.0,1.0],[0.99993896484375,0.25],[0.99993896484375,0.25]]",3.7976355398128527
0.5,0.6931471805599453,G08,redundant,0.5,persistent_theta1,discover_develop,20261009,20.512318748464377,4.653416614619776,5.316357902662258,,0,"[[0.0,1.0],[0.99993896484375,0.25],[0.99993896484375,0.25]]",3.7976355398128527
0.5,0.6931471805599453,G08,redundant,0.5,persistent_theta1,discover_only,20261007,16.703020306143696,4.175755076535925,4.175755076535925,,0,"[[0.0,1.0],[0.75,0.25],[0.75,0.25]]",3.7976355398128527
0.5,0.6931471805599453,G08,redundant,0.5,persistent_theta1,discover_only,20261008,16.703020306143696,4.175755076535925,4.175755076535925,,0,"[[0.0,1.0],[0.75,0.25],[0.75,0.25]]",3.7976355398128527
0.5,0.6931471805599453,G08,redundant,0.5,persistent_theta1,discover_only,20261009,16.703020306143696,4.175755076535925,4.175755076535925,,0,"[[0.0,1.0],[0.75,0.25],[0.75,0.25]]",3.7976355398128527
0.5,0.6931471805599453,G08,redundant,0.5,persistent_theta1,static_known,20261007,16.703020306143696,4.175755076535925,4.175755076535925,,0,"[[0.0,1.0],[0.75,0.25],[0.75,0.25]]",3.7976355398128527
0.5,0.6931471805599453,G08,redundant,0.5,persistent_theta1,static_known,20261008,16.703020306143696,4.175755076535925,4.175755076535925,,0,"[[0.0,1.0],[0.75,0.25],[0.75,0.25]]",3.7976355398128527
0.5,0.6931471805599453,G08,redundant,0.5,persistent_theta1,static_known,20261009,16.703020306143696,4.175755076535925,4.175755076535925,,0,"[[0.0,1.0],[0.75,0.25],[0.75,0.25]]",3.7976355398128527
0.5,0.6931471805599453,G08,redundant,0.5,persistent_theta2,develop_known,20261007,21.599111099710495,4.2975688973271895,5.9006102679114925,,0,"[[0.0,1.0],[0.75,0.99981689453125],[0.99609375,0.98828125]]",3.7976355398128527
0.5,0.6931471805599453,G08,redundant,0.5,persistent_theta2,develop_known,20261008,21.599111099710495,4.2975688973271895,5.9006102679114925,,0,"[[0.0,1.0],[0.75,0.99981689453125],[0.99609375,0.98828125]]",3.7976355398128527
0.5,0.6931471805599453,G08,redundant,0.5,persistent_theta2,develop_known,20261009,21.599111099710495,4.2975688973271895,5.9006102679114925,,0,"[[0.0,1.0],[0.75,0.99981689453125],[0.99609375,0.98828125]]",3.7976355398128527
0.5,0.6931471805599453,G08,redundant,0.5,persistent_theta2,discover_develop,20261007,19.6090793437588,3.7407685402990314,5.661886310083871,,7,"[[0.0,1.0],[0.9375,0.999267578125],[0.9990234375,0.953125]]",3.7976355398128527
0.5,0.6931471805599453,G08,redundant,0.5,persistent_theta2,discover_develop,20261008,19.6090793437588,3.7407685402990314,5.661886310083871,,7,"[[0.0,1.0],[0.9375,0.999267578125],[0.9990234375,0.953125]]",3.7976355398128527
0.5,0.6931471805599453,G08,redundant,0.5,persistent_theta2,discover_develop,20261009,19.6090793437588,3.7407685402990314,5.661886310083871,,7,"[[0.0,1.0],[0.9375,0.999267578125],[0.9990234375,0.953125]]",3.7976355398128527
0.5,0.6931471805599453,G08,redundant,0.5,persistent_theta2,discover_only,20261007,13.342621850400128,3.3715956942384953,3.3236753853872107,,5,"[[0.0,1.0],[0.75,0.25],[0.75,0.25]]",3.7976355398128527
0.5,0.6931471805599453,G08,redundant,0.5,persistent_theta2,discover_only,20261008,13.486382776953985,3.3715956942384953,3.3715956942384953,,7,"[[0.0,1.0],[0.75,0.25],[0.75,0.25]]",3.7976355398128527
0.5,0.6931471805599453,G08,redundant,0.5,persistent_theta2,discover_only,20261009,13.486382776953985,3.3715956942384953,3.3715956942384953,,7,"[[0.0,1.0],[0.75,0.25],[0.75,0.25]]",3.7976355398128527
0.5,0.6931471805599453,G08,redundant,0.5,persistent_theta2,static_known,20261007,13.678064012359124,3.4195160030897807,3.4195160030897807,,0,"[[0.0,1.0],[0.75,0.25],[0.75,0.25]]",3.7976355398128527
0.5,0.6931471805599453,G08,redundant,0.5,persistent_theta2,static_known,20261008,13.678064012359124,3.4195160030897807,3.4195160030897807,,0,"[[0.0,1.0],[0.75,0.25],[0.75,0.25]]",3.7976355398128527
0.5,0.6931471805599453,G08,redundant,0.5,persistent_theta2,static_known,20261009,13.678064012359124,3.4195160030897807,3.4195160030897807,,0,"[[0.0,1.0],[0.75,0.25],[0.75,0.25]]",3.7976355398128527
0.5,0.6931471805599453,G08,redundant,0.5,recurrent_1221,develop_known,20261007,19.910242614670487,4.653416614619776,5.271286319077893,1.4532897634920638,2,"[[0.0,1.0],[0.99609375,0.98828125],[0.99951171875,0.90625]]",3.7976355398128527
0.5,0.6931471805599453,G08,redundant,0.5,recurrent_1221,develop_known,20261008,19.910242614670487,4.653416614619776,5.271286319077893,1.4532897634920638,2,"[[0.0,1.0],[0.99609375,0.98828125],[0.99951171875,0.90625]]",3.7976355398128527
0.5,0.6931471805599453,G08,redundant,0.5,recurrent_1221,develop_known,20261009,19.910242614670487,4.653416614619776,5.271286319077893,1.4532897634920638,2,"[[0.0,1.0],[0.99609375,0.98828125],[0.99951171875,0.90625]]",3.7976355398128527
0.5,0.6931471805599453,G08,redundant,0.5,recurrent_1221,discover_develop,20261007,18.304819130186733,4.653416614619776,5.30670339278085,1.4646084431647437,4,"[[0.0,1.0],[0.9990234375,0.953125],[0.99993896484375,0.25]]",3.7976355398128527
0.5,0.6931471805599453,G08,redundant,0.5,recurrent_1221,discover_develop,20261008,18.304819130186733,4.653416614619776,5.30670339278085,1.4646084431647437,4,"[[0.0,1.0],[0.9990234375,0.953125],[0.99993896484375,0.25]]",3.7976355398128527
0.5,0.6931471805599453,G08,redundant,0.5,recurrent_1221,discover_develop,20261009,18.304819130186733,4.653416614619776,5.30670339278085,1.4646084431647437,4,"[[0.0,1.0],[0.9990234375,0.953125],[0.99993896484375,0.25]]",3.7976355398128527
0.5,0.6931471805599453,G08,redundant,0.5,recurrent_1221,discover_only,20261007,14.99886092384627,4.175755076535925,4.175755076535925,1.2419183588453084,2,"[[0.0,1.0],[0.75,0.25],[0.75,0.25]]",3.7976355398128527
0.5,0.6931471805599453,G08,redundant,0.5,recurrent_1221,discover_only,20261008,15.09470154154884,4.175755076535925,4.175755076535925,1.2419183588453084,4,"[[0.0,1.0],[0.75,0.25],[0.75,0.25]]",3.7976355398128527
0.5,0.6931471805599453,G08,redundant,0.5,recurrent_1221,discover_only,20261009,15.09470154154884,4.175755076535925,4.175755076535925,1.2419183588453084,4,"[[0.0,1.0],[0.75,0.25],[0.75,0.25]]",3.7976355398128527
0.5,0.6931471805599453,G08,redundant,0.5,recurrent_1221,static_known,20261007,15.19054215925141,4.175755076535925,4.175755076535925,1.265878513270951,2,"[[0.0,1.0],[0.75,0.25],[0.75,0.25]]",3.7976355398128527
0.5,0.6931471805599453,G08,redundant,0.5,recurrent_1221,static_known,20261008,15.19054215925141,4.175755076535925,4.175755076535925,1.265878513270951,2,"[[0.0,1.0],[0.75,0.25],[0.75,0.25]]",3.7976355398128527
0.5,0.6931471805599453,G08,redundant,0.5,recurrent_1221,static_known,20261009,15.19054215925141,4.175755076535925,4.175755076535925,1.265878513270951,2,"[[0.0,1.0],[0.75,0.25],[0.75,0.25]]",3.7976355398128527
0.7,1.203972804325936,G00,generalist,0.0,alternating_1212,develop_known,20261007,21.176902986452188,4.430900475290613,5.865540614563243,1.7509763649971977,3,"[[0.9864999999999999,0.9999901585],[0.9996355,0.9996355],[0.9999901585,0.9864999999999999]]",2.96665631459995
0.7,1.203972804325936,G00,generalist,0.0,alternating_1212,develop_known,20261008,21.176902986452188,4.430900475290613,5.865540614563243,1.7509763649971977,3,"[[0.9864999999999999,0.9999901585],[0.9996355,0.9996355],[0.9999901585,0.9864999999999999]]",2.96665631459995
0.7,1.203972804325936,G00,generalist,0.0,alternating_1212,develop_known,20261009,21.176902986452188,4.430900475290613,5.865540614563243,1.7509763649971977,3,"[[0.9864999999999999,0.9999901585],[0.9996355,0.9996355],[0.9999901585,0.9864999999999999]]",2.96665631459995
0.7,1.203972804325936,G00,generalist,0.0,alternating_1212,discover_develop,20261007,19.06803330546827,3.711917626681733,5.059842509894022,1.3544637421453007,7,"[[0.955,0.99999704755],[0.9999401065383368,0.997781723642104],[0.9999946095884503,0.9753524849122674]]",2.96665631459995
0.7,1.203972804325936,G00,generalist,0.0,alternating_1212,discover_develop,20261008,19.06803330546827,3.711917626681733,5.059842509894022,1.3544637421453007,7,"[[0.955,0.99999704755],[0.9999401065383368,0.997781723642104],[0.9999946095884503,0.9753524849122674]]",2.96665631459995
0.7,1.203972804325936,G00,generalist,0.0,alternating_1212,discover_develop,20261009,19.06803330546827,3.711917626681733,5.059842509894022,1.3544637421453007,7,"[[0.955,0.99999704755],[0.9999401065383368,0.997781723642104],[0.9999946095884503,0.9753524849122674]]",2.96665631459995
0.7,1.203972804325936,G00,generalist,0.0,alternating_1212,discover_only,20261007,10.256180185518648,2.564045046379662,2.864045046379662,0.7862741699796955,8,"[[0.5,0.5],[0.5,0.5],[0.5,0.5]]",2.96665631459995
0.7,1.203972804325936,G00,generalist,0.0,alternating_1212,discover_only,20261008,10.85618018551865,2.564045046379662,2.864045046379662,0.7862741699796955,7,"[[0.5,0.5],[0.5,0.5],[0.5,0.5]]",2.96665631459995
0.7,1.203972804325936,G00,generalist,0.0,alternating_1212,discover_only,20261009,10.85618018551865,2.564045046379662,2.864045046379662,0.7862741699796955,7,"[[0.5,0.5],[0.5,0.5],[0.5,0.5]]",2.96665631459995
0.7,1.203972804325936,G00,generalist,0.0,alternating_1212,static_known,20261007,11.866625258399798,2.96665631459995,2.96665631459995,0.9888854381999833,3,"[[0.5,0.5],[0.5,0.5],[0.5,0.5]]",2.96665631459995
0.7,1.203972804325936,G00,generalist,0.0,alternating_1212,static_known,20261008,11.866625258399798,2.96665631459995,2.96665631459995,0.9888854381999833,3,"[[0.5,0.5],[0.5,0.5],[0.5,0.5]]",2.96665631459995
0.7,1.203972804325936,G00,generalist,0.0,alternating_1212,static_known,20261009,11.866625258399798,2.96665631459995,2.96665631459995,0.9888854381999833,3,"[[0.5,0.5],[0.5,0.5],[0.5,0.5]]",2.96665631459995
0.7,1.203972804325936,G00,generalist,0.0,change_1122,develop_known,20261007,21.20954579316606,4.430900475290613,5.865540614563243,1.4294741495886345,1,"[[0.9864999999999999,0.9999901585],[0.9996355,0.9996355],[0.9999901585,0.9864999999999999]]",2.96665631459995
0.7,1.203972804325936,G00,generalist,0.0,change_1122,develop_known,20261008,21.20954579316606,4.430900475290613,5.865540614563243,1.4294741495886345,1,"[[0.9864999999999999,0.9999901585],[0.9996355,0.9996355],[0.9999901585,0.9864999999999999]]",2.96665631459995
0.7,1.203972804325936,G00,generalist,0.0,change_1122,develop_known,20261009,21.20954579316606,4.430900475290613,5.865540614563243,1.4294741495886345,1,"[[0.9864999999999999,0.9999901585],[0.9996355,0.9996355],[0.9999901585,0.9864999999999999]]",2.96665631459995
0.7,1.203972804325936,G00,generalist,0.0,change_1122,discover_develop,20261007,19.067815882296358,3.711917626681733,5.059842509894022,1.1688354598238493,7,"[[0.955,0.99999704755],[0.9999401065383368,0.997781723642104],[0.9999946095884503,0.9753524849122674]]",2.96665631459995
0.7,1.203972804325936,G00,generalist,0.0,change_1122,discover_develop,20261008,19.067815882296358,3.711917626681733,5.059842509894022,1.1688354598238493,7,"[[0.955,0.99999704755],[0.9999401065383368,0.997781723642104],[0.9999946095884503,0.9753524849122674]]",2.96665631459995
0.7,1.203972804325936,G00,generalist,0.0,change_1122,discover_develop,20261009,19.067815882296358,3.711917626681733,5.059842509894022,1.1688354598238493,7,"[[0.955,0.99999704755],[0.9999401065383368,0.997781723642104],[0.9999946095884503,0.9753524849122674]]",2.96665631459995
0.7,1.203972804325936,G00,generalist,0.0,change_1122,discover_only,20261007,10.85618018551865,2.564045046379662,2.864045046379662,0.8862741699796954,7,"[[0.5,0.5],[0.5,0.5],[0.5,0.5]]",2.96665631459995
0.7,1.203972804325936,G00,generalist,0.0,change_1122,discover_only,20261008,10.85618018551865,2.564045046379662,2.864045046379662,0.8862741699796954,7,"[[0.5,0.5],[0.5,0.5],[0.5,0.5]]",2.96665631459995
0.7,1.203972804325936,G00,generalist,0.0,change_1122,discover_only,20261009,10.256180185518648,2.564045046379662,2.864045046379662,0.8862741699796954,8,"[[0.5,0.5],[0.5,0.5],[0.5,0.5]]",2.96665631459995
0.7,1.203972804325936,G00,generalist,0.0,change_1122,static_known,20261007,11.866625258399798,2.96665631459995,2.96665631459995,0.9888854381999833,1,"[[0.5,0.5],[0.5,0.5],[0.5,0.5]]",2.96665631459995
0.7,1.203972804325936,G00,generalist,0.0,change_1122,static_known,20261008,11.866625258399798,2.96665631459995,2.96665631459995,0.9888854381999833,1,"[[0.5,0.5],[0.5,0.5],[0.5,0.5]]",2.96665631459995
0.7,1.203972804325936,G00,generalist,0.0,change_1122,static_known,20261009,11.866625258399798,2.96665631459995,2.96665631459995,0.9888854381999833,1,"[[0.5,0.5],[0.5,0.5],[0.5,0.5]]",2.96665631459995
0.7,1.203972804325936,G00,generalist,0.0,persistent_theta1,develop_known,20261007,22.10286783298817,4.430900475290613,5.931019538854676,,0,"[[0.9996355,0.9996355],[0.9999997342795,0.5],[0.9999997342795,0.5]]",2.96665631459995
0.7,1.203972804325936,G00,generalist,0.0,persistent_theta1,develop_known,20261008,22.10286783298817,4.430900475290613,5.931019538854676,,0,"[[0.9996355,0.9996355],[0.9999997342795,0.5],[0.9999997342795,0.5]]",2.96665631459995
0.7,1.203972804325936,G00,generalist,0.0,persistent_theta1,develop_known,20261009,22.10286783298817,4.430900475290613,5.931019538854676,,0,"[[0.9996355,0.9996355],[0.9999997342795,0.5],[0.9999997342795,0.5]]",2.96665631459995
0.7,1.203972804325936,G00,generalist,0.0,persistent_theta1,discover_develop,20261007,20.71138584546738,3.711917626681733,5.7204882428244055,,7,"[[0.99595,0.999967195],[0.9999995148629606,0.7261387212474169],[0.9999995148629606,0.7261387212474169]]",2.96665631459995
0.7,1.203972804325936,G00,generalist,0.0,persistent_theta1,discover_develop,20261008,20.71138584546738,3.711917626681733,5.7204882428244055,,7,"[[0.99595,0.999967195],[0.9999995148629606,0.7261387212474169],[0.9999995148629606,0.7261387212474169]]",2.96665631459995
0.7,1.203972804325936,G00,generalist,0.0,persistent_theta1,discover_develop,20261009,20.71138584546738,3.711917626681733,5.7204882428244055,,7,"[[0.99595,0.999967195],[0.9999995148629606,0.7261387212474169],[0.9999995148629606,0.7261387212474169]]",2.96665631459995
0.7,1.203972804325936,G00,generalist,0.0,persistent_theta1,discover_only,20261007,9.656180185518648,2.564045046379662,2.564045046379662,,8,"[[0.5,0.5],[0.5,0.5],[0.5,0.5]]",2.96665631459995
0.7,1.203972804325936,G00,generalist,0.0,persistent_theta1,discover_only,20261008,10.256180185518648,2.564045046379662,2.564045046379662,,7,"[[0.5,0.5],[0.5,0.5],[0.5,0.5]]",2.96665631459995
0.7,1.203972804325936,G00,generalist,0.0,persistent_theta1,discover_only,20261009,10.256180185518648,2.564045046379662,2.564045046379662,,7,"[[0.5,0.5],[0.5,0.5],[0.5,0.5]]",2.96665631459995
0.7,1.203972804325936,G00,generalist,0.0,persistent_theta1,static_known,20261007,11.866625258399798,2.96665631459995,2.96665631459995,,0,"[[0.5,0.5],[0.5,0.5],[0.5,0.5]]",2.96665631459995
0.7,1.203972804325936,G00,generalist,0.0,persistent_theta1,static_known,20261008,11.866625258399798,2.96665631459995,2.96665631459995,,0,"[[0.5,0.5],[0.5,0.5],[0.5,0.5]]",2.96665631459995
0.7,1.203972804325936,G00,generalist,0.0,persistent_theta1,static_known,20261009,11.866625258399798,2.96665631459995,2.96665631459995,,0,"[[0.5,0.5],[0.5,0.5],[0.5,0.5]]",2.96665631459995
0.7,1.203972804325936,G00,generalist,0.0,persistent_theta2,develop_known,20261007,22.10286783298817,4.430900475290613,5.931019538854676,,0,"[[0.5,0.9999997342795],[0.5,0.9999997342795],[0.9996355,0.9996355]]",2.96665631459995
0.7,1.203972804325936,G00,generalist,0.0,persistent_theta2,develop_known,20261008,22.10286783298817,4.430900475290613,5.931019538854676,,0,"[[0.5,0.9999997342795],[0.5,0.9999997342795],[0.9996355,0.9996355]]",2.96665631459995
0.7,1.203972804325936,G00,generalist,0.0,persistent_theta2,develop_known,20261009,22.10286783298817,4.430900475290613,5.931019538854676,,0,"[[0.5,0.9999997342795],[0.5,0.9999997342795],[0.9996355,0.9996355]]",2.96665631459995
0.7,1.203972804325936,G00,generalist,0.0,persistent_theta2,discover_develop,20261007,21.26263203768098,4.2142476342729935,5.723751052335748,,7,"[[0.5,0.9999997342795],[0.7261387212474169,0.9999995148629606],[0.9999401065383368,0.997781723642104]]",2.96665631459995
0.7,1.203972804325936,G00,generalist,0.0,persistent_theta2,discover_develop,20261008,21.26263203768098,4.2142476342729935,5.723751052335748,,7,"[[0.5,0.9999997342795],[0.7261387212474169,0.9999995148629606],[0.9999401065383368,0.997781723642104]]",2.96665631459995
0.7,1.203972804325936,G00,generalist,0.0,persistent_theta2,discover_develop,20261009,21.26263203768098,4.2142476342729935,5.723751052335748,,7,"[[0.5,0.9999997342795],[0.7261387212474169,0.9999995148629606],[0.9999401065383368,0.997781723642104]]",2.96665631459995
0.7,1.203972804325936,G00,generalist,0.0,persistent_theta2,discover_only,20261007,11.456180185518647,2.864045046379662,2.864045046379662,,7,"[[0.5,0.5],[0.5,0.5],[0.5,0.5]]",2.96665631459995
0.7,1.203972804325936,G00,generalist,0.0,persistent_theta2,discover_only,20261008,11.456180185518647,2.864045046379662,2.864045046379662,,7,"[[0.5,0.5],[0.5,0.5],[0.5,0.5]]",2.96665631459995
0.7,1.203972804325936,G00,generalist,0.0,persistent_theta2,discover_only,20261009,10.856180185518648,2.864045046379662,2.864045046379662,,8,"[[0.5,0.5],[0.5,0.5],[0.5,0.5]]",2.96665631459995
0.7,1.203972804325936,G00,generalist,0.0,persistent_theta2,static_known,20261007,11.866625258399798,2.96665631459995,2.96665631459995,,0,"[[0.5,0.5],[0.5,0.5],[0.5,0.5]]",2.96665631459995
0.7,1.203972804325936,G00,generalist,0.0,persistent_theta2,static_known,20261008,11.866625258399798,2.96665631459995,2.96665631459995,,0,"[[0.5,0.5],[0.5,0.5],[0.5,0.5]]",2.96665631459995
0.7,1.203972804325936,G00,generalist,0.0,persistent_theta2,static_known,20261009,11.866625258399798,2.96665631459995,2.96665631459995,,0,"[[0.5,0.5],[0.5,0.5],[0.5,0.5]]",2.96665631459995
0.7,1.203972804325936,G00,generalist,0.0,recurrent_1221,develop_known,20261007,21.176902986452188,4.430900475290613,5.865540614563243,1.6580164551797472,2,"[[0.9864999999999999,0.9999901585],[0.9996355,0.9996355],[0.9999901585,0.9864999999999999]]",2.96665631459995
0.7,1.203972804325936,G00,generalist,0.0,recurrent_1221,develop_known,20261008,21.176902986452188,4.430900475290613,5.865540614563243,1.6580164551797472,2,"[[0.9864999999999999,0.9999901585],[0.9996355,0.9996355],[0.9999901585,0.9864999999999999]]",2.96665631459995
0.7,1.203972804325936,G00,generalist,0.0,recurrent_1221,develop_known,20261009,21.176902986452188,4.430900475290613,5.865540614563243,1.6580164551797472,2,"[[0.9864999999999999,0.9999901585],[0.9996355,0.9996355],[0.9999901585,0.9864999999999999]]",2.96665631459995
0.7,1.203972804325936,G00,generalist,0.0,recurrent_1221,discover_develop,20261007,19.07297910583394,3.711917626681733,5.642935667216095,1.448355663667968,7,"[[0.955,0.99999704755],[0.9999401065383368,0.997781723642104],[0.9999946095884503,0.9753524849122674]]",2.96665631459995
0.7,1.203972804325936,G00,generalist,0.0,recurrent_1221,discover_develop,20261008,19.07297910583394,3.711917626681733,5.642935667216095,1.448355663667968,7,"[[0.955,0.99999704755],[0.9999401065383368,0.997781723642104],[0.9999946095884503,0.9753524849122674]]",2.96665631459995
0.7,1.203972804325936,G00,generalist,0.0,recurrent_1221,discover_develop,20261009,19.07297910583394,3.711917626681733,5.642935667216095,1.448355663667968,7,"[[0.955,0.99999704755],[0.9999401065383368,0.997781723642104],[0.9999946095884503,0.9753524849122674]]",2.96665631459995
0.7,1.203972804325936,G00,generalist,0.0,recurrent_1221,discover_only,20261007,10.856180185518648,2.564045046379662,2.564045046379662,0.7362741699796955,7,"[[0.5,0.5],[0.5,0.5],[0.5,0.5]]",2.96665631459995
0.7,1.203972804325936,G00,generalist,0.0,recurrent_1221,discover_only,20261008,10.856180185518648,2.564045046379662,2.564045046379662,0.7362741699796955,7,"[[0.5,0.5],[0.5,0.5],[0.5,0.5]]",2.96665631459995
0.7,1.203972804325936,G00,generalist,0.0,recurrent_1221,discover_only,20261009,10.256180185518648,2.564045046379662,2.564045046379662,0.7362741699796955,8,"[[0.5,0.5],[0.5,0.5],[0.5,0.5]]",2.96665631459995
0.7,1.203972804325936,G00,generalist,0.0,recurrent_1221,static_known,20261007,11.866625258399798,2.96665631459995,2.96665631459995,0.9888854381999833,2,"[[0.5,0.5],[0.5,0.5],[0.5,0.5]]",2.96665631459995
0.7,1.203972804325936,G00,generalist,0.0,recurrent_1221,static_known,20261008,11.866625258399798,2.96665631459995,2.96665631459995,0.9888854381999833,2,"[[0.5,0.5],[0.5,0.5],[0.5,0.5]]",2.96665631459995
0.7,1.203972804325936,G00,generalist,0.0,recurrent_1221,static_known,20261009,11.866625258399798,2.96665631459995,2.96665631459995,0.9888854381999833,2,"[[0.5,0.5],[0.5,0.5],[0.5,0.5]]",2.96665631459995
0.7,1.203972804325936,G01,complementary,0.25,alternating_1212,discover_develop,20261007,18.349467861445547,3.82138505990779,5.000068018210531,1.1624344630515635,7,"[[0.9325,0.999998523775],[0.9996355,0.9996355],[0.999998523775,0.9325]]",3.4195160030897807
0.7,1.203972804325936,G01,complementary,0.25,alternating_1212,discover_develop,20261008,18.349467861445547,3.82138505990779,5.000068018210531,1.1624344630515635,7,"[[0.9325,0.999998523775],[0.9996355,0.9996355],[0.999998523775,0.9325]]",3.4195160030897807
0.7,1.203972804325936,G01,complementary,0.25,alternating_1212,discover_develop,20261009,18.349467861445547,3.82138505990779,5.000068018210531,1.1624344630515635,7,"[[0.9325,0.999998523775],[0.9996355,0.9996355],[0.999998523775,0.9325]]",3.4195160030897807
0.7,1.203972804325936,G01,complementary,0.25,change_1122,discover_develop,20261007,18.92661546072091,3.82138505990779,4.991437153146809,1.1705800643180813,7,"[[0.9325,0.999998523775],[0.99989065,0.998785],[0.999998523775,0.9325]]",3.4195160030897807
0.7,1.203972804325936,G01,complementary,0.25,change_1122,discover_develop,20261008,18.92661546072091,3.82138505990779,4.991437153146809,1.1705800643180813,7,"[[0.9325,0.999998523775],[0.99989065,0.998785],[0.999998523775,0.9325]]",3.4195160030897807
0.7,1.203972804325936,G01,complementary,0.25,change_1122,discover_develop,20261009,18.92661546072091,3.82138505990779,4.991437153146809,1.1705800643180813,7,"[[0.9325,0.999998523775],[0.99989065,0.998785],[0.999998523775,0.9325]]",3.4195160030897807
0.7,1.203972804325936,G01,complementary,0.25,persistent_theta1,discover_develop,20261007,20.769639778110825,3.82138505990779,5.716834373796575,,7,"[[0.993925,0.9999835975],[0.999999114265,0.85],[0.99999986713975,0.25]]",3.4195160030897807
0.7,1.203972804325936,G01,complementary,0.25,persistent_theta1,discover_develop,20261008,20.769639778110825,3.82138505990779,5.716834373796575,,7,"[[0.993925,0.9999835975],[0.999999114265,0.85],[0.99999986713975,0.25]]",3.4195160030897807
0.7,1.203972804325936,G01,complementary,0.25,persistent_theta1,discover_develop,20261009,20.769639778110825,3.82138505990779,5.716834373796575,,7,"[[0.993925,0.9999835975],[0.999999114265,0.85],[0.99999986713975,0.25]]",3.4195160030897807
0.7,1.203972804325936,G01,complementary,0.25,persistent_theta2,discover_develop,20261007,21.431137785865086,4.4495083799082575,5.716858041902967,,7,"[[0.25,0.99999986713975],[0.5,0.9999997342795],[0.9999835975,0.993925]]",3.4195160030897807
0.7,1.203972804325936,G01,complementary,0.25,persistent_theta2,discover_develop,20261008,21.431137785865086,4.4495083799082575,5.716858041902967,,7,"[[0.25,0.99999986713975],[0.5,0.9999997342795],[0.9999835975,0.993925]]",3.4195160030897807
0.7,1.203972804325936,G01,complementary,0.25,persistent_theta2,discover_develop,20261009,20.367165865366758,4.438585863809603,5.317627744587284,,0,"[[0.25,0.99999986713975],[0.5,0.9999997342795],[0.99999986713975,0.25]]",3.4195160030897807
0.7,1.203972804325936,G01,complementary,0.25,recurrent_1221,discover_develop,20261007,18.941498076121203,3.82138505990779,4.991437153146809,1.158787155870587,7,"[[0.9325,0.999998523775],[0.998785,0.99989065],[0.999998523775,0.9325]]",3.4195160030897807
0.7,1.203972804325936,G01,complementary,0.25,recurrent_1221,discover_develop,20261008,18.941498076121203,3.82138505990779,4.991437153146809,1.158787155870587,7,"[[0.9325,0.999998523775],[0.998785,0.99989065],[0.999998523775,0.9325]]",3.4195160030897807
0.7,1.203972804325936,G01,complementary,0.25,recurrent_1221,discover_develop,20261009,18.941498076121203,3.82138505990779,4.991437153146809,1.158787155870587,7,"[[0.9325,0.999998523775],[0.998785,0.99989065],[0.999998523775,0.9325]]",3.4195160030897807
0.7,1.203972804325936,G02,concentrated,0.25,alternating_1212,discover_develop,20261007,18.42557181189327,3.6891212678855463,5.043275911785684,1.1503025949034535,7,"[[0.9325,0.999995571325],[0.99999704755,0.955],[0.99981775,0.99981775]]",3.0529949748426484
0.7,1.203972804325936,G02,concentrated,0.25,alternating_1212,discover_develop,20261008,18.42557181189327,3.6891212678855463,5.043275911785684,1.1503025949034535,7,"[[0.9325,0.999995571325],[0.99999704755,0.955],[0.99981775,0.99981775]]",3.0529949748426484
0.7,1.203972804325936,G02,concentrated,0.25,alternating_1212,discover_develop,20261009,18.42557181189327,3.6891212678855463,5.043275911785684,1.1503025949034535,7,"[[0.9325,0.999995571325],[0.99999704755,0.955],[0.99981775,0.99981775]]",3.0529949748426484
0.7,1.203972804325936,G02,concentrated,0.25,change_1122,discover_develop,20261007,19.046028711042414,3.6891212678855463,5.038963940613749,1.1671351022837657,7,"[[0.9325,0.999995571325],[0.99999704755,0.955],[0.999945325,0.9993925]]",3.0529949748426484
0.7,1.203972804325936,G02,concentrated,0.25,change_1122,discover_develop,20261008,19.046028711042414,3.6891212678855463,5.038963940613749,1.1671351022837657,7,"[[0.9325,0.999995571325],[0.99999704755,0.955],[0.999945325,0.9993925]]",3.0529949748426484
0.7,1.203972804325936,G02,concentrated,0.25,change_1122,discover_develop,20261009,19.046028711042414,3.6891212678855463,5.038963940613749,1.1671351022837657,7,"[[0.9325,0.999995571325],[0.99999704755,0.955],[0.999945325,0.9993925]]",3.0529949748426484
0.7,1.203972804325936,G02,concentrated,0.25,persistent_theta1,discover_develop,20261007,20.636259207335094,3.6891212678855463,5.716715526551523,,7,"[[0.993925,0.9999507925],[0.9999997342795,0.5],[0.9999995571325,0.925]]",3.0529949748426484
0.7,1.203972804325936,G02,concentrated,0.25,persistent_theta1,discover_develop,20261008,20.636259207335094,3.6891212678855463,5.716715526551523,,7,"[[0.993925,0.9999507925],[0.9999997342795,0.5],[0.9999995571325,0.925]]",3.0529949748426484
0.7,1.203972804325936,G02,concentrated,0.25,persistent_theta1,discover_develop,20261009,20.636259207335094,3.6891212678855463,5.716715526551523,,7,"[[0.993925,0.9999507925],[0.9999997342795,0.5],[0.9999995571325,0.925]]",3.0529949748426484
0.7,1.203972804325936,G02,concentrated,0.25,persistent_theta2,discover_develop,20261007,21.265598078353207,4.2425421272370745,5.720504994153373,,7,"[[0.25,0.99999960141925],[0.999967195,0.99595],[0.75,0.99999986713975]]",3.0529949748426484
0.7,1.203972804325936,G02,concentrated,0.25,persistent_theta2,discover_develop,20261008,21.265598078353207,4.2425421272370745,5.720504994153373,,7,"[[0.25,0.99999960141925],[0.999967195,0.99595],[0.75,0.99999986713975]]",3.0529949748426484
0.7,1.203972804325936,G02,concentrated,0.25,persistent_theta2,discover_develop,20261009,21.265598078353207,4.2425421272370745,5.720504994153373,,7,"[[0.25,0.99999960141925],[0.999967195,0.99595],[0.75,0.99999986713975]]",3.0529949748426484
0.7,1.203972804325936,G02,concentrated,0.25,recurrent_1221,discover_develop,20261007,19.021166806286168,3.6891212678855463,4.997652594438953,1.1404176226096383,7,"[[0.9325,0.999995571325],[0.99999704755,0.955],[0.9993925,0.999945325]]",3.0529949748426484
0.7,1.203972804325936,G02,concentrated,0.25,recurrent_1221,discover_develop,20261008,19.021166806286168,3.6891212678855463,4.997652594438953,1.1404176226096383,7,"[[0.9325,0.999995571325],[0.99999704755,0.955],[0.9993925,0.999945325]]",3.0529949748426484
0.7,1.203972804325936,G02,concentrated,0.25,recurrent_1221,discover_develop,20261009,19.021166806286168,3.6891212678855463,4.997652594438953,1.1404176226096383,7,"[[0.9325,0.999995571325],[0.99999704755,0.955],[0.9993925,0.999945325]]",3.0529949748426484
0.7,1.203972804325936,G03,partial_overlap,0.25,alternating_1212,discover_develop,20261007,19.22714710196454,4.4495083799082575,4.962265972092332,1.3641270915489245,7,"[[0.9325,0.999998523775],[0.99999704755,0.9325],[0.9999835975,0.99595]]",3.3261829471342965
0.7,1.203972804325936,G03,partial_overlap,0.25,alternating_1212,discover_develop,20261008,19.22714710196454,4.4495083799082575,4.962265972092332,1.3641270915489245,7,"[[0.9325,0.999998523775],[0.99999704755,0.9325],[0.9999835975,0.99595]]",3.3261829471342965
0.7,1.203972804325936,G03,partial_overlap,0.25,alternating_1212,discover_develop,20261009,18.948061957140613,4.438585863809603,4.962322920186937,1.3687298415088736,3,"[[0.25,0.99999986713975],[0.99999704755,0.9325],[0.9999835975,0.99595]]",3.3261829471342965
0.7,1.203972804325936,G03,partial_overlap,0.25,change_1122,discover_develop,20261007,19.229388663487835,4.4495083799082575,4.962265972092332,1.1707102333011998,7,"[[0.9325,0.999998523775],[0.99999704755,0.9325],[0.9999835975,0.99595]]",3.3261829471342965
0.7,1.203972804325936,G03,partial_overlap,0.25,change_1122,discover_develop,20261008,19.229388663487835,4.4495083799082575,4.962265972092332,1.1707102333011998,7,"[[0.9325,0.999998523775],[0.99999704755,0.9325],[0.9999835975,0.99595]]",3.3261829471342965
0.7,1.203972804325936,G03,partial_overlap,0.25,change_1122,discover_develop,20261009,18.93943903430619,4.438585863809603,4.962322920186937,1.1723067333208546,3,"[[0.25,0.99999986713975],[0.99999704755,0.9325],[0.9999835975,0.99595]]",3.3261829471342965
0.7,1.203972804325936,G03,partial_overlap,0.25,persistent_theta1,discover_develop,20261007,21.431137785865086,4.4495083799082575,5.716858041902967,,7,"[[0.993925,0.9999835975],[0.9999997342795,0.25],[0.99999986713975,0.5]]",3.3261829471342965
0.7,1.203972804325936,G03,partial_overlap,0.25,persistent_theta1,discover_develop,20261008,21.431137785865086,4.4495083799082575,5.716858041902967,,7,"[[0.993925,0.9999835975],[0.9999997342795,0.25],[0.99999986713975,0.5]]",3.3261829471342965
0.7,1.203972804325936,G03,partial_overlap,0.25,persistent_theta1,discover_develop,20261009,20.367165865366758,4.438585863809603,5.317627744587284,,0,"[[0.25,0.99999986713975],[0.9999997342795,0.25],[0.99999986713975,0.5]]",3.3261829471342965
0.7,1.203972804325936,G03,partial_overlap,0.25,persistent_theta2,discover_develop,20261007,20.740263919314145,3.800857790346631,5.716769035326171,,7,"[[0.25,0.99999986713975],[0.999967195,0.993925],[0.925,0.999999114265]]",3.3261829471342965
0.7,1.203972804325936,G03,partial_overlap,0.25,persistent_theta2,discover_develop,20261008,20.740263919314145,3.800857790346631,5.716769035326171,,7,"[[0.25,0.99999986713975],[0.999967195,0.993925],[0.925,0.999999114265]]",3.3261829471342965
0.7,1.203972804325936,G03,partial_overlap,0.25,persistent_theta2,discover_develop,20261009,20.740263919314145,3.800857790346631,5.716769035326171,,7,"[[0.25,0.99999986713975],[0.999967195,0.993925],[0.925,0.999999114265]]",3.3261829471342965
0.7,1.203972804325936,G03,partial_overlap,0.25,recurrent_1221,discover_develop,20261007,19.22873792810176,4.4495083799082575,5.603329880388441,1.460975708968216,7,"[[0.9325,0.999998523775],[0.99999704755,0.9325],[0.9999835975,0.99595]]",3.3261829471342965
0.7,1.203972804325936,G03,partial_overlap,0.25,recurrent_1221,discover_develop,20261008,19.22873792810176,4.4495083799082575,5.603329880388441,1.460975708968216,7,"[[0.9325,0.999998523775],[0.99999704755,0.9325],[0.9999835975,0.99595]]",3.3261829471342965
0.7,1.203972804325936,G03,partial_overlap,0.25,recurrent_1221,discover_develop,20261009,18.949976623106213,4.438585863809603,5.316892748856954,1.4678032249037454,4,"[[0.25,0.99999986713975],[0.99999704755,0.9325],[0.9999835975,0.99595]]",3.3261829471342965
0.7,1.203972804325936,G04,redundant,0.25,alternating_1212,discover_develop,20261007,19.18900215779775,4.4495083799082575,4.972530991714908,1.3639481701682836,7,"[[0.9325,0.999998523775],[0.99997539625,0.9949375],[0.9999977856625,0.94375]]",3.2959165245236783
0.7,1.203972804325936,G04,redundant,0.25,alternating_1212,discover_develop,20261008,18.909914560530776,4.438585863809603,4.9725879375336,1.3685509144208654,3,"[[0.25,0.99999986713975],[0.99997539625,0.9949375],[0.9999977856625,0.94375]]",3.2959165245236783
0.7,1.203972804325936,G04,redundant,0.25,alternating_1212,discover_develop,20261009,18.909914560530776,4.438585863809603,4.9725879375336,1.3685509144208654,3,"[[0.25,0.99999986713975],[0.99997539625,0.9949375],[0.9999977856625,0.94375]]",3.2959165245236783
0.7,1.203972804325936,G04,redundant,0.25,change_1122,discover_develop,20261007,19.19171510420151,4.4495083799082575,4.972530991714908,1.1707102333011998,7,"[[0.9325,0.999998523775],[0.99997539625,0.9949375],[0.9999977856625,0.94375]]",3.2959165245236783
0.7,1.203972804325936,G04,redundant,0.25,change_1122,discover_develop,20261008,18.901766455210996,4.438585863809603,4.9725879375336,1.1723067333208546,3,"[[0.25,0.99999986713975],[0.99997539625,0.9949375],[0.9999977856625,0.94375]]",3.2959165245236783
0.7,1.203972804325936,G04,redundant,0.25,change_1122,discover_develop,20261009,18.901766455210996,4.438585863809603,4.9725879375336,1.1723067333208546,3,"[[0.25,0.99999986713975],[0.99997539625,0.9949375],[0.9999977856625,0.94375]]",3.2959165245236783
0.7,1.203972804325936,G04,redundant,0.25,persistent_theta1,discover_develop,20261007,21.431137785865086,4.4495083799082575,5.716858041902967,,7,"[[0.993925,0.9999835975],[0.999999800709625,0.375],[0.999999800709625,0.375]]",3.2959165245236783
0.7,1.203972804325936,G04,redundant,0.25,persistent_theta1,discover_develop,20261008,20.367165865366758,4.438585863809603,5.317627744587284,,0,"[[0.25,0.99999986713975],[0.999999800709625,0.375],[0.999999800709625,0.375]]",3.2959165245236783
0.7,1.203972804325936,G04,redundant,0.25,persistent_theta1,discover_develop,20261009,20.367165865366758,4.438585863809603,5.317627744587284,,0,"[[0.25,0.99999986713975],[0.999999800709625,0.375],[0.999999800709625,0.375]]",3.2959165245236783
0.7,1.203972804325936,G04,redundant,0.25,persistent_theta2,discover_develop,20261007,20.724116688763182,3.7634571410874598,5.718651962528497,,7,"[[0.25,0.99999986713975],[0.8875,0.99999889283125],[0.99997539625,0.9949375]]",3.2959165245236783
0.7,1.203972804325936,G04,redundant,0.25,persistent_theta2,discover_develop,20261008,20.724116688763182,3.7634571410874598,5.718651962528497,,7,"[[0.25,0.99999986713975],[0.8875,0.99999889283125],[0.99997539625,0.9949375]]",3.2959165245236783
0.7,1.203972804325936,G04,redundant,0.25,persistent_theta2,discover_develop,20261009,20.724116688763182,3.7634571410874598,5.718651962528497,,7,"[[0.25,0.99999986713975],[0.8875,0.99999889283125],[0.99997539625,0.9949375]]",3.2959165245236783
0.7,1.203972804325936,G04,redundant,0.25,recurrent_1221,discover_develop,20261007,19.19095978127612,4.4495083799082575,5.603044830415948,1.460871617500678,7,"[[0.9325,0.999998523775],[0.99997539625,0.9949375],[0.9999977856625,0.94375]]",3.2959165245236783
0.7,1.203972804325936,G04,redundant,0.25,recurrent_1221,discover_develop,20261008,18.912202771563216,4.438585863809603,5.316603376257246,1.467699133346422,4,"[[0.25,0.99999986713975],[0.99997539625,0.9949375],[0.9999977856625,0.94375]]",3.2959165245236783
0.7,1.203972804325936,G04,redundant,0.25,recurrent_1221,discover_develop,20261009,18.912202771563216,4.438585863809603,5.316603376257246,1.467699133346422,4,"[[0.25,0.99999986713975],[0.99997539625,0.9949375],[0.9999977856625,0.94375]]",3.2959165245236783
0.7,1.203972804325936,G05,complementary,0.5,alternating_1212,discover_develop,20261007,18.122435369819993,4.143083773970151,4.713493417599258,1.1694896224071718,4,"[[0.0,1.0],[0.9996355,0.9996355],[1.0,0.0]]",4.175755076535925
0.7,1.203972804325936,G05,complementary,0.5,alternating_1212,discover_develop,20261008,18.122435369819993,4.143083773970151,4.713493417599258,1.1694896224071718,4,"[[0.0,1.0],[0.9996355,0.9996355],[1.0,0.0]]",4.175755076535925
0.7,1.203972804325936,G05,complementary,0.5,alternating_1212,discover_develop,20261009,18.122435369819993,4.143083773970151,4.713493417599258,1.1694896224071718,4,"[[0.0,1.0],[0.9996355,0.9996355],[1.0,0.0]]",4.175755076535925
0.7,1.203972804325936,G05,complementary,0.5,change_1122,discover_develop,20261007,18.688194631914996,4.143083773970151,4.70436882534865,1.1723622575178099,4,"[[0.0,1.0],[0.99989065,0.998785],[1.0,0.0]]",4.175755076535925
0.7,1.203972804325936,G05,complementary,0.5,change_1122,discover_develop,20261008,18.688194631914996,4.143083773970151,4.70436882534865,1.1723622575178099,4,"[[0.0,1.0],[0.99989065,0.998785],[1.0,0.0]]",4.175755076535925
0.7,1.203972804325936,G05,complementary,0.5,change_1122,discover_develop,20261009,18.688194631914996,4.143083773970151,4.70436882534865,1.1723622575178099,4,"[[0.0,1.0],[0.99989065,0.998785],[1.0,0.0]]",4.175755076535925
0.7,1.203972804325936,G05,complementary,0.5,persistent_theta1,discover_develop,20261007,20.04757202521933,4.143083773970151,5.317610677601177,,1,"[[0.0,1.0],[0.999999114265,0.85],[1.0,0.0]]",4.175755076535925
0.7,1.203972804325936,G05,complementary,0.5,persistent_theta1,discover_develop,20261008,20.04757202521933,4.143083773970151,5.317610677601177,,1,"[[0.0,1.0],[0.999999114265,0.85],[1.0,0.0]]",4.175755076535925
0.7,1.203972804325936,G05,complementary,0.5,persistent_theta1,discover_develop,20261009,20.04757202521933,4.143083773970151,5.317610677601177,,1,"[[0.0,1.0],[0.999999114265,0.85],[1.0,0.0]]",4.175755076535925
0.7,1.203972804325936,G05,complementary,0.5,persistent_theta2,discover_develop,20261007,20.72820133925353,4.789793621656349,5.317634717198583,,0,"[[0.0,1.0],[0.5,0.9999997342795],[1.0,0.0]]",4.175755076535925
0.7,1.203972804325936,G05,complementary,0.5,persistent_theta2,discover_develop,20261008,20.72820133925353,4.789793621656349,5.317634717198583,,0,"[[0.0,1.0],[0.5,0.9999997342795],[1.0,0.0]]",4.175755076535925
0.7,1.203972804325936,G05,complementary,0.5,persistent_theta2,discover_develop,20261009,20.72820133925353,4.789793621656349,5.317634717198583,,0,"[[0.0,1.0],[0.5,0.9999997342795],[1.0,0.0]]",4.175755076535925
0.7,1.203972804325936,G05,complementary,0.5,recurrent_1221,discover_develop,20261007,18.714465631914997,4.143083773970151,4.70436882534865,1.1690603630721599,3,"[[0.0,1.0],[0.998785,0.99989065],[1.0,0.0]]",4.175755076535925
0.7,1.203972804325936,G05,complementary,0.5,recurrent_1221,discover_develop,20261008,18.714465631914997,4.143083773970151,4.70436882534865,1.1690603630721599,3,"[[0.0,1.0],[0.998785,0.99989065],[1.0,0.0]]",4.175755076535925
0.7,1.203972804325936,G05,complementary,0.5,recurrent_1221,discover_develop,20261009,18.714465631914997,4.143083773970151,4.70436882534865,1.1690603630721599,3,"[[0.0,1.0],[0.998785,0.99989065],[1.0,0.0]]",4.175755076535925
0.7,1.203972804325936,G06,concentrated,0.5,alternating_1212,develop_known,20261007,20.512271775361985,4.49755231843597,5.31531543501318,1.7087142841067717,4,"[[0.999999468559,0.0],[0.997781723642104,0.9999401065383368],[1.0,1.0]]",2.96665631459995
0.7,1.203972804325936,G06,concentrated,0.5,alternating_1212,develop_known,20261008,20.512271775361985,4.49755231843597,5.31531543501318,1.7087142841067717,4,"[[0.999999468559,0.0],[0.997781723642104,0.9999401065383368],[1.0,1.0]]",2.96665631459995
0.7,1.203972804325936,G06,concentrated,0.5,alternating_1212,develop_known,20261009,20.512271775361985,4.49755231843597,5.31531543501318,1.7087142841067717,4,"[[0.999999468559,0.0],[0.997781723642104,0.9999401065383368],[1.0,1.0]]",2.96665631459995
0.7,1.203972804325936,G06,concentrated,0.5,alternating_1212,discover_develop,20261007,19.657862442454412,3.8768472896654904,5.045409880560508,1.5641947888292451,5,"[[0.0,0.999999468559],[0.99999704755,0.955],[1.0,1.0]]",2.96665631459995
0.7,1.203972804325936,G06,concentrated,0.5,alternating_1212,discover_develop,20261008,19.657862442454412,3.8768472896654904,5.045409880560508,1.5641947888292451,5,"[[0.0,0.999999468559],[0.99999704755,0.955],[1.0,1.0]]",2.96665631459995
0.7,1.203972804325936,G06,concentrated,0.5,alternating_1212,discover_develop,20261009,19.657862442454412,3.8768472896654904,5.045409880560508,1.5641947888292451,5,"[[0.0,0.999999468559],[0.99999704755,0.955],[1.0,1.0]]",2.96665631459995
0.7,1.203972804325936,G06,concentrated,0.5,alternating_1212,discover_only,20261007,10.256180185518648,2.564045046379662,2.864045046379662,0.7862741699796955,8,"[[0.0,0.0],[0.5,0.5],[1.0,1.0]]",2.96665631459995
0.7,1.203972804325936,G06,concentrated,0.5,alternating_1212,discover_only,20261008,10.85618018551865,2.564045046379662,2.864045046379662,0.7862741699796955,7,"[[0.0,0.0],[0.5,0.5],[1.0,1.0]]",2.96665631459995
0.7,1.203972804325936,G06,concentrated,0.5,alternating_1212,discover_only,20261009,10.85618018551865,2.564045046379662,2.864045046379662,0.7862741699796955,7,"[[0.0,0.0],[0.5,0.5],[1.0,1.0]]",2.96665631459995
0.7,1.203972804325936,G06,concentrated,0.5,alternating_1212,static_known,20261007,11.866625258399798,2.96665631459995,2.96665631459995,0.9888854381999833,3,"[[0.0,0.0],[0.5,0.5],[1.0,1.0]]",2.96665631459995
0.7,1.203972804325936,G06,concentrated,0.5,alternating_1212,static_known,20261008,11.866625258399798,2.96665631459995,2.96665631459995,0.9888854381999833,3,"[[0.0,0.0],[0.5,0.5],[1.0,1.0]]",2.96665631459995
0.7,1.203972804325936,G06,concentrated,0.5,alternating_1212,static_known,20261009,11.866625258399798,2.96665631459995,2.96665631459995,0.9888854381999833,3,"[[0.0,0.0],[0.5,0.5],[1.0,1.0]]",2.96665631459995
0.7,1.203972804325936,G06,concentrated,0.5,change_1122,develop_known,20261007,20.48384524725951,4.49755231843597,5.30350229466828,1.3917463185588297,2,"[[0.999999468559,0.0],[0.9996355,0.9996355],[1.0,1.0]]",2.96665631459995
0.7,1.203972804325936,G06,concentrated,0.5,change_1122,develop_known,20261008,20.48384524725951,4.49755231843597,5.30350229466828,1.3917463185588297,2,"[[0.999999468559,0.0],[0.9996355,0.9996355],[1.0,1.0]]",2.96665631459995
0.7,1.203972804325936,G06,concentrated,0.5,change_1122,develop_known,20261009,20.48384524725951,4.49755231843597,5.30350229466828,1.3917463185588297,2,"[[0.999999468559,0.0],[0.9996355,0.9996355],[1.0,1.0]]",2.96665631459995
0.7,1.203972804325936,G06,concentrated,0.5,change_1122,discover_develop,20261007,19.0685785661039,3.8768472896654904,5.045409880560508,1.7719022460894758,7,"[[0.0,0.999999468559],[0.99999704755,0.955],[1.0,1.0]]",2.96665631459995
0.7,1.203972804325936,G06,concentrated,0.5,change_1122,discover_develop,20261008,19.0685785661039,3.8768472896654904,5.045409880560508,1.7719022460894758,7,"[[0.0,0.999999468559],[0.99999704755,0.955],[1.0,1.0]]",2.96665631459995
0.7,1.203972804325936,G06,concentrated,0.5,change_1122,discover_develop,20261009,19.0685785661039,3.8768472896654904,5.045409880560508,1.7719022460894758,7,"[[0.0,0.999999468559],[0.99999704755,0.955],[1.0,1.0]]",2.96665631459995
0.7,1.203972804325936,G06,concentrated,0.5,change_1122,discover_only,20261007,10.85618018551865,2.564045046379662,2.864045046379662,0.8862741699796954,7,"[[0.0,0.0],[0.5,0.5],[1.0,1.0]]",2.96665631459995
0.7,1.203972804325936,G06,concentrated,0.5,change_1122,discover_only,20261008,10.85618018551865,2.564045046379662,2.864045046379662,0.8862741699796954,7,"[[0.0,0.0],[0.5,0.5],[1.0,1.0]]",2.96665631459995
0.7,1.203972804325936,G06,concentrated,0.5,change_1122,discover_only,20261009,10.256180185518648,2.564045046379662,2.864045046379662,0.8862741699796954,8,"[[0.0,0.0],[0.5,0.5],[1.0,1.0]]",2.96665631459995
0.7,1.203972804325936,G06,concentrated,0.5,change_1122,static_known,20261007,11.866625258399798,2.96665631459995,2.96665631459995,0.9888854381999833,1,"[[0.0,0.0],[0.5,0.5],[1.0,1.0]]",2.96665631459995
0.7,1.203972804325936,G06,concentrated,0.5,change_1122,static_known,20261008,11.866625258399798,2.96665631459995,2.96665631459995,0.9888854381999833,1,"[[0.0,0.0],[0.5,0.5],[1.0,1.0]]",2.96665631459995
0.7,1.203972804325936,G06,concentrated,0.5,change_1122,static_known,20261009,11.866625258399798,2.96665631459995,2.96665631459995,0.9888854381999833,1,"[[0.0,0.0],[0.5,0.5],[1.0,1.0]]",2.96665631459995
0.7,1.203972804325936,G06,concentrated,0.5,persistent_theta1,develop_known,20261007,22.25630952865522,4.49755231843597,5.933283427682115,,1,"[[0.999999468559,0.0],[0.9999997342795,0.5],[1.0,1.0]]",2.96665631459995
0.7,1.203972804325936,G06,concentrated,0.5,persistent_theta1,develop_known,20261008,22.25630952865522,4.49755231843597,5.933283427682115,,1,"[[0.999999468559,0.0],[0.9999997342795,0.5],[1.0,1.0]]",2.96665631459995
0.7,1.203972804325936,G06,concentrated,0.5,persistent_theta1,develop_known,20261009,22.25630952865522,4.49755231843597,5.933283427682115,,1,"[[0.999999468559,0.0],[0.9999997342795,0.5],[1.0,1.0]]",2.96665631459995
0.7,1.203972804325936,G06,concentrated,0.5,persistent_theta1,discover_develop,20261007,18.006554889969713,3.8768472896654904,4.717628545543962,,7,"[[0.0,0.999999468559],[0.9999997342795,0.5],[1.0,1.0]]",2.96665631459995
0.7,1.203972804325936,G06,concentrated,0.5,persistent_theta1,discover_develop,20261008,18.006554889969713,3.8768472896654904,4.717628545543962,,7,"[[0.0,0.999999468559],[0.9999997342795,0.5],[1.0,1.0]]",2.96665631459995
0.7,1.203972804325936,G06,concentrated,0.5,persistent_theta1,discover_develop,20261009,18.006554889969713,3.8768472896654904,4.717628545543962,,7,"[[0.0,0.999999468559],[0.9999997342795,0.5],[1.0,1.0]]",2.96665631459995
0.7,1.203972804325936,G06,concentrated,0.5,persistent_theta1,discover_only,20261007,9.656180185518648,2.564045046379662,2.564045046379662,,8,"[[0.0,0.0],[0.5,0.5],[1.0,1.0]]",2.96665631459995
0.7,1.203972804325936,G06,concentrated,0.5,persistent_theta1,discover_only,20261008,10.256180185518648,2.564045046379662,2.564045046379662,,7,"[[0.0,0.0],[0.5,0.5],[1.0,1.0]]",2.96665631459995
0.7,1.203972804325936,G06,concentrated,0.5,persistent_theta1,discover_only,20261009,10.256180185518648,2.564045046379662,2.564045046379662,,7,"[[0.0,0.0],[0.5,0.5],[1.0,1.0]]",2.96665631459995
0.7,1.203972804325936,G06,concentrated,0.5,persistent_theta1,static_known,20261007,11.866625258399798,2.96665631459995,2.96665631459995,,0,"[[0.0,0.0],[0.5,0.5],[1.0,1.0]]",2.96665631459995
0.7,1.203972804325936,G06,concentrated,0.5,persistent_theta1,static_known,20261008,11.866625258399798,2.96665631459995,2.96665631459995,,0,"[[0.0,0.0],[0.5,0.5],[1.0,1.0]]",2.96665631459995
0.7,1.203972804325936,G06,concentrated,0.5,persistent_theta1,static_known,20261009,11.866625258399798,2.96665631459995,2.96665631459995,,0,"[[0.0,0.0],[0.5,0.5],[1.0,1.0]]",2.96665631459995
0.7,1.203972804325936,G06,concentrated,0.5,persistent_theta2,develop_known,20261007,22.25630952865522,4.49755231843597,5.933283427682115,,1,"[[0.0,0.999999468559],[0.5,0.9999997342795],[1.0,1.0]]",2.96665631459995
0.7,1.203972804325936,G06,concentrated,0.5,persistent_theta2,develop_known,20261008,22.25630952865522,4.49755231843597,5.933283427682115,,1,"[[0.0,0.999999468559],[0.5,0.9999997342795],[1.0,1.0]]",2.96665631459995
0.7,1.203972804325936,G06,concentrated,0.5,persistent_theta2,develop_known,20261009,22.25630952865522,4.49755231843597,5.933283427682115,,1,"[[0.0,0.999999468559],[0.5,0.9999997342795],[1.0,1.0]]",2.96665631459995
0.7,1.203972804325936,G06,concentrated,0.5,persistent_theta2,discover_develop,20261007,19.46810661690819,4.2425421272370745,5.120544011365136,,7,"[[0.0,0.999999468559],[0.999967195,0.99595],[1.0,1.0]]",2.96665631459995
0.7,1.203972804325936,G06,concentrated,0.5,persistent_theta2,discover_develop,20261008,19.46810661690819,4.2425421272370745,5.120544011365136,,7,"[[0.0,0.999999468559],[0.999967195,0.99595],[1.0,1.0]]",2.96665631459995
0.7,1.203972804325936,G06,concentrated,0.5,persistent_theta2,discover_develop,20261009,19.46810661690819,4.2425421272370745,5.120544011365136,,7,"[[0.0,0.999999468559],[0.999967195,0.99595],[1.0,1.0]]",2.96665631459995
0.7,1.203972804325936,G06,concentrated,0.5,persistent_theta2,discover_only,20261007,11.456180185518647,2.864045046379662,2.864045046379662,,7,"[[0.0,0.0],[0.5,0.5],[1.0,1.0]]",2.96665631459995
0.7,1.203972804325936,G06,concentrated,0.5,persistent_theta2,discover_only,20261008,11.456180185518647,2.864045046379662,2.864045046379662,,7,"[[0.0,0.0],[0.5,0.5],[1.0,1.0]]",2.96665631459995
0.7,1.203972804325936,G06,concentrated,0.5,persistent_theta2,discover_only,20261009,10.856180185518648,2.864045046379662,2.864045046379662,,8,"[[0.0,0.0],[0.5,0.5],[1.0,1.0]]",2.96665631459995
0.7,1.203972804325936,G06,concentrated,0.5,persistent_theta2,static_known,20261007,11.866625258399798,2.96665631459995,2.96665631459995,,0,"[[0.0,0.0],[0.5,0.5],[1.0,1.0]]",2.96665631459995
0.7,1.203972804325936,G06,concentrated,0.5,persistent_theta2,static_known,20261008,11.866625258399798,2.96665631459995,2.96665631459995,,0,"[[0.0,0.0],[0.5,0.5],[1.0,1.0]]",2.96665631459995
0.7,1.203972804325936,G06,concentrated,0.5,persistent_theta2,static_known,20261009,11.866625258399798,2.96665631459995,2.96665631459995,,0,"[[0.0,0.0],[0.5,0.5],[1.0,1.0]]",2.96665631459995
0.7,1.203972804325936,G06,concentrated,0.5,recurrent_1221,develop_known,20261007,20.50573194950805,4.49755231843597,5.9242842774921005,1.679196198753748,3,"[[0.999999468559,0.0],[0.997781723642104,0.9999401065383368],[1.0,1.0]]",2.96665631459995
0.7,1.203972804325936,G06,concentrated,0.5,recurrent_1221,develop_known,20261008,20.50573194950805,4.49755231843597,5.9242842774921005,1.679196198753748,3,"[[0.999999468559,0.0],[0.997781723642104,0.9999401065383368],[1.0,1.0]]",2.96665631459995
0.7,1.203972804325936,G06,concentrated,0.5,recurrent_1221,develop_known,20261009,20.50573194950805,4.49755231843597,5.9242842774921005,1.679196198753748,3,"[[0.999999468559,0.0],[0.997781723642104,0.9999401065383368],[1.0,1.0]]",2.96665631459995
0.7,1.203972804325936,G06,concentrated,0.5,recurrent_1221,discover_develop,20261007,19.658181894779617,3.8768472896654904,5.317523260507633,1.7605398403226657,6,"[[0.0,0.999999468559],[0.99999704755,0.955],[1.0,1.0]]",2.96665631459995
0.7,1.203972804325936,G06,concentrated,0.5,recurrent_1221,discover_develop,20261008,19.658181894779617,3.8768472896654904,5.317523260507633,1.7605398403226657,6,"[[0.0,0.999999468559],[0.99999704755,0.955],[1.0,1.0]]",2.96665631459995
0.7,1.203972804325936,G06,concentrated,0.5,recurrent_1221,discover_develop,20261009,19.658181894779617,3.8768472896654904,5.317523260507633,1.7605398403226657,6,"[[0.0,0.999999468559],[0.99999704755,0.955],[1.0,1.0]]",2.96665631459995
0.7,1.203972804325936,G06,concentrated,0.5,recurrent_1221,discover_only,20261007,10.856180185518648,2.564045046379662,2.564045046379662,0.7362741699796955,7,"[[0.0,0.0],[0.5,0.5],[1.0,1.0]]",2.96665631459995
0.7,1.203972804325936,G06,concentrated,0.5,recurrent_1221,discover_only,20261008,10.856180185518648,2.564045046379662,2.564045046379662,0.7362741699796955,7,"[[0.0,0.0],[0.5,0.5],[1.0,1.0]]",2.96665631459995
0.7,1.203972804325936,G06,concentrated,0.5,recurrent_1221,discover_only,20261009,10.256180185518648,2.564045046379662,2.564045046379662,0.7362741699796955,8,"[[0.0,0.0],[0.5,0.5],[1.0,1.0]]",2.96665631459995
0.7,1.203972804325936,G06,concentrated,0.5,recurrent_1221,static_known,20261007,11.866625258399798,2.96665631459995,2.96665631459995,0.9888854381999833,2,"[[0.0,0.0],[0.5,0.5],[1.0,1.0]]",2.96665631459995
0.7,1.203972804325936,G06,concentrated,0.5,recurrent_1221,static_known,20261008,11.866625258399798,2.96665631459995,2.96665631459995,0.9888854381999833,2,"[[0.0,0.0],[0.5,0.5],[1.0,1.0]]",2.96665631459995
0.7,1.203972804325936,G06,concentrated,0.5,recurrent_1221,static_known,20261009,11.866625258399798,2.96665631459995,2.96665631459995,0.9888854381999833,2,"[[0.0,0.0],[0.5,0.5],[1.0,1.0]]",2.96665631459995
0.7,1.203972804325936,G07,partial_overlap,0.5,alternating_1212,develop_known,20261007,20.195797406590422,4.789793621656349,5.303505928966961,1.6411245101745824,3,"[[0.0,1.0],[0.9999997342795,0.0],[1.0,0.9996355]]",3.9735697320844925
0.7,1.203972804325936,G07,partial_overlap,0.5,alternating_1212,develop_known,20261008,20.195797406590422,4.789793621656349,5.303505928966961,1.6411245101745824,3,"[[0.0,1.0],[0.9999997342795,0.0],[1.0,0.9996355]]",3.9735697320844925
0.7,1.203972804325936,G07,partial_overlap,0.5,alternating_1212,develop_known,20261009,20.195797406590422,4.789793621656349,5.303505928966961,1.6411245101745824,3,"[[0.0,1.0],[0.9999997342795,0.0],[1.0,0.9996355]]",3.9735697320844925
0.7,1.203972804325936,G07,partial_overlap,0.5,alternating_1212,discover_develop,20261007,19.00098377307347,4.789793621656349,4.673552428789074,1.3717663518814704,3,"[[0.0,1.0],[0.9999997342795,0.0],[1.0,0.99595]]",3.9735697320844925
0.7,1.203972804325936,G07,partial_overlap,0.5,alternating_1212,discover_develop,20261008,19.00098377307347,4.789793621656349,4.673552428789074,1.3717663518814704,3,"[[0.0,1.0],[0.9999997342795,0.0],[1.0,0.99595]]",3.9735697320844925
0.7,1.203972804325936,G07,partial_overlap,0.5,alternating_1212,discover_develop,20261009,19.00098377307347,4.789793621656349,4.673552428789074,1.3717663518814704,3,"[[0.0,1.0],[0.9999997342795,0.0],[1.0,0.99595]]",3.9735697320844925
0.7,1.203972804325936,G07,partial_overlap,0.5,alternating_1212,discover_only,20261007,15.563859387606547,4.175755076535925,3.6061746172673486,1.1919183588453084,3,"[[0.0,1.0],[0.5,0.0],[1.0,0.5]]",3.9735697320844925
0.7,1.203972804325936,G07,partial_overlap,0.5,alternating_1212,discover_only,20261008,15.563859387606547,4.175755076535925,3.6061746172673486,1.1919183588453084,3,"[[0.0,1.0],[0.5,0.0],[1.0,0.5]]",3.9735697320844925
0.7,1.203972804325936,G07,partial_overlap,0.5,alternating_1212,discover_only,20261009,15.563859387606547,4.175755076535925,3.6061746172673486,1.1919183588453084,3,"[[0.0,1.0],[0.5,0.0],[1.0,0.5]]",3.9735697320844925
0.7,1.203972804325936,G07,partial_overlap,0.5,alternating_1212,static_known,20261007,15.89427892833797,4.175755076535925,3.77138438763306,1.3020582057557828,3,"[[0.0,1.0],[0.5,0.0],[1.0,0.5]]",3.9735697320844925
0.7,1.203972804325936,G07,partial_overlap,0.5,alternating_1212,static_known,20261008,15.89427892833797,4.175755076535925,3.77138438763306,1.3020582057557828,3,"[[0.0,1.0],[0.5,0.0],[1.0,0.5]]",3.9735697320844925
0.7,1.203972804325936,G07,partial_overlap,0.5,alternating_1212,static_known,20261009,15.89427892833797,4.175755076535925,3.77138438763306,1.3020582057557828,3,"[[0.0,1.0],[0.5,0.0],[1.0,0.5]]",3.9735697320844925
0.7,1.203972804325936,G07,partial_overlap,0.5,change_1122,develop_known,20261007,20.186479898917682,4.789793621656349,5.303505928966961,1.3918323452144263,1,"[[0.0,1.0],[0.9999997342795,0.0],[1.0,0.9996355]]",3.9735697320844925
0.7,1.203972804325936,G07,partial_overlap,0.5,change_1122,develop_known,20261008,20.186479898917682,4.789793621656349,5.303505928966961,1.3918323452144263,1,"[[0.0,1.0],[0.9999997342795,0.0],[1.0,0.9996355]]",3.9735697320844925
0.7,1.203972804325936,G07,partial_overlap,0.5,change_1122,develop_known,20261009,20.186479898917682,4.789793621656349,5.303505928966961,1.3918323452144263,1,"[[0.0,1.0],[0.9999997342795,0.0],[1.0,0.9996355]]",3.9735697320844925
0.7,1.203972804325936,G07,partial_overlap,0.5,change_1122,discover_develop,20261007,18.99047929431624,4.789793621656349,4.673552428789074,1.172492519612813,3,"[[0.0,1.0],[0.9999997342795,0.0],[1.0,0.99595]]",3.9735697320844925
0.7,1.203972804325936,G07,partial_overlap,0.5,change_1122,discover_develop,20261008,18.99047929431624,4.789793621656349,4.673552428789074,1.172492519612813,3,"[[0.0,1.0],[0.9999997342795,0.0],[1.0,0.99595]]",3.9735697320844925
0.7,1.203972804325936,G07,partial_overlap,0.5,change_1122,discover_develop,20261009,18.99047929431624,4.789793621656349,4.673552428789074,1.172492519612813,3,"[[0.0,1.0],[0.9999997342795,0.0],[1.0,0.99595]]",3.9735697320844925
0.7,1.203972804325936,G07,partial_overlap,0.5,change_1122,discover_only,20261007,15.233439846875125,4.175755076535925,3.6061746172673486,1.0919183588453085,1,"[[0.0,1.0],[0.5,0.0],[1.0,0.5]]",3.9735697320844925
0.7,1.203972804325936,G07,partial_overlap,0.5,change_1122,discover_only,20261008,15.563859387606549,4.175755076535925,3.6061746172673486,1.0919183588453085,3,"[[0.0,1.0],[0.5,0.0],[1.0,0.5]]",3.9735697320844925
0.7,1.203972804325936,G07,partial_overlap,0.5,change_1122,discover_only,20261009,15.563859387606549,4.175755076535925,3.6061746172673486,1.0919183588453085,3,"[[0.0,1.0],[0.5,0.0],[1.0,0.5]]",3.9735697320844925
0.7,1.203972804325936,G07,partial_overlap,0.5,change_1122,static_known,20261007,15.894278928337972,4.175755076535925,3.77138438763306,1.2571281292110201,1,"[[0.0,1.0],[0.5,0.0],[1.0,0.5]]",3.9735697320844925
0.7,1.203972804325936,G07,partial_overlap,0.5,change_1122,static_known,20261008,15.894278928337972,4.175755076535925,3.77138438763306,1.2571281292110201,1,"[[0.0,1.0],[0.5,0.0],[1.0,0.5]]",3.9735697320844925
0.7,1.203972804325936,G07,partial_overlap,0.5,change_1122,static_known,20261009,15.894278928337972,4.175755076535925,3.77138438763306,1.2571281292110201,1,"[[0.0,1.0],[0.5,0.0],[1.0,0.5]]",3.9735697320844925
0.7,1.203972804325936,G07,partial_overlap,0.5,persistent_theta1,develop_known,20261007,20.72820133925353,4.789793621656349,5.317634717198583,,0,"[[0.0,1.0],[0.9999997342795,0.0],[1.0,0.5]]",3.9735697320844925
0.7,1.203972804325936,G07,partial_overlap,0.5,persistent_theta1,develop_known,20261008,20.72820133925353,4.789793621656349,5.317634717198583,,0,"[[0.0,1.0],[0.9999997342795,0.0],[1.0,0.5]]",3.9735697320844925
0.7,1.203972804325936,G07,partial_overlap,0.5,persistent_theta1,develop_known,20261009,20.72820133925353,4.789793621656349,5.317634717198583,,0,"[[0.0,1.0],[0.9999997342795,0.0],[1.0,0.5]]",3.9735697320844925
0.7,1.203972804325936,G07,partial_overlap,0.5,persistent_theta1,discover_develop,20261007,20.72820133925353,4.789793621656349,5.317634717198583,,0,"[[0.0,1.0],[0.9999997342795,0.0],[1.0,0.5]]",3.9735697320844925
0.7,1.203972804325936,G07,partial_overlap,0.5,persistent_theta1,discover_develop,20261008,20.72820133925353,4.789793621656349,5.317634717198583,,0,"[[0.0,1.0],[0.9999997342795,0.0],[1.0,0.5]]",3.9735697320844925
0.7,1.203972804325936,G07,partial_overlap,0.5,persistent_theta1,discover_develop,20261009,20.72820133925353,4.789793621656349,5.317634717198583,,0,"[[0.0,1.0],[0.9999997342795,0.0],[1.0,0.5]]",3.9735697320844925
0.7,1.203972804325936,G07,partial_overlap,0.5,persistent_theta1,discover_only,20261007,16.703020306143696,4.175755076535925,4.175755076535925,,0,"[[0.0,1.0],[0.5,0.0],[1.0,0.5]]",3.9735697320844925
0.7,1.203972804325936,G07,partial_overlap,0.5,persistent_theta1,discover_only,20261008,16.703020306143696,4.175755076535925,4.175755076535925,,0,"[[0.0,1.0],[0.5,0.0],[1.0,0.5]]",3.9735697320844925
0.7,1.203972804325936,G07,partial_overlap,0.5,persistent_theta1,discover_only,20261009,16.703020306143696,4.175755076535925,4.175755076535925,,0,"[[0.0,1.0],[0.5,0.0],[1.0,0.5]]",3.9735697320844925
0.7,1.203972804325936,G07,partial_overlap,0.5,persistent_theta1,static_known,20261007,16.703020306143696,4.175755076535925,4.175755076535925,,0,"[[0.0,1.0],[0.5,0.0],[1.0,0.5]]",3.9735697320844925
0.7,1.203972804325936,G07,partial_overlap,0.5,persistent_theta1,static_known,20261008,16.703020306143696,4.175755076535925,4.175755076535925,,0,"[[0.0,1.0],[0.5,0.0],[1.0,0.5]]",3.9735697320844925
0.7,1.203972804325936,G07,partial_overlap,0.5,persistent_theta1,static_known,20261009,16.703020306143696,4.175755076535925,4.175755076535925,,0,"[[0.0,1.0],[0.5,0.0],[1.0,0.5]]",3.9735697320844925
0.7,1.203972804325936,G07,partial_overlap,0.5,persistent_theta2,develop_known,20261007,20.536323795100273,4.603051282108913,5.317631074651814,,0,"[[0.0,1.0],[0.9999997342795,0.0],[1.0,0.9999997342795]]",3.9735697320844925
0.7,1.203972804325936,G07,partial_overlap,0.5,persistent_theta2,develop_known,20261008,20.536323795100273,4.603051282108913,5.317631074651814,,0,"[[0.0,1.0],[0.9999997342795,0.0],[1.0,0.9999997342795]]",3.9735697320844925
0.7,1.203972804325936,G07,partial_overlap,0.5,persistent_theta2,develop_known,20261009,20.536323795100273,4.603051282108913,5.317631074651814,,0,"[[0.0,1.0],[0.9999997342795,0.0],[1.0,0.9999997342795]]",3.9735697320844925
0.7,1.203972804325936,G07,partial_overlap,0.5,persistent_theta2,discover_develop,20261007,18.19575535031188,4.094790506888668,4.717285614778548,,7,"[[0.0,1.0],[0.9999997342795,0.0],[1.0,0.999967195]]",3.9735697320844925
0.7,1.203972804325936,G07,partial_overlap,0.5,persistent_theta2,discover_develop,20261008,18.19575535031188,4.094790506888668,4.717285614778548,,7,"[[0.0,1.0],[0.9999997342795,0.0],[1.0,0.999967195]]",3.9735697320844925
0.7,1.203972804325936,G07,partial_overlap,0.5,persistent_theta2,discover_develop,20261009,18.19575535031188,4.094790506888668,4.717285614778548,,7,"[[0.0,1.0],[0.9999997342795,0.0],[1.0,0.999967195]]",3.9735697320844925
0.7,1.203972804325936,G07,partial_overlap,0.5,persistent_theta2,discover_only,20261007,14.094278928337973,3.6061746172673486,3.6061746172673486,,5,"[[0.0,1.0],[0.5,0.0],[1.0,0.5]]",3.9735697320844925
0.7,1.203972804325936,G07,partial_overlap,0.5,persistent_theta2,discover_only,20261008,14.424698469069396,3.6061746172673486,3.6061746172673486,,7,"[[0.0,1.0],[0.5,0.0],[1.0,0.5]]",3.9735697320844925
0.7,1.203972804325936,G07,partial_overlap,0.5,persistent_theta2,discover_only,20261009,14.424698469069396,3.6061746172673486,3.6061746172673486,,7,"[[0.0,1.0],[0.5,0.0],[1.0,0.5]]",3.9735697320844925
0.7,1.203972804325936,G07,partial_overlap,0.5,persistent_theta2,static_known,20261007,15.085537550532242,3.77138438763306,3.77138438763306,,0,"[[0.0,1.0],[0.5,0.0],[1.0,0.5]]",3.9735697320844925
0.7,1.203972804325936,G07,partial_overlap,0.5,persistent_theta2,static_known,20261008,15.085537550532242,3.77138438763306,3.77138438763306,,0,"[[0.0,1.0],[0.5,0.0],[1.0,0.5]]",3.9735697320844925
0.7,1.203972804325936,G07,partial_overlap,0.5,persistent_theta2,static_known,20261009,15.085537550532242,3.77138438763306,3.77138438763306,,0,"[[0.0,1.0],[0.5,0.0],[1.0,0.5]]",3.9735697320844925
0.7,1.203972804325936,G07,partial_overlap,0.5,recurrent_1221,develop_known,20261007,20.19603770971396,4.789793621656349,5.317634717198583,1.5806324243562007,2,"[[0.0,1.0],[0.9999997342795,0.0],[1.0,0.9996355]]",3.9735697320844925
0.7,1.203972804325936,G07,partial_overlap,0.5,recurrent_1221,develop_known,20261008,20.19603770971396,4.789793621656349,5.317634717198583,1.5806324243562007,2,"[[0.0,1.0],[0.9999997342795,0.0],[1.0,0.9996355]]",3.9735697320844925
0.7,1.203972804325936,G07,partial_overlap,0.5,recurrent_1221,develop_known,20261009,20.19603770971396,4.789793621656349,5.317634717198583,1.5806324243562007,2,"[[0.0,1.0],[0.9999997342795,0.0],[1.0,0.9996355]]",3.9735697320844925
0.7,1.203972804325936,G07,partial_overlap,0.5,recurrent_1221,discover_develop,20261007,19.00126420575853,4.789793621656349,5.317634717198583,1.4715096655657987,4,"[[0.0,1.0],[0.9999997342795,0.0],[1.0,0.99595]]",3.9735697320844925
0.7,1.203972804325936,G07,partial_overlap,0.5,recurrent_1221,discover_develop,20261008,19.00126420575853,4.789793621656349,5.317634717198583,1.4715096655657987,4,"[[0.0,1.0],[0.9999997342795,0.0],[1.0,0.99595]]",3.9735697320844925
0.7,1.203972804325936,G07,partial_overlap,0.5,recurrent_1221,discover_develop,20261009,19.00126420575853,4.789793621656349,5.317634717198583,1.4715096655657987,4,"[[0.0,1.0],[0.9999997342795,0.0],[1.0,0.99595]]",3.9735697320844925
0.7,1.203972804325936,G07,partial_overlap,0.5,recurrent_1221,discover_only,20261007,15.233439846875124,4.175755076535925,4.175755076535925,1.2419183588453084,2,"[[0.0,1.0],[0.5,0.0],[1.0,0.5]]",3.9735697320844925
0.7,1.203972804325936,G07,partial_overlap,0.5,recurrent_1221,discover_only,20261008,15.563859387606547,4.175755076535925,4.175755076535925,1.2419183588453084,4,"[[0.0,1.0],[0.5,0.0],[1.0,0.5]]",3.9735697320844925
0.7,1.203972804325936,G07,partial_overlap,0.5,recurrent_1221,discover_only,20261009,15.563859387606547,4.175755076535925,4.175755076535925,1.2419183588453084,4,"[[0.0,1.0],[0.5,0.0],[1.0,0.5]]",3.9735697320844925
0.7,1.203972804325936,G07,partial_overlap,0.5,recurrent_1221,static_known,20261007,15.89427892833797,4.175755076535925,4.175755076535925,1.3245232440281642,2,"[[0.0,1.0],[0.5,0.0],[1.0,0.5]]",3.9735697320844925
0.7,1.203972804325936,G07,partial_overlap,0.5,recurrent_1221,static_known,20261008,15.89427892833797,4.175755076535925,4.175755076535925,1.3245232440281642,2,"[[0.0,1.0],[0.5,0.0],[1.0,0.5]]",3.9735697320844925
0.7,1.203972804325936,G07,partial_overlap,0.5,recurrent_1221,static_known,20261009,15.89427892833797,4.175755076535925,4.175755076535925,1.3245232440281642,2,"[[0.0,1.0],[0.5,0.0],[1.0,0.5]]",3.9735697320844925
0.7,1.203972804325936,G08,redundant,0.5,alternating_1212,develop_known,20261007,20.614156707847883,4.789793621656349,5.832196516674586,1.6167962016020008,3,"[[0.0,1.0],[0.99981775,0.99945325],[0.99999507925,0.97975]]",3.7976355398128527
0.7,1.203972804325936,G08,redundant,0.5,alternating_1212,develop_known,20261008,20.614156707847883,4.789793621656349,5.832196516674586,1.6167962016020008,3,"[[0.0,1.0],[0.99981775,0.99945325],[0.99999507925,0.97975]]",3.7976355398128527
0.7,1.203972804325936,G08,redundant,0.5,alternating_1212,develop_known,20261009,20.614156707847883,4.789793621656349,5.832196516674586,1.6167962016020008,3,"[[0.0,1.0],[0.99981775,0.99945325],[0.99999507925,0.97975]]",3.7976355398128527
0.7,1.203972804325936,G08,redundant,0.5,alternating_1212,discover_develop,20261007,19.05150087417527,4.789793621656349,4.941454566256984,1.37119382232393,3,"[[0.0,1.0],[0.9999835975,0.993925],[0.999998523775,0.9325]]",3.7976355398128527
0.7,1.203972804325936,G08,redundant,0.5,alternating_1212,discover_develop,20261008,19.05150087417527,4.789793621656349,4.941454566256984,1.37119382232393,3,"[[0.0,1.0],[0.9999835975,0.993925],[0.999998523775,0.9325]]",3.7976355398128527
0.7,1.203972804325936,G08,redundant,0.5,alternating_1212,discover_develop,20261009,19.05150087417527,4.789793621656349,4.941454566256984,1.37119382232393,3,"[[0.0,1.0],[0.9999835975,0.993925],[0.999998523775,0.9325]]",3.7976355398128527
0.7,1.203972804325936,G08,redundant,0.5,alternating_1212,discover_only,20261007,15.046781232697555,4.175755076535925,3.3236753853872107,1.1919183588453084,3,"[[0.0,1.0],[0.75,0.25],[0.75,0.25]]",3.7976355398128527
0.7,1.203972804325936,G08,redundant,0.5,alternating_1212,discover_only,20261008,15.09470154154884,4.175755076535925,3.3715956942384953,1.1919183588453084,3,"[[0.0,1.0],[0.75,0.25],[0.75,0.25]]",3.7976355398128527
0.7,1.203972804325936,G08,redundant,0.5,alternating_1212,discover_only,20261009,15.09470154154884,4.175755076535925,3.3715956942384953,1.1919183588453084,3,"[[0.0,1.0],[0.75,0.25],[0.75,0.25]]",3.7976355398128527
0.7,1.203972804325936,G08,redundant,0.5,alternating_1212,static_known,20261007,15.190542159251411,4.175755076535925,3.4195160030897807,1.2238652314128318,3,"[[0.0,1.0],[0.75,0.25],[0.75,0.25]]",3.7976355398128527
0.7,1.203972804325936,G08,redundant,0.5,alternating_1212,static_known,20261008,15.190542159251411,4.175755076535925,3.4195160030897807,1.2238652314128318,3,"[[0.0,1.0],[0.75,0.25],[0.75,0.25]]",3.7976355398128527
0.7,1.203972804325936,G08,redundant,0.5,alternating_1212,static_known,20261009,15.190542159251411,4.175755076535925,3.4195160030897807,1.2238652314128318,3,"[[0.0,1.0],[0.75,0.25],[0.75,0.25]]",3.7976355398128527
0.7,1.203972804325936,G08,redundant,0.5,change_1122,develop_known,20261007,20.61029093604865,4.789793621656349,5.832196516674586,1.1653021589319912,1,"[[0.0,1.0],[0.99981775,0.99945325],[0.99999507925,0.97975]]",3.7976355398128527
0.7,1.203972804325936,G08,redundant,0.5,change_1122,develop_known,20261008,20.61029093604865,4.789793621656349,5.832196516674586,1.1653021589319912,1,"[[0.0,1.0],[0.99981775,0.99945325],[0.99999507925,0.97975]]",3.7976355398128527
0.7,1.203972804325936,G08,redundant,0.5,change_1122,develop_known,20261009,20.61029093604865,4.789793621656349,5.832196516674586,1.1653021589319912,1,"[[0.0,1.0],[0.99981775,0.99945325],[0.99999507925,0.97975]]",3.7976355398128527
0.7,1.203972804325936,G08,redundant,0.5,change_1122,discover_develop,20261007,19.042633721216646,4.789793621656349,4.941454566256984,1.1724925196128126,3,"[[0.0,1.0],[0.9999835975,0.993925],[0.999998523775,0.9325]]",3.7976355398128527
0.7,1.203972804325936,G08,redundant,0.5,change_1122,discover_develop,20261008,19.042633721216646,4.789793621656349,4.941454566256984,1.1724925196128126,3,"[[0.0,1.0],[0.9999835975,0.993925],[0.999998523775,0.9325]]",3.7976355398128527
0.7,1.203972804325936,G08,redundant,0.5,change_1122,discover_develop,20261009,19.042633721216646,4.789793621656349,4.941454566256984,1.1724925196128126,3,"[[0.0,1.0],[0.9999835975,0.993925],[0.999998523775,0.9325]]",3.7976355398128527
0.7,1.203972804325936,G08,redundant,0.5,change_1122,discover_only,20261007,14.950940614994987,4.175755076535925,3.3236753853872107,1.0919183588453085,1,"[[0.0,1.0],[0.75,0.25],[0.75,0.25]]",3.7976355398128527
0.7,1.203972804325936,G08,redundant,0.5,change_1122,discover_only,20261008,15.094701541548844,4.175755076535925,3.3715956942384953,1.0919183588453085,3,"[[0.0,1.0],[0.75,0.25],[0.75,0.25]]",3.7976355398128527
0.7,1.203972804325936,G08,redundant,0.5,change_1122,discover_only,20261009,15.094701541548844,4.175755076535925,3.3715956942384953,1.0919183588453085,3,"[[0.0,1.0],[0.75,0.25],[0.75,0.25]]",3.7976355398128527
0.7,1.203972804325936,G08,redundant,0.5,change_1122,static_known,20261007,15.190542159251414,4.175755076535925,3.4195160030897807,1.1398386676965935,1,"[[0.0,1.0],[0.75,0.25],[0.75,0.25]]",3.7976355398128527
0.7,1.203972804325936,G08,redundant,0.5,change_1122,static_known,20261008,15.190542159251414,4.175755076535925,3.4195160030897807,1.1398386676965935,1,"[[0.0,1.0],[0.75,0.25],[0.75,0.25]]",3.7976355398128527
0.7,1.203972804325936,G08,redundant,0.5,change_1122,static_known,20261009,15.190542159251414,4.175755076535925,3.4195160030897807,1.1398386676965935,1,"[[0.0,1.0],[0.75,0.25],[0.75,0.25]]",3.7976355398128527
0.7,1.203972804325936,G08,redundant,0.5,persistent_theta1,develop_known,20261007,20.72820133925353,4.789793621656349,5.317634717198583,,0,"[[0.0,1.0],[0.99999986713975,0.25],[0.99999986713975,0.25]]",3.7976355398128527
0.7,1.203972804325936,G08,redundant,0.5,persistent_theta1,develop_known,20261008,20.72820133925353,4.789793621656349,5.317634717198583,,0,"[[0.0,1.0],[0.99999986713975,0.25],[0.99999986713975,0.25]]",3.7976355398128527
0.7,1.203972804325936,G08,redundant,0.5,persistent_theta1,develop_known,20261009,20.72820133925353,4.789793621656349,5.317634717198583,,0,"[[0.0,1.0],[0.99999986713975,0.25],[0.99999986713975,0.25]]",3.7976355398128527
0.7,1.203972804325936,G08,redundant,0.5,persistent_theta1,discover_develop,20261007,20.72820133925353,4.789793621656349,5.317634717198583,,0,"[[0.0,1.0],[0.99999986713975,0.25],[0.99999986713975,0.25]]",3.7976355398128527
0.7,1.203972804325936,G08,redundant,0.5,persistent_theta1,discover_develop,20261008,20.72820133925353,4.789793621656349,5.317634717198583,,0,"[[0.0,1.0],[0.99999986713975,0.25],[0.99999986713975,0.25]]",3.7976355398128527
0.7,1.203972804325936,G08,redundant,0.5,persistent_theta1,discover_develop,20261009,20.72820133925353,4.789793621656349,5.317634717198583,,0,"[[0.0,1.0],[0.99999986713975,0.25],[0.99999986713975,0.25]]",3.7976355398128527
0.7,1.203972804325936,G08,redundant,0.5,persistent_theta1,discover_only,20261007,16.703020306143696,4.175755076535925,4.175755076535925,,0,"[[0.0,1.0],[0.75,0.25],[0.75,0.25]]",3.7976355398128527
0.7,1.203972804325936,G08,redundant,0.5,persistent_theta1,discover_only,20261008,16.703020306143696,4.175755076535925,4.175755076535925,,0,"[[0.0,1.0],[0.75,0.25],[0.75,0.25]]",3.7976355398128527
0.7,1.203972804325936,G08,redundant,0.5,persistent_theta1,discover_only,20261009,16.703020306143696,4.175755076535925,4.175755076535925,,0,"[[0.0,1.0],[0.75,0.25],[0.75,0.25]]",3.7976355398128527
0.7,1.203972804325936,G08,redundant,0.5,persistent_theta1,static_known,20261007,16.703020306143696,4.175755076535925,4.175755076535925,,0,"[[0.0,1.0],[0.75,0.25],[0.75,0.25]]",3.7976355398128527
0.7,1.203972804325936,G08,redundant,0.5,persistent_theta1,static_known,20261008,16.703020306143696,4.175755076535925,4.175755076535925,,0,"[[0.0,1.0],[0.75,0.25],[0.75,0.25]]",3.7976355398128527
0.7,1.203972804325936,G08,redundant,0.5,persistent_theta1,static_known,20261009,16.703020306143696,4.175755076535925,4.175755076535925,,0,"[[0.0,1.0],[0.75,0.25],[0.75,0.25]]",3.7976355398128527
0.7,1.203972804325936,G08,redundant,0.5,persistent_theta2,develop_known,20261007,22.268629156973038,4.603778461956555,5.930703057759495,,0,"[[0.0,1.0],[0.75,0.99999960141925],[0.9998177500000001,0.99945325]]",3.7976355398128527
0.7,1.203972804325936,G08,redundant,0.5,persistent_theta2,develop_known,20261008,22.268629156973038,4.603778461956555,5.930703057759495,,0,"[[0.0,1.0],[0.75,0.99999960141925],[0.9998177500000001,0.99945325]]",3.7976355398128527
0.7,1.203972804325936,G08,redundant,0.5,persistent_theta2,develop_known,20261009,22.268629156973038,4.603778461956555,5.930703057759495,,0,"[[0.0,1.0],[0.75,0.99999960141925],[0.9998177500000001,0.99945325]]",3.7976355398128527
0.7,1.203972804325936,G08,redundant,0.5,persistent_theta2,discover_develop,20261007,20.233094826274563,3.908094093100301,5.716704198931522,,7,"[[0.0,1.0],[0.9775,0.999995571325],[0.9999835975,0.993925]]",3.7976355398128527
0.7,1.203972804325936,G08,redundant,0.5,persistent_theta2,discover_develop,20261008,20.233094826274563,3.908094093100301,5.716704198931522,,7,"[[0.0,1.0],[0.9775,0.999995571325],[0.9999835975,0.993925]]",3.7976355398128527
0.7,1.203972804325936,G08,redundant,0.5,persistent_theta2,discover_develop,20261009,20.233094826274563,3.908094093100301,5.716704198931522,,7,"[[0.0,1.0],[0.9775,0.999995571325],[0.9999835975,0.993925]]",3.7976355398128527
0.7,1.203972804325936,G08,redundant,0.5,persistent_theta2,discover_only,20261007,13.342621850400128,3.3715956942384953,3.3236753853872107,,5,"[[0.0,1.0],[0.75,0.25],[0.75,0.25]]",3.7976355398128527
0.7,1.203972804325936,G08,redundant,0.5,persistent_theta2,discover_only,20261008,13.486382776953985,3.3715956942384953,3.3715956942384953,,7,"[[0.0,1.0],[0.75,0.25],[0.75,0.25]]",3.7976355398128527
0.7,1.203972804325936,G08,redundant,0.5,persistent_theta2,discover_only,20261009,13.486382776953985,3.3715956942384953,3.3715956942384953,,7,"[[0.0,1.0],[0.75,0.25],[0.75,0.25]]",3.7976355398128527
0.7,1.203972804325936,G08,redundant,0.5,persistent_theta2,static_known,20261007,13.678064012359124,3.4195160030897807,3.4195160030897807,,0,"[[0.0,1.0],[0.75,0.25],[0.75,0.25]]",3.7976355398128527
0.7,1.203972804325936,G08,redundant,0.5,persistent_theta2,static_known,20261008,13.678064012359124,3.4195160030897807,3.4195160030897807,,0,"[[0.0,1.0],[0.75,0.25],[0.75,0.25]]",3.7976355398128527
0.7,1.203972804325936,G08,redundant,0.5,persistent_theta2,static_known,20261009,13.678064012359124,3.4195160030897807,3.4195160030897807,,0,"[[0.0,1.0],[0.75,0.25],[0.75,0.25]]",3.7976355398128527
0.7,1.203972804325936,G08,redundant,0.5,recurrent_1221,develop_known,20261007,20.614734850390587,4.789793621656349,5.310387173344254,1.4658123514410062,2,"[[0.0,1.0],[0.99981775,0.99945325],[0.99999507925,0.97975]]",3.7976355398128527
0.7,1.203972804325936,G08,redundant,0.5,recurrent_1221,develop_known,20261008,20.614734850390587,4.789793621656349,5.310387173344254,1.4658123514410062,2,"[[0.0,1.0],[0.99981775,0.99945325],[0.99999507925,0.97975]]",3.7976355398128527
0.7,1.203972804325936,G08,redundant,0.5,recurrent_1221,develop_known,20261009,20.614734850390587,4.789793621656349,5.310387173344254,1.4658123514410062,2,"[[0.0,1.0],[0.99981775,0.99945325],[0.99999507925,0.97975]]",3.7976355398128527
0.7,1.203972804325936,G08,redundant,0.5,recurrent_1221,discover_develop,20261007,19.053118146686877,4.789793621656349,5.3169518081843545,1.4712640141901632,4,"[[0.0,1.0],[0.9999835975,0.993925],[0.999998523775,0.9325]]",3.7976355398128527
0.7,1.203972804325936,G08,redundant,0.5,recurrent_1221,discover_develop,20261008,19.053118146686877,4.789793621656349,5.3169518081843545,1.4712640141901632,4,"[[0.0,1.0],[0.9999835975,0.993925],[0.999998523775,0.9325]]",3.7976355398128527
0.7,1.203972804325936,G08,redundant,0.5,recurrent_1221,discover_develop,20261009,19.053118146686877,4.789793621656349,5.3169518081843545,1.4712640141901632,4,"[[0.0,1.0],[0.9999835975,0.993925],[0.999998523775,0.9325]]",3.7976355398128527
0.7,1.203972804325936,G08,redundant,0.5,recurrent_1221,discover_only,20261007,14.99886092384627,4.175755076535925,4.175755076535925,1.2419183588453084,2,"[[0.0,1.0],[0.75,0.25],[0.75,0.25]]",3.7976355398128527
0.7,1.203972804325936,G08,redundant,0.5,recurrent_1221,discover_only,20261008,15.09470154154884,4.175755076535925,4.175755076535925,1.2419183588453084,4,"[[0.0,1.0],[0.75,0.25],[0.75,0.25]]",3.7976355398128527
0.7,1.203972804325936,G08,redundant,0.5,recurrent_1221,discover_only,20261009,15.09470154154884,4.175755076535925,4.175755076535925,1.2419183588453084,4,"[[0.0,1.0],[0.75,0.25],[0.75,0.25]]",3.7976355398128527
0.7,1.203972804325936,G08,redundant,0.5,recurrent_1221,static_known,20261007,15.19054215925141,4.175755076535925,4.175755076535925,1.265878513270951,2,"[[0.0,1.0],[0.75,0.25],[0.75,0.25]]",3.7976355398128527
0.7,1.203972804325936,G08,redundant,0.5,recurrent_1221,static_known,20261008,15.19054215925141,4.175755076535925,4.175755076535925,1.265878513270951,2,"[[0.0,1.0],[0.75,0.25],[0.75,0.25]]",3.7976355398128527
0.7,1.203972804325936,G08,redundant,0.5,recurrent_1221,static_known,20261009,15.19054215925141,4.175755076535925,4.175755076535925,1.265878513270951,2,"[[0.0,1.0],[0.75,0.25],[0.75,0.25]]",3.7976355398128527
0.9,2.302585092994046,G00,generalist,0.0,alternating_1212,develop_known,20261007,21.868896155659527,4.750285190185248,5.924950011617873,1.7904457528903706,3,"[[0.9995,0.9999999995],[0.9999995,0.9999995],[0.9999999995000001,0.9995]]",2.96665631459995
0.9,2.302585092994046,G00,generalist,0.0,alternating_1212,develop_known,20261008,21.868896155659527,4.750285190185248,5.924950011617873,1.7904457528903706,3,"[[0.9995,0.9999999995],[0.9999995,0.9999995],[0.9999999995000001,0.9995]]",2.96665631459995
0.9,2.302585092994046,G00,generalist,0.0,alternating_1212,develop_known,20261009,21.868896155659527,4.750285190185248,5.924950011617873,1.7904457528903706,3,"[[0.9995,0.9999999995],[0.9999995,0.9999995],[0.9999999995000001,0.9995]]",2.96665631459995
0.9,2.302585092994046,G00,generalist,0.0,alternating_1212,discover_develop,20261007,19.79399138936394,4.045412535762823,5.11944753503799,1.3708987774611574,7,"[[0.995,0.99999999995],[0.9999999841886117,0.9999841886116991],[0.9999999998418861,0.9984188611699158]]",2.96665631459995
0.9,2.302585092994046,G00,generalist,0.0,alternating_1212,discover_develop,20261008,19.79399138936394,4.045412535762823,5.11944753503799,1.3708987774611574,7,"[[0.995,0.99999999995],[0.9999999841886117,0.9999841886116991],[0.9999999998418861,0.9984188611699158]]",2.96665631459995
0.9,2.302585092994046,G00,generalist,0.0,alternating_1212,discover_develop,20261009,19.79399138936394,4.045412535762823,5.11944753503799,1.3708987774611574,7,"[[0.995,0.99999999995],[0.9999999841886117,0.9999841886116991],[0.9999999998418861,0.9984188611699158]]",2.96665631459995
0.9,2.302585092994046,G00,generalist,0.0,alternating_1212,discover_only,20261007,10.256180185518648,2.564045046379662,2.864045046379662,0.7862741699796955,8,"[[0.5,0.5],[0.5,0.5],[0.5,0.5]]",2.96665631459995
0.9,2.302585092994046,G00,generalist,0.0,alternating_1212,discover_only,20261008,10.85618018551865,2.564045046379662,2.864045046379662,0.7862741699796955,7,"[[0.5,0.5],[0.5,0.5],[0.5,0.5]]",2.96665631459995
0.9,2.302585092994046,G00,generalist,0.0,alternating_1212,discover_only,20261009,10.85618018551865,2.564045046379662,2.864045046379662,0.7862741699796955,7,"[[0.5,0.5],[0.5,0.5],[0.5,0.5]]",2.96665631459995
0.9,2.302585092994046,G00,generalist,0.0,alternating_1212,static_known,20261007,11.866625258399798,2.96665631459995,2.96665631459995,0.9888854381999833,3,"[[0.5,0.5],[0.5,0.5],[0.5,0.5]]",2.96665631459995
0.9,2.302585092994046,G00,generalist,0.0,alternating_1212,static_known,20261008,11.866625258399798,2.96665631459995,2.96665631459995,0.9888854381999833,3,"[[0.5,0.5],[0.5,0.5],[0.5,0.5]]",2.96665631459995
0.9,2.302585092994046,G00,generalist,0.0,alternating_1212,static_known,20261009,11.866625258399798,2.96665631459995,2.96665631459995,0.9888854381999833,3,"[[0.5,0.5],[0.5,0.5],[0.5,0.5]]",2.96665631459995
0.9,2.302585092994046,G00,generalist,0.0,change_1122,develop_known,20261007,21.876495912379845,4.750285190185248,5.924950011617873,1.4389697412658933,1,"[[0.9995,0.9999999995],[0.9999995,0.9999995],[0.9999999995000001,0.9995]]",2.96665631459995
0.9,2.302585092994046,G00,generalist,0.0,change_1122,develop_known,20261008,21.876495912379845,4.750285190185248,5.924950011617873,1.4389697412658933,1,"[[0.9995,0.9999999995],[0.9999995,0.9999995],[0.9999999995000001,0.9995]]",2.96665631459995
0.9,2.302585092994046,G00,generalist,0.0,change_1122,develop_known,20261009,21.876495912379845,4.750285190185248,5.924950011617873,1.4389697412658933,1,"[[0.9995,0.9999999995],[0.9999995,0.9999995],[0.9999999995000001,0.9995]]",2.96665631459995
0.9,2.302585092994046,G00,generalist,0.0,change_1122,discover_develop,20261007,19.795247443944845,4.045412535762823,5.11944753503799,1.1725045418562867,7,"[[0.995,0.99999999995],[0.9999999841886117,0.9999841886116991],[0.9999999998418861,0.9984188611699158]]",2.96665631459995
0.9,2.302585092994046,G00,generalist,0.0,change_1122,discover_develop,20261008,19.795247443944845,4.045412535762823,5.11944753503799,1.1725045418562867,7,"[[0.995,0.99999999995],[0.9999999841886117,0.9999841886116991],[0.9999999998418861,0.9984188611699158]]",2.96665631459995
0.9,2.302585092994046,G00,generalist,0.0,change_1122,discover_develop,20261009,19.795247443944845,4.045412535762823,5.11944753503799,1.1725045418562867,7,"[[0.995,0.99999999995],[0.9999999841886117,0.9999841886116991],[0.9999999998418861,0.9984188611699158]]",2.96665631459995
0.9,2.302585092994046,G00,generalist,0.0,change_1122,discover_only,20261007,10.85618018551865,2.564045046379662,2.864045046379662,0.8862741699796954,7,"[[0.5,0.5],[0.5,0.5],[0.5,0.5]]",2.96665631459995
0.9,2.302585092994046,G00,generalist,0.0,change_1122,discover_only,20261008,10.85618018551865,2.564045046379662,2.864045046379662,0.8862741699796954,7,"[[0.5,0.5],[0.5,0.5],[0.5,0.5]]",2.96665631459995
0.9,2.302585092994046,G00,generalist,0.0,change_1122,discover_only,20261009,10.256180185518648,2.564045046379662,2.864045046379662,0.8862741699796954,8,"[[0.5,0.5],[0.5,0.5],[0.5,0.5]]",2.96665631459995
0.9,2.302585092994046,G00,generalist,0.0,change_1122,static_known,20261007,11.866625258399798,2.96665631459995,2.96665631459995,0.9888854381999833,1,"[[0.5,0.5],[0.5,0.5],[0.5,0.5]]",2.96665631459995
0.9,2.302585092994046,G00,generalist,0.0,change_1122,static_known,20261008,11.866625258399798,2.96665631459995,2.96665631459995,0.9888854381999833,1,"[[0.5,0.5],[0.5,0.5],[0.5,0.5]]",2.96665631459995
0.9,2.302585092994046,G00,generalist,0.0,change_1122,static_known,20261009,11.866625258399798,2.96665631459995,2.96665631459995,0.9888854381999833,1,"[[0.5,0.5],[0.5,0.5],[0.5,0.5]]",2.96665631459995
0.9,2.302585092994046,G00,generalist,0.0,persistent_theta1,develop_known,20261007,22.536599423586956,4.750285190185248,5.933300208106474,,0,"[[0.9999995,0.9999995],[0.9999999999995,0.5],[0.9999999999995,0.5]]",2.96665631459995
0.9,2.302585092994046,G00,generalist,0.0,persistent_theta1,develop_known,20261008,22.536599423586956,4.750285190185248,5.933300208106474,,0,"[[0.9999995,0.9999995],[0.9999999999995,0.5],[0.9999999999995,0.5]]",2.96665631459995
0.9,2.302585092994046,G00,generalist,0.0,persistent_theta1,develop_known,20261009,22.536599423586956,4.750285190185248,5.933300208106474,,0,"[[0.9999995,0.9999995],[0.9999999999995,0.5],[0.9999999999995,0.5]]",2.96665631459995
0.9,2.302585092994046,G00,generalist,0.0,persistent_theta1,discover_develop,20261007,21.199578979019712,4.045412535762823,5.727855801572055,,7,"[[0.99995,0.999999995],[0.9999999999984188,0.841886116991581],[0.9999999999984188,0.841886116991581]]",2.96665631459995
0.9,2.302585092994046,G00,generalist,0.0,persistent_theta1,discover_develop,20261008,21.199578979019712,4.045412535762823,5.727855801572055,,7,"[[0.99995,0.999999995],[0.9999999999984188,0.841886116991581],[0.9999999999984188,0.841886116991581]]",2.96665631459995
0.9,2.302585092994046,G00,generalist,0.0,persistent_theta1,discover_develop,20261009,21.199578979019712,4.045412535762823,5.727855801572055,,7,"[[0.99995,0.999999995],[0.9999999999984188,0.841886116991581],[0.9999999999984188,0.841886116991581]]",2.96665631459995
0.9,2.302585092994046,G00,generalist,0.0,persistent_theta1,discover_only,20261007,9.656180185518648,2.564045046379662,2.564045046379662,,8,"[[0.5,0.5],[0.5,0.5],[0.5,0.5]]",2.96665631459995
0.9,2.302585092994046,G00,generalist,0.0,persistent_theta1,discover_only,20261008,10.256180185518648,2.564045046379662,2.564045046379662,,7,"[[0.5,0.5],[0.5,0.5],[0.5,0.5]]",2.96665631459995
0.9,2.302585092994046,G00,generalist,0.0,persistent_theta1,discover_only,20261009,10.256180185518648,2.564045046379662,2.564045046379662,,7,"[[0.5,0.5],[0.5,0.5],[0.5,0.5]]",2.96665631459995
0.9,2.302585092994046,G00,generalist,0.0,persistent_theta1,static_known,20261007,11.866625258399798,2.96665631459995,2.96665631459995,,0,"[[0.5,0.5],[0.5,0.5],[0.5,0.5]]",2.96665631459995
0.9,2.302585092994046,G00,generalist,0.0,persistent_theta1,static_known,20261008,11.866625258399798,2.96665631459995,2.96665631459995,,0,"[[0.5,0.5],[0.5,0.5],[0.5,0.5]]",2.96665631459995
0.9,2.302585092994046,G00,generalist,0.0,persistent_theta1,static_known,20261009,11.866625258399798,2.96665631459995,2.96665631459995,,0,"[[0.5,0.5],[0.5,0.5],[0.5,0.5]]",2.96665631459995
0.9,2.302585092994046,G00,generalist,0.0,persistent_theta2,develop_known,20261007,22.536599423586956,4.750285190185248,5.933300208106474,,0,"[[0.5,0.9999999999995],[0.5,0.9999999999995],[0.9999995,0.9999995]]",2.96665631459995
0.9,2.302585092994046,G00,generalist,0.0,persistent_theta2,develop_known,20261008,22.536599423586956,4.750285190185248,5.933300208106474,,0,"[[0.5,0.9999999999995],[0.5,0.9999999999995],[0.9999995,0.9999995]]",2.96665631459995
0.9,2.302585092994046,G00,generalist,0.0,persistent_theta2,develop_known,20261009,22.536599423586956,4.750285190185248,5.933300208106474,,0,"[[0.5,0.9999999999995],[0.5,0.9999999999995],[0.9999995,0.9999995]]",2.96665631459995
0.9,2.302585092994046,G00,generalist,0.0,persistent_theta2,discover_develop,20261007,21.732983112905156,4.563346885263595,5.728015586421758,,7,"[[0.5,0.9999999999995],[0.841886116991581,0.9999999999984188],[0.9999999841886117,0.9999841886116991]]",2.96665631459995
0.9,2.302585092994046,G00,generalist,0.0,persistent_theta2,discover_develop,20261008,21.732983112905156,4.563346885263595,5.728015586421758,,7,"[[0.5,0.9999999999995],[0.841886116991581,0.9999999999984188],[0.9999999841886117,0.9999841886116991]]",2.96665631459995
0.9,2.302585092994046,G00,generalist,0.0,persistent_theta2,discover_develop,20261009,21.732983112905156,4.563346885263595,5.728015586421758,,7,"[[0.5,0.9999999999995],[0.841886116991581,0.9999999999984188],[0.9999999841886117,0.9999841886116991]]",2.96665631459995
0.9,2.302585092994046,G00,generalist,0.0,persistent_theta2,discover_only,20261007,11.456180185518647,2.864045046379662,2.864045046379662,,7,"[[0.5,0.5],[0.5,0.5],[0.5,0.5]]",2.96665631459995
0.9,2.302585092994046,G00,generalist,0.0,persistent_theta2,discover_only,20261008,11.456180185518647,2.864045046379662,2.864045046379662,,7,"[[0.5,0.5],[0.5,0.5],[0.5,0.5]]",2.96665631459995
0.9,2.302585092994046,G00,generalist,0.0,persistent_theta2,discover_only,20261009,10.856180185518648,2.864045046379662,2.864045046379662,,8,"[[0.5,0.5],[0.5,0.5],[0.5,0.5]]",2.96665631459995
0.9,2.302585092994046,G00,generalist,0.0,persistent_theta2,static_known,20261007,11.866625258399798,2.96665631459995,2.96665631459995,,0,"[[0.5,0.5],[0.5,0.5],[0.5,0.5]]",2.96665631459995
0.9,2.302585092994046,G00,generalist,0.0,persistent_theta2,static_known,20261008,11.866625258399798,2.96665631459995,2.96665631459995,,0,"[[0.5,0.5],[0.5,0.5],[0.5,0.5]]",2.96665631459995
0.9,2.302585092994046,G00,generalist,0.0,persistent_theta2,static_known,20261009,11.866625258399798,2.96665631459995,2.96665631459995,,0,"[[0.5,0.5],[0.5,0.5],[0.5,0.5]]",2.96665631459995
0.9,2.302585092994046,G00,generalist,0.0,recurrent_1221,develop_known,20261007,21.868896155659527,4.750285190185248,5.924950011617873,1.6997811939643968,2,"[[0.9995,0.9999999995000001],[0.9999995,0.9999995],[0.9999999995,0.9995]]",2.96665631459995
0.9,2.302585092994046,G00,generalist,0.0,recurrent_1221,develop_known,20261008,21.868896155659527,4.750285190185248,5.924950011617873,1.6997811939643968,2,"[[0.9995,0.9999999995000001],[0.9999995,0.9999995],[0.9999999995,0.9995]]",2.96665631459995
0.9,2.302585092994046,G00,generalist,0.0,recurrent_1221,develop_known,20261009,21.868896155659527,4.750285190185248,5.924950011617873,1.6997811939643968,2,"[[0.9995,0.9999999995000001],[0.9999995,0.9999995],[0.9999999995,0.9995]]",2.96665631459995
0.9,2.302585092994046,G00,generalist,0.0,recurrent_1221,discover_develop,20261007,19.79409248498508,4.045412535762823,5.704657686904888,1.4701341775678154,7,"[[0.995,0.99999999995],[0.9999999841886117,0.9999841886116991],[0.9999999998418861,0.9984188611699158]]",2.96665631459995
0.9,2.302585092994046,G00,generalist,0.0,recurrent_1221,discover_develop,20261008,19.79409248498508,4.045412535762823,5.704657686904888,1.4701341775678154,7,"[[0.995,0.99999999995],[0.9999999841886117,0.9999841886116991],[0.9999999998418861,0.9984188611699158]]",2.96665631459995
0.9,2.302585092994046,G00,generalist,0.0,recurrent_1221,discover_develop,20261009,19.79409248498508,4.045412535762823,5.704657686904888,1.4701341775678154,7,"[[0.995,0.99999999995],[0.9999999841886117,0.9999841886116991],[0.9999999998418861,0.9984188611699158]]",2.96665631459995
0.9,2.302585092994046,G00,generalist,0.0,recurrent_1221,discover_only,20261007,10.856180185518648,2.564045046379662,2.564045046379662,0.7362741699796955,7,"[[0.5,0.5],[0.5,0.5],[0.5,0.5]]",2.96665631459995
0.9,2.302585092994046,G00,generalist,0.0,recurrent_1221,discover_only,20261008,10.856180185518648,2.564045046379662,2.564045046379662,0.7362741699796955,7,"[[0.5,0.5],[0.5,0.5],[0.5,0.5]]",2.96665631459995
0.9,2.302585092994046,G00,generalist,0.0,recurrent_1221,discover_only,20261009,10.256180185518648,2.564045046379662,2.564045046379662,0.7362741699796955,8,"[[0.5,0.5],[0.5,0.5],[0.5,0.5]]",2.96665631459995
0.9,2.302585092994046,G00,generalist,0.0,recurrent_1221,static_known,20261007,11.866625258399798,2.96665631459995,2.96665631459995,0.9888854381999833,2,"[[0.5,0.5],[0.5,0.5],[0.5,0.5]]",2.96665631459995
0.9,2.302585092994046,G00,generalist,0.0,recurrent_1221,static_known,20261008,11.866625258399798,2.96665631459995,2.96665631459995,0.9888854381999833,2,"[[0.5,0.5],[0.5,0.5],[0.5,0.5]]",2.96665631459995
0.9,2.302585092994046,G00,generalist,0.0,recurrent_1221,static_known,20261009,11.866625258399798,2.96665631459995,2.96665631459995,0.9888854381999833,2,"[[0.5,0.5],[0.5,0.5],[0.5,0.5]]",2.96665631459995
0.9,2.302585092994046,G01,complementary,0.25,alternating_1212,discover_develop,20261007,18.938691971311318,4.020246635156362,5.092917716315204,1.1715318185246864,7,"[[0.9925,0.999999999975],[0.9999995,0.9999995],[0.999999999975,0.9925]]",3.4195160030897807
0.9,2.302585092994046,G01,complementary,0.25,alternating_1212,discover_develop,20261008,18.938691971311318,4.020246635156362,5.092917716315204,1.1715318185246864,7,"[[0.9925,0.999999999975],[0.9999995,0.9999995],[0.999999999975,0.9925]]",3.4195160030897807
0.9,2.302585092994046,G01,complementary,0.25,alternating_1212,discover_develop,20261009,18.938691971311318,4.020246635156362,5.092917716315204,1.1715318185246864,7,"[[0.9925,0.999999999975],[0.9999995,0.9999995],[0.999999999975,0.9925]]",3.4195160030897807
0.9,2.302585092994046,G01,complementary,0.25,change_1122,discover_develop,20261007,19.536864054313828,4.020246635156362,5.092565932375455,1.1725258791071238,7,"[[0.9925,0.999999999975],[0.99999995,0.999995],[0.999999999975,0.9925]]",3.4195160030897807
0.9,2.302585092994046,G01,complementary,0.25,change_1122,discover_develop,20261008,19.536864054313828,4.020246635156362,5.092565932375455,1.1725258791071238,7,"[[0.9925,0.999999999975],[0.99999995,0.999995],[0.999999999975,0.9925]]",3.4195160030897807
0.9,2.302585092994046,G01,complementary,0.25,change_1122,discover_develop,20261009,19.536864054313828,4.020246635156362,5.092565932375455,1.1725258791071238,7,"[[0.9925,0.999999999975],[0.99999995,0.999995],[0.999999999975,0.9925]]",3.4195160030897807
0.9,2.302585092994046,G01,complementary,0.25,persistent_theta1,discover_develop,20261007,21.160413337602673,4.020246635156362,5.727738801413908,,7,"[[0.999925,0.9999999975],[0.999999999995,0.95],[0.99999999999975,0.25]]",3.4195160030897807
0.9,2.302585092994046,G01,complementary,0.25,persistent_theta1,discover_develop,20261008,21.160413337602673,4.020246635156362,5.727738801413908,,7,"[[0.999925,0.9999999975],[0.999999999995,0.95],[0.99999999999975,0.25]]",3.4195160030897807
0.9,2.302585092994046,G01,complementary,0.25,persistent_theta1,discover_develop,20261009,21.160413337602673,4.020246635156362,5.727738801413908,,7,"[[0.999925,0.9999999975],[0.999999999995,0.95],[0.99999999999975,0.25]]",3.4195160030897807
0.9,2.302585092994046,G01,complementary,0.25,persistent_theta2,discover_develop,20261007,21.821549051477973,4.677637272936953,5.727738805155248,,7,"[[0.25,0.99999999999975],[0.5,0.9999999999995],[0.9999999975,0.999925]]",3.4195160030897807
0.9,2.302585092994046,G01,complementary,0.25,persistent_theta2,discover_develop,20261008,21.821549051477973,4.677637272936953,5.727738805155248,,7,"[[0.25,0.99999999999975],[0.5,0.9999999999995],[0.9999999975,0.999925]]",3.4195160030897807
0.9,2.302585092994046,G01,complementary,0.25,persistent_theta2,discover_develop,20261009,21.407991831374986,4.615469785710424,5.724577846452059,,5,"[[0.25,0.99999999999975],[0.5,0.9999999999995],[0.99999999975,0.99925]]",3.4195160030897807
0.9,2.302585092994046,G01,complementary,0.25,recurrent_1221,discover_develop,20261007,19.538392660426013,4.020246635156362,5.092565932375455,1.1710634626516194,7,"[[0.9925,0.999999999975],[0.999995,0.99999995],[0.999999999975,0.9925]]",3.4195160030897807
0.9,2.302585092994046,G01,complementary,0.25,recurrent_1221,discover_develop,20261008,19.538392660426013,4.020246635156362,5.092565932375455,1.1710634626516194,7,"[[0.9925,0.999999999975],[0.999995,0.99999995],[0.999999999975,0.9925]]",3.4195160030897807
0.9,2.302585092994046,G01,complementary,0.25,recurrent_1221,discover_develop,20261009,19.538392660426013,4.020246635156362,5.092565932375455,1.1710634626516194,7,"[[0.9925,0.999999999975],[0.999995,0.99999995],[0.999999999975,0.9925]]",3.4195160030897807
0.9,2.302585092994046,G02,concentrated,0.25,alternating_1212,discover_develop,20261007,19.735267601468834,4.013651707679889,5.11574474016577,1.3715787773865993,7,"[[0.9999999997628292,0.9976282917548738],[0.9999999841886117,0.9999841886116991],[0.9974999999999999,0.999999999975]]",3.0529949748426484
0.9,2.302585092994046,G02,concentrated,0.25,alternating_1212,discover_develop,20261008,19.735267601468834,4.013651707679889,5.11574474016577,1.3715787773865993,7,"[[0.9999999997628292,0.9976282917548738],[0.9999999841886117,0.9999841886116991],[0.9974999999999999,0.999999999975]]",3.0529949748426484
0.9,2.302585092994046,G02,concentrated,0.25,alternating_1212,discover_develop,20261009,19.735267601468834,4.013651707679889,5.11574474016577,1.3715787773865993,7,"[[0.9999999997628292,0.9976282917548738],[0.9999999841886117,0.9999841886116991],[0.9974999999999999,0.999999999975]]",3.0529949748426484
0.9,2.302585092994046,G02,concentrated,0.25,change_1122,discover_develop,20261007,19.734405029710018,4.013651707679889,5.11574474016577,1.1725260777476758,7,"[[0.9999999997628292,0.9976282917548738],[0.9999999841886117,0.9999841886116991],[0.9974999999999999,0.999999999975]]",3.0529949748426484
0.9,2.302585092994046,G02,concentrated,0.25,change_1122,discover_develop,20261008,19.734405029710018,4.013651707679889,5.11574474016577,1.1725260777476758,7,"[[0.9999999997628292,0.9976282917548738],[0.9999999841886117,0.9999841886116991],[0.9974999999999999,0.999999999975]]",3.0529949748426484
0.9,2.302585092994046,G02,concentrated,0.25,change_1122,discover_develop,20261009,19.734405029710018,4.013651707679889,5.11574474016577,1.1725260777476758,7,"[[0.9999999997628292,0.9976282917548738],[0.9999999841886117,0.9999841886116991],[0.9974999999999999,0.999999999975]]",3.0529949748426484
0.9,2.302585092994046,G02,concentrated,0.25,persistent_theta1,discover_develop,20261007,21.18089766951214,4.013651707679889,5.727972945316706,,7,"[[0.9999999999976283,0.7628291754873716],[0.9999999999984188,0.841886116991581],[0.999975,0.9999999975]]",3.0529949748426484
0.9,2.302585092994046,G02,concentrated,0.25,persistent_theta1,discover_develop,20261008,21.18089766951214,4.013651707679889,5.727972945316706,,7,"[[0.9999999999976283,0.7628291754873716],[0.9999999999984188,0.841886116991581],[0.999975,0.9999999975]]",3.0529949748426484
0.9,2.302585092994046,G02,concentrated,0.25,persistent_theta1,discover_develop,20261009,21.18089766951214,4.013651707679889,5.727972945316706,,7,"[[0.9999999999976283,0.7628291754873716],[0.9999999999984188,0.841886116991581],[0.999975,0.9999999975]]",3.0529949748426484
0.9,2.302585092994046,G02,concentrated,0.25,persistent_theta2,discover_develop,20261007,21.74442494464804,4.581042880971137,5.727978334289331,,7,"[[0.9999999762829176,0.9999762829175487],[0.841886116991581,0.9999999999984188],[0.75,0.99999999999975]]",3.0529949748426484
0.9,2.302585092994046,G02,concentrated,0.25,persistent_theta2,discover_develop,20261008,21.74442494464804,4.581042880971137,5.727978334289331,,7,"[[0.9999999762829176,0.9999762829175487],[0.841886116991581,0.9999999999984188],[0.75,0.99999999999975]]",3.0529949748426484
0.9,2.302585092994046,G02,concentrated,0.25,persistent_theta2,discover_develop,20261009,21.74442494464804,4.581042880971137,5.727978334289331,,7,"[[0.9999999762829176,0.9999762829175487],[0.841886116991581,0.9999999999984188],[0.75,0.99999999999975]]",3.0529949748426484
0.9,2.302585092994046,G02,concentrated,0.25,recurrent_1221,discover_develop,20261007,19.735375393626796,4.013651707679889,5.716368424064923,1.4711567820194538,7,"[[0.9999999997628292,0.9976282917548738],[0.9999999841886117,0.9999841886116991],[0.9974999999999999,0.999999999975]]",3.0529949748426484
0.9,2.302585092994046,G02,concentrated,0.25,recurrent_1221,discover_develop,20261008,19.735375393626796,4.013651707679889,5.716368424064923,1.4711567820194538,7,"[[0.9999999997628292,0.9976282917548738],[0.9999999841886117,0.9999841886116991],[0.9974999999999999,0.999999999975]]",3.0529949748426484
0.9,2.302585092994046,G02,concentrated,0.25,recurrent_1221,discover_develop,20261009,19.735375393626796,4.013651707679889,5.716368424064923,1.4711567820194538,7,"[[0.9999999997628292,0.9976282917548738],[0.9999999841886117,0.9999841886116991],[0.9974999999999999,0.999999999975]]",3.0529949748426484
0.9,2.302585092994046,G03,partial_overlap,0.25,alternating_1212,discover_develop,20261007,19.83571342327246,4.677637272936953,5.08904110926694,1.371780313257192,7,"[[0.9925,0.999999999975],[0.99999999995,0.9925],[0.9999999975,0.99995]]",3.3261829471342965
0.9,2.302585092994046,G03,partial_overlap,0.25,alternating_1212,discover_develop,20261008,19.83571342327246,4.677637272936953,5.08904110926694,1.371780313257192,7,"[[0.9925,0.999999999975],[0.99999999995,0.9925],[0.9999999975,0.99995]]",3.3261829471342965
0.9,2.302585092994046,G03,partial_overlap,0.25,alternating_1212,discover_develop,20261009,19.458402975727715,4.615469785710424,5.089041130520632,1.3724303100615256,5,"[[0.925,0.9999999999975],[0.99999999995,0.9925],[0.9999999975,0.99995]]",3.3261829471342965
0.9,2.302585092994046,G03,partial_overlap,0.25,change_1122,discover_develop,20261007,19.836852792106434,4.677637272936953,5.08904110926694,1.1725265682180241,7,"[[0.9925,0.999999999975],[0.99999999995,0.9925],[0.9999999975,0.99995]]",3.3261829471342965
0.9,2.302585092994046,G03,partial_overlap,0.25,change_1122,discover_develop,20261008,19.836852792106434,4.677637272936953,5.08904110926694,1.1725265682180241,7,"[[0.9925,0.999999999975],[0.99999999995,0.9925],[0.9999999975,0.99995]]",3.3261829471342965
0.9,2.302585092994046,G03,partial_overlap,0.25,change_1122,discover_develop,20261009,19.45809144819318,4.615469785710424,5.089041130520632,1.1725460594208967,5,"[[0.925,0.9999999999975],[0.99999999995,0.9925],[0.9999999975,0.99995]]",3.3261829471342965
0.9,2.302585092994046,G03,partial_overlap,0.25,persistent_theta1,discover_develop,20261007,21.821549051477973,4.677637272936953,5.727738805155248,,7,"[[0.999925,0.9999999975],[0.9999999999995,0.25],[0.99999999999975,0.5]]",3.3261829471342965
0.9,2.302585092994046,G03,partial_overlap,0.25,persistent_theta1,discover_develop,20261008,21.821549051477973,4.677637272936953,5.727738805155248,,7,"[[0.999925,0.9999999975],[0.9999999999995,0.25],[0.99999999999975,0.5]]",3.3261829471342965
0.9,2.302585092994046,G03,partial_overlap,0.25,persistent_theta1,discover_develop,20261009,21.407991831374986,4.615469785710424,5.724577846452059,,5,"[[0.99925,0.99999999975],[0.9999999999995,0.25],[0.99999999999975,0.5]]",3.3261829471342965
0.9,2.302585092994046,G03,partial_overlap,0.25,persistent_theta2,discover_develop,20261007,21.153996806232104,4.014568571426881,5.7277387283012615,,7,"[[0.25,0.99999999999975],[0.999999995,0.999925],[0.975,0.999999999995]]",3.3261829471342965
0.9,2.302585092994046,G03,partial_overlap,0.25,persistent_theta2,discover_develop,20261008,21.153996806232104,4.014568571426881,5.7277387283012615,,7,"[[0.25,0.99999999999975],[0.999999995,0.999925],[0.975,0.999999999995]]",3.3261829471342965
0.9,2.302585092994046,G03,partial_overlap,0.25,persistent_theta2,discover_develop,20261009,21.153996806232104,4.014568571426881,5.7277387283012615,,7,"[[0.25,0.99999999999975],[0.999999995,0.999925],[0.975,0.999999999995]]",3.3261829471342965
0.9,2.302585092994046,G03,partial_overlap,0.25,recurrent_1221,discover_develop,20261007,19.835729919638712,4.677637272936953,5.692955548587995,1.4714069823523106,7,"[[0.9925,0.999999999975],[0.99999999995,0.9925],[0.9999999975,0.99995]]",3.3261829471342965
0.9,2.302585092994046,G03,partial_overlap,0.25,recurrent_1221,discover_develop,20261008,19.835729919638712,4.677637272936953,5.692955548587995,1.4714069823523106,7,"[[0.9925,0.999999999975],[0.99999999995,0.9925],[0.9999999975,0.99995]]",3.3261829471342965
0.9,2.302585092994046,G03,partial_overlap,0.25,recurrent_1221,discover_develop,20261009,19.458420934411247,4.615469785710424,5.375682516706712,1.4723816685560784,5,"[[0.925,0.9999999999975],[0.99999999995,0.9925],[0.9999999975,0.99995]]",3.3261829471342965
0.9,2.302585092994046,G04,redundant,0.25,alternating_1212,discover_develop,20261007,19.810388942785824,4.122856430172497,5.11728672662578,1.3716723634578367,7,"[[0.9925,0.999999999975],[0.9999999881414587,0.9999802357646239],[0.9999999998814145,0.9980235764623948]]",3.2959165245236783
0.9,2.302585092994046,G04,redundant,0.25,alternating_1212,discover_develop,20261008,19.810388942785824,4.122856430172497,5.11728672662578,1.3716723634578367,7,"[[0.9925,0.999999999975],[0.9999999881414587,0.9999802357646239],[0.9999999998814145,0.9980235764623948]]",3.2959165245236783
0.9,2.302585092994046,G04,redundant,0.25,alternating_1212,discover_develop,20261009,19.810388942785824,4.122856430172497,5.11728672662578,1.3716723634578367,7,"[[0.9925,0.999999999975],[0.9999999881414587,0.9999802357646239],[0.9999999998814145,0.9980235764623948]]",3.2959165245236783
0.9,2.302585092994046,G04,redundant,0.25,change_1122,discover_develop,20261007,19.810526783836604,4.122856430172497,5.11728672662578,1.1725263198765727,7,"[[0.9925,0.999999999975],[0.9999999881414587,0.9999802357646239],[0.9999999998814145,0.9980235764623948]]",3.2959165245236783
0.9,2.302585092994046,G04,redundant,0.25,change_1122,discover_develop,20261008,19.810526783836604,4.122856430172497,5.11728672662578,1.1725263198765727,7,"[[0.9925,0.999999999975],[0.9999999881414587,0.9999802357646239],[0.9999999998814145,0.9980235764623948]]",3.2959165245236783
0.9,2.302585092994046,G04,redundant,0.25,change_1122,discover_develop,20261009,19.810526783836604,4.122856430172497,5.11728672662578,1.1725263198765727,7,"[[0.9925,0.999999999975],[0.9999999881414587,0.9999802357646239],[0.9999999998814145,0.9980235764623948]]",3.2959165245236783
0.9,2.302585092994046,G04,redundant,0.25,persistent_theta1,discover_develop,20261007,21.265418626063717,4.122856430172497,5.727738803806946,,7,"[[0.999925,0.9999999975],[0.9999999999988142,0.8023576462394764],[0.9999999999988142,0.8023576462394764]]",3.2959165245236783
0.9,2.302585092994046,G04,redundant,0.25,persistent_theta1,discover_develop,20261008,21.265418626063717,4.122856430172497,5.727738803806946,,7,"[[0.999925,0.9999999975],[0.9999999999988142,0.8023576462394764],[0.9999999999988142,0.8023576462394764]]",3.2959165245236783
0.9,2.302585092994046,G04,redundant,0.25,persistent_theta1,discover_develop,20261009,21.265418626063717,4.122856430172497,5.727738803806946,,7,"[[0.999925,0.9999999975],[0.9999999999988142,0.8023576462394764],[0.9999999999988142,0.8023576462394764]]",3.2959165245236783
0.9,2.302585092994046,G04,redundant,0.25,persistent_theta2,discover_develop,20261007,21.839626706562388,4.670992760868958,5.727997191337342,,7,"[[0.25,0.99999999999975],[0.8814145877436858,0.9999999999980236],[0.9999999881414587,0.9999802357646239]]",3.2959165245236783
0.9,2.302585092994046,G04,redundant,0.25,persistent_theta2,discover_develop,20261008,21.839626706562388,4.670992760868958,5.727997191337342,,7,"[[0.25,0.99999999999975],[0.8814145877436858,0.9999999999980236],[0.9999999881414587,0.9999802357646239]]",3.2959165245236783
0.9,2.302585092994046,G04,redundant,0.25,persistent_theta2,discover_develop,20261009,21.839626706562388,4.670992760868958,5.727997191337342,,7,"[[0.25,0.99999999999975],[0.8814145877436858,0.9999999999980236],[0.9999999881414587,0.9999802357646239]]",3.2959165245236783
0.9,2.302585092994046,G04,redundant,0.25,recurrent_1221,discover_develop,20261007,19.810465570522037,4.122856430172497,5.692947710269396,1.4712793395238402,7,"[[0.9925,0.999999999975],[0.9999999881414587,0.9999802357646239],[0.9999999998814146,0.9980235764623948]]",3.2959165245236783
0.9,2.302585092994046,G04,redundant,0.25,recurrent_1221,discover_develop,20261008,19.810465570522037,4.122856430172497,5.692947710269396,1.4712793395238402,7,"[[0.9925,0.999999999975],[0.9999999881414587,0.9999802357646239],[0.9999999998814146,0.9980235764623948]]",3.2959165245236783
0.9,2.302585092994046,G04,redundant,0.25,recurrent_1221,discover_develop,20261009,19.810465570522037,4.122856430172497,5.692947710269396,1.4712793395238402,7,"[[0.9925,0.999999999975],[0.9999999881414587,0.9999802357646239],[0.9999999998814146,0.9980235764623948]]",3.2959165245236783
0.9,2.302585092994046,G05,complementary,0.5,alternating_1212,discover_develop,20261007,18.3288697320173,4.218692399091223,4.717602831617009,1.1722672142309831,4,"[[0.0,1.0],[0.9999995,0.9999995],[1.0,0.0]]",4.175755076535925
0.9,2.302585092994046,G05,complementary,0.5,alternating_1212,discover_develop,20261008,18.3288697320173,4.218692399091223,4.717602831617009,1.1722672142309831,4,"[[0.0,1.0],[0.9999995,0.9999995],[1.0,0.0]]",4.175755076535925
0.9,2.302585092994046,G05,complementary,0.5,alternating_1212,discover_develop,20261009,18.3288697320173,4.218692399091223,4.717602831617009,1.1722672142309831,4,"[[0.0,1.0],[0.9999995,0.9999995],[1.0,0.0]]",4.175755076535925
0.9,2.302585092994046,G05,complementary,0.5,change_1122,discover_develop,20261007,18.92557342113453,4.218692399091223,4.71723071434155,1.172547574273612,4,"[[0.0,1.0],[0.99999995,0.999995],[1.0,0.0]]",4.175755076535925
0.9,2.302585092994046,G05,complementary,0.5,change_1122,discover_develop,20261008,18.92557342113453,4.218692399091223,4.71723071434155,1.172547574273612,4,"[[0.0,1.0],[0.99999995,0.999995],[1.0,0.0]]",4.175755076535925
0.9,2.302585092994046,G05,complementary,0.5,change_1122,discover_develop,20261009,18.92557342113453,4.218692399091223,4.71723071434155,1.172547574273612,4,"[[0.0,1.0],[0.99999995,0.999995],[1.0,0.0]]",4.175755076535925
0.9,2.302585092994046,G05,complementary,0.5,persistent_theta1,discover_develop,20261007,20.1674430062456,4.218692399091223,5.31764501569826,,1,"[[0.0,1.0],[0.999999999995,0.95],[1.0,0.0]]",4.175755076535925
0.9,2.302585092994046,G05,complementary,0.5,persistent_theta1,discover_develop,20261008,20.1674430062456,4.218692399091223,5.31764501569826,,1,"[[0.0,1.0],[0.999999999995,0.95],[1.0,0.0]]",4.175755076535925
0.9,2.302585092994046,G05,complementary,0.5,persistent_theta1,discover_develop,20261009,20.1674430062456,4.218692399091223,5.31764501569826,,1,"[[0.0,1.0],[0.999999999995,0.95],[1.0,0.0]]",4.175755076535925
0.9,2.302585092994046,G05,complementary,0.5,persistent_theta2,discover_develop,20261007,20.848072987355913,4.895556340784331,5.31764501946018,,0,"[[0.0,1.0],[0.5,0.9999999999995],[1.0,0.0]]",4.175755076535925
0.9,2.302585092994046,G05,complementary,0.5,persistent_theta2,discover_develop,20261008,20.848072987355913,4.895556340784331,5.31764501946018,,0,"[[0.0,1.0],[0.5,0.9999999999995],[1.0,0.0]]",4.175755076535925
0.9,2.302585092994046,G05,complementary,0.5,persistent_theta2,discover_develop,20261009,20.848072987355913,4.895556340784331,5.31764501946018,,0,"[[0.0,1.0],[0.5,0.9999999999995],[1.0,0.0]]",4.175755076535925
0.9,2.302585092994046,G05,complementary,0.5,recurrent_1221,discover_develop,20261007,18.92857042113453,4.218692399091223,4.71723071434155,1.1721652819646309,3,"[[0.0,1.0],[0.999995,0.99999995],[1.0,0.0]]",4.175755076535925
0.9,2.302585092994046,G05,complementary,0.5,recurrent_1221,discover_develop,20261008,18.92857042113453,4.218692399091223,4.71723071434155,1.1721652819646309,3,"[[0.0,1.0],[0.999995,0.99999995],[1.0,0.0]]",4.175755076535925
0.9,2.302585092994046,G05,complementary,0.5,recurrent_1221,discover_develop,20261009,18.92857042113453,4.218692399091223,4.71723071434155,1.1721652819646309,3,"[[0.0,1.0],[0.999995,0.99999995],[1.0,0.0]]",4.175755076535925
0.9,2.302585092994046,G06,concentrated,0.5,alternating_1212,develop_known,20261007,20.94380988125367,4.797967683172588,5.317631801540424,1.71390386954596,4,"[[0.999999999999,0.0],[0.9999841886116991,0.9999999841886117],[1.0,1.0]]",2.96665631459995
0.9,2.302585092994046,G06,concentrated,0.5,alternating_1212,develop_known,20261008,20.94380988125367,4.797967683172588,5.317631801540424,1.71390386954596,4,"[[0.999999999999,0.0],[0.9999841886116991,0.9999999841886117],[1.0,1.0]]",2.96665631459995
0.9,2.302585092994046,G06,concentrated,0.5,alternating_1212,develop_known,20261009,20.94380988125367,4.797967683172588,5.317631801540424,1.71390386954596,4,"[[0.999999999999,0.0],[0.9999841886116991,0.9999999841886117],[1.0,1.0]]",2.96665631459995
0.9,2.302585092994046,G06,concentrated,0.5,alternating_1212,discover_develop,20261007,19.264762082580383,3.773674884921314,5.120685381194786,1.3721748115086854,4,"[[0.0,0.999999999999],[0.9999999998418861,0.9984188611699158],[1.0,1.0]]",2.96665631459995
0.9,2.302585092994046,G06,concentrated,0.5,alternating_1212,discover_develop,20261008,19.264762082580383,3.773674884921314,5.120685381194786,1.3721748115086854,4,"[[0.0,0.999999999999],[0.9999999998418861,0.9984188611699158],[1.0,1.0]]",2.96665631459995
0.9,2.302585092994046,G06,concentrated,0.5,alternating_1212,discover_develop,20261009,19.264762082580383,3.773674884921314,5.120685381194786,1.3721748115086854,4,"[[0.0,0.999999999999],[0.9999999998418861,0.9984188611699158],[1.0,1.0]]",2.96665631459995
0.9,2.302585092994046,G06,concentrated,0.5,alternating_1212,discover_only,20261007,10.256180185518648,2.564045046379662,2.864045046379662,0.7862741699796955,8,"[[0.0,0.0],[0.5,0.5],[1.0,1.0]]",2.96665631459995
0.9,2.302585092994046,G06,concentrated,0.5,alternating_1212,discover_only,20261008,10.85618018551865,2.564045046379662,2.864045046379662,0.7862741699796955,7,"[[0.0,0.0],[0.5,0.5],[1.0,1.0]]",2.96665631459995
0.9,2.302585092994046,G06,concentrated,0.5,alternating_1212,discover_only,20261009,10.85618018551865,2.564045046379662,2.864045046379662,0.7862741699796955,7,"[[0.0,0.0],[0.5,0.5],[1.0,1.0]]",2.96665631459995
0.9,2.302585092994046,G06,concentrated,0.5,alternating_1212,static_known,20261007,11.866625258399798,2.96665631459995,2.96665631459995,0.9888854381999833,3,"[[0.0,0.0],[0.5,0.5],[1.0,1.0]]",2.96665631459995
0.9,2.302585092994046,G06,concentrated,0.5,alternating_1212,static_known,20261008,11.866625258399798,2.96665631459995,2.96665631459995,0.9888854381999833,3,"[[0.0,0.0],[0.5,0.5],[1.0,1.0]]",2.96665631459995
0.9,2.302585092994046,G06,concentrated,0.5,alternating_1212,static_known,20261009,11.866625258399798,2.96665631459995,2.96665631459995,0.9888854381999833,3,"[[0.0,0.0],[0.5,0.5],[1.0,1.0]]",2.96665631459995
0.9,2.302585092994046,G06,concentrated,0.5,change_1122,develop_known,20261007,20.9428786591547,4.797967683172588,5.317227024928782,1.39191812288608,2,"[[0.999999999999,0.0],[0.9999995,0.9999995],[1.0,1.0]]",2.96665631459995
0.9,2.302585092994046,G06,concentrated,0.5,change_1122,develop_known,20261008,20.9428786591547,4.797967683172588,5.317227024928782,1.39191812288608,2,"[[0.999999999999,0.0],[0.9999995,0.9999995],[1.0,1.0]]",2.96665631459995
0.9,2.302585092994046,G06,concentrated,0.5,change_1122,develop_known,20261009,20.9428786591547,4.797967683172588,5.317227024928782,1.39191812288608,2,"[[0.999999999999,0.0],[0.9999995,0.9999995],[1.0,1.0]]",2.96665631459995
0.9,2.302585092994046,G06,concentrated,0.5,change_1122,discover_develop,20261007,19.264384691774175,3.773674884921314,5.120685381194786,1.1725472315542271,4,"[[0.0,0.999999999999],[0.9999999998418861,0.9984188611699158],[1.0,1.0]]",2.96665631459995
0.9,2.302585092994046,G06,concentrated,0.5,change_1122,discover_develop,20261008,19.264384691774175,3.773674884921314,5.120685381194786,1.1725472315542271,4,"[[0.0,0.999999999999],[0.9999999998418861,0.9984188611699158],[1.0,1.0]]",2.96665631459995
0.9,2.302585092994046,G06,concentrated,0.5,change_1122,discover_develop,20261009,19.264384691774175,3.773674884921314,5.120685381194786,1.1725472315542271,4,"[[0.0,0.999999999999],[0.9999999998418861,0.9984188611699158],[1.0,1.0]]",2.96665631459995
0.9,2.302585092994046,G06,concentrated,0.5,change_1122,discover_only,20261007,10.85618018551865,2.564045046379662,2.864045046379662,0.8862741699796954,7,"[[0.0,0.0],[0.5,0.5],[1.0,1.0]]",2.96665631459995
0.9,2.302585092994046,G06,concentrated,0.5,change_1122,discover_only,20261008,10.85618018551865,2.564045046379662,2.864045046379662,0.8862741699796954,7,"[[0.0,0.0],[0.5,0.5],[1.0,1.0]]",2.96665631459995
0.9,2.302585092994046,G06,concentrated,0.5,change_1122,discover_only,20261009,10.256180185518648,2.564045046379662,2.864045046379662,0.8862741699796954,8,"[[0.0,0.0],[0.5,0.5],[1.0,1.0]]",2.96665631459995
0.9,2.302585092994046,G06,concentrated,0.5,change_1122,static_known,20261007,11.866625258399798,2.96665631459995,2.96665631459995,0.9888854381999833,1,"[[0.0,0.0],[0.5,0.5],[1.0,1.0]]",2.96665631459995
0.9,2.302585092994046,G06,concentrated,0.5,change_1122,static_known,20261008,11.866625258399798,2.96665631459995,2.96665631459995,0.9888854381999833,1,"[[0.0,0.0],[0.5,0.5],[1.0,1.0]]",2.96665631459995
0.9,2.302585092994046,G06,concentrated,0.5,change_1122,static_known,20261009,11.866625258399798,2.96665631459995,2.96665631459995,0.9888854381999833,1,"[[0.0,0.0],[0.5,0.5],[1.0,1.0]]",2.96665631459995
0.9,2.302585092994046,G06,concentrated,0.5,persistent_theta1,develop_known,20261007,22.59671963088086,4.797967683172588,5.9333126280151625,,1,"[[0.999999999999,0.0],[0.9999999999995,0.5],[1.0,1.0]]",2.96665631459995
0.9,2.302585092994046,G06,concentrated,0.5,persistent_theta1,develop_known,20261008,22.59671963088086,4.797967683172588,5.9333126280151625,,1,"[[0.999999999999,0.0],[0.9999999999995,0.5],[1.0,1.0]]",2.96665631459995
0.9,2.302585092994046,G06,concentrated,0.5,persistent_theta1,develop_known,20261009,22.59671963088086,4.797967683172588,5.9333126280151625,,1,"[[0.999999999999,0.0],[0.9999999999995,0.5],[1.0,1.0]]",2.96665631459995
0.9,2.302585092994046,G06,concentrated,0.5,persistent_theta1,discover_develop,20261007,19.1249909548061,3.773674884921314,4.717645018195055,,3,"[[0.0,0.999999999999],[0.9999999999984188,0.841886116991581],[1.0,1.0]]",2.96665631459995
0.9,2.302585092994046,G06,concentrated,0.5,persistent_theta1,discover_develop,20261008,19.1249909548061,3.773674884921314,4.717645018195055,,3,"[[0.0,0.999999999999],[0.9999999999984188,0.841886116991581],[1.0,1.0]]",2.96665631459995
0.9,2.302585092994046,G06,concentrated,0.5,persistent_theta1,discover_develop,20261009,19.1249909548061,3.773674884921314,4.717645018195055,,3,"[[0.0,0.999999999999],[0.9999999999984188,0.841886116991581],[1.0,1.0]]",2.96665631459995
0.9,2.302585092994046,G06,concentrated,0.5,persistent_theta1,discover_only,20261007,9.656180185518648,2.564045046379662,2.564045046379662,,8,"[[0.0,0.0],[0.5,0.5],[1.0,1.0]]",2.96665631459995
0.9,2.302585092994046,G06,concentrated,0.5,persistent_theta1,discover_only,20261008,10.256180185518648,2.564045046379662,2.564045046379662,,7,"[[0.0,0.0],[0.5,0.5],[1.0,1.0]]",2.96665631459995
0.9,2.302585092994046,G06,concentrated,0.5,persistent_theta1,discover_only,20261009,10.256180185518648,2.564045046379662,2.564045046379662,,7,"[[0.0,0.0],[0.5,0.5],[1.0,1.0]]",2.96665631459995
0.9,2.302585092994046,G06,concentrated,0.5,persistent_theta1,static_known,20261007,11.866625258399798,2.96665631459995,2.96665631459995,,0,"[[0.0,0.0],[0.5,0.5],[1.0,1.0]]",2.96665631459995
0.9,2.302585092994046,G06,concentrated,0.5,persistent_theta1,static_known,20261008,11.866625258399798,2.96665631459995,2.96665631459995,,0,"[[0.0,0.0],[0.5,0.5],[1.0,1.0]]",2.96665631459995
0.9,2.302585092994046,G06,concentrated,0.5,persistent_theta1,static_known,20261009,11.866625258399798,2.96665631459995,2.96665631459995,,0,"[[0.0,0.0],[0.5,0.5],[1.0,1.0]]",2.96665631459995
0.9,2.302585092994046,G06,concentrated,0.5,persistent_theta2,develop_known,20261007,22.59671963088086,4.797967683172588,5.9333126280151625,,1,"[[0.0,0.999999999999],[0.5,0.9999999999995],[1.0,1.0]]",2.96665631459995
0.9,2.302585092994046,G06,concentrated,0.5,persistent_theta2,develop_known,20261008,22.59671963088086,4.797967683172588,5.9333126280151625,,1,"[[0.0,0.999999999999],[0.5,0.9999999999995],[1.0,1.0]]",2.96665631459995
0.9,2.302585092994046,G06,concentrated,0.5,persistent_theta2,develop_known,20261009,22.59671963088086,4.797967683172588,5.9333126280151625,,1,"[[0.0,0.999999999999],[0.5,0.9999999999995],[1.0,1.0]]",2.96665631459995
0.9,2.302585092994046,G06,concentrated,0.5,persistent_theta2,discover_develop,20261007,20.122524601469994,4.750285190185248,5.128015766093033,,6,"[[0.0,0.999999999999],[0.9999999841886117,0.9999841886116991],[1.0,1.0]]",2.96665631459995
0.9,2.302585092994046,G06,concentrated,0.5,persistent_theta2,discover_develop,20261008,20.122524601469994,4.750285190185248,5.128015766093033,,6,"[[0.0,0.999999999999],[0.9999999841886117,0.9999841886116991],[1.0,1.0]]",2.96665631459995
0.9,2.302585092994046,G06,concentrated,0.5,persistent_theta2,discover_develop,20261009,20.122524601469994,4.750285190185248,5.128015766093033,,6,"[[0.0,0.999999999999],[0.9999999841886117,0.9999841886116991],[1.0,1.0]]",2.96665631459995
0.9,2.302585092994046,G06,concentrated,0.5,persistent_theta2,discover_only,20261007,11.456180185518647,2.864045046379662,2.864045046379662,,7,"[[0.0,0.0],[0.5,0.5],[1.0,1.0]]",2.96665631459995
0.9,2.302585092994046,G06,concentrated,0.5,persistent_theta2,discover_only,20261008,11.456180185518647,2.864045046379662,2.864045046379662,,7,"[[0.0,0.0],[0.5,0.5],[1.0,1.0]]",2.96665631459995
0.9,2.302585092994046,G06,concentrated,0.5,persistent_theta2,discover_only,20261009,10.856180185518648,2.864045046379662,2.864045046379662,,8,"[[0.0,0.0],[0.5,0.5],[1.0,1.0]]",2.96665631459995
0.9,2.302585092994046,G06,concentrated,0.5,persistent_theta2,static_known,20261007,11.866625258399798,2.96665631459995,2.96665631459995,,0,"[[0.0,0.0],[0.5,0.5],[1.0,1.0]]",2.96665631459995
0.9,2.302585092994046,G06,concentrated,0.5,persistent_theta2,static_known,20261008,11.866625258399798,2.96665631459995,2.96665631459995,,0,"[[0.0,0.0],[0.5,0.5],[1.0,1.0]]",2.96665631459995
0.9,2.302585092994046,G06,concentrated,0.5,persistent_theta2,static_known,20261009,11.866625258399798,2.96665631459995,2.96665631459995,,0,"[[0.0,0.0],[0.5,0.5],[1.0,1.0]]",2.96665631459995
0.9,2.302585092994046,G06,concentrated,0.5,recurrent_1221,develop_known,20261007,20.943546298581918,4.797967683172588,5.933060556390038,1.684637618955338,3,"[[0.999999999999,0.0],[0.9999841886116991,0.9999999841886117],[1.0,1.0]]",2.96665631459995
0.9,2.302585092994046,G06,concentrated,0.5,recurrent_1221,develop_known,20261008,20.943546298581918,4.797967683172588,5.933060556390038,1.684637618955338,3,"[[0.999999999999,0.0],[0.9999841886116991,0.9999999841886117],[1.0,1.0]]",2.96665631459995
0.9,2.302585092994046,G06,concentrated,0.5,recurrent_1221,develop_known,20261009,20.943546298581918,4.797967683172588,5.933060556390038,1.684637618955338,3,"[[0.999999999999,0.0],[0.9999841886116991,0.9999999841886117],[1.0,1.0]]",2.96665631459995
0.9,2.302585092994046,G06,concentrated,0.5,recurrent_1221,discover_develop,20261007,19.264771688203915,3.773674884921314,5.317644887402221,1.4719940764631545,5,"[[0.0,0.999999999999],[0.9999999998418861,0.9984188611699158],[1.0,1.0]]",2.96665631459995
0.9,2.302585092994046,G06,concentrated,0.5,recurrent_1221,discover_develop,20261008,19.264771688203915,3.773674884921314,5.317644887402221,1.4719940764631545,5,"[[0.0,0.999999999999],[0.9999999998418861,0.9984188611699158],[1.0,1.0]]",2.96665631459995
0.9,2.302585092994046,G06,concentrated,0.5,recurrent_1221,discover_develop,20261009,19.264771688203915,3.773674884921314,5.317644887402221,1.4719940764631545,5,"[[0.0,0.999999999999],[0.9999999998418861,0.9984188611699158],[1.0,1.0]]",2.96665631459995
0.9,2.302585092994046,G06,concentrated,0.5,recurrent_1221,discover_only,20261007,10.856180185518648,2.564045046379662,2.564045046379662,0.7362741699796955,7,"[[0.0,0.0],[0.5,0.5],[1.0,1.0]]",2.96665631459995
0.9,2.302585092994046,G06,concentrated,0.5,recurrent_1221,discover_only,20261008,10.856180185518648,2.564045046379662,2.564045046379662,0.7362741699796955,7,"[[0.0,0.0],[0.5,0.5],[1.0,1.0]]",2.96665631459995
0.9,2.302585092994046,G06,concentrated,0.5,recurrent_1221,discover_only,20261009,10.256180185518648,2.564045046379662,2.564045046379662,0.7362741699796955,8,"[[0.0,0.0],[0.5,0.5],[1.0,1.0]]",2.96665631459995
0.9,2.302585092994046,G06,concentrated,0.5,recurrent_1221,static_known,20261007,11.866625258399798,2.96665631459995,2.96665631459995,0.9888854381999833,2,"[[0.0,0.0],[0.5,0.5],[1.0,1.0]]",2.96665631459995
0.9,2.302585092994046,G06,concentrated,0.5,recurrent_1221,static_known,20261008,11.866625258399798,2.96665631459995,2.96665631459995,0.9888854381999833,2,"[[0.0,0.0],[0.5,0.5],[1.0,1.0]]",2.96665631459995
0.9,2.302585092994046,G06,concentrated,0.5,recurrent_1221,static_known,20261009,11.866625258399798,2.96665631459995,2.96665631459995,0.9888854381999833,2,"[[0.0,0.0],[0.5,0.5],[1.0,1.0]]",2.96665631459995
0.9,2.302585092994046,G07,partial_overlap,0.5,alternating_1212,develop_known,20261007,20.425851815203227,4.895556340784331,5.317227025076549,1.645506699381242,3,"[[0.0,1.0],[0.9999999999995,0.0],[1.0,0.9999995]]",3.9735697320844925
0.9,2.302585092994046,G07,partial_overlap,0.5,alternating_1212,develop_known,20261008,20.425851815203227,4.895556340784331,5.317227025076549,1.645506699381242,3,"[[0.0,1.0],[0.9999999999995,0.0],[1.0,0.9999995]]",3.9735697320844925
0.9,2.302585092994046,G07,partial_overlap,0.5,alternating_1212,develop_known,20261009,20.425851815203227,4.895556340784331,5.317227025076549,1.645506699381242,3,"[[0.0,1.0],[0.9999999999995,0.0],[1.0,0.9999995]]",3.9735697320844925
0.9,2.302585092994046,G07,partial_overlap,0.5,alternating_1212,discover_develop,20261007,19.22593604386373,4.895556340784331,4.713502408287528,1.3725226903848622,3,"[[0.0,1.0],[0.9999999999995,0.0],[1.0,0.99995]]",3.9735697320844925
0.9,2.302585092994046,G07,partial_overlap,0.5,alternating_1212,discover_develop,20261008,19.22593604386373,4.895556340784331,4.713502408287528,1.3725226903848622,3,"[[0.0,1.0],[0.9999999999995,0.0],[1.0,0.99995]]",3.9735697320844925
0.9,2.302585092994046,G07,partial_overlap,0.5,alternating_1212,discover_develop,20261009,19.22593604386373,4.895556340784331,4.713502408287528,1.3725226903848622,3,"[[0.0,1.0],[0.9999999999995,0.0],[1.0,0.99995]]",3.9735697320844925
0.9,2.302585092994046,G07,partial_overlap,0.5,alternating_1212,discover_only,20261007,15.563859387606547,4.175755076535925,3.6061746172673486,1.1919183588453084,3,"[[0.0,1.0],[0.5,0.0],[1.0,0.5]]",3.9735697320844925
0.9,2.302585092994046,G07,partial_overlap,0.5,alternating_1212,discover_only,20261008,15.563859387606547,4.175755076535925,3.6061746172673486,1.1919183588453084,3,"[[0.0,1.0],[0.5,0.0],[1.0,0.5]]",3.9735697320844925
0.9,2.302585092994046,G07,partial_overlap,0.5,alternating_1212,discover_only,20261009,15.563859387606547,4.175755076535925,3.6061746172673486,1.1919183588453084,3,"[[0.0,1.0],[0.5,0.0],[1.0,0.5]]",3.9735697320844925
0.9,2.302585092994046,G07,partial_overlap,0.5,alternating_1212,static_known,20261007,15.89427892833797,4.175755076535925,3.77138438763306,1.3020582057557828,3,"[[0.0,1.0],[0.5,0.0],[1.0,0.5]]",3.9735697320844925
0.9,2.302585092994046,G07,partial_overlap,0.5,alternating_1212,static_known,20261008,15.89427892833797,4.175755076535925,3.77138438763306,1.3020582057557828,3,"[[0.0,1.0],[0.5,0.0],[1.0,0.5]]",3.9735697320844925
0.9,2.302585092994046,G07,partial_overlap,0.5,alternating_1212,static_known,20261009,15.89427892833797,4.175755076535925,3.77138438763306,1.3020582057557828,3,"[[0.0,1.0],[0.5,0.0],[1.0,0.5]]",3.9735697320844925
0.9,2.302585092994046,G07,partial_overlap,0.5,change_1122,develop_known,20261007,20.425566599388578,4.895556340784331,5.317227025076549,1.3919182408657067,1,"[[0.0,1.0],[0.9999999999995,0.0],[1.0,0.9999995]]",3.9735697320844925
0.9,2.302585092994046,G07,partial_overlap,0.5,change_1122,develop_known,20261008,20.425566599388578,4.895556340784331,5.317227025076549,1.3919182408657067,1,"[[0.0,1.0],[0.9999999999995,0.0],[1.0,0.9999995]]",3.9735697320844925
0.9,2.302585092994046,G07,partial_overlap,0.5,change_1122,develop_known,20261009,20.425566599388578,4.895556340784331,5.317227025076549,1.3919182408657067,1,"[[0.0,1.0],[0.9999999999995,0.0],[1.0,0.9999995]]",3.9735697320844925
0.9,2.302585092994046,G07,partial_overlap,0.5,change_1122,discover_develop,20261007,19.225608064817838,4.895556340784331,4.713502408287528,1.1725482633908446,3,"[[0.0,1.0],[0.9999999999995,0.0],[1.0,0.99995]]",3.9735697320844925
0.9,2.302585092994046,G07,partial_overlap,0.5,change_1122,discover_develop,20261008,19.225608064817838,4.895556340784331,4.713502408287528,1.1725482633908446,3,"[[0.0,1.0],[0.9999999999995,0.0],[1.0,0.99995]]",3.9735697320844925
0.9,2.302585092994046,G07,partial_overlap,0.5,change_1122,discover_develop,20261009,19.225608064817838,4.895556340784331,4.713502408287528,1.1725482633908446,3,"[[0.0,1.0],[0.9999999999995,0.0],[1.0,0.99995]]",3.9735697320844925
0.9,2.302585092994046,G07,partial_overlap,0.5,change_1122,discover_only,20261007,15.233439846875125,4.175755076535925,3.6061746172673486,1.0919183588453085,1,"[[0.0,1.0],[0.5,0.0],[1.0,0.5]]",3.9735697320844925
0.9,2.302585092994046,G07,partial_overlap,0.5,change_1122,discover_only,20261008,15.563859387606549,4.175755076535925,3.6061746172673486,1.0919183588453085,3,"[[0.0,1.0],[0.5,0.0],[1.0,0.5]]",3.9735697320844925
0.9,2.302585092994046,G07,partial_overlap,0.5,change_1122,discover_only,20261009,15.563859387606549,4.175755076535925,3.6061746172673486,1.0919183588453085,3,"[[0.0,1.0],[0.5,0.0],[1.0,0.5]]",3.9735697320844925
0.9,2.302585092994046,G07,partial_overlap,0.5,change_1122,static_known,20261007,15.894278928337972,4.175755076535925,3.77138438763306,1.2571281292110201,1,"[[0.0,1.0],[0.5,0.0],[1.0,0.5]]",3.9735697320844925
0.9,2.302585092994046,G07,partial_overlap,0.5,change_1122,static_known,20261008,15.894278928337972,4.175755076535925,3.77138438763306,1.2571281292110201,1,"[[0.0,1.0],[0.5,0.0],[1.0,0.5]]",3.9735697320844925
0.9,2.302585092994046,G07,partial_overlap,0.5,change_1122,static_known,20261009,15.894278928337972,4.175755076535925,3.77138438763306,1.2571281292110201,1,"[[0.0,1.0],[0.5,0.0],[1.0,0.5]]",3.9735697320844925
0.9,2.302585092994046,G07,partial_overlap,0.5,persistent_theta1,develop_known,20261007,20.848072987355913,4.895556340784331,5.31764501946018,,0,"[[0.0,1.0],[0.9999999999995,0.0],[1.0,0.5]]",3.9735697320844925
0.9,2.302585092994046,G07,partial_overlap,0.5,persistent_theta1,develop_known,20261008,20.848072987355913,4.895556340784331,5.31764501946018,,0,"[[0.0,1.0],[0.9999999999995,0.0],[1.0,0.5]]",3.9735697320844925
0.9,2.302585092994046,G07,partial_overlap,0.5,persistent_theta1,develop_known,20261009,20.848072987355913,4.895556340784331,5.31764501946018,,0,"[[0.0,1.0],[0.9999999999995,0.0],[1.0,0.5]]",3.9735697320844925
0.9,2.302585092994046,G07,partial_overlap,0.5,persistent_theta1,discover_develop,20261007,20.848072987355913,4.895556340784331,5.31764501946018,,0,"[[0.0,1.0],[0.9999999999995,0.0],[1.0,0.5]]",3.9735697320844925
0.9,2.302585092994046,G07,partial_overlap,0.5,persistent_theta1,discover_develop,20261008,20.848072987355913,4.895556340784331,5.31764501946018,,0,"[[0.0,1.0],[0.9999999999995,0.0],[1.0,0.5]]",3.9735697320844925
0.9,2.302585092994046,G07,partial_overlap,0.5,persistent_theta1,discover_develop,20261009,20.848072987355913,4.895556340784331,5.31764501946018,,0,"[[0.0,1.0],[0.9999999999995,0.0],[1.0,0.5]]",3.9735697320844925
0.9,2.302585092994046,G07,partial_overlap,0.5,persistent_theta1,discover_only,20261007,16.703020306143696,4.175755076535925,4.175755076535925,,0,"[[0.0,1.0],[0.5,0.0],[1.0,0.5]]",3.9735697320844925
0.9,2.302585092994046,G07,partial_overlap,0.5,persistent_theta1,discover_only,20261008,16.703020306143696,4.175755076535925,4.175755076535925,,0,"[[0.0,1.0],[0.5,0.0],[1.0,0.5]]",3.9735697320844925
0.9,2.302585092994046,G07,partial_overlap,0.5,persistent_theta1,discover_only,20261009,16.703020306143696,4.175755076535925,4.175755076535925,,0,"[[0.0,1.0],[0.5,0.0],[1.0,0.5]]",3.9735697320844925
0.9,2.302585092994046,G07,partial_overlap,0.5,persistent_theta1,static_known,20261007,16.703020306143696,4.175755076535925,4.175755076535925,,0,"[[0.0,1.0],[0.5,0.0],[1.0,0.5]]",3.9735697320844925
0.9,2.302585092994046,G07,partial_overlap,0.5,persistent_theta1,static_known,20261008,16.703020306143696,4.175755076535925,4.175755076535925,,0,"[[0.0,1.0],[0.5,0.0],[1.0,0.5]]",3.9735697320844925
0.9,2.302585092994046,G07,partial_overlap,0.5,persistent_theta1,static_known,20261009,16.703020306143696,4.175755076535925,4.175755076535925,,0,"[[0.0,1.0],[0.5,0.0],[1.0,0.5]]",3.9735697320844925
0.9,2.302585092994046,G07,partial_overlap,0.5,persistent_theta2,develop_known,20261007,20.69848881732975,4.746120100853335,5.317645019312398,,0,"[[0.0,1.0],[0.9999999999995,0.0],[1.0,0.9999999999995]]",3.9735697320844925
0.9,2.302585092994046,G07,partial_overlap,0.5,persistent_theta2,develop_known,20261008,20.69848881732975,4.746120100853335,5.317645019312398,,0,"[[0.0,1.0],[0.9999999999995,0.0],[1.0,0.9999999999995]]",3.9735697320844925
0.9,2.302585092994046,G07,partial_overlap,0.5,persistent_theta2,develop_known,20261009,20.69848881732975,4.746120100853335,5.317645019312398,,0,"[[0.0,1.0],[0.9999999999995,0.0],[1.0,0.9999999999995]]",3.9735697320844925
0.9,2.302585092994046,G07,partial_overlap,0.5,persistent_theta2,discover_develop,20261007,18.35410958249995,4.205450265478428,4.717644605561556,,7,"[[0.0,1.0],[0.9999999999995,0.0],[1.0,0.999999995]]",3.9735697320844925
0.9,2.302585092994046,G07,partial_overlap,0.5,persistent_theta2,discover_develop,20261008,18.35410958249995,4.205450265478428,4.717644605561556,,7,"[[0.0,1.0],[0.9999999999995,0.0],[1.0,0.999999995]]",3.9735697320844925
0.9,2.302585092994046,G07,partial_overlap,0.5,persistent_theta2,discover_develop,20261009,18.35410958249995,4.205450265478428,4.717644605561556,,7,"[[0.0,1.0],[0.9999999999995,0.0],[1.0,0.999999995]]",3.9735697320844925
0.9,2.302585092994046,G07,partial_overlap,0.5,persistent_theta2,discover_only,20261007,14.094278928337973,3.6061746172673486,3.6061746172673486,,5,"[[0.0,1.0],[0.5,0.0],[1.0,0.5]]",3.9735697320844925
0.9,2.302585092994046,G07,partial_overlap,0.5,persistent_theta2,discover_only,20261008,14.424698469069396,3.6061746172673486,3.6061746172673486,,7,"[[0.0,1.0],[0.5,0.0],[1.0,0.5]]",3.9735697320844925
0.9,2.302585092994046,G07,partial_overlap,0.5,persistent_theta2,discover_only,20261009,14.424698469069396,3.6061746172673486,3.6061746172673486,,7,"[[0.0,1.0],[0.5,0.0],[1.0,0.5]]",3.9735697320844925
0.9,2.302585092994046,G07,partial_overlap,0.5,persistent_theta2,static_known,20261007,15.085537550532242,3.77138438763306,3.77138438763306,,0,"[[0.0,1.0],[0.5,0.0],[1.0,0.5]]",3.9735697320844925
0.9,2.302585092994046,G07,partial_overlap,0.5,persistent_theta2,static_known,20261008,15.085537550532242,3.77138438763306,3.77138438763306,,0,"[[0.0,1.0],[0.5,0.0],[1.0,0.5]]",3.9735697320844925
0.9,2.302585092994046,G07,partial_overlap,0.5,persistent_theta2,static_known,20261009,15.085537550532242,3.77138438763306,3.77138438763306,,0,"[[0.0,1.0],[0.5,0.0],[1.0,0.5]]",3.9735697320844925
0.9,2.302585092994046,G07,partial_overlap,0.5,recurrent_1221,develop_known,20261007,20.4258520851562,4.895556340784331,5.31764501946018,1.5821743532939538,2,"[[0.0,1.0],[0.9999999999995,0.0],[1.0,0.9999995]]",3.9735697320844925
0.9,2.302585092994046,G07,partial_overlap,0.5,recurrent_1221,develop_known,20261008,20.4258520851562,4.895556340784331,5.31764501946018,1.5821743532939538,2,"[[0.0,1.0],[0.9999999999995,0.0],[1.0,0.9999995]]",3.9735697320844925
0.9,2.302585092994046,G07,partial_overlap,0.5,recurrent_1221,develop_known,20261009,20.4258520851562,4.895556340784331,5.31764501946018,1.5821743532939538,2,"[[0.0,1.0],[0.9999999999995,0.0],[1.0,0.9999995]]",3.9735697320844925
0.9,2.302585092994046,G07,partial_overlap,0.5,recurrent_1221,discover_develop,20261007,19.22593637032869,4.895556340784331,5.31764501946018,1.4725100537318707,4,"[[0.0,1.0],[0.9999999999995,0.0],[1.0,0.99995]]",3.9735697320844925
0.9,2.302585092994046,G07,partial_overlap,0.5,recurrent_1221,discover_develop,20261008,19.22593637032869,4.895556340784331,5.31764501946018,1.4725100537318707,4,"[[0.0,1.0],[0.9999999999995,0.0],[1.0,0.99995]]",3.9735697320844925
0.9,2.302585092994046,G07,partial_overlap,0.5,recurrent_1221,discover_develop,20261009,19.22593637032869,4.895556340784331,5.31764501946018,1.4725100537318707,4,"[[0.0,1.0],[0.9999999999995,0.0],[1.0,0.99995]]",3.9735697320844925
0.9,2.302585092994046,G07,partial_overlap,0.5,recurrent_1221,discover_only,20261007,15.233439846875124,4.175755076535925,4.175755076535925,1.2419183588453084,2,"[[0.0,1.0],[0.5,0.0],[1.0,0.5]]",3.9735697320844925
0.9,2.302585092994046,G07,partial_overlap,0.5,recurrent_1221,discover_only,20261008,15.563859387606547,4.175755076535925,4.175755076535925,1.2419183588453084,4,"[[0.0,1.0],[0.5,0.0],[1.0,0.5]]",3.9735697320844925
0.9,2.302585092994046,G07,partial_overlap,0.5,recurrent_1221,discover_only,20261009,15.563859387606547,4.175755076535925,4.175755076535925,1.2419183588453084,4,"[[0.0,1.0],[0.5,0.0],[1.0,0.5]]",3.9735697320844925
0.9,2.302585092994046,G07,partial_overlap,0.5,recurrent_1221,static_known,20261007,15.89427892833797,4.175755076535925,4.175755076535925,1.3245232440281642,2,"[[0.0,1.0],[0.5,0.0],[1.0,0.5]]",3.9735697320844925
0.9,2.302585092994046,G07,partial_overlap,0.5,recurrent_1221,static_known,20261008,15.89427892833797,4.175755076535925,4.175755076535925,1.3245232440281642,2,"[[0.0,1.0],[0.5,0.0],[1.0,0.5]]",3.9735697320844925
0.9,2.302585092994046,G07,partial_overlap,0.5,recurrent_1221,static_known,20261009,15.89427892833797,4.175755076535925,4.175755076535925,1.3245232440281642,2,"[[0.0,1.0],[0.5,0.0],[1.0,0.5]]",3.9735697320844925
0.9,2.302585092994046,G08,redundant,0.5,alternating_1212,develop_known,20261007,21.084507973994423,4.895556340784331,5.92076888062169,1.6354813299496431,3,"[[0.0,1.0],[0.99999975,0.99999925],[0.99999999975,0.99925]]",3.7976355398128527
0.9,2.302585092994046,G08,redundant,0.5,alternating_1212,develop_known,20261008,21.084507973994423,4.895556340784331,5.92076888062169,1.6354813299496431,3,"[[0.0,1.0],[0.99999975,0.99999925],[0.99999999975,0.99925]]",3.7976355398128527
0.9,2.302585092994046,G08,redundant,0.5,alternating_1212,develop_known,20261009,21.084507973994423,4.895556340784331,5.92076888062169,1.6354813299496431,3,"[[0.0,1.0],[0.99999975,0.99999925],[0.99999999975,0.99925]]",3.7976355398128527
0.9,2.302585092994046,G08,redundant,0.5,alternating_1212,discover_develop,20261007,19.47780282066549,4.895556340784331,5.087082728416023,1.3725159107692997,3,"[[0.0,1.0],[0.9999999975,0.999925],[0.999999999975,0.9925]]",3.7976355398128527
0.9,2.302585092994046,G08,redundant,0.5,alternating_1212,discover_develop,20261008,19.47780282066549,4.895556340784331,5.087082728416023,1.3725159107692997,3,"[[0.0,1.0],[0.9999999975,0.999925],[0.999999999975,0.9925]]",3.7976355398128527
0.9,2.302585092994046,G08,redundant,0.5,alternating_1212,discover_develop,20261009,19.47780282066549,4.895556340784331,5.087082728416023,1.3725159107692997,3,"[[0.0,1.0],[0.9999999975,0.999925],[0.999999999975,0.9925]]",3.7976355398128527
0.9,2.302585092994046,G08,redundant,0.5,alternating_1212,discover_only,20261007,15.046781232697555,4.175755076535925,3.3236753853872107,1.1919183588453084,3,"[[0.0,1.0],[0.75,0.25],[0.75,0.25]]",3.7976355398128527
0.9,2.302585092994046,G08,redundant,0.5,alternating_1212,discover_only,20261008,15.09470154154884,4.175755076535925,3.3715956942384953,1.1919183588453084,3,"[[0.0,1.0],[0.75,0.25],[0.75,0.25]]",3.7976355398128527
0.9,2.302585092994046,G08,redundant,0.5,alternating_1212,discover_only,20261009,15.09470154154884,4.175755076535925,3.3715956942384953,1.1919183588453084,3,"[[0.0,1.0],[0.75,0.25],[0.75,0.25]]",3.7976355398128527
0.9,2.302585092994046,G08,redundant,0.5,alternating_1212,static_known,20261007,15.190542159251411,4.175755076535925,3.4195160030897807,1.2238652314128318,3,"[[0.0,1.0],[0.75,0.25],[0.75,0.25]]",3.7976355398128527
0.9,2.302585092994046,G08,redundant,0.5,alternating_1212,static_known,20261008,15.190542159251411,4.175755076535925,3.4195160030897807,1.2238652314128318,3,"[[0.0,1.0],[0.75,0.25],[0.75,0.25]]",3.7976355398128527
0.9,2.302585092994046,G08,redundant,0.5,alternating_1212,static_known,20261009,15.190542159251411,4.175755076535925,3.4195160030897807,1.2238652314128318,3,"[[0.0,1.0],[0.75,0.25],[0.75,0.25]]",3.7976355398128527
0.9,2.302585092994046,G08,redundant,0.5,change_1122,develop_known,20261007,21.08436379161094,4.895556340784331,5.92076888062169,1.165329945062182,1,"[[0.0,1.0],[0.99999975,0.99999925],[0.99999999975,0.99925]]",3.7976355398128527
0.9,2.302585092994046,G08,redundant,0.5,change_1122,develop_known,20261008,21.08436379161094,4.895556340784331,5.92076888062169,1.165329945062182,1,"[[0.0,1.0],[0.99999975,0.99999925],[0.99999999975,0.99925]]",3.7976355398128527
0.9,2.302585092994046,G08,redundant,0.5,change_1122,develop_known,20261009,21.08436379161094,4.895556340784331,5.92076888062169,1.165329945062182,1,"[[0.0,1.0],[0.99999975,0.99999925],[0.99999999975,0.99925]]",3.7976355398128527
0.9,2.302585092994046,G08,redundant,0.5,change_1122,discover_develop,20261007,19.477489638827116,4.895556340784331,5.087082728416023,1.1725482633908446,3,"[[0.0,1.0],[0.9999999975,0.999925],[0.999999999975,0.9925]]",3.7976355398128527
0.9,2.302585092994046,G08,redundant,0.5,change_1122,discover_develop,20261008,19.477489638827116,4.895556340784331,5.087082728416023,1.1725482633908446,3,"[[0.0,1.0],[0.9999999975,0.999925],[0.999999999975,0.9925]]",3.7976355398128527
0.9,2.302585092994046,G08,redundant,0.5,change_1122,discover_develop,20261009,19.477489638827116,4.895556340784331,5.087082728416023,1.1725482633908446,3,"[[0.0,1.0],[0.9999999975,0.999925],[0.999999999975,0.9925]]",3.7976355398128527
0.9,2.302585092994046,G08,redundant,0.5,change_1122,discover_only,20261007,14.950940614994987,4.175755076535925,3.3236753853872107,1.0919183588453085,1,"[[0.0,1.0],[0.75,0.25],[0.75,0.25]]",3.7976355398128527
0.9,2.302585092994046,G08,redundant,0.5,change_1122,discover_only,20261008,15.094701541548844,4.175755076535925,3.3715956942384953,1.0919183588453085,3,"[[0.0,1.0],[0.75,0.25],[0.75,0.25]]",3.7976355398128527
0.9,2.302585092994046,G08,redundant,0.5,change_1122,discover_only,20261009,15.094701541548844,4.175755076535925,3.3715956942384953,1.0919183588453085,3,"[[0.0,1.0],[0.75,0.25],[0.75,0.25]]",3.7976355398128527
0.9,2.302585092994046,G08,redundant,0.5,change_1122,static_known,20261007,15.190542159251414,4.175755076535925,3.4195160030897807,1.1398386676965935,1,"[[0.0,1.0],[0.75,0.25],[0.75,0.25]]",3.7976355398128527
0.9,2.302585092994046,G08,redundant,0.5,change_1122,static_known,20261008,15.190542159251414,4.175755076535925,3.4195160030897807,1.1398386676965935,1,"[[0.0,1.0],[0.75,0.25],[0.75,0.25]]",3.7976355398128527
0.9,2.302585092994046,G08,redundant,0.5,change_1122,static_known,20261009,15.190542159251414,4.175755076535925,3.4195160030897807,1.1398386676965935,1,"[[0.0,1.0],[0.75,0.25],[0.75,0.25]]",3.7976355398128527
0.9,2.302585092994046,G08,redundant,0.5,persistent_theta1,develop_known,20261007,20.848072987355913,4.895556340784331,5.31764501946018,,0,"[[0.0,1.0],[0.99999999999975,0.25],[0.99999999999975,0.25]]",3.7976355398128527
0.9,2.302585092994046,G08,redundant,0.5,persistent_theta1,develop_known,20261008,20.848072987355913,4.895556340784331,5.31764501946018,,0,"[[0.0,1.0],[0.99999999999975,0.25],[0.99999999999975,0.25]]",3.7976355398128527
0.9,2.302585092994046,G08,redundant,0.5,persistent_theta1,develop_known,20261009,20.848072987355913,4.895556340784331,5.31764501946018,,0,"[[0.0,1.0],[0.99999999999975,0.25],[0.99999999999975,0.25]]",3.7976355398128527
0.9,2.302585092994046,G08,redundant,0.5,persistent_theta1,discover_develop,20261007,20.848072987355913,4.895556340784331,5.31764501946018,,0,"[[0.0,1.0],[0.99999999999975,0.25],[0.99999999999975,0.25]]",3.7976355398128527
0.9,2.302585092994046,G08,redundant,0.5,persistent_theta1,discover_develop,20261008,20.848072987355913,4.895556340784331,5.31764501946018,,0,"[[0.0,1.0],[0.99999999999975,0.25],[0.99999999999975,0.25]]",3.7976355398128527
0.9,2.302585092994046,G08,redundant,0.5,persistent_theta1,discover_develop,20261009,20.848072987355913,4.895556340784331,5.31764501946018,,0,"[[0.0,1.0],[0.99999999999975,0.25],[0.99999999999975,0.25]]",3.7976355398128527
0.9,2.302585092994046,G08,redundant,0.5,persistent_theta1,discover_only,20261007,16.703020306143696,4.175755076535925,4.175755076535925,,0,"[[0.0,1.0],[0.75,0.25],[0.75,0.25]]",3.7976355398128527
0.9,2.302585092994046,G08,redundant,0.5,persistent_theta1,discover_only,20261008,16.703020306143696,4.175755076535925,4.175755076535925,,0,"[[0.0,1.0],[0.75,0.25],[0.75,0.25]]",3.7976355398128527
0.9,2.302585092994046,G08,redundant,0.5,persistent_theta1,discover_only,20261009,16.703020306143696,4.175755076535925,4.175755076535925,,0,"[[0.0,1.0],[0.75,0.25],[0.75,0.25]]",3.7976355398128527
0.9,2.302585092994046,G08,redundant,0.5,persistent_theta1,static_known,20261007,16.703020306143696,4.175755076535925,4.175755076535925,,0,"[[0.0,1.0],[0.75,0.25],[0.75,0.25]]",3.7976355398128527
0.9,2.302585092994046,G08,redundant,0.5,persistent_theta1,static_known,20261008,16.703020306143696,4.175755076535925,4.175755076535925,,0,"[[0.0,1.0],[0.75,0.25],[0.75,0.25]]",3.7976355398128527
0.9,2.302585092994046,G08,redundant,0.5,persistent_theta1,static_known,20261009,16.703020306143696,4.175755076535925,4.175755076535925,,0,"[[0.0,1.0],[0.75,0.25],[0.75,0.25]]",3.7976355398128527
0.9,2.302585092994046,G08,redundant,0.5,persistent_theta2,develop_known,20261007,22.674565159072138,4.889860034731228,5.933298451711119,,0,"[[0.0,1.0],[0.75,0.99999999999925],[0.99999975,0.99999925]]",3.7976355398128527
0.9,2.302585092994046,G08,redundant,0.5,persistent_theta2,develop_known,20261008,22.674565159072138,4.889860034731228,5.933298451711119,,0,"[[0.0,1.0],[0.75,0.99999999999925],[0.99999975,0.99999925]]",3.7976355398128527
0.9,2.302585092994046,G08,redundant,0.5,persistent_theta2,develop_known,20261009,22.674565159072138,4.889860034731228,5.933298451711119,,0,"[[0.0,1.0],[0.75,0.99999999999925],[0.99999975,0.99999925]]",3.7976355398128527
0.9,2.302585092994046,G08,redundant,0.5,persistent_theta2,discover_develop,20261007,21.229930810823834,4.091636862789113,5.727738799543239,,7,"[[0.0,1.0],[0.975,0.9999999999925],[0.9999999975,0.999925]]",3.7976355398128527
0.9,2.302585092994046,G08,redundant,0.5,persistent_theta2,discover_develop,20261008,21.229930810823834,4.091636862789113,5.727738799543239,,7,"[[0.0,1.0],[0.975,0.9999999999925],[0.9999999975,0.999925]]",3.7976355398128527
0.9,2.302585092994046,G08,redundant,0.5,persistent_theta2,discover_develop,20261009,21.229930810823834,4.091636862789113,5.727738799543239,,7,"[[0.0,1.0],[0.975,0.9999999999925],[0.9999999975,0.999925]]",3.7976355398128527
0.9,2.302585092994046,G08,redundant,0.5,persistent_theta2,discover_only,20261007,13.342621850400128,3.3715956942384953,3.3236753853872107,,5,"[[0.0,1.0],[0.75,0.25],[0.75,0.25]]",3.7976355398128527
0.9,2.302585092994046,G08,redundant,0.5,persistent_theta2,discover_only,20261008,13.486382776953985,3.3715956942384953,3.3715956942384953,,7,"[[0.0,1.0],[0.75,0.25],[0.75,0.25]]",3.7976355398128527
0.9,2.302585092994046,G08,redundant,0.5,persistent_theta2,discover_only,20261009,13.486382776953985,3.3715956942384953,3.3715956942384953,,7,"[[0.0,1.0],[0.75,0.25],[0.75,0.25]]",3.7976355398128527
0.9,2.302585092994046,G08,redundant,0.5,persistent_theta2,static_known,20261007,13.678064012359124,3.4195160030897807,3.4195160030897807,,0,"[[0.0,1.0],[0.75,0.25],[0.75,0.25]]",3.7976355398128527
0.9,2.302585092994046,G08,redundant,0.5,persistent_theta2,static_known,20261008,13.678064012359124,3.4195160030897807,3.4195160030897807,,0,"[[0.0,1.0],[0.75,0.25],[0.75,0.25]]",3.7976355398128527
0.9,2.302585092994046,G08,redundant,0.5,persistent_theta2,static_known,20261009,13.678064012359124,3.4195160030897807,3.4195160030897807,,0,"[[0.0,1.0],[0.75,0.25],[0.75,0.25]]",3.7976355398128527
0.9,2.302585092994046,G08,redundant,0.5,recurrent_1221,develop_known,20261007,21.084512153466463,4.895556340784331,5.317435814446893,1.4688258407127714,2,"[[0.0,1.0],[0.99999975,0.99999925],[0.99999999975,0.99925]]",3.7976355398128527
0.9,2.302585092994046,G08,redundant,0.5,recurrent_1221,develop_known,20261008,21.084512153466463,4.895556340784331,5.317435814446893,1.4688258407127714,2,"[[0.0,1.0],[0.99999975,0.99999925],[0.99999999975,0.99925]]",3.7976355398128527
0.9,2.302585092994046,G08,redundant,0.5,recurrent_1221,develop_known,20261009,21.084512153466463,4.895556340784331,5.317435814446893,1.4688258407127714,2,"[[0.0,1.0],[0.99999975,0.99999925],[0.99999999975,0.99925]]",3.7976355398128527
0.9,2.302585092994046,G08,redundant,0.5,recurrent_1221,discover_develop,20261007,19.47781942732189,4.895556340784331,5.317642909023115,1.47250910308454,4,"[[0.0,1.0],[0.9999999975,0.999925],[0.999999999975,0.9925]]",3.7976355398128527
0.9,2.302585092994046,G08,redundant,0.5,recurrent_1221,discover_develop,20261008,19.47781942732189,4.895556340784331,5.317642909023115,1.47250910308454,4,"[[0.0,1.0],[0.9999999975,0.999925],[0.999999999975,0.9925]]",3.7976355398128527
0.9,2.302585092994046,G08,redundant,0.5,recurrent_1221,discover_develop,20261009,19.47781942732189,4.895556340784331,5.317642909023115,1.47250910308454,4,"[[0.0,1.0],[0.9999999975,0.999925],[0.999999999975,0.9925]]",3.7976355398128527
0.9,2.302585092994046,G08,redundant,0.5,recurrent_1221,discover_only,20261007,14.99886092384627,4.175755076535925,4.175755076535925,1.2419183588453084,2,"[[0.0,1.0],[0.75,0.25],[0.75,0.25]]",3.7976355398128527
0.9,2.302585092994046,G08,redundant,0.5,recurrent_1221,discover_only,20261008,15.09470154154884,4.175755076535925,4.175755076535925,1.2419183588453084,4,"[[0.0,1.0],[0.75,0.25],[0.75,0.25]]",3.7976355398128527
0.9,2.302585092994046,G08,redundant,0.5,recurrent_1221,discover_only,20261009,15.09470154154884,4.175755076535925,4.175755076535925,1.2419183588453084,4,"[[0.0,1.0],[0.75,0.25],[0.75,0.25]]",3.7976355398128527
0.9,2.302585092994046,G08,redundant,0.5,recurrent_1221,static_known,20261007,15.19054215925141,4.175755076535925,4.175755076535925,1.265878513270951,2,"[[0.0,1.0],[0.75,0.25],[0.75,0.25]]",3.7976355398128527
0.9,2.302585092994046,G08,redundant,0.5,recurrent_1221,static_known,20261008,15.19054215925141,4.175755076535925,4.175755076535925,1.265878513270951,2,"[[0.0,1.0],[0.75,0.25],[0.75,0.25]]",3.7976355398128527
0.9,2.302585092994046,G08,redundant,0.5,recurrent_1221,static_known,20261009,15.19054215925141,4.175755076535925,4.175755076535925,1.265878513270951,2,"[[0.0,1.0],[0.75,0.25],[0.75,0.25]]",3.7976355398128527
