seed,sample_id,split
0,1,base
0,5,base
0,6,base
0,7,base
0,8,base
0,10,base
0,12,base
0,15,base
0,17,base
0,20,base
0,21,base
0,22,base
0,26,base
0,27,base
0,29,base
0,33,base
0,34,base
0,35,base
0,37,base
0,44,base
0,45,base
0,46,base
0,49,base
0,51,base
0,52,base
0,54,base
0,55,base
0,56,base
0,59,base
0,60,base
0,63,base
0,64,base
0,65,base
0,66,base
0,68,base
0,73,base
0,74,base
0,76,base
0,78,base
0,81,base
0,85,base
0,89,base
0,90,base
0,92,base
0,93,base
0,97,base
0,100,base
0,101,base
0,102,base
0,103,base
0,106,base
0,108,base
0,113,base
0,114,base
0,116,base
0,120,base
0,122,base
0,124,base
0,126,base
0,129,base
0,132,base
0,133,base
0,134,base
0,135,base
0,136,base
0,137,base
0,138,base
0,140,base
0,141,base
0,142,base
0,144,base
0,145,base
0,146,base
0,150,base
0,153,base
0,155,base
0,156,base
0,158,base
0,159,base
0,162,base
0,164,base
0,167,base
0,168,base
0,170,base
0,171,base
0,173,base
0,175,base
0,176,base
0,179,base
0,181,base
0,186,base
0,190,base
0,191,base
0,196,base
0,198,base
0,199,base
0,200,base
0,204,base
0,206,base
0,210,base
0,212,base
0,213,base
0,214,base
0,215,base
0,216,base
0,217,base
0,219,base
0,221,base
0,224,base
0,225,base
0,228,base
0,229,base
0,230,base
0,231,base
0,233,base
0,234,base
0,235,base
0,236,base
0,237,base
0,238,base
0,241,base
0,245,base
0,246,base
0,247,base
0,248,base
0,249,base
0,250,base
0,252,base
0,255,base
0,260,base
0,261,base
0,264,base
0,266,base
0,268,base
0,270,base
0,271,base
0,272,base
0,274,base
0,275,base
0,276,base
0,278,base
0,280,base
0,281,base
0,283,base
0,284,base
0,287,base
0,293,base
0,294,base
0,295,base
0,296,base
0,297,base
0,300,base
0,302,base
0,303,base
0,304,base
0,305,base
0,306,base
0,307,base
0,309,base
0,310,base
0,311,base
0,313,base
0,316,base
0,317,base
0,320,base
0,321,base
0,322,base
0,327,base
0,328,base
0,329,base
0,331,base
0,339,base
0,340,base
0,343,base
0,344,base
0,353,base
0,355,base
0,356,base
0,357,base
0,360,base
0,362,base
0,366,base
0,368,base
0,370,base
0,371,base
0,373,base
0,374,base
0,375,base
0,378,base
0,380,base
0,381,base
0,384,base
0,385,base
0,387,base
0,389,base
0,390,base
0,391,base
0,392,base
0,393,base
0,394,base
0,395,base
0,396,base
0,398,base
0,400,base
0,401,base
0,402,base
0,404,base
0,406,base
0,410,base
0,412,base
0,413,base
0,414,base
0,416,base
0,419,base
0,420,base
0,423,base
0,424,base
0,426,base
0,427,base
0,429,base
0,430,base
0,431,base
0,434,base
0,439,base
0,440,base
0,441,base
0,443,base
0,445,base
0,449,base
0,452,base
0,454,base
0,456,base
0,457,base
0,458,base
0,459,base
0,460,base
0,461,base
0,464,base
0,467,base
0,469,base
0,471,base
0,474,base
0,477,base
0,482,base
0,485,base
0,489,base
0,495,base
0,497,base
0,501,base
0,503,base
0,506,base
0,509,base
0,511,base
0,518,base
0,520,base
0,521,base
0,522,base
0,524,base
0,525,base
0,526,base
0,529,base
0,535,base
0,536,base
0,537,base
0,539,base
0,544,base
0,546,base
0,549,base
0,552,base
0,553,base
0,555,base
0,556,base
0,557,base
0,559,base
0,560,base
0,562,base
0,563,base
0,565,base
0,566,base
0,570,base
0,571,base
0,573,base
0,574,base
0,576,base
0,578,base
0,579,base
0,580,base
0,581,base
0,582,base
0,585,base
0,586,base
0,591,base
0,592,base
0,593,base
0,594,base
0,596,base
0,598,base
0,599,base
0,600,base
0,603,base
0,604,base
0,607,base
0,608,base
0,610,base
0,613,base
0,617,base
0,620,base
0,621,base
0,622,base
0,624,base
0,625,base
0,626,base
0,627,base
0,630,base
0,631,base
0,632,base
0,633,base
0,638,base
0,639,base
0,641,base
0,642,base
0,645,base
0,648,base
0,650,base
0,651,base
0,653,base
0,655,base
0,656,base
0,657,base
0,658,base
0,659,base
0,660,base
0,661,base
0,663,base
0,664,base
0,665,base
0,666,base
0,668,base
0,669,base
0,670,base
0,671,base
0,674,base
0,675,base
0,678,base
0,687,base
0,689,base
0,690,base
0,691,base
0,692,base
0,693,base
0,694,base
0,695,base
0,697,base
0,700,base
0,701,base
0,703,base
0,704,base
0,711,base
0,712,base
0,714,base
0,715,base
0,716,base
0,717,base
0,720,base
0,725,base
0,727,base
0,728,base
0,729,base
0,730,base
0,731,base
0,732,base
0,735,base
0,737,base
0,740,base
0,741,base
0,745,base
0,746,base
0,747,base
0,755,base
0,763,base
0,764,base
0,766,base
0,770,base
0,771,base
0,773,base
0,775,base
0,776,base
0,777,base
0,778,base
0,779,base
0,782,base
0,783,base
0,784,base
0,789,base
0,792,base
0,793,base
0,795,base
0,797,base
0,798,base
0,803,base
0,804,base
0,807,base
0,809,base
0,811,base
0,815,base
0,818,base
0,821,base
0,822,base
0,824,base
0,825,base
0,826,base
0,827,base
0,830,base
0,831,base
0,832,base
0,833,base
0,834,base
0,837,base
0,838,base
0,839,base
0,840,base
0,841,base
0,843,base
0,845,base
0,846,base
0,849,base
0,853,base
0,855,base
0,857,base
0,858,base
0,859,base
0,860,base
0,863,base
0,864,base
0,865,base
0,866,base
0,870,base
0,877,base
0,878,base
0,881,base
0,882,base
0,885,base
0,886,base
0,888,base
0,889,base
0,890,base
0,891,base
0,892,base
0,893,base
0,899,base
0,903,base
0,904,base
0,905,base
0,906,base
0,907,base
0,914,base
0,915,base
0,916,base
0,917,base
0,918,base
0,919,base
0,920,base
0,923,base
0,931,base
0,932,base
0,933,base
0,936,base
0,937,base
0,938,base
0,939,base
0,941,base
0,942,base
0,945,base
0,946,base
0,947,base
0,949,base
0,950,base
0,951,base
0,952,base
0,953,base
0,955,base
0,958,base
0,959,base
0,960,base
0,961,base
0,962,base
0,963,base
0,965,base
0,966,base
0,967,base
0,968,base
0,969,base
0,972,base
0,973,base
0,975,base
0,977,base
0,979,base
0,980,base
0,981,base
0,982,base
0,983,base
0,984,base
0,985,base
0,988,base
0,989,base
0,991,base
0,993,base
0,994,base
0,995,base
0,998,base
0,999,base
0,1004,base
0,1006,base
0,1010,base
0,1011,base
0,1015,base
0,1018,base
0,1024,base
0,1025,base
0,1026,base
0,1027,base
0,1028,base
0,1029,base
0,1042,base
0,1043,base
0,1045,base
0,1046,base
0,1048,base
0,1054,base
0,1057,base
0,1058,base
0,1059,base
0,1061,base
0,1063,base
0,1066,base
0,1068,base
0,1071,base
0,1072,base
0,1074,base
0,1075,base
0,1076,base
0,1079,base
0,1080,base
0,1087,base
0,1091,base
0,1092,base
0,1093,base
0,1094,base
0,1095,base
0,1097,base
0,1100,base
0,1101,base
0,1104,base
0,1105,base
0,1108,base
0,1109,base
0,1112,base
0,1114,base
0,1116,base
0,1117,base
0,1118,base
0,1119,base
0,1121,base
0,1122,base
0,1125,base
0,1126,base
0,1127,base
0,1128,base
0,1129,base
0,1131,base
0,1133,base
0,1134,base
0,1136,base
0,1138,base
0,1141,base
0,1142,base
0,1145,base
0,1146,base
0,1148,base
0,1149,base
0,1152,base
0,1155,base
0,1156,base
0,1157,base
0,1158,base
0,1161,base
0,1165,base
0,1166,base
0,1168,base
0,1169,base
0,1170,base
0,1172,base
0,1173,base
0,1174,base
0,1175,base
0,1186,base
0,1188,base
0,1190,base
0,1191,base
0,1192,base
0,1194,base
0,1199,base
0,1200,base
0,1201,base
0,1207,base
0,1209,base
0,1211,base
0,1213,base
0,1215,base
0,1216,base
0,1217,base
0,1219,base
0,1223,base
0,1224,base
0,1225,base
0,1227,base
0,1231,base
0,1232,base
0,1233,base
0,1236,base
0,1239,base
0,1240,base
0,1242,base
0,1243,base
0,1244,base
0,1250,base
0,1251,base
0,1255,base
0,1256,base
0,1259,base
0,1260,base
0,1262,base
0,1266,base
0,1267,base
0,1268,base
0,1270,base
0,1274,base
0,1277,base
0,1279,base
0,1280,base
0,1282,base
0,1283,base
0,1284,base
0,1287,base
0,1288,base
0,1289,base
0,1290,base
0,1291,base
0,1294,base
0,1295,base
0,1296,base
0,1298,base
0,1300,base
0,1304,base
0,1307,base
0,1310,base
0,1311,base
0,1313,base
0,1315,base
0,1316,base
0,1317,base
0,1318,base
0,1319,base
0,1322,base
0,1324,base
0,1327,base
0,1329,base
0,1330,base
0,1334,base
0,1335,base
0,1338,base
0,1339,base
0,1340,base
0,1341,base
0,1342,base
0,1343,base
0,1344,base
0,1345,base
0,1346,base
0,1348,base
0,1350,base
0,1351,base
0,1353,base
0,1354,base
0,1357,base
0,1358,base
0,1361,base
0,1362,base
0,1370,base
0,1371,base
0,1374,base
0,1376,base
0,1377,base
0,1378,base
0,1379,base
0,1382,base
0,1383,base
0,1386,base
0,1393,base
0,1394,base
0,1395,base
0,1396,base
0,1397,base
0,1401,base
0,1405,base
0,1407,base
0,1409,base
0,1414,base
0,1417,base
0,1419,base
0,1421,base
0,1428,base
0,1430,base
0,1431,base
0,1432,base
0,1435,base
0,1436,base
0,1438,base
0,1440,base
0,1442,base
0,1443,base
0,1444,base
0,1445,base
0,1449,base
0,1450,base
0,1453,base
0,1454,base
0,1455,base
0,1456,base
0,1458,base
0,1460,base
0,1461,base
0,1463,base
0,1465,base
0,1466,base
0,1468,base
0,1469,base
0,1470,base
0,1471,base
0,1472,base
0,1473,base
0,1477,base
0,1479,base
0,1480,base
0,1483,base
0,1484,base
0,1487,base
0,1491,base
0,1492,base
0,1493,base
0,1494,base
0,1495,base
0,1496,base
0,1498,base
0,1502,base
0,1504,base
0,1505,base
0,1506,base
0,1508,base
0,1510,base
0,1521,base
0,1523,base
0,1524,base
0,1525,base
0,1526,base
0,1527,base
0,1531,base
0,1532,base
0,1533,base
0,1534,base
0,1537,base
0,1539,base
0,1540,base
0,1541,base
0,1542,base
0,1544,base
0,1545,base
0,1547,base
0,1549,base
0,1550,base
0,1552,base
0,1554,base
0,1555,base
0,1558,base
0,1561,base
0,1565,base
0,1566,base
0,1568,base
0,1569,base
0,1573,base
0,1574,base
0,1576,base
0,1578,base
0,1580,base
0,1581,base
0,1586,base
0,1587,base
0,1588,base
0,1591,base
0,1594,base
0,1601,base
0,1607,base
0,1608,base
0,1612,base
0,1615,base
0,1616,base
0,1617,base
0,1618,base
0,1619,base
0,1622,base
0,1623,base
0,1626,base
0,1627,base
0,1629,base
0,1631,base
0,1632,base
0,1636,base
0,1637,base
0,1639,base
0,1640,base
0,1643,base
0,1644,base
0,1646,base
0,1647,base
0,1652,base
0,1653,base
0,1655,base
0,1656,base
0,1658,base
0,1663,base
0,1666,base
0,1668,base
0,1669,base
0,1675,base
0,1676,base
0,1677,base
0,1678,base
0,1679,base
0,1683,base
0,1685,base
0,1686,base
0,1689,base
0,1696,base
0,1697,base
0,1699,base
0,1703,base
0,1704,base
0,1706,base
0,1708,base
0,1711,base
0,1712,base
0,1714,base
0,1718,base
0,1722,base
0,1725,base
0,1726,base
0,1727,base
0,1731,base
0,1733,base
0,1734,base
0,1735,base
0,1736,base
0,1737,base
0,1742,base
0,1744,base
0,1747,base
0,1748,base
0,1752,base
0,1754,base
0,1755,base
0,1756,base
0,1757,base
0,1758,base
0,1759,base
0,1760,base
0,1761,base
0,1762,base
0,1763,base
0,1765,base
0,1769,base
0,1772,base
0,1778,base
0,1782,base
0,1787,base
0,1789,base
0,1790,base
0,1791,base
0,1793,base
0,1795,base
0,1798,base
0,1799,base
0,1800,base
0,1803,base
0,1804,base
0,1806,base
0,1810,base
0,1811,base
0,1812,base
0,1814,base
0,1815,base
0,1817,base
0,1819,base
0,1820,base
0,1821,base
0,1823,base
0,1827,base
0,1828,base
0,1829,base
0,1830,base
0,1832,base
0,1835,base
0,1836,base
0,1837,base
0,1838,base
0,1839,base
0,1841,base
0,1843,base
0,1844,base
0,1845,base
0,1846,base
0,1847,base
0,1848,base
0,1850,base
0,1851,base
0,1852,base
0,1853,base
0,1855,base
0,1856,base
0,1858,base
0,1861,base
0,1863,base
0,1865,base
0,1867,base
0,1870,base
0,1872,base
0,1873,base
0,1874,base
0,1875,base
0,1876,base
0,1878,base
0,1880,base
0,1881,base
0,1882,base
0,1883,base
0,1886,base
0,1888,base
0,1889,base
0,1890,base
0,1895,base
0,1897,base
0,1898,base
0,1899,base
0,1900,base
0,1901,base
0,1902,base
0,1907,base
0,1908,base
0,1909,base
0,1912,base
0,1915,base
0,1919,base
0,1921,base
0,1923,base
0,1924,base
0,1925,base
0,1928,base
0,1930,base
0,1932,base
0,1933,base
0,1935,base
0,1937,base
0,1938,base
0,1939,base
0,1941,base
0,1946,base
0,1949,base
0,1951,base
0,1959,base
0,1960,base
0,1961,base
0,1962,base
0,1963,base
0,1965,base
0,1969,base
0,1970,base
0,1973,base
0,1975,base
0,1978,base
0,1981,base
0,1982,base
0,1984,base
0,1986,base
0,1987,base
0,1989,base
0,1992,base
0,1993,base
0,1996,base
0,1997,base
0,1998,base
0,2001,base
0,2004,base
0,2006,base
0,2007,base
0,2009,base
0,2010,base
0,2011,base
0,2014,base
0,2015,base
0,2018,base
0,2020,base
0,2023,base
0,2025,base
0,2026,base
0,2027,base
0,2029,base
0,2032,base
0,2034,base
0,2036,base
0,2037,base
0,2039,base
0,2041,base
0,2043,base
0,2044,base
0,2046,base
0,2048,base
0,2052,base
0,2055,base
0,2056,base
0,2057,base
0,2058,base
0,2060,base
0,2062,base
0,2063,base
0,2067,base
0,2069,base
0,2070,base
0,2071,base
0,2072,base
0,2073,base
0,2076,base
0,2078,base
0,2081,base
0,2082,base
0,2083,base
0,2087,base
0,2089,base
0,2090,base
0,2092,base
0,2094,base
0,2095,base
0,2099,base
0,2101,base
0,2102,base
0,2105,base
0,2108,base
0,2109,base
0,2112,base
0,2114,base
0,2117,base
0,2118,base
0,2119,base
0,2122,base
0,2125,base
0,2128,base
0,2129,base
0,2130,base
0,2131,base
0,2132,base
0,2133,base
0,2134,base
0,2135,base
0,2136,base
0,2142,base
0,2144,base
0,2146,base
0,2147,base
0,2149,base
0,2151,base
0,2152,base
0,2153,base
0,2154,base
0,2156,base
0,2157,base
0,2158,base
0,2161,base
0,2163,base
0,2164,base
0,2166,base
0,2169,base
0,2172,base
0,2175,base
0,2177,base
0,2178,base
0,2180,base
0,2182,base
0,2184,base
0,2186,base
0,2187,base
0,2188,base
0,2189,base
0,2190,base
0,2192,base
0,2194,base
0,2196,base
0,2200,base
0,2201,base
0,2202,base
0,2204,base
0,2207,base
0,2208,base
0,2209,base
0,2210,base
0,2211,base
0,2212,base
0,2213,base
0,2214,base
0,2215,base
0,2216,base
0,2218,base
0,2220,base
0,2221,base
0,2222,base
0,2227,base
0,2228,base
0,2230,base
0,2235,base
0,2238,base
0,2240,base
0,2248,base
0,2250,base
0,2252,base
0,2255,base
0,2256,base
0,2257,base
0,2258,base
0,2261,base
0,2266,base
0,2267,base
0,2272,base
0,2274,base
0,2275,base
0,2276,base
0,2278,base
0,2280,base
0,2281,base
0,2282,base
0,2284,base
0,2289,base
0,2290,base
0,2291,base
0,2292,base
0,2293,base
0,2295,base
0,2296,base
0,2299,base
0,2300,base
0,2301,base
0,2302,base
0,2303,base
0,2304,base
0,2306,base
0,2307,base
0,2309,base
0,2311,base
0,2313,base
0,2314,base
0,2316,base
0,2317,base
0,2319,base
0,2320,base
0,2322,base
0,2323,base
0,2324,base
0,2325,base
0,2326,base
0,2327,base
0,2328,base
0,2329,base
0,2330,base
0,2332,base
0,2335,base
0,2337,base
0,2338,base
0,2340,base
0,2342,base
0,2343,base
0,2345,base
0,2347,base
0,2348,base
0,2354,base
0,2355,base
0,2362,base
0,2366,base
0,2367,base
0,2368,base
0,2373,base
0,2374,base
0,2378,base
0,2381,base
0,2382,base
0,2387,base
0,2393,base
0,2394,base
0,2396,base
0,2401,base
0,2404,base
0,2405,base
0,2408,base
0,2412,base
0,2418,base
0,2419,base
0,2420,base
0,2423,base
0,2424,base
0,2430,base
0,2432,base
0,2434,base
0,2435,base
0,2439,base
0,2441,base
0,2442,base
0,2444,base
0,2445,base
0,2447,base
0,2452,base
0,2455,base
0,2456,base
0,2457,base
0,2458,base
0,2460,base
0,2461,base
0,2463,base
0,2465,base
0,2466,base
0,2467,base
0,2468,base
0,2469,base
0,2470,base
0,2472,base
0,2473,base
0,2475,base
0,2476,base
0,2477,base
0,2478,base
0,2482,base
0,2484,base
0,2485,base
0,2487,base
0,2490,base
0,2492,base
0,2493,base
0,2494,base
0,2495,base
0,2496,base
0,2497,base
0,2498,base
0,2503,base
0,2505,base
0,2506,base
0,2507,base
0,2509,base
0,2510,base
0,2516,base
0,2521,base
0,2524,base
0,2526,base
0,2529,base
0,2530,base
0,2533,base
0,2535,base
0,2537,base
0,2539,base
0,2541,base
0,2542,base
0,2547,base
0,2548,base
0,2549,base
0,2552,base
0,2553,base
0,2554,base
0,2555,base
0,2557,base
0,2559,base
0,2561,base
0,2563,base
0,2565,base
0,2566,base
0,2568,base
0,2571,base
0,2576,base
0,2579,base
0,2581,base
0,2583,base
0,2585,base
0,2586,base
0,2588,base
0,2589,base
0,2590,base
0,2593,base
0,2596,base
0,2599,base
0,2601,base
0,2603,base
0,2604,base
0,2608,base
0,2614,base
0,2616,base
0,2617,base
0,2618,base
0,2619,base
0,2620,base
0,2621,base
0,2622,base
0,2624,base
0,2626,base
0,2627,base
0,2628,base
0,2629,base
0,2630,base
0,2631,base
0,2632,base
0,2633,base
0,2634,base
0,2635,base
0,2639,base
0,2641,base
0,2646,base
0,2649,base
0,2651,base
0,2653,base
0,2654,base
0,2655,base
0,2656,base
0,2657,base
0,2658,base
0,2659,base
0,2660,base
0,2661,base
0,2662,base
0,2664,base
0,2667,base
0,2673,base
0,2676,base
0,2680,base
0,2682,base
0,2684,base
0,2685,base
0,2686,base
0,2688,base
0,2689,base
0,2690,base
0,2693,base
0,2694,base
0,2696,base
0,2698,base
0,2700,base
0,2701,base
0,2705,base
0,2709,base
0,2710,base
0,2713,base
0,2715,base
0,2717,base
0,2721,base
0,2722,base
0,2723,base
0,2726,base
0,2727,base
0,2728,base
0,2729,base
0,2732,base
0,2733,base
0,2734,base
0,2735,base
0,2738,base
0,2739,base
0,2741,base
0,2742,base
0,2743,base
0,2746,base
0,2748,base
0,2757,base
0,2758,base
0,2765,base
0,2766,base
0,2767,base
0,2769,base
0,2770,base
0,2773,base
0,2775,base
0,2776,base
0,2777,base
0,2778,base
0,2779,base
0,2780,base
0,2781,base
0,2783,base
0,2786,base
0,2790,base
0,2791,base
0,2792,base
0,2793,base
0,2803,base
0,2806,base
0,2807,base
0,2808,base
0,2810,base
0,2812,base
0,2814,base
0,2815,base
0,2816,base
0,2818,base
0,2819,base
0,2821,base
0,2823,base
0,2825,base
0,2827,base
0,2830,base
0,2832,base
0,2835,base
0,2836,base
0,2839,base
0,2840,base
0,2841,base
0,2843,base
0,2845,base
0,2853,base
0,2854,base
0,2856,base
0,2857,base
0,2858,base
0,2859,base
0,2860,base
0,2863,base
0,2864,base
0,2868,base
0,2871,base
0,2876,base
0,2878,base
0,2879,base
0,2883,base
0,2886,base
0,2887,base
0,2890,base
0,2891,base
0,2893,base
0,2899,base
0,2901,base
0,2903,base
0,2904,base
0,2905,base
0,2908,base
0,2909,base
0,2910,base
0,2912,base
0,2913,base
0,2915,base
0,2916,base
0,2921,base
0,2922,base
0,2923,base
0,2924,base
0,2925,base
0,2926,base
0,2927,base
0,2928,base
0,2931,base
0,2932,base
0,2933,base
0,2935,base
0,2936,base
0,2939,base
0,2940,base
0,2946,base
0,2947,base
0,2948,base
0,2949,base
0,2951,base
0,2953,base
0,2954,base
0,2955,base
0,2957,base
0,2959,base
0,2961,base
0,2965,base
0,2967,base
0,2970,base
0,2972,base
0,2975,base
0,2978,base
0,2980,base
0,2981,base
0,2982,base
0,2984,base
0,2985,base
0,2986,base
0,2987,base
0,2988,base
0,2990,base
0,2991,base
0,2992,base
0,2993,base
0,2997,base
0,2998,base
0,2999,base
0,3000,base
0,3001,base
0,3002,base
0,3003,base
0,3006,base
0,3008,base
0,3012,base
0,3013,base
0,3016,base
0,3017,base
0,3018,base
0,3019,base
0,3022,base
0,3024,base
0,3026,base
0,3030,base
0,3031,base
0,3033,base
0,3036,base
0,3037,base
0,3038,base
0,3039,base
0,3040,base
0,3041,base
0,3042,base
0,3046,base
0,3048,base
0,3049,base
0,3051,base
0,3055,base
0,3059,base
0,3061,base
0,3062,base
0,3064,base
0,3066,base
0,3067,base
0,3072,base
0,3077,base
0,3078,base
0,3079,base
0,3080,base
0,3085,base
0,3087,base
0,3088,base
0,3090,base
0,3091,base
0,3094,base
0,3095,base
0,3097,base
0,3101,base
0,3104,base
0,3105,base
0,3107,base
0,3108,base
0,3113,base
0,3114,base
0,3116,base
0,3117,base
0,3118,base
0,3120,base
0,3122,base
0,3128,base
0,3129,base
0,3130,base
0,3133,base
0,3135,base
0,3138,base
0,3141,base
0,3143,base
0,3144,base
0,3150,base
0,3152,base
0,3155,base
0,3157,base
0,3159,base
0,3163,base
0,3164,base
0,3165,base
0,3172,base
0,3173,base
0,3174,base
0,3175,base
0,3177,base
0,3179,base
0,3181,base
0,3184,base
0,3185,base
0,3188,base
0,3189,base
0,3190,base
0,3191,base
0,3192,base
0,3193,base
0,3197,base
0,3199,base
0,3201,base
0,3202,base
0,3206,base
0,3207,base
0,3208,base
0,3209,base
0,3210,base
0,3214,base
0,3217,base
0,3218,base
0,3220,base
0,3222,base
0,3225,base
0,3228,base
0,3233,base
0,3234,base
0,3237,base
0,3238,base
0,3239,base
0,3240,base
0,3241,base
0,3243,base
0,3245,base
0,3247,base
0,3248,base
0,3249,base
0,3251,base
0,3252,base
0,3253,base
0,3259,base
0,3261,base
0,3262,base
0,3265,base
0,3267,base
0,3269,base
0,3273,base
0,3275,base
0,3277,base
0,3279,base
0,3280,base
0,3282,base
0,3283,base
0,3285,base
0,3286,base
0,3287,base
0,3288,base
0,3289,base
0,3291,base
0,3294,base
0,3295,base
0,3297,base
0,3298,base
0,3302,base
0,3304,base
0,3309,base
0,3311,base
0,3312,base
0,3314,base
0,3318,base
0,3319,base
0,3322,base
0,3323,base
0,3326,base
0,3329,base
0,3332,base
0,3334,base
0,3335,base
0,3336,base
0,3337,base
0,3339,base
0,3340,base
0,3341,base
0,3347,base
0,3348,base
0,3349,base
0,3350,base
0,3352,base
0,3353,base
0,3355,base
0,3360,base
0,3364,base
0,3365,base
0,3366,base
0,3367,base
0,3370,base
0,3373,base
0,3374,base
0,3376,base
0,3382,base
0,3383,base
0,3384,base
0,3385,base
0,3387,base
0,3388,base
0,3389,base
0,3390,base
0,3393,base
0,3395,base
0,3398,base
0,3399,base
0,3401,base
0,3402,base
0,3403,base
0,3404,base
0,3408,base
0,3410,base
0,3411,base
0,3414,base
0,3416,base
0,3417,base
0,3418,base
0,3419,base
0,3420,base
0,3423,base
0,3425,base
0,3428,base
0,3430,base
0,3437,base
0,3445,base
0,3446,base
0,3447,base
0,3449,base
0,3451,base
0,3455,base
0,3456,base
0,3457,base
0,3458,base
0,3459,base
0,3463,base
0,3465,base
0,3469,base
0,3471,base
0,3472,base
0,3473,base
0,3476,base
0,3479,base
0,3480,base
0,3481,base
0,3482,base
0,3483,base
0,3485,base
0,3487,base
0,3491,base
0,3492,base
0,3494,base
0,3496,base
0,3497,base
0,3500,base
0,3502,base
0,3503,base
0,3506,base
0,3507,base
0,3513,base
0,3514,base
0,3515,base
0,3517,base
0,3518,base
0,3521,base
0,3522,base
0,3525,base
0,3526,base
0,3527,base
0,3530,base
0,3531,base
0,3532,base
0,3538,base
0,3542,base
0,3544,base
0,3545,base
0,3548,base
0,3549,base
0,3552,base
0,3553,base
0,3554,base
0,3555,base
0,3560,base
0,3562,base
0,3563,base
0,3565,base
0,3566,base
0,3569,base
0,3570,base
0,3572,base
0,3574,base
0,3575,base
0,3576,base
0,3578,base
0,3579,base
0,3580,base
0,3581,base
0,3582,base
0,3585,base
0,3586,base
0,3587,base
0,3589,base
0,3591,base
0,3594,base
0,3596,base
0,3597,base
0,3598,base
0,3599,base
0,3600,base
0,3602,base
0,3603,base
0,3605,base
0,3610,base
0,3615,base
0,3618,base
0,3619,base
0,3620,base
0,3621,base
0,3622,base
0,3625,base
0,3627,base
0,3628,base
0,3629,base
0,3633,base
0,3634,base
0,3635,base
0,3637,base
0,3639,base
0,3640,base
0,3642,base
0,3646,base
0,3647,base
0,3650,base
0,3651,base
0,3653,base
0,3654,base
0,3663,base
0,3668,base
0,3669,base
0,3670,base
0,3671,base
0,3672,base
0,3674,base
0,3675,base
0,3676,base
0,3680,base
0,3681,base
0,3684,base
0,3686,base
0,3688,base
0,3690,base
0,3693,base
0,3694,base
0,3695,base
0,3697,base
0,3698,base
0,3699,base
0,3701,base
0,3702,base
0,3703,base
0,3705,base
0,3709,base
0,3710,base
0,3711,base
0,3712,base
0,3713,base
0,3714,base
0,3716,base
0,3717,base
0,3719,base
0,3724,base
0,3725,base
0,3726,base
0,3728,base
0,3730,base
0,3731,base
0,3732,base
0,3734,base
0,3736,base
0,3742,base
0,3744,base
0,3748,base
0,3749,base
0,3757,base
0,3758,base
0,3759,base
0,3760,base
0,3764,base
0,3765,base
0,3770,base
0,3771,base
0,3773,base
0,3775,base
0,3776,base
0,3777,base
0,3778,base
0,3781,base
0,3783,base
0,3786,base
0,3787,base
0,3788,base
0,3789,base
0,3790,base
0,3794,base
0,3796,base
0,3797,base
0,3798,base
0,3801,base
0,3805,base
0,3809,base
0,3812,base
0,3813,base
0,3814,base
0,3815,base
0,3818,base
0,3820,base
0,3821,base
0,3822,base
0,3825,base
0,3826,base
0,3830,base
0,3832,base
0,3833,base
0,3835,base
0,3836,base
0,3837,base
0,3840,base
0,3841,base
0,3842,base
0,3843,base
0,3845,base
0,3846,base
0,3847,base
0,3849,base
0,3852,base
0,3853,base
0,3854,base
0,3855,base
0,3857,base
0,3860,base
0,3862,base
0,3863,base
0,3864,base
0,3868,base
0,3875,base
0,3876,base
0,3877,base
0,3878,base
0,3880,base
0,3882,base
0,3883,base
0,3884,base
0,3885,base
0,3887,base
0,3888,base
0,3890,base
0,3892,base
0,3894,base
0,3895,base
0,3900,base
0,3903,base
0,3909,base
0,3910,base
0,3912,base
0,3913,base
0,3914,base
0,3915,base
0,3918,base
0,3919,base
0,3921,base
0,3924,base
0,3925,base
0,3926,base
0,3928,base
0,3929,base
0,3930,base
0,3942,base
0,3943,base
0,3946,base
0,3948,base
0,3950,base
0,3951,base
0,3953,base
0,3961,base
0,3962,base
0,3964,base
0,3965,base
0,3966,base
0,3969,base
0,3970,base
0,3972,base
0,3973,base
0,3974,base
0,3976,base
0,3977,base
0,3979,base
0,3980,base
0,3981,base
0,3982,base
0,3985,base
0,3987,base
0,3989,base
0,3992,base
0,3993,base
0,3995,base
0,3997,base
0,3998,base
0,4001,base
0,4002,base
0,4003,base
0,4004,base
0,4005,base
0,4006,base
0,4008,base
0,4011,base
0,4014,base
0,4015,base
0,4016,base
0,4018,base
0,4022,base
0,4023,base
0,4026,base
0,4028,base
0,4029,base
0,4031,base
0,4032,base
0,4033,base
0,4035,base
0,4037,base
0,4038,base
0,4040,base
0,4043,base
0,4046,base
0,4050,base
0,4055,base
0,4058,base
0,4059,base
0,4060,base
0,4061,base
0,4062,base
0,4063,base
0,4064,base
0,4065,base
0,4068,base
0,4069,base
0,4071,base
0,4072,base
0,4074,base
0,4077,base
0,4078,base
0,4079,base
0,4082,base
0,4083,base
0,4089,base
0,4092,base
0,4095,base
0,4096,base
0,4097,base
0,4099,base
0,4103,base
0,4104,base
0,4106,base
0,4110,base
0,4111,base
0,4112,base
0,4114,base
0,4117,base
0,4119,base
0,4121,base
0,4122,base
0,4124,base
0,4125,base
0,4126,base
0,4127,base
0,4128,base
0,4129,base
0,4130,base
0,4131,base
0,4132,base
0,4133,base
0,4135,base
0,4137,base
0,4138,base
0,4139,base
0,4141,base
0,4144,base
0,4146,base
0,4148,base
0,4149,base
0,4150,base
0,4151,base
0,4155,base
0,4157,base
0,4159,base
0,4160,base
0,4161,base
0,4162,base
0,4163,base
0,4164,base
0,4169,base
0,4173,base
0,4174,base
0,4177,base
0,4181,base
0,4182,base
0,4184,base
0,4185,base
0,4186,base
0,4195,base
0,4197,base
0,4201,base
0,4205,base
0,4206,base
0,4209,base
0,4210,base
0,4211,base
0,4214,base
0,4216,base
0,4218,base
0,4219,base
0,4220,base
0,4222,base
0,4223,base
0,4224,base
0,4225,base
0,4226,base
0,4231,base
0,4233,base
0,4234,base
0,4236,base
0,4240,base
0,4244,base
0,4246,base
0,4247,base
0,4249,base
0,4252,base
0,4253,base
0,4255,base
0,4256,base
0,4257,base
0,4262,base
0,4263,base
0,4264,base
0,4266,base
0,4268,base
0,4269,base
0,4271,base
0,4273,base
0,4275,base
0,4276,base
0,4277,base
0,4278,base
0,4280,base
0,4281,base
0,4288,base
0,4289,base
0,4293,base
0,4295,base
0,4297,base
0,4298,base
0,4299,base
0,4301,base
0,4306,base
0,4307,base
0,4309,base
0,4310,base
0,4313,base
0,4316,base
0,4319,base
0,4321,base
0,4322,base
0,4324,base
0,4325,base
0,4326,base
0,4327,base
0,4329,base
0,4337,base
0,4341,base
0,4345,base
0,4347,base
0,4350,base
0,4354,base
0,4356,base
0,4358,base
0,4359,base
0,4362,base
0,4364,base
0,4366,base
0,4368,base
0,4371,base
0,4372,base
0,4373,base
0,4374,base
0,4379,base
0,4380,base
0,4381,base
0,4382,base
0,4383,base
0,4384,base
0,4386,base
0,4388,base
0,4391,base
0,4392,base
0,4393,base
0,4399,base
0,4401,base
0,4403,base
0,4404,base
0,4405,base
0,4406,base
0,4407,base
0,4411,base
0,4412,base
0,4417,base
0,4419,base
0,4420,base
0,4421,base
0,4422,base
0,4423,base
0,4424,base
0,4427,base
0,4434,base
0,4436,base
0,4439,base
0,4443,base
0,4444,base
0,4445,base
0,4447,base
0,4448,base
0,4450,base
0,4455,base
0,4457,base
0,4459,base
0,4460,base
0,4463,base
0,4464,base
0,4465,base
0,4467,base
0,4469,base
0,4471,base
0,4473,base
0,4474,base
0,4476,base
0,4478,base
0,4480,base
0,4483,base
0,4485,base
0,4487,base
0,4488,base
0,4489,base
0,4492,base
0,4493,base
0,4494,base
0,4496,base
0,4497,base
0,4499,base
0,4501,base
0,4502,base
0,4503,base
0,4507,base
0,4508,base
0,4510,base
0,4511,base
0,4513,base
0,4514,base
0,4517,base
0,4518,base
0,4519,base
0,4521,base
0,4522,base
0,4523,base
0,4529,base
0,4530,base
0,4532,base
0,4534,base
0,4535,base
0,4539,base
0,4542,base
0,4543,base
0,4546,base
0,4551,base
0,4553,base
0,4555,base
0,4556,base
0,4558,base
0,4560,base
0,4565,base
0,4566,base
0,4567,base
0,4568,base
0,4570,base
0,4571,base
0,4572,base
0,4574,base
0,4575,base
0,4577,base
0,4580,base
0,4582,base
0,4584,base
0,4586,base
0,4587,base
0,4588,base
0,4595,base
0,4596,base
0,4602,base
0,4604,base
0,4606,base
0,4608,base
0,4609,base
0,4611,base
0,4612,base
0,4613,base
0,4614,base
0,4619,base
0,4622,base
0,4623,base
0,4624,base
0,4625,base
0,4631,base
0,4633,base
0,4635,base
0,4637,base
0,4638,base
0,4641,base
0,4643,base
0,4644,base
0,4645,base
0,4646,base
0,4650,base
0,4652,base
0,4653,base
0,4654,base
0,4657,base
0,4658,base
0,4659,base
0,4661,base
0,4663,base
0,4665,base
0,4666,base
0,4670,base
0,4673,base
0,4677,base
0,4678,base
0,4680,base
0,4681,base
0,4684,base
0,4686,base
0,4687,base
0,4689,base
0,4691,base
0,4694,base
0,4695,base
0,4696,base
0,4697,base
0,4699,base
0,4700,base
0,4701,base
0,4702,base
0,4703,base
0,4704,base
0,4706,base
0,4707,base
0,4709,base
0,4711,base
0,4714,base
0,4715,base
0,4716,base
0,4717,base
0,4719,base
0,4720,base
0,4721,base
0,4723,base
0,4724,base
0,4728,base
0,4729,base
0,4730,base
0,4731,base
0,4734,base
0,4735,base
0,4736,base
0,4741,base
0,4743,base
0,4745,base
0,4749,base
0,4756,base
0,4760,base
0,4763,base
0,4766,base
0,4767,base
0,4768,base
0,4770,base
0,4771,base
0,4772,base
0,4774,base
0,4776,base
0,4780,base
0,4781,base
0,4782,base
0,4786,base
0,4787,base
0,4790,base
0,4792,base
0,4795,base
0,4799,base
0,4800,base
0,4804,base
0,4808,base
0,4809,base
0,4810,base
0,4817,base
0,4818,base
0,4819,base
0,4820,base
0,4822,base
0,4823,base
0,4824,base
0,4829,base
0,4830,base
0,4831,base
0,4832,base
0,4834,base
0,4836,base
0,4838,base
0,4839,base
0,4840,base
0,4842,base
0,4844,base
0,4845,base
0,4848,base
0,4849,base
0,4855,base
0,4857,base
0,4859,base
0,4861,base
0,4862,base
0,4863,base
0,4865,base
0,4868,base
0,4869,base
0,4871,base
0,4872,base
0,4873,base
0,4875,base
0,4876,base
0,4877,base
0,4879,base
0,4881,base
0,4883,base
0,4884,base
0,4886,base
0,4888,base
0,4889,base
0,4891,base
0,4892,base
0,4894,base
0,4896,base
0,4902,base
0,4903,base
0,4905,base
0,4907,base
0,4908,base
0,4910,base
0,4911,base
0,4913,base
0,4915,base
0,4917,base
0,4918,base
0,4919,base
0,4923,base
0,4927,base
0,4928,base
0,4930,base
0,4932,base
0,4933,base
0,4935,base
0,4938,base
0,4939,base
0,4940,base
0,4941,base
0,4942,base
0,4943,base
0,4946,base
0,4948,base
0,4949,base
0,4951,base
0,4953,base
0,4954,base
0,4956,base
0,4964,base
0,4966,base
0,4969,base
0,4970,base
0,4972,base
0,4973,base
0,4975,base
0,4977,base
0,4978,base
0,4979,base
0,4981,base
0,4982,base
0,4987,base
0,4992,base
0,4994,base
0,4996,base
0,5004,base
0,5009,base
0,5013,base
0,5016,base
0,5017,base
0,5020,base
0,5021,base
0,5023,base
0,5024,base
0,5025,base
0,5029,base
0,5031,base
0,5032,base
0,5033,base
0,5036,base
0,5037,base
0,5039,base
0,5040,base
0,5041,base
0,5045,base
0,5046,base
0,5049,base
0,5050,base
0,5055,base
0,5057,base
0,5058,base
0,5059,base
0,5060,base
0,5065,base
0,5067,base
0,5068,base
0,5069,base
0,5071,base
0,5075,base
0,5076,base
0,5077,base
0,5085,base
0,5087,base
0,5088,base
0,5090,base
0,5092,base
0,5095,base
0,5096,base
0,5097,base
0,5098,base
0,5099,base
0,5102,base
0,5103,base
0,5106,base
0,5107,base
0,5108,base
0,5109,base
0,5110,base
0,5112,base
0,5114,base
0,5115,base
0,5116,base
0,5117,base
0,5119,base
0,5121,base
0,5124,base
0,5126,base
0,5127,base
0,5128,base
0,5129,base
0,5130,base
0,5132,base
0,5133,base
0,5134,base
0,5135,base
0,5136,base
0,5139,base
0,5141,base
0,5142,base
0,5145,base
0,5147,base
0,5148,base
0,5150,base
0,5151,base
0,5152,base
0,5153,base
0,5154,base
0,5155,base
0,5156,base
0,5157,base
0,5159,base
0,5160,base
0,5164,base
0,5166,base
0,5168,base
0,5169,base
0,5170,base
0,5172,base
0,5174,base
0,5177,base
0,5178,base
0,5180,base
0,5181,base
0,5183,base
0,5186,base
0,5187,base
0,5188,base
0,5189,base
0,5190,base
0,5193,base
0,5198,base
0,5200,base
0,5201,base
0,5203,base
0,5204,base
0,5206,base
0,5207,base
0,5218,base
0,5220,base
0,5222,base
0,5224,base
0,5228,base
0,5229,base
0,5231,base
0,5233,base
0,5235,base
0,5236,base
0,5239,base
0,5240,base
0,5241,base
0,5249,base
0,5251,base
0,5252,base
0,5253,base
0,5254,base
0,5255,base
0,5256,base
0,5258,base
0,5259,base
0,5266,base
0,5267,base
0,5268,base
0,5269,base
0,5270,base
0,5272,base
0,5273,base
0,5274,base
0,5276,base
0,5277,base
0,5280,base
0,5281,base
0,5282,base
0,5287,base
0,5289,base
0,5293,base
0,5296,base
0,5301,base
0,5305,base
0,5307,base
0,5309,base
0,5310,base
0,5311,base
0,5312,base
0,5314,base
0,5315,base
0,5316,base
0,5318,base
0,5319,base
0,5320,base
0,5322,base
0,5323,base
0,5326,base
0,5327,base
0,5331,base
0,5335,base
0,5336,base
0,5337,base
0,5340,base
0,5341,base
0,5344,base
0,5346,base
0,5348,base
0,5349,base
0,5350,base
0,5351,base
0,5352,base
0,5353,base
0,5354,base
0,5356,base
0,5357,base
0,5360,base
0,5364,base
0,5365,base
0,5366,base
0,5372,base
0,5374,base
0,5376,base
0,5378,base
0,5379,base
0,5381,base
0,5384,base
0,5388,base
0,5389,base
0,5391,base
0,5392,base
0,5393,base
0,5394,base
0,5397,base
0,5398,base
0,5400,base
0,5401,base
0,5402,base
0,5403,base
0,5404,base
0,5405,base
0,5407,base
0,5411,base
0,5412,base
0,5413,base
0,5415,base
0,5417,base
0,5418,base
0,5419,base
0,5424,base
0,5425,base
0,5427,base
0,5430,base
0,5432,base
0,5435,base
0,5443,base
0,5445,base
0,5448,base
0,5449,base
0,5451,base
0,5455,base
0,5456,base
0,5458,base
0,5459,base
0,5460,base
0,5461,base
0,5465,base
0,5466,base
0,5469,base
0,5470,base
0,5471,base
0,5472,base
0,5473,base
0,5474,base
0,5475,base
0,5483,base
0,5484,base
0,5486,base
0,5489,base
0,5490,base
0,5491,base
0,5492,base
0,5493,base
0,5494,base
0,5496,base
0,5497,base
0,5499,base
0,5500,base
0,5501,base
0,5502,base
0,5507,base
0,5509,base
0,5511,base
0,5514,base
0,5517,base
0,5520,base
0,5521,base
0,5526,base
0,5528,base
0,5529,base
0,5536,base
0,5537,base
0,5538,base
0,5540,base
0,5542,base
0,5543,base
0,5544,base
0,5546,base
0,5552,base
0,5553,base
0,5557,base
0,5558,base
0,5559,base
0,5560,base
0,5562,base
0,5566,base
0,5567,base
0,5568,base
0,5569,base
0,5570,base
0,5571,base
0,5572,base
0,5573,base
0,5574,base
0,5575,base
0,5576,base
0,5578,base
0,5583,base
0,5584,base
0,5585,base
0,5587,base
0,5594,base
0,5595,base
0,5599,base
0,5601,base
0,5602,base
0,5605,base
0,5608,base
0,5612,base
0,5615,base
0,5617,base
0,5618,base
0,5619,base
0,5620,base
0,5621,base
0,5624,base
0,5625,base
0,5627,base
0,5629,base
0,5630,base
0,5634,base
0,5635,base
0,5644,base
0,5645,base
0,5646,base
0,5647,base
0,5649,base
0,5653,base
0,5655,base
0,5656,base
0,5657,base
0,5658,base
0,5659,base
0,5661,base
0,5664,base
0,5665,base
0,5666,base
0,5667,base
0,5673,base
0,5674,base
0,5676,base
0,5677,base
0,5683,base
0,5685,base
0,5689,base
0,5690,base
0,5698,base
0,5704,base
0,5706,base
0,5708,base
0,5709,base
0,5711,base
0,5712,base
0,5713,base
0,5714,base
0,5715,base
0,5716,base
0,5719,base
0,5720,base
0,5721,base
0,5722,base
0,5724,base
0,5728,base
0,5729,base
0,5736,base
0,5737,base
0,5740,base
0,5742,base
0,5743,base
0,5744,base
0,5746,base
0,5747,base
0,5752,base
0,5753,base
0,5756,base
0,5757,base
0,5760,base
0,5762,base
0,5763,base
0,5764,base
0,5767,base
0,5771,base
0,5772,base
0,5773,base
0,5774,base
0,5777,base
0,5779,base
0,5780,base
0,5781,base
0,5785,base
0,5790,base
0,5793,base
0,5794,base
0,5796,base
0,5799,base
0,5800,base
0,5802,base
0,5805,base
0,5806,base
0,5807,base
0,5808,base
0,5810,base
0,5811,base
0,5813,base
0,5814,base
0,5815,base
0,5821,base
0,5824,base
0,5826,base
0,5828,base
0,5829,base
0,5832,base
0,5833,base
0,5836,base
0,5837,base
0,5838,base
0,5839,base
0,5840,base
0,5841,base
0,5843,base
0,5845,base
0,5847,base
0,5850,base
0,5851,base
0,5852,base
0,5853,base
0,5855,base
0,5859,base
0,5860,base
0,5862,base
0,5864,base
0,5865,base
0,5867,base
0,5870,base
0,5874,base
0,5875,base
0,5876,base
0,5881,base
0,5883,base
0,5884,base
0,5886,base
0,5887,base
0,5888,base
0,5889,base
0,5890,base
0,5891,base
0,5892,base
0,5896,base
0,5897,base
0,5901,base
0,5902,base
0,5903,base
0,5909,base
0,5910,base
0,5911,base
0,5914,base
0,5915,base
0,5916,base
0,5919,base
0,5920,base
0,5922,base
0,5923,base
0,5925,base
0,5926,base
0,5927,base
0,5929,base
0,5930,base
0,5934,base
0,5938,base
0,5940,base
0,5941,base
0,5943,base
0,5944,base
0,5945,base
0,5948,base
0,5952,base
0,5953,base
0,5955,base
0,5958,base
0,5960,base
0,5963,base
0,5964,base
0,5967,base
0,5969,base
0,5970,base
0,5971,base
0,5972,base
0,5973,base
0,5974,base
0,5975,base
0,5977,base
0,5979,base
0,5984,base
0,5985,base
0,5986,base
0,5988,base
0,5992,base
0,5994,base
0,5996,base
0,5998,base
0,6000,base
0,6003,base
0,6004,base
0,6005,base
0,6006,base
0,6007,base
0,6009,base
0,6010,base
0,6011,base
0,6012,base
0,6016,base
0,6021,base
0,6022,base
0,6023,base
0,6024,base
0,6030,base
0,6031,base
0,6036,base
0,6037,base
0,6038,base
0,6039,base
0,6040,base
0,6042,base
0,6045,base
0,6046,base
0,6048,base
0,6049,base
0,6052,base
0,6053,base
0,6054,base
0,6055,base
0,6057,base
0,6059,base
0,6060,base
0,6061,base
0,6063,base
0,6064,base
0,6066,base
0,6067,base
0,6073,base
0,6076,base
0,6078,base
0,6079,base
0,6080,base
0,6082,base
0,6087,base
0,6089,base
0,6090,base
0,6092,base
0,6095,base
0,6096,base
0,6097,base
0,6098,base
0,6099,base
0,6101,base
0,6102,base
0,6105,base
0,6106,base
0,6107,base
0,6108,base
0,6110,base
0,6111,base
0,6112,base
0,6114,base
0,6115,base
0,6119,base
0,6120,base
0,6125,base
0,6126,base
0,6127,base
0,6128,base
0,6133,base
0,6135,base
0,6138,base
0,6139,base
0,6141,base
0,6142,base
0,6147,base
0,6148,base
0,6149,base
0,6151,base
0,6156,base
0,6157,base
0,6160,base
0,6161,base
0,6162,base
0,6163,base
0,6164,base
0,6165,base
0,6166,base
0,6168,base
0,6169,base
0,6171,base
0,6173,base
0,6176,base
0,6177,base
0,6178,base
0,6180,base
0,6181,base
0,6187,base
0,6190,base
0,6191,base
0,6194,base
0,6196,base
0,6200,base
0,6201,base
0,6202,base
0,6203,base
0,6205,base
0,6209,base
0,6210,base
0,6213,base
0,6214,base
0,6215,base
0,6216,base
0,6218,base
0,6219,base
0,6224,base
0,6227,base
0,6228,base
0,6229,base
0,6232,base
0,6233,base
0,6235,base
0,6236,base
0,6237,base
0,6238,base
0,6242,base
0,6243,base
0,6245,base
0,6250,base
0,6251,base
0,6252,base
0,6254,base
0,6256,base
0,6258,base
0,6259,base
0,6261,base
0,6262,base
0,6263,base
0,6264,base
0,6267,base
0,6272,base
0,6275,base
0,6279,base
0,6283,base
0,6289,base
0,6293,base
0,6294,base
0,6296,base
0,6300,base
0,6308,base
0,6310,base
0,6312,base
0,6313,base
0,6316,base
0,6318,base
0,6321,base
0,6322,base
0,6323,base
0,6324,base
0,6327,base
0,6329,base
0,6331,base
0,6334,base
0,6335,base
0,6338,base
0,6339,base
0,6340,base
0,6341,base
0,6342,base
0,6343,base
0,6344,base
0,6346,base
0,6349,base
0,6351,base
0,6352,base
0,6355,base
0,6357,base
0,6358,base
0,6359,base
0,6363,base
0,6366,base
0,6371,base
0,6372,base
0,6373,base
0,6374,base
0,6375,base
0,6376,base
0,6380,base
0,6381,base
0,6383,base
0,6384,base
0,6385,base
0,6387,base
0,6388,base
0,6390,base
0,6391,base
0,6392,base
0,6394,base
0,6396,base
0,6398,base
0,6400,base
0,6404,base
0,6405,base
0,6411,base
0,6412,base
0,6413,base
0,6414,base
0,6418,base
0,6419,base
0,6420,base
0,6422,base
0,6424,base
0,6429,base
0,6431,base
0,6435,base
0,6436,base
0,6438,base
0,6441,base
0,6444,base
0,6445,base
0,6450,base
0,6451,base
0,6452,base
0,6453,base
0,6454,base
0,6455,base
0,6463,base
0,6465,base
0,6467,base
0,6468,base
0,6474,base
0,6475,base
0,6477,base
0,6478,base
0,6481,base
0,6482,base
0,6483,base
0,6484,base
0,6485,base
0,6489,base
0,6490,base
0,6491,base
0,6494,base
0,6496,base
0,6497,base
0,6500,base
0,6501,base
0,6502,base
0,6503,base
0,6504,base
0,6506,base
0,6507,base
0,6508,base
0,6510,base
0,6511,base
0,6513,base
0,6514,base
0,6515,base
0,6516,base
0,6517,base
0,6520,base
0,6521,base
0,6523,base
0,6524,base
0,6526,base
0,6527,base
0,6528,base
0,6530,base
0,6531,base
0,6532,base
0,6534,base
0,6535,base
0,6536,base
0,6537,base
0,6541,base
0,6543,base
0,6545,base
0,6546,base
0,6548,base
0,6551,base
0,6553,base
0,6557,base
0,6559,base
0,6561,base
0,6563,base
0,6565,base
0,6566,base
0,6570,base
0,6572,base
0,6573,base
0,6575,base
0,6577,base
0,6578,base
0,6580,base
0,6581,base
0,6582,base
0,6584,base
0,6585,base
0,6586,base
0,6587,base
0,6588,base
0,6590,base
0,6591,base
0,6592,base
0,6594,base
0,6596,base
0,6599,base
0,6601,base
0,6607,base
0,6609,base
0,6615,base
0,6616,base
0,6619,base
0,6620,base
0,6623,base
0,6624,base
0,6627,base
0,6629,base
0,6631,base
0,6632,base
0,6634,base
0,6635,base
0,6637,base
0,6638,base
0,6640,base
0,6641,base
0,6645,base
0,6647,base
0,6648,base
0,6649,base
0,6651,base
0,6653,base
0,6654,base
0,6655,base
0,6656,base
0,6657,base
0,6663,base
0,6665,base
0,6668,base
0,6669,base
0,6672,base
0,6674,base
0,6677,base
0,6680,base
0,6681,base
0,6682,base
0,6684,base
0,6685,base
0,6688,base
0,6689,base
0,6692,base
0,6696,base
0,6697,base
0,6698,base
0,6699,base
0,6701,base
0,6703,base
0,6704,base
0,6711,base
0,6712,base
0,6713,base
0,6716,base
0,6717,base
0,6718,base
0,6721,base
0,6722,base
0,6724,base
0,6725,base
0,6731,base
0,6732,base
0,6734,base
0,6735,base
0,6736,base
0,6737,base
0,6746,base
0,6747,base
0,6749,base
0,6752,base
0,6755,base
0,6756,base
0,6757,base
0,6760,base
0,6762,base
0,6763,base
0,6764,base
0,6765,base
0,6766,base
0,6767,base
0,6768,base
0,6769,base
0,6770,base
0,6772,base
0,6775,base
0,6776,base
0,6783,base
0,6784,base
0,6786,base
0,6788,base
0,6789,base
0,6791,base
0,6795,base
0,6796,base
0,6797,base
0,6798,base
0,6805,base
0,6807,base
0,6811,base
0,6813,base
0,6814,base
0,6815,base
0,6817,base
0,6821,base
0,6823,base
0,6826,base
0,6828,base
0,6829,base
0,6830,base
0,6831,base
0,6832,base
0,6835,base
0,6839,base
0,6842,base
0,6844,base
0,6845,base
0,6847,base
0,6848,base
0,6850,base
0,6852,base
0,6854,base
0,6855,base
0,6856,base
0,6860,base
0,6861,base
0,6872,base
0,6873,base
0,6874,base
0,6876,base
0,6877,base
0,6878,base
0,6879,base
0,6880,base
0,6881,base
0,6882,base
0,6883,base
0,6884,base
0,6886,base
0,6889,base
0,6893,base
0,6895,base
0,6896,base
0,6897,base
0,6898,base
0,6902,base
0,6903,base
0,6905,base
0,6906,base
0,6908,base
0,6909,base
0,6911,base
0,6916,base
0,6919,base
0,6921,base
0,6922,base
0,6923,base
0,6928,base
0,6931,base
0,6932,base
0,6935,base
0,6936,base
0,6938,base
0,6940,base
0,6943,base
0,6944,base
0,6945,base
0,6946,base
0,6947,base
0,6949,base
0,6950,base
0,6951,base
0,6954,base
0,6955,base
0,6956,base
0,6957,base
0,6959,base
0,6964,base
0,6965,base
0,6966,base
0,6967,base
0,6968,base
0,6969,base
0,6972,base
0,6974,base
0,6976,base
0,6977,base
0,6983,base
0,6984,base
0,6985,base
0,6986,base
0,6988,base
0,6989,base
0,6990,base
0,6994,base
0,7000,base
0,7001,base
0,7003,base
0,7004,base
0,7008,base
0,7011,base
0,7012,base
0,7017,base
0,7018,base
0,7020,base
0,7021,base
0,7023,base
0,7025,base
0,7026,base
0,7030,base
0,7032,base
0,7033,base
0,7034,base
0,7041,base
0,7045,base
0,7047,base
0,7049,base
0,7051,base
0,7052,base
0,7054,base
0,7055,base
0,7058,base
0,7059,base
0,7060,base
0,7062,base
0,7063,base
0,7066,base
0,7068,base
0,7069,base
0,7074,base
0,7076,base
0,7079,base
0,7080,base
0,7083,base
0,7085,base
0,7086,base
0,7087,base
0,7088,base
0,7092,base
0,7093,base
0,7104,base
0,7107,base
0,7108,base
0,7111,base
0,7112,base
0,7114,base
0,7116,base
0,7119,base
0,7124,base
0,7129,base
0,7136,base
0,7138,base
0,7140,base
0,7143,base
0,7144,base
0,7150,base
0,7152,base
0,7155,base
0,7157,base
0,7160,base
0,7162,base
0,7164,base
0,7165,base
0,7167,base
0,7169,base
0,7174,base
0,7175,base
0,7176,base
0,7180,base
0,7182,base
0,7183,base
0,7184,base
0,7186,base
0,7189,base
0,7190,base
0,7195,base
0,7197,base
0,7200,base
0,7201,base
0,7202,base
0,7203,base
0,7204,base
0,7205,base
0,7210,base
0,7211,base
0,7214,base
0,7216,base
0,7217,base
0,7218,base
0,7220,base
0,7222,base
0,7225,base
0,7226,base
0,7228,base
0,7229,base
0,7230,base
0,7232,base
0,7233,base
0,7235,base
0,7236,base
0,7238,base
0,7240,base
0,7241,base
0,7242,base
0,7244,base
0,7245,base
0,7246,base
0,7249,base
0,7250,base
0,7251,base
0,7252,base
0,7256,base
0,7258,base
0,7259,base
0,7260,base
0,7262,base
0,7263,base
0,7268,base
0,7269,base
0,7272,base
0,7275,base
0,7276,base
0,7278,base
0,7279,base
0,7280,base
0,7281,base
0,7283,base
0,7284,base
0,7286,base
0,7288,base
0,7289,base
0,7292,base
0,7293,base
0,7294,base
0,7295,base
0,7296,base
0,7298,base
0,7299,base
0,7300,base
0,7302,base
0,7303,base
0,7304,base
0,7305,base
0,7312,base
0,7315,base
0,7316,base
0,7320,base
0,7321,base
0,7322,base
0,7325,base
0,7326,base
0,7327,base
0,7329,base
0,7330,base
0,7332,base
0,7333,base
0,7336,base
0,7339,base
0,7340,base
0,7341,base
0,7342,base
0,7346,base
0,7347,base
0,7348,base
0,7351,base
0,7352,base
0,7354,base
0,7355,base
0,7358,base
0,7359,base
0,7362,base
0,7369,base
0,7371,base
0,7372,base
0,7374,base
0,7375,base
0,7377,base
0,7379,base
0,7380,base
0,7384,base
0,7385,base
0,7388,base
0,7389,base
0,7391,base
0,7393,base
0,7397,base
0,7399,base
0,7404,base
0,7405,base
0,7407,base
0,7408,base
0,7409,base
0,7410,base
0,7411,base
0,7412,base
0,7413,base
0,7414,base
0,7418,base
0,7419,base
0,7422,base
0,7423,base
0,7424,base
0,7425,base
0,7426,base
0,7430,base
0,7431,base
0,7432,base
0,7433,base
0,7435,base
0,7440,base
0,7443,base
0,7444,base
0,7445,base
0,7446,base
0,7448,base
0,7452,base
0,7454,base
0,7455,base
0,7458,base
0,7459,base
0,7460,base
0,7461,base
0,7462,base
0,7463,base
0,7464,base
0,7466,base
0,7467,base
0,7469,base
0,7470,base
0,7472,base
0,7474,base
0,7475,base
0,7476,base
0,7478,base
0,7479,base
0,7480,base
0,7481,base
0,7484,base
0,7488,base
0,7489,base
0,7490,base
0,7493,base
0,7495,base
0,7501,base
0,7502,base
0,7503,base
0,7505,base
0,7508,base
0,7509,base
0,7510,base
0,7513,base
0,7514,base
0,7516,base
0,7517,base
0,7518,base
0,7519,base
0,7520,base
0,7523,base
0,7524,base
0,7525,base
0,7527,base
0,7530,base
0,7535,base
0,7538,base
0,7539,base
0,7540,base
0,7541,base
0,7544,base
0,7549,base
0,7550,base
0,7552,base
0,7555,base
0,7556,base
0,7557,base
0,7559,base
0,7564,base
0,7565,base
0,7567,base
0,7569,base
0,7570,base
0,7571,base
0,7573,base
0,7574,base
0,7575,base
0,7578,base
0,7579,base
0,7580,base
0,7583,base
0,7584,base
0,7585,base
0,7586,base
0,7588,base
0,7591,base
0,7592,base
0,7594,base
0,7595,base
0,7597,base
0,7599,base
0,7601,base
0,7604,base
0,7606,base
0,7607,base
0,7608,base
0,7609,base
0,7611,base
0,7612,base
0,7613,base
0,7615,base
0,7617,base
0,7618,base
0,7620,base
0,7623,base
0,7625,base
0,7626,base
0,7628,base
0,7629,base
0,7633,base
0,7634,base
0,7635,base
0,7639,base
0,7641,base
0,7644,base
0,7645,base
0,7651,base
0,7656,base
0,7657,base
0,7659,base
0,7660,base
0,7661,base
0,7663,base
0,7665,base
0,7666,base
0,7667,base
0,7669,base
0,7670,base
0,7672,base
0,7674,base
0,7680,base
0,7681,base
0,7682,base
0,7687,base
0,7688,base
0,7690,base
0,7694,base
0,7695,base
0,7696,base
0,7698,base
0,7700,base
0,7701,base
0,7702,base
0,7704,base
0,7705,base
0,7706,base
0,7707,base
0,7709,base
0,7710,base
0,7712,base
0,7713,base
0,7714,base
0,7715,base
0,7716,base
0,7721,base
0,7723,base
0,7727,base
0,7728,base
0,7736,base
0,7738,base
0,7739,base
0,7748,base
0,7749,base
0,7750,base
0,7751,base
0,7752,base
0,7754,base
0,7756,base
0,7758,base
0,7761,base
0,7764,base
0,7765,base
0,7766,base
0,7767,base
0,7770,base
0,7772,base
0,7773,base
0,7774,base
0,7776,base
0,7780,base
0,7782,base
0,7783,base
0,7784,base
0,7785,base
0,7789,base
0,7790,base
0,7794,base
0,7795,base
0,7801,base
0,7803,base
0,7806,base
0,7807,base
0,7808,base
0,7814,base
0,7818,base
0,7819,base
0,7823,base
0,7824,base
0,7825,base
0,7826,base
0,7827,base
0,7828,base
0,7829,base
0,7831,base
0,7832,base
0,7833,base
0,7838,base
0,7839,base
0,7841,base
0,7843,base
0,7844,base
0,7846,base
0,7847,base
0,7848,base
0,7851,base
0,7852,base
0,7855,base
0,7857,base
0,7859,base
0,7861,base
0,7863,base
0,7864,base
0,7866,base
0,7867,base
0,7869,base
0,7870,base
0,7872,base
0,7873,base
0,7874,base
0,7876,base
0,7877,base
0,7878,base
0,7879,base
0,7880,base
0,7883,base
0,7884,base
0,7894,base
0,7897,base
0,7899,base
0,7902,base
0,7903,base
0,7908,base
0,7911,base
0,7912,base
0,7913,base
0,7914,base
0,7915,base
0,7916,base
0,7918,base
0,7919,base
0,7922,base
0,7925,base
0,7928,base
0,7929,base
0,7930,base
0,7936,base
0,7937,base
0,7940,base
0,7941,base
0,7942,base
0,7943,base
0,7944,base
0,7945,base
0,7947,base
0,7949,base
0,7950,base
0,7952,base
0,7953,base
0,7954,base
0,7955,base
0,7956,base
0,7960,base
0,7968,base
0,7969,base
0,7971,base
0,7972,base
0,7979,base
0,7982,base
0,7984,base
0,7985,base
0,7986,base
0,7987,base
0,7991,base
0,7992,base
0,7995,base
0,7997,base
0,7999,base
0,8001,base
0,8002,base
0,8003,base
0,8006,base
0,8007,base
0,8008,base
0,8010,base
0,8014,base
0,8015,base
0,8019,base
0,8021,base
0,8022,base
0,8025,base
0,8026,base
0,8027,base
0,8028,base
0,8030,base
0,8033,base
0,8036,base
0,8038,base
0,8039,base
0,8041,base
0,8042,base
0,8048,base
0,8049,base
0,8050,base
0,8051,base
0,8052,base
0,8054,base
0,8055,base
0,8058,base
0,8060,base
0,8066,base
0,8068,base
0,8072,base
0,8075,base
0,8077,base
0,8084,base
0,8086,base
0,8087,base
0,8094,base
0,8095,base
0,8096,base
0,8100,base
0,8101,base
0,8102,base
0,8104,base
0,8105,base
0,8108,base
0,8110,base
0,8111,base
0,8113,base
0,8114,base
0,8115,base
0,8117,base
0,8121,base
0,8123,base
0,8124,base
0,8125,base
0,8126,base
0,8128,base
0,8129,base
0,8133,base
0,8134,base
0,8135,base
0,8137,base
0,8138,base
0,8141,base
0,8148,base
0,8150,base
0,8151,base
0,8155,base
0,8156,base
0,8161,base
0,8162,base
0,8170,base
0,8172,base
0,8173,base
0,8174,base
0,8178,base
0,8183,base
0,8184,base
0,8185,base
0,8186,base
0,8187,base
0,8190,base
0,8191,base
0,8192,base
0,8193,base
0,8196,base
0,8198,base
0,8199,base
0,8201,base
0,8208,base
0,8210,base
0,8211,base
0,8213,base
0,8215,base
0,8216,base
0,8218,base
0,8220,base
0,8222,base
0,8224,base
0,8225,base
0,8226,base
0,8228,base
0,8230,base
0,8231,base
0,8232,base
0,8233,base
0,8236,base
0,8237,base
0,8238,base
0,8241,base
0,8242,base
0,8243,base
0,8244,base
0,8245,base
0,8246,base
0,8250,base
0,8251,base
0,8253,base
0,8254,base
0,8259,base
0,8260,base
0,8261,base
0,8262,base
0,8263,base
0,8264,base
0,8265,base
0,8268,base
0,8269,base
0,8276,base
0,8277,base
0,8280,base
0,8282,base
0,8283,base
0,8285,base
0,8288,base
0,8289,base
0,8290,base
0,8291,base
0,8292,base
0,8293,base
0,8294,base
0,8295,base
0,8299,base
0,8301,base
0,8302,base
0,8303,base
0,8304,base
0,8305,base
0,8306,base
0,8307,base
0,8308,base
0,8310,base
0,8311,base
0,8313,base
0,8314,base
0,8315,base
0,8317,base
0,8318,base
0,8319,base
0,8320,base
0,8328,base
0,8329,base
0,8331,base
0,8332,base
0,8334,base
0,8338,base
0,8339,base
0,8340,base
0,8341,base
0,8342,base
0,8343,base
0,8345,base
0,8349,base
0,8350,base
0,8351,base
0,8352,base
0,8354,base
0,8357,base
0,8358,base
0,8359,base
0,8360,base
0,8363,base
0,8364,base
0,8365,base
0,8366,base
0,8367,base
0,8372,base
0,8373,base
0,8377,base
0,8383,base
0,8388,base
0,8389,base
0,8390,base
0,8391,base
0,8393,base
0,8394,base
0,8397,base
0,8398,base
0,8399,base
0,8400,base
0,8401,base
0,8403,base
0,8404,base
0,8407,base
0,8410,base
0,8412,base
0,8413,base
0,8416,base
0,8418,base
0,8419,base
0,8420,base
0,8421,base
0,8422,base
0,8423,base
0,8427,base
0,8428,base
0,8431,base
0,8432,base
0,8435,base
0,8437,base
0,8438,base
0,8439,base
0,8440,base
0,8443,base
0,8444,base
0,8445,base
0,8446,base
0,8448,base
0,8450,base
0,8451,base
0,8453,base
0,8455,base
0,8456,base
0,8460,base
0,8461,base
0,8462,base
0,8463,base
0,8470,base
0,8471,base
0,8472,base
0,8475,base
0,8478,base
0,8481,base
0,8484,base
0,8486,base
0,8487,base
0,8488,base
0,8489,base
0,8490,base
0,8491,base
0,8494,base
0,8497,base
0,8498,base
0,8499,base
0,8500,base
0,8501,base
0,8502,base
0,8504,base
0,8505,base
0,8506,base
0,8507,base
0,8508,base
0,8511,base
0,8513,base
0,8515,base
0,8518,base
0,8520,base
0,8522,base
0,8523,base
0,8524,base
0,8525,base
0,8526,base
0,8528,base
0,8529,base
0,8531,base
0,8532,base
0,8533,base
0,8535,base
0,8536,base
0,8537,base
0,8538,base
0,8540,base
0,8544,base
0,8548,base
0,8554,base
0,8556,base
0,8557,base
0,8564,base
0,8569,base
0,8571,base
0,8574,base
0,8575,base
0,8576,base
0,8577,base
0,8580,base
0,8582,base
0,8583,base
0,8585,base
0,8588,base
0,8591,base
0,8592,base
0,8597,base
0,8599,base
0,8602,base
0,8605,base
0,8606,base
0,8610,base
0,8611,base
0,8613,base
0,8614,base
0,8618,base
0,8619,base
0,8623,base
0,8632,base
0,8638,base
0,8642,base
0,8648,base
0,8649,base
0,8650,base
0,8652,base
0,8653,base
0,8658,base
0,8660,base
0,8661,base
0,8662,base
0,8663,base
0,8664,base
0,8669,base
0,8670,base
0,8673,base
0,8677,base
0,8679,base
0,8680,base
0,8682,base
0,8685,base
0,8686,base
0,8692,base
0,8693,base
0,8694,base
0,8695,base
0,8696,base
0,8699,base
0,8700,base
0,8701,base
0,8705,base
0,8707,base
0,8709,base
0,8711,base
0,8712,base
0,8713,base
0,8722,base
0,8724,base
0,8727,base
0,8729,base
0,8730,base
0,8731,base
0,8733,base
0,8735,base
0,8737,base
0,8739,base
0,8741,base
0,8748,base
0,8750,base
0,8753,base
0,8756,base
0,8758,base
0,8759,base
0,8761,base
0,8763,base
0,8766,base
0,8770,base
0,8772,base
0,8775,base
0,8776,base
0,8777,base
0,8779,base
0,8781,base
0,8783,base
0,8784,base
0,8785,base
0,8789,base
0,8790,base
0,8791,base
0,8792,base
0,8793,base
0,8795,base
0,8797,base
0,8798,base
0,8799,base
0,8802,base
0,8803,base
0,8805,base
0,8806,base
0,8810,base
0,8811,base
0,8814,base
0,8815,base
0,8816,base
0,8821,base
0,8822,base
0,8825,base
0,8826,base
0,8827,base
0,8828,base
0,8830,base
0,8832,base
0,8833,base
0,8834,base
0,8837,base
0,8839,base
0,8840,base
0,8842,base
0,8847,base
0,8852,base
0,8854,base
0,8855,base
0,8856,base
0,8858,base
0,8859,base
0,8861,base
0,8862,base
0,8863,base
0,8865,base
0,8866,base
0,8867,base
0,8868,base
0,8871,base
0,8872,base
0,8873,base
0,8874,base
0,8875,base
0,8876,base
0,8877,base
0,8879,base
0,8882,base
0,8883,base
0,8885,base
0,8886,base
0,8887,base
0,8888,base
0,8890,base
0,8891,base
0,8893,base
0,8894,base
0,8895,base
0,8898,base
0,8900,base
0,8903,base
0,8905,base
0,8909,base
0,8910,base
0,8911,base
0,8912,base
0,8913,base
0,8915,base
0,8916,base
0,8918,base
0,8919,base
0,8921,base
0,8923,base
0,8925,base
0,8926,base
0,8928,base
0,8934,base
0,8937,base
0,8938,base
0,8941,base
0,8943,base
0,8944,base
0,8945,base
0,8946,base
0,8948,base
0,8949,base
0,8951,base
0,8954,base
0,8955,base
0,8956,base
0,8959,base
0,8960,base
0,8962,base
0,8963,base
0,8964,base
0,8968,base
0,8970,base
0,8971,base
0,8972,base
0,8976,base
0,8977,base
0,8978,base
0,8979,base
0,8980,base
0,8986,base
0,8988,base
0,8990,base
0,8991,base
0,8992,base
0,8994,base
0,8995,base
0,8998,base
0,9001,base
0,9002,base
0,9005,base
0,9006,base
0,9007,base
0,9008,base
0,9010,base
0,9012,base
0,9014,base
0,9015,base
0,9017,base
0,9018,base
0,9019,base
0,9021,base
0,9022,base
0,9024,base
0,9025,base
0,9026,base
0,9028,base
0,9029,base
0,9032,base
0,9035,base
0,9038,base
0,9040,base
0,9041,base
0,9046,base
0,9047,base
0,9048,base
0,9049,base
0,9050,base
0,9052,base
0,9054,base
0,9055,base
0,9056,base
0,9059,base
0,9063,base
0,9071,base
0,9073,base
0,9075,base
0,9078,base
0,9085,base
0,9086,base
0,9088,base
0,9089,base
0,9092,base
0,9095,base
0,9097,base
0,9098,base
0,9101,base
0,9104,base
0,9106,base
0,9111,base
0,9112,base
0,9115,base
0,9116,base
0,9118,base
0,9121,base
0,9122,base
0,9123,base
0,9125,base
0,9127,base
0,9129,base
0,9132,base
0,9133,base
0,9134,base
0,9139,base
0,9141,base
0,9144,base
0,9146,base
0,9147,base
0,9153,base
0,9155,base
0,9156,base
0,9157,base
0,9161,base
0,9162,base
0,9163,base
0,9165,base
0,9169,base
0,9173,base
0,9175,base
0,9177,base
0,9179,base
0,9180,base
0,9182,base
0,9185,base
0,9187,base
0,9189,base
0,9191,base
0,9194,base
0,9195,base
0,9196,base
0,9197,base
0,9198,base
0,9200,base
0,9201,base
0,9202,base
0,9203,base
0,9204,base
0,9207,base
0,9209,base
0,9213,base
0,9217,base
0,9220,base
0,9223,base
0,9224,base
0,9227,base
0,9229,base
0,9230,base
0,9233,base
0,9235,base
0,9237,base
0,9240,base
0,9241,base
0,9243,base
0,9245,base
0,9248,base
0,9249,base
0,9250,base
0,9251,base
0,9252,base
0,9253,base
0,9254,base
0,9255,base
0,9257,base
0,9259,base
0,9262,base
0,9263,base
0,9266,base
0,9267,base
0,9268,base
0,9269,base
0,9271,base
0,9272,base
0,9274,base
0,9278,base
0,9279,base
0,9280,base
0,9281,base
0,9282,base
0,9283,base
0,9284,base
0,9287,base
0,9289,base
0,9290,base
0,9297,base
0,9299,base
0,9300,base
0,9302,base
0,9303,base
0,9306,base
0,9307,base
0,9308,base
0,9310,base
0,9311,base
0,9313,base
0,9315,base
0,9320,base
0,9323,base
0,9324,base
0,9328,base
0,9331,base
0,9332,base
0,9335,base
0,9338,base
0,9339,base
0,9342,base
0,9353,base
0,9354,base
0,9356,base
0,9358,base
0,9359,base
0,9360,base
0,9361,base
0,9362,base
0,9363,base
0,9365,base
0,9366,base
0,9368,base
0,9370,base
0,9371,base
0,9372,base
0,9373,base
0,9375,base
0,9377,base
0,9378,base
0,9381,base
0,9383,base
0,9386,base
0,9389,base
0,9395,base
0,9396,base
0,9397,base
0,9398,base
0,9399,base
0,9402,base
0,9403,base
0,9406,base
0,9408,base
0,9412,base
0,9414,base
0,9415,base
0,9416,base
0,9418,base
0,9421,base
0,9422,base
0,9423,base
0,9428,base
0,9431,base
0,9432,base
0,9433,base
0,9434,base
0,9435,base
0,9440,base
0,9442,base
0,9443,base
0,9448,base
0,9449,base
0,9450,base
0,9455,base
0,9457,base
0,9460,base
0,9461,base
0,9463,base
0,9465,base
0,9471,base
0,9475,base
0,9477,base
0,9478,base
0,9480,base
0,9482,base
0,9483,base
0,9484,base
0,9485,base
0,9486,base
0,9488,base
0,9491,base
0,9495,base
0,9496,base
0,9500,base
0,9503,base
0,9504,base
0,9505,base
0,9508,base
0,9511,base
0,9512,base
0,9514,base
0,9517,base
0,9519,base
0,9521,base
0,9524,base
0,9525,base
0,9529,base
0,9531,base
0,9532,base
0,9534,base
0,9535,base
0,9538,base
0,9540,base
0,9541,base
0,9542,base
0,9543,base
0,9546,base
0,9551,base
0,9558,base
0,9560,base
0,9561,base
0,9562,base
0,9565,base
0,9567,base
0,9570,base
0,9571,base
0,9573,base
0,9576,base
0,9577,base
0,9579,base
0,9580,base
0,9581,base
0,9582,base
0,9583,base
0,9584,base
0,9586,base
0,9588,base
0,9590,base
0,9592,base
0,9594,base
0,9595,base
0,9597,base
0,9598,base
0,9599,base
0,9600,base
0,9602,base
0,9605,base
0,9606,base
0,9609,base
0,9610,base
0,9615,base
0,9618,base
0,9619,base
0,9620,base
0,9621,base
0,9622,base
0,9623,base
0,9624,base
0,9626,base
0,9627,base
0,9628,base
0,9629,base
0,9631,base
0,9633,base
0,9634,base
0,9636,base
0,9637,base
0,9640,base
0,9644,base
0,9646,base
0,9651,base
0,9652,base
0,9658,base
0,9660,base
0,9661,base
0,9664,base
0,9665,base
0,9666,base
0,9667,base
0,9668,base
0,9669,base
0,9670,base
0,9671,base
0,9672,base
0,9673,base
0,9674,base
0,9677,base
0,9678,base
0,9682,base
0,9683,base
0,9685,base
0,9686,base
0,9688,base
0,9693,base
0,9695,base
0,9696,base
0,9697,base
0,9702,base
0,9703,base
0,9704,base
0,9705,base
0,9708,base
0,9709,base
0,9710,base
0,9714,base
0,9717,base
0,9720,base
0,9721,base
0,9722,base
0,9724,base
0,9725,base
0,9726,base
0,9727,base
0,9728,base
0,9729,base
0,9730,base
0,9731,base
0,9734,base
0,9738,base
0,9739,base
0,9740,base
0,9742,base
0,9743,base
0,9744,base
0,9745,base
0,9749,base
0,9750,base
0,9752,base
0,9753,base
0,9756,base
0,9757,base
0,9758,base
0,9761,base
0,9762,base
0,9764,base
0,9765,base
0,9766,base
0,9767,base
0,9768,base
0,9771,base
0,9775,base
0,9780,base
0,9784,base
0,9785,base
0,9786,base
0,9788,base
0,9791,base
0,9793,base
0,9794,base
0,9797,base
0,9798,base
0,9800,base
0,9802,base
0,9805,base
0,9806,base
0,9807,base
0,9808,base
0,9810,base
0,9813,base
0,9814,base
0,9817,base
0,9819,base
0,9820,base
0,9821,base
0,9827,base
0,9828,base
0,9830,base
0,9831,base
0,9834,base
0,9835,base
0,9837,base
0,9838,base
0,9839,base
0,9840,base
0,9841,base
0,9843,base
0,9846,base
0,9847,base
0,9848,base
0,9854,base
0,9855,base
0,9857,base
0,9858,base
0,9859,base
0,9860,base
0,9862,base
0,9863,base
0,9867,base
0,9869,base
0,9870,base
0,9871,base
0,9873,base
0,9875,base
0,9876,base
0,9878,base
0,9880,base
0,9881,base
0,9883,base
0,9886,base
0,9887,base
0,9889,base
0,9890,base
0,9891,base
0,9894,base
0,9897,base
0,9903,base
0,9904,base
0,9905,base
0,9910,base
0,9913,base
0,9918,base
0,9919,base
0,9920,base
0,9921,base
0,9926,base
0,9927,base
0,9928,base
0,9931,base
0,9933,base
0,9937,base
0,9938,base
0,9940,base
0,9941,base
0,9944,base
0,9946,base
0,9948,base
0,9950,base
0,9954,base
0,9955,base
0,9958,base
0,9961,base
0,9962,base
0,9963,base
0,9964,base
0,9967,base
0,9968,base
0,9970,base
0,9974,base
0,9975,base
0,9976,base
0,9977,base
0,9978,base
0,9980,base
0,9983,base
0,9984,base
0,9986,base
0,9989,base
0,2,transfer
0,13,transfer
0,18,transfer
0,19,transfer
0,25,transfer
0,32,transfer
0,36,transfer
0,40,transfer
0,47,transfer
0,57,transfer
0,62,transfer
0,72,transfer
0,79,transfer
0,80,transfer
0,83,transfer
0,86,transfer
0,87,transfer
0,95,transfer
0,98,transfer
0,104,transfer
0,105,transfer
0,110,transfer
0,117,transfer
0,118,transfer
0,121,transfer
0,123,transfer
0,127,transfer
0,128,transfer
0,131,transfer
0,139,transfer
0,147,transfer
0,149,transfer
0,152,transfer
0,161,transfer
0,163,transfer
0,165,transfer
0,166,transfer
0,169,transfer
0,177,transfer
0,178,transfer
0,180,transfer
0,185,transfer
0,189,transfer
0,192,transfer
0,193,transfer
0,218,transfer
0,227,transfer
0,232,transfer
0,242,transfer
0,243,transfer
0,253,transfer
0,256,transfer
0,262,transfer
0,263,transfer
0,267,transfer
0,282,transfer
0,288,transfer
0,298,transfer
0,315,transfer
0,319,transfer
0,323,transfer
0,324,transfer
0,326,transfer
0,334,transfer
0,335,transfer
0,337,transfer
0,338,transfer
0,341,transfer
0,350,transfer
0,351,transfer
0,354,transfer
0,361,transfer
0,365,transfer
0,367,transfer
0,369,transfer
0,376,transfer
0,383,transfer
0,388,transfer
0,399,transfer
0,405,transfer
0,409,transfer
0,411,transfer
0,417,transfer
0,418,transfer
0,425,transfer
0,428,transfer
0,435,transfer
0,436,transfer
0,437,transfer
0,444,transfer
0,448,transfer
0,450,transfer
0,453,transfer
0,463,transfer
0,468,transfer
0,470,transfer
0,472,transfer
0,473,transfer
0,475,transfer
0,478,transfer
0,480,transfer
0,481,transfer
0,483,transfer
0,486,transfer
0,490,transfer
0,491,transfer
0,493,transfer
0,504,transfer
0,505,transfer
0,512,transfer
0,513,transfer
0,523,transfer
0,530,transfer
0,531,transfer
0,534,transfer
0,554,transfer
0,572,transfer
0,577,transfer
0,588,transfer
0,602,transfer
0,606,transfer
0,609,transfer
0,611,transfer
0,614,transfer
0,619,transfer
0,623,transfer
0,628,transfer
0,634,transfer
0,635,transfer
0,647,transfer
0,652,transfer
0,679,transfer
0,681,transfer
0,683,transfer
0,684,transfer
0,686,transfer
0,699,transfer
0,702,transfer
0,706,transfer
0,707,transfer
0,708,transfer
0,710,transfer
0,719,transfer
0,733,transfer
0,738,transfer
0,743,transfer
0,757,transfer
0,760,transfer
0,767,transfer
0,768,transfer
0,790,transfer
0,794,transfer
0,796,transfer
0,799,transfer
0,806,transfer
0,810,transfer
0,812,transfer
0,814,transfer
0,816,transfer
0,817,transfer
0,823,transfer
0,829,transfer
0,850,transfer
0,851,transfer
0,854,transfer
0,856,transfer
0,861,transfer
0,867,transfer
0,868,transfer
0,869,transfer
0,871,transfer
0,873,transfer
0,874,transfer
0,875,transfer
0,884,transfer
0,887,transfer
0,894,transfer
0,897,transfer
0,898,transfer
0,900,transfer
0,901,transfer
0,902,transfer
0,911,transfer
0,912,transfer
0,922,transfer
0,926,transfer
0,927,transfer
0,929,transfer
0,930,transfer
0,935,transfer
0,940,transfer
0,944,transfer
0,948,transfer
0,986,transfer
0,987,transfer
0,990,transfer
0,992,transfer
0,997,transfer
0,1000,transfer
0,1001,transfer
0,1002,transfer
0,1003,transfer
0,1005,transfer
0,1008,transfer
0,1009,transfer
0,1017,transfer
0,1022,transfer
0,1033,transfer
0,1041,transfer
0,1044,transfer
0,1047,transfer
0,1051,transfer
0,1055,transfer
0,1062,transfer
0,1067,transfer
0,1069,transfer
0,1070,transfer
0,1077,transfer
0,1084,transfer
0,1085,transfer
0,1102,transfer
0,1106,transfer
0,1110,transfer
0,1123,transfer
0,1130,transfer
0,1140,transfer
0,1150,transfer
0,1151,transfer
0,1159,transfer
0,1162,transfer
0,1164,transfer
0,1177,transfer
0,1178,transfer
0,1183,transfer
0,1184,transfer
0,1185,transfer
0,1187,transfer
0,1195,transfer
0,1202,transfer
0,1203,transfer
0,1204,transfer
0,1205,transfer
0,1226,transfer
0,1228,transfer
0,1237,transfer
0,1247,transfer
0,1248,transfer
0,1252,transfer
0,1253,transfer
0,1254,transfer
0,1264,transfer
0,1271,transfer
0,1275,transfer
0,1278,transfer
0,1281,transfer
0,1285,transfer
0,1286,transfer
0,1293,transfer
0,1297,transfer
0,1301,transfer
0,1303,transfer
0,1305,transfer
0,1306,transfer
0,1308,transfer
0,1309,transfer
0,1320,transfer
0,1323,transfer
0,1325,transfer
0,1326,transfer
0,1331,transfer
0,1333,transfer
0,1347,transfer
0,1359,transfer
0,1364,transfer
0,1367,transfer
0,1368,transfer
0,1372,transfer
0,1373,transfer
0,1380,transfer
0,1384,transfer
0,1390,transfer
0,1392,transfer
0,1402,transfer
0,1406,transfer
0,1408,transfer
0,1413,transfer
0,1418,transfer
0,1424,transfer
0,1425,transfer
0,1426,transfer
0,1429,transfer
0,1439,transfer
0,1441,transfer
0,1447,transfer
0,1448,transfer
0,1452,transfer
0,1462,transfer
0,1478,transfer
0,1497,transfer
0,1499,transfer
0,1503,transfer
0,1513,transfer
0,1520,transfer
0,1528,transfer
0,1529,transfer
0,1530,transfer
0,1535,transfer
0,1536,transfer
0,1538,transfer
0,1543,transfer
0,1562,transfer
0,1563,transfer
0,1564,transfer
0,1567,transfer
0,1570,transfer
0,1572,transfer
0,1575,transfer
0,1584,transfer
0,1592,transfer
0,1597,transfer
0,1602,transfer
0,1606,transfer
0,1610,transfer
0,1611,transfer
0,1614,transfer
0,1620,transfer
0,1621,transfer
0,1625,transfer
0,1628,transfer
0,1630,transfer
0,1633,transfer
0,1635,transfer
0,1638,transfer
0,1651,transfer
0,1660,transfer
0,1662,transfer
0,1664,transfer
0,1665,transfer
0,1667,transfer
0,1673,transfer
0,1681,transfer
0,1682,transfer
0,1687,transfer
0,1690,transfer
0,1692,transfer
0,1694,transfer
0,1698,transfer
0,1705,transfer
0,1707,transfer
0,1709,transfer
0,1715,transfer
0,1723,transfer
0,1732,transfer
0,1753,transfer
0,1767,transfer
0,1773,transfer
0,1774,transfer
0,1775,transfer
0,1777,transfer
0,1779,transfer
0,1784,transfer
0,1794,transfer
0,1796,transfer
0,1801,transfer
0,1802,transfer
0,1805,transfer
0,1808,transfer
0,1809,transfer
0,1816,transfer
0,1822,transfer
0,1833,transfer
0,1840,transfer
0,1860,transfer
0,1866,transfer
0,1879,transfer
0,1884,transfer
0,1887,transfer
0,1892,transfer
0,1896,transfer
0,1905,transfer
0,1906,transfer
0,1910,transfer
0,1918,transfer
0,1922,transfer
0,1927,transfer
0,1931,transfer
0,1943,transfer
0,1947,transfer
0,1948,transfer
0,1954,transfer
0,1957,transfer
0,1966,transfer
0,1968,transfer
0,1971,transfer
0,1976,transfer
0,1983,transfer
0,1991,transfer
0,1999,transfer
0,2002,transfer
0,2003,transfer
0,2008,transfer
0,2012,transfer
0,2013,transfer
0,2017,transfer
0,2019,transfer
0,2022,transfer
0,2024,transfer
0,2038,transfer
0,2042,transfer
0,2047,transfer
0,2049,transfer
0,2050,transfer
0,2053,transfer
0,2059,transfer
0,2065,transfer
0,2080,transfer
0,2084,transfer
0,2091,transfer
0,2093,transfer
0,2096,transfer
0,2097,transfer
0,2104,transfer
0,2113,transfer
0,2116,transfer
0,2126,transfer
0,2138,transfer
0,2139,transfer
0,2141,transfer
0,2148,transfer
0,2162,transfer
0,2165,transfer
0,2168,transfer
0,2176,transfer
0,2191,transfer
0,2195,transfer
0,2197,transfer
0,2199,transfer
0,2205,transfer
0,2217,transfer
0,2225,transfer
0,2226,transfer
0,2232,transfer
0,2234,transfer
0,2237,transfer
0,2242,transfer
0,2243,transfer
0,2247,transfer
0,2251,transfer
0,2263,transfer
0,2264,transfer
0,2265,transfer
0,2269,transfer
0,2277,transfer
0,2279,transfer
0,2298,transfer
0,2308,transfer
0,2318,transfer
0,2333,transfer
0,2344,transfer
0,2346,transfer
0,2349,transfer
0,2350,transfer
0,2352,transfer
0,2364,transfer
0,2370,transfer
0,2372,transfer
0,2375,transfer
0,2379,transfer
0,2380,transfer
0,2384,transfer
0,2385,transfer
0,2386,transfer
0,2388,transfer
0,2392,transfer
0,2399,transfer
0,2402,transfer
0,2403,transfer
0,2409,transfer
0,2410,transfer
0,2414,transfer
0,2415,transfer
0,2416,transfer
0,2417,transfer
0,2422,transfer
0,2425,transfer
0,2427,transfer
0,2428,transfer
0,2431,transfer
0,2437,transfer
0,2440,transfer
0,2451,transfer
0,2453,transfer
0,2462,transfer
0,2479,transfer
0,2480,transfer
0,2489,transfer
0,2501,transfer
0,2504,transfer
0,2513,transfer
0,2515,transfer
0,2525,transfer
0,2527,transfer
0,2532,transfer
0,2534,transfer
0,2540,transfer
0,2543,transfer
0,2544,transfer
0,2545,transfer
0,2550,transfer
0,2551,transfer
0,2560,transfer
0,2564,transfer
0,2567,transfer
0,2572,transfer
0,2573,transfer
0,2578,transfer
0,2582,transfer
0,2587,transfer
0,2594,transfer
0,2595,transfer
0,2598,transfer
0,2600,transfer
0,2605,transfer
0,2606,transfer
0,2607,transfer
0,2609,transfer
0,2623,transfer
0,2644,transfer
0,2647,transfer
0,2663,transfer
0,2669,transfer
0,2671,transfer
0,2672,transfer
0,2677,transfer
0,2678,transfer
0,2679,transfer
0,2681,transfer
0,2691,transfer
0,2692,transfer
0,2697,transfer
0,2699,transfer
0,2702,transfer
0,2707,transfer
0,2714,transfer
0,2718,transfer
0,2724,transfer
0,2731,transfer
0,2736,transfer
0,2737,transfer
0,2745,transfer
0,2750,transfer
0,2751,transfer
0,2752,transfer
0,2755,transfer
0,2756,transfer
0,2761,transfer
0,2762,transfer
0,2772,transfer
0,2782,transfer
0,2789,transfer
0,2794,transfer
0,2797,transfer
0,2798,transfer
0,2799,transfer
0,2801,transfer
0,2802,transfer
0,2813,transfer
0,2822,transfer
0,2824,transfer
0,2826,transfer
0,2831,transfer
0,2837,transfer
0,2846,transfer
0,2850,transfer
0,2873,transfer
0,2874,transfer
0,2875,transfer
0,2881,transfer
0,2885,transfer
0,2892,transfer
0,2907,transfer
0,2919,transfer
0,2929,transfer
0,2937,transfer
0,2942,transfer
0,2952,transfer
0,2956,transfer
0,2958,transfer
0,2964,transfer
0,2966,transfer
0,2974,transfer
0,2976,transfer
0,2989,transfer
0,2996,transfer
0,3005,transfer
0,3009,transfer
0,3011,transfer
0,3023,transfer
0,3029,transfer
0,3034,transfer
0,3035,transfer
0,3054,transfer
0,3056,transfer
0,3060,transfer
0,3063,transfer
0,3065,transfer
0,3068,transfer
0,3070,transfer
0,3071,transfer
0,3073,transfer
0,3082,transfer
0,3083,transfer
0,3092,transfer
0,3096,transfer
0,3099,transfer
0,3100,transfer
0,3110,transfer
0,3111,transfer
0,3115,transfer
0,3124,transfer
0,3131,transfer
0,3132,transfer
0,3136,transfer
0,3137,transfer
0,3146,transfer
0,3147,transfer
0,3148,transfer
0,3149,transfer
0,3151,transfer
0,3154,transfer
0,3156,transfer
0,3167,transfer
0,3169,transfer
0,3170,transfer
0,3178,transfer
0,3183,transfer
0,3186,transfer
0,3187,transfer
0,3194,transfer
0,3195,transfer
0,3200,transfer
0,3203,transfer
0,3205,transfer
0,3211,transfer
0,3215,transfer
0,3227,transfer
0,3229,transfer
0,3231,transfer
0,3236,transfer
0,3246,transfer
0,3254,transfer
0,3256,transfer
0,3258,transfer
0,3264,transfer
0,3272,transfer
0,3281,transfer
0,3296,transfer
0,3300,transfer
0,3301,transfer
0,3303,transfer
0,3306,transfer
0,3308,transfer
0,3320,transfer
0,3321,transfer
0,3324,transfer
0,3325,transfer
0,3330,transfer
0,3331,transfer
0,3344,transfer
0,3351,transfer
0,3354,transfer
0,3357,transfer
0,3358,transfer
0,3361,transfer
0,3363,transfer
0,3369,transfer
0,3377,transfer
0,3378,transfer
0,3380,transfer
0,3381,transfer
0,3391,transfer
0,3394,transfer
0,3400,transfer
0,3406,transfer
0,3409,transfer
0,3413,transfer
0,3415,transfer
0,3431,transfer
0,3432,transfer
0,3434,transfer
0,3436,transfer
0,3440,transfer
0,3448,transfer
0,3466,transfer
0,3467,transfer
0,3468,transfer
0,3474,transfer
0,3475,transfer
0,3477,transfer
0,3478,transfer
0,3486,transfer
0,3495,transfer
0,3498,transfer
0,3501,transfer
0,3505,transfer
0,3508,transfer
0,3509,transfer
0,3528,transfer
0,3529,transfer
0,3533,transfer
0,3536,transfer
0,3541,transfer
0,3546,transfer
0,3547,transfer
0,3550,transfer
0,3556,transfer
0,3557,transfer
0,3571,transfer
0,3573,transfer
0,3588,transfer
0,3592,transfer
0,3604,transfer
0,3609,transfer
0,3613,transfer
0,3617,transfer
0,3623,transfer
0,3626,transfer
0,3630,transfer
0,3632,transfer
0,3641,transfer
0,3643,transfer
0,3644,transfer
0,3652,transfer
0,3655,transfer
0,3657,transfer
0,3658,transfer
0,3665,transfer
0,3678,transfer
0,3683,transfer
0,3692,transfer
0,3696,transfer
0,3700,transfer
0,3704,transfer
0,3706,transfer
0,3722,transfer
0,3723,transfer
0,3727,transfer
0,3733,transfer
0,3735,transfer
0,3737,transfer
0,3738,transfer
0,3739,transfer
0,3743,transfer
0,3746,transfer
0,3755,transfer
0,3763,transfer
0,3767,transfer
0,3769,transfer
0,3772,transfer
0,3779,transfer
0,3780,transfer
0,3782,transfer
0,3784,transfer
0,3795,transfer
0,3800,transfer
0,3807,transfer
0,3810,transfer
0,3811,transfer
0,3816,transfer
0,3817,transfer
0,3834,transfer
0,3848,transfer
0,3859,transfer
0,3866,transfer
0,3869,transfer
0,3870,transfer
0,3871,transfer
0,3872,transfer
0,3874,transfer
0,3881,transfer
0,3891,transfer
0,3898,transfer
0,3904,transfer
0,3906,transfer
0,3907,transfer
0,3916,transfer
0,3922,transfer
0,3931,transfer
0,3932,transfer
0,3936,transfer
0,3944,transfer
0,3949,transfer
0,3952,transfer
0,3955,transfer
0,3959,transfer
0,3963,transfer
0,3971,transfer
0,3978,transfer
0,3984,transfer
0,3991,transfer
0,3999,transfer
0,4000,transfer
0,4009,transfer
0,4013,transfer
0,4019,transfer
0,4021,transfer
0,4024,transfer
0,4025,transfer
0,4034,transfer
0,4039,transfer
0,4042,transfer
0,4052,transfer
0,4054,transfer
0,4056,transfer
0,4057,transfer
0,4067,transfer
0,4070,transfer
0,4075,transfer
0,4087,transfer
0,4094,transfer
0,4098,transfer
0,4100,transfer
0,4107,transfer
0,4109,transfer
0,4113,transfer
0,4116,transfer
0,4123,transfer
0,4134,transfer
0,4140,transfer
0,4142,transfer
0,4152,transfer
0,4153,transfer
0,4156,transfer
0,4158,transfer
0,4167,transfer
0,4170,transfer
0,4172,transfer
0,4175,transfer
0,4176,transfer
0,4180,transfer
0,4188,transfer
0,4191,transfer
0,4192,transfer
0,4196,transfer
0,4204,transfer
0,4207,transfer
0,4212,transfer
0,4213,transfer
0,4221,transfer
0,4228,transfer
0,4235,transfer
0,4237,transfer
0,4239,transfer
0,4245,transfer
0,4250,transfer
0,4251,transfer
0,4260,transfer
0,4270,transfer
0,4282,transfer
0,4292,transfer
0,4303,transfer
0,4308,transfer
0,4311,transfer
0,4312,transfer
0,4314,transfer
0,4335,transfer
0,4340,transfer
0,4342,transfer
0,4343,transfer
0,4348,transfer
0,4352,transfer
0,4357,transfer
0,4361,transfer
0,4367,transfer
0,4370,transfer
0,4376,transfer
0,4378,transfer
0,4385,transfer
0,4389,transfer
0,4390,transfer
0,4394,transfer
0,4398,transfer
0,4400,transfer
0,4402,transfer
0,4408,transfer
0,4409,transfer
0,4414,transfer
0,4416,transfer
0,4418,transfer
0,4425,transfer
0,4428,transfer
0,4430,transfer
0,4431,transfer
0,4432,transfer
0,4437,transfer
0,4446,transfer
0,4461,transfer
0,4462,transfer
0,4468,transfer
0,4479,transfer
0,4482,transfer
0,4505,transfer
0,4520,transfer
0,4527,transfer
0,4531,transfer
0,4536,transfer
0,4538,transfer
0,4540,transfer
0,4541,transfer
0,4545,transfer
0,4547,transfer
0,4549,transfer
0,4554,transfer
0,4561,transfer
0,4563,transfer
0,4564,transfer
0,4576,transfer
0,4578,transfer
0,4590,transfer
0,4591,transfer
0,4593,transfer
0,4603,transfer
0,4607,transfer
0,4616,transfer
0,4627,transfer
0,4634,transfer
0,4639,transfer
0,4640,transfer
0,4642,transfer
0,4648,transfer
0,4649,transfer
0,4651,transfer
0,4655,transfer
0,4662,transfer
0,4664,transfer
0,4672,transfer
0,4674,transfer
0,4676,transfer
0,4683,transfer
0,4685,transfer
0,4692,transfer
0,4710,transfer
0,4718,transfer
0,4722,transfer
0,4726,transfer
0,4732,transfer
0,4737,transfer
0,4740,transfer
0,4747,transfer
0,4750,transfer
0,4753,transfer
0,4759,transfer
0,4761,transfer
0,4762,transfer
0,4769,transfer
0,4773,transfer
0,4775,transfer
0,4777,transfer
0,4783,transfer
0,4791,transfer
0,4798,transfer
0,4807,transfer
0,4812,transfer
0,4821,transfer
0,4826,transfer
0,4843,transfer
0,4853,transfer
0,4856,transfer
0,4858,transfer
0,4864,transfer
0,4867,transfer
0,4874,transfer
0,4878,transfer
0,4882,transfer
0,4893,transfer
0,4895,transfer
0,4897,transfer
0,4899,transfer
0,4900,transfer
0,4901,transfer
0,4904,transfer
0,4906,transfer
0,4920,transfer
0,4921,transfer
0,4925,transfer
0,4931,transfer
0,4934,transfer
0,4936,transfer
0,4937,transfer
0,4944,transfer
0,4950,transfer
0,4955,transfer
0,4960,transfer
0,4963,transfer
0,4980,transfer
0,4983,transfer
0,4991,transfer
0,4997,transfer
0,4998,transfer
0,4999,transfer
0,5000,transfer
0,5001,transfer
0,5002,transfer
0,5012,transfer
0,5014,transfer
0,5018,transfer
0,5019,transfer
0,5026,transfer
0,5028,transfer
0,5035,transfer
0,5042,transfer
0,5043,transfer
0,5051,transfer
0,5052,transfer
0,5061,transfer
0,5063,transfer
0,5064,transfer
0,5070,transfer
0,5073,transfer
0,5074,transfer
0,5081,transfer
0,5082,transfer
0,5083,transfer
0,5093,transfer
0,5101,transfer
0,5105,transfer
0,5120,transfer
0,5122,transfer
0,5123,transfer
0,5137,transfer
0,5144,transfer
0,5161,transfer
0,5162,transfer
0,5163,transfer
0,5175,transfer
0,5182,transfer
0,5185,transfer
0,5192,transfer
0,5194,transfer
0,5195,transfer
0,5205,transfer
0,5208,transfer
0,5209,transfer
0,5210,transfer
0,5214,transfer
0,5221,transfer
0,5223,transfer
0,5226,transfer
0,5232,transfer
0,5237,transfer
0,5242,transfer
0,5243,transfer
0,5245,transfer
0,5247,transfer
0,5260,transfer
0,5262,transfer
0,5264,transfer
0,5271,transfer
0,5278,transfer
0,5279,transfer
0,5285,transfer
0,5286,transfer
0,5297,transfer
0,5299,transfer
0,5303,transfer
0,5304,transfer
0,5321,transfer
0,5330,transfer
0,5338,transfer
0,5339,transfer
0,5343,transfer
0,5361,transfer
0,5362,transfer
0,5363,transfer
0,5367,transfer
0,5369,transfer
0,5373,transfer
0,5380,transfer
0,5382,transfer
0,5387,transfer
0,5390,transfer
0,5399,transfer
0,5408,transfer
0,5410,transfer
0,5422,transfer
0,5429,transfer
0,5431,transfer
0,5437,transfer
0,5439,transfer
0,5442,transfer
0,5450,transfer
0,5452,transfer
0,5453,transfer
0,5462,transfer
0,5476,transfer
0,5480,transfer
0,5481,transfer
0,5482,transfer
0,5485,transfer
0,5503,transfer
0,5504,transfer
0,5505,transfer
0,5510,transfer
0,5515,transfer
0,5516,transfer
0,5523,transfer
0,5524,transfer
0,5530,transfer
0,5531,transfer
0,5533,transfer
0,5535,transfer
0,5545,transfer
0,5551,transfer
0,5561,transfer
0,5564,transfer
0,5577,transfer
0,5579,transfer
0,5581,transfer
0,5586,transfer
0,5593,transfer
0,5596,transfer
0,5598,transfer
0,5600,transfer
0,5609,transfer
0,5613,transfer
0,5626,transfer
0,5628,transfer
0,5632,transfer
0,5640,transfer
0,5642,transfer
0,5648,transfer
0,5651,transfer
0,5654,transfer
0,5662,transfer
0,5663,transfer
0,5670,transfer
0,5671,transfer
0,5672,transfer
0,5679,transfer
0,5688,transfer
0,5693,transfer
0,5695,transfer
0,5697,transfer
0,5702,transfer
0,5717,transfer
0,5723,transfer
0,5725,transfer
0,5727,transfer
0,5733,transfer
0,5734,transfer
0,5741,transfer
0,5749,transfer
0,5750,transfer
0,5751,transfer
0,5758,transfer
0,5766,transfer
0,5768,transfer
0,5775,transfer
0,5778,transfer
0,5783,transfer
0,5786,transfer
0,5788,transfer
0,5789,transfer
0,5798,transfer
0,5801,transfer
0,5809,transfer
0,5816,transfer
0,5818,transfer
0,5823,transfer
0,5825,transfer
0,5827,transfer
0,5830,transfer
0,5831,transfer
0,5842,transfer
0,5857,transfer
0,5861,transfer
0,5863,transfer
0,5872,transfer
0,5873,transfer
0,5878,transfer
0,5879,transfer
0,5885,transfer
0,5893,transfer
0,5908,transfer
0,5912,transfer
0,5913,transfer
0,5917,transfer
0,5921,transfer
0,5928,transfer
0,5931,transfer
0,5932,transfer
0,5939,transfer
0,5947,transfer
0,5961,transfer
0,5962,transfer
0,5968,transfer
0,5978,transfer
0,5980,transfer
0,5987,transfer
0,5989,transfer
0,5993,transfer
0,5997,transfer
0,5999,transfer
0,6008,transfer
0,6018,transfer
0,6019,transfer
0,6026,transfer
0,6033,transfer
0,6035,transfer
0,6041,transfer
0,6043,transfer
0,6056,transfer
0,6058,transfer
0,6065,transfer
0,6068,transfer
0,6069,transfer
0,6072,transfer
0,6077,transfer
0,6081,transfer
0,6100,transfer
0,6103,transfer
0,6104,transfer
0,6109,transfer
0,6121,transfer
0,6123,transfer
0,6130,transfer
0,6132,transfer
0,6136,transfer
0,6137,transfer
0,6140,transfer
0,6150,transfer
0,6152,transfer
0,6153,transfer
0,6159,transfer
0,6179,transfer
0,6182,transfer
0,6183,transfer
0,6184,transfer
0,6189,transfer
0,6192,transfer
0,6195,transfer
0,6212,transfer
0,6217,transfer
0,6221,transfer
0,6226,transfer
0,6230,transfer
0,6234,transfer
0,6239,transfer
0,6246,transfer
0,6255,transfer
0,6257,transfer
0,6268,transfer
0,6269,transfer
0,6280,transfer
0,6282,transfer
0,6285,transfer
0,6286,transfer
0,6287,transfer
0,6290,transfer
0,6292,transfer
0,6298,transfer
0,6299,transfer
0,6301,transfer
0,6304,transfer
0,6309,transfer
0,6317,transfer
0,6332,transfer
0,6348,transfer
0,6354,transfer
0,6365,transfer
0,6370,transfer
0,6379,transfer
0,6395,transfer
0,6402,transfer
0,6403,transfer
0,6406,transfer
0,6408,transfer
0,6409,transfer
0,6410,transfer
0,6417,transfer
0,6427,transfer
0,6442,transfer
0,6443,transfer
0,6447,transfer
0,6449,transfer
0,6459,transfer
0,6460,transfer
0,6461,transfer
0,6462,transfer
0,6469,transfer
0,6470,transfer
0,6472,transfer
0,6473,transfer
0,6479,transfer
0,6486,transfer
0,6488,transfer
0,6492,transfer
0,6518,transfer
0,6522,transfer
0,6525,transfer
0,6529,transfer
0,6533,transfer
0,6538,transfer
0,6540,transfer
0,6550,transfer
0,6554,transfer
0,6556,transfer
0,6569,transfer
0,6571,transfer
0,6589,transfer
0,6593,transfer
0,6597,transfer
0,6598,transfer
0,6600,transfer
0,6602,transfer
0,6604,transfer
0,6605,transfer
0,6606,transfer
0,6608,transfer
0,6625,transfer
0,6626,transfer
0,6628,transfer
0,6633,transfer
0,6642,transfer
0,6643,transfer
0,6644,transfer
0,6646,transfer
0,6652,transfer
0,6660,transfer
0,6661,transfer
0,6662,transfer
0,6667,transfer
0,6670,transfer
0,6675,transfer
0,6679,transfer
0,6686,transfer
0,6690,transfer
0,6691,transfer
0,6694,transfer
0,6695,transfer
0,6705,transfer
0,6707,transfer
0,6708,transfer
0,6709,transfer
0,6714,transfer
0,6715,transfer
0,6719,transfer
0,6720,transfer
0,6728,transfer
0,6729,transfer
0,6733,transfer
0,6739,transfer
0,6745,transfer
0,6748,transfer
0,6753,transfer
0,6754,transfer
0,6778,transfer
0,6785,transfer
0,6787,transfer
0,6800,transfer
0,6803,transfer
0,6810,transfer
0,6812,transfer
0,6818,transfer
0,6819,transfer
0,6822,transfer
0,6827,transfer
0,6840,transfer
0,6841,transfer
0,6843,transfer
0,6849,transfer
0,6851,transfer
0,6857,transfer
0,6864,transfer
0,6871,transfer
0,6875,transfer
0,6890,transfer
0,6892,transfer
0,6900,transfer
0,6901,transfer
0,6904,transfer
0,6913,transfer
0,6915,transfer
0,6917,transfer
0,6924,transfer
0,6925,transfer
0,6933,transfer
0,6942,transfer
0,6953,transfer
0,6958,transfer
0,6960,transfer
0,6962,transfer
0,6971,transfer
0,6975,transfer
0,6981,transfer
0,6996,transfer
0,6997,transfer
0,6998,transfer
0,6999,transfer
0,7006,transfer
0,7010,transfer
0,7014,transfer
0,7015,transfer
0,7019,transfer
0,7024,transfer
0,7028,transfer
0,7029,transfer
0,7038,transfer
0,7039,transfer
0,7046,transfer
0,7053,transfer
0,7073,transfer
0,7081,transfer
0,7089,transfer
0,7094,transfer
0,7096,transfer
0,7098,transfer
0,7102,transfer
0,7106,transfer
0,7110,transfer
0,7113,transfer
0,7123,transfer
0,7125,transfer
0,7128,transfer
0,7130,transfer
0,7132,transfer
0,7134,transfer
0,7135,transfer
0,7139,transfer
0,7142,transfer
0,7146,transfer
0,7147,transfer
0,7148,transfer
0,7149,transfer
0,7154,transfer
0,7156,transfer
0,7161,transfer
0,7166,transfer
0,7170,transfer
0,7172,transfer
0,7173,transfer
0,7177,transfer
0,7178,transfer
0,7191,transfer
0,7199,transfer
0,7207,transfer
0,7219,transfer
0,7221,transfer
0,7224,transfer
0,7247,transfer
0,7248,transfer
0,7253,transfer
0,7254,transfer
0,7264,transfer
0,7267,transfer
0,7271,transfer
0,7287,transfer
0,7290,transfer
0,7291,transfer
0,7301,transfer
0,7306,transfer
0,7307,transfer
0,7309,transfer
0,7311,transfer
0,7313,transfer
0,7318,transfer
0,7319,transfer
0,7323,transfer
0,7334,transfer
0,7335,transfer
0,7337,transfer
0,7343,transfer
0,7349,transfer
0,7350,transfer
0,7353,transfer
0,7357,transfer
0,7361,transfer
0,7367,transfer
0,7368,transfer
0,7387,transfer
0,7394,transfer
0,7395,transfer
0,7396,transfer
0,7402,transfer
0,7403,transfer
0,7416,transfer
0,7421,transfer
0,7437,transfer
0,7438,transfer
0,7447,transfer
0,7457,transfer
0,7465,transfer
0,7471,transfer
0,7473,transfer
0,7482,transfer
0,7483,transfer
0,7486,transfer
0,7492,transfer
0,7494,transfer
0,7499,transfer
0,7504,transfer
0,7507,transfer
0,7511,transfer
0,7512,transfer
0,7515,transfer
0,7526,transfer
0,7528,transfer
0,7529,transfer
0,7537,transfer
0,7543,transfer
0,7545,transfer
0,7546,transfer
0,7547,transfer
0,7553,transfer
0,7568,transfer
0,7576,transfer
0,7590,transfer
0,7593,transfer
0,7596,transfer
0,7598,transfer
0,7603,transfer
0,7621,transfer
0,7637,transfer
0,7640,transfer
0,7642,transfer
0,7649,transfer
0,7650,transfer
0,7653,transfer
0,7655,transfer
0,7664,transfer
0,7671,transfer
0,7673,transfer
0,7678,transfer
0,7684,transfer
0,7685,transfer
0,7693,transfer
0,7699,transfer
0,7703,transfer
0,7719,transfer
0,7720,transfer
0,7725,transfer
0,7729,transfer
0,7730,transfer
0,7731,transfer
0,7733,transfer
0,7735,transfer
0,7737,transfer
0,7744,transfer
0,7755,transfer
0,7762,transfer
0,7769,transfer
0,7775,transfer
0,7779,transfer
0,7787,transfer
0,7788,transfer
0,7796,transfer
0,7799,transfer
0,7805,transfer
0,7809,transfer
0,7810,transfer
0,7812,transfer
0,7813,transfer
0,7817,transfer
0,7822,transfer
0,7835,transfer
0,7836,transfer
0,7842,transfer
0,7845,transfer
0,7849,transfer
0,7853,transfer
0,7856,transfer
0,7865,transfer
0,7868,transfer
0,7875,transfer
0,7886,transfer
0,7887,transfer
0,7890,transfer
0,7891,transfer
0,7900,transfer
0,7901,transfer
0,7904,transfer
0,7906,transfer
0,7910,transfer
0,7921,transfer
0,7924,transfer
0,7931,transfer
0,7934,transfer
0,7939,transfer
0,7958,transfer
0,7961,transfer
0,7974,transfer
0,7980,transfer
0,7981,transfer
0,7988,transfer
0,7998,transfer
0,8000,transfer
0,8004,transfer
0,8005,transfer
0,8011,transfer
0,8013,transfer
0,8017,transfer
0,8018,transfer
0,8031,transfer
0,8032,transfer
0,8034,transfer
0,8035,transfer
0,8043,transfer
0,8044,transfer
0,8047,transfer
0,8057,transfer
0,8062,transfer
0,8067,transfer
0,8071,transfer
0,8074,transfer
0,8080,transfer
0,8085,transfer
0,8088,transfer
0,8098,transfer
0,8103,transfer
0,8107,transfer
0,8109,transfer
0,8116,transfer
0,8120,transfer
0,8122,transfer
0,8127,transfer
0,8130,transfer
0,8131,transfer
0,8132,transfer
0,8145,transfer
0,8149,transfer
0,8152,transfer
0,8154,transfer
0,8159,transfer
0,8160,transfer
0,8166,transfer
0,8167,transfer
0,8169,transfer
0,8175,transfer
0,8180,transfer
0,8181,transfer
0,8188,transfer
0,8189,transfer
0,8195,transfer
0,8197,transfer
0,8204,transfer
0,8217,transfer
0,8221,transfer
0,8223,transfer
0,8227,transfer
0,8229,transfer
0,8234,transfer
0,8239,transfer
0,8247,transfer
0,8249,transfer
0,8252,transfer
0,8256,transfer
0,8273,transfer
0,8279,transfer
0,8281,transfer
0,8296,transfer
0,8298,transfer
0,8309,transfer
0,8312,transfer
0,8322,transfer
0,8324,transfer
0,8325,transfer
0,8330,transfer
0,8335,transfer
0,8344,transfer
0,8346,transfer
0,8353,transfer
0,8355,transfer
0,8361,transfer
0,8378,transfer
0,8382,transfer
0,8384,transfer
0,8386,transfer
0,8387,transfer
0,8405,transfer
0,8417,transfer
0,8424,transfer
0,8425,transfer
0,8430,transfer
0,8433,transfer
0,8436,transfer
0,8452,transfer
0,8457,transfer
0,8459,transfer
0,8465,transfer
0,8466,transfer
0,8467,transfer
0,8468,transfer
0,8473,transfer
0,8474,transfer
0,8483,transfer
0,8485,transfer
0,8492,transfer
0,8493,transfer
0,8512,transfer
0,8514,transfer
0,8519,transfer
0,8521,transfer
0,8541,transfer
0,8552,transfer
0,8553,transfer
0,8555,transfer
0,8562,transfer
0,8563,transfer
0,8566,transfer
0,8568,transfer
0,8570,transfer
0,8593,transfer
0,8594,transfer
0,8596,transfer
0,8600,transfer
0,8603,transfer
0,8607,transfer
0,8609,transfer
0,8612,transfer
0,8616,transfer
0,8621,transfer
0,8622,transfer
0,8624,transfer
0,8630,transfer
0,8631,transfer
0,8635,transfer
0,8636,transfer
0,8640,transfer
0,8641,transfer
0,8643,transfer
0,8646,transfer
0,8651,transfer
0,8655,transfer
0,8665,transfer
0,8666,transfer
0,8667,transfer
0,8668,transfer
0,8674,transfer
0,8681,transfer
0,8688,transfer
0,8697,transfer
0,8698,transfer
0,8703,transfer
0,8714,transfer
0,8715,transfer
0,8717,transfer
0,8719,transfer
0,8732,transfer
0,8738,transfer
0,8743,transfer
0,8751,transfer
0,8752,transfer
0,8754,transfer
0,8757,transfer
0,8764,transfer
0,8768,transfer
0,8773,transfer
0,8786,transfer
0,8787,transfer
0,8788,transfer
0,8794,transfer
0,8800,transfer
0,8807,transfer
0,8808,transfer
0,8809,transfer
0,8813,transfer
0,8817,transfer
0,8819,transfer
0,8823,transfer
0,8829,transfer
0,8831,transfer
0,8836,transfer
0,8838,transfer
0,8841,transfer
0,8844,transfer
0,8860,transfer
0,8864,transfer
0,8869,transfer
0,8878,transfer
0,8880,transfer
0,8889,transfer
0,8899,transfer
0,8902,transfer
0,8908,transfer
0,8914,transfer
0,8924,transfer
0,8927,transfer
0,8935,transfer
0,8957,transfer
0,8967,transfer
0,8983,transfer
0,8985,transfer
0,8999,transfer
0,9000,transfer
0,9009,transfer
0,9011,transfer
0,9020,transfer
0,9043,transfer
0,9051,transfer
0,9053,transfer
0,9057,transfer
0,9068,transfer
0,9087,transfer
0,9099,transfer
0,9105,transfer
0,9107,transfer
0,9110,transfer
0,9114,transfer
0,9117,transfer
0,9135,transfer
0,9140,transfer
0,9143,transfer
0,9148,transfer
0,9152,transfer
0,9154,transfer
0,9158,transfer
0,9159,transfer
0,9160,transfer
0,9164,transfer
0,9170,transfer
0,9171,transfer
0,9176,transfer
0,9178,transfer
0,9181,transfer
0,9186,transfer
0,9206,transfer
0,9210,transfer
0,9211,transfer
0,9218,transfer
0,9219,transfer
0,9222,transfer
0,9226,transfer
0,9228,transfer
0,9231,transfer
0,9232,transfer
0,9236,transfer
0,9238,transfer
0,9244,transfer
0,9246,transfer
0,9247,transfer
0,9260,transfer
0,9264,transfer
0,9275,transfer
0,9276,transfer
0,9286,transfer
0,9291,transfer
0,9293,transfer
0,9295,transfer
0,9301,transfer
0,9309,transfer
0,9312,transfer
0,9314,transfer
0,9316,transfer
0,9322,transfer
0,9325,transfer
0,9329,transfer
0,9334,transfer
0,9340,transfer
0,9343,transfer
0,9346,transfer
0,9350,transfer
0,9351,transfer
0,9364,transfer
0,9367,transfer
0,9369,transfer
0,9376,transfer
0,9379,transfer
0,9385,transfer
0,9390,transfer
0,9392,transfer
0,9393,transfer
0,9400,transfer
0,9401,transfer
0,9404,transfer
0,9407,transfer
0,9409,transfer
0,9410,transfer
0,9411,transfer
0,9420,transfer
0,9425,transfer
0,9426,transfer
0,9427,transfer
0,9441,transfer
0,9447,transfer
0,9451,transfer
0,9456,transfer
0,9458,transfer
0,9467,transfer
0,9469,transfer
0,9473,transfer
0,9476,transfer
0,9494,transfer
0,9498,transfer
0,9501,transfer
0,9506,transfer
0,9509,transfer
0,9510,transfer
0,9515,transfer
0,9518,transfer
0,9527,transfer
0,9528,transfer
0,9530,transfer
0,9533,transfer
0,9536,transfer
0,9539,transfer
0,9544,transfer
0,9548,transfer
0,9549,transfer
0,9554,transfer
0,9555,transfer
0,9574,transfer
0,9578,transfer
0,9587,transfer
0,9596,transfer
0,9601,transfer
0,9604,transfer
0,9611,transfer
0,9612,transfer
0,9613,transfer
0,9614,transfer
0,9616,transfer
0,9617,transfer
0,9625,transfer
0,9632,transfer
0,9639,transfer
0,9641,transfer
0,9642,transfer
0,9676,transfer
0,9681,transfer
0,9684,transfer
0,9691,transfer
0,9692,transfer
0,9694,transfer
0,9698,transfer
0,9699,transfer
0,9700,transfer
0,9701,transfer
0,9707,transfer
0,9712,transfer
0,9713,transfer
0,9716,transfer
0,9718,transfer
0,9719,transfer
0,9723,transfer
0,9732,transfer
0,9733,transfer
0,9735,transfer
0,9741,transfer
0,9746,transfer
0,9748,transfer
0,9751,transfer
0,9759,transfer
0,9763,transfer
0,9769,transfer
0,9776,transfer
0,9779,transfer
0,9789,transfer
0,9790,transfer
0,9792,transfer
0,9796,transfer
0,9799,transfer
0,9811,transfer
0,9816,transfer
0,9824,transfer
0,9826,transfer
0,9829,transfer
0,9836,transfer
0,9845,transfer
0,9849,transfer
0,9864,transfer
0,9872,transfer
0,9874,transfer
0,9877,transfer
0,9885,transfer
0,9892,transfer
0,9896,transfer
0,9898,transfer
0,9901,transfer
0,9906,transfer
0,9907,transfer
0,9922,transfer
0,9923,transfer
0,9924,transfer
0,9925,transfer
0,9929,transfer
0,9934,transfer
0,9935,transfer
0,9939,transfer
0,9942,transfer
0,9943,transfer
0,9945,transfer
0,9947,transfer
0,9952,transfer
0,9953,transfer
0,9959,transfer
0,9969,transfer
0,9979,transfer
0,9987,transfer
0,3,validation
0,4,validation
0,11,validation
0,14,validation
0,23,validation
0,24,validation
0,38,validation
0,39,validation
0,41,validation
0,42,validation
0,53,validation
0,58,validation
0,61,validation
0,67,validation
0,69,validation
0,70,validation
0,71,validation
0,75,validation
0,77,validation
0,91,validation
0,96,validation
0,99,validation
0,107,validation
0,109,validation
0,111,validation
0,115,validation
0,130,validation
0,143,validation
0,154,validation
0,157,validation
0,160,validation
0,172,validation
0,183,validation
0,188,validation
0,201,validation
0,207,validation
0,208,validation
0,211,validation
0,220,validation
0,244,validation
0,257,validation
0,259,validation
0,273,validation
0,279,validation
0,289,validation
0,299,validation
0,301,validation
0,314,validation
0,325,validation
0,330,validation
0,332,validation
0,333,validation
0,336,validation
0,342,validation
0,346,validation
0,348,validation
0,349,validation
0,382,validation
0,386,validation
0,397,validation
0,408,validation
0,415,validation
0,432,validation
0,438,validation
0,442,validation
0,455,validation
0,465,validation
0,476,validation
0,479,validation
0,487,validation
0,488,validation
0,492,validation
0,496,validation
0,498,validation
0,510,validation
0,514,validation
0,515,validation
0,527,validation
0,528,validation
0,538,validation
0,545,validation
0,551,validation
0,564,validation
0,567,validation
0,575,validation
0,583,validation
0,589,validation
0,595,validation
0,601,validation
0,605,validation
0,612,validation
0,615,validation
0,616,validation
0,618,validation
0,629,validation
0,640,validation
0,646,validation
0,662,validation
0,667,validation
0,682,validation
0,688,validation
0,698,validation
0,705,validation
0,718,validation
0,721,validation
0,722,validation
0,724,validation
0,726,validation
0,734,validation
0,744,validation
0,748,validation
0,749,validation
0,750,validation
0,753,validation
0,754,validation
0,756,validation
0,761,validation
0,762,validation
0,765,validation
0,769,validation
0,772,validation
0,774,validation
0,780,validation
0,786,validation
0,788,validation
0,791,validation
0,800,validation
0,801,validation
0,805,validation
0,808,validation
0,819,validation
0,828,validation
0,848,validation
0,862,validation
0,895,validation
0,896,validation
0,910,validation
0,921,validation
0,924,validation
0,928,validation
0,943,validation
0,970,validation
0,971,validation
0,974,validation
0,1007,validation
0,1012,validation
0,1019,validation
0,1020,validation
0,1021,validation
0,1023,validation
0,1030,validation
0,1031,validation
0,1034,validation
0,1036,validation
0,1037,validation
0,1038,validation
0,1050,validation
0,1053,validation
0,1056,validation
0,1065,validation
0,1073,validation
0,1083,validation
0,1088,validation
0,1089,validation
0,1090,validation
0,1103,validation
0,1113,validation
0,1124,validation
0,1135,validation
0,1137,validation
0,1139,validation
0,1143,validation
0,1144,validation
0,1147,validation
0,1153,validation
0,1154,validation
0,1167,validation
0,1179,validation
0,1182,validation
0,1193,validation
0,1210,validation
0,1220,validation
0,1221,validation
0,1222,validation
0,1234,validation
0,1238,validation
0,1246,validation
0,1249,validation
0,1257,validation
0,1258,validation
0,1261,validation
0,1263,validation
0,1265,validation
0,1272,validation
0,1276,validation
0,1321,validation
0,1349,validation
0,1352,validation
0,1355,validation
0,1360,validation
0,1366,validation
0,1369,validation
0,1375,validation
0,1381,validation
0,1385,validation
0,1387,validation
0,1389,validation
0,1398,validation
0,1404,validation
0,1410,validation
0,1411,validation
0,1412,validation
0,1415,validation
0,1420,validation
0,1427,validation
0,1433,validation
0,1434,validation
0,1437,validation
0,1451,validation
0,1457,validation
0,1474,validation
0,1475,validation
0,1476,validation
0,1482,validation
0,1485,validation
0,1488,validation
0,1489,validation
0,1500,validation
0,1511,validation
0,1514,validation
0,1515,validation
0,1517,validation
0,1548,validation
0,1551,validation
0,1557,validation
0,1571,validation
0,1593,validation
0,1595,validation
0,1596,validation
0,1598,validation
0,1599,validation
0,1600,validation
0,1603,validation
0,1604,validation
0,1609,validation
0,1634,validation
0,1641,validation
0,1642,validation
0,1648,validation
0,1649,validation
0,1654,validation
0,1661,validation
0,1674,validation
0,1688,validation
0,1693,validation
0,1702,validation
0,1710,validation
0,1720,validation
0,1724,validation
0,1728,validation
0,1738,validation
0,1741,validation
0,1746,validation
0,1749,validation
0,1751,validation
0,1766,validation
0,1768,validation
0,1771,validation
0,1776,validation
0,1780,validation
0,1781,validation
0,1783,validation
0,1786,validation
0,1788,validation
0,1792,validation
0,1797,validation
0,1807,validation
0,1825,validation
0,1826,validation
0,1854,validation
0,1864,validation
0,1868,validation
0,1877,validation
0,1885,validation
0,1891,validation
0,1903,validation
0,1914,validation
0,1917,validation
0,1926,validation
0,1936,validation
0,1942,validation
0,1953,validation
0,1955,validation
0,1956,validation
0,1958,validation
0,1964,validation
0,1967,validation
0,1974,validation
0,1977,validation
0,1980,validation
0,1994,validation
0,2000,validation
0,2016,validation
0,2021,validation
0,2028,validation
0,2035,validation
0,2045,validation
0,2061,validation
0,2068,validation
0,2079,validation
0,2085,validation
0,2088,validation
0,2106,validation
0,2107,validation
0,2121,validation
0,2123,validation
0,2150,validation
0,2160,validation
0,2167,validation
0,2171,validation
0,2173,validation
0,2174,validation
0,2179,validation
0,2181,validation
0,2193,validation
0,2203,validation
0,2206,validation
0,2219,validation
0,2231,validation
0,2236,validation
0,2241,validation
0,2244,validation
0,2249,validation
0,2253,validation
0,2259,validation
0,2262,validation
0,2271,validation
0,2273,validation
0,2283,validation
0,2297,validation
0,2305,validation
0,2310,validation
0,2315,validation
0,2331,validation
0,2334,validation
0,2336,validation
0,2339,validation
0,2351,validation
0,2353,validation
0,2357,validation
0,2360,validation
0,2361,validation
0,2363,validation
0,2376,validation
0,2389,validation
0,2390,validation
0,2391,validation
0,2395,validation
0,2397,validation
0,2398,validation
0,2400,validation
0,2407,validation
0,2413,validation
0,2421,validation
0,2429,validation
0,2436,validation
0,2438,validation
0,2448,validation
0,2449,validation
0,2464,validation
0,2483,validation
0,2486,validation
0,2508,validation
0,2517,validation
0,2531,validation
0,2536,validation
0,2546,validation
0,2558,validation
0,2562,validation
0,2569,validation
0,2570,validation
0,2580,validation
0,2592,validation
0,2597,validation
0,2610,validation
0,2611,validation
0,2613,validation
0,2615,validation
0,2636,validation
0,2638,validation
0,2642,validation
0,2643,validation
0,2645,validation
0,2648,validation
0,2652,validation
0,2665,validation
0,2687,validation
0,2703,validation
0,2704,validation
0,2706,validation
0,2708,validation
0,2712,validation
0,2719,validation
0,2725,validation
0,2730,validation
0,2740,validation
0,2744,validation
0,2747,validation
0,2759,validation
0,2760,validation
0,2763,validation
0,2764,validation
0,2771,validation
0,2774,validation
0,2784,validation
0,2795,validation
0,2796,validation
0,2800,validation
0,2805,validation
0,2809,validation
0,2817,validation
0,2820,validation
0,2834,validation
0,2842,validation
0,2844,validation
0,2847,validation
0,2848,validation
0,2849,validation
0,2861,validation
0,2862,validation
0,2866,validation
0,2867,validation
0,2870,validation
0,2872,validation
0,2888,validation
0,2894,validation
0,2896,validation
0,2897,validation
0,2898,validation
0,2902,validation
0,2906,validation
0,2911,validation
0,2918,validation
0,2934,validation
0,2938,validation
0,2943,validation
0,2945,validation
0,2950,validation
0,2960,validation
0,2963,validation
0,2969,validation
0,2973,validation
0,2977,validation
0,2995,validation
0,3007,validation
0,3014,validation
0,3015,validation
0,3020,validation
0,3021,validation
0,3025,validation
0,3045,validation
0,3047,validation
0,3052,validation
0,3057,validation
0,3074,validation
0,3089,validation
0,3093,validation
0,3106,validation
0,3109,validation
0,3112,validation
0,3123,validation
0,3126,validation
0,3139,validation
0,3145,validation
0,3153,validation
0,3168,validation
0,3176,validation
0,3180,validation
0,3198,validation
0,3204,validation
0,3212,validation
0,3213,validation
0,3223,validation
0,3224,validation
0,3226,validation
0,3232,validation
0,3235,validation
0,3242,validation
0,3250,validation
0,3255,validation
0,3257,validation
0,3260,validation
0,3263,validation
0,3266,validation
0,3271,validation
0,3274,validation
0,3284,validation
0,3293,validation
0,3307,validation
0,3327,validation
0,3328,validation
0,3333,validation
0,3338,validation
0,3342,validation
0,3359,validation
0,3362,validation
0,3372,validation
0,3375,validation
0,3397,validation
0,3407,validation
0,3422,validation
0,3424,validation
0,3427,validation
0,3429,validation
0,3435,validation
0,3439,validation
0,3441,validation
0,3442,validation
0,3443,validation
0,3444,validation
0,3461,validation
0,3462,validation
0,3488,validation
0,3504,validation
0,3510,validation
0,3511,validation
0,3519,validation
0,3520,validation
0,3524,validation
0,3534,validation
0,3539,validation
0,3543,validation
0,3551,validation
0,3558,validation
0,3567,validation
0,3583,validation
0,3584,validation
0,3595,validation
0,3601,validation
0,3606,validation
0,3607,validation
0,3612,validation
0,3616,validation
0,3631,validation
0,3636,validation
0,3648,validation
0,3649,validation
0,3661,validation
0,3662,validation
0,3667,validation
0,3677,validation
0,3685,validation
0,3687,validation
0,3689,validation
0,3691,validation
0,3718,validation
0,3720,validation
0,3729,validation
0,3740,validation
0,3747,validation
0,3750,validation
0,3751,validation
0,3752,validation
0,3753,validation
0,3761,validation
0,3768,validation
0,3785,validation
0,3792,validation
0,3793,validation
0,3799,validation
0,3804,validation
0,3806,validation
0,3827,validation
0,3831,validation
0,3838,validation
0,3844,validation
0,3851,validation
0,3856,validation
0,3858,validation
0,3865,validation
0,3867,validation
0,3886,validation
0,3893,validation
0,3897,validation
0,3899,validation
0,3901,validation
0,3908,validation
0,3934,validation
0,3935,validation
0,3938,validation
0,3940,validation
0,3947,validation
0,3956,validation
0,3957,validation
0,3958,validation
0,3975,validation
0,3983,validation
0,3986,validation
0,3994,validation
0,4007,validation
0,4010,validation
0,4020,validation
0,4030,validation
0,4044,validation
0,4047,validation
0,4049,validation
0,4073,validation
0,4080,validation
0,4081,validation
0,4084,validation
0,4086,validation
0,4090,validation
0,4091,validation
0,4093,validation
0,4101,validation
0,4102,validation
0,4105,validation
0,4108,validation
0,4120,validation
0,4143,validation
0,4145,validation
0,4147,validation
0,4154,validation
0,4165,validation
0,4168,validation
0,4171,validation
0,4178,validation
0,4179,validation
0,4187,validation
0,4189,validation
0,4190,validation
0,4193,validation
0,4194,validation
0,4198,validation
0,4208,validation
0,4215,validation
0,4217,validation
0,4227,validation
0,4229,validation
0,4242,validation
0,4243,validation
0,4267,validation
0,4283,validation
0,4285,validation
0,4291,validation
0,4294,validation
0,4296,validation
0,4315,validation
0,4318,validation
0,4330,validation
0,4331,validation
0,4332,validation
0,4334,validation
0,4338,validation
0,4339,validation
0,4346,validation
0,4349,validation
0,4351,validation
0,4387,validation
0,4395,validation
0,4410,validation
0,4426,validation
0,4429,validation
0,4433,validation
0,4435,validation
0,4451,validation
0,4452,validation
0,4454,validation
0,4458,validation
0,4470,validation
0,4475,validation
0,4481,validation
0,4490,validation
0,4491,validation
0,4498,validation
0,4500,validation
0,4506,validation
0,4512,validation
0,4515,validation
0,4516,validation
0,4525,validation
0,4526,validation
0,4528,validation
0,4533,validation
0,4544,validation
0,4557,validation
0,4579,validation
0,4581,validation
0,4585,validation
0,4589,validation
0,4598,validation
0,4599,validation
0,4610,validation
0,4615,validation
0,4618,validation
0,4620,validation
0,4621,validation
0,4626,validation
0,4628,validation
0,4629,validation
0,4660,validation
0,4667,validation
0,4671,validation
0,4675,validation
0,4698,validation
0,4712,validation
0,4713,validation
0,4725,validation
0,4738,validation
0,4746,validation
0,4748,validation
0,4751,validation
0,4754,validation
0,4757,validation
0,4764,validation
0,4765,validation
0,4778,validation
0,4779,validation
0,4788,validation
0,4789,validation
0,4794,validation
0,4796,validation
0,4801,validation
0,4803,validation
0,4811,validation
0,4813,validation
0,4814,validation
0,4825,validation
0,4827,validation
0,4828,validation
0,4833,validation
0,4846,validation
0,4851,validation
0,4854,validation
0,4860,validation
0,4880,validation
0,4887,validation
0,4898,validation
0,4914,validation
0,4922,validation
0,4924,validation
0,4929,validation
0,4947,validation
0,4952,validation
0,4962,validation
0,4965,validation
0,4985,validation
0,4986,validation
0,4989,validation
0,4990,validation
0,4995,validation
0,5006,validation
0,5027,validation
0,5030,validation
0,5038,validation
0,5047,validation
0,5048,validation
0,5053,validation
0,5054,validation
0,5056,validation
0,5078,validation
0,5079,validation
0,5080,validation
0,5084,validation
0,5091,validation
0,5100,validation
0,5104,validation
0,5113,validation
0,5118,validation
0,5125,validation
0,5140,validation
0,5143,validation
0,5149,validation
0,5165,validation
0,5173,validation
0,5184,validation
0,5191,validation
0,5211,validation
0,5212,validation
0,5216,validation
0,5219,validation
0,5225,validation
0,5238,validation
0,5246,validation
0,5248,validation
0,5250,validation
0,5261,validation
0,5275,validation
0,5284,validation
0,5290,validation
0,5291,validation
0,5292,validation
0,5294,validation
0,5302,validation
0,5306,validation
0,5313,validation
0,5324,validation
0,5328,validation
0,5329,validation
0,5332,validation
0,5345,validation
0,5347,validation
0,5355,validation
0,5358,validation
0,5359,validation
0,5377,validation
0,5385,validation
0,5386,validation
0,5396,validation
0,5414,validation
0,5416,validation
0,5421,validation
0,5426,validation
0,5428,validation
0,5436,validation
0,5441,validation
0,5444,validation
0,5446,validation
0,5447,validation
0,5468,validation
0,5477,validation
0,5478,validation
0,5488,validation
0,5495,validation
0,5498,validation
0,5506,validation
0,5512,validation
0,5513,validation
0,5518,validation
0,5539,validation
0,5541,validation
0,5554,validation
0,5555,validation
0,5556,validation
0,5563,validation
0,5565,validation
0,5588,validation
0,5590,validation
0,5597,validation
0,5606,validation
0,5611,validation
0,5614,validation
0,5616,validation
0,5622,validation
0,5633,validation
0,5636,validation
0,5637,validation
0,5668,validation
0,5682,validation
0,5684,validation
0,5686,validation
0,5687,validation
0,5691,validation
0,5694,validation
0,5700,validation
0,5705,validation
0,5707,validation
0,5726,validation
0,5730,validation
0,5731,validation
0,5732,validation
0,5738,validation
0,5745,validation
0,5748,validation
0,5754,validation
0,5761,validation
0,5770,validation
0,5776,validation
0,5784,validation
0,5795,validation
0,5797,validation
0,5804,validation
0,5819,validation
0,5834,validation
0,5844,validation
0,5846,validation
0,5848,validation
0,5849,validation
0,5858,validation
0,5869,validation
0,5877,validation
0,5880,validation
0,5894,validation
0,5898,validation
0,5904,validation
0,5906,validation
0,5907,validation
0,5942,validation
0,5946,validation
0,5950,validation
0,5954,validation
0,5956,validation
0,5957,validation
0,5965,validation
0,5981,validation
0,5982,validation
0,5983,validation
0,5990,validation
0,5995,validation
0,6001,validation
0,6002,validation
0,6014,validation
0,6015,validation
0,6020,validation
0,6025,validation
0,6029,validation
0,6044,validation
0,6047,validation
0,6050,validation
0,6062,validation
0,6070,validation
0,6075,validation
0,6083,validation
0,6085,validation
0,6086,validation
0,6088,validation
0,6091,validation
0,6094,validation
0,6118,validation
0,6124,validation
0,6134,validation
0,6143,validation
0,6146,validation
0,6155,validation
0,6167,validation
0,6188,validation
0,6197,validation
0,6198,validation
0,6199,validation
0,6204,validation
0,6206,validation
0,6207,validation
0,6211,validation
0,6231,validation
0,6240,validation
0,6248,validation
0,6260,validation
0,6265,validation
0,6266,validation
0,6273,validation
0,6274,validation
0,6278,validation
0,6288,validation
0,6297,validation
0,6302,validation
0,6303,validation
0,6305,validation
0,6306,validation
0,6314,validation
0,6333,validation
0,6336,validation
0,6337,validation
0,6345,validation
0,6353,validation
0,6356,validation
0,6360,validation
0,6361,validation
0,6368,validation
0,6369,validation
0,6378,validation
0,6397,validation
0,6399,validation
0,6421,validation
0,6423,validation
0,6425,validation
0,6432,validation
0,6434,validation
0,6437,validation
0,6440,validation
0,6464,validation
0,6466,validation
0,6471,validation
0,6476,validation
0,6480,validation
0,6487,validation
0,6493,validation
0,6495,validation
0,6498,validation
0,6499,validation
0,6519,validation
0,6539,validation
0,6547,validation
0,6549,validation
0,6560,validation
0,6562,validation
0,6564,validation
0,6567,validation
0,6568,validation
0,6574,validation
0,6579,validation
0,6595,validation
0,6611,validation
0,6613,validation
0,6614,validation
0,6617,validation
0,6618,validation
0,6622,validation
0,6630,validation
0,6636,validation
0,6639,validation
0,6659,validation
0,6676,validation
0,6678,validation
0,6683,validation
0,6702,validation
0,6710,validation
0,6726,validation
0,6738,validation
0,6740,validation
0,6741,validation
0,6744,validation
0,6750,validation
0,6751,validation
0,6758,validation
0,6761,validation
0,6774,validation
0,6779,validation
0,6781,validation
0,6790,validation
0,6793,validation
0,6799,validation
0,6806,validation
0,6809,validation
0,6816,validation
0,6820,validation
0,6834,validation
0,6859,validation
0,6865,validation
0,6866,validation
0,6869,validation
0,6887,validation
0,6891,validation
0,6899,validation
0,6907,validation
0,6912,validation
0,6914,validation
0,6920,validation
0,6929,validation
0,6937,validation
0,6948,validation
0,6952,validation
0,6961,validation
0,6970,validation
0,6973,validation
0,6979,validation
0,6980,validation
0,6982,validation
0,6992,validation
0,6993,validation
0,7005,validation
0,7007,validation
0,7009,validation
0,7016,validation
0,7022,validation
0,7027,validation
0,7035,validation
0,7044,validation
0,7056,validation
0,7057,validation
0,7061,validation
0,7065,validation
0,7067,validation
0,7070,validation
0,7071,validation
0,7078,validation
0,7082,validation
0,7091,validation
0,7099,validation
0,7100,validation
0,7103,validation
0,7115,validation
0,7117,validation
0,7120,validation
0,7121,validation
0,7126,validation
0,7127,validation
0,7131,validation
0,7137,validation
0,7145,validation
0,7158,validation
0,7159,validation
0,7171,validation
0,7179,validation
0,7181,validation
0,7185,validation
0,7188,validation
0,7196,validation
0,7209,validation
0,7215,validation
0,7223,validation
0,7239,validation
0,7243,validation
0,7255,validation
0,7265,validation
0,7270,validation
0,7273,validation
0,7277,validation
0,7282,validation
0,7297,validation
0,7310,validation
0,7331,validation
0,7338,validation
0,7344,validation
0,7345,validation
0,7356,validation
0,7360,validation
0,7363,validation
0,7365,validation
0,7370,validation
0,7373,validation
0,7376,validation
0,7381,validation
0,7390,validation
0,7392,validation
0,7398,validation
0,7401,validation
0,7427,validation
0,7434,validation
0,7442,validation
0,7453,validation
0,7456,validation
0,7477,validation
0,7485,validation
0,7496,validation
0,7498,validation
0,7500,validation
0,7521,validation
0,7533,validation
0,7534,validation
0,7536,validation
0,7542,validation
0,7548,validation
0,7551,validation
0,7554,validation
0,7560,validation
0,7562,validation
0,7577,validation
0,7581,validation
0,7582,validation
0,7587,validation
0,7589,validation
0,7602,validation
0,7605,validation
0,7619,validation
0,7624,validation
0,7630,validation
0,7631,validation
0,7632,validation
0,7636,validation
0,7638,validation
0,7646,validation
0,7648,validation
0,7654,validation
0,7658,validation
0,7662,validation
0,7668,validation
0,7676,validation
0,7679,validation
0,7686,validation
0,7691,validation
0,7692,validation
0,7711,validation
0,7717,validation
0,7726,validation
0,7732,validation
0,7734,validation
0,7741,validation
0,7742,validation
0,7743,validation
0,7746,validation
0,7753,validation
0,7757,validation
0,7768,validation
0,7771,validation
0,7791,validation
0,7792,validation
0,7793,validation
0,7797,validation
0,7804,validation
0,7815,validation
0,7820,validation
0,7834,validation
0,7854,validation
0,7860,validation
0,7862,validation
0,7881,validation
0,7885,validation
0,7889,validation
0,7893,validation
0,7896,validation
0,7923,validation
0,7926,validation
0,7933,validation
0,7935,validation
0,7938,validation
0,7959,validation
0,7973,validation
0,7989,validation
0,7990,validation
0,7993,validation
0,7996,validation
0,8012,validation
0,8016,validation
0,8020,validation
0,8037,validation
0,8040,validation
0,8053,validation
0,8061,validation
0,8063,validation
0,8064,validation
0,8065,validation
0,8070,validation
0,8073,validation
0,8076,validation
0,8081,validation
0,8082,validation
0,8083,validation
0,8092,validation
0,8093,validation
0,8097,validation
0,8099,validation
0,8112,validation
0,8118,validation
0,8119,validation
0,8136,validation
0,8142,validation
0,8143,validation
0,8144,validation
0,8153,validation
0,8163,validation
0,8182,validation
0,8200,validation
0,8203,validation
0,8205,validation
0,8206,validation
0,8235,validation
0,8240,validation
0,8255,validation
0,8258,validation
0,8266,validation
0,8270,validation
0,8272,validation
0,8278,validation
0,8284,validation
0,8297,validation
0,8300,validation
0,8316,validation
0,8323,validation
0,8326,validation
0,8333,validation
0,8337,validation
0,8362,validation
0,8369,validation
0,8376,validation
0,8380,validation
0,8392,validation
0,8395,validation
0,8406,validation
0,8408,validation
0,8409,validation
0,8415,validation
0,8426,validation
0,8447,validation
0,8449,validation
0,8464,validation
0,8469,validation
0,8477,validation
0,8479,validation
0,8480,validation
0,8482,validation
0,8496,validation
0,8509,validation
0,8517,validation
0,8527,validation
0,8530,validation
0,8542,validation
0,8543,validation
0,8547,validation
0,8549,validation
0,8550,validation
0,8551,validation
0,8561,validation
0,8565,validation
0,8567,validation
0,8578,validation
0,8579,validation
0,8581,validation
0,8586,validation
0,8587,validation
0,8589,validation
0,8590,validation
0,8595,validation
0,8598,validation
0,8601,validation
0,8604,validation
0,8608,validation
0,8620,validation
0,8626,validation
0,8628,validation
0,8629,validation
0,8644,validation
0,8645,validation
0,8672,validation
0,8675,validation
0,8678,validation
0,8684,validation
0,8690,validation
0,8691,validation
0,8704,validation
0,8706,validation
0,8710,validation
0,8716,validation
0,8718,validation
0,8721,validation
0,8726,validation
0,8734,validation
0,8742,validation
0,8744,validation
0,8745,validation
0,8746,validation
0,8747,validation
0,8749,validation
0,8765,validation
0,8767,validation
0,8774,validation
0,8780,validation
0,8796,validation
0,8804,validation
0,8812,validation
0,8818,validation
0,8843,validation
0,8846,validation
0,8848,validation
0,8857,validation
0,8897,validation
0,8907,validation
0,8917,validation
0,8920,validation
0,8929,validation
0,8930,validation
0,8931,validation
0,8939,validation
0,8940,validation
0,8942,validation
0,8947,validation
0,8950,validation
0,8953,validation
0,8958,validation
0,8969,validation
0,8973,validation
0,8974,validation
0,8982,validation
0,8993,validation
0,8996,validation
0,8997,validation
0,9004,validation
0,9013,validation
0,9016,validation
0,9030,validation
0,9031,validation
0,9033,validation
0,9034,validation
0,9044,validation
0,9058,validation
0,9060,validation
0,9061,validation
0,9062,validation
0,9065,validation
0,9069,validation
0,9070,validation
0,9076,validation
0,9082,validation
0,9093,validation
0,9094,validation
0,9100,validation
0,9109,validation
0,9119,validation
0,9124,validation
0,9128,validation
0,9142,validation
0,9145,validation
0,9149,validation
0,9150,validation
0,9151,validation
0,9166,validation
0,9167,validation
0,9174,validation
0,9183,validation
0,9188,validation
0,9192,validation
0,9205,validation
0,9212,validation
0,9215,validation
0,9216,validation
0,9225,validation
0,9239,validation
0,9242,validation
0,9256,validation
0,9258,validation
0,9265,validation
0,9270,validation
0,9277,validation
0,9285,validation
0,9288,validation
0,9296,validation
0,9304,validation
0,9305,validation
0,9318,validation
0,9319,validation
0,9333,validation
0,9336,validation
0,9337,validation
0,9345,validation
0,9348,validation
0,9380,validation
0,9384,validation
0,9387,validation
0,9391,validation
0,9413,validation
0,9419,validation
0,9430,validation
0,9436,validation
0,9438,validation
0,9439,validation
0,9446,validation
0,9452,validation
0,9454,validation
0,9459,validation
0,9462,validation
0,9466,validation
0,9472,validation
0,9479,validation
0,9481,validation
0,9493,validation
0,9499,validation
0,9507,validation
0,9545,validation
0,9552,validation
0,9559,validation
0,9566,validation
0,9569,validation
0,9572,validation
0,9585,validation
0,9607,validation
0,9630,validation
0,9635,validation
0,9643,validation
0,9645,validation
0,9648,validation
0,9649,validation
0,9654,validation
0,9655,validation
0,9657,validation
0,9659,validation
0,9663,validation
0,9680,validation
0,9687,validation
0,9689,validation
0,9690,validation
0,9711,validation
0,9715,validation
0,9736,validation
0,9737,validation
0,9754,validation
0,9760,validation
0,9773,validation
0,9777,validation
0,9778,validation
0,9782,validation
0,9787,validation
0,9803,validation
0,9804,validation
0,9809,validation
0,9818,validation
0,9822,validation
0,9832,validation
0,9842,validation
0,9850,validation
0,9851,validation
0,9852,validation
0,9865,validation
0,9868,validation
0,9888,validation
0,9895,validation
0,9900,validation
0,9902,validation
0,9908,validation
0,9911,validation
0,9912,validation
0,9915,validation
0,9916,validation
0,9917,validation
0,9930,validation
0,9932,validation
0,9949,validation
0,9960,validation
0,9981,validation
0,9982,validation
0,9990,validation
0,0,test
0,9,test
0,16,test
0,28,test
0,30,test
0,31,test
0,43,test
0,48,test
0,50,test
0,82,test
0,84,test
0,88,test
0,94,test
0,112,test
0,119,test
0,125,test
0,148,test
0,151,test
0,174,test
0,182,test
0,184,test
0,187,test
0,194,test
0,195,test
0,197,test
0,202,test
0,203,test
0,205,test
0,209,test
0,222,test
0,223,test
0,226,test
0,239,test
0,240,test
0,251,test
0,254,test
0,258,test
0,265,test
0,269,test
0,277,test
0,285,test
0,286,test
0,290,test
0,291,test
0,292,test
0,308,test
0,312,test
0,318,test
0,345,test
0,347,test
0,352,test
0,358,test
0,359,test
0,363,test
0,364,test
0,372,test
0,377,test
0,379,test
0,403,test
0,407,test
0,421,test
0,422,test
0,433,test
0,446,test
0,447,test
0,451,test
0,462,test
0,466,test
0,484,test
0,494,test
0,499,test
0,500,test
0,502,test
0,507,test
0,508,test
0,516,test
0,517,test
0,519,test
0,532,test
0,533,test
0,540,test
0,541,test
0,542,test
0,543,test
0,547,test
0,548,test
0,550,test
0,558,test
0,561,test
0,568,test
0,569,test
0,584,test
0,587,test
0,590,test
0,597,test
0,636,test
0,637,test
0,643,test
0,644,test
0,649,test
0,654,test
0,672,test
0,673,test
0,676,test
0,677,test
0,680,test
0,685,test
0,696,test
0,709,test
0,713,test
0,723,test
0,736,test
0,739,test
0,742,test
0,751,test
0,752,test
0,758,test
0,759,test
0,781,test
0,785,test
0,787,test
0,802,test
0,813,test
0,820,test
0,835,test
0,836,test
0,842,test
0,844,test
0,847,test
0,852,test
0,872,test
0,876,test
0,879,test
0,880,test
0,883,test
0,908,test
0,909,test
0,913,test
0,925,test
0,934,test
0,954,test
0,956,test
0,957,test
0,964,test
0,976,test
0,978,test
0,996,test
0,1013,test
0,1014,test
0,1016,test
0,1032,test
0,1035,test
0,1039,test
0,1040,test
0,1049,test
0,1052,test
0,1060,test
0,1064,test
0,1078,test
0,1081,test
0,1082,test
0,1086,test
0,1096,test
0,1098,test
0,1099,test
0,1107,test
0,1111,test
0,1115,test
0,1120,test
0,1132,test
0,1160,test
0,1163,test
0,1171,test
0,1176,test
0,1180,test
0,1181,test
0,1189,test
0,1196,test
0,1197,test
0,1198,test
0,1206,test
0,1208,test
0,1212,test
0,1214,test
0,1218,test
0,1229,test
0,1230,test
0,1235,test
0,1241,test
0,1245,test
0,1269,test
0,1273,test
0,1292,test
0,1299,test
0,1302,test
0,1312,test
0,1314,test
0,1328,test
0,1332,test
0,1336,test
0,1337,test
0,1356,test
0,1363,test
0,1365,test
0,1388,test
0,1391,test
0,1399,test
0,1400,test
0,1403,test
0,1416,test
0,1422,test
0,1423,test
0,1446,test
0,1459,test
0,1464,test
0,1467,test
0,1481,test
0,1486,test
0,1490,test
0,1501,test
0,1507,test
0,1509,test
0,1512,test
0,1516,test
0,1518,test
0,1519,test
0,1522,test
0,1546,test
0,1553,test
0,1556,test
0,1559,test
0,1560,test
0,1577,test
0,1579,test
0,1582,test
0,1583,test
0,1585,test
0,1589,test
0,1590,test
0,1605,test
0,1613,test
0,1624,test
0,1645,test
0,1650,test
0,1657,test
0,1659,test
0,1670,test
0,1671,test
0,1672,test
0,1680,test
0,1684,test
0,1691,test
0,1695,test
0,1700,test
0,1701,test
0,1713,test
0,1716,test
0,1717,test
0,1719,test
0,1721,test
0,1729,test
0,1730,test
0,1739,test
0,1740,test
0,1743,test
0,1745,test
0,1750,test
0,1764,test
0,1770,test
0,1785,test
0,1813,test
0,1818,test
0,1824,test
0,1831,test
0,1834,test
0,1842,test
0,1849,test
0,1857,test
0,1859,test
0,1862,test
0,1869,test
0,1871,test
0,1893,test
0,1894,test
0,1904,test
0,1911,test
0,1913,test
0,1916,test
0,1920,test
0,1929,test
0,1934,test
0,1940,test
0,1944,test
0,1945,test
0,1950,test
0,1952,test
0,1972,test
0,1979,test
0,1985,test
0,1988,test
0,1990,test
0,1995,test
0,2005,test
0,2030,test
0,2031,test
0,2033,test
0,2040,test
0,2051,test
0,2054,test
0,2064,test
0,2066,test
0,2074,test
0,2075,test
0,2077,test
0,2086,test
0,2098,test
0,2100,test
0,2103,test
0,2110,test
0,2111,test
0,2115,test
0,2120,test
0,2124,test
0,2127,test
0,2137,test
0,2140,test
0,2143,test
0,2145,test
0,2155,test
0,2159,test
0,2170,test
0,2183,test
0,2185,test
0,2198,test
0,2223,test
0,2224,test
0,2229,test
0,2233,test
0,2239,test
0,2245,test
0,2246,test
0,2254,test
0,2260,test
0,2268,test
0,2270,test
0,2285,test
0,2286,test
0,2287,test
0,2288,test
0,2294,test
0,2312,test
0,2321,test
0,2341,test
0,2356,test
0,2358,test
0,2359,test
0,2365,test
0,2369,test
0,2371,test
0,2377,test
0,2383,test
0,2406,test
0,2411,test
0,2426,test
0,2433,test
0,2443,test
0,2446,test
0,2450,test
0,2454,test
0,2459,test
0,2471,test
0,2474,test
0,2481,test
0,2488,test
0,2491,test
0,2499,test
0,2500,test
0,2502,test
0,2511,test
0,2512,test
0,2514,test
0,2518,test
0,2519,test
0,2520,test
0,2522,test
0,2523,test
0,2528,test
0,2538,test
0,2556,test
0,2574,test
0,2575,test
0,2577,test
0,2584,test
0,2591,test
0,2602,test
0,2612,test
0,2625,test
0,2637,test
0,2640,test
0,2650,test
0,2666,test
0,2668,test
0,2670,test
0,2674,test
0,2675,test
0,2683,test
0,2695,test
0,2711,test
0,2716,test
0,2720,test
0,2749,test
0,2753,test
0,2754,test
0,2768,test
0,2785,test
0,2787,test
0,2788,test
0,2804,test
0,2811,test
0,2828,test
0,2829,test
0,2833,test
0,2838,test
0,2851,test
0,2852,test
0,2855,test
0,2865,test
0,2869,test
0,2877,test
0,2880,test
0,2882,test
0,2884,test
0,2889,test
0,2895,test
0,2900,test
0,2914,test
0,2917,test
0,2920,test
0,2930,test
0,2941,test
0,2944,test
0,2962,test
0,2968,test
0,2971,test
0,2979,test
0,2983,test
0,2994,test
0,3004,test
0,3010,test
0,3027,test
0,3028,test
0,3032,test
0,3043,test
0,3044,test
0,3050,test
0,3053,test
0,3058,test
0,3069,test
0,3075,test
0,3076,test
0,3081,test
0,3084,test
0,3086,test
0,3098,test
0,3102,test
0,3103,test
0,3119,test
0,3121,test
0,3125,test
0,3127,test
0,3134,test
0,3140,test
0,3142,test
0,3158,test
0,3160,test
0,3161,test
0,3162,test
0,3166,test
0,3171,test
0,3182,test
0,3196,test
0,3216,test
0,3219,test
0,3221,test
0,3230,test
0,3244,test
0,3268,test
0,3270,test
0,3276,test
0,3278,test
0,3290,test
0,3292,test
0,3299,test
0,3305,test
0,3310,test
0,3313,test
0,3315,test
0,3316,test
0,3317,test
0,3343,test
0,3345,test
0,3346,test
0,3356,test
0,3368,test
0,3371,test
0,3379,test
0,3386,test
0,3392,test
0,3396,test
0,3405,test
0,3412,test
0,3421,test
0,3426,test
0,3433,test
0,3438,test
0,3450,test
0,3452,test
0,3453,test
0,3454,test
0,3460,test
0,3464,test
0,3470,test
0,3484,test
0,3489,test
0,3490,test
0,3493,test
0,3499,test
0,3512,test
0,3516,test
0,3523,test
0,3535,test
0,3537,test
0,3540,test
0,3559,test
0,3561,test
0,3564,test
0,3568,test
0,3577,test
0,3590,test
0,3593,test
0,3608,test
0,3611,test
0,3614,test
0,3624,test
0,3638,test
0,3645,test
0,3656,test
0,3659,test
0,3660,test
0,3664,test
0,3666,test
0,3673,test
0,3679,test
0,3682,test
0,3707,test
0,3708,test
0,3715,test
0,3721,test
0,3741,test
0,3745,test
0,3754,test
0,3756,test
0,3762,test
0,3766,test
0,3774,test
0,3791,test
0,3802,test
0,3803,test
0,3808,test
0,3819,test
0,3823,test
0,3824,test
0,3828,test
0,3829,test
0,3839,test
0,3850,test
0,3861,test
0,3873,test
0,3879,test
0,3889,test
0,3896,test
0,3902,test
0,3905,test
0,3911,test
0,3917,test
0,3920,test
0,3923,test
0,3927,test
0,3933,test
0,3937,test
0,3939,test
0,3941,test
0,3945,test
0,3954,test
0,3960,test
0,3967,test
0,3968,test
0,3988,test
0,3990,test
0,3996,test
0,4012,test
0,4017,test
0,4027,test
0,4036,test
0,4041,test
0,4045,test
0,4048,test
0,4051,test
0,4053,test
0,4066,test
0,4076,test
0,4085,test
0,4088,test
0,4115,test
0,4118,test
0,4136,test
0,4166,test
0,4183,test
0,4199,test
0,4200,test
0,4202,test
0,4203,test
0,4230,test
0,4232,test
0,4238,test
0,4241,test
0,4248,test
0,4254,test
0,4258,test
0,4259,test
0,4261,test
0,4265,test
0,4272,test
0,4274,test
0,4279,test
0,4284,test
0,4286,test
0,4287,test
0,4290,test
0,4300,test
0,4302,test
0,4304,test
0,4305,test
0,4317,test
0,4320,test
0,4323,test
0,4328,test
0,4333,test
0,4336,test
0,4344,test
0,4353,test
0,4355,test
0,4360,test
0,4363,test
0,4365,test
0,4369,test
0,4375,test
0,4377,test
0,4396,test
0,4397,test
0,4413,test
0,4415,test
0,4438,test
0,4440,test
0,4441,test
0,4442,test
0,4449,test
0,4453,test
0,4456,test
0,4466,test
0,4472,test
0,4477,test
0,4484,test
0,4486,test
0,4495,test
0,4504,test
0,4509,test
0,4524,test
0,4537,test
0,4548,test
0,4550,test
0,4552,test
0,4559,test
0,4562,test
0,4569,test
0,4573,test
0,4583,test
0,4592,test
0,4594,test
0,4597,test
0,4600,test
0,4601,test
0,4605,test
0,4617,test
0,4630,test
0,4632,test
0,4636,test
0,4647,test
0,4656,test
0,4668,test
0,4669,test
0,4679,test
0,4682,test
0,4688,test
0,4690,test
0,4693,test
0,4705,test
0,4708,test
0,4727,test
0,4733,test
0,4739,test
0,4742,test
0,4744,test
0,4752,test
0,4755,test
0,4758,test
0,4784,test
0,4785,test
0,4793,test
0,4797,test
0,4802,test
0,4805,test
0,4806,test
0,4815,test
0,4816,test
0,4835,test
0,4837,test
0,4841,test
0,4847,test
0,4850,test
0,4852,test
0,4866,test
0,4870,test
0,4885,test
0,4890,test
0,4909,test
0,4912,test
0,4916,test
0,4926,test
0,4945,test
0,4957,test
0,4958,test
0,4959,test
0,4961,test
0,4967,test
0,4968,test
0,4971,test
0,4974,test
0,4976,test
0,4984,test
0,4988,test
0,4993,test
0,5003,test
0,5005,test
0,5007,test
0,5008,test
0,5010,test
0,5011,test
0,5015,test
0,5022,test
0,5034,test
0,5044,test
0,5062,test
0,5066,test
0,5072,test
0,5086,test
0,5089,test
0,5094,test
0,5111,test
0,5131,test
0,5138,test
0,5146,test
0,5158,test
0,5167,test
0,5171,test
0,5176,test
0,5179,test
0,5196,test
0,5197,test
0,5199,test
0,5202,test
0,5213,test
0,5215,test
0,5217,test
0,5227,test
0,5230,test
0,5234,test
0,5244,test
0,5257,test
0,5263,test
0,5265,test
0,5283,test
0,5288,test
0,5295,test
0,5298,test
0,5300,test
0,5308,test
0,5317,test
0,5325,test
0,5333,test
0,5334,test
0,5342,test
0,5368,test
0,5370,test
0,5371,test
0,5375,test
0,5383,test
0,5395,test
0,5406,test
0,5409,test
0,5420,test
0,5423,test
0,5433,test
0,5434,test
0,5438,test
0,5440,test
0,5454,test
0,5457,test
0,5463,test
0,5464,test
0,5467,test
0,5479,test
0,5487,test
0,5508,test
0,5519,test
0,5522,test
0,5525,test
0,5527,test
0,5532,test
0,5534,test
0,5547,test
0,5548,test
0,5549,test
0,5550,test
0,5580,test
0,5582,test
0,5589,test
0,5591,test
0,5592,test
0,5603,test
0,5604,test
0,5607,test
0,5610,test
0,5623,test
0,5631,test
0,5638,test
0,5639,test
0,5641,test
0,5643,test
0,5650,test
0,5652,test
0,5660,test
0,5669,test
0,5675,test
0,5678,test
0,5680,test
0,5681,test
0,5692,test
0,5696,test
0,5699,test
0,5701,test
0,5703,test
0,5710,test
0,5718,test
0,5735,test
0,5739,test
0,5755,test
0,5759,test
0,5765,test
0,5769,test
0,5782,test
0,5787,test
0,5791,test
0,5792,test
0,5803,test
0,5812,test
0,5817,test
0,5820,test
0,5822,test
0,5835,test
0,5854,test
0,5856,test
0,5866,test
0,5868,test
0,5871,test
0,5882,test
0,5895,test
0,5899,test
0,5900,test
0,5905,test
0,5918,test
0,5924,test
0,5933,test
0,5935,test
0,5936,test
0,5937,test
0,5949,test
0,5951,test
0,5959,test
0,5966,test
0,5976,test
0,5991,test
0,6013,test
0,6017,test
0,6027,test
0,6028,test
0,6032,test
0,6034,test
0,6051,test
0,6071,test
0,6074,test
0,6084,test
0,6093,test
0,6113,test
0,6116,test
0,6117,test
0,6122,test
0,6129,test
0,6131,test
0,6144,test
0,6145,test
0,6154,test
0,6158,test
0,6170,test
0,6172,test
0,6174,test
0,6175,test
0,6185,test
0,6186,test
0,6193,test
0,6208,test
0,6220,test
0,6222,test
0,6223,test
0,6225,test
0,6241,test
0,6244,test
0,6247,test
0,6249,test
0,6253,test
0,6270,test
0,6271,test
0,6276,test
0,6277,test
0,6281,test
0,6284,test
0,6291,test
0,6295,test
0,6307,test
0,6311,test
0,6315,test
0,6319,test
0,6320,test
0,6325,test
0,6326,test
0,6328,test
0,6330,test
0,6347,test
0,6350,test
0,6362,test
0,6364,test
0,6367,test
0,6377,test
0,6382,test
0,6386,test
0,6389,test
0,6393,test
0,6401,test
0,6407,test
0,6415,test
0,6416,test
0,6426,test
0,6428,test
0,6430,test
0,6433,test
0,6439,test
0,6446,test
0,6448,test
0,6456,test
0,6457,test
0,6458,test
0,6505,test
0,6509,test
0,6512,test
0,6542,test
0,6544,test
0,6552,test
0,6555,test
0,6558,test
0,6576,test
0,6583,test
0,6603,test
0,6610,test
0,6612,test
0,6621,test
0,6650,test
0,6658,test
0,6664,test
0,6666,test
0,6671,test
0,6673,test
0,6687,test
0,6693,test
0,6700,test
0,6706,test
0,6723,test
0,6727,test
0,6730,test
0,6742,test
0,6743,test
0,6759,test
0,6771,test
0,6773,test
0,6777,test
0,6780,test
0,6782,test
0,6792,test
0,6794,test
0,6801,test
0,6802,test
0,6804,test
0,6808,test
0,6824,test
0,6825,test
0,6833,test
0,6836,test
0,6837,test
0,6838,test
0,6846,test
0,6853,test
0,6858,test
0,6862,test
0,6863,test
0,6867,test
0,6868,test
0,6870,test
0,6885,test
0,6888,test
0,6894,test
0,6910,test
0,6918,test
0,6926,test
0,6927,test
0,6930,test
0,6934,test
0,6939,test
0,6941,test
0,6963,test
0,6978,test
0,6987,test
0,6991,test
0,6995,test
0,7002,test
0,7013,test
0,7031,test
0,7036,test
0,7037,test
0,7040,test
0,7042,test
0,7043,test
0,7048,test
0,7050,test
0,7064,test
0,7072,test
0,7075,test
0,7077,test
0,7084,test
0,7090,test
0,7095,test
0,7097,test
0,7101,test
0,7105,test
0,7109,test
0,7118,test
0,7122,test
0,7133,test
0,7141,test
0,7151,test
0,7153,test
0,7163,test
0,7168,test
0,7187,test
0,7192,test
0,7193,test
0,7194,test
0,7198,test
0,7206,test
0,7208,test
0,7212,test
0,7213,test
0,7227,test
0,7231,test
0,7234,test
0,7237,test
0,7257,test
0,7261,test
0,7266,test
0,7274,test
0,7285,test
0,7308,test
0,7314,test
0,7317,test
0,7324,test
0,7328,test
0,7364,test
0,7366,test
0,7378,test
0,7382,test
0,7383,test
0,7386,test
0,7400,test
0,7406,test
0,7415,test
0,7417,test
0,7420,test
0,7428,test
0,7429,test
0,7436,test
0,7439,test
0,7441,test
0,7449,test
0,7450,test
0,7451,test
0,7468,test
0,7487,test
0,7491,test
0,7497,test
0,7506,test
0,7522,test
0,7531,test
0,7532,test
0,7558,test
0,7561,test
0,7563,test
0,7566,test
0,7572,test
0,7600,test
0,7610,test
0,7614,test
0,7616,test
0,7622,test
0,7627,test
0,7643,test
0,7647,test
0,7652,test
0,7675,test
0,7677,test
0,7683,test
0,7689,test
0,7697,test
0,7708,test
0,7718,test
0,7722,test
0,7724,test
0,7740,test
0,7745,test
0,7747,test
0,7759,test
0,7760,test
0,7763,test
0,7777,test
0,7778,test
0,7781,test
0,7786,test
0,7798,test
0,7800,test
0,7802,test
0,7811,test
0,7816,test
0,7821,test
0,7830,test
0,7837,test
0,7840,test
0,7850,test
0,7858,test
0,7871,test
0,7882,test
0,7888,test
0,7892,test
0,7895,test
0,7898,test
0,7905,test
0,7907,test
0,7909,test
0,7917,test
0,7920,test
0,7927,test
0,7932,test
0,7946,test
0,7948,test
0,7951,test
0,7957,test
0,7962,test
0,7963,test
0,7964,test
0,7965,test
0,7966,test
0,7967,test
0,7970,test
0,7975,test
0,7976,test
0,7977,test
0,7978,test
0,7983,test
0,7994,test
0,8009,test
0,8023,test
0,8024,test
0,8029,test
0,8045,test
0,8046,test
0,8056,test
0,8059,test
0,8069,test
0,8078,test
0,8079,test
0,8089,test
0,8090,test
0,8091,test
0,8106,test
0,8139,test
0,8140,test
0,8146,test
0,8147,test
0,8157,test
0,8158,test
0,8164,test
0,8165,test
0,8168,test
0,8171,test
0,8176,test
0,8177,test
0,8179,test
0,8194,test
0,8202,test
0,8207,test
0,8209,test
0,8212,test
0,8214,test
0,8219,test
0,8248,test
0,8257,test
0,8267,test
0,8271,test
0,8274,test
0,8275,test
0,8286,test
0,8287,test
0,8321,test
0,8327,test
0,8336,test
0,8347,test
0,8348,test
0,8356,test
0,8368,test
0,8370,test
0,8371,test
0,8374,test
0,8375,test
0,8379,test
0,8381,test
0,8385,test
0,8396,test
0,8402,test
0,8411,test
0,8414,test
0,8429,test
0,8434,test
0,8441,test
0,8442,test
0,8454,test
0,8458,test
0,8476,test
0,8495,test
0,8503,test
0,8510,test
0,8516,test
0,8534,test
0,8539,test
0,8545,test
0,8546,test
0,8558,test
0,8559,test
0,8560,test
0,8572,test
0,8573,test
0,8584,test
0,8615,test
0,8617,test
0,8625,test
0,8627,test
0,8633,test
0,8634,test
0,8637,test
0,8639,test
0,8647,test
0,8654,test
0,8656,test
0,8657,test
0,8659,test
0,8671,test
0,8676,test
0,8683,test
0,8687,test
0,8689,test
0,8702,test
0,8708,test
0,8720,test
0,8723,test
0,8725,test
0,8728,test
0,8736,test
0,8740,test
0,8755,test
0,8760,test
0,8762,test
0,8769,test
0,8771,test
0,8778,test
0,8782,test
0,8801,test
0,8820,test
0,8824,test
0,8835,test
0,8845,test
0,8849,test
0,8850,test
0,8851,test
0,8853,test
0,8870,test
0,8881,test
0,8884,test
0,8892,test
0,8896,test
0,8901,test
0,8904,test
0,8906,test
0,8922,test
0,8932,test
0,8933,test
0,8936,test
0,8952,test
0,8961,test
0,8965,test
0,8966,test
0,8975,test
0,8981,test
0,8984,test
0,8987,test
0,8989,test
0,9003,test
0,9023,test
0,9027,test
0,9036,test
0,9037,test
0,9039,test
0,9042,test
0,9045,test
0,9064,test
0,9066,test
0,9067,test
0,9072,test
0,9074,test
0,9077,test
0,9079,test
0,9080,test
0,9081,test
0,9083,test
0,9084,test
0,9090,test
0,9091,test
0,9096,test
0,9102,test
0,9103,test
0,9108,test
0,9113,test
0,9120,test
0,9126,test
0,9130,test
0,9131,test
0,9136,test
0,9137,test
0,9138,test
0,9168,test
0,9172,test
0,9184,test
0,9190,test
0,9193,test
0,9199,test
0,9208,test
0,9214,test
0,9221,test
0,9234,test
0,9261,test
0,9273,test
0,9292,test
0,9294,test
0,9298,test
0,9317,test
0,9321,test
0,9326,test
0,9327,test
0,9330,test
0,9341,test
0,9344,test
0,9347,test
0,9349,test
0,9352,test
0,9355,test
0,9357,test
0,9374,test
0,9382,test
0,9388,test
0,9394,test
0,9405,test
0,9417,test
0,9424,test
0,9429,test
0,9437,test
0,9444,test
0,9445,test
0,9453,test
0,9464,test
0,9468,test
0,9470,test
0,9474,test
0,9487,test
0,9489,test
0,9490,test
0,9492,test
0,9497,test
0,9502,test
0,9513,test
0,9516,test
0,9520,test
0,9522,test
0,9523,test
0,9526,test
0,9537,test
0,9547,test
0,9550,test
0,9553,test
0,9556,test
0,9557,test
0,9563,test
0,9564,test
0,9568,test
0,9575,test
0,9589,test
0,9591,test
0,9593,test
0,9603,test
0,9608,test
0,9638,test
0,9647,test
0,9650,test
0,9653,test
0,9656,test
0,9662,test
0,9675,test
0,9679,test
0,9706,test
0,9747,test
0,9755,test
0,9770,test
0,9772,test
0,9774,test
0,9781,test
0,9783,test
0,9795,test
0,9801,test
0,9812,test
0,9815,test
0,9823,test
0,9825,test
0,9833,test
0,9844,test
0,9853,test
0,9856,test
0,9861,test
0,9866,test
0,9879,test
0,9882,test
0,9884,test
0,9893,test
0,9899,test
0,9909,test
0,9914,test
0,9936,test
0,9951,test
0,9956,test
0,9957,test
0,9965,test
0,9966,test
0,9971,test
0,9972,test
0,9973,test
0,9985,test
0,9988,test
1,0,base
1,4,base
1,5,base
1,6,base
1,8,base
1,9,base
1,11,base
1,12,base
1,13,base
1,14,base
1,16,base
1,17,base
1,18,base
1,19,base
1,23,base
1,27,base
1,28,base
1,29,base
1,31,base
1,32,base
1,34,base
1,38,base
1,39,base
1,41,base
1,42,base
1,44,base
1,51,base
1,55,base
1,58,base
1,59,base
1,62,base
1,65,base
1,67,base
1,70,base
1,73,base
1,78,base
1,79,base
1,80,base
1,81,base
1,82,base
1,85,base
1,88,base
1,89,base
1,90,base
1,91,base
1,92,base
1,93,base
1,95,base
1,98,base
1,99,base
1,100,base
1,102,base
1,105,base
1,106,base
1,107,base
1,108,base
1,110,base
1,111,base
1,112,base
1,117,base
1,119,base
1,120,base
1,122,base
1,123,base
1,124,base
1,125,base
1,127,base
1,131,base
1,132,base
1,135,base
1,138,base
1,139,base
1,145,base
1,146,base
1,147,base
1,150,base
1,154,base
1,158,base
1,159,base
1,160,base
1,161,base
1,162,base
1,163,base
1,165,base
1,167,base
1,169,base
1,171,base
1,172,base
1,173,base
1,174,base
1,175,base
1,179,base
1,180,base
1,185,base
1,186,base
1,188,base
1,189,base
1,191,base
1,192,base
1,197,base
1,201,base
1,204,base
1,208,base
1,213,base
1,214,base
1,218,base
1,219,base
1,221,base
1,222,base
1,223,base
1,224,base
1,225,base
1,227,base
1,230,base
1,232,base
1,233,base
1,234,base
1,236,base
1,242,base
1,245,base
1,246,base
1,248,base
1,249,base
1,250,base
1,256,base
1,257,base
1,258,base
1,267,base
1,268,base
1,270,base
1,271,base
1,272,base
1,273,base
1,278,base
1,283,base
1,287,base
1,290,base
1,292,base
1,293,base
1,294,base
1,295,base
1,296,base
1,299,base
1,300,base
1,301,base
1,302,base
1,303,base
1,304,base
1,306,base
1,311,base
1,312,base
1,315,base
1,321,base
1,322,base
1,323,base
1,324,base
1,326,base
1,327,base
1,329,base
1,330,base
1,331,base
1,332,base
1,336,base
1,338,base
1,339,base
1,341,base
1,342,base
1,345,base
1,346,base
1,348,base
1,351,base
1,353,base
1,355,base
1,356,base
1,358,base
1,359,base
1,360,base
1,362,base
1,364,base
1,365,base
1,366,base
1,368,base
1,370,base
1,372,base
1,373,base
1,375,base
1,376,base
1,377,base
1,378,base
1,379,base
1,380,base
1,381,base
1,382,base
1,387,base
1,392,base
1,394,base
1,396,base
1,397,base
1,399,base
1,401,base
1,402,base
1,404,base
1,405,base
1,408,base
1,413,base
1,414,base
1,415,base
1,420,base
1,422,base
1,424,base
1,426,base
1,428,base
1,430,base
1,432,base
1,433,base
1,434,base
1,437,base
1,438,base
1,439,base
1,441,base
1,442,base
1,443,base
1,444,base
1,445,base
1,448,base
1,449,base
1,450,base
1,451,base
1,452,base
1,454,base
1,459,base
1,461,base
1,462,base
1,463,base
1,464,base
1,467,base
1,468,base
1,469,base
1,471,base
1,472,base
1,473,base
1,477,base
1,480,base
1,482,base
1,485,base
1,486,base
1,487,base
1,488,base
1,490,base
1,491,base
1,492,base
1,493,base
1,494,base
1,495,base
1,498,base
1,499,base
1,504,base
1,505,base
1,506,base
1,508,base
1,511,base
1,513,base
1,514,base
1,516,base
1,528,base
1,533,base
1,538,base
1,539,base
1,541,base
1,544,base
1,546,base
1,548,base
1,550,base
1,553,base
1,554,base
1,558,base
1,560,base
1,562,base
1,566,base
1,567,base
1,569,base
1,572,base
1,574,base
1,575,base
1,579,base
1,581,base
1,583,base
1,584,base
1,587,base
1,588,base
1,590,base
1,591,base
1,594,base
1,595,base
1,596,base
1,597,base
1,598,base
1,602,base
1,603,base
1,607,base
1,612,base
1,613,base
1,614,base
1,615,base
1,616,base
1,618,base
1,619,base
1,620,base
1,621,base
1,622,base
1,623,base
1,624,base
1,625,base
1,626,base
1,629,base
1,631,base
1,633,base
1,636,base
1,637,base
1,638,base
1,639,base
1,640,base
1,641,base
1,642,base
1,645,base
1,647,base
1,649,base
1,651,base
1,652,base
1,653,base
1,655,base
1,656,base
1,658,base
1,661,base
1,668,base
1,676,base
1,678,base
1,681,base
1,682,base
1,684,base
1,686,base
1,688,base
1,690,base
1,693,base
1,694,base
1,697,base
1,698,base
1,699,base
1,701,base
1,704,base
1,705,base
1,707,base
1,709,base
1,710,base
1,712,base
1,713,base
1,714,base
1,715,base
1,718,base
1,720,base
1,723,base
1,724,base
1,725,base
1,727,base
1,728,base
1,732,base
1,734,base
1,735,base
1,739,base
1,743,base
1,745,base
1,746,base
1,751,base
1,756,base
1,757,base
1,760,base
1,764,base
1,767,base
1,770,base
1,771,base
1,772,base
1,773,base
1,774,base
1,776,base
1,780,base
1,781,base
1,782,base
1,784,base
1,785,base
1,788,base
1,791,base
1,792,base
1,793,base
1,797,base
1,799,base
1,801,base
1,802,base
1,805,base
1,807,base
1,808,base
1,809,base
1,810,base
1,814,base
1,815,base
1,816,base
1,817,base
1,820,base
1,821,base
1,822,base
1,824,base
1,825,base
1,826,base
1,828,base
1,830,base
1,831,base
1,833,base
1,834,base
1,836,base
1,840,base
1,841,base
1,842,base
1,843,base
1,846,base
1,848,base
1,849,base
1,850,base
1,851,base
1,852,base
1,853,base
1,855,base
1,856,base
1,857,base
1,859,base
1,862,base
1,867,base
1,870,base
1,872,base
1,874,base
1,875,base
1,876,base
1,877,base
1,880,base
1,882,base
1,885,base
1,886,base
1,889,base
1,893,base
1,894,base
1,897,base
1,899,base
1,900,base
1,901,base
1,904,base
1,905,base
1,908,base
1,910,base
1,911,base
1,912,base
1,913,base
1,917,base
1,919,base
1,920,base
1,921,base
1,922,base
1,930,base
1,932,base
1,935,base
1,942,base
1,943,base
1,944,base
1,945,base
1,946,base
1,951,base
1,952,base
1,953,base
1,954,base
1,957,base
1,958,base
1,959,base
1,960,base
1,964,base
1,965,base
1,966,base
1,967,base
1,968,base
1,973,base
1,975,base
1,976,base
1,979,base
1,981,base
1,982,base
1,987,base
1,988,base
1,989,base
1,990,base
1,991,base
1,994,base
1,997,base
1,998,base
1,999,base
1,1000,base
1,1002,base
1,1009,base
1,1012,base
1,1013,base
1,1015,base
1,1016,base
1,1017,base
1,1018,base
1,1019,base
1,1020,base
1,1021,base
1,1030,base
1,1031,base
1,1032,base
1,1037,base
1,1039,base
1,1042,base
1,1043,base
1,1045,base
1,1047,base
1,1048,base
1,1049,base
1,1050,base
1,1051,base
1,1052,base
1,1053,base
1,1056,base
1,1059,base
1,1060,base
1,1062,base
1,1063,base
1,1066,base
1,1067,base
1,1068,base
1,1069,base
1,1070,base
1,1071,base
1,1072,base
1,1077,base
1,1080,base
1,1081,base
1,1083,base
1,1088,base
1,1091,base
1,1092,base
1,1094,base
1,1096,base
1,1097,base
1,1098,base
1,1099,base
1,1100,base
1,1104,base
1,1106,base
1,1107,base
1,1108,base
1,1113,base
1,1114,base
1,1115,base
1,1117,base
1,1118,base
1,1119,base
1,1123,base
1,1128,base
1,1129,base
1,1131,base
1,1133,base
1,1134,base
1,1135,base
1,1137,base
1,1139,base
1,1140,base
1,1141,base
1,1142,base
1,1144,base
1,1145,base
1,1146,base
1,1147,base
1,1151,base
1,1152,base
1,1155,base
1,1156,base
1,1158,base
1,1160,base
1,1163,base
1,1164,base
1,1167,base
1,1168,base
1,1169,base
1,1172,base
1,1173,base
1,1174,base
1,1175,base
1,1176,base
1,1177,base
1,1178,base
1,1179,base
1,1180,base
1,1182,base
1,1184,base
1,1186,base
1,1187,base
1,1189,base
1,1194,base
1,1199,base
1,1201,base
1,1204,base
1,1206,base
1,1210,base
1,1211,base
1,1212,base
1,1215,base
1,1217,base
1,1218,base
1,1219,base
1,1221,base
1,1222,base
1,1226,base
1,1227,base
1,1228,base
1,1231,base
1,1232,base
1,1233,base
1,1234,base
1,1238,base
1,1240,base
1,1243,base
1,1247,base
1,1248,base
1,1250,base
1,1253,base
1,1255,base
1,1256,base
1,1258,base
1,1260,base
1,1261,base
1,1264,base
1,1265,base
1,1271,base
1,1272,base
1,1274,base
1,1276,base
1,1278,base
1,1279,base
1,1282,base
1,1283,base
1,1286,base
1,1288,base
1,1293,base
1,1295,base
1,1296,base
1,1300,base
1,1301,base
1,1304,base
1,1308,base
1,1310,base
1,1312,base
1,1315,base
1,1316,base
1,1317,base
1,1319,base
1,1327,base
1,1328,base
1,1329,base
1,1330,base
1,1331,base
1,1332,base
1,1333,base
1,1338,base
1,1339,base
1,1340,base
1,1341,base
1,1344,base
1,1345,base
1,1350,base
1,1351,base
1,1352,base
1,1357,base
1,1362,base
1,1364,base
1,1368,base
1,1369,base
1,1371,base
1,1373,base
1,1374,base
1,1375,base
1,1376,base
1,1377,base
1,1379,base
1,1381,base
1,1383,base
1,1384,base
1,1386,base
1,1389,base
1,1390,base
1,1393,base
1,1395,base
1,1399,base
1,1404,base
1,1405,base
1,1406,base
1,1409,base
1,1410,base
1,1411,base
1,1415,base
1,1417,base
1,1418,base
1,1420,base
1,1422,base
1,1423,base
1,1425,base
1,1426,base
1,1427,base
1,1429,base
1,1430,base
1,1431,base
1,1435,base
1,1437,base
1,1440,base
1,1441,base
1,1445,base
1,1448,base
1,1449,base
1,1451,base
1,1453,base
1,1454,base
1,1455,base
1,1457,base
1,1458,base
1,1459,base
1,1460,base
1,1461,base
1,1462,base
1,1465,base
1,1466,base
1,1469,base
1,1470,base
1,1472,base
1,1478,base
1,1479,base
1,1480,base
1,1485,base
1,1486,base
1,1489,base
1,1490,base
1,1495,base
1,1497,base
1,1498,base
1,1499,base
1,1501,base
1,1503,base
1,1505,base
1,1506,base
1,1508,base
1,1510,base
1,1511,base
1,1513,base
1,1514,base
1,1518,base
1,1521,base
1,1523,base
1,1524,base
1,1526,base
1,1527,base
1,1528,base
1,1529,base
1,1530,base
1,1534,base
1,1535,base
1,1538,base
1,1539,base
1,1541,base
1,1544,base
1,1546,base
1,1548,base
1,1549,base
1,1552,base
1,1553,base
1,1556,base
1,1557,base
1,1559,base
1,1562,base
1,1566,base
1,1568,base
1,1571,base
1,1573,base
1,1574,base
1,1576,base
1,1577,base
1,1578,base
1,1579,base
1,1581,base
1,1582,base
1,1586,base
1,1587,base
1,1588,base
1,1591,base
1,1592,base
1,1597,base
1,1598,base
1,1601,base
1,1603,base
1,1604,base
1,1605,base
1,1607,base
1,1608,base
1,1611,base
1,1613,base
1,1614,base
1,1615,base
1,1617,base
1,1618,base
1,1619,base
1,1621,base
1,1622,base
1,1623,base
1,1626,base
1,1627,base
1,1628,base
1,1630,base
1,1631,base
1,1633,base
1,1637,base
1,1639,base
1,1640,base
1,1642,base
1,1643,base
1,1644,base
1,1646,base
1,1647,base
1,1648,base
1,1651,base
1,1653,base
1,1655,base
1,1656,base
1,1657,base
1,1661,base
1,1663,base
1,1669,base
1,1671,base
1,1673,base
1,1674,base
1,1675,base
1,1676,base
1,1677,base
1,1682,base
1,1685,base
1,1686,base
1,1687,base
1,1688,base
1,1689,base
1,1695,base
1,1696,base
1,1699,base
1,1700,base
1,1701,base
1,1704,base
1,1705,base
1,1707,base
1,1710,base
1,1712,base
1,1714,base
1,1716,base
1,1718,base
1,1719,base
1,1723,base
1,1725,base
1,1726,base
1,1729,base
1,1730,base
1,1731,base
1,1733,base
1,1737,base
1,1739,base
1,1742,base
1,1751,base
1,1753,base
1,1755,base
1,1756,base
1,1760,base
1,1762,base
1,1764,base
1,1768,base
1,1769,base
1,1771,base
1,1772,base
1,1774,base
1,1775,base
1,1776,base
1,1777,base
1,1778,base
1,1780,base
1,1784,base
1,1785,base
1,1786,base
1,1790,base
1,1792,base
1,1793,base
1,1794,base
1,1796,base
1,1797,base
1,1798,base
1,1799,base
1,1800,base
1,1803,base
1,1806,base
1,1807,base
1,1810,base
1,1811,base
1,1812,base
1,1814,base
1,1815,base
1,1816,base
1,1817,base
1,1822,base
1,1823,base
1,1825,base
1,1827,base
1,1828,base
1,1829,base
1,1831,base
1,1833,base
1,1839,base
1,1840,base
1,1841,base
1,1844,base
1,1846,base
1,1848,base
1,1850,base
1,1852,base
1,1856,base
1,1857,base
1,1861,base
1,1862,base
1,1870,base
1,1872,base
1,1874,base
1,1876,base
1,1879,base
1,1882,base
1,1883,base
1,1885,base
1,1887,base
1,1888,base
1,1889,base
1,1890,base
1,1892,base
1,1893,base
1,1894,base
1,1895,base
1,1897,base
1,1900,base
1,1901,base
1,1902,base
1,1903,base
1,1906,base
1,1908,base
1,1909,base
1,1910,base
1,1912,base
1,1913,base
1,1916,base
1,1917,base
1,1919,base
1,1920,base
1,1924,base
1,1925,base
1,1926,base
1,1928,base
1,1931,base
1,1932,base
1,1933,base
1,1935,base
1,1936,base
1,1939,base
1,1945,base
1,1946,base
1,1947,base
1,1949,base
1,1950,base
1,1952,base
1,1954,base
1,1956,base
1,1957,base
1,1959,base
1,1960,base
1,1964,base
1,1965,base
1,1970,base
1,1972,base
1,1974,base
1,1975,base
1,1978,base
1,1983,base
1,1984,base
1,1987,base
1,1990,base
1,1991,base
1,1997,base
1,1998,base
1,1999,base
1,2001,base
1,2002,base
1,2003,base
1,2004,base
1,2005,base
1,2010,base
1,2012,base
1,2013,base
1,2016,base
1,2017,base
1,2018,base
1,2019,base
1,2022,base
1,2026,base
1,2028,base
1,2030,base
1,2033,base
1,2036,base
1,2039,base
1,2041,base
1,2045,base
1,2046,base
1,2047,base
1,2049,base
1,2051,base
1,2052,base
1,2054,base
1,2055,base
1,2056,base
1,2057,base
1,2058,base
1,2059,base
1,2060,base
1,2061,base
1,2063,base
1,2065,base
1,2066,base
1,2067,base
1,2068,base
1,2070,base
1,2074,base
1,2075,base
1,2076,base
1,2079,base
1,2081,base
1,2083,base
1,2084,base
1,2085,base
1,2088,base
1,2090,base
1,2091,base
1,2092,base
1,2093,base
1,2094,base
1,2095,base
1,2097,base
1,2098,base
1,2099,base
1,2103,base
1,2104,base
1,2106,base
1,2110,base
1,2111,base
1,2113,base
1,2115,base
1,2118,base
1,2119,base
1,2120,base
1,2122,base
1,2124,base
1,2127,base
1,2128,base
1,2131,base
1,2132,base
1,2133,base
1,2134,base
1,2136,base
1,2137,base
1,2142,base
1,2143,base
1,2145,base
1,2146,base
1,2150,base
1,2155,base
1,2156,base
1,2159,base
1,2161,base
1,2165,base
1,2166,base
1,2167,base
1,2168,base
1,2173,base
1,2174,base
1,2177,base
1,2179,base
1,2180,base
1,2183,base
1,2184,base
1,2185,base
1,2186,base
1,2187,base
1,2190,base
1,2192,base
1,2194,base
1,2195,base
1,2197,base
1,2202,base
1,2205,base
1,2208,base
1,2210,base
1,2212,base
1,2215,base
1,2219,base
1,2220,base
1,2224,base
1,2227,base
1,2229,base
1,2232,base
1,2235,base
1,2236,base
1,2237,base
1,2238,base
1,2242,base
1,2243,base
1,2251,base
1,2255,base
1,2256,base
1,2257,base
1,2258,base
1,2261,base
1,2262,base
1,2265,base
1,2266,base
1,2267,base
1,2268,base
1,2271,base
1,2274,base
1,2276,base
1,2280,base
1,2282,base
1,2285,base
1,2291,base
1,2293,base
1,2294,base
1,2295,base
1,2296,base
1,2298,base
1,2302,base
1,2304,base
1,2305,base
1,2308,base
1,2310,base
1,2313,base
1,2315,base
1,2316,base
1,2318,base
1,2320,base
1,2323,base
1,2325,base
1,2327,base
1,2328,base
1,2331,base
1,2335,base
1,2338,base
1,2339,base
1,2340,base
1,2341,base
1,2342,base
1,2344,base
1,2347,base
1,2351,base
1,2352,base
1,2358,base
1,2359,base
1,2361,base
1,2365,base
1,2367,base
1,2368,base
1,2369,base
1,2370,base
1,2372,base
1,2376,base
1,2378,base
1,2379,base
1,2382,base
1,2384,base
1,2385,base
1,2386,base
1,2387,base
1,2390,base
1,2391,base
1,2392,base
1,2395,base
1,2397,base
1,2398,base
1,2401,base
1,2402,base
1,2405,base
1,2406,base
1,2407,base
1,2409,base
1,2410,base
1,2411,base
1,2412,base
1,2413,base
1,2415,base
1,2416,base
1,2417,base
1,2418,base
1,2419,base
1,2420,base
1,2421,base
1,2427,base
1,2430,base
1,2431,base
1,2435,base
1,2436,base
1,2438,base
1,2439,base
1,2441,base
1,2442,base
1,2443,base
1,2444,base
1,2446,base
1,2448,base
1,2449,base
1,2453,base
1,2454,base
1,2459,base
1,2464,base
1,2465,base
1,2466,base
1,2467,base
1,2472,base
1,2473,base
1,2474,base
1,2477,base
1,2481,base
1,2485,base
1,2487,base
1,2488,base
1,2490,base
1,2491,base
1,2492,base
1,2493,base
1,2499,base
1,2500,base
1,2501,base
1,2502,base
1,2506,base
1,2507,base
1,2508,base
1,2511,base
1,2512,base
1,2514,base
1,2517,base
1,2521,base
1,2523,base
1,2525,base
1,2527,base
1,2529,base
1,2530,base
1,2533,base
1,2534,base
1,2535,base
1,2536,base
1,2537,base
1,2538,base
1,2543,base
1,2547,base
1,2548,base
1,2552,base
1,2553,base
1,2554,base
1,2555,base
1,2559,base
1,2567,base
1,2569,base
1,2570,base
1,2573,base
1,2575,base
1,2578,base
1,2580,base
1,2581,base
1,2582,base
1,2583,base
1,2584,base
1,2585,base
1,2586,base
1,2588,base
1,2590,base
1,2592,base
1,2594,base
1,2596,base
1,2598,base
1,2600,base
1,2601,base
1,2602,base
1,2603,base
1,2611,base
1,2615,base
1,2619,base
1,2620,base
1,2621,base
1,2624,base
1,2625,base
1,2626,base
1,2628,base
1,2630,base
1,2634,base
1,2637,base
1,2638,base
1,2639,base
1,2640,base
1,2641,base
1,2644,base
1,2647,base
1,2648,base
1,2649,base
1,2650,base
1,2651,base
1,2652,base
1,2653,base
1,2655,base
1,2656,base
1,2657,base
1,2659,base
1,2660,base
1,2662,base
1,2664,base
1,2666,base
1,2667,base
1,2668,base
1,2672,base
1,2674,base
1,2675,base
1,2677,base
1,2682,base
1,2684,base
1,2685,base
1,2686,base
1,2687,base
1,2689,base
1,2691,base
1,2692,base
1,2696,base
1,2697,base
1,2699,base
1,2702,base
1,2703,base
1,2704,base
1,2709,base
1,2711,base
1,2716,base
1,2719,base
1,2723,base
1,2725,base
1,2726,base
1,2728,base
1,2729,base
1,2732,base
1,2733,base
1,2734,base
1,2735,base
1,2736,base
1,2737,base
1,2740,base
1,2741,base
1,2742,base
1,2743,base
1,2744,base
1,2745,base
1,2746,base
1,2747,base
1,2750,base
1,2752,base
1,2753,base
1,2754,base
1,2755,base
1,2757,base
1,2759,base
1,2761,base
1,2762,base
1,2765,base
1,2766,base
1,2767,base
1,2768,base
1,2769,base
1,2772,base
1,2773,base
1,2774,base
1,2780,base
1,2781,base
1,2783,base
1,2784,base
1,2785,base
1,2787,base
1,2789,base
1,2790,base
1,2791,base
1,2794,base
1,2795,base
1,2796,base
1,2797,base
1,2800,base
1,2803,base
1,2804,base
1,2805,base
1,2819,base
1,2820,base
1,2821,base
1,2823,base
1,2830,base
1,2832,base
1,2833,base
1,2835,base
1,2836,base
1,2840,base
1,2841,base
1,2845,base
1,2848,base
1,2849,base
1,2850,base
1,2851,base
1,2852,base
1,2853,base
1,2856,base
1,2857,base
1,2858,base
1,2861,base
1,2862,base
1,2863,base
1,2866,base
1,2867,base
1,2869,base
1,2872,base
1,2874,base
1,2875,base
1,2876,base
1,2877,base
1,2880,base
1,2881,base
1,2886,base
1,2888,base
1,2889,base
1,2894,base
1,2895,base
1,2897,base
1,2898,base
1,2900,base
1,2901,base
1,2907,base
1,2908,base
1,2910,base
1,2911,base
1,2912,base
1,2913,base
1,2916,base
1,2917,base
1,2918,base
1,2920,base
1,2922,base
1,2926,base
1,2930,base
1,2932,base
1,2937,base
1,2939,base
1,2940,base
1,2942,base
1,2946,base
1,2948,base
1,2949,base
1,2955,base
1,2956,base
1,2957,base
1,2959,base
1,2960,base
1,2962,base
1,2963,base
1,2969,base
1,2970,base
1,2971,base
1,2975,base
1,2985,base
1,2987,base
1,2988,base
1,2989,base
1,2990,base
1,2991,base
1,2992,base
1,2993,base
1,2996,base
1,2997,base
1,2999,base
1,3000,base
1,3003,base
1,3004,base
1,3006,base
1,3010,base
1,3011,base
1,3013,base
1,3014,base
1,3017,base
1,3018,base
1,3020,base
1,3023,base
1,3029,base
1,3030,base
1,3032,base
1,3034,base
1,3036,base
1,3039,base
1,3040,base
1,3041,base
1,3042,base
1,3043,base
1,3044,base
1,3046,base
1,3048,base
1,3049,base
1,3050,base
1,3052,base
1,3054,base
1,3055,base
1,3056,base
1,3058,base
1,3059,base
1,3062,base
1,3064,base
1,3065,base
1,3067,base
1,3068,base
1,3072,base
1,3073,base
1,3075,base
1,3079,base
1,3080,base
1,3081,base
1,3082,base
1,3083,base
1,3084,base
1,3089,base
1,3090,base
1,3092,base
1,3093,base
1,3094,base
1,3096,base
1,3097,base
1,3099,base
1,3100,base
1,3102,base
1,3107,base
1,3112,base
1,3113,base
1,3115,base
1,3116,base
1,3118,base
1,3119,base
1,3120,base
1,3121,base
1,3123,base
1,3124,base
1,3126,base
1,3127,base
1,3128,base
1,3130,base
1,3131,base
1,3132,base
1,3134,base
1,3135,base
1,3136,base
1,3141,base
1,3143,base
1,3148,base
1,3149,base
1,3150,base
1,3151,base
1,3153,base
1,3154,base
1,3155,base
1,3157,base
1,3158,base
1,3160,base
1,3161,base
1,3162,base
1,3163,base
1,3164,base
1,3165,base
1,3168,base
1,3172,base
1,3175,base
1,3176,base
1,3178,base
1,3179,base
1,3180,base
1,3186,base
1,3191,base
1,3194,base
1,3195,base
1,3196,base
1,3199,base
1,3205,base
1,3206,base
1,3207,base
1,3212,base
1,3213,base
1,3214,base
1,3215,base
1,3218,base
1,3219,base
1,3221,base
1,3222,base
1,3223,base
1,3227,base
1,3232,base
1,3233,base
1,3234,base
1,3239,base
1,3240,base
1,3241,base
1,3243,base
1,3244,base
1,3245,base
1,3247,base
1,3250,base
1,3251,base
1,3255,base
1,3257,base
1,3259,base
1,3260,base
1,3262,base
1,3264,base
1,3267,base
1,3269,base
1,3270,base
1,3271,base
1,3273,base
1,3277,base
1,3278,base
1,3280,base
1,3283,base
1,3284,base
1,3286,base
1,3288,base
1,3290,base
1,3291,base
1,3294,base
1,3295,base
1,3296,base
1,3299,base
1,3302,base
1,3303,base
1,3305,base
1,3307,base
1,3308,base
1,3312,base
1,3316,base
1,3318,base
1,3322,base
1,3323,base
1,3324,base
1,3325,base
1,3326,base
1,3328,base
1,3329,base
1,3332,base
1,3333,base
1,3337,base
1,3338,base
1,3340,base
1,3342,base
1,3343,base
1,3344,base
1,3345,base
1,3350,base
1,3351,base
1,3352,base
1,3354,base
1,3356,base
1,3358,base
1,3363,base
1,3364,base
1,3365,base
1,3369,base
1,3371,base
1,3373,base
1,3379,base
1,3380,base
1,3381,base
1,3385,base
1,3387,base
1,3388,base
1,3389,base
1,3390,base
1,3391,base
1,3392,base
1,3396,base
1,3397,base
1,3398,base
1,3399,base
1,3401,base
1,3405,base
1,3407,base
1,3413,base
1,3414,base
1,3415,base
1,3416,base
1,3419,base
1,3420,base
1,3424,base
1,3429,base
1,3430,base
1,3431,base
1,3434,base
1,3435,base
1,3438,base
1,3439,base
1,3441,base
1,3443,base
1,3444,base
1,3445,base
1,3447,base
1,3448,base
1,3454,base
1,3455,base
1,3457,base
1,3460,base
1,3462,base
1,3464,base
1,3465,base
1,3466,base
1,3467,base
1,3468,base
1,3469,base
1,3470,base
1,3471,base
1,3472,base
1,3473,base
1,3474,base
1,3476,base
1,3477,base
1,3481,base
1,3483,base
1,3484,base
1,3486,base
1,3488,base
1,3489,base
1,3490,base
1,3492,base
1,3494,base
1,3503,base
1,3505,base
1,3507,base
1,3510,base
1,3512,base
1,3514,base
1,3515,base
1,3516,base
1,3519,base
1,3520,base
1,3523,base
1,3525,base
1,3526,base
1,3528,base
1,3531,base
1,3532,base
1,3534,base
1,3535,base
1,3542,base
1,3544,base
1,3545,base
1,3550,base
1,3552,base
1,3554,base
1,3555,base
1,3557,base
1,3558,base
1,3560,base
1,3562,base
1,3563,base
1,3567,base
1,3569,base
1,3572,base
1,3576,base
1,3580,base
1,3583,base
1,3586,base
1,3587,base
1,3592,base
1,3593,base
1,3595,base
1,3596,base
1,3599,base
1,3601,base
1,3602,base
1,3604,base
1,3606,base
1,3608,base
1,3610,base
1,3612,base
1,3613,base
1,3614,base
1,3615,base
1,3616,base
1,3617,base
1,3618,base
1,3622,base
1,3623,base
1,3624,base
1,3625,base
1,3626,base
1,3627,base
1,3630,base
1,3633,base
1,3636,base
1,3638,base
1,3641,base
1,3642,base
1,3647,base
1,3648,base
1,3649,base
1,3650,base
1,3651,base
1,3652,base
1,3654,base
1,3655,base
1,3656,base
1,3658,base
1,3659,base
1,3660,base
1,3661,base
1,3662,base
1,3663,base
1,3664,base
1,3666,base
1,3667,base
1,3669,base
1,3671,base
1,3673,base
1,3674,base
1,3676,base
1,3678,base
1,3683,base
1,3685,base
1,3688,base
1,3690,base
1,3691,base
1,3693,base
1,3700,base
1,3701,base
1,3702,base
1,3703,base
1,3708,base
1,3709,base
1,3711,base
1,3712,base
1,3713,base
1,3714,base
1,3716,base
1,3717,base
1,3720,base
1,3723,base
1,3726,base
1,3731,base
1,3737,base
1,3739,base
1,3741,base
1,3742,base
1,3746,base
1,3747,base
1,3748,base
1,3749,base
1,3751,base
1,3753,base
1,3756,base
1,3758,base
1,3759,base
1,3761,base
1,3764,base
1,3767,base
1,3769,base
1,3770,base
1,3771,base
1,3772,base
1,3773,base
1,3776,base
1,3779,base
1,3780,base
1,3781,base
1,3784,base
1,3787,base
1,3788,base
1,3791,base
1,3795,base
1,3796,base
1,3798,base
1,3801,base
1,3802,base
1,3803,base
1,3804,base
1,3805,base
1,3806,base
1,3809,base
1,3810,base
1,3811,base
1,3812,base
1,3813,base
1,3814,base
1,3816,base
1,3817,base
1,3819,base
1,3820,base
1,3822,base
1,3823,base
1,3825,base
1,3830,base
1,3834,base
1,3835,base
1,3837,base
1,3839,base
1,3840,base
1,3841,base
1,3843,base
1,3848,base
1,3849,base
1,3850,base
1,3851,base
1,3853,base
1,3855,base
1,3856,base
1,3857,base
1,3858,base
1,3860,base
1,3861,base
1,3862,base
1,3863,base
1,3867,base
1,3870,base
1,3872,base
1,3873,base
1,3874,base
1,3876,base
1,3878,base
1,3879,base
1,3881,base
1,3882,base
1,3884,base
1,3885,base
1,3886,base
1,3887,base
1,3888,base
1,3889,base
1,3890,base
1,3891,base
1,3892,base
1,3894,base
1,3899,base
1,3901,base
1,3902,base
1,3904,base
1,3905,base
1,3911,base
1,3914,base
1,3915,base
1,3918,base
1,3919,base
1,3921,base
1,3922,base
1,3923,base
1,3924,base
1,3925,base
1,3927,base
1,3934,base
1,3938,base
1,3939,base
1,3940,base
1,3943,base
1,3944,base
1,3945,base
1,3948,base
1,3949,base
1,3954,base
1,3957,base
1,3965,base
1,3968,base
1,3974,base
1,3975,base
1,3977,base
1,3978,base
1,3979,base
1,3983,base
1,3986,base
1,3987,base
1,3989,base
1,3990,base
1,3991,base
1,3992,base
1,3995,base
1,3996,base
1,3999,base
1,4002,base
1,4003,base
1,4004,base
1,4006,base
1,4008,base
1,4011,base
1,4015,base
1,4016,base
1,4017,base
1,4019,base
1,4020,base
1,4021,base
1,4024,base
1,4027,base
1,4029,base
1,4031,base
1,4033,base
1,4034,base
1,4037,base
1,4039,base
1,4040,base
1,4041,base
1,4044,base
1,4046,base
1,4047,base
1,4048,base
1,4049,base
1,4050,base
1,4052,base
1,4054,base
1,4055,base
1,4058,base
1,4060,base
1,4063,base
1,4065,base
1,4067,base
1,4068,base
1,4069,base
1,4074,base
1,4077,base
1,4078,base
1,4079,base
1,4080,base
1,4081,base
1,4085,base
1,4088,base
1,4089,base
1,4095,base
1,4101,base
1,4102,base
1,4103,base
1,4104,base
1,4107,base
1,4110,base
1,4111,base
1,4112,base
1,4116,base
1,4117,base
1,4119,base
1,4120,base
1,4121,base
1,4122,base
1,4123,base
1,4125,base
1,4126,base
1,4130,base
1,4131,base
1,4132,base
1,4135,base
1,4137,base
1,4138,base
1,4139,base
1,4141,base
1,4142,base
1,4143,base
1,4144,base
1,4147,base
1,4150,base
1,4151,base
1,4152,base
1,4156,base
1,4159,base
1,4160,base
1,4161,base
1,4164,base
1,4165,base
1,4166,base
1,4168,base
1,4170,base
1,4171,base
1,4173,base
1,4177,base
1,4180,base
1,4185,base
1,4187,base
1,4190,base
1,4194,base
1,4195,base
1,4196,base
1,4199,base
1,4201,base
1,4202,base
1,4205,base
1,4206,base
1,4208,base
1,4209,base
1,4210,base
1,4211,base
1,4212,base
1,4213,base
1,4214,base
1,4215,base
1,4216,base
1,4220,base
1,4224,base
1,4225,base
1,4226,base
1,4227,base
1,4229,base
1,4230,base
1,4231,base
1,4232,base
1,4233,base
1,4235,base
1,4240,base
1,4242,base
1,4245,base
1,4252,base
1,4253,base
1,4255,base
1,4256,base
1,4260,base
1,4261,base
1,4263,base
1,4265,base
1,4267,base
1,4268,base
1,4270,base
1,4271,base
1,4273,base
1,4274,base
1,4277,base
1,4278,base
1,4279,base
1,4280,base
1,4283,base
1,4287,base
1,4289,base
1,4290,base
1,4291,base
1,4301,base
1,4302,base
1,4306,base
1,4307,base
1,4310,base
1,4311,base
1,4314,base
1,4316,base
1,4317,base
1,4319,base
1,4320,base
1,4321,base
1,4325,base
1,4327,base
1,4328,base
1,4329,base
1,4330,base
1,4332,base
1,4334,base
1,4336,base
1,4339,base
1,4343,base
1,4344,base
1,4345,base
1,4346,base
1,4350,base
1,4355,base
1,4357,base
1,4358,base
1,4359,base
1,4360,base
1,4364,base
1,4365,base
1,4373,base
1,4374,base
1,4375,base
1,4379,base
1,4380,base
1,4381,base
1,4382,base
1,4386,base
1,4387,base
1,4389,base
1,4391,base
1,4393,base
1,4395,base
1,4396,base
1,4397,base
1,4399,base
1,4400,base
1,4402,base
1,4406,base
1,4407,base
1,4412,base
1,4414,base
1,4415,base
1,4416,base
1,4417,base
1,4418,base
1,4419,base
1,4421,base
1,4424,base
1,4428,base
1,4429,base
1,4431,base
1,4433,base
1,4434,base
1,4436,base
1,4438,base
1,4440,base
1,4441,base
1,4443,base
1,4444,base
1,4447,base
1,4448,base
1,4450,base
1,4453,base
1,4454,base
1,4456,base
1,4458,base
1,4459,base
1,4460,base
1,4461,base
1,4462,base
1,4463,base
1,4464,base
1,4465,base
1,4466,base
1,4467,base
1,4469,base
1,4470,base
1,4473,base
1,4480,base
1,4481,base
1,4482,base
1,4484,base
1,4485,base
1,4486,base
1,4488,base
1,4490,base
1,4495,base
1,4496,base
1,4498,base
1,4500,base
1,4503,base
1,4504,base
1,4505,base
1,4506,base
1,4509,base
1,4512,base
1,4516,base
1,4518,base
1,4520,base
1,4521,base
1,4522,base
1,4523,base
1,4525,base
1,4527,base
1,4529,base
1,4530,base
1,4533,base
1,4534,base
1,4535,base
1,4540,base
1,4545,base
1,4549,base
1,4550,base
1,4554,base
1,4556,base
1,4557,base
1,4558,base
1,4559,base
1,4569,base
1,4570,base
1,4571,base
1,4572,base
1,4574,base
1,4578,base
1,4580,base
1,4585,base
1,4586,base
1,4591,base
1,4593,base
1,4594,base
1,4602,base
1,4603,base
1,4604,base
1,4606,base
1,4608,base
1,4612,base
1,4615,base
1,4617,base
1,4618,base
1,4619,base
1,4620,base
1,4621,base
1,4622,base
1,4623,base
1,4624,base
1,4627,base
1,4628,base
1,4630,base
1,4631,base
1,4632,base
1,4634,base
1,4636,base
1,4637,base
1,4638,base
1,4641,base
1,4642,base
1,4643,base
1,4645,base
1,4650,base
1,4652,base
1,4653,base
1,4654,base
1,4659,base
1,4660,base
1,4662,base
1,4663,base
1,4664,base
1,4665,base
1,4668,base
1,4669,base
1,4673,base
1,4674,base
1,4676,base
1,4677,base
1,4679,base
1,4681,base
1,4684,base
1,4687,base
1,4691,base
1,4692,base
1,4693,base
1,4694,base
1,4698,base
1,4699,base
1,4702,base
1,4704,base
1,4705,base
1,4708,base
1,4709,base
1,4711,base
1,4712,base
1,4714,base
1,4717,base
1,4719,base
1,4722,base
1,4723,base
1,4724,base
1,4728,base
1,4729,base
1,4732,base
1,4735,base
1,4740,base
1,4741,base
1,4743,base
1,4744,base
1,4746,base
1,4747,base
1,4748,base
1,4751,base
1,4754,base
1,4755,base
1,4759,base
1,4760,base
1,4763,base
1,4764,base
1,4766,base
1,4767,base
1,4770,base
1,4771,base
1,4772,base
1,4774,base
1,4775,base
1,4776,base
1,4777,base
1,4781,base
1,4782,base
1,4784,base
1,4790,base
1,4791,base
1,4792,base
1,4796,base
1,4798,base
1,4801,base
1,4803,base
1,4808,base
1,4809,base
1,4810,base
1,4811,base
1,4812,base
1,4813,base
1,4816,base
1,4817,base
1,4818,base
1,4819,base
1,4821,base
1,4822,base
1,4824,base
1,4825,base
1,4826,base
1,4828,base
1,4830,base
1,4832,base
1,4833,base
1,4834,base
1,4835,base
1,4837,base
1,4838,base
1,4839,base
1,4840,base
1,4842,base
1,4849,base
1,4851,base
1,4853,base
1,4855,base
1,4856,base
1,4859,base
1,4861,base
1,4864,base
1,4865,base
1,4867,base
1,4868,base
1,4871,base
1,4872,base
1,4874,base
1,4875,base
1,4876,base
1,4877,base
1,4878,base
1,4879,base
1,4882,base
1,4883,base
1,4885,base
1,4886,base
1,4888,base
1,4890,base
1,4894,base
1,4898,base
1,4900,base
1,4901,base
1,4902,base
1,4904,base
1,4907,base
1,4909,base
1,4914,base
1,4915,base
1,4917,base
1,4920,base
1,4922,base
1,4926,base
1,4928,base
1,4934,base
1,4936,base
1,4938,base
1,4939,base
1,4940,base
1,4941,base
1,4942,base
1,4943,base
1,4944,base
1,4946,base
1,4950,base
1,4952,base
1,4953,base
1,4954,base
1,4955,base
1,4959,base
1,4962,base
1,4965,base
1,4966,base
1,4967,base
1,4970,base
1,4971,base
1,4972,base
1,4973,base
1,4978,base
1,4979,base
1,4980,base
1,4981,base
1,4985,base
1,4988,base
1,4989,base
1,4990,base
1,4991,base
1,4995,base
1,4998,base
1,4999,base
1,5002,base
1,5003,base
1,5006,base
1,5009,base
1,5010,base
1,5011,base
1,5012,base
1,5014,base
1,5015,base
1,5017,base
1,5020,base
1,5021,base
1,5022,base
1,5027,base
1,5028,base
1,5030,base
1,5032,base
1,5036,base
1,5039,base
1,5040,base
1,5041,base
1,5046,base
1,5053,base
1,5055,base
1,5056,base
1,5057,base
1,5058,base
1,5064,base
1,5065,base
1,5066,base
1,5070,base
1,5073,base
1,5076,base
1,5078,base
1,5080,base
1,5081,base
1,5084,base
1,5085,base
1,5086,base
1,5087,base
1,5089,base
1,5090,base
1,5091,base
1,5092,base
1,5093,base
1,5094,base
1,5095,base
1,5096,base
1,5098,base
1,5100,base
1,5101,base
1,5104,base
1,5105,base
1,5106,base
1,5109,base
1,5110,base
1,5111,base
1,5113,base
1,5114,base
1,5115,base
1,5116,base
1,5117,base
1,5118,base
1,5119,base
1,5120,base
1,5127,base
1,5130,base
1,5133,base
1,5135,base
1,5138,base
1,5139,base
1,5141,base
1,5142,base
1,5146,base
1,5151,base
1,5155,base
1,5157,base
1,5161,base
1,5163,base
1,5167,base
1,5169,base
1,5170,base
1,5171,base
1,5172,base
1,5173,base
1,5175,base
1,5176,base
1,5177,base
1,5178,base
1,5179,base
1,5182,base
1,5184,base
1,5185,base
1,5188,base
1,5189,base
1,5190,base
1,5193,base
1,5194,base
1,5197,base
1,5199,base
1,5201,base
1,5202,base
1,5205,base
1,5206,base
1,5208,base
1,5211,base
1,5215,base
1,5217,base
1,5219,base
1,5221,base
1,5222,base
1,5223,base
1,5225,base
1,5229,base
1,5232,base
1,5233,base
1,5234,base
1,5235,base
1,5238,base
1,5239,base
1,5241,base
1,5242,base
1,5244,base
1,5245,base
1,5246,base
1,5247,base
1,5248,base
1,5249,base
1,5250,base
1,5253,base
1,5257,base
1,5258,base
1,5260,base
1,5261,base
1,5264,base
1,5265,base
1,5266,base
1,5268,base
1,5271,base
1,5276,base
1,5277,base
1,5280,base
1,5281,base
1,5282,base
1,5283,base
1,5286,base
1,5288,base
1,5290,base
1,5291,base
1,5298,base
1,5300,base
1,5305,base
1,5306,base
1,5307,base
1,5310,base
1,5312,base
1,5313,base
1,5314,base
1,5315,base
1,5316,base
1,5318,base
1,5320,base
1,5321,base
1,5323,base
1,5324,base
1,5327,base
1,5334,base
1,5337,base
1,5339,base
1,5341,base
1,5342,base
1,5344,base
1,5345,base
1,5348,base
1,5350,base
1,5353,base
1,5354,base
1,5355,base
1,5356,base
1,5357,base
1,5360,base
1,5361,base
1,5363,base
1,5364,base
1,5367,base
1,5369,base
1,5371,base
1,5374,base
1,5375,base
1,5376,base
1,5378,base
1,5379,base
1,5381,base
1,5382,base
1,5385,base
1,5388,base
1,5389,base
1,5390,base
1,5391,base
1,5392,base
1,5393,base
1,5394,base
1,5397,base
1,5403,base
1,5404,base
1,5405,base
1,5406,base
1,5412,base
1,5415,base
1,5418,base
1,5420,base
1,5422,base
1,5428,base
1,5432,base
1,5433,base
1,5438,base
1,5439,base
1,5440,base
1,5443,base
1,5445,base
1,5446,base
1,5448,base
1,5449,base
1,5456,base
1,5459,base
1,5463,base
1,5465,base
1,5466,base
1,5469,base
1,5470,base
1,5471,base
1,5472,base
1,5473,base
1,5477,base
1,5480,base
1,5482,base
1,5486,base
1,5488,base
1,5489,base
1,5491,base
1,5492,base
1,5493,base
1,5495,base
1,5497,base
1,5498,base
1,5501,base
1,5506,base
1,5508,base
1,5509,base
1,5511,base
1,5512,base
1,5513,base
1,5514,base
1,5517,base
1,5519,base
1,5521,base
1,5522,base
1,5523,base
1,5525,base
1,5527,base
1,5528,base
1,5530,base
1,5531,base
1,5532,base
1,5536,base
1,5537,base
1,5538,base
1,5539,base
1,5541,base
1,5543,base
1,5545,base
1,5546,base
1,5547,base
1,5548,base
1,5549,base
1,5550,base
1,5551,base
1,5552,base
1,5554,base
1,5557,base
1,5558,base
1,5560,base
1,5561,base
1,5562,base
1,5566,base
1,5567,base
1,5568,base
1,5571,base
1,5573,base
1,5574,base
1,5575,base
1,5578,base
1,5580,base
1,5583,base
1,5585,base
1,5586,base
1,5590,base
1,5592,base
1,5593,base
1,5594,base
1,5595,base
1,5596,base
1,5597,base
1,5599,base
1,5601,base
1,5610,base
1,5611,base
1,5613,base
1,5618,base
1,5621,base
1,5622,base
1,5624,base
1,5626,base
1,5629,base
1,5630,base
1,5631,base
1,5632,base
1,5634,base
1,5636,base
1,5638,base
1,5639,base
1,5643,base
1,5644,base
1,5646,base
1,5647,base
1,5651,base
1,5653,base
1,5656,base
1,5658,base
1,5659,base
1,5662,base
1,5664,base
1,5668,base
1,5669,base
1,5670,base
1,5672,base
1,5673,base
1,5674,base
1,5675,base
1,5677,base
1,5679,base
1,5680,base
1,5686,base
1,5687,base
1,5689,base
1,5691,base
1,5692,base
1,5693,base
1,5694,base
1,5695,base
1,5697,base
1,5698,base
1,5701,base
1,5704,base
1,5708,base
1,5709,base
1,5712,base
1,5713,base
1,5714,base
1,5716,base
1,5718,base
1,5719,base
1,5721,base
1,5722,base
1,5723,base
1,5724,base
1,5727,base
1,5728,base
1,5730,base
1,5732,base
1,5734,base
1,5735,base
1,5736,base
1,5738,base
1,5741,base
1,5742,base
1,5743,base
1,5746,base
1,5750,base
1,5752,base
1,5755,base
1,5760,base
1,5762,base
1,5763,base
1,5764,base
1,5765,base
1,5766,base
1,5768,base
1,5769,base
1,5770,base
1,5774,base
1,5775,base
1,5777,base
1,5778,base
1,5781,base
1,5783,base
1,5788,base
1,5789,base
1,5792,base
1,5793,base
1,5795,base
1,5798,base
1,5799,base
1,5805,base
1,5809,base
1,5812,base
1,5814,base
1,5815,base
1,5817,base
1,5818,base
1,5819,base
1,5821,base
1,5825,base
1,5826,base
1,5827,base
1,5830,base
1,5831,base
1,5833,base
1,5835,base
1,5837,base
1,5839,base
1,5840,base
1,5843,base
1,5844,base
1,5846,base
1,5848,base
1,5851,base
1,5852,base
1,5854,base
1,5858,base
1,5860,base
1,5861,base
1,5863,base
1,5864,base
1,5870,base
1,5871,base
1,5873,base
1,5876,base
1,5877,base
1,5878,base
1,5881,base
1,5882,base
1,5884,base
1,5886,base
1,5887,base
1,5892,base
1,5893,base
1,5897,base
1,5898,base
1,5902,base
1,5906,base
1,5907,base
1,5908,base
1,5910,base
1,5911,base
1,5912,base
1,5915,base
1,5916,base
1,5918,base
1,5919,base
1,5920,base
1,5922,base
1,5923,base
1,5924,base
1,5925,base
1,5926,base
1,5927,base
1,5928,base
1,5929,base
1,5931,base
1,5932,base
1,5933,base
1,5934,base
1,5936,base
1,5938,base
1,5945,base
1,5946,base
1,5947,base
1,5954,base
1,5958,base
1,5959,base
1,5960,base
1,5961,base
1,5962,base
1,5964,base
1,5965,base
1,5968,base
1,5969,base
1,5970,base
1,5971,base
1,5972,base
1,5973,base
1,5976,base
1,5978,base
1,5982,base
1,5984,base
1,5985,base
1,5988,base
1,5992,base
1,5993,base
1,5994,base
1,5996,base
1,5999,base
1,6001,base
1,6002,base
1,6003,base
1,6006,base
1,6008,base
1,6010,base
1,6014,base
1,6015,base
1,6017,base
1,6019,base
1,6022,base
1,6024,base
1,6028,base
1,6030,base
1,6032,base
1,6033,base
1,6035,base
1,6040,base
1,6045,base
1,6047,base
1,6048,base
1,6050,base
1,6055,base
1,6056,base
1,6057,base
1,6059,base
1,6061,base
1,6062,base
1,6063,base
1,6069,base
1,6070,base
1,6072,base
1,6075,base
1,6078,base
1,6079,base
1,6080,base
1,6082,base
1,6085,base
1,6086,base
1,6088,base
1,6089,base
1,6093,base
1,6097,base
1,6098,base
1,6099,base
1,6101,base
1,6103,base
1,6108,base
1,6110,base
1,6112,base
1,6114,base
1,6115,base
1,6118,base
1,6119,base
1,6120,base
1,6122,base
1,6123,base
1,6126,base
1,6127,base
1,6131,base
1,6132,base
1,6134,base
1,6135,base
1,6136,base
1,6137,base
1,6142,base
1,6145,base
1,6148,base
1,6149,base
1,6152,base
1,6157,base
1,6158,base
1,6161,base
1,6164,base
1,6166,base
1,6167,base
1,6168,base
1,6170,base
1,6171,base
1,6174,base
1,6177,base
1,6178,base
1,6179,base
1,6180,base
1,6181,base
1,6182,base
1,6185,base
1,6188,base
1,6191,base
1,6192,base
1,6193,base
1,6194,base
1,6196,base
1,6197,base
1,6200,base
1,6206,base
1,6207,base
1,6208,base
1,6209,base
1,6213,base
1,6215,base
1,6216,base
1,6218,base
1,6220,base
1,6221,base
1,6223,base
1,6224,base
1,6227,base
1,6229,base
1,6230,base
1,6231,base
1,6232,base
1,6234,base
1,6235,base
1,6236,base
1,6239,base
1,6240,base
1,6244,base
1,6245,base
1,6246,base
1,6247,base
1,6251,base
1,6252,base
1,6254,base
1,6255,base
1,6256,base
1,6257,base
1,6258,base
1,6261,base
1,6265,base
1,6267,base
1,6272,base
1,6275,base
1,6278,base
1,6279,base
1,6280,base
1,6281,base
1,6283,base
1,6287,base
1,6288,base
1,6290,base
1,6293,base
1,6297,base
1,6302,base
1,6307,base
1,6308,base
1,6309,base
1,6310,base
1,6312,base
1,6313,base
1,6314,base
1,6315,base
1,6316,base
1,6319,base
1,6320,base
1,6321,base
1,6324,base
1,6327,base
1,6328,base
1,6332,base
1,6336,base
1,6337,base
1,6338,base
1,6340,base
1,6342,base
1,6344,base
1,6346,base
1,6350,base
1,6356,base
1,6357,base
1,6358,base
1,6359,base
1,6360,base
1,6361,base
1,6362,base
1,6366,base
1,6367,base
1,6373,base
1,6376,base
1,6378,base
1,6379,base
1,6380,base
1,6381,base
1,6383,base
1,6384,base
1,6385,base
1,6387,base
1,6391,base
1,6395,base
1,6397,base
1,6398,base
1,6400,base
1,6405,base
1,6407,base
1,6408,base
1,6410,base
1,6412,base
1,6413,base
1,6416,base
1,6417,base
1,6422,base
1,6425,base
1,6426,base
1,6427,base
1,6428,base
1,6431,base
1,6433,base
1,6438,base
1,6443,base
1,6446,base
1,6449,base
1,6450,base
1,6451,base
1,6453,base
1,6454,base
1,6456,base
1,6459,base
1,6460,base
1,6462,base
1,6463,base
1,6464,base
1,6465,base
1,6466,base
1,6468,base
1,6469,base
1,6470,base
1,6471,base
1,6472,base
1,6475,base
1,6476,base
1,6481,base
1,6483,base
1,6484,base
1,6485,base
1,6486,base
1,6487,base
1,6488,base
1,6489,base
1,6491,base
1,6493,base
1,6495,base
1,6496,base
1,6500,base
1,6501,base
1,6506,base
1,6507,base
1,6508,base
1,6509,base
1,6513,base
1,6515,base
1,6516,base
1,6520,base
1,6522,base
1,6523,base
1,6524,base
1,6526,base
1,6528,base
1,6530,base
1,6532,base
1,6534,base
1,6535,base
1,6538,base
1,6539,base
1,6543,base
1,6544,base
1,6546,base
1,6548,base
1,6552,base
1,6553,base
1,6556,base
1,6557,base
1,6558,base
1,6559,base
1,6561,base
1,6567,base
1,6569,base
1,6570,base
1,6574,base
1,6577,base
1,6578,base
1,6579,base
1,6580,base
1,6581,base
1,6582,base
1,6586,base
1,6587,base
1,6588,base
1,6590,base
1,6592,base
1,6594,base
1,6595,base
1,6596,base
1,6599,base
1,6601,base
1,6603,base
1,6605,base
1,6606,base
1,6607,base
1,6608,base
1,6610,base
1,6612,base
1,6615,base
1,6616,base
1,6617,base
1,6619,base
1,6620,base
1,6621,base
1,6622,base
1,6623,base
1,6627,base
1,6629,base
1,6631,base
1,6632,base
1,6633,base
1,6634,base
1,6635,base
1,6637,base
1,6638,base
1,6640,base
1,6643,base
1,6644,base
1,6649,base
1,6650,base
1,6651,base
1,6654,base
1,6655,base
1,6657,base
1,6658,base
1,6659,base
1,6660,base
1,6661,base
1,6662,base
1,6664,base
1,6666,base
1,6669,base
1,6670,base
1,6671,base
1,6672,base
1,6676,base
1,6679,base
1,6680,base
1,6681,base
1,6683,base
1,6684,base
1,6686,base
1,6687,base
1,6690,base
1,6691,base
1,6692,base
1,6694,base
1,6695,base
1,6697,base
1,6706,base
1,6714,base
1,6717,base
1,6721,base
1,6723,base
1,6726,base
1,6727,base
1,6729,base
1,6730,base
1,6731,base
1,6732,base
1,6734,base
1,6737,base
1,6738,base
1,6741,base
1,6742,base
1,6747,base
1,6749,base
1,6751,base
1,6752,base
1,6756,base
1,6757,base
1,6759,base
1,6763,base
1,6765,base
1,6767,base
1,6769,base
1,6770,base
1,6771,base
1,6773,base
1,6774,base
1,6776,base
1,6779,base
1,6782,base
1,6786,base
1,6788,base
1,6789,base
1,6790,base
1,6792,base
1,6793,base
1,6794,base
1,6795,base
1,6796,base
1,6798,base
1,6799,base
1,6800,base
1,6802,base
1,6804,base
1,6807,base
1,6808,base
1,6809,base
1,6811,base
1,6813,base
1,6816,base
1,6821,base
1,6822,base
1,6825,base
1,6827,base
1,6828,base
1,6830,base
1,6831,base
1,6834,base
1,6837,base
1,6838,base
1,6839,base
1,6840,base
1,6841,base
1,6843,base
1,6845,base
1,6846,base
1,6847,base
1,6848,base
1,6852,base
1,6857,base
1,6864,base
1,6866,base
1,6867,base
1,6870,base
1,6873,base
1,6874,base
1,6875,base
1,6877,base
1,6880,base
1,6881,base
1,6886,base
1,6889,base
1,6890,base
1,6891,base
1,6892,base
1,6895,base
1,6899,base
1,6900,base
1,6901,base
1,6903,base
1,6904,base
1,6908,base
1,6909,base
1,6911,base
1,6913,base
1,6914,base
1,6918,base
1,6919,base
1,6920,base
1,6923,base
1,6926,base
1,6927,base
1,6928,base
1,6929,base
1,6930,base
1,6932,base
1,6933,base
1,6934,base
1,6936,base
1,6937,base
1,6939,base
1,6941,base
1,6942,base
1,6943,base
1,6944,base
1,6945,base
1,6946,base
1,6947,base
1,6953,base
1,6955,base
1,6956,base
1,6958,base
1,6961,base
1,6964,base
1,6967,base
1,6970,base
1,6972,base
1,6975,base
1,6978,base
1,6980,base
1,6982,base
1,6983,base
1,6985,base
1,6987,base
1,6989,base
1,6992,base
1,6993,base
1,6994,base
1,6995,base
1,6996,base
1,6998,base
1,7001,base
1,7007,base
1,7016,base
1,7017,base
1,7020,base
1,7021,base
1,7022,base
1,7023,base
1,7024,base
1,7025,base
1,7027,base
1,7028,base
1,7030,base
1,7033,base
1,7034,base
1,7035,base
1,7040,base
1,7043,base
1,7044,base
1,7045,base
1,7046,base
1,7048,base
1,7055,base
1,7056,base
1,7061,base
1,7065,base
1,7067,base
1,7068,base
1,7069,base
1,7070,base
1,7071,base
1,7075,base
1,7077,base
1,7079,base
1,7080,base
1,7081,base
1,7084,base
1,7088,base
1,7090,base
1,7091,base
1,7092,base
1,7094,base
1,7095,base
1,7098,base
1,7101,base
1,7102,base
1,7103,base
1,7105,base
1,7106,base
1,7110,base
1,7112,base
1,7114,base
1,7116,base
1,7117,base
1,7118,base
1,7120,base
1,7121,base
1,7122,base
1,7123,base
1,7125,base
1,7127,base
1,7128,base
1,7130,base
1,7132,base
1,7133,base
1,7135,base
1,7138,base
1,7140,base
1,7141,base
1,7145,base
1,7146,base
1,7152,base
1,7153,base
1,7156,base
1,7157,base
1,7158,base
1,7159,base
1,7164,base
1,7165,base
1,7167,base
1,7168,base
1,7169,base
1,7171,base
1,7172,base
1,7173,base
1,7176,base
1,7180,base
1,7182,base
1,7183,base
1,7184,base
1,7185,base
1,7187,base
1,7189,base
1,7190,base
1,7191,base
1,7193,base
1,7197,base
1,7198,base
1,7201,base
1,7202,base
1,7203,base
1,7204,base
1,7206,base
1,7211,base
1,7212,base
1,7213,base
1,7218,base
1,7220,base
1,7222,base
1,7226,base
1,7231,base
1,7232,base
1,7233,base
1,7234,base
1,7235,base
1,7236,base
1,7238,base
1,7239,base
1,7240,base
1,7242,base
1,7244,base
1,7246,base
1,7253,base
1,7254,base
1,7255,base
1,7257,base
1,7261,base
1,7263,base
1,7264,base
1,7265,base
1,7266,base
1,7268,base
1,7270,base
1,7273,base
1,7274,base
1,7275,base
1,7276,base
1,7278,base
1,7282,base
1,7285,base
1,7286,base
1,7287,base
1,7292,base
1,7293,base
1,7294,base
1,7295,base
1,7297,base
1,7298,base
1,7301,base
1,7303,base
1,7304,base
1,7307,base
1,7308,base
1,7309,base
1,7310,base
1,7312,base
1,7317,base
1,7320,base
1,7322,base
1,7323,base
1,7324,base
1,7327,base
1,7330,base
1,7331,base
1,7334,base
1,7336,base
1,7337,base
1,7340,base
1,7341,base
1,7344,base
1,7345,base
1,7347,base
1,7348,base
1,7349,base
1,7352,base
1,7353,base
1,7354,base
1,7355,base
1,7356,base
1,7357,base
1,7359,base
1,7361,base
1,7362,base
1,7363,base
1,7364,base
1,7365,base
1,7369,base
1,7370,base
1,7374,base
1,7378,base
1,7379,base
1,7380,base
1,7383,base
1,7384,base
1,7385,base
1,7388,base
1,7391,base
1,7392,base
1,7394,base
1,7398,base
1,7399,base
1,7400,base
1,7401,base
1,7403,base
1,7405,base
1,7407,base
1,7409,base
1,7410,base
1,7412,base
1,7413,base
1,7415,base
1,7418,base
1,7424,base
1,7425,base
1,7428,base
1,7429,base
1,7430,base
1,7431,base
1,7432,base
1,7436,base
1,7439,base
1,7443,base
1,7444,base
1,7445,base
1,7447,base
1,7450,base
1,7455,base
1,7456,base
1,7462,base
1,7463,base
1,7466,base
1,7467,base
1,7468,base
1,7469,base
1,7470,base
1,7471,base
1,7473,base
1,7476,base
1,7478,base
1,7479,base
1,7480,base
1,7481,base
1,7482,base
1,7487,base
1,7491,base
1,7493,base
1,7494,base
1,7495,base
1,7496,base
1,7497,base
1,7498,base
1,7500,base
1,7503,base
1,7504,base
1,7505,base
1,7507,base
1,7509,base
1,7511,base
1,7513,base
1,7514,base
1,7517,base
1,7520,base
1,7521,base
1,7522,base
1,7523,base
1,7526,base
1,7527,base
1,7529,base
1,7530,base
1,7531,base
1,7534,base
1,7536,base
1,7541,base
1,7544,base
1,7548,base
1,7549,base
1,7551,base
1,7552,base
1,7553,base
1,7554,base
1,7556,base
1,7560,base
1,7569,base
1,7570,base
1,7571,base
1,7572,base
1,7577,base
1,7578,base
1,7579,base
1,7580,base
1,7585,base
1,7586,base
1,7587,base
1,7588,base
1,7591,base
1,7592,base
1,7594,base
1,7595,base
1,7596,base
1,7597,base
1,7599,base
1,7606,base
1,7608,base
1,7609,base
1,7610,base
1,7611,base
1,7612,base
1,7613,base
1,7616,base
1,7618,base
1,7621,base
1,7623,base
1,7624,base
1,7626,base
1,7628,base
1,7629,base
1,7631,base
1,7632,base
1,7635,base
1,7637,base
1,7639,base
1,7641,base
1,7642,base
1,7646,base
1,7647,base
1,7648,base
1,7649,base
1,7650,base
1,7656,base
1,7657,base
1,7661,base
1,7663,base
1,7665,base
1,7668,base
1,7669,base
1,7670,base
1,7672,base
1,7677,base
1,7678,base
1,7679,base
1,7680,base
1,7685,base
1,7690,base
1,7691,base
1,7693,base
1,7694,base
1,7695,base
1,7697,base
1,7698,base
1,7699,base
1,7700,base
1,7702,base
1,7703,base
1,7705,base
1,7706,base
1,7708,base
1,7711,base
1,7712,base
1,7713,base
1,7714,base
1,7717,base
1,7718,base
1,7720,base
1,7721,base
1,7723,base
1,7727,base
1,7728,base
1,7729,base
1,7731,base
1,7735,base
1,7741,base
1,7743,base
1,7746,base
1,7748,base
1,7749,base
1,7750,base
1,7751,base
1,7752,base
1,7753,base
1,7756,base
1,7758,base
1,7759,base
1,7760,base
1,7761,base
1,7762,base
1,7764,base
1,7766,base
1,7772,base
1,7773,base
1,7774,base
1,7777,base
1,7778,base
1,7784,base
1,7785,base
1,7788,base
1,7790,base
1,7791,base
1,7793,base
1,7794,base
1,7796,base
1,7798,base
1,7800,base
1,7802,base
1,7806,base
1,7807,base
1,7810,base
1,7812,base
1,7813,base
1,7821,base
1,7823,base
1,7824,base
1,7825,base
1,7827,base
1,7829,base
1,7831,base
1,7832,base
1,7833,base
1,7834,base
1,7835,base
1,7838,base
1,7839,base
1,7843,base
1,7844,base
1,7845,base
1,7847,base
1,7848,base
1,7849,base
1,7850,base
1,7851,base
1,7852,base
1,7853,base
1,7854,base
1,7855,base
1,7857,base
1,7858,base
1,7861,base
1,7862,base
1,7863,base
1,7865,base
1,7867,base
1,7870,base
1,7871,base
1,7875,base
1,7880,base
1,7881,base
1,7882,base
1,7885,base
1,7886,base
1,7888,base
1,7889,base
1,7891,base
1,7892,base
1,7896,base
1,7898,base
1,7900,base
1,7901,base
1,7906,base
1,7907,base
1,7911,base
1,7913,base
1,7914,base
1,7916,base
1,7921,base
1,7923,base
1,7933,base
1,7934,base
1,7935,base
1,7936,base
1,7937,base
1,7938,base
1,7940,base
1,7944,base
1,7945,base
1,7946,base
1,7947,base
1,7948,base
1,7949,base
1,7950,base
1,7951,base
1,7952,base
1,7956,base
1,7957,base
1,7960,base
1,7962,base
1,7963,base
1,7964,base
1,7965,base
1,7968,base
1,7971,base
1,7975,base
1,7978,base
1,7979,base
1,7980,base
1,7983,base
1,7984,base
1,7985,base
1,7986,base
1,7988,base
1,7989,base
1,7990,base
1,7994,base
1,7995,base
1,7996,base
1,7998,base
1,7999,base
1,8000,base
1,8002,base
1,8009,base
1,8010,base
1,8011,base
1,8012,base
1,8014,base
1,8015,base
1,8018,base
1,8019,base
1,8022,base
1,8023,base
1,8025,base
1,8026,base
1,8027,base
1,8031,base
1,8032,base
1,8036,base
1,8037,base
1,8038,base
1,8039,base
1,8040,base
1,8041,base
1,8044,base
1,8045,base
1,8047,base
1,8049,base
1,8052,base
1,8057,base
1,8058,base
1,8059,base
1,8063,base
1,8064,base
1,8065,base
1,8067,base
1,8073,base
1,8074,base
1,8077,base
1,8078,base
1,8079,base
1,8081,base
1,8085,base
1,8087,base
1,8088,base
1,8090,base
1,8091,base
1,8094,base
1,8097,base
1,8098,base
1,8100,base
1,8101,base
1,8103,base
1,8104,base
1,8105,base
1,8106,base
1,8110,base
1,8111,base
1,8113,base
1,8115,base
1,8119,base
1,8121,base
1,8122,base
1,8124,base
1,8125,base
1,8126,base
1,8127,base
1,8129,base
1,8130,base
1,8137,base
1,8138,base
1,8139,base
1,8141,base
1,8143,base
1,8144,base
1,8145,base
1,8147,base
1,8149,base
1,8150,base
1,8153,base
1,8159,base
1,8160,base
1,8161,base
1,8162,base
1,8163,base
1,8164,base
1,8165,base
1,8167,base
1,8168,base
1,8169,base
1,8170,base
1,8175,base
1,8179,base
1,8180,base
1,8183,base
1,8185,base
1,8189,base
1,8190,base
1,8191,base
1,8193,base
1,8195,base
1,8198,base
1,8200,base
1,8203,base
1,8209,base
1,8213,base
1,8215,base
1,8217,base
1,8219,base
1,8223,base
1,8224,base
1,8227,base
1,8229,base
1,8231,base
1,8234,base
1,8236,base
1,8239,base
1,8243,base
1,8247,base
1,8249,base
1,8251,base
1,8256,base
1,8257,base
1,8258,base
1,8259,base
1,8260,base
1,8261,base
1,8262,base
1,8263,base
1,8264,base
1,8270,base
1,8274,base
1,8276,base
1,8277,base
1,8279,base
1,8283,base
1,8284,base
1,8285,base
1,8286,base
1,8287,base
1,8291,base
1,8293,base
1,8294,base
1,8297,base
1,8298,base
1,8300,base
1,8303,base
1,8304,base
1,8306,base
1,8309,base
1,8315,base
1,8316,base
1,8317,base
1,8320,base
1,8322,base
1,8324,base
1,8325,base
1,8326,base
1,8332,base
1,8334,base
1,8335,base
1,8336,base
1,8338,base
1,8340,base
1,8343,base
1,8344,base
1,8345,base
1,8346,base
1,8347,base
1,8353,base
1,8354,base
1,8355,base
1,8356,base
1,8357,base
1,8358,base
1,8361,base
1,8362,base
1,8365,base
1,8366,base
1,8368,base
1,8369,base
1,8370,base
1,8375,base
1,8376,base
1,8378,base
1,8381,base
1,8383,base
1,8384,base
1,8385,base
1,8386,base
1,8387,base
1,8388,base
1,8390,base
1,8394,base
1,8395,base
1,8397,base
1,8399,base
1,8404,base
1,8405,base
1,8407,base
1,8408,base
1,8409,base
1,8410,base
1,8414,base
1,8415,base
1,8416,base
1,8417,base
1,8424,base
1,8425,base
1,8430,base
1,8431,base
1,8434,base
1,8439,base
1,8441,base
1,8442,base
1,8448,base
1,8451,base
1,8452,base
1,8453,base
1,8454,base
1,8456,base
1,8458,base
1,8461,base
1,8462,base
1,8464,base
1,8467,base
1,8471,base
1,8473,base
1,8474,base
1,8475,base
1,8476,base
1,8479,base
1,8481,base
1,8482,base
1,8486,base
1,8489,base
1,8491,base
1,8492,base
1,8493,base
1,8496,base
1,8497,base
1,8501,base
1,8506,base
1,8508,base
1,8509,base
1,8510,base
1,8514,base
1,8516,base
1,8517,base
1,8520,base
1,8524,base
1,8525,base
1,8527,base
1,8528,base
1,8529,base
1,8531,base
1,8532,base
1,8533,base
1,8535,base
1,8536,base
1,8537,base
1,8538,base
1,8539,base
1,8541,base
1,8543,base
1,8544,base
1,8545,base
1,8546,base
1,8547,base
1,8548,base
1,8550,base
1,8552,base
1,8553,base
1,8555,base
1,8556,base
1,8562,base
1,8564,base
1,8569,base
1,8570,base
1,8571,base
1,8572,base
1,8575,base
1,8576,base
1,8580,base
1,8581,base
1,8586,base
1,8587,base
1,8588,base
1,8591,base
1,8592,base
1,8594,base
1,8595,base
1,8601,base
1,8603,base
1,8609,base
1,8615,base
1,8617,base
1,8618,base
1,8619,base
1,8620,base
1,8621,base
1,8624,base
1,8626,base
1,8627,base
1,8629,base
1,8630,base
1,8633,base
1,8634,base
1,8635,base
1,8637,base
1,8638,base
1,8639,base
1,8640,base
1,8642,base
1,8648,base
1,8649,base
1,8651,base
1,8654,base
1,8655,base
1,8656,base
1,8658,base
1,8660,base
1,8662,base
1,8664,base
1,8665,base
1,8666,base
1,8667,base
1,8670,base
1,8671,base
1,8672,base
1,8674,base
1,8678,base
1,8680,base
1,8683,base
1,8685,base
1,8693,base
1,8694,base
1,8696,base
1,8697,base
1,8702,base
1,8703,base
1,8704,base
1,8705,base
1,8706,base
1,8707,base
1,8711,base
1,8712,base
1,8713,base
1,8714,base
1,8715,base
1,8716,base
1,8724,base
1,8726,base
1,8727,base
1,8729,base
1,8732,base
1,8733,base
1,8734,base
1,8735,base
1,8738,base
1,8740,base
1,8741,base
1,8742,base
1,8743,base
1,8744,base
1,8745,base
1,8747,base
1,8748,base
1,8749,base
1,8751,base
1,8752,base
1,8754,base
1,8755,base
1,8756,base
1,8759,base
1,8760,base
1,8761,base
1,8762,base
1,8764,base
1,8765,base
1,8766,base
1,8769,base
1,8773,base
1,8778,base
1,8780,base
1,8781,base
1,8783,base
1,8785,base
1,8789,base
1,8791,base
1,8792,base
1,8794,base
1,8795,base
1,8796,base
1,8798,base
1,8799,base
1,8801,base
1,8802,base
1,8803,base
1,8804,base
1,8807,base
1,8810,base
1,8811,base
1,8813,base
1,8819,base
1,8822,base
1,8823,base
1,8831,base
1,8832,base
1,8838,base
1,8839,base
1,8842,base
1,8843,base
1,8844,base
1,8845,base
1,8846,base
1,8847,base
1,8850,base
1,8852,base
1,8853,base
1,8854,base
1,8856,base
1,8858,base
1,8859,base
1,8860,base
1,8861,base
1,8863,base
1,8864,base
1,8868,base
1,8870,base
1,8871,base
1,8872,base
1,8874,base
1,8877,base
1,8878,base
1,8879,base
1,8881,base
1,8882,base
1,8883,base
1,8885,base
1,8889,base
1,8891,base
1,8892,base
1,8894,base
1,8895,base
1,8898,base
1,8899,base
1,8901,base
1,8905,base
1,8906,base
1,8908,base
1,8909,base
1,8910,base
1,8911,base
1,8912,base
1,8916,base
1,8917,base
1,8918,base
1,8920,base
1,8923,base
1,8930,base
1,8934,base
1,8935,base
1,8936,base
1,8938,base
1,8939,base
1,8940,base
1,8944,base
1,8945,base
1,8947,base
1,8950,base
1,8951,base
1,8952,base
1,8953,base
1,8955,base
1,8958,base
1,8961,base
1,8962,base
1,8964,base
1,8967,base
1,8969,base
1,8971,base
1,8973,base
1,8974,base
1,8977,base
1,8978,base
1,8980,base
1,8981,base
1,8982,base
1,8984,base
1,8986,base
1,8987,base
1,8990,base
1,8991,base
1,8994,base
1,9000,base
1,9002,base
1,9004,base
1,9005,base
1,9006,base
1,9007,base
1,9010,base
1,9012,base
1,9013,base
1,9015,base
1,9016,base
1,9017,base
1,9019,base
1,9022,base
1,9023,base
1,9025,base
1,9027,base
1,9030,base
1,9032,base
1,9033,base
1,9036,base
1,9040,base
1,9042,base
1,9043,base
1,9044,base
1,9048,base
1,9049,base
1,9052,base
1,9054,base
1,9056,base
1,9057,base
1,9059,base
1,9060,base
1,9061,base
1,9063,base
1,9064,base
1,9065,base
1,9067,base
1,9069,base
1,9076,base
1,9077,base
1,9082,base
1,9084,base
1,9085,base
1,9086,base
1,9088,base
1,9093,base
1,9094,base
1,9097,base
1,9099,base
1,9103,base
1,9109,base
1,9112,base
1,9115,base
1,9117,base
1,9119,base
1,9120,base
1,9121,base
1,9122,base
1,9127,base
1,9128,base
1,9130,base
1,9132,base
1,9133,base
1,9134,base
1,9135,base
1,9138,base
1,9139,base
1,9140,base
1,9147,base
1,9148,base
1,9151,base
1,9152,base
1,9153,base
1,9154,base
1,9155,base
1,9156,base
1,9158,base
1,9160,base
1,9161,base
1,9163,base
1,9164,base
1,9169,base
1,9171,base
1,9175,base
1,9176,base
1,9177,base
1,9178,base
1,9181,base
1,9182,base
1,9183,base
1,9184,base
1,9185,base
1,9187,base
1,9189,base
1,9192,base
1,9193,base
1,9195,base
1,9196,base
1,9197,base
1,9198,base
1,9200,base
1,9203,base
1,9207,base
1,9208,base
1,9209,base
1,9210,base
1,9213,base
1,9216,base
1,9217,base
1,9224,base
1,9229,base
1,9230,base
1,9231,base
1,9232,base
1,9236,base
1,9237,base
1,9239,base
1,9242,base
1,9243,base
1,9244,base
1,9245,base
1,9248,base
1,9249,base
1,9252,base
1,9253,base
1,9261,base
1,9264,base
1,9266,base
1,9267,base
1,9268,base
1,9271,base
1,9272,base
1,9273,base
1,9281,base
1,9284,base
1,9286,base
1,9287,base
1,9289,base
1,9290,base
1,9293,base
1,9294,base
1,9295,base
1,9296,base
1,9297,base
1,9298,base
1,9300,base
1,9301,base
1,9302,base
1,9304,base
1,9306,base
1,9311,base
1,9312,base
1,9313,base
1,9315,base
1,9319,base
1,9321,base
1,9322,base
1,9324,base
1,9325,base
1,9328,base
1,9331,base
1,9332,base
1,9334,base
1,9338,base
1,9341,base
1,9342,base
1,9344,base
1,9347,base
1,9350,base
1,9352,base
1,9353,base
1,9357,base
1,9358,base
1,9362,base
1,9364,base
1,9365,base
1,9366,base
1,9368,base
1,9371,base
1,9373,base
1,9376,base
1,9378,base
1,9382,base
1,9383,base
1,9385,base
1,9388,base
1,9389,base
1,9391,base
1,9393,base
1,9394,base
1,9396,base
1,9397,base
1,9398,base
1,9399,base
1,9400,base
1,9402,base
1,9403,base
1,9404,base
1,9405,base
1,9406,base
1,9407,base
1,9408,base
1,9411,base
1,9412,base
1,9414,base
1,9417,base
1,9421,base
1,9422,base
1,9423,base
1,9424,base
1,9425,base
1,9428,base
1,9429,base
1,9430,base
1,9431,base
1,9432,base
1,9433,base
1,9435,base
1,9436,base
1,9438,base
1,9439,base
1,9440,base
1,9441,base
1,9442,base
1,9445,base
1,9446,base
1,9447,base
1,9450,base
1,9455,base
1,9457,base
1,9458,base
1,9459,base
1,9461,base
1,9463,base
1,9465,base
1,9466,base
1,9467,base
1,9468,base
1,9469,base
1,9472,base
1,9473,base
1,9474,base
1,9476,base
1,9478,base
1,9479,base
1,9480,base
1,9481,base
1,9482,base
1,9485,base
1,9486,base
1,9488,base
1,9490,base
1,9492,base
1,9494,base
1,9497,base
1,9498,base
1,9502,base
1,9503,base
1,9505,base
1,9508,base
1,9509,base
1,9510,base
1,9513,base
1,9514,base
1,9515,base
1,9516,base
1,9524,base
1,9528,base
1,9529,base
1,9531,base
1,9532,base
1,9533,base
1,9535,base
1,9536,base
1,9537,base
1,9541,base
1,9545,base
1,9546,base
1,9547,base
1,9548,base
1,9551,base
1,9552,base
1,9553,base
1,9554,base
1,9556,base
1,9559,base
1,9560,base
1,9564,base
1,9566,base
1,9568,base
1,9569,base
1,9572,base
1,9574,base
1,9575,base
1,9576,base
1,9578,base
1,9580,base
1,9581,base
1,9584,base
1,9586,base
1,9587,base
1,9589,base
1,9590,base
1,9593,base
1,9596,base
1,9598,base
1,9599,base
1,9600,base
1,9601,base
1,9608,base
1,9611,base
1,9613,base
1,9617,base
1,9618,base
1,9619,base
1,9620,base
1,9624,base
1,9627,base
1,9628,base
1,9631,base
1,9632,base
1,9633,base
1,9634,base
1,9635,base
1,9636,base
1,9638,base
1,9640,base
1,9641,base
1,9642,base
1,9644,base
1,9647,base
1,9648,base
1,9649,base
1,9654,base
1,9657,base
1,9659,base
1,9660,base
1,9662,base
1,9666,base
1,9670,base
1,9673,base
1,9677,base
1,9680,base
1,9681,base
1,9682,base
1,9684,base
1,9690,base
1,9692,base
1,9693,base
1,9694,base
1,9699,base
1,9700,base
1,9703,base
1,9704,base
1,9713,base
1,9714,base
1,9716,base
1,9717,base
1,9718,base
1,9719,base
1,9721,base
1,9724,base
1,9725,base
1,9730,base
1,9731,base
1,9732,base
1,9733,base
1,9738,base
1,9740,base
1,9745,base
1,9746,base
1,9747,base
1,9749,base
1,9750,base
1,9755,base
1,9761,base
1,9762,base
1,9763,base
1,9765,base
1,9768,base
1,9769,base
1,9772,base
1,9775,base
1,9776,base
1,9778,base
1,9781,base
1,9782,base
1,9783,base
1,9784,base
1,9785,base
1,9786,base
1,9788,base
1,9789,base
1,9791,base
1,9792,base
1,9793,base
1,9795,base
1,9798,base
1,9800,base
1,9802,base
1,9807,base
1,9808,base
1,9811,base
1,9814,base
1,9815,base
1,9816,base
1,9817,base
1,9818,base
1,9820,base
1,9821,base
1,9823,base
1,9824,base
1,9825,base
1,9829,base
1,9832,base
1,9833,base
1,9834,base
1,9835,base
1,9837,base
1,9841,base
1,9842,base
1,9843,base
1,9845,base
1,9846,base
1,9848,base
1,9851,base
1,9853,base
1,9854,base
1,9856,base
1,9858,base
1,9862,base
1,9865,base
1,9868,base
1,9873,base
1,9874,base
1,9876,base
1,9878,base
1,9880,base
1,9882,base
1,9885,base
1,9886,base
1,9887,base
1,9889,base
1,9890,base
1,9892,base
1,9893,base
1,9895,base
1,9896,base
1,9901,base
1,9902,base
1,9903,base
1,9906,base
1,9908,base
1,9910,base
1,9911,base
1,9915,base
1,9916,base
1,9921,base
1,9922,base
1,9925,base
1,9927,base
1,9930,base
1,9932,base
1,9933,base
1,9934,base
1,9935,base
1,9937,base
1,9939,base
1,9941,base
1,9944,base
1,9945,base
1,9946,base
1,9947,base
1,9952,base
1,9953,base
1,9955,base
1,9956,base
1,9959,base
1,9961,base
1,9963,base
1,9964,base
1,9966,base
1,9967,base
1,9971,base
1,9972,base
1,9975,base
1,9976,base
1,9980,base
1,9981,base
1,9983,base
1,9984,base
1,9985,base
1,9987,base
1,9988,base
1,20,transfer
1,26,transfer
1,35,transfer
1,37,transfer
1,40,transfer
1,43,transfer
1,50,transfer
1,61,transfer
1,63,transfer
1,64,transfer
1,68,transfer
1,74,transfer
1,84,transfer
1,86,transfer
1,87,transfer
1,94,transfer
1,101,transfer
1,109,transfer
1,113,transfer
1,116,transfer
1,118,transfer
1,128,transfer
1,133,transfer
1,141,transfer
1,142,transfer
1,144,transfer
1,153,transfer
1,170,transfer
1,176,transfer
1,178,transfer
1,183,transfer
1,190,transfer
1,194,transfer
1,196,transfer
1,198,transfer
1,200,transfer
1,207,transfer
1,217,transfer
1,226,transfer
1,229,transfer
1,231,transfer
1,237,transfer
1,241,transfer
1,243,transfer
1,251,transfer
1,252,transfer
1,253,transfer
1,254,transfer
1,255,transfer
1,259,transfer
1,262,transfer
1,264,transfer
1,265,transfer
1,266,transfer
1,269,transfer
1,275,transfer
1,280,transfer
1,285,transfer
1,288,transfer
1,289,transfer
1,291,transfer
1,297,transfer
1,298,transfer
1,307,transfer
1,309,transfer
1,310,transfer
1,313,transfer
1,316,transfer
1,333,transfer
1,343,transfer
1,344,transfer
1,349,transfer
1,350,transfer
1,361,transfer
1,363,transfer
1,374,transfer
1,383,transfer
1,384,transfer
1,393,transfer
1,395,transfer
1,398,transfer
1,406,transfer
1,407,transfer
1,416,transfer
1,418,transfer
1,419,transfer
1,423,transfer
1,429,transfer
1,440,transfer
1,446,transfer
1,455,transfer
1,481,transfer
1,483,transfer
1,489,transfer
1,497,transfer
1,501,transfer
1,502,transfer
1,503,transfer
1,507,transfer
1,509,transfer
1,512,transfer
1,515,transfer
1,517,transfer
1,518,transfer
1,520,transfer
1,521,transfer
1,522,transfer
1,526,transfer
1,532,transfer
1,534,transfer
1,535,transfer
1,540,transfer
1,545,transfer
1,549,transfer
1,551,transfer
1,552,transfer
1,563,transfer
1,570,transfer
1,571,transfer
1,576,transfer
1,580,transfer
1,582,transfer
1,593,transfer
1,600,transfer
1,601,transfer
1,604,transfer
1,611,transfer
1,646,transfer
1,648,transfer
1,650,transfer
1,654,transfer
1,657,transfer
1,664,transfer
1,665,transfer
1,669,transfer
1,670,transfer
1,672,transfer
1,675,transfer
1,689,transfer
1,691,transfer
1,703,transfer
1,706,transfer
1,708,transfer
1,716,transfer
1,717,transfer
1,722,transfer
1,726,transfer
1,730,transfer
1,738,transfer
1,741,transfer
1,742,transfer
1,749,transfer
1,755,transfer
1,762,transfer
1,765,transfer
1,768,transfer
1,769,transfer
1,775,transfer
1,779,transfer
1,783,transfer
1,786,transfer
1,789,transfer
1,795,transfer
1,796,transfer
1,798,transfer
1,800,transfer
1,804,transfer
1,806,transfer
1,819,transfer
1,823,transfer
1,829,transfer
1,837,transfer
1,844,transfer
1,858,transfer
1,861,transfer
1,869,transfer
1,878,transfer
1,879,transfer
1,881,transfer
1,902,transfer
1,903,transfer
1,906,transfer
1,914,transfer
1,915,transfer
1,923,transfer
1,925,transfer
1,927,transfer
1,934,transfer
1,936,transfer
1,940,transfer
1,947,transfer
1,961,transfer
1,963,transfer
1,969,transfer
1,970,transfer
1,974,transfer
1,985,transfer
1,993,transfer
1,995,transfer
1,1005,transfer
1,1006,transfer
1,1010,transfer
1,1022,transfer
1,1024,transfer
1,1025,transfer
1,1033,transfer
1,1034,transfer
1,1035,transfer
1,1040,transfer
1,1041,transfer
1,1044,transfer
1,1046,transfer
1,1054,transfer
1,1057,transfer
1,1058,transfer
1,1073,transfer
1,1074,transfer
1,1084,transfer
1,1087,transfer
1,1090,transfer
1,1101,transfer
1,1103,transfer
1,1116,transfer
1,1121,transfer
1,1122,transfer
1,1124,transfer
1,1125,transfer
1,1127,transfer
1,1136,transfer
1,1138,transfer
1,1153,transfer
1,1157,transfer
1,1159,transfer
1,1161,transfer
1,1162,transfer
1,1183,transfer
1,1185,transfer
1,1190,transfer
1,1198,transfer
1,1202,transfer
1,1207,transfer
1,1209,transfer
1,1213,transfer
1,1216,transfer
1,1225,transfer
1,1229,transfer
1,1237,transfer
1,1239,transfer
1,1241,transfer
1,1245,transfer
1,1267,transfer
1,1269,transfer
1,1273,transfer
1,1275,transfer
1,1287,transfer
1,1291,transfer
1,1292,transfer
1,1294,transfer
1,1297,transfer
1,1298,transfer
1,1303,transfer
1,1306,transfer
1,1313,transfer
1,1320,transfer
1,1321,transfer
1,1322,transfer
1,1342,transfer
1,1343,transfer
1,1347,transfer
1,1355,transfer
1,1358,transfer
1,1360,transfer
1,1367,transfer
1,1378,transfer
1,1385,transfer
1,1388,transfer
1,1391,transfer
1,1397,transfer
1,1398,transfer
1,1400,transfer
1,1402,transfer
1,1408,transfer
1,1424,transfer
1,1433,transfer
1,1436,transfer
1,1438,transfer
1,1446,transfer
1,1447,transfer
1,1468,transfer
1,1471,transfer
1,1474,transfer
1,1481,transfer
1,1482,transfer
1,1487,transfer
1,1488,transfer
1,1492,transfer
1,1502,transfer
1,1507,transfer
1,1509,transfer
1,1515,transfer
1,1516,transfer
1,1517,transfer
1,1519,transfer
1,1520,transfer
1,1531,transfer
1,1533,transfer
1,1537,transfer
1,1543,transfer
1,1545,transfer
1,1554,transfer
1,1555,transfer
1,1558,transfer
1,1561,transfer
1,1564,transfer
1,1567,transfer
1,1570,transfer
1,1575,transfer
1,1584,transfer
1,1593,transfer
1,1596,transfer
1,1602,transfer
1,1606,transfer
1,1609,transfer
1,1610,transfer
1,1616,transfer
1,1620,transfer
1,1625,transfer
1,1634,transfer
1,1635,transfer
1,1636,transfer
1,1638,transfer
1,1641,transfer
1,1650,transfer
1,1652,transfer
1,1660,transfer
1,1664,transfer
1,1665,transfer
1,1668,transfer
1,1670,transfer
1,1672,transfer
1,1681,transfer
1,1690,transfer
1,1691,transfer
1,1702,transfer
1,1703,transfer
1,1708,transfer
1,1711,transfer
1,1722,transfer
1,1724,transfer
1,1736,transfer
1,1740,transfer
1,1749,transfer
1,1754,transfer
1,1759,transfer
1,1783,transfer
1,1788,transfer
1,1789,transfer
1,1791,transfer
1,1802,transfer
1,1819,transfer
1,1824,transfer
1,1830,transfer
1,1836,transfer
1,1845,transfer
1,1854,transfer
1,1855,transfer
1,1858,transfer
1,1860,transfer
1,1864,transfer
1,1867,transfer
1,1868,transfer
1,1869,transfer
1,1873,transfer
1,1877,transfer
1,1878,transfer
1,1884,transfer
1,1896,transfer
1,1899,transfer
1,1905,transfer
1,1911,transfer
1,1918,transfer
1,1929,transfer
1,1937,transfer
1,1942,transfer
1,1943,transfer
1,1944,transfer
1,1953,transfer
1,1963,transfer
1,1968,transfer
1,1969,transfer
1,1973,transfer
1,1986,transfer
1,1989,transfer
1,1994,transfer
1,1995,transfer
1,2000,transfer
1,2006,transfer
1,2007,transfer
1,2011,transfer
1,2014,transfer
1,2020,transfer
1,2021,transfer
1,2025,transfer
1,2027,transfer
1,2031,transfer
1,2034,transfer
1,2035,transfer
1,2042,transfer
1,2043,transfer
1,2044,transfer
1,2050,transfer
1,2053,transfer
1,2069,transfer
1,2071,transfer
1,2077,transfer
1,2080,transfer
1,2082,transfer
1,2101,transfer
1,2108,transfer
1,2116,transfer
1,2125,transfer
1,2129,transfer
1,2130,transfer
1,2138,transfer
1,2148,transfer
1,2149,transfer
1,2151,transfer
1,2160,transfer
1,2162,transfer
1,2163,transfer
1,2164,transfer
1,2172,transfer
1,2175,transfer
1,2176,transfer
1,2181,transfer
1,2182,transfer
1,2189,transfer
1,2198,transfer
1,2200,transfer
1,2201,transfer
1,2203,transfer
1,2206,transfer
1,2207,transfer
1,2213,transfer
1,2223,transfer
1,2225,transfer
1,2226,transfer
1,2233,transfer
1,2240,transfer
1,2244,transfer
1,2245,transfer
1,2247,transfer
1,2254,transfer
1,2270,transfer
1,2275,transfer
1,2277,transfer
1,2278,transfer
1,2279,transfer
1,2281,transfer
1,2286,transfer
1,2290,transfer
1,2292,transfer
1,2299,transfer
1,2303,transfer
1,2306,transfer
1,2309,transfer
1,2311,transfer
1,2312,transfer
1,2314,transfer
1,2322,transfer
1,2326,transfer
1,2330,transfer
1,2334,transfer
1,2336,transfer
1,2337,transfer
1,2343,transfer
1,2345,transfer
1,2350,transfer
1,2355,transfer
1,2357,transfer
1,2363,transfer
1,2373,transfer
1,2383,transfer
1,2388,transfer
1,2389,transfer
1,2399,transfer
1,2404,transfer
1,2424,transfer
1,2440,transfer
1,2450,transfer
1,2452,transfer
1,2458,transfer
1,2463,transfer
1,2470,transfer
1,2471,transfer
1,2475,transfer
1,2494,transfer
1,2496,transfer
1,2497,transfer
1,2504,transfer
1,2510,transfer
1,2515,transfer
1,2522,transfer
1,2524,transfer
1,2541,transfer
1,2544,transfer
1,2550,transfer
1,2551,transfer
1,2560,transfer
1,2562,transfer
1,2563,transfer
1,2566,transfer
1,2597,transfer
1,2605,transfer
1,2609,transfer
1,2610,transfer
1,2616,transfer
1,2617,transfer
1,2623,transfer
1,2627,transfer
1,2633,transfer
1,2636,transfer
1,2642,transfer
1,2643,transfer
1,2645,transfer
1,2646,transfer
1,2658,transfer
1,2665,transfer
1,2669,transfer
1,2670,transfer
1,2673,transfer
1,2678,transfer
1,2679,transfer
1,2680,transfer
1,2690,transfer
1,2695,transfer
1,2698,transfer
1,2707,transfer
1,2708,transfer
1,2710,transfer
1,2712,transfer
1,2713,transfer
1,2720,transfer
1,2721,transfer
1,2722,transfer
1,2724,transfer
1,2738,transfer
1,2748,transfer
1,2756,transfer
1,2758,transfer
1,2760,transfer
1,2763,transfer
1,2764,transfer
1,2786,transfer
1,2788,transfer
1,2793,transfer
1,2806,transfer
1,2807,transfer
1,2813,transfer
1,2815,transfer
1,2816,transfer
1,2818,transfer
1,2822,transfer
1,2824,transfer
1,2825,transfer
1,2827,transfer
1,2828,transfer
1,2831,transfer
1,2834,transfer
1,2842,transfer
1,2844,transfer
1,2854,transfer
1,2864,transfer
1,2865,transfer
1,2870,transfer
1,2871,transfer
1,2873,transfer
1,2879,transfer
1,2884,transfer
1,2892,transfer
1,2896,transfer
1,2903,transfer
1,2905,transfer
1,2914,transfer
1,2915,transfer
1,2925,transfer
1,2927,transfer
1,2929,transfer
1,2931,transfer
1,2933,transfer
1,2935,transfer
1,2936,transfer
1,2943,transfer
1,2944,transfer
1,2950,transfer
1,2964,transfer
1,2965,transfer
1,2967,transfer
1,2968,transfer
1,2972,transfer
1,2973,transfer
1,2979,transfer
1,2982,transfer
1,2983,transfer
1,2984,transfer
1,2995,transfer
1,2998,transfer
1,3002,transfer
1,3005,transfer
1,3008,transfer
1,3015,transfer
1,3024,transfer
1,3025,transfer
1,3028,transfer
1,3038,transfer
1,3045,transfer
1,3047,transfer
1,3063,transfer
1,3069,transfer
1,3070,transfer
1,3074,transfer
1,3078,transfer
1,3095,transfer
1,3101,transfer
1,3110,transfer
1,3114,transfer
1,3142,transfer
1,3145,transfer
1,3152,transfer
1,3167,transfer
1,3173,transfer
1,3174,transfer
1,3181,transfer
1,3182,transfer
1,3184,transfer
1,3187,transfer
1,3190,transfer
1,3192,transfer
1,3193,transfer
1,3197,transfer
1,3201,transfer
1,3216,transfer
1,3217,transfer
1,3220,transfer
1,3226,transfer
1,3230,transfer
1,3235,transfer
1,3237,transfer
1,3238,transfer
1,3249,transfer
1,3253,transfer
1,3258,transfer
1,3263,transfer
1,3285,transfer
1,3287,transfer
1,3293,transfer
1,3300,transfer
1,3301,transfer
1,3304,transfer
1,3306,transfer
1,3309,transfer
1,3311,transfer
1,3317,transfer
1,3321,transfer
1,3330,transfer
1,3331,transfer
1,3334,transfer
1,3335,transfer
1,3339,transfer
1,3346,transfer
1,3347,transfer
1,3348,transfer
1,3361,transfer
1,3368,transfer
1,3370,transfer
1,3374,transfer
1,3376,transfer
1,3382,transfer
1,3383,transfer
1,3384,transfer
1,3393,transfer
1,3406,transfer
1,3409,transfer
1,3412,transfer
1,3423,transfer
1,3432,transfer
1,3433,transfer
1,3436,transfer
1,3440,transfer
1,3442,transfer
1,3452,transfer
1,3453,transfer
1,3463,transfer
1,3475,transfer
1,3479,transfer
1,3480,transfer
1,3495,transfer
1,3496,transfer
1,3499,transfer
1,3500,transfer
1,3501,transfer
1,3509,transfer
1,3513,transfer
1,3518,transfer
1,3524,transfer
1,3533,transfer
1,3539,transfer
1,3540,transfer
1,3546,transfer
1,3549,transfer
1,3551,transfer
1,3556,transfer
1,3566,transfer
1,3568,transfer
1,3571,transfer
1,3574,transfer
1,3575,transfer
1,3579,transfer
1,3581,transfer
1,3585,transfer
1,3588,transfer
1,3591,transfer
1,3597,transfer
1,3607,transfer
1,3609,transfer
1,3611,transfer
1,3629,transfer
1,3632,transfer
1,3634,transfer
1,3635,transfer
1,3639,transfer
1,3640,transfer
1,3653,transfer
1,3665,transfer
1,3680,transfer
1,3682,transfer
1,3684,transfer
1,3689,transfer
1,3692,transfer
1,3694,transfer
1,3698,transfer
1,3715,transfer
1,3722,transfer
1,3725,transfer
1,3730,transfer
1,3732,transfer
1,3735,transfer
1,3744,transfer
1,3754,transfer
1,3760,transfer
1,3762,transfer
1,3763,transfer
1,3765,transfer
1,3774,transfer
1,3775,transfer
1,3777,transfer
1,3783,transfer
1,3785,transfer
1,3793,transfer
1,3797,transfer
1,3815,transfer
1,3828,transfer
1,3829,transfer
1,3833,transfer
1,3836,transfer
1,3838,transfer
1,3842,transfer
1,3844,transfer
1,3846,transfer
1,3847,transfer
1,3852,transfer
1,3854,transfer
1,3864,transfer
1,3866,transfer
1,3869,transfer
1,3871,transfer
1,3877,transfer
1,3883,transfer
1,3903,transfer
1,3906,transfer
1,3907,transfer
1,3908,transfer
1,3912,transfer
1,3913,transfer
1,3920,transfer
1,3928,transfer
1,3929,transfer
1,3932,transfer
1,3936,transfer
1,3941,transfer
1,3947,transfer
1,3959,transfer
1,3961,transfer
1,3962,transfer
1,3964,transfer
1,3972,transfer
1,3980,transfer
1,3981,transfer
1,3982,transfer
1,3994,transfer
1,3998,transfer
1,4000,transfer
1,4007,transfer
1,4012,transfer
1,4013,transfer
1,4018,transfer
1,4022,transfer
1,4023,transfer
1,4028,transfer
1,4030,transfer
1,4036,transfer
1,4043,transfer
1,4056,transfer
1,4059,transfer
1,4062,transfer
1,4070,transfer
1,4071,transfer
1,4072,transfer
1,4073,transfer
1,4076,transfer
1,4083,transfer
1,4086,transfer
1,4094,transfer
1,4098,transfer
1,4100,transfer
1,4115,transfer
1,4128,transfer
1,4129,transfer
1,4133,transfer
1,4134,transfer
1,4148,transfer
1,4149,transfer
1,4153,transfer
1,4162,transfer
1,4175,transfer
1,4178,transfer
1,4179,transfer
1,4188,transfer
1,4189,transfer
1,4192,transfer
1,4193,transfer
1,4197,transfer
1,4200,transfer
1,4207,transfer
1,4217,transfer
1,4223,transfer
1,4234,transfer
1,4236,transfer
1,4237,transfer
1,4241,transfer
1,4243,transfer
1,4249,transfer
1,4250,transfer
1,4258,transfer
1,4262,transfer
1,4275,transfer
1,4282,transfer
1,4285,transfer
1,4288,transfer
1,4292,transfer
1,4293,transfer
1,4294,transfer
1,4297,transfer
1,4300,transfer
1,4303,transfer
1,4309,transfer
1,4313,transfer
1,4318,transfer
1,4326,transfer
1,4331,transfer
1,4349,transfer
1,4351,transfer
1,4354,transfer
1,4361,transfer
1,4362,transfer
1,4366,transfer
1,4370,transfer
1,4372,transfer
1,4378,transfer
1,4385,transfer
1,4394,transfer
1,4405,transfer
1,4409,transfer
1,4410,transfer
1,4420,transfer
1,4423,transfer
1,4427,transfer
1,4430,transfer
1,4437,transfer
1,4442,transfer
1,4446,transfer
1,4452,transfer
1,4468,transfer
1,4477,transfer
1,4479,transfer
1,4487,transfer
1,4489,transfer
1,4491,transfer
1,4492,transfer
1,4493,transfer
1,4501,transfer
1,4508,transfer
1,4511,transfer
1,4515,transfer
1,4519,transfer
1,4526,transfer
1,4528,transfer
1,4532,transfer
1,4536,transfer
1,4542,transfer
1,4544,transfer
1,4552,transfer
1,4553,transfer
1,4560,transfer
1,4563,transfer
1,4576,transfer
1,4577,transfer
1,4579,transfer
1,4582,transfer
1,4583,transfer
1,4588,transfer
1,4590,transfer
1,4595,transfer
1,4599,transfer
1,4600,transfer
1,4605,transfer
1,4610,transfer
1,4613,transfer
1,4614,transfer
1,4616,transfer
1,4626,transfer
1,4633,transfer
1,4640,transfer
1,4647,transfer
1,4649,transfer
1,4656,transfer
1,4661,transfer
1,4666,transfer
1,4671,transfer
1,4675,transfer
1,4683,transfer
1,4686,transfer
1,4689,transfer
1,4690,transfer
1,4707,transfer
1,4721,transfer
1,4725,transfer
1,4730,transfer
1,4736,transfer
1,4737,transfer
1,4739,transfer
1,4742,transfer
1,4749,transfer
1,4757,transfer
1,4758,transfer
1,4761,transfer
1,4762,transfer
1,4778,transfer
1,4783,transfer
1,4802,transfer
1,4805,transfer
1,4806,transfer
1,4827,transfer
1,4836,transfer
1,4841,transfer
1,4843,transfer
1,4844,transfer
1,4850,transfer
1,4854,transfer
1,4857,transfer
1,4858,transfer
1,4862,transfer
1,4863,transfer
1,4869,transfer
1,4870,transfer
1,4873,transfer
1,4889,transfer
1,4892,transfer
1,4893,transfer
1,4895,transfer
1,4903,transfer
1,4905,transfer
1,4906,transfer
1,4916,transfer
1,4918,transfer
1,4919,transfer
1,4921,transfer
1,4931,transfer
1,4933,transfer
1,4945,transfer
1,4947,transfer
1,4949,transfer
1,4960,transfer
1,4961,transfer
1,4974,transfer
1,4983,transfer
1,4984,transfer
1,4992,transfer
1,5001,transfer
1,5019,transfer
1,5023,transfer
1,5031,transfer
1,5034,transfer
1,5035,transfer
1,5037,transfer
1,5038,transfer
1,5042,transfer
1,5043,transfer
1,5044,transfer
1,5045,transfer
1,5048,transfer
1,5050,transfer
1,5051,transfer
1,5052,transfer
1,5054,transfer
1,5067,transfer
1,5077,transfer
1,5079,transfer
1,5097,transfer
1,5102,transfer
1,5103,transfer
1,5107,transfer
1,5108,transfer
1,5112,transfer
1,5121,transfer
1,5122,transfer
1,5125,transfer
1,5128,transfer
1,5129,transfer
1,5134,transfer
1,5140,transfer
1,5154,transfer
1,5158,transfer
1,5162,transfer
1,5164,transfer
1,5165,transfer
1,5166,transfer
1,5180,transfer
1,5183,transfer
1,5191,transfer
1,5192,transfer
1,5196,transfer
1,5198,transfer
1,5203,transfer
1,5210,transfer
1,5212,transfer
1,5214,transfer
1,5218,transfer
1,5220,transfer
1,5226,transfer
1,5227,transfer
1,5237,transfer
1,5240,transfer
1,5252,transfer
1,5255,transfer
1,5270,transfer
1,5272,transfer
1,5275,transfer
1,5278,transfer
1,5279,transfer
1,5292,transfer
1,5293,transfer
1,5302,transfer
1,5303,transfer
1,5304,transfer
1,5322,transfer
1,5328,transfer
1,5332,transfer
1,5333,transfer
1,5338,transfer
1,5343,transfer
1,5351,transfer
1,5352,transfer
1,5365,transfer
1,5366,transfer
1,5368,transfer
1,5372,transfer
1,5377,transfer
1,5395,transfer
1,5402,transfer
1,5417,transfer
1,5419,transfer
1,5425,transfer
1,5429,transfer
1,5434,transfer
1,5442,transfer
1,5451,transfer
1,5452,transfer
1,5453,transfer
1,5454,transfer
1,5458,transfer
1,5461,transfer
1,5467,transfer
1,5468,transfer
1,5475,transfer
1,5478,transfer
1,5479,transfer
1,5483,transfer
1,5485,transfer
1,5487,transfer
1,5494,transfer
1,5502,transfer
1,5504,transfer
1,5507,transfer
1,5516,transfer
1,5524,transfer
1,5542,transfer
1,5553,transfer
1,5555,transfer
1,5559,transfer
1,5563,transfer
1,5576,transfer
1,5577,transfer
1,5579,transfer
1,5581,transfer
1,5588,transfer
1,5591,transfer
1,5598,transfer
1,5602,transfer
1,5604,transfer
1,5605,transfer
1,5606,transfer
1,5616,transfer
1,5617,transfer
1,5620,transfer
1,5625,transfer
1,5628,transfer
1,5633,transfer
1,5635,transfer
1,5640,transfer
1,5648,transfer
1,5649,transfer
1,5652,transfer
1,5654,transfer
1,5663,transfer
1,5666,transfer
1,5676,transfer
1,5684,transfer
1,5685,transfer
1,5688,transfer
1,5690,transfer
1,5696,transfer
1,5702,transfer
1,5705,transfer
1,5706,transfer
1,5707,transfer
1,5711,transfer
1,5717,transfer
1,5725,transfer
1,5729,transfer
1,5733,transfer
1,5744,transfer
1,5747,transfer
1,5756,transfer
1,5758,transfer
1,5771,transfer
1,5773,transfer
1,5779,transfer
1,5796,transfer
1,5797,transfer
1,5802,transfer
1,5803,transfer
1,5806,transfer
1,5808,transfer
1,5811,transfer
1,5820,transfer
1,5822,transfer
1,5823,transfer
1,5824,transfer
1,5828,transfer
1,5829,transfer
1,5838,transfer
1,5842,transfer
1,5847,transfer
1,5853,transfer
1,5857,transfer
1,5865,transfer
1,5868,transfer
1,5883,transfer
1,5891,transfer
1,5894,transfer
1,5895,transfer
1,5900,transfer
1,5903,transfer
1,5905,transfer
1,5921,transfer
1,5930,transfer
1,5937,transfer
1,5939,transfer
1,5942,transfer
1,5944,transfer
1,5955,transfer
1,5956,transfer
1,5963,transfer
1,5975,transfer
1,5977,transfer
1,5980,transfer
1,5995,transfer
1,5997,transfer
1,5998,transfer
1,6005,transfer
1,6018,transfer
1,6020,transfer
1,6021,transfer
1,6025,transfer
1,6026,transfer
1,6029,transfer
1,6031,transfer
1,6041,transfer
1,6042,transfer
1,6043,transfer
1,6049,transfer
1,6051,transfer
1,6064,transfer
1,6068,transfer
1,6074,transfer
1,6076,transfer
1,6077,transfer
1,6084,transfer
1,6090,transfer
1,6096,transfer
1,6109,transfer
1,6133,transfer
1,6140,transfer
1,6143,transfer
1,6146,transfer
1,6153,transfer
1,6156,transfer
1,6159,transfer
1,6160,transfer
1,6162,transfer
1,6165,transfer
1,6172,transfer
1,6187,transfer
1,6189,transfer
1,6210,transfer
1,6212,transfer
1,6214,transfer
1,6226,transfer
1,6233,transfer
1,6242,transfer
1,6243,transfer
1,6248,transfer
1,6249,transfer
1,6250,transfer
1,6259,transfer
1,6260,transfer
1,6262,transfer
1,6266,transfer
1,6269,transfer
1,6273,transfer
1,6276,transfer
1,6289,transfer
1,6296,transfer
1,6298,transfer
1,6303,transfer
1,6306,transfer
1,6317,transfer
1,6318,transfer
1,6329,transfer
1,6331,transfer
1,6335,transfer
1,6339,transfer
1,6341,transfer
1,6345,transfer
1,6347,transfer
1,6348,transfer
1,6353,transfer
1,6354,transfer
1,6355,transfer
1,6365,transfer
1,6368,transfer
1,6370,transfer
1,6371,transfer
1,6372,transfer
1,6374,transfer
1,6377,transfer
1,6389,transfer
1,6392,transfer
1,6394,transfer
1,6396,transfer
1,6402,transfer
1,6403,transfer
1,6409,transfer
1,6415,transfer
1,6419,transfer
1,6420,transfer
1,6423,transfer
1,6435,transfer
1,6437,transfer
1,6440,transfer
1,6442,transfer
1,6445,transfer
1,6448,transfer
1,6461,transfer
1,6467,transfer
1,6474,transfer
1,6480,transfer
1,6490,transfer
1,6503,transfer
1,6504,transfer
1,6510,transfer
1,6511,transfer
1,6512,transfer
1,6517,transfer
1,6519,transfer
1,6525,transfer
1,6527,transfer
1,6533,transfer
1,6536,transfer
1,6545,transfer
1,6562,transfer
1,6564,transfer
1,6566,transfer
1,6571,transfer
1,6572,transfer
1,6576,transfer
1,6591,transfer
1,6604,transfer
1,6611,transfer
1,6618,transfer
1,6626,transfer
1,6642,transfer
1,6647,transfer
1,6648,transfer
1,6665,transfer
1,6667,transfer
1,6677,transfer
1,6685,transfer
1,6688,transfer
1,6693,transfer
1,6701,transfer
1,6702,transfer
1,6703,transfer
1,6704,transfer
1,6707,transfer
1,6709,transfer
1,6711,transfer
1,6712,transfer
1,6715,transfer
1,6716,transfer
1,6720,transfer
1,6725,transfer
1,6736,transfer
1,6740,transfer
1,6744,transfer
1,6746,transfer
1,6748,transfer
1,6750,transfer
1,6758,transfer
1,6761,transfer
1,6762,transfer
1,6766,transfer
1,6768,transfer
1,6777,transfer
1,6780,transfer
1,6783,transfer
1,6787,transfer
1,6791,transfer
1,6805,transfer
1,6815,transfer
1,6817,transfer
1,6819,transfer
1,6820,transfer
1,6823,transfer
1,6829,transfer
1,6833,transfer
1,6836,transfer
1,6842,transfer
1,6850,transfer
1,6855,transfer
1,6858,transfer
1,6859,transfer
1,6861,transfer
1,6862,transfer
1,6871,transfer
1,6878,transfer
1,6882,transfer
1,6883,transfer
1,6885,transfer
1,6896,transfer
1,6897,transfer
1,6898,transfer
1,6907,transfer
1,6910,transfer
1,6912,transfer
1,6917,transfer
1,6922,transfer
1,6924,transfer
1,6925,transfer
1,6935,transfer
1,6951,transfer
1,6954,transfer
1,6957,transfer
1,6959,transfer
1,6963,transfer
1,6966,transfer
1,6969,transfer
1,6971,transfer
1,6973,transfer
1,6981,transfer
1,6984,transfer
1,6988,transfer
1,7005,transfer
1,7006,transfer
1,7010,transfer
1,7013,transfer
1,7029,transfer
1,7031,transfer
1,7032,transfer
1,7036,transfer
1,7039,transfer
1,7041,transfer
1,7042,transfer
1,7047,transfer
1,7054,transfer
1,7058,transfer
1,7060,transfer
1,7062,transfer
1,7063,transfer
1,7066,transfer
1,7073,transfer
1,7078,transfer
1,7086,transfer
1,7096,transfer
1,7097,transfer
1,7113,transfer
1,7115,transfer
1,7124,transfer
1,7126,transfer
1,7131,transfer
1,7137,transfer
1,7143,transfer
1,7144,transfer
1,7147,transfer
1,7149,transfer
1,7150,transfer
1,7151,transfer
1,7154,transfer
1,7155,transfer
1,7160,transfer
1,7175,transfer
1,7178,transfer
1,7186,transfer
1,7188,transfer
1,7194,transfer
1,7199,transfer
1,7214,transfer
1,7227,transfer
1,7241,transfer
1,7248,transfer
1,7249,transfer
1,7250,transfer
1,7256,transfer
1,7259,transfer
1,7262,transfer
1,7277,transfer
1,7290,transfer
1,7291,transfer
1,7296,transfer
1,7302,transfer
1,7306,transfer
1,7311,transfer
1,7318,transfer
1,7319,transfer
1,7321,transfer
1,7326,transfer
1,7328,transfer
1,7329,transfer
1,7335,transfer
1,7339,transfer
1,7342,transfer
1,7343,transfer
1,7350,transfer
1,7366,transfer
1,7368,transfer
1,7381,transfer
1,7386,transfer
1,7387,transfer
1,7393,transfer
1,7397,transfer
1,7404,transfer
1,7411,transfer
1,7416,transfer
1,7422,transfer
1,7434,transfer
1,7440,transfer
1,7448,transfer
1,7449,transfer
1,7452,transfer
1,7454,transfer
1,7459,transfer
1,7460,transfer
1,7465,transfer
1,7484,transfer
1,7485,transfer
1,7490,transfer
1,7492,transfer
1,7515,transfer
1,7518,transfer
1,7524,transfer
1,7525,transfer
1,7528,transfer
1,7533,transfer
1,7535,transfer
1,7537,transfer
1,7539,transfer
1,7543,transfer
1,7546,transfer
1,7550,transfer
1,7558,transfer
1,7559,transfer
1,7563,transfer
1,7564,transfer
1,7566,transfer
1,7574,transfer
1,7575,transfer
1,7576,transfer
1,7584,transfer
1,7590,transfer
1,7598,transfer
1,7600,transfer
1,7601,transfer
1,7604,transfer
1,7607,transfer
1,7614,transfer
1,7617,transfer
1,7619,transfer
1,7622,transfer
1,7625,transfer
1,7630,transfer
1,7636,transfer
1,7640,transfer
1,7653,transfer
1,7654,transfer
1,7658,transfer
1,7659,transfer
1,7662,transfer
1,7667,transfer
1,7671,transfer
1,7673,transfer
1,7675,transfer
1,7683,transfer
1,7684,transfer
1,7687,transfer
1,7688,transfer
1,7692,transfer
1,7696,transfer
1,7704,transfer
1,7709,transfer
1,7710,transfer
1,7715,transfer
1,7716,transfer
1,7722,transfer
1,7724,transfer
1,7725,transfer
1,7733,transfer
1,7739,transfer
1,7744,transfer
1,7745,transfer
1,7754,transfer
1,7757,transfer
1,7765,transfer
1,7776,transfer
1,7779,transfer
1,7780,transfer
1,7783,transfer
1,7786,transfer
1,7792,transfer
1,7797,transfer
1,7799,transfer
1,7801,transfer
1,7804,transfer
1,7805,transfer
1,7808,transfer
1,7828,transfer
1,7830,transfer
1,7840,transfer
1,7856,transfer
1,7868,transfer
1,7873,transfer
1,7874,transfer
1,7876,transfer
1,7879,transfer
1,7883,transfer
1,7895,transfer
1,7902,transfer
1,7919,transfer
1,7922,transfer
1,7925,transfer
1,7928,transfer
1,7931,transfer
1,7932,transfer
1,7942,transfer
1,7943,transfer
1,7958,transfer
1,7961,transfer
1,7972,transfer
1,7973,transfer
1,7974,transfer
1,7993,transfer
1,8008,transfer
1,8016,transfer
1,8021,transfer
1,8024,transfer
1,8028,transfer
1,8029,transfer
1,8033,transfer
1,8035,transfer
1,8042,transfer
1,8048,transfer
1,8050,transfer
1,8053,transfer
1,8055,transfer
1,8068,transfer
1,8070,transfer
1,8071,transfer
1,8072,transfer
1,8089,transfer
1,8093,transfer
1,8102,transfer
1,8107,transfer
1,8112,transfer
1,8116,transfer
1,8118,transfer
1,8151,transfer
1,8156,transfer
1,8157,transfer
1,8166,transfer
1,8177,transfer
1,8178,transfer
1,8186,transfer
1,8192,transfer
1,8196,transfer
1,8199,transfer
1,8201,transfer
1,8204,transfer
1,8205,transfer
1,8206,transfer
1,8207,transfer
1,8208,transfer
1,8212,transfer
1,8214,transfer
1,8216,transfer
1,8220,transfer
1,8221,transfer
1,8225,transfer
1,8228,transfer
1,8230,transfer
1,8232,transfer
1,8233,transfer
1,8237,transfer
1,8238,transfer
1,8246,transfer
1,8250,transfer
1,8266,transfer
1,8267,transfer
1,8271,transfer
1,8275,transfer
1,8281,transfer
1,8289,transfer
1,8290,transfer
1,8296,transfer
1,8308,transfer
1,8310,transfer
1,8311,transfer
1,8341,transfer
1,8342,transfer
1,8348,transfer
1,8351,transfer
1,8360,transfer
1,8363,transfer
1,8372,transfer
1,8373,transfer
1,8379,transfer
1,8380,transfer
1,8382,transfer
1,8389,transfer
1,8393,transfer
1,8396,transfer
1,8398,transfer
1,8401,transfer
1,8412,transfer
1,8413,transfer
1,8421,transfer
1,8426,transfer
1,8428,transfer
1,8437,transfer
1,8438,transfer
1,8440,transfer
1,8443,transfer
1,8446,transfer
1,8455,transfer
1,8460,transfer
1,8463,transfer
1,8465,transfer
1,8466,transfer
1,8472,transfer
1,8478,transfer
1,8483,transfer
1,8484,transfer
1,8485,transfer
1,8487,transfer
1,8488,transfer
1,8490,transfer
1,8500,transfer
1,8503,transfer
1,8507,transfer
1,8513,transfer
1,8526,transfer
1,8540,transfer
1,8551,transfer
1,8559,transfer
1,8560,transfer
1,8563,transfer
1,8573,transfer
1,8578,transfer
1,8579,transfer
1,8582,transfer
1,8584,transfer
1,8585,transfer
1,8598,transfer
1,8604,transfer
1,8606,transfer
1,8610,transfer
1,8614,transfer
1,8616,transfer
1,8622,transfer
1,8628,transfer
1,8632,transfer
1,8636,transfer
1,8644,transfer
1,8646,transfer
1,8650,transfer
1,8659,transfer
1,8663,transfer
1,8676,transfer
1,8692,transfer
1,8695,transfer
1,8698,transfer
1,8710,transfer
1,8718,transfer
1,8720,transfer
1,8722,transfer
1,8723,transfer
1,8728,transfer
1,8731,transfer
1,8737,transfer
1,8753,transfer
1,8757,transfer
1,8758,transfer
1,8768,transfer
1,8770,transfer
1,8771,transfer
1,8775,transfer
1,8779,transfer
1,8784,transfer
1,8787,transfer
1,8788,transfer
1,8800,transfer
1,8805,transfer
1,8809,transfer
1,8812,transfer
1,8821,transfer
1,8828,transfer
1,8829,transfer
1,8834,transfer
1,8835,transfer
1,8840,transfer
1,8841,transfer
1,8848,transfer
1,8849,transfer
1,8862,transfer
1,8875,transfer
1,8876,transfer
1,8880,transfer
1,8884,transfer
1,8888,transfer
1,8890,transfer
1,8897,transfer
1,8900,transfer
1,8913,transfer
1,8914,transfer
1,8915,transfer
1,8921,transfer
1,8927,transfer
1,8932,transfer
1,8937,transfer
1,8941,transfer
1,8942,transfer
1,8943,transfer
1,8946,transfer
1,8949,transfer
1,8957,transfer
1,8968,transfer
1,8976,transfer
1,8979,transfer
1,8983,transfer
1,8985,transfer
1,8988,transfer
1,8989,transfer
1,8993,transfer
1,8996,transfer
1,8998,transfer
1,9003,transfer
1,9018,transfer
1,9020,transfer
1,9021,transfer
1,9026,transfer
1,9028,transfer
1,9038,transfer
1,9039,transfer
1,9041,transfer
1,9050,transfer
1,9051,transfer
1,9058,transfer
1,9066,transfer
1,9068,transfer
1,9070,transfer
1,9071,transfer
1,9074,transfer
1,9080,transfer
1,9083,transfer
1,9091,transfer
1,9101,transfer
1,9105,transfer
1,9106,transfer
1,9107,transfer
1,9111,transfer
1,9114,transfer
1,9137,transfer
1,9141,transfer
1,9142,transfer
1,9145,transfer
1,9150,transfer
1,9159,transfer
1,9172,transfer
1,9173,transfer
1,9174,transfer
1,9186,transfer
1,9190,transfer
1,9199,transfer
1,9204,transfer
1,9211,transfer
1,9212,transfer
1,9214,transfer
1,9218,transfer
1,9223,transfer
1,9228,transfer
1,9241,transfer
1,9256,transfer
1,9258,transfer
1,9259,transfer
1,9260,transfer
1,9262,transfer
1,9263,transfer
1,9270,transfer
1,9274,transfer
1,9275,transfer
1,9277,transfer
1,9278,transfer
1,9283,transfer
1,9285,transfer
1,9309,transfer
1,9314,transfer
1,9316,transfer
1,9318,transfer
1,9329,transfer
1,9330,transfer
1,9333,transfer
1,9336,transfer
1,9337,transfer
1,9343,transfer
1,9345,transfer
1,9346,transfer
1,9356,transfer
1,9359,transfer
1,9360,transfer
1,9361,transfer
1,9369,transfer
1,9372,transfer
1,9374,transfer
1,9375,transfer
1,9379,transfer
1,9390,transfer
1,9395,transfer
1,9415,transfer
1,9418,transfer
1,9420,transfer
1,9427,transfer
1,9434,transfer
1,9443,transfer
1,9448,transfer
1,9453,transfer
1,9454,transfer
1,9464,transfer
1,9470,transfer
1,9471,transfer
1,9483,transfer
1,9487,transfer
1,9511,transfer
1,9518,transfer
1,9519,transfer
1,9520,transfer
1,9523,transfer
1,9530,transfer
1,9540,transfer
1,9544,transfer
1,9555,transfer
1,9557,transfer
1,9562,transfer
1,9565,transfer
1,9567,transfer
1,9570,transfer
1,9571,transfer
1,9577,transfer
1,9579,transfer
1,9583,transfer
1,9591,transfer
1,9592,transfer
1,9595,transfer
1,9597,transfer
1,9602,transfer
1,9604,transfer
1,9606,transfer
1,9614,transfer
1,9622,transfer
1,9625,transfer
1,9629,transfer
1,9637,transfer
1,9639,transfer
1,9643,transfer
1,9653,transfer
1,9656,transfer
1,9661,transfer
1,9665,transfer
1,9667,transfer
1,9668,transfer
1,9671,transfer
1,9674,transfer
1,9675,transfer
1,9679,transfer
1,9685,transfer
1,9687,transfer
1,9722,transfer
1,9726,transfer
1,9727,transfer
1,9735,transfer
1,9739,transfer
1,9748,transfer
1,9752,transfer
1,9756,transfer
1,9757,transfer
1,9766,transfer
1,9771,transfer
1,9773,transfer
1,9780,transfer
1,9796,transfer
1,9799,transfer
1,9803,transfer
1,9804,transfer
1,9810,transfer
1,9812,transfer
1,9813,transfer
1,9827,transfer
1,9828,transfer
1,9831,transfer
1,9836,transfer
1,9840,transfer
1,9850,transfer
1,9855,transfer
1,9857,transfer
1,9863,transfer
1,9866,transfer
1,9867,transfer
1,9869,transfer
1,9870,transfer
1,9872,transfer
1,9875,transfer
1,9879,transfer
1,9883,transfer
1,9884,transfer
1,9891,transfer
1,9898,transfer
1,9899,transfer
1,9900,transfer
1,9909,transfer
1,9912,transfer
1,9914,transfer
1,9919,transfer
1,9936,transfer
1,9951,transfer
1,9957,transfer
1,9960,transfer
1,9969,transfer
1,9974,transfer
1,9978,transfer
1,9990,transfer
1,2,validation
1,22,validation
1,25,validation
1,30,validation
1,33,validation
1,36,validation
1,46,validation
1,48,validation
1,57,validation
1,60,validation
1,71,validation
1,76,validation
1,77,validation
1,97,validation
1,103,validation
1,114,validation
1,115,validation
1,121,validation
1,126,validation
1,129,validation
1,140,validation
1,149,validation
1,151,validation
1,152,validation
1,155,validation
1,157,validation
1,164,validation
1,166,validation
1,177,validation
1,181,validation
1,182,validation
1,184,validation
1,199,validation
1,202,validation
1,203,validation
1,209,validation
1,216,validation
1,220,validation
1,228,validation
1,235,validation
1,244,validation
1,260,validation
1,277,validation
1,284,validation
1,305,validation
1,317,validation
1,319,validation
1,320,validation
1,325,validation
1,328,validation
1,337,validation
1,347,validation
1,352,validation
1,354,validation
1,357,validation
1,369,validation
1,371,validation
1,391,validation
1,409,validation
1,411,validation
1,412,validation
1,421,validation
1,436,validation
1,453,validation
1,456,validation
1,457,validation
1,458,validation
1,465,validation
1,479,validation
1,496,validation
1,519,validation
1,523,validation
1,524,validation
1,525,validation
1,527,validation
1,529,validation
1,530,validation
1,531,validation
1,536,validation
1,543,validation
1,547,validation
1,556,validation
1,559,validation
1,564,validation
1,565,validation
1,586,validation
1,589,validation
1,599,validation
1,606,validation
1,608,validation
1,609,validation
1,610,validation
1,627,validation
1,628,validation
1,632,validation
1,634,validation
1,644,validation
1,659,validation
1,660,validation
1,662,validation
1,667,validation
1,671,validation
1,674,validation
1,679,validation
1,680,validation
1,683,validation
1,687,validation
1,696,validation
1,700,validation
1,702,validation
1,719,validation
1,721,validation
1,729,validation
1,731,validation
1,737,validation
1,740,validation
1,747,validation
1,750,validation
1,752,validation
1,753,validation
1,761,validation
1,763,validation
1,766,validation
1,778,validation
1,787,validation
1,790,validation
1,794,validation
1,811,validation
1,812,validation
1,827,validation
1,835,validation
1,847,validation
1,868,validation
1,871,validation
1,873,validation
1,884,validation
1,918,validation
1,926,validation
1,933,validation
1,937,validation
1,938,validation
1,939,validation
1,941,validation
1,949,validation
1,950,validation
1,956,validation
1,962,validation
1,971,validation
1,977,validation
1,984,validation
1,1004,validation
1,1007,validation
1,1008,validation
1,1011,validation
1,1027,validation
1,1038,validation
1,1061,validation
1,1064,validation
1,1065,validation
1,1075,validation
1,1076,validation
1,1085,validation
1,1095,validation
1,1102,validation
1,1110,validation
1,1111,validation
1,1132,validation
1,1149,validation
1,1150,validation
1,1154,validation
1,1166,validation
1,1170,validation
1,1192,validation
1,1195,validation
1,1196,validation
1,1197,validation
1,1203,validation
1,1220,validation
1,1223,validation
1,1242,validation
1,1244,validation
1,1246,validation
1,1249,validation
1,1251,validation
1,1252,validation
1,1257,validation
1,1263,validation
1,1266,validation
1,1270,validation
1,1277,validation
1,1281,validation
1,1285,validation
1,1289,validation
1,1302,validation
1,1305,validation
1,1311,validation
1,1318,validation
1,1323,validation
1,1324,validation
1,1325,validation
1,1336,validation
1,1337,validation
1,1346,validation
1,1348,validation
1,1353,validation
1,1359,validation
1,1365,validation
1,1366,validation
1,1372,validation
1,1387,validation
1,1394,validation
1,1396,validation
1,1403,validation
1,1413,validation
1,1416,validation
1,1432,validation
1,1442,validation
1,1443,validation
1,1444,validation
1,1450,validation
1,1452,validation
1,1476,validation
1,1477,validation
1,1483,validation
1,1484,validation
1,1493,validation
1,1496,validation
1,1500,validation
1,1504,validation
1,1512,validation
1,1522,validation
1,1540,validation
1,1563,validation
1,1565,validation
1,1580,validation
1,1585,validation
1,1589,validation
1,1594,validation
1,1612,validation
1,1624,validation
1,1629,validation
1,1632,validation
1,1649,validation
1,1662,validation
1,1666,validation
1,1667,validation
1,1678,validation
1,1683,validation
1,1684,validation
1,1694,validation
1,1706,validation
1,1713,validation
1,1715,validation
1,1717,validation
1,1721,validation
1,1741,validation
1,1743,validation
1,1744,validation
1,1746,validation
1,1747,validation
1,1748,validation
1,1757,validation
1,1758,validation
1,1761,validation
1,1763,validation
1,1765,validation
1,1766,validation
1,1767,validation
1,1781,validation
1,1782,validation
1,1801,validation
1,1808,validation
1,1809,validation
1,1813,validation
1,1818,validation
1,1820,validation
1,1821,validation
1,1826,validation
1,1832,validation
1,1834,validation
1,1835,validation
1,1842,validation
1,1843,validation
1,1849,validation
1,1851,validation
1,1865,validation
1,1871,validation
1,1881,validation
1,1886,validation
1,1907,validation
1,1927,validation
1,1938,validation
1,1941,validation
1,1948,validation
1,1955,validation
1,1958,validation
1,1976,validation
1,1977,validation
1,1979,validation
1,1981,validation
1,1993,validation
1,2009,validation
1,2015,validation
1,2023,validation
1,2024,validation
1,2062,validation
1,2072,validation
1,2086,validation
1,2087,validation
1,2089,validation
1,2100,validation
1,2102,validation
1,2105,validation
1,2114,validation
1,2121,validation
1,2123,validation
1,2135,validation
1,2139,validation
1,2147,validation
1,2153,validation
1,2158,validation
1,2169,validation
1,2170,validation
1,2178,validation
1,2191,validation
1,2196,validation
1,2204,validation
1,2209,validation
1,2211,validation
1,2214,validation
1,2230,validation
1,2234,validation
1,2248,validation
1,2249,validation
1,2252,validation
1,2253,validation
1,2263,validation
1,2264,validation
1,2269,validation
1,2284,validation
1,2287,validation
1,2288,validation
1,2289,validation
1,2297,validation
1,2300,validation
1,2301,validation
1,2307,validation
1,2324,validation
1,2346,validation
1,2348,validation
1,2349,validation
1,2354,validation
1,2360,validation
1,2364,validation
1,2371,validation
1,2374,validation
1,2380,validation
1,2393,validation
1,2394,validation
1,2400,validation
1,2403,validation
1,2422,validation
1,2432,validation
1,2433,validation
1,2445,validation
1,2447,validation
1,2451,validation
1,2455,validation
1,2456,validation
1,2457,validation
1,2460,validation
1,2462,validation
1,2468,validation
1,2482,validation
1,2483,validation
1,2484,validation
1,2489,validation
1,2498,validation
1,2503,validation
1,2505,validation
1,2516,validation
1,2518,validation
1,2526,validation
1,2531,validation
1,2532,validation
1,2542,validation
1,2545,validation
1,2546,validation
1,2556,validation
1,2558,validation
1,2564,validation
1,2574,validation
1,2576,validation
1,2591,validation
1,2595,validation
1,2604,validation
1,2618,validation
1,2632,validation
1,2635,validation
1,2654,validation
1,2663,validation
1,2676,validation
1,2688,validation
1,2693,validation
1,2694,validation
1,2714,validation
1,2717,validation
1,2718,validation
1,2727,validation
1,2731,validation
1,2775,validation
1,2776,validation
1,2777,validation
1,2779,validation
1,2799,validation
1,2802,validation
1,2808,validation
1,2809,validation
1,2811,validation
1,2812,validation
1,2817,validation
1,2826,validation
1,2829,validation
1,2837,validation
1,2839,validation
1,2843,validation
1,2846,validation
1,2847,validation
1,2868,validation
1,2878,validation
1,2883,validation
1,2890,validation
1,2891,validation
1,2899,validation
1,2902,validation
1,2904,validation
1,2909,validation
1,2921,validation
1,2924,validation
1,2934,validation
1,2938,validation
1,2945,validation
1,2954,validation
1,2976,validation
1,2980,validation
1,2981,validation
1,2986,validation
1,3007,validation
1,3012,validation
1,3021,validation
1,3022,validation
1,3035,validation
1,3037,validation
1,3051,validation
1,3057,validation
1,3060,validation
1,3061,validation
1,3066,validation
1,3071,validation
1,3087,validation
1,3098,validation
1,3103,validation
1,3104,validation
1,3111,validation
1,3122,validation
1,3138,validation
1,3139,validation
1,3140,validation
1,3144,validation
1,3146,validation
1,3159,validation
1,3177,validation
1,3183,validation
1,3185,validation
1,3188,validation
1,3189,validation
1,3202,validation
1,3203,validation
1,3208,validation
1,3210,validation
1,3211,validation
1,3224,validation
1,3225,validation
1,3228,validation
1,3229,validation
1,3246,validation
1,3252,validation
1,3256,validation
1,3266,validation
1,3274,validation
1,3275,validation
1,3279,validation
1,3289,validation
1,3292,validation
1,3297,validation
1,3310,validation
1,3313,validation
1,3320,validation
1,3341,validation
1,3353,validation
1,3357,validation
1,3360,validation
1,3366,validation
1,3367,validation
1,3372,validation
1,3375,validation
1,3394,validation
1,3402,validation
1,3404,validation
1,3417,validation
1,3421,validation
1,3427,validation
1,3437,validation
1,3446,validation
1,3451,validation
1,3458,validation
1,3482,validation
1,3487,validation
1,3497,validation
1,3498,validation
1,3502,validation
1,3504,validation
1,3506,validation
1,3508,validation
1,3511,validation
1,3521,validation
1,3527,validation
1,3529,validation
1,3538,validation
1,3541,validation
1,3543,validation
1,3548,validation
1,3553,validation
1,3559,validation
1,3561,validation
1,3570,validation
1,3573,validation
1,3577,validation
1,3578,validation
1,3598,validation
1,3600,validation
1,3619,validation
1,3620,validation
1,3621,validation
1,3637,validation
1,3643,validation
1,3645,validation
1,3657,validation
1,3670,validation
1,3677,validation
1,3679,validation
1,3681,validation
1,3696,validation
1,3704,validation
1,3705,validation
1,3707,validation
1,3710,validation
1,3718,validation
1,3719,validation
1,3721,validation
1,3724,validation
1,3728,validation
1,3734,validation
1,3736,validation
1,3740,validation
1,3745,validation
1,3766,validation
1,3782,validation
1,3790,validation
1,3794,validation
1,3799,validation
1,3807,validation
1,3824,validation
1,3826,validation
1,3827,validation
1,3845,validation
1,3859,validation
1,3865,validation
1,3868,validation
1,3875,validation
1,3880,validation
1,3895,validation
1,3896,validation
1,3900,validation
1,3910,validation
1,3917,validation
1,3926,validation
1,3930,validation
1,3946,validation
1,3951,validation
1,3952,validation
1,3955,validation
1,3958,validation
1,3970,validation
1,3976,validation
1,3984,validation
1,3988,validation
1,3997,validation
1,4009,validation
1,4026,validation
1,4042,validation
1,4045,validation
1,4057,validation
1,4061,validation
1,4084,validation
1,4091,validation
1,4093,validation
1,4096,validation
1,4106,validation
1,4108,validation
1,4109,validation
1,4113,validation
1,4114,validation
1,4127,validation
1,4136,validation
1,4145,validation
1,4146,validation
1,4158,validation
1,4163,validation
1,4167,validation
1,4169,validation
1,4172,validation
1,4191,validation
1,4204,validation
1,4221,validation
1,4228,validation
1,4244,validation
1,4247,validation
1,4248,validation
1,4251,validation
1,4257,validation
1,4259,validation
1,4269,validation
1,4272,validation
1,4276,validation
1,4284,validation
1,4286,validation
1,4296,validation
1,4298,validation
1,4304,validation
1,4305,validation
1,4308,validation
1,4312,validation
1,4322,validation
1,4323,validation
1,4324,validation
1,4338,validation
1,4340,validation
1,4347,validation
1,4348,validation
1,4353,validation
1,4356,validation
1,4363,validation
1,4368,validation
1,4371,validation
1,4376,validation
1,4383,validation
1,4392,validation
1,4401,validation
1,4403,validation
1,4404,validation
1,4408,validation
1,4413,validation
1,4425,validation
1,4426,validation
1,4432,validation
1,4435,validation
1,4439,validation
1,4445,validation
1,4451,validation
1,4457,validation
1,4471,validation
1,4474,validation
1,4483,validation
1,4497,validation
1,4510,validation
1,4537,validation
1,4539,validation
1,4543,validation
1,4547,validation
1,4548,validation
1,4562,validation
1,4565,validation
1,4566,validation
1,4568,validation
1,4587,validation
1,4607,validation
1,4609,validation
1,4625,validation
1,4629,validation
1,4635,validation
1,4639,validation
1,4644,validation
1,4648,validation
1,4667,validation
1,4672,validation
1,4678,validation
1,4680,validation
1,4688,validation
1,4697,validation
1,4700,validation
1,4701,validation
1,4706,validation
1,4716,validation
1,4718,validation
1,4726,validation
1,4733,validation
1,4738,validation
1,4745,validation
1,4750,validation
1,4752,validation
1,4753,validation
1,4765,validation
1,4769,validation
1,4779,validation
1,4780,validation
1,4789,validation
1,4794,validation
1,4797,validation
1,4799,validation
1,4804,validation
1,4814,validation
1,4815,validation
1,4823,validation
1,4831,validation
1,4846,validation
1,4847,validation
1,4848,validation
1,4866,validation
1,4881,validation
1,4884,validation
1,4887,validation
1,4896,validation
1,4899,validation
1,4910,validation
1,4912,validation
1,4913,validation
1,4923,validation
1,4925,validation
1,4937,validation
1,4956,validation
1,4958,validation
1,4963,validation
1,4964,validation
1,4968,validation
1,4969,validation
1,4975,validation
1,4976,validation
1,4977,validation
1,4982,validation
1,4986,validation
1,4987,validation
1,4996,validation
1,5000,validation
1,5005,validation
1,5013,validation
1,5016,validation
1,5018,validation
1,5024,validation
1,5025,validation
1,5033,validation
1,5047,validation
1,5068,validation
1,5075,validation
1,5082,validation
1,5124,validation
1,5136,validation
1,5144,validation
1,5145,validation
1,5147,validation
1,5148,validation
1,5149,validation
1,5152,validation
1,5153,validation
1,5156,validation
1,5160,validation
1,5168,validation
1,5174,validation
1,5186,validation
1,5187,validation
1,5204,validation
1,5209,validation
1,5216,validation
1,5236,validation
1,5262,validation
1,5267,validation
1,5269,validation
1,5273,validation
1,5274,validation
1,5284,validation
1,5285,validation
1,5289,validation
1,5294,validation
1,5295,validation
1,5308,validation
1,5309,validation
1,5319,validation
1,5325,validation
1,5326,validation
1,5340,validation
1,5346,validation
1,5358,validation
1,5362,validation
1,5370,validation
1,5384,validation
1,5398,validation
1,5401,validation
1,5407,validation
1,5409,validation
1,5410,validation
1,5411,validation
1,5413,validation
1,5414,validation
1,5416,validation
1,5423,validation
1,5437,validation
1,5444,validation
1,5450,validation
1,5455,validation
1,5457,validation
1,5460,validation
1,5462,validation
1,5474,validation
1,5496,validation
1,5503,validation
1,5505,validation
1,5529,validation
1,5533,validation
1,5534,validation
1,5540,validation
1,5556,validation
1,5570,validation
1,5582,validation
1,5584,validation
1,5589,validation
1,5600,validation
1,5603,validation
1,5607,validation
1,5608,validation
1,5609,validation
1,5612,validation
1,5619,validation
1,5623,validation
1,5641,validation
1,5642,validation
1,5645,validation
1,5650,validation
1,5655,validation
1,5657,validation
1,5661,validation
1,5667,validation
1,5678,validation
1,5681,validation
1,5699,validation
1,5731,validation
1,5739,validation
1,5745,validation
1,5748,validation
1,5751,validation
1,5753,validation
1,5754,validation
1,5757,validation
1,5780,validation
1,5782,validation
1,5785,validation
1,5790,validation
1,5791,validation
1,5800,validation
1,5804,validation
1,5816,validation
1,5832,validation
1,5845,validation
1,5849,validation
1,5850,validation
1,5855,validation
1,5856,validation
1,5859,validation
1,5866,validation
1,5869,validation
1,5874,validation
1,5875,validation
1,5885,validation
1,5888,validation
1,5896,validation
1,5901,validation
1,5909,validation
1,5940,validation
1,5948,validation
1,5949,validation
1,5967,validation
1,5981,validation
1,5986,validation
1,5987,validation
1,5990,validation
1,5991,validation
1,6000,validation
1,6004,validation
1,6011,validation
1,6012,validation
1,6027,validation
1,6034,validation
1,6036,validation
1,6037,validation
1,6044,validation
1,6053,validation
1,6054,validation
1,6058,validation
1,6060,validation
1,6065,validation
1,6066,validation
1,6067,validation
1,6087,validation
1,6091,validation
1,6094,validation
1,6095,validation
1,6102,validation
1,6104,validation
1,6107,validation
1,6117,validation
1,6121,validation
1,6125,validation
1,6129,validation
1,6141,validation
1,6144,validation
1,6147,validation
1,6150,validation
1,6151,validation
1,6154,validation
1,6163,validation
1,6169,validation
1,6173,validation
1,6176,validation
1,6183,validation
1,6184,validation
1,6186,validation
1,6190,validation
1,6195,validation
1,6198,validation
1,6201,validation
1,6202,validation
1,6204,validation
1,6205,validation
1,6211,validation
1,6217,validation
1,6222,validation
1,6228,validation
1,6237,validation
1,6241,validation
1,6263,validation
1,6271,validation
1,6274,validation
1,6282,validation
1,6285,validation
1,6286,validation
1,6294,validation
1,6322,validation
1,6323,validation
1,6326,validation
1,6333,validation
1,6334,validation
1,6343,validation
1,6349,validation
1,6364,validation
1,6369,validation
1,6375,validation
1,6390,validation
1,6393,validation
1,6401,validation
1,6406,validation
1,6414,validation
1,6418,validation
1,6421,validation
1,6434,validation
1,6436,validation
1,6441,validation
1,6455,validation
1,6473,validation
1,6477,validation
1,6497,validation
1,6499,validation
1,6505,validation
1,6518,validation
1,6521,validation
1,6540,validation
1,6547,validation
1,6549,validation
1,6551,validation
1,6554,validation
1,6555,validation
1,6560,validation
1,6565,validation
1,6568,validation
1,6573,validation
1,6575,validation
1,6583,validation
1,6585,validation
1,6589,validation
1,6598,validation
1,6602,validation
1,6613,validation
1,6614,validation
1,6628,validation
1,6636,validation
1,6639,validation
1,6645,validation
1,6652,validation
1,6653,validation
1,6656,validation
1,6675,validation
1,6678,validation
1,6682,validation
1,6689,validation
1,6710,validation
1,6713,validation
1,6733,validation
1,6739,validation
1,6754,validation
1,6755,validation
1,6775,validation
1,6778,validation
1,6797,validation
1,6803,validation
1,6812,validation
1,6832,validation
1,6844,validation
1,6851,validation
1,6853,validation
1,6854,validation
1,6865,validation
1,6884,validation
1,6887,validation
1,6888,validation
1,6894,validation
1,6902,validation
1,6915,validation
1,6916,validation
1,6940,validation
1,6962,validation
1,6968,validation
1,6974,validation
1,6991,validation
1,6997,validation
1,6999,validation
1,7004,validation
1,7012,validation
1,7014,validation
1,7026,validation
1,7038,validation
1,7052,validation
1,7057,validation
1,7059,validation
1,7064,validation
1,7072,validation
1,7074,validation
1,7076,validation
1,7082,validation
1,7083,validation
1,7085,validation
1,7089,validation
1,7099,validation
1,7100,validation
1,7108,validation
1,7109,validation
1,7111,validation
1,7119,validation
1,7129,validation
1,7134,validation
1,7139,validation
1,7142,validation
1,7148,validation
1,7161,validation
1,7166,validation
1,7174,validation
1,7177,validation
1,7196,validation
1,7200,validation
1,7205,validation
1,7210,validation
1,7215,validation
1,7217,validation
1,7221,validation
1,7224,validation
1,7229,validation
1,7237,validation
1,7243,validation
1,7267,validation
1,7272,validation
1,7279,validation
1,7280,validation
1,7281,validation
1,7299,validation
1,7300,validation
1,7313,validation
1,7314,validation
1,7316,validation
1,7332,validation
1,7333,validation
1,7338,validation
1,7351,validation
1,7367,validation
1,7371,validation
1,7372,validation
1,7376,validation
1,7377,validation
1,7382,validation
1,7396,validation
1,7406,validation
1,7414,validation
1,7417,validation
1,7435,validation
1,7438,validation
1,7441,validation
1,7442,validation
1,7451,validation
1,7453,validation
1,7457,validation
1,7458,validation
1,7461,validation
1,7472,validation
1,7483,validation
1,7486,validation
1,7489,validation
1,7501,validation
1,7506,validation
1,7510,validation
1,7516,validation
1,7538,validation
1,7540,validation
1,7545,validation
1,7555,validation
1,7561,validation
1,7562,validation
1,7567,validation
1,7568,validation
1,7573,validation
1,7581,validation
1,7582,validation
1,7583,validation
1,7593,validation
1,7602,validation
1,7605,validation
1,7615,validation
1,7620,validation
1,7633,validation
1,7645,validation
1,7651,validation
1,7655,validation
1,7664,validation
1,7674,validation
1,7676,validation
1,7682,validation
1,7689,validation
1,7701,validation
1,7719,validation
1,7730,validation
1,7732,validation
1,7734,validation
1,7755,validation
1,7763,validation
1,7767,validation
1,7771,validation
1,7781,validation
1,7782,validation
1,7787,validation
1,7803,validation
1,7809,validation
1,7811,validation
1,7815,validation
1,7816,validation
1,7819,validation
1,7820,validation
1,7842,validation
1,7846,validation
1,7859,validation
1,7860,validation
1,7866,validation
1,7877,validation
1,7878,validation
1,7887,validation
1,7890,validation
1,7894,validation
1,7897,validation
1,7899,validation
1,7904,validation
1,7910,validation
1,7912,validation
1,7917,validation
1,7918,validation
1,7920,validation
1,7926,validation
1,7939,validation
1,7955,validation
1,7959,validation
1,7966,validation
1,7967,validation
1,7970,validation
1,7981,validation
1,7991,validation
1,7992,validation
1,8005,validation
1,8006,validation
1,8007,validation
1,8013,validation
1,8017,validation
1,8030,validation
1,8034,validation
1,8043,validation
1,8051,validation
1,8062,validation
1,8066,validation
1,8082,validation
1,8083,validation
1,8086,validation
1,8092,validation
1,8095,validation
1,8096,validation
1,8108,validation
1,8114,validation
1,8117,validation
1,8132,validation
1,8140,validation
1,8142,validation
1,8154,validation
1,8174,validation
1,8184,validation
1,8187,validation
1,8188,validation
1,8211,validation
1,8226,validation
1,8235,validation
1,8248,validation
1,8252,validation
1,8255,validation
1,8265,validation
1,8268,validation
1,8269,validation
1,8272,validation
1,8282,validation
1,8288,validation
1,8292,validation
1,8301,validation
1,8302,validation
1,8305,validation
1,8307,validation
1,8312,validation
1,8314,validation
1,8321,validation
1,8323,validation
1,8328,validation
1,8329,validation
1,8333,validation
1,8350,validation
1,8352,validation
1,8359,validation
1,8364,validation
1,8392,validation
1,8406,validation
1,8411,validation
1,8418,validation
1,8419,validation
1,8422,validation
1,8432,validation
1,8433,validation
1,8444,validation
1,8447,validation
1,8449,validation
1,8457,validation
1,8459,validation
1,8480,validation
1,8495,validation
1,8498,validation
1,8499,validation
1,8502,validation
1,8512,validation
1,8515,validation
1,8534,validation
1,8549,validation
1,8554,validation
1,8557,validation
1,8558,validation
1,8561,validation
1,8565,validation
1,8574,validation
1,8583,validation
1,8589,validation
1,8590,validation
1,8593,validation
1,8597,validation
1,8602,validation
1,8605,validation
1,8653,validation
1,8661,validation
1,8668,validation
1,8669,validation
1,8673,validation
1,8677,validation
1,8684,validation
1,8691,validation
1,8699,validation
1,8701,validation
1,8708,validation
1,8717,validation
1,8719,validation
1,8721,validation
1,8725,validation
1,8736,validation
1,8739,validation
1,8746,validation
1,8772,validation
1,8776,validation
1,8782,validation
1,8786,validation
1,8790,validation
1,8793,validation
1,8806,validation
1,8817,validation
1,8818,validation
1,8824,validation
1,8825,validation
1,8827,validation
1,8830,validation
1,8833,validation
1,8836,validation
1,8855,validation
1,8857,validation
1,8865,validation
1,8866,validation
1,8867,validation
1,8869,validation
1,8886,validation
1,8887,validation
1,8896,validation
1,8902,validation
1,8903,validation
1,8907,validation
1,8922,validation
1,8926,validation
1,8929,validation
1,8931,validation
1,8933,validation
1,8954,validation
1,8956,validation
1,8963,validation
1,8966,validation
1,8970,validation
1,8972,validation
1,8999,validation
1,9011,validation
1,9024,validation
1,9034,validation
1,9045,validation
1,9055,validation
1,9072,validation
1,9073,validation
1,9075,validation
1,9087,validation
1,9089,validation
1,9090,validation
1,9095,validation
1,9098,validation
1,9100,validation
1,9102,validation
1,9108,validation
1,9113,validation
1,9125,validation
1,9126,validation
1,9129,validation
1,9144,validation
1,9146,validation
1,9166,validation
1,9168,validation
1,9170,validation
1,9179,validation
1,9191,validation
1,9194,validation
1,9219,validation
1,9221,validation
1,9226,validation
1,9227,validation
1,9234,validation
1,9246,validation
1,9247,validation
1,9254,validation
1,9257,validation
1,9265,validation
1,9269,validation
1,9276,validation
1,9280,validation
1,9303,validation
1,9310,validation
1,9317,validation
1,9320,validation
1,9326,validation
1,9335,validation
1,9340,validation
1,9348,validation
1,9349,validation
1,9354,validation
1,9363,validation
1,9367,validation
1,9380,validation
1,9381,validation
1,9387,validation
1,9392,validation
1,9401,validation
1,9410,validation
1,9416,validation
1,9419,validation
1,9444,validation
1,9449,validation
1,9451,validation
1,9462,validation
1,9475,validation
1,9484,validation
1,9489,validation
1,9491,validation
1,9499,validation
1,9500,validation
1,9501,validation
1,9504,validation
1,9506,validation
1,9507,validation
1,9512,validation
1,9517,validation
1,9522,validation
1,9526,validation
1,9527,validation
1,9538,validation
1,9539,validation
1,9543,validation
1,9549,validation
1,9558,validation
1,9561,validation
1,9573,validation
1,9585,validation
1,9610,validation
1,9612,validation
1,9621,validation
1,9623,validation
1,9626,validation
1,9651,validation
1,9652,validation
1,9658,validation
1,9663,validation
1,9664,validation
1,9683,validation
1,9686,validation
1,9691,validation
1,9696,validation
1,9697,validation
1,9698,validation
1,9702,validation
1,9706,validation
1,9708,validation
1,9709,validation
1,9710,validation
1,9712,validation
1,9720,validation
1,9728,validation
1,9729,validation
1,9737,validation
1,9741,validation
1,9743,validation
1,9758,validation
1,9759,validation
1,9764,validation
1,9767,validation
1,9777,validation
1,9787,validation
1,9790,validation
1,9801,validation
1,9805,validation
1,9806,validation
1,9809,validation
1,9830,validation
1,9838,validation
1,9847,validation
1,9849,validation
1,9852,validation
1,9859,validation
1,9861,validation
1,9864,validation
1,9877,validation
1,9894,validation
1,9897,validation
1,9905,validation
1,9913,validation
1,9918,validation
1,9920,validation
1,9924,validation
1,9929,validation
1,9931,validation
1,9943,validation
1,9948,validation
1,9949,validation
1,9954,validation
1,9962,validation
1,9977,validation
1,9986,validation
1,1,test
1,3,test
1,7,test
1,10,test
1,15,test
1,21,test
1,24,test
1,45,test
1,47,test
1,49,test
1,52,test
1,53,test
1,54,test
1,56,test
1,66,test
1,69,test
1,72,test
1,75,test
1,83,test
1,96,test
1,104,test
1,130,test
1,134,test
1,136,test
1,137,test
1,143,test
1,148,test
1,156,test
1,168,test
1,187,test
1,193,test
1,195,test
1,205,test
1,206,test
1,210,test
1,211,test
1,212,test
1,215,test
1,238,test
1,239,test
1,240,test
1,247,test
1,261,test
1,263,test
1,274,test
1,276,test
1,279,test
1,281,test
1,282,test
1,286,test
1,308,test
1,314,test
1,318,test
1,334,test
1,335,test
1,340,test
1,367,test
1,385,test
1,386,test
1,388,test
1,389,test
1,390,test
1,400,test
1,403,test
1,410,test
1,417,test
1,425,test
1,427,test
1,431,test
1,435,test
1,447,test
1,460,test
1,466,test
1,470,test
1,474,test
1,475,test
1,476,test
1,478,test
1,484,test
1,500,test
1,510,test
1,537,test
1,542,test
1,555,test
1,557,test
1,561,test
1,568,test
1,573,test
1,577,test
1,578,test
1,585,test
1,592,test
1,605,test
1,617,test
1,630,test
1,635,test
1,643,test
1,663,test
1,666,test
1,673,test
1,677,test
1,685,test
1,692,test
1,695,test
1,711,test
1,733,test
1,736,test
1,744,test
1,748,test
1,754,test
1,758,test
1,759,test
1,777,test
1,803,test
1,813,test
1,818,test
1,832,test
1,838,test
1,839,test
1,845,test
1,854,test
1,860,test
1,863,test
1,864,test
1,865,test
1,866,test
1,883,test
1,887,test
1,888,test
1,890,test
1,891,test
1,892,test
1,895,test
1,896,test
1,898,test
1,907,test
1,909,test
1,916,test
1,924,test
1,928,test
1,929,test
1,931,test
1,948,test
1,955,test
1,972,test
1,978,test
1,980,test
1,983,test
1,986,test
1,992,test
1,996,test
1,1001,test
1,1003,test
1,1014,test
1,1023,test
1,1026,test
1,1028,test
1,1029,test
1,1036,test
1,1055,test
1,1078,test
1,1079,test
1,1082,test
1,1086,test
1,1089,test
1,1093,test
1,1105,test
1,1109,test
1,1112,test
1,1120,test
1,1126,test
1,1130,test
1,1143,test
1,1148,test
1,1165,test
1,1171,test
1,1181,test
1,1188,test
1,1191,test
1,1193,test
1,1200,test
1,1205,test
1,1208,test
1,1214,test
1,1224,test
1,1230,test
1,1235,test
1,1236,test
1,1254,test
1,1259,test
1,1262,test
1,1268,test
1,1280,test
1,1284,test
1,1290,test
1,1299,test
1,1307,test
1,1309,test
1,1314,test
1,1326,test
1,1334,test
1,1335,test
1,1349,test
1,1354,test
1,1356,test
1,1361,test
1,1363,test
1,1370,test
1,1380,test
1,1382,test
1,1392,test
1,1401,test
1,1407,test
1,1412,test
1,1414,test
1,1419,test
1,1421,test
1,1428,test
1,1434,test
1,1439,test
1,1456,test
1,1463,test
1,1464,test
1,1467,test
1,1473,test
1,1475,test
1,1491,test
1,1494,test
1,1525,test
1,1532,test
1,1536,test
1,1542,test
1,1547,test
1,1550,test
1,1551,test
1,1560,test
1,1569,test
1,1572,test
1,1583,test
1,1590,test
1,1595,test
1,1599,test
1,1600,test
1,1645,test
1,1654,test
1,1658,test
1,1659,test
1,1679,test
1,1680,test
1,1692,test
1,1693,test
1,1697,test
1,1698,test
1,1709,test
1,1720,test
1,1727,test
1,1728,test
1,1732,test
1,1734,test
1,1735,test
1,1738,test
1,1745,test
1,1750,test
1,1752,test
1,1770,test
1,1773,test
1,1779,test
1,1787,test
1,1795,test
1,1804,test
1,1805,test
1,1837,test
1,1838,test
1,1847,test
1,1853,test
1,1859,test
1,1863,test
1,1866,test
1,1875,test
1,1880,test
1,1891,test
1,1898,test
1,1904,test
1,1914,test
1,1915,test
1,1921,test
1,1922,test
1,1923,test
1,1930,test
1,1934,test
1,1940,test
1,1951,test
1,1961,test
1,1962,test
1,1966,test
1,1967,test
1,1971,test
1,1980,test
1,1982,test
1,1985,test
1,1988,test
1,1992,test
1,1996,test
1,2008,test
1,2029,test
1,2032,test
1,2037,test
1,2038,test
1,2040,test
1,2048,test
1,2064,test
1,2073,test
1,2078,test
1,2096,test
1,2107,test
1,2109,test
1,2112,test
1,2117,test
1,2126,test
1,2140,test
1,2141,test
1,2144,test
1,2152,test
1,2154,test
1,2157,test
1,2171,test
1,2188,test
1,2193,test
1,2199,test
1,2216,test
1,2217,test
1,2218,test
1,2221,test
1,2222,test
1,2228,test
1,2231,test
1,2239,test
1,2241,test
1,2246,test
1,2250,test
1,2259,test
1,2260,test
1,2272,test
1,2273,test
1,2283,test
1,2317,test
1,2319,test
1,2321,test
1,2329,test
1,2332,test
1,2333,test
1,2353,test
1,2356,test
1,2362,test
1,2366,test
1,2375,test
1,2377,test
1,2381,test
1,2396,test
1,2408,test
1,2414,test
1,2423,test
1,2425,test
1,2426,test
1,2428,test
1,2429,test
1,2434,test
1,2437,test
1,2461,test
1,2469,test
1,2476,test
1,2478,test
1,2479,test
1,2480,test
1,2486,test
1,2495,test
1,2509,test
1,2513,test
1,2519,test
1,2520,test
1,2528,test
1,2539,test
1,2540,test
1,2549,test
1,2557,test
1,2561,test
1,2565,test
1,2568,test
1,2571,test
1,2572,test
1,2577,test
1,2579,test
1,2587,test
1,2589,test
1,2593,test
1,2599,test
1,2606,test
1,2607,test
1,2608,test
1,2612,test
1,2613,test
1,2614,test
1,2622,test
1,2629,test
1,2631,test
1,2661,test
1,2671,test
1,2681,test
1,2683,test
1,2700,test
1,2701,test
1,2705,test
1,2706,test
1,2715,test
1,2730,test
1,2739,test
1,2749,test
1,2751,test
1,2770,test
1,2771,test
1,2778,test
1,2782,test
1,2792,test
1,2798,test
1,2801,test
1,2810,test
1,2814,test
1,2838,test
1,2855,test
1,2859,test
1,2860,test
1,2882,test
1,2885,test
1,2887,test
1,2893,test
1,2906,test
1,2919,test
1,2923,test
1,2928,test
1,2941,test
1,2947,test
1,2951,test
1,2952,test
1,2953,test
1,2958,test
1,2961,test
1,2966,test
1,2974,test
1,2977,test
1,2978,test
1,2994,test
1,3001,test
1,3009,test
1,3016,test
1,3019,test
1,3026,test
1,3027,test
1,3031,test
1,3033,test
1,3053,test
1,3076,test
1,3077,test
1,3085,test
1,3086,test
1,3088,test
1,3091,test
1,3105,test
1,3106,test
1,3108,test
1,3109,test
1,3117,test
1,3125,test
1,3129,test
1,3133,test
1,3137,test
1,3147,test
1,3156,test
1,3166,test
1,3169,test
1,3170,test
1,3171,test
1,3198,test
1,3200,test
1,3204,test
1,3209,test
1,3231,test
1,3236,test
1,3242,test
1,3248,test
1,3254,test
1,3261,test
1,3265,test
1,3268,test
1,3272,test
1,3276,test
1,3281,test
1,3282,test
1,3298,test
1,3314,test
1,3315,test
1,3319,test
1,3327,test
1,3336,test
1,3349,test
1,3355,test
1,3359,test
1,3362,test
1,3377,test
1,3378,test
1,3386,test
1,3395,test
1,3400,test
1,3403,test
1,3408,test
1,3410,test
1,3411,test
1,3418,test
1,3422,test
1,3425,test
1,3426,test
1,3428,test
1,3449,test
1,3450,test
1,3456,test
1,3459,test
1,3461,test
1,3478,test
1,3485,test
1,3491,test
1,3493,test
1,3517,test
1,3522,test
1,3530,test
1,3536,test
1,3537,test
1,3547,test
1,3564,test
1,3565,test
1,3582,test
1,3584,test
1,3589,test
1,3590,test
1,3594,test
1,3603,test
1,3605,test
1,3628,test
1,3631,test
1,3644,test
1,3646,test
1,3668,test
1,3672,test
1,3675,test
1,3686,test
1,3687,test
1,3695,test
1,3697,test
1,3699,test
1,3706,test
1,3727,test
1,3729,test
1,3733,test
1,3738,test
1,3743,test
1,3750,test
1,3752,test
1,3755,test
1,3757,test
1,3768,test
1,3778,test
1,3786,test
1,3789,test
1,3792,test
1,3800,test
1,3808,test
1,3818,test
1,3821,test
1,3831,test
1,3832,test
1,3893,test
1,3897,test
1,3898,test
1,3909,test
1,3916,test
1,3931,test
1,3933,test
1,3935,test
1,3937,test
1,3942,test
1,3950,test
1,3953,test
1,3956,test
1,3960,test
1,3963,test
1,3966,test
1,3967,test
1,3969,test
1,3971,test
1,3973,test
1,3985,test
1,3993,test
1,4001,test
1,4005,test
1,4010,test
1,4014,test
1,4025,test
1,4032,test
1,4035,test
1,4038,test
1,4051,test
1,4053,test
1,4064,test
1,4066,test
1,4075,test
1,4082,test
1,4087,test
1,4090,test
1,4092,test
1,4097,test
1,4099,test
1,4105,test
1,4118,test
1,4124,test
1,4140,test
1,4154,test
1,4155,test
1,4157,test
1,4174,test
1,4176,test
1,4181,test
1,4182,test
1,4183,test
1,4184,test
1,4186,test
1,4198,test
1,4203,test
1,4218,test
1,4219,test
1,4222,test
1,4238,test
1,4239,test
1,4246,test
1,4254,test
1,4264,test
1,4266,test
1,4281,test
1,4295,test
1,4299,test
1,4315,test
1,4333,test
1,4335,test
1,4337,test
1,4341,test
1,4342,test
1,4352,test
1,4367,test
1,4369,test
1,4377,test
1,4384,test
1,4388,test
1,4390,test
1,4398,test
1,4411,test
1,4422,test
1,4449,test
1,4455,test
1,4472,test
1,4475,test
1,4476,test
1,4478,test
1,4494,test
1,4499,test
1,4502,test
1,4507,test
1,4513,test
1,4514,test
1,4517,test
1,4524,test
1,4531,test
1,4538,test
1,4541,test
1,4546,test
1,4551,test
1,4555,test
1,4561,test
1,4564,test
1,4567,test
1,4573,test
1,4575,test
1,4581,test
1,4584,test
1,4589,test
1,4592,test
1,4596,test
1,4597,test
1,4598,test
1,4601,test
1,4611,test
1,4646,test
1,4651,test
1,4655,test
1,4657,test
1,4658,test
1,4670,test
1,4682,test
1,4685,test
1,4695,test
1,4696,test
1,4703,test
1,4710,test
1,4713,test
1,4715,test
1,4720,test
1,4727,test
1,4731,test
1,4734,test
1,4756,test
1,4768,test
1,4773,test
1,4785,test
1,4786,test
1,4787,test
1,4788,test
1,4793,test
1,4795,test
1,4800,test
1,4807,test
1,4820,test
1,4829,test
1,4845,test
1,4852,test
1,4860,test
1,4880,test
1,4891,test
1,4897,test
1,4908,test
1,4911,test
1,4924,test
1,4927,test
1,4929,test
1,4930,test
1,4932,test
1,4935,test
1,4948,test
1,4951,test
1,4957,test
1,4993,test
1,4994,test
1,4997,test
1,5004,test
1,5007,test
1,5008,test
1,5026,test
1,5029,test
1,5049,test
1,5059,test
1,5060,test
1,5061,test
1,5062,test
1,5063,test
1,5069,test
1,5071,test
1,5072,test
1,5074,test
1,5083,test
1,5088,test
1,5099,test
1,5123,test
1,5126,test
1,5131,test
1,5132,test
1,5137,test
1,5143,test
1,5150,test
1,5159,test
1,5181,test
1,5195,test
1,5200,test
1,5207,test
1,5213,test
1,5224,test
1,5228,test
1,5230,test
1,5231,test
1,5243,test
1,5251,test
1,5254,test
1,5256,test
1,5259,test
1,5263,test
1,5287,test
1,5296,test
1,5297,test
1,5299,test
1,5301,test
1,5311,test
1,5317,test
1,5329,test
1,5330,test
1,5331,test
1,5335,test
1,5336,test
1,5347,test
1,5349,test
1,5359,test
1,5373,test
1,5380,test
1,5383,test
1,5386,test
1,5387,test
1,5396,test
1,5399,test
1,5400,test
1,5408,test
1,5421,test
1,5424,test
1,5426,test
1,5427,test
1,5430,test
1,5431,test
1,5435,test
1,5436,test
1,5441,test
1,5447,test
1,5464,test
1,5476,test
1,5481,test
1,5484,test
1,5490,test
1,5499,test
1,5500,test
1,5510,test
1,5515,test
1,5518,test
1,5520,test
1,5526,test
1,5535,test
1,5544,test
1,5564,test
1,5565,test
1,5569,test
1,5572,test
1,5587,test
1,5614,test
1,5615,test
1,5627,test
1,5637,test
1,5660,test
1,5665,test
1,5671,test
1,5682,test
1,5683,test
1,5700,test
1,5703,test
1,5710,test
1,5715,test
1,5720,test
1,5726,test
1,5737,test
1,5740,test
1,5749,test
1,5759,test
1,5761,test
1,5767,test
1,5772,test
1,5776,test
1,5784,test
1,5786,test
1,5787,test
1,5794,test
1,5801,test
1,5807,test
1,5810,test
1,5813,test
1,5834,test
1,5836,test
1,5841,test
1,5862,test
1,5867,test
1,5872,test
1,5879,test
1,5880,test
1,5889,test
1,5890,test
1,5899,test
1,5904,test
1,5913,test
1,5914,test
1,5917,test
1,5935,test
1,5941,test
1,5943,test
1,5950,test
1,5951,test
1,5952,test
1,5953,test
1,5957,test
1,5966,test
1,5974,test
1,5979,test
1,5983,test
1,5989,test
1,6007,test
1,6009,test
1,6013,test
1,6016,test
1,6023,test
1,6038,test
1,6039,test
1,6046,test
1,6052,test
1,6071,test
1,6073,test
1,6081,test
1,6083,test
1,6092,test
1,6100,test
1,6105,test
1,6106,test
1,6111,test
1,6113,test
1,6116,test
1,6124,test
1,6128,test
1,6130,test
1,6138,test
1,6139,test
1,6155,test
1,6175,test
1,6199,test
1,6203,test
1,6219,test
1,6225,test
1,6238,test
1,6253,test
1,6264,test
1,6268,test
1,6270,test
1,6277,test
1,6284,test
1,6291,test
1,6292,test
1,6295,test
1,6299,test
1,6300,test
1,6301,test
1,6304,test
1,6305,test
1,6311,test
1,6325,test
1,6330,test
1,6351,test
1,6352,test
1,6363,test
1,6382,test
1,6386,test
1,6388,test
1,6399,test
1,6404,test
1,6411,test
1,6424,test
1,6429,test
1,6430,test
1,6432,test
1,6439,test
1,6444,test
1,6447,test
1,6452,test
1,6457,test
1,6458,test
1,6478,test
1,6479,test
1,6482,test
1,6492,test
1,6494,test
1,6498,test
1,6502,test
1,6514,test
1,6529,test
1,6531,test
1,6537,test
1,6541,test
1,6542,test
1,6550,test
1,6563,test
1,6584,test
1,6593,test
1,6597,test
1,6600,test
1,6609,test
1,6624,test
1,6625,test
1,6630,test
1,6641,test
1,6646,test
1,6663,test
1,6668,test
1,6673,test
1,6674,test
1,6696,test
1,6698,test
1,6699,test
1,6700,test
1,6705,test
1,6708,test
1,6718,test
1,6719,test
1,6722,test
1,6724,test
1,6728,test
1,6735,test
1,6743,test
1,6745,test
1,6753,test
1,6760,test
1,6764,test
1,6772,test
1,6781,test
1,6784,test
1,6785,test
1,6801,test
1,6806,test
1,6810,test
1,6814,test
1,6818,test
1,6824,test
1,6826,test
1,6835,test
1,6849,test
1,6856,test
1,6860,test
1,6863,test
1,6868,test
1,6869,test
1,6872,test
1,6876,test
1,6879,test
1,6893,test
1,6905,test
1,6906,test
1,6921,test
1,6931,test
1,6938,test
1,6948,test
1,6949,test
1,6950,test
1,6952,test
1,6960,test
1,6965,test
1,6976,test
1,6977,test
1,6979,test
1,6986,test
1,6990,test
1,7000,test
1,7002,test
1,7003,test
1,7008,test
1,7009,test
1,7011,test
1,7015,test
1,7018,test
1,7019,test
1,7037,test
1,7049,test
1,7050,test
1,7051,test
1,7053,test
1,7087,test
1,7093,test
1,7104,test
1,7107,test
1,7136,test
1,7162,test
1,7163,test
1,7170,test
1,7179,test
1,7181,test
1,7192,test
1,7195,test
1,7207,test
1,7208,test
1,7209,test
1,7216,test
1,7219,test
1,7223,test
1,7225,test
1,7228,test
1,7230,test
1,7245,test
1,7247,test
1,7251,test
1,7252,test
1,7258,test
1,7260,test
1,7269,test
1,7271,test
1,7283,test
1,7284,test
1,7288,test
1,7289,test
1,7305,test
1,7315,test
1,7325,test
1,7346,test
1,7358,test
1,7360,test
1,7373,test
1,7375,test
1,7389,test
1,7390,test
1,7395,test
1,7402,test
1,7408,test
1,7419,test
1,7420,test
1,7421,test
1,7423,test
1,7426,test
1,7427,test
1,7433,test
1,7437,test
1,7446,test
1,7464,test
1,7474,test
1,7475,test
1,7477,test
1,7488,test
1,7499,test
1,7502,test
1,7508,test
1,7512,test
1,7519,test
1,7532,test
1,7542,test
1,7547,test
1,7557,test
1,7565,test
1,7589,test
1,7603,test
1,7627,test
1,7634,test
1,7638,test
1,7643,test
1,7644,test
1,7652,test
1,7660,test
1,7666,test
1,7681,test
1,7686,test
1,7707,test
1,7726,test
1,7736,test
1,7737,test
1,7738,test
1,7740,test
1,7742,test
1,7747,test
1,7768,test
1,7769,test
1,7770,test
1,7775,test
1,7789,test
1,7795,test
1,7814,test
1,7817,test
1,7818,test
1,7822,test
1,7826,test
1,7836,test
1,7837,test
1,7841,test
1,7864,test
1,7869,test
1,7872,test
1,7884,test
1,7893,test
1,7903,test
1,7905,test
1,7908,test
1,7909,test
1,7915,test
1,7924,test
1,7927,test
1,7929,test
1,7930,test
1,7941,test
1,7953,test
1,7954,test
1,7969,test
1,7976,test
1,7977,test
1,7982,test
1,7987,test
1,7997,test
1,8001,test
1,8003,test
1,8004,test
1,8020,test
1,8046,test
1,8054,test
1,8056,test
1,8060,test
1,8061,test
1,8069,test
1,8075,test
1,8076,test
1,8080,test
1,8084,test
1,8099,test
1,8109,test
1,8120,test
1,8123,test
1,8128,test
1,8131,test
1,8133,test
1,8134,test
1,8135,test
1,8136,test
1,8146,test
1,8148,test
1,8152,test
1,8155,test
1,8158,test
1,8171,test
1,8172,test
1,8173,test
1,8176,test
1,8181,test
1,8182,test
1,8194,test
1,8197,test
1,8202,test
1,8210,test
1,8218,test
1,8222,test
1,8240,test
1,8241,test
1,8242,test
1,8244,test
1,8245,test
1,8253,test
1,8254,test
1,8273,test
1,8278,test
1,8280,test
1,8295,test
1,8299,test
1,8313,test
1,8318,test
1,8319,test
1,8327,test
1,8330,test
1,8331,test
1,8337,test
1,8339,test
1,8349,test
1,8367,test
1,8371,test
1,8374,test
1,8377,test
1,8391,test
1,8400,test
1,8402,test
1,8403,test
1,8420,test
1,8423,test
1,8427,test
1,8429,test
1,8435,test
1,8436,test
1,8445,test
1,8450,test
1,8468,test
1,8469,test
1,8470,test
1,8477,test
1,8494,test
1,8504,test
1,8505,test
1,8511,test
1,8518,test
1,8519,test
1,8521,test
1,8522,test
1,8523,test
1,8530,test
1,8542,test
1,8566,test
1,8567,test
1,8568,test
1,8577,test
1,8596,test
1,8599,test
1,8600,test
1,8607,test
1,8608,test
1,8611,test
1,8612,test
1,8613,test
1,8623,test
1,8625,test
1,8631,test
1,8641,test
1,8643,test
1,8645,test
1,8647,test
1,8652,test
1,8657,test
1,8675,test
1,8679,test
1,8681,test
1,8682,test
1,8686,test
1,8687,test
1,8688,test
1,8689,test
1,8690,test
1,8700,test
1,8709,test
1,8730,test
1,8750,test
1,8763,test
1,8767,test
1,8774,test
1,8777,test
1,8797,test
1,8808,test
1,8814,test
1,8815,test
1,8816,test
1,8820,test
1,8826,test
1,8837,test
1,8851,test
1,8873,test
1,8893,test
1,8904,test
1,8919,test
1,8924,test
1,8925,test
1,8928,test
1,8948,test
1,8959,test
1,8960,test
1,8965,test
1,8975,test
1,8992,test
1,8995,test
1,8997,test
1,9001,test
1,9008,test
1,9009,test
1,9014,test
1,9029,test
1,9031,test
1,9035,test
1,9037,test
1,9046,test
1,9047,test
1,9053,test
1,9062,test
1,9078,test
1,9079,test
1,9081,test
1,9092,test
1,9096,test
1,9104,test
1,9110,test
1,9116,test
1,9118,test
1,9123,test
1,9124,test
1,9131,test
1,9136,test
1,9143,test
1,9149,test
1,9157,test
1,9162,test
1,9165,test
1,9167,test
1,9180,test
1,9188,test
1,9201,test
1,9202,test
1,9205,test
1,9206,test
1,9215,test
1,9220,test
1,9222,test
1,9225,test
1,9233,test
1,9235,test
1,9238,test
1,9240,test
1,9250,test
1,9251,test
1,9255,test
1,9279,test
1,9282,test
1,9288,test
1,9291,test
1,9292,test
1,9299,test
1,9305,test
1,9307,test
1,9308,test
1,9323,test
1,9327,test
1,9339,test
1,9351,test
1,9355,test
1,9370,test
1,9377,test
1,9384,test
1,9386,test
1,9409,test
1,9413,test
1,9426,test
1,9437,test
1,9452,test
1,9456,test
1,9460,test
1,9477,test
1,9493,test
1,9495,test
1,9496,test
1,9521,test
1,9525,test
1,9534,test
1,9542,test
1,9550,test
1,9563,test
1,9582,test
1,9588,test
1,9594,test
1,9603,test
1,9605,test
1,9607,test
1,9609,test
1,9615,test
1,9616,test
1,9630,test
1,9645,test
1,9646,test
1,9650,test
1,9655,test
1,9669,test
1,9672,test
1,9676,test
1,9678,test
1,9688,test
1,9689,test
1,9695,test
1,9701,test
1,9705,test
1,9707,test
1,9711,test
1,9715,test
1,9723,test
1,9734,test
1,9736,test
1,9742,test
1,9744,test
1,9751,test
1,9753,test
1,9754,test
1,9760,test
1,9770,test
1,9774,test
1,9779,test
1,9794,test
1,9797,test
1,9819,test
1,9822,test
1,9826,test
1,9839,test
1,9844,test
1,9860,test
1,9871,test
1,9881,test
1,9888,test
1,9904,test
1,9907,test
1,9917,test
1,9923,test
1,9926,test
1,9928,test
1,9938,test
1,9940,test
1,9942,test
1,9950,test
1,9958,test
1,9965,test
1,9968,test
1,9970,test
1,9973,test
1,9979,test
1,9982,test
1,9989,test
2,2,base
2,3,base
2,4,base
2,6,base
2,7,base
2,10,base
2,11,base
2,12,base
2,13,base
2,14,base
2,17,base
2,18,base
2,20,base
2,23,base
2,24,base
2,25,base
2,28,base
2,29,base
2,30,base
2,32,base
2,35,base
2,39,base
2,41,base
2,53,base
2,54,base
2,55,base
2,60,base
2,64,base
2,65,base
2,66,base
2,67,base
2,68,base
2,69,base
2,70,base
2,71,base
2,74,base
2,77,base
2,82,base
2,84,base
2,85,base
2,87,base
2,89,base
2,91,base
2,94,base
2,98,base
2,99,base
2,100,base
2,103,base
2,104,base
2,106,base
2,108,base
2,109,base
2,112,base
2,114,base
2,118,base
2,119,base
2,120,base
2,126,base
2,127,base
2,128,base
2,129,base
2,131,base
2,141,base
2,142,base
2,146,base
2,147,base
2,150,base
2,151,base
2,152,base
2,153,base
2,154,base
2,156,base
2,157,base
2,160,base
2,161,base
2,163,base
2,166,base
2,169,base
2,170,base
2,172,base
2,173,base
2,174,base
2,175,base
2,176,base
2,178,base
2,179,base
2,180,base
2,181,base
2,182,base
2,183,base
2,186,base
2,188,base
2,189,base
2,190,base
2,192,base
2,193,base
2,194,base
2,198,base
2,200,base
2,203,base
2,204,base
2,205,base
2,209,base
2,210,base
2,212,base
2,214,base
2,215,base
2,216,base
2,217,base
2,220,base
2,221,base
2,222,base
2,223,base
2,225,base
2,226,base
2,227,base
2,231,base
2,232,base
2,235,base
2,236,base
2,237,base
2,240,base
2,241,base
2,242,base
2,243,base
2,244,base
2,251,base
2,253,base
2,256,base
2,258,base
2,259,base
2,261,base
2,262,base
2,264,base
2,265,base
2,266,base
2,268,base
2,270,base
2,272,base
2,274,base
2,275,base
2,277,base
2,280,base
2,281,base
2,282,base
2,283,base
2,284,base
2,285,base
2,286,base
2,289,base
2,290,base
2,291,base
2,292,base
2,297,base
2,300,base
2,304,base
2,306,base
2,307,base
2,308,base
2,309,base
2,310,base
2,313,base
2,314,base
2,317,base
2,318,base
2,321,base
2,326,base
2,327,base
2,328,base
2,329,base
2,330,base
2,333,base
2,336,base
2,338,base
2,343,base
2,344,base
2,346,base
2,347,base
2,349,base
2,350,base
2,353,base
2,354,base
2,356,base
2,361,base
2,364,base
2,366,base
2,367,base
2,370,base
2,377,base
2,379,base
2,380,base
2,382,base
2,390,base
2,392,base
2,395,base
2,396,base
2,397,base
2,398,base
2,401,base
2,405,base
2,408,base
2,409,base
2,410,base
2,411,base
2,412,base
2,413,base
2,418,base
2,419,base
2,421,base
2,424,base
2,427,base
2,428,base
2,430,base
2,434,base
2,435,base
2,436,base
2,439,base
2,440,base
2,441,base
2,442,base
2,443,base
2,444,base
2,446,base
2,447,base
2,449,base
2,451,base
2,453,base
2,454,base
2,456,base
2,459,base
2,461,base
2,463,base
2,465,base
2,467,base
2,468,base
2,478,base
2,480,base
2,484,base
2,486,base
2,487,base
2,488,base
2,490,base
2,494,base
2,495,base
2,498,base
2,499,base
2,502,base
2,503,base
2,505,base
2,507,base
2,508,base
2,509,base
2,513,base
2,514,base
2,517,base
2,520,base
2,521,base
2,522,base
2,526,base
2,528,base
2,530,base
2,531,base
2,532,base
2,535,base
2,536,base
2,537,base
2,540,base
2,541,base
2,542,base
2,543,base
2,544,base
2,545,base
2,549,base
2,550,base
2,551,base
2,554,base
2,555,base
2,556,base
2,559,base
2,560,base
2,561,base
2,562,base
2,564,base
2,568,base
2,572,base
2,575,base
2,576,base
2,578,base
2,582,base
2,584,base
2,586,base
2,587,base
2,588,base
2,592,base
2,593,base
2,594,base
2,596,base
2,597,base
2,599,base
2,600,base
2,601,base
2,603,base
2,605,base
2,606,base
2,609,base
2,611,base
2,616,base
2,617,base
2,618,base
2,619,base
2,620,base
2,622,base
2,624,base
2,625,base
2,630,base
2,631,base
2,632,base
2,634,base
2,639,base
2,640,base
2,641,base
2,643,base
2,645,base
2,648,base
2,649,base
2,651,base
2,654,base
2,655,base
2,661,base
2,662,base
2,665,base
2,666,base
2,667,base
2,671,base
2,672,base
2,674,base
2,675,base
2,679,base
2,681,base
2,682,base
2,684,base
2,689,base
2,690,base
2,692,base
2,693,base
2,697,base
2,699,base
2,700,base
2,701,base
2,702,base
2,704,base
2,707,base
2,708,base
2,709,base
2,715,base
2,718,base
2,722,base
2,728,base
2,729,base
2,730,base
2,731,base
2,733,base
2,734,base
2,735,base
2,736,base
2,738,base
2,739,base
2,740,base
2,743,base
2,748,base
2,752,base
2,754,base
2,755,base
2,756,base
2,757,base
2,762,base
2,765,base
2,767,base
2,769,base
2,771,base
2,772,base
2,773,base
2,775,base
2,776,base
2,777,base
2,779,base
2,780,base
2,781,base
2,782,base
2,783,base
2,785,base
2,789,base
2,792,base
2,793,base
2,794,base
2,795,base
2,798,base
2,800,base
2,801,base
2,804,base
2,806,base
2,807,base
2,810,base
2,812,base
2,813,base
2,814,base
2,817,base
2,818,base
2,819,base
2,820,base
2,821,base
2,824,base
2,825,base
2,826,base
2,827,base
2,828,base
2,831,base
2,834,base
2,835,base
2,839,base
2,841,base
2,843,base
2,845,base
2,846,base
2,848,base
2,855,base
2,857,base
2,858,base
2,860,base
2,862,base
2,865,base
2,866,base
2,869,base
2,871,base
2,873,base
2,874,base
2,876,base
2,878,base
2,880,base
2,881,base
2,882,base
2,885,base
2,886,base
2,887,base
2,888,base
2,889,base
2,890,base
2,893,base
2,894,base
2,896,base
2,897,base
2,898,base
2,899,base
2,900,base
2,902,base
2,910,base
2,911,base
2,914,base
2,916,base
2,918,base
2,921,base
2,922,base
2,926,base
2,928,base
2,933,base
2,935,base
2,936,base
2,941,base
2,943,base
2,945,base
2,946,base
2,948,base
2,949,base
2,951,base
2,953,base
2,954,base
2,955,base
2,956,base
2,957,base
2,962,base
2,964,base
2,966,base
2,967,base
2,969,base
2,970,base
2,971,base
2,973,base
2,974,base
2,975,base
2,976,base
2,977,base
2,978,base
2,980,base
2,986,base
2,987,base
2,988,base
2,989,base
2,991,base
2,995,base
2,997,base
2,998,base
2,1000,base
2,1003,base
2,1006,base
2,1007,base
2,1008,base
2,1010,base
2,1013,base
2,1016,base
2,1017,base
2,1019,base
2,1021,base
2,1022,base
2,1023,base
2,1024,base
2,1026,base
2,1029,base
2,1030,base
2,1031,base
2,1032,base
2,1033,base
2,1034,base
2,1037,base
2,1038,base
2,1040,base
2,1041,base
2,1042,base
2,1044,base
2,1045,base
2,1046,base
2,1048,base
2,1049,base
2,1050,base
2,1053,base
2,1055,base
2,1058,base
2,1062,base
2,1065,base
2,1068,base
2,1070,base
2,1072,base
2,1075,base
2,1076,base
2,1084,base
2,1087,base
2,1088,base
2,1091,base
2,1094,base
2,1096,base
2,1097,base
2,1098,base
2,1101,base
2,1103,base
2,1104,base
2,1108,base
2,1110,base
2,1111,base
2,1114,base
2,1115,base
2,1117,base
2,1119,base
2,1120,base
2,1121,base
2,1122,base
2,1123,base
2,1125,base
2,1127,base
2,1129,base
2,1130,base
2,1131,base
2,1133,base
2,1138,base
2,1140,base
2,1141,base
2,1142,base
2,1145,base
2,1147,base
2,1148,base
2,1149,base
2,1152,base
2,1153,base
2,1154,base
2,1155,base
2,1157,base
2,1158,base
2,1163,base
2,1166,base
2,1167,base
2,1169,base
2,1173,base
2,1176,base
2,1177,base
2,1179,base
2,1183,base
2,1184,base
2,1189,base
2,1190,base
2,1193,base
2,1196,base
2,1197,base
2,1198,base
2,1201,base
2,1203,base
2,1204,base
2,1206,base
2,1212,base
2,1213,base
2,1215,base
2,1216,base
2,1217,base
2,1220,base
2,1221,base
2,1223,base
2,1225,base
2,1226,base
2,1227,base
2,1228,base
2,1231,base
2,1233,base
2,1234,base
2,1236,base
2,1243,base
2,1245,base
2,1251,base
2,1253,base
2,1254,base
2,1255,base
2,1260,base
2,1264,base
2,1265,base
2,1267,base
2,1268,base
2,1270,base
2,1272,base
2,1275,base
2,1276,base
2,1278,base
2,1283,base
2,1284,base
2,1287,base
2,1288,base
2,1289,base
2,1290,base
2,1292,base
2,1293,base
2,1294,base
2,1295,base
2,1296,base
2,1297,base
2,1298,base
2,1301,base
2,1302,base
2,1303,base
2,1304,base
2,1305,base
2,1307,base
2,1308,base
2,1315,base
2,1317,base
2,1318,base
2,1320,base
2,1324,base
2,1325,base
2,1326,base
2,1327,base
2,1329,base
2,1330,base
2,1331,base
2,1336,base
2,1339,base
2,1340,base
2,1341,base
2,1342,base
2,1343,base
2,1344,base
2,1345,base
2,1347,base
2,1348,base
2,1349,base
2,1351,base
2,1352,base
2,1354,base
2,1358,base
2,1359,base
2,1364,base
2,1365,base
2,1366,base
2,1367,base
2,1368,base
2,1373,base
2,1375,base
2,1376,base
2,1377,base
2,1380,base
2,1384,base
2,1387,base
2,1388,base
2,1391,base
2,1392,base
2,1394,base
2,1397,base
2,1398,base
2,1400,base
2,1401,base
2,1402,base
2,1403,base
2,1406,base
2,1408,base
2,1410,base
2,1415,base
2,1417,base
2,1418,base
2,1420,base
2,1421,base
2,1422,base
2,1423,base
2,1424,base
2,1426,base
2,1427,base
2,1428,base
2,1429,base
2,1430,base
2,1433,base
2,1436,base
2,1437,base
2,1439,base
2,1440,base
2,1443,base
2,1444,base
2,1445,base
2,1446,base
2,1447,base
2,1454,base
2,1456,base
2,1458,base
2,1460,base
2,1461,base
2,1463,base
2,1464,base
2,1466,base
2,1468,base
2,1469,base
2,1474,base
2,1475,base
2,1477,base
2,1480,base
2,1481,base
2,1482,base
2,1483,base
2,1485,base
2,1486,base
2,1490,base
2,1493,base
2,1500,base
2,1501,base
2,1502,base
2,1506,base
2,1507,base
2,1508,base
2,1509,base
2,1510,base
2,1511,base
2,1514,base
2,1521,base
2,1524,base
2,1527,base
2,1529,base
2,1533,base
2,1535,base
2,1536,base
2,1537,base
2,1540,base
2,1541,base
2,1544,base
2,1545,base
2,1546,base
2,1547,base
2,1548,base
2,1552,base
2,1556,base
2,1560,base
2,1562,base
2,1566,base
2,1567,base
2,1568,base
2,1569,base
2,1570,base
2,1571,base
2,1572,base
2,1575,base
2,1576,base
2,1577,base
2,1579,base
2,1580,base
2,1584,base
2,1585,base
2,1586,base
2,1593,base
2,1597,base
2,1598,base
2,1599,base
2,1603,base
2,1607,base
2,1613,base
2,1616,base
2,1617,base
2,1618,base
2,1622,base
2,1623,base
2,1627,base
2,1628,base
2,1629,base
2,1630,base
2,1631,base
2,1632,base
2,1638,base
2,1641,base
2,1644,base
2,1645,base
2,1646,base
2,1647,base
2,1648,base
2,1655,base
2,1658,base
2,1662,base
2,1663,base
2,1666,base
2,1669,base
2,1670,base
2,1671,base
2,1672,base
2,1673,base
2,1674,base
2,1676,base
2,1677,base
2,1680,base
2,1682,base
2,1685,base
2,1686,base
2,1687,base
2,1688,base
2,1690,base
2,1691,base
2,1694,base
2,1696,base
2,1697,base
2,1698,base
2,1699,base
2,1700,base
2,1701,base
2,1702,base
2,1703,base
2,1706,base
2,1708,base
2,1709,base
2,1710,base
2,1711,base
2,1713,base
2,1714,base
2,1720,base
2,1722,base
2,1725,base
2,1729,base
2,1730,base
2,1733,base
2,1734,base
2,1735,base
2,1736,base
2,1737,base
2,1738,base
2,1739,base
2,1741,base
2,1743,base
2,1744,base
2,1746,base
2,1749,base
2,1752,base
2,1754,base
2,1755,base
2,1757,base
2,1758,base
2,1760,base
2,1763,base
2,1765,base
2,1766,base
2,1773,base
2,1776,base
2,1779,base
2,1781,base
2,1782,base
2,1784,base
2,1786,base
2,1787,base
2,1788,base
2,1789,base
2,1790,base
2,1792,base
2,1797,base
2,1798,base
2,1801,base
2,1803,base
2,1806,base
2,1807,base
2,1810,base
2,1811,base
2,1812,base
2,1815,base
2,1817,base
2,1818,base
2,1819,base
2,1823,base
2,1824,base
2,1828,base
2,1829,base
2,1830,base
2,1831,base
2,1836,base
2,1837,base
2,1838,base
2,1840,base
2,1843,base
2,1849,base
2,1852,base
2,1857,base
2,1859,base
2,1860,base
2,1862,base
2,1863,base
2,1864,base
2,1865,base
2,1866,base
2,1867,base
2,1868,base
2,1869,base
2,1871,base
2,1872,base
2,1875,base
2,1879,base
2,1880,base
2,1884,base
2,1885,base
2,1886,base
2,1889,base
2,1890,base
2,1892,base
2,1893,base
2,1894,base
2,1895,base
2,1897,base
2,1901,base
2,1906,base
2,1908,base
2,1911,base
2,1912,base
2,1914,base
2,1915,base
2,1917,base
2,1918,base
2,1919,base
2,1920,base
2,1925,base
2,1926,base
2,1929,base
2,1932,base
2,1934,base
2,1935,base
2,1936,base
2,1937,base
2,1943,base
2,1944,base
2,1946,base
2,1947,base
2,1948,base
2,1949,base
2,1954,base
2,1955,base
2,1957,base
2,1959,base
2,1960,base
2,1962,base
2,1963,base
2,1964,base
2,1965,base
2,1967,base
2,1970,base
2,1971,base
2,1972,base
2,1973,base
2,1976,base
2,1977,base
2,1979,base
2,1983,base
2,1984,base
2,1986,base
2,1990,base
2,1991,base
2,1992,base
2,1994,base
2,1995,base
2,1996,base
2,1997,base
2,1998,base
2,1999,base
2,2000,base
2,2001,base
2,2009,base
2,2010,base
2,2012,base
2,2014,base
2,2016,base
2,2020,base
2,2021,base
2,2022,base
2,2025,base
2,2028,base
2,2030,base
2,2032,base
2,2033,base
2,2036,base
2,2040,base
2,2041,base
2,2043,base
2,2045,base
2,2047,base
2,2048,base
2,2049,base
2,2050,base
2,2053,base
2,2054,base
2,2056,base
2,2058,base
2,2059,base
2,2060,base
2,2064,base
2,2066,base
2,2067,base
2,2068,base
2,2071,base
2,2073,base
2,2077,base
2,2081,base
2,2085,base
2,2087,base
2,2088,base
2,2089,base
2,2090,base
2,2091,base
2,2093,base
2,2095,base
2,2097,base
2,2098,base
2,2099,base
2,2100,base
2,2102,base
2,2103,base
2,2110,base
2,2111,base
2,2113,base
2,2115,base
2,2116,base
2,2117,base
2,2118,base
2,2120,base
2,2122,base
2,2124,base
2,2127,base
2,2129,base
2,2130,base
2,2131,base
2,2132,base
2,2133,base
2,2135,base
2,2139,base
2,2143,base
2,2145,base
2,2146,base
2,2149,base
2,2153,base
2,2155,base
2,2157,base
2,2158,base
2,2160,base
2,2161,base
2,2166,base
2,2167,base
2,2172,base
2,2174,base
2,2175,base
2,2176,base
2,2178,base
2,2179,base
2,2180,base
2,2182,base
2,2183,base
2,2184,base
2,2185,base
2,2189,base
2,2190,base
2,2191,base
2,2192,base
2,2194,base
2,2196,base
2,2198,base
2,2200,base
2,2203,base
2,2206,base
2,2207,base
2,2208,base
2,2210,base
2,2211,base
2,2212,base
2,2217,base
2,2219,base
2,2221,base
2,2225,base
2,2227,base
2,2229,base
2,2234,base
2,2235,base
2,2236,base
2,2238,base
2,2239,base
2,2240,base
2,2241,base
2,2242,base
2,2243,base
2,2244,base
2,2245,base
2,2247,base
2,2250,base
2,2252,base
2,2253,base
2,2255,base
2,2256,base
2,2257,base
2,2258,base
2,2267,base
2,2268,base
2,2271,base
2,2273,base
2,2274,base
2,2275,base
2,2278,base
2,2279,base
2,2280,base
2,2282,base
2,2283,base
2,2284,base
2,2287,base
2,2288,base
2,2290,base
2,2293,base
2,2294,base
2,2295,base
2,2296,base
2,2297,base
2,2298,base
2,2299,base
2,2300,base
2,2301,base
2,2308,base
2,2309,base
2,2312,base
2,2316,base
2,2318,base
2,2321,base
2,2327,base
2,2330,base
2,2331,base
2,2333,base
2,2341,base
2,2342,base
2,2345,base
2,2348,base
2,2349,base
2,2350,base
2,2354,base
2,2355,base
2,2356,base
2,2358,base
2,2360,base
2,2361,base
2,2363,base
2,2364,base
2,2366,base
2,2368,base
2,2371,base
2,2372,base
2,2373,base
2,2374,base
2,2378,base
2,2379,base
2,2382,base
2,2383,base
2,2384,base
2,2385,base
2,2388,base
2,2391,base
2,2393,base
2,2395,base
2,2397,base
2,2399,base
2,2400,base
2,2401,base
2,2402,base
2,2403,base
2,2404,base
2,2407,base
2,2410,base
2,2414,base
2,2416,base
2,2417,base
2,2418,base
2,2419,base
2,2421,base
2,2427,base
2,2430,base
2,2436,base
2,2438,base
2,2442,base
2,2444,base
2,2446,base
2,2448,base
2,2449,base
2,2452,base
2,2453,base
2,2454,base
2,2458,base
2,2460,base
2,2461,base
2,2463,base
2,2465,base
2,2467,base
2,2468,base
2,2469,base
2,2473,base
2,2475,base
2,2476,base
2,2477,base
2,2478,base
2,2480,base
2,2482,base
2,2485,base
2,2486,base
2,2489,base
2,2490,base
2,2492,base
2,2495,base
2,2496,base
2,2497,base
2,2499,base
2,2500,base
2,2501,base
2,2505,base
2,2507,base
2,2508,base
2,2509,base
2,2512,base
2,2513,base
2,2514,base
2,2515,base
2,2516,base
2,2517,base
2,2518,base
2,2520,base
2,2522,base
2,2523,base
2,2524,base
2,2525,base
2,2527,base
2,2530,base
2,2531,base
2,2534,base
2,2536,base
2,2538,base
2,2540,base
2,2541,base
2,2542,base
2,2543,base
2,2544,base
2,2547,base
2,2549,base
2,2550,base
2,2554,base
2,2557,base
2,2558,base
2,2559,base
2,2560,base
2,2561,base
2,2562,base
2,2564,base
2,2566,base
2,2568,base
2,2569,base
2,2570,base
2,2574,base
2,2575,base
2,2576,base
2,2578,base
2,2579,base
2,2580,base
2,2583,base
2,2584,base
2,2586,base
2,2588,base
2,2589,base
2,2592,base
2,2593,base
2,2594,base
2,2595,base
2,2597,base
2,2599,base
2,2601,base
2,2602,base
2,2605,base
2,2606,base
2,2608,base
2,2610,base
2,2612,base
2,2613,base
2,2614,base
2,2618,base
2,2620,base
2,2621,base
2,2622,base
2,2627,base
2,2634,base
2,2641,base
2,2643,base
2,2644,base
2,2649,base
2,2650,base
2,2652,base
2,2653,base
2,2654,base
2,2655,base
2,2658,base
2,2661,base
2,2663,base
2,2666,base
2,2668,base
2,2670,base
2,2673,base
2,2675,base
2,2676,base
2,2678,base
2,2679,base
2,2682,base
2,2685,base
2,2690,base
2,2692,base
2,2693,base
2,2694,base
2,2696,base
2,2698,base
2,2700,base
2,2701,base
2,2702,base
2,2703,base
2,2708,base
2,2711,base
2,2712,base
2,2714,base
2,2718,base
2,2720,base
2,2730,base
2,2735,base
2,2736,base
2,2737,base
2,2739,base
2,2740,base
2,2741,base
2,2744,base
2,2748,base
2,2749,base
2,2750,base
2,2752,base
2,2753,base
2,2754,base
2,2755,base
2,2756,base
2,2758,base
2,2759,base
2,2763,base
2,2765,base
2,2768,base
2,2769,base
2,2774,base
2,2776,base
2,2778,base
2,2779,base
2,2780,base
2,2785,base
2,2788,base
2,2789,base
2,2790,base
2,2795,base
2,2796,base
2,2798,base
2,2799,base
2,2804,base
2,2805,base
2,2806,base
2,2807,base
2,2811,base
2,2814,base
2,2815,base
2,2816,base
2,2818,base
2,2822,base
2,2825,base
2,2830,base
2,2831,base
2,2834,base
2,2837,base
2,2839,base
2,2840,base
2,2842,base
2,2843,base
2,2844,base
2,2845,base
2,2849,base
2,2850,base
2,2851,base
2,2852,base
2,2857,base
2,2859,base
2,2862,base
2,2864,base
2,2866,base
2,2870,base
2,2871,base
2,2872,base
2,2873,base
2,2875,base
2,2877,base
2,2880,base
2,2881,base
2,2882,base
2,2883,base
2,2885,base
2,2886,base
2,2887,base
2,2889,base
2,2891,base
2,2893,base
2,2894,base
2,2896,base
2,2899,base
2,2900,base
2,2902,base
2,2906,base
2,2907,base
2,2909,base
2,2910,base
2,2911,base
2,2912,base
2,2917,base
2,2918,base
2,2919,base
2,2921,base
2,2922,base
2,2925,base
2,2926,base
2,2929,base
2,2932,base
2,2934,base
2,2935,base
2,2936,base
2,2938,base
2,2944,base
2,2946,base
2,2949,base
2,2951,base
2,2952,base
2,2956,base
2,2960,base
2,2961,base
2,2962,base
2,2963,base
2,2964,base
2,2967,base
2,2968,base
2,2969,base
2,2970,base
2,2974,base
2,2975,base
2,2977,base
2,2978,base
2,2982,base
2,2983,base
2,2984,base
2,2985,base
2,2986,base
2,2988,base
2,2989,base
2,2993,base
2,2995,base
2,2996,base
2,2997,base
2,2998,base
2,3001,base
2,3005,base
2,3006,base
2,3009,base
2,3010,base
2,3011,base
2,3015,base
2,3020,base
2,3021,base
2,3024,base
2,3025,base
2,3026,base
2,3031,base
2,3034,base
2,3036,base
2,3037,base
2,3039,base
2,3041,base
2,3043,base
2,3044,base
2,3045,base
2,3048,base
2,3049,base
2,3052,base
2,3053,base
2,3056,base
2,3058,base
2,3060,base
2,3061,base
2,3065,base
2,3066,base
2,3069,base
2,3070,base
2,3071,base
2,3073,base
2,3075,base
2,3080,base
2,3082,base
2,3084,base
2,3085,base
2,3086,base
2,3087,base
2,3092,base
2,3093,base
2,3094,base
2,3095,base
2,3101,base
2,3106,base
2,3107,base
2,3109,base
2,3112,base
2,3113,base
2,3114,base
2,3121,base
2,3124,base
2,3126,base
2,3127,base
2,3133,base
2,3134,base
2,3135,base
2,3136,base
2,3138,base
2,3140,base
2,3141,base
2,3142,base
2,3146,base
2,3149,base
2,3150,base
2,3151,base
2,3153,base
2,3154,base
2,3155,base
2,3157,base
2,3159,base
2,3160,base
2,3163,base
2,3168,base
2,3169,base
2,3170,base
2,3171,base
2,3172,base
2,3173,base
2,3174,base
2,3175,base
2,3176,base
2,3179,base
2,3182,base
2,3184,base
2,3186,base
2,3187,base
2,3190,base
2,3191,base
2,3193,base
2,3194,base
2,3195,base
2,3198,base
2,3200,base
2,3202,base
2,3205,base
2,3206,base
2,3211,base
2,3212,base
2,3213,base
2,3216,base
2,3218,base
2,3220,base
2,3221,base
2,3222,base
2,3223,base
2,3224,base
2,3225,base
2,3229,base
2,3231,base
2,3232,base
2,3235,base
2,3236,base
2,3237,base
2,3238,base
2,3240,base
2,3244,base
2,3247,base
2,3248,base
2,3249,base
2,3250,base
2,3256,base
2,3258,base
2,3260,base
2,3262,base
2,3264,base
2,3265,base
2,3267,base
2,3268,base
2,3270,base
2,3271,base
2,3274,base
2,3276,base
2,3277,base
2,3278,base
2,3280,base
2,3281,base
2,3282,base
2,3285,base
2,3290,base
2,3291,base
2,3295,base
2,3296,base
2,3297,base
2,3299,base
2,3301,base
2,3302,base
2,3304,base
2,3307,base
2,3310,base
2,3312,base
2,3313,base
2,3314,base
2,3319,base
2,3321,base
2,3325,base
2,3327,base
2,3328,base
2,3332,base
2,3333,base
2,3334,base
2,3336,base
2,3337,base
2,3339,base
2,3343,base
2,3344,base
2,3347,base
2,3348,base
2,3350,base
2,3352,base
2,3353,base
2,3355,base
2,3357,base
2,3358,base
2,3359,base
2,3360,base
2,3361,base
2,3363,base
2,3366,base
2,3369,base
2,3370,base
2,3373,base
2,3374,base
2,3378,base
2,3380,base
2,3383,base
2,3384,base
2,3385,base
2,3389,base
2,3390,base
2,3393,base
2,3395,base
2,3396,base
2,3398,base
2,3399,base
2,3402,base
2,3405,base
2,3406,base
2,3407,base
2,3408,base
2,3409,base
2,3410,base
2,3411,base
2,3412,base
2,3413,base
2,3416,base
2,3417,base
2,3420,base
2,3421,base
2,3422,base
2,3424,base
2,3426,base
2,3428,base
2,3431,base
2,3433,base
2,3435,base
2,3436,base
2,3440,base
2,3442,base
2,3445,base
2,3446,base
2,3447,base
2,3449,base
2,3456,base
2,3458,base
2,3460,base
2,3462,base
2,3463,base
2,3464,base
2,3466,base
2,3467,base
2,3469,base
2,3472,base
2,3474,base
2,3476,base
2,3478,base
2,3480,base
2,3484,base
2,3488,base
2,3493,base
2,3495,base
2,3496,base
2,3499,base
2,3500,base
2,3503,base
2,3505,base
2,3506,base
2,3507,base
2,3509,base
2,3511,base
2,3512,base
2,3514,base
2,3515,base
2,3516,base
2,3519,base
2,3521,base
2,3522,base
2,3524,base
2,3531,base
2,3532,base
2,3535,base
2,3536,base
2,3537,base
2,3540,base
2,3541,base
2,3544,base
2,3548,base
2,3550,base
2,3551,base
2,3552,base
2,3553,base
2,3556,base
2,3560,base
2,3561,base
2,3562,base
2,3566,base
2,3568,base
2,3569,base
2,3570,base
2,3572,base
2,3573,base
2,3574,base
2,3575,base
2,3576,base
2,3577,base
2,3580,base
2,3581,base
2,3583,base
2,3586,base
2,3589,base
2,3590,base
2,3592,base
2,3594,base
2,3596,base
2,3598,base
2,3600,base
2,3601,base
2,3603,base
2,3604,base
2,3605,base
2,3606,base
2,3608,base
2,3611,base
2,3612,base
2,3614,base
2,3619,base
2,3621,base
2,3622,base
2,3624,base
2,3626,base
2,3628,base
2,3629,base
2,3630,base
2,3631,base
2,3632,base
2,3636,base
2,3638,base
2,3641,base
2,3642,base
2,3644,base
2,3649,base
2,3650,base
2,3652,base
2,3654,base
2,3655,base
2,3657,base
2,3659,base
2,3660,base
2,3661,base
2,3662,base
2,3663,base
2,3668,base
2,3672,base
2,3673,base
2,3674,base
2,3676,base
2,3677,base
2,3679,base
2,3682,base
2,3683,base
2,3685,base
2,3689,base
2,3691,base
2,3692,base
2,3697,base
2,3700,base
2,3701,base
2,3702,base
2,3708,base
2,3709,base
2,3711,base
2,3713,base
2,3714,base
2,3718,base
2,3722,base
2,3723,base
2,3724,base
2,3726,base
2,3729,base
2,3730,base
2,3732,base
2,3733,base
2,3737,base
2,3738,base
2,3740,base
2,3741,base
2,3743,base
2,3744,base
2,3745,base
2,3746,base
2,3747,base
2,3750,base
2,3752,base
2,3753,base
2,3754,base
2,3755,base
2,3759,base
2,3760,base
2,3762,base
2,3763,base
2,3767,base
2,3768,base
2,3769,base
2,3770,base
2,3771,base
2,3773,base
2,3777,base
2,3778,base
2,3781,base
2,3782,base
2,3783,base
2,3784,base
2,3785,base
2,3786,base
2,3790,base
2,3791,base
2,3797,base
2,3800,base
2,3801,base
2,3804,base
2,3806,base
2,3815,base
2,3816,base
2,3817,base
2,3818,base
2,3820,base
2,3822,base
2,3823,base
2,3824,base
2,3825,base
2,3833,base
2,3838,base
2,3839,base
2,3840,base
2,3844,base
2,3845,base
2,3847,base
2,3848,base
2,3849,base
2,3850,base
2,3851,base
2,3852,base
2,3853,base
2,3855,base
2,3856,base
2,3857,base
2,3861,base
2,3863,base
2,3865,base
2,3867,base
2,3871,base
2,3873,base
2,3875,base
2,3876,base
2,3878,base
2,3879,base
2,3881,base
2,3883,base
2,3884,base
2,3885,base
2,3886,base
2,3887,base
2,3889,base
2,3890,base
2,3892,base
2,3895,base
2,3897,base
2,3898,base
2,3902,base
2,3905,base
2,3907,base
2,3908,base
2,3911,base
2,3913,base
2,3914,base
2,3915,base
2,3920,base
2,3921,base
2,3922,base
2,3923,base
2,3926,base
2,3931,base
2,3932,base
2,3933,base
2,3934,base
2,3936,base
2,3941,base
2,3942,base
2,3945,base
2,3946,base
2,3947,base
2,3949,base
2,3951,base
2,3953,base
2,3955,base
2,3958,base
2,3959,base
2,3961,base
2,3962,base
2,3963,base
2,3966,base
2,3972,base
2,3974,base
2,3975,base
2,3977,base
2,3978,base
2,3979,base
2,3985,base
2,3986,base
2,3989,base
2,3994,base
2,3995,base
2,3996,base
2,3998,base
2,4001,base
2,4002,base
2,4003,base
2,4006,base
2,4007,base
2,4009,base
2,4010,base
2,4011,base
2,4012,base
2,4013,base
2,4020,base
2,4021,base
2,4022,base
2,4024,base
2,4026,base
2,4027,base
2,4029,base
2,4031,base
2,4032,base
2,4033,base
2,4034,base
2,4035,base
2,4038,base
2,4039,base
2,4044,base
2,4045,base
2,4046,base
2,4049,base
2,4052,base
2,4054,base
2,4058,base
2,4059,base
2,4060,base
2,4061,base
2,4064,base
2,4073,base
2,4074,base
2,4075,base
2,4077,base
2,4078,base
2,4079,base
2,4082,base
2,4084,base
2,4085,base
2,4089,base
2,4090,base
2,4092,base
2,4096,base
2,4097,base
2,4099,base
2,4104,base
2,4105,base
2,4107,base
2,4110,base
2,4112,base
2,4113,base
2,4115,base
2,4116,base
2,4117,base
2,4118,base
2,4119,base
2,4120,base
2,4122,base
2,4124,base
2,4125,base
2,4129,base
2,4130,base
2,4132,base
2,4134,base
2,4136,base
2,4137,base
2,4138,base
2,4140,base
2,4142,base
2,4144,base
2,4145,base
2,4146,base
2,4147,base
2,4150,base
2,4156,base
2,4157,base
2,4158,base
2,4159,base
2,4161,base
2,4163,base
2,4164,base
2,4165,base
2,4167,base
2,4170,base
2,4172,base
2,4181,base
2,4182,base
2,4183,base
2,4184,base
2,4186,base
2,4190,base
2,4191,base
2,4193,base
2,4194,base
2,4195,base
2,4196,base
2,4200,base
2,4202,base
2,4203,base
2,4204,base
2,4206,base
2,4209,base
2,4213,base
2,4214,base
2,4215,base
2,4216,base
2,4217,base
2,4218,base
2,4219,base
2,4223,base
2,4224,base
2,4227,base
2,4228,base
2,4232,base
2,4234,base
2,4236,base
2,4238,base
2,4242,base
2,4245,base
2,4246,base
2,4248,base
2,4250,base
2,4253,base
2,4259,base
2,4263,base
2,4265,base
2,4266,base
2,4267,base
2,4268,base
2,4272,base
2,4273,base
2,4277,base
2,4279,base
2,4280,base
2,4287,base
2,4288,base
2,4289,base
2,4291,base
2,4292,base
2,4293,base
2,4294,base
2,4296,base
2,4299,base
2,4301,base
2,4303,base
2,4305,base
2,4307,base
2,4308,base
2,4309,base
2,4310,base
2,4316,base
2,4317,base
2,4319,base
2,4320,base
2,4321,base
2,4322,base
2,4326,base
2,4327,base
2,4329,base
2,4330,base
2,4332,base
2,4334,base
2,4336,base
2,4337,base
2,4338,base
2,4339,base
2,4342,base
2,4344,base
2,4345,base
2,4346,base
2,4348,base
2,4349,base
2,4350,base
2,4351,base
2,4353,base
2,4354,base
2,4355,base
2,4356,base
2,4357,base
2,4359,base
2,4360,base
2,4362,base
2,4363,base
2,4367,base
2,4372,base
2,4374,base
2,4377,base
2,4378,base
2,4380,base
2,4384,base
2,4386,base
2,4391,base
2,4392,base
2,4393,base
2,4396,base
2,4400,base
2,4401,base
2,4402,base
2,4404,base
2,4407,base
2,4409,base
2,4411,base
2,4412,base
2,4414,base
2,4415,base
2,4417,base
2,4419,base
2,4422,base
2,4424,base
2,4425,base
2,4426,base
2,4427,base
2,4429,base
2,4432,base
2,4434,base
2,4435,base
2,4439,base
2,4442,base
2,4443,base
2,4444,base
2,4445,base
2,4446,base
2,4447,base
2,4450,base
2,4455,base
2,4456,base
2,4457,base
2,4458,base
2,4462,base
2,4466,base
2,4470,base
2,4471,base
2,4472,base
2,4474,base
2,4475,base
2,4477,base
2,4480,base
2,4481,base
2,4483,base
2,4486,base
2,4491,base
2,4492,base
2,4496,base
2,4501,base
2,4504,base
2,4505,base
2,4506,base
2,4507,base
2,4508,base
2,4510,base
2,4511,base
2,4513,base
2,4514,base
2,4519,base
2,4522,base
2,4523,base
2,4524,base
2,4525,base
2,4527,base
2,4530,base
2,4531,base
2,4532,base
2,4536,base
2,4537,base
2,4538,base
2,4539,base
2,4540,base
2,4541,base
2,4544,base
2,4545,base
2,4546,base
2,4548,base
2,4550,base
2,4551,base
2,4553,base
2,4557,base
2,4560,base
2,4565,base
2,4567,base
2,4568,base
2,4569,base
2,4570,base
2,4572,base
2,4574,base
2,4575,base
2,4576,base
2,4577,base
2,4583,base
2,4584,base
2,4586,base
2,4587,base
2,4588,base
2,4589,base
2,4590,base
2,4593,base
2,4594,base
2,4598,base
2,4599,base
2,4603,base
2,4606,base
2,4610,base
2,4612,base
2,4617,base
2,4618,base
2,4619,base
2,4620,base
2,4621,base
2,4622,base
2,4625,base
2,4626,base
2,4629,base
2,4630,base
2,4631,base
2,4632,base
2,4633,base
2,4636,base
2,4637,base
2,4639,base
2,4643,base
2,4646,base
2,4647,base
2,4650,base
2,4651,base
2,4653,base
2,4654,base
2,4655,base
2,4660,base
2,4663,base
2,4666,base
2,4667,base
2,4668,base
2,4669,base
2,4675,base
2,4676,base
2,4679,base
2,4680,base
2,4682,base
2,4685,base
2,4687,base
2,4688,base
2,4693,base
2,4698,base
2,4699,base
2,4700,base
2,4701,base
2,4702,base
2,4703,base
2,4704,base
2,4705,base
2,4709,base
2,4711,base
2,4714,base
2,4718,base
2,4719,base
2,4722,base
2,4724,base
2,4725,base
2,4726,base
2,4728,base
2,4731,base
2,4732,base
2,4736,base
2,4737,base
2,4738,base
2,4740,base
2,4742,base
2,4747,base
2,4748,base
2,4749,base
2,4750,base
2,4753,base
2,4755,base
2,4756,base
2,4757,base
2,4758,base
2,4760,base
2,4761,base
2,4764,base
2,4766,base
2,4769,base
2,4770,base
2,4771,base
2,4773,base
2,4774,base
2,4775,base
2,4777,base
2,4780,base
2,4782,base
2,4783,base
2,4787,base
2,4789,base
2,4790,base
2,4791,base
2,4796,base
2,4799,base
2,4802,base
2,4803,base
2,4807,base
2,4809,base
2,4810,base
2,4811,base
2,4812,base
2,4814,base
2,4815,base
2,4816,base
2,4818,base
2,4819,base
2,4820,base
2,4825,base
2,4826,base
2,4827,base
2,4828,base
2,4830,base
2,4833,base
2,4836,base
2,4837,base
2,4839,base
2,4840,base
2,4841,base
2,4848,base
2,4849,base
2,4851,base
2,4852,base
2,4855,base
2,4856,base
2,4859,base
2,4863,base
2,4865,base
2,4867,base
2,4871,base
2,4872,base
2,4874,base
2,4875,base
2,4876,base
2,4879,base
2,4881,base
2,4882,base
2,4884,base
2,4887,base
2,4888,base
2,4890,base
2,4891,base
2,4893,base
2,4895,base
2,4899,base
2,4900,base
2,4902,base
2,4903,base
2,4904,base
2,4905,base
2,4908,base
2,4909,base
2,4910,base
2,4917,base
2,4920,base
2,4921,base
2,4923,base
2,4925,base
2,4927,base
2,4928,base
2,4929,base
2,4930,base
2,4931,base
2,4932,base
2,4936,base
2,4939,base
2,4940,base
2,4941,base
2,4942,base
2,4943,base
2,4945,base
2,4947,base
2,4948,base
2,4949,base
2,4951,base
2,4953,base
2,4959,base
2,4960,base
2,4964,base
2,4969,base
2,4972,base
2,4973,base
2,4974,base
2,4976,base
2,4977,base
2,4981,base
2,4985,base
2,4986,base
2,4987,base
2,4988,base
2,4990,base
2,4993,base
2,4994,base
2,4995,base
2,4997,base
2,4999,base
2,5000,base
2,5002,base
2,5005,base
2,5007,base
2,5008,base
2,5009,base
2,5010,base
2,5011,base
2,5016,base
2,5017,base
2,5021,base
2,5022,base
2,5024,base
2,5025,base
2,5026,base
2,5027,base
2,5030,base
2,5031,base
2,5035,base
2,5037,base
2,5038,base
2,5039,base
2,5040,base
2,5041,base
2,5042,base
2,5043,base
2,5044,base
2,5046,base
2,5047,base
2,5049,base
2,5050,base
2,5051,base
2,5054,base
2,5057,base
2,5059,base
2,5060,base
2,5061,base
2,5063,base
2,5064,base
2,5065,base
2,5067,base
2,5069,base
2,5071,base
2,5077,base
2,5079,base
2,5080,base
2,5081,base
2,5086,base
2,5087,base
2,5088,base
2,5091,base
2,5092,base
2,5093,base
2,5095,base
2,5096,base
2,5100,base
2,5102,base
2,5103,base
2,5104,base
2,5108,base
2,5115,base
2,5116,base
2,5118,base
2,5122,base
2,5124,base
2,5133,base
2,5136,base
2,5138,base
2,5139,base
2,5140,base
2,5142,base
2,5143,base
2,5144,base
2,5145,base
2,5147,base
2,5150,base
2,5156,base
2,5157,base
2,5158,base
2,5159,base
2,5160,base
2,5164,base
2,5165,base
2,5166,base
2,5167,base
2,5168,base
2,5169,base
2,5170,base
2,5171,base
2,5174,base
2,5175,base
2,5180,base
2,5182,base
2,5183,base
2,5184,base
2,5185,base
2,5186,base
2,5192,base
2,5194,base
2,5195,base
2,5196,base
2,5200,base
2,5205,base
2,5208,base
2,5212,base
2,5215,base
2,5216,base
2,5217,base
2,5221,base
2,5222,base
2,5223,base
2,5224,base
2,5225,base
2,5226,base
2,5227,base
2,5230,base
2,5233,base
2,5238,base
2,5240,base
2,5241,base
2,5242,base
2,5243,base
2,5248,base
2,5253,base
2,5256,base
2,5257,base
2,5258,base
2,5259,base
2,5262,base
2,5263,base
2,5264,base
2,5265,base
2,5266,base
2,5267,base
2,5270,base
2,5272,base
2,5275,base
2,5277,base
2,5278,base
2,5279,base
2,5280,base
2,5282,base
2,5285,base
2,5288,base
2,5289,base
2,5290,base
2,5291,base
2,5292,base
2,5293,base
2,5294,base
2,5295,base
2,5298,base
2,5300,base
2,5305,base
2,5307,base
2,5308,base
2,5309,base
2,5310,base
2,5313,base
2,5316,base
2,5317,base
2,5318,base
2,5320,base
2,5322,base
2,5323,base
2,5327,base
2,5328,base
2,5332,base
2,5337,base
2,5339,base
2,5340,base
2,5342,base
2,5344,base
2,5345,base
2,5346,base
2,5348,base
2,5350,base
2,5351,base
2,5352,base
2,5353,base
2,5354,base
2,5356,base
2,5364,base
2,5365,base
2,5366,base
2,5367,base
2,5370,base
2,5371,base
2,5377,base
2,5379,base
2,5381,base
2,5382,base
2,5383,base
2,5387,base
2,5390,base
2,5391,base
2,5392,base
2,5394,base
2,5396,base
2,5398,base
2,5401,base
2,5402,base
2,5403,base
2,5405,base
2,5406,base
2,5408,base
2,5409,base
2,5411,base
2,5412,base
2,5414,base
2,5415,base
2,5417,base
2,5419,base
2,5420,base
2,5422,base
2,5424,base
2,5426,base
2,5429,base
2,5432,base
2,5437,base
2,5439,base
2,5440,base
2,5443,base
2,5447,base
2,5451,base
2,5452,base
2,5453,base
2,5455,base
2,5456,base
2,5461,base
2,5462,base
2,5464,base
2,5465,base
2,5466,base
2,5467,base
2,5468,base
2,5470,base
2,5471,base
2,5473,base
2,5475,base
2,5479,base
2,5480,base
2,5481,base
2,5482,base
2,5483,base
2,5484,base
2,5486,base
2,5496,base
2,5499,base
2,5500,base
2,5502,base
2,5504,base
2,5505,base
2,5506,base
2,5507,base
2,5509,base
2,5515,base
2,5516,base
2,5518,base
2,5522,base
2,5524,base
2,5532,base
2,5534,base
2,5535,base
2,5536,base
2,5537,base
2,5538,base
2,5539,base
2,5541,base
2,5542,base
2,5544,base
2,5546,base
2,5549,base
2,5550,base
2,5551,base
2,5553,base
2,5554,base
2,5557,base
2,5560,base
2,5564,base
2,5569,base
2,5570,base
2,5573,base
2,5574,base
2,5575,base
2,5579,base
2,5580,base
2,5581,base
2,5582,base
2,5584,base
2,5585,base
2,5587,base
2,5588,base
2,5589,base
2,5592,base
2,5593,base
2,5594,base
2,5596,base
2,5597,base
2,5599,base
2,5601,base
2,5602,base
2,5604,base
2,5606,base
2,5607,base
2,5608,base
2,5610,base
2,5611,base
2,5613,base
2,5614,base
2,5618,base
2,5622,base
2,5625,base
2,5626,base
2,5627,base
2,5629,base
2,5631,base
2,5633,base
2,5634,base
2,5635,base
2,5639,base
2,5640,base
2,5643,base
2,5644,base
2,5645,base
2,5646,base
2,5647,base
2,5651,base
2,5653,base
2,5654,base
2,5655,base
2,5656,base
2,5657,base
2,5658,base
2,5661,base
2,5662,base
2,5669,base
2,5670,base
2,5672,base
2,5677,base
2,5680,base
2,5682,base
2,5685,base
2,5686,base
2,5687,base
2,5688,base
2,5689,base
2,5690,base
2,5691,base
2,5692,base
2,5693,base
2,5695,base
2,5697,base
2,5698,base
2,5699,base
2,5700,base
2,5701,base
2,5702,base
2,5704,base
2,5705,base
2,5713,base
2,5715,base
2,5716,base
2,5718,base
2,5719,base
2,5721,base
2,5723,base
2,5724,base
2,5725,base
2,5727,base
2,5730,base
2,5731,base
2,5733,base
2,5736,base
2,5737,base
2,5740,base
2,5741,base
2,5742,base
2,5744,base
2,5746,base
2,5749,base
2,5750,base
2,5751,base
2,5752,base
2,5753,base
2,5754,base
2,5756,base
2,5757,base
2,5761,base
2,5767,base
2,5772,base
2,5774,base
2,5777,base
2,5780,base
2,5781,base
2,5782,base
2,5784,base
2,5785,base
2,5786,base
2,5787,base
2,5791,base
2,5793,base
2,5797,base
2,5798,base
2,5802,base
2,5803,base
2,5805,base
2,5806,base
2,5807,base
2,5808,base
2,5811,base
2,5813,base
2,5815,base
2,5816,base
2,5817,base
2,5818,base
2,5821,base
2,5823,base
2,5826,base
2,5828,base
2,5830,base
2,5831,base
2,5832,base
2,5834,base
2,5835,base
2,5837,base
2,5838,base
2,5839,base
2,5840,base
2,5843,base
2,5845,base
2,5849,base
2,5856,base
2,5857,base
2,5858,base
2,5859,base
2,5862,base
2,5863,base
2,5866,base
2,5867,base
2,5870,base
2,5871,base
2,5872,base
2,5873,base
2,5875,base
2,5876,base
2,5877,base
2,5878,base
2,5887,base
2,5889,base
2,5890,base
2,5893,base
2,5894,base
2,5895,base
2,5897,base
2,5901,base
2,5903,base
2,5904,base
2,5905,base
2,5906,base
2,5908,base
2,5910,base
2,5911,base
2,5912,base
2,5915,base
2,5916,base
2,5918,base
2,5919,base
2,5920,base
2,5924,base
2,5930,base
2,5932,base
2,5933,base
2,5934,base
2,5935,base
2,5937,base
2,5938,base
2,5941,base
2,5943,base
2,5948,base
2,5949,base
2,5951,base
2,5952,base
2,5953,base
2,5954,base
2,5955,base
2,5956,base
2,5958,base
2,5959,base
2,5960,base
2,5961,base
2,5963,base
2,5965,base
2,5969,base
2,5972,base
2,5973,base
2,5974,base
2,5975,base
2,5986,base
2,5991,base
2,5994,base
2,6001,base
2,6002,base
2,6003,base
2,6005,base
2,6013,base
2,6014,base
2,6016,base
2,6017,base
2,6018,base
2,6019,base
2,6020,base
2,6021,base
2,6026,base
2,6027,base
2,6030,base
2,6031,base
2,6032,base
2,6033,base
2,6034,base
2,6041,base
2,6042,base
2,6044,base
2,6045,base
2,6046,base
2,6047,base
2,6049,base
2,6051,base
2,6054,base
2,6055,base
2,6056,base
2,6058,base
2,6062,base
2,6063,base
2,6065,base
2,6067,base
2,6072,base
2,6074,base
2,6076,base
2,6077,base
2,6080,base
2,6081,base
2,6082,base
2,6083,base
2,6084,base
2,6086,base
2,6087,base
2,6090,base
2,6092,base
2,6096,base
2,6097,base
2,6100,base
2,6101,base
2,6102,base
2,6106,base
2,6110,base
2,6111,base
2,6114,base
2,6115,base
2,6117,base
2,6119,base
2,6120,base
2,6122,base
2,6124,base
2,6127,base
2,6128,base
2,6130,base
2,6136,base
2,6137,base
2,6138,base
2,6142,base
2,6143,base
2,6144,base
2,6147,base
2,6149,base
2,6150,base
2,6153,base
2,6154,base
2,6155,base
2,6159,base
2,6161,base
2,6163,base
2,6164,base
2,6165,base
2,6170,base
2,6171,base
2,6172,base
2,6179,base
2,6180,base
2,6184,base
2,6185,base
2,6186,base
2,6187,base
2,6190,base
2,6191,base
2,6195,base
2,6201,base
2,6202,base
2,6205,base
2,6207,base
2,6210,base
2,6211,base
2,6212,base
2,6213,base
2,6215,base
2,6216,base
2,6217,base
2,6218,base
2,6220,base
2,6221,base
2,6222,base
2,6224,base
2,6226,base
2,6227,base
2,6228,base
2,6229,base
2,6230,base
2,6233,base
2,6234,base
2,6236,base
2,6237,base
2,6239,base
2,6242,base
2,6243,base
2,6246,base
2,6247,base
2,6248,base
2,6249,base
2,6250,base
2,6252,base
2,6255,base
2,6256,base
2,6257,base
2,6264,base
2,6265,base
2,6269,base
2,6270,base
2,6271,base
2,6272,base
2,6273,base
2,6276,base
2,6278,base
2,6282,base
2,6283,base
2,6285,base
2,6287,base
2,6293,base
2,6294,base
2,6299,base
2,6300,base
2,6301,base
2,6303,base
2,6308,base
2,6309,base
2,6310,base
2,6314,base
2,6315,base
2,6316,base
2,6323,base
2,6326,base
2,6327,base
2,6328,base
2,6329,base
2,6330,base
2,6332,base
2,6333,base
2,6334,base
2,6335,base
2,6341,base
2,6347,base
2,6348,base
2,6349,base
2,6350,base
2,6352,base
2,6353,base
2,6354,base
2,6356,base
2,6357,base
2,6358,base
2,6362,base
2,6363,base
2,6369,base
2,6371,base
2,6372,base
2,6373,base
2,6375,base
2,6376,base
2,6377,base
2,6378,base
2,6379,base
2,6387,base
2,6389,base
2,6392,base
2,6396,base
2,6398,base
2,6400,base
2,6401,base
2,6404,base
2,6405,base
2,6408,base
2,6409,base
2,6410,base
2,6411,base
2,6414,base
2,6415,base
2,6416,base
2,6418,base
2,6419,base
2,6420,base
2,6421,base
2,6422,base
2,6424,base
2,6427,base
2,6428,base
2,6429,base
2,6430,base
2,6431,base
2,6432,base
2,6434,base
2,6435,base
2,6437,base
2,6439,base
2,6440,base
2,6441,base
2,6442,base
2,6447,base
2,6449,base
2,6450,base
2,6453,base
2,6459,base
2,6460,base
2,6461,base
2,6464,base
2,6466,base
2,6469,base
2,6475,base
2,6476,base
2,6479,base
2,6480,base
2,6482,base
2,6486,base
2,6487,base
2,6491,base
2,6492,base
2,6497,base
2,6498,base
2,6499,base
2,6500,base
2,6504,base
2,6506,base
2,6507,base
2,6508,base
2,6509,base
2,6512,base
2,6513,base
2,6516,base
2,6519,base
2,6520,base
2,6522,base
2,6523,base
2,6525,base
2,6526,base
2,6527,base
2,6529,base
2,6530,base
2,6531,base
2,6534,base
2,6535,base
2,6539,base
2,6540,base
2,6541,base
2,6543,base
2,6545,base
2,6546,base
2,6548,base
2,6550,base
2,6554,base
2,6555,base
2,6558,base
2,6559,base
2,6562,base
2,6564,base
2,6566,base
2,6568,base
2,6571,base
2,6572,base
2,6573,base
2,6577,base
2,6585,base
2,6587,base
2,6588,base
2,6589,base
2,6596,base
2,6597,base
2,6598,base
2,6599,base
2,6600,base
2,6602,base
2,6603,base
2,6604,base
2,6610,base
2,6611,base
2,6615,base
2,6616,base
2,6617,base
2,6618,base
2,6621,base
2,6622,base
2,6623,base
2,6626,base
2,6627,base
2,6628,base
2,6631,base
2,6632,base
2,6634,base
2,6635,base
2,6636,base
2,6637,base
2,6638,base
2,6642,base
2,6643,base
2,6644,base
2,6645,base
2,6646,base
2,6648,base
2,6650,base
2,6651,base
2,6653,base
2,6654,base
2,6655,base
2,6656,base
2,6657,base
2,6658,base
2,6661,base
2,6663,base
2,6664,base
2,6666,base
2,6667,base
2,6668,base
2,6669,base
2,6671,base
2,6673,base
2,6674,base
2,6676,base
2,6680,base
2,6682,base
2,6683,base
2,6685,base
2,6686,base
2,6689,base
2,6691,base
2,6693,base
2,6697,base
2,6698,base
2,6701,base
2,6702,base
2,6704,base
2,6706,base
2,6707,base
2,6708,base
2,6710,base
2,6711,base
2,6714,base
2,6715,base
2,6717,base
2,6722,base
2,6724,base
2,6725,base
2,6728,base
2,6729,base
2,6733,base
2,6734,base
2,6735,base
2,6736,base
2,6738,base
2,6740,base
2,6741,base
2,6758,base
2,6759,base
2,6760,base
2,6761,base
2,6762,base
2,6763,base
2,6766,base
2,6768,base
2,6771,base
2,6772,base
2,6773,base
2,6774,base
2,6775,base
2,6776,base
2,6778,base
2,6782,base
2,6784,base
2,6787,base
2,6788,base
2,6791,base
2,6795,base
2,6796,base
2,6798,base
2,6799,base
2,6804,base
2,6806,base
2,6807,base
2,6809,base
2,6811,base
2,6812,base
2,6814,base
2,6816,base
2,6817,base
2,6819,base
2,6823,base
2,6825,base
2,6826,base
2,6828,base
2,6829,base
2,6830,base
2,6833,base
2,6834,base
2,6836,base
2,6837,base
2,6838,base
2,6841,base
2,6844,base
2,6849,base
2,6851,base
2,6853,base
2,6856,base
2,6860,base
2,6861,base
2,6863,base
2,6865,base
2,6871,base
2,6872,base
2,6873,base
2,6879,base
2,6881,base
2,6882,base
2,6883,base
2,6885,base
2,6888,base
2,6890,base
2,6891,base
2,6893,base
2,6895,base
2,6898,base
2,6900,base
2,6903,base
2,6906,base
2,6911,base
2,6912,base
2,6914,base
2,6915,base
2,6916,base
2,6918,base
2,6919,base
2,6921,base
2,6922,base
2,6924,base
2,6926,base
2,6927,base
2,6928,base
2,6929,base
2,6931,base
2,6932,base
2,6934,base
2,6935,base
2,6936,base
2,6937,base
2,6939,base
2,6940,base
2,6941,base
2,6943,base
2,6944,base
2,6946,base
2,6949,base
2,6951,base
2,6952,base
2,6953,base
2,6956,base
2,6957,base
2,6958,base
2,6960,base
2,6961,base
2,6962,base
2,6964,base
2,6965,base
2,6968,base
2,6969,base
2,6972,base
2,6973,base
2,6975,base
2,6977,base
2,6979,base
2,6982,base
2,6986,base
2,6991,base
2,6994,base
2,6995,base
2,6998,base
2,6999,base
2,7000,base
2,7002,base
2,7004,base
2,7006,base
2,7009,base
2,7013,base
2,7014,base
2,7017,base
2,7020,base
2,7024,base
2,7025,base
2,7026,base
2,7027,base
2,7028,base
2,7029,base
2,7030,base
2,7031,base
2,7032,base
2,7033,base
2,7034,base
2,7036,base
2,7038,base
2,7040,base
2,7044,base
2,7045,base
2,7047,base
2,7048,base
2,7051,base
2,7054,base
2,7058,base
2,7059,base
2,7063,base
2,7067,base
2,7068,base
2,7070,base
2,7072,base
2,7074,base
2,7075,base
2,7076,base
2,7077,base
2,7078,base
2,7079,base
2,7081,base
2,7082,base
2,7084,base
2,7085,base
2,7086,base
2,7089,base
2,7090,base
2,7091,base
2,7092,base
2,7094,base
2,7096,base
2,7100,base
2,7101,base
2,7105,base
2,7107,base
2,7108,base
2,7109,base
2,7111,base
2,7112,base
2,7113,base
2,7115,base
2,7116,base
2,7120,base
2,7121,base
2,7122,base
2,7124,base
2,7125,base
2,7126,base
2,7128,base
2,7129,base
2,7130,base
2,7131,base
2,7132,base
2,7133,base
2,7134,base
2,7137,base
2,7138,base
2,7140,base
2,7141,base
2,7143,base
2,7146,base
2,7147,base
2,7152,base
2,7154,base
2,7156,base
2,7157,base
2,7159,base
2,7160,base
2,7161,base
2,7163,base
2,7168,base
2,7170,base
2,7174,base
2,7176,base
2,7178,base
2,7182,base
2,7183,base
2,7184,base
2,7187,base
2,7189,base
2,7190,base
2,7191,base
2,7193,base
2,7194,base
2,7195,base
2,7196,base
2,7199,base
2,7203,base
2,7204,base
2,7206,base
2,7208,base
2,7213,base
2,7217,base
2,7218,base
2,7220,base
2,7222,base
2,7223,base
2,7224,base
2,7226,base
2,7228,base
2,7229,base
2,7231,base
2,7232,base
2,7234,base
2,7236,base
2,7238,base
2,7239,base
2,7240,base
2,7245,base
2,7247,base
2,7249,base
2,7251,base
2,7253,base
2,7254,base
2,7261,base
2,7262,base
2,7263,base
2,7264,base
2,7266,base
2,7269,base
2,7270,base
2,7271,base
2,7272,base
2,7274,base
2,7279,base
2,7281,base
2,7283,base
2,7284,base
2,7287,base
2,7288,base
2,7293,base
2,7294,base
2,7296,base
2,7299,base
2,7306,base
2,7307,base
2,7312,base
2,7313,base
2,7314,base
2,7318,base
2,7319,base
2,7320,base
2,7321,base
2,7323,base
2,7326,base
2,7327,base
2,7329,base
2,7330,base
2,7331,base
2,7332,base
2,7333,base
2,7334,base
2,7340,base
2,7343,base
2,7345,base
2,7346,base
2,7350,base
2,7352,base
2,7354,base
2,7359,base
2,7364,base
2,7368,base
2,7370,base
2,7374,base
2,7376,base
2,7378,base
2,7380,base
2,7381,base
2,7383,base
2,7384,base
2,7387,base
2,7388,base
2,7390,base
2,7391,base
2,7392,base
2,7393,base
2,7395,base
2,7397,base
2,7399,base
2,7401,base
2,7402,base
2,7403,base
2,7404,base
2,7405,base
2,7407,base
2,7408,base
2,7409,base
2,7410,base
2,7413,base
2,7415,base
2,7416,base
2,7419,base
2,7424,base
2,7425,base
2,7429,base
2,7432,base
2,7433,base
2,7436,base
2,7437,base
2,7438,base
2,7439,base
2,7441,base
2,7442,base
2,7446,base
2,7451,base
2,7454,base
2,7458,base
2,7460,base
2,7461,base
2,7462,base
2,7464,base
2,7468,base
2,7472,base
2,7474,base
2,7476,base
2,7477,base
2,7479,base
2,7483,base
2,7484,base
2,7485,base
2,7486,base
2,7487,base
2,7491,base
2,7492,base
2,7494,base
2,7495,base
2,7496,base
2,7499,base
2,7501,base
2,7505,base
2,7508,base
2,7510,base
2,7511,base
2,7512,base
2,7514,base
2,7515,base
2,7517,base
2,7519,base
2,7520,base
2,7521,base
2,7523,base
2,7527,base
2,7531,base
2,7533,base
2,7535,base
2,7536,base
2,7541,base
2,7542,base
2,7543,base
2,7546,base
2,7550,base
2,7551,base
2,7552,base
2,7553,base
2,7554,base
2,7555,base
2,7557,base
2,7561,base
2,7563,base
2,7566,base
2,7567,base
2,7568,base
2,7570,base
2,7571,base
2,7573,base
2,7574,base
2,7575,base
2,7576,base
2,7578,base
2,7580,base
2,7581,base
2,7583,base
2,7588,base
2,7589,base
2,7596,base
2,7601,base
2,7602,base
2,7604,base
2,7608,base
2,7610,base
2,7613,base
2,7614,base
2,7615,base
2,7620,base
2,7623,base
2,7624,base
2,7625,base
2,7627,base
2,7628,base
2,7634,base
2,7635,base
2,7636,base
2,7637,base
2,7639,base
2,7640,base
2,7644,base
2,7646,base
2,7647,base
2,7649,base
2,7652,base
2,7653,base
2,7654,base
2,7656,base
2,7657,base
2,7662,base
2,7663,base
2,7664,base
2,7671,base
2,7672,base
2,7673,base
2,7682,base
2,7684,base
2,7685,base
2,7687,base
2,7689,base
2,7690,base
2,7692,base
2,7694,base
2,7696,base
2,7697,base
2,7701,base
2,7704,base
2,7706,base
2,7710,base
2,7711,base
2,7712,base
2,7714,base
2,7715,base
2,7716,base
2,7717,base
2,7718,base
2,7720,base
2,7722,base
2,7724,base
2,7725,base
2,7726,base
2,7728,base
2,7733,base
2,7734,base
2,7735,base
2,7737,base
2,7739,base
2,7740,base
2,7744,base
2,7748,base
2,7750,base
2,7751,base
2,7752,base
2,7754,base
2,7755,base
2,7757,base
2,7764,base
2,7767,base
2,7769,base
2,7771,base
2,7772,base
2,7773,base
2,7777,base
2,7779,base
2,7780,base
2,7785,base
2,7787,base
2,7788,base
2,7790,base
2,7793,base
2,7796,base
2,7798,base
2,7799,base
2,7802,base
2,7804,base
2,7805,base
2,7806,base
2,7808,base
2,7811,base
2,7818,base
2,7819,base
2,7820,base
2,7823,base
2,7825,base
2,7827,base
2,7828,base
2,7830,base
2,7831,base
2,7833,base
2,7834,base
2,7836,base
2,7837,base
2,7842,base
2,7843,base
2,7845,base
2,7846,base
2,7847,base
2,7849,base
2,7852,base
2,7853,base
2,7854,base
2,7856,base
2,7860,base
2,7862,base
2,7863,base
2,7865,base
2,7866,base
2,7867,base
2,7868,base
2,7873,base
2,7875,base
2,7876,base
2,7877,base
2,7879,base
2,7881,base
2,7885,base
2,7887,base
2,7891,base
2,7893,base
2,7894,base
2,7895,base
2,7896,base
2,7897,base
2,7898,base
2,7899,base
2,7901,base
2,7902,base
2,7903,base
2,7904,base
2,7906,base
2,7911,base
2,7912,base
2,7914,base
2,7917,base
2,7919,base
2,7921,base
2,7922,base
2,7923,base
2,7924,base
2,7925,base
2,7929,base
2,7930,base
2,7932,base
2,7933,base
2,7934,base
2,7935,base
2,7936,base
2,7937,base
2,7940,base
2,7943,base
2,7947,base
2,7948,base
2,7949,base
2,7950,base
2,7952,base
2,7953,base
2,7956,base
2,7959,base
2,7961,base
2,7963,base
2,7964,base
2,7969,base
2,7971,base
2,7972,base
2,7974,base
2,7979,base
2,7982,base
2,7984,base
2,7987,base
2,7989,base
2,7992,base
2,7993,base
2,7995,base
2,7996,base
2,7997,base
2,8000,base
2,8001,base
2,8002,base
2,8003,base
2,8004,base
2,8005,base
2,8007,base
2,8009,base
2,8011,base
2,8012,base
2,8013,base
2,8014,base
2,8019,base
2,8024,base
2,8025,base
2,8028,base
2,8029,base
2,8030,base
2,8034,base
2,8035,base
2,8037,base
2,8042,base
2,8044,base
2,8046,base
2,8049,base
2,8051,base
2,8053,base
2,8057,base
2,8059,base
2,8060,base
2,8065,base
2,8066,base
2,8068,base
2,8070,base
2,8071,base
2,8072,base
2,8077,base
2,8078,base
2,8079,base
2,8083,base
2,8085,base
2,8087,base
2,8089,base
2,8090,base
2,8094,base
2,8095,base
2,8096,base
2,8098,base
2,8100,base
2,8101,base
2,8102,base
2,8103,base
2,8104,base
2,8105,base
2,8106,base
2,8107,base
2,8110,base
2,8114,base
2,8116,base
2,8117,base
2,8119,base
2,8120,base
2,8121,base
2,8122,base
2,8123,base
2,8125,base
2,8128,base
2,8130,base
2,8131,base
2,8132,base
2,8133,base
2,8134,base
2,8135,base
2,8137,base
2,8138,base
2,8140,base
2,8141,base
2,8142,base
2,8145,base
2,8146,base
2,8147,base
2,8152,base
2,8155,base
2,8156,base
2,8157,base
2,8159,base
2,8162,base
2,8163,base
2,8164,base
2,8168,base
2,8170,base
2,8172,base
2,8173,base
2,8176,base
2,8177,base
2,8178,base
2,8179,base
2,8180,base
2,8181,base
2,8182,base
2,8185,base
2,8186,base
2,8188,base
2,8189,base
2,8192,base
2,8193,base
2,8195,base
2,8196,base
2,8199,base
2,8201,base
2,8203,base
2,8206,base
2,8207,base
2,8213,base
2,8214,base
2,8217,base
2,8219,base
2,8220,base
2,8221,base
2,8222,base
2,8224,base
2,8225,base
2,8230,base
2,8232,base
2,8234,base
2,8236,base
2,8237,base
2,8238,base
2,8239,base
2,8241,base
2,8242,base
2,8243,base
2,8246,base
2,8247,base
2,8249,base
2,8250,base
2,8253,base
2,8254,base
2,8255,base
2,8256,base
2,8257,base
2,8260,base
2,8262,base
2,8263,base
2,8265,base
2,8267,base
2,8268,base
2,8269,base
2,8271,base
2,8273,base
2,8274,base
2,8277,base
2,8281,base
2,8282,base
2,8283,base
2,8287,base
2,8288,base
2,8294,base
2,8297,base
2,8298,base
2,8299,base
2,8304,base
2,8308,base
2,8310,base
2,8312,base
2,8313,base
2,8314,base
2,8318,base
2,8319,base
2,8324,base
2,8326,base
2,8330,base
2,8331,base
2,8334,base
2,8337,base
2,8338,base
2,8341,base
2,8344,base
2,8345,base
2,8346,base
2,8348,base
2,8349,base
2,8352,base
2,8354,base
2,8355,base
2,8358,base
2,8359,base
2,8360,base
2,8362,base
2,8364,base
2,8370,base
2,8371,base
2,8372,base
2,8373,base
2,8375,base
2,8380,base
2,8382,base
2,8385,base
2,8387,base
2,8389,base
2,8391,base
2,8392,base
2,8393,base
2,8394,base
2,8401,base
2,8404,base
2,8409,base
2,8412,base
2,8413,base
2,8417,base
2,8418,base
2,8419,base
2,8423,base
2,8426,base
2,8427,base
2,8428,base
2,8429,base
2,8431,base
2,8432,base
2,8434,base
2,8435,base
2,8437,base
2,8439,base
2,8440,base
2,8441,base
2,8442,base
2,8443,base
2,8444,base
2,8445,base
2,8447,base
2,8451,base
2,8452,base
2,8453,base
2,8454,base
2,8456,base
2,8457,base
2,8459,base
2,8460,base
2,8461,base
2,8462,base
2,8463,base
2,8467,base
2,8468,base
2,8469,base
2,8471,base
2,8472,base
2,8473,base
2,8475,base
2,8476,base
2,8477,base
2,8479,base
2,8480,base
2,8481,base
2,8482,base
2,8484,base
2,8485,base
2,8488,base
2,8491,base
2,8493,base
2,8494,base
2,8497,base
2,8499,base
2,8500,base
2,8502,base
2,8503,base
2,8506,base
2,8507,base
2,8508,base
2,8514,base
2,8516,base
2,8517,base
2,8518,base
2,8519,base
2,8526,base
2,8528,base
2,8531,base
2,8534,base
2,8538,base
2,8540,base
2,8542,base
2,8543,base
2,8544,base
2,8545,base
2,8547,base
2,8549,base
2,8551,base
2,8553,base
2,8555,base
2,8557,base
2,8558,base
2,8559,base
2,8562,base
2,8564,base
2,8569,base
2,8570,base
2,8572,base
2,8577,base
2,8578,base
2,8579,base
2,8580,base
2,8584,base
2,8585,base
2,8586,base
2,8591,base
2,8592,base
2,8593,base
2,8595,base
2,8596,base
2,8597,base
2,8598,base
2,8601,base
2,8602,base
2,8603,base
2,8604,base
2,8605,base
2,8608,base
2,8613,base
2,8615,base
2,8616,base
2,8621,base
2,8623,base
2,8624,base
2,8626,base
2,8627,base
2,8629,base
2,8630,base
2,8633,base
2,8635,base
2,8641,base
2,8642,base
2,8645,base
2,8646,base
2,8647,base
2,8652,base
2,8653,base
2,8654,base
2,8655,base
2,8660,base
2,8663,base
2,8664,base
2,8670,base
2,8674,base
2,8676,base
2,8677,base
2,8680,base
2,8685,base
2,8687,base
2,8689,base
2,8692,base
2,8694,base
2,8695,base
2,8696,base
2,8702,base
2,8704,base
2,8706,base
2,8708,base
2,8709,base
2,8710,base
2,8711,base
2,8714,base
2,8715,base
2,8716,base
2,8720,base
2,8721,base
2,8722,base
2,8725,base
2,8726,base
2,8728,base
2,8729,base
2,8732,base
2,8733,base
2,8734,base
2,8735,base
2,8736,base
2,8739,base
2,8740,base
2,8741,base
2,8742,base
2,8743,base
2,8744,base
2,8749,base
2,8751,base
2,8752,base
2,8754,base
2,8756,base
2,8757,base
2,8758,base
2,8763,base
2,8764,base
2,8765,base
2,8768,base
2,8769,base
2,8770,base
2,8772,base
2,8773,base
2,8774,base
2,8776,base
2,8780,base
2,8781,base
2,8782,base
2,8784,base
2,8785,base
2,8787,base
2,8788,base
2,8789,base
2,8790,base
2,8791,base
2,8795,base
2,8796,base
2,8797,base
2,8800,base
2,8801,base
2,8803,base
2,8811,base
2,8812,base
2,8813,base
2,8814,base
2,8821,base
2,8822,base
2,8823,base
2,8826,base
2,8828,base
2,8830,base
2,8831,base
2,8832,base
2,8834,base
2,8837,base
2,8840,base
2,8841,base
2,8843,base
2,8844,base
2,8847,base
2,8848,base
2,8850,base
2,8852,base
2,8854,base
2,8855,base
2,8856,base
2,8857,base
2,8859,base
2,8861,base
2,8862,base
2,8866,base
2,8867,base
2,8869,base
2,8871,base
2,8874,base
2,8879,base
2,8880,base
2,8883,base
2,8884,base
2,8888,base
2,8890,base
2,8892,base
2,8893,base
2,8894,base
2,8895,base
2,8897,base
2,8902,base
2,8905,base
2,8906,base
2,8907,base
2,8909,base
2,8910,base
2,8911,base
2,8912,base
2,8913,base
2,8914,base
2,8916,base
2,8920,base
2,8921,base
2,8924,base
2,8930,base
2,8933,base
2,8934,base
2,8937,base
2,8939,base
2,8941,base
2,8942,base
2,8944,base
2,8947,base
2,8949,base
2,8951,base
2,8953,base
2,8954,base
2,8956,base
2,8958,base
2,8959,base
2,8962,base
2,8963,base
2,8966,base
2,8967,base
2,8968,base
2,8969,base
2,8971,base
2,8973,base
2,8974,base
2,8977,base
2,8978,base
2,8980,base
2,8982,base
2,8989,base
2,8990,base
2,8992,base
2,8996,base
2,8997,base
2,8999,base
2,9003,base
2,9004,base
2,9007,base
2,9012,base
2,9014,base
2,9015,base
2,9016,base
2,9019,base
2,9020,base
2,9021,base
2,9024,base
2,9026,base
2,9027,base
2,9029,base
2,9030,base
2,9031,base
2,9033,base
2,9034,base
2,9035,base
2,9037,base
2,9039,base
2,9040,base
2,9042,base
2,9044,base
2,9045,base
2,9046,base
2,9049,base
2,9055,base
2,9056,base
2,9057,base
2,9058,base
2,9060,base
2,9062,base
2,9063,base
2,9064,base
2,9065,base
2,9067,base
2,9068,base
2,9069,base
2,9070,base
2,9076,base
2,9078,base
2,9079,base
2,9083,base
2,9084,base
2,9085,base
2,9087,base
2,9088,base
2,9090,base
2,9092,base
2,9093,base
2,9094,base
2,9096,base
2,9097,base
2,9099,base
2,9100,base
2,9102,base
2,9104,base
2,9105,base
2,9106,base
2,9111,base
2,9113,base
2,9115,base
2,9116,base
2,9117,base
2,9119,base
2,9124,base
2,9126,base
2,9127,base
2,9130,base
2,9131,base
2,9134,base
2,9136,base
2,9137,base
2,9139,base
2,9140,base
2,9141,base
2,9146,base
2,9147,base
2,9148,base
2,9150,base
2,9151,base
2,9152,base
2,9153,base
2,9155,base
2,9156,base
2,9157,base
2,9159,base
2,9160,base
2,9161,base
2,9163,base
2,9165,base
2,9166,base
2,9168,base
2,9169,base
2,9171,base
2,9174,base
2,9177,base
2,9180,base
2,9181,base
2,9183,base
2,9185,base
2,9187,base
2,9190,base
2,9191,base
2,9192,base
2,9193,base
2,9195,base
2,9196,base
2,9200,base
2,9203,base
2,9209,base
2,9210,base
2,9211,base
2,9214,base
2,9216,base
2,9217,base
2,9218,base
2,9219,base
2,9221,base
2,9226,base
2,9229,base
2,9231,base
2,9233,base
2,9234,base
2,9239,base
2,9240,base
2,9247,base
2,9248,base
2,9249,base
2,9251,base
2,9252,base
2,9255,base
2,9257,base
2,9258,base
2,9261,base
2,9263,base
2,9266,base
2,9268,base
2,9270,base
2,9272,base
2,9273,base
2,9276,base
2,9277,base
2,9278,base
2,9283,base
2,9284,base
2,9285,base
2,9287,base
2,9288,base
2,9290,base
2,9292,base
2,9293,base
2,9294,base
2,9295,base
2,9306,base
2,9307,base
2,9311,base
2,9312,base
2,9314,base
2,9318,base
2,9320,base
2,9322,base
2,9325,base
2,9327,base
2,9328,base
2,9329,base
2,9330,base
2,9331,base
2,9332,base
2,9335,base
2,9341,base
2,9342,base
2,9344,base
2,9345,base
2,9346,base
2,9347,base
2,9349,base
2,9350,base
2,9351,base
2,9352,base
2,9357,base
2,9359,base
2,9363,base
2,9364,base
2,9366,base
2,9371,base
2,9372,base
2,9373,base
2,9376,base
2,9377,base
2,9379,base
2,9380,base
2,9381,base
2,9383,base
2,9384,base
2,9385,base
2,9389,base
2,9390,base
2,9392,base
2,9398,base
2,9401,base
2,9408,base
2,9409,base
2,9410,base
2,9411,base
2,9412,base
2,9416,base
2,9418,base
2,9419,base
2,9420,base
2,9421,base
2,9423,base
2,9424,base
2,9425,base
2,9426,base
2,9430,base
2,9432,base
2,9433,base
2,9439,base
2,9442,base
2,9443,base
2,9444,base
2,9445,base
2,9446,base
2,9448,base
2,9452,base
2,9453,base
2,9454,base
2,9455,base
2,9456,base
2,9458,base
2,9459,base
2,9460,base
2,9461,base
2,9462,base
2,9464,base
2,9466,base
2,9469,base
2,9471,base
2,9472,base
2,9473,base
2,9474,base
2,9475,base
2,9476,base
2,9477,base
2,9478,base
2,9479,base
2,9484,base
2,9485,base
2,9486,base
2,9487,base
2,9489,base
2,9490,base
2,9491,base
2,9492,base
2,9493,base
2,9498,base
2,9504,base
2,9510,base
2,9512,base
2,9514,base
2,9515,base
2,9517,base
2,9518,base
2,9522,base
2,9525,base
2,9526,base
2,9528,base
2,9530,base
2,9532,base
2,9533,base
2,9534,base
2,9535,base
2,9537,base
2,9544,base
2,9545,base
2,9547,base
2,9551,base
2,9555,base
2,9556,base
2,9557,base
2,9558,base
2,9560,base
2,9562,base
2,9563,base
2,9564,base
2,9565,base
2,9567,base
2,9570,base
2,9573,base
2,9574,base
2,9575,base
2,9578,base
2,9579,base
2,9580,base
2,9582,base
2,9583,base
2,9584,base
2,9586,base
2,9587,base
2,9588,base
2,9593,base
2,9595,base
2,9598,base
2,9601,base
2,9602,base
2,9604,base
2,9609,base
2,9613,base
2,9615,base
2,9618,base
2,9619,base
2,9620,base
2,9624,base
2,9627,base
2,9632,base
2,9634,base
2,9635,base
2,9636,base
2,9637,base
2,9638,base
2,9639,base
2,9641,base
2,9646,base
2,9648,base
2,9649,base
2,9650,base
2,9653,base
2,9655,base
2,9657,base
2,9658,base
2,9659,base
2,9660,base
2,9661,base
2,9665,base
2,9666,base
2,9669,base
2,9672,base
2,9675,base
2,9676,base
2,9677,base
2,9679,base
2,9680,base
2,9686,base
2,9688,base
2,9692,base
2,9695,base
2,9696,base
2,9697,base
2,9700,base
2,9702,base
2,9703,base
2,9705,base
2,9706,base
2,9707,base
2,9708,base
2,9710,base
2,9714,base
2,9717,base
2,9718,base
2,9720,base
2,9721,base
2,9722,base
2,9724,base
2,9726,base
2,9727,base
2,9729,base
2,9730,base
2,9733,base
2,9737,base
2,9744,base
2,9746,base
2,9747,base
2,9748,base
2,9749,base
2,9752,base
2,9753,base
2,9755,base
2,9758,base
2,9759,base
2,9760,base
2,9761,base
2,9763,base
2,9764,base
2,9766,base
2,9767,base
2,9772,base
2,9773,base
2,9780,base
2,9781,base
2,9784,base
2,9789,base
2,9790,base
2,9791,base
2,9794,base
2,9795,base
2,9797,base
2,9798,base
2,9799,base
2,9800,base
2,9802,base
2,9803,base
2,9805,base
2,9806,base
2,9807,base
2,9809,base
2,9814,base
2,9816,base
2,9820,base
2,9823,base
2,9825,base
2,9826,base
2,9827,base
2,9828,base
2,9830,base
2,9831,base
2,9832,base
2,9834,base
2,9835,base
2,9836,base
2,9837,base
2,9839,base
2,9840,base
2,9843,base
2,9846,base
2,9847,base
2,9848,base
2,9855,base
2,9857,base
2,9858,base
2,9860,base
2,9864,base
2,9866,base
2,9868,base
2,9871,base
2,9875,base
2,9876,base
2,9877,base
2,9880,base
2,9881,base
2,9882,base
2,9885,base
2,9887,base
2,9888,base
2,9890,base
2,9891,base
2,9893,base
2,9894,base
2,9895,base
2,9896,base
2,9901,base
2,9903,base
2,9905,base
2,9907,base
2,9908,base
2,9910,base
2,9913,base
2,9914,base
2,9915,base
2,9916,base
2,9918,base
2,9919,base
2,9924,base
2,9925,base
2,9926,base
2,9930,base
2,9932,base
2,9933,base
2,9936,base
2,9937,base
2,9938,base
2,9941,base
2,9943,base
2,9945,base
2,9948,base
2,9949,base
2,9950,base
2,9951,base
2,9954,base
2,9956,base
2,9957,base
2,9958,base
2,9959,base
2,9961,base
2,9963,base
2,9964,base
2,9965,base
2,9966,base
2,9967,base
2,9968,base
2,9970,base
2,9974,base
2,9983,base
2,9986,base
2,9989,base
2,1,transfer
2,5,transfer
2,8,transfer
2,9,transfer
2,15,transfer
2,19,transfer
2,21,transfer
2,26,transfer
2,27,transfer
2,33,transfer
2,34,transfer
2,36,transfer
2,37,transfer
2,38,transfer
2,42,transfer
2,43,transfer
2,48,transfer
2,50,transfer
2,73,transfer
2,78,transfer
2,81,transfer
2,83,transfer
2,86,transfer
2,88,transfer
2,90,transfer
2,95,transfer
2,96,transfer
2,111,transfer
2,121,transfer
2,122,transfer
2,123,transfer
2,130,transfer
2,134,transfer
2,135,transfer
2,139,transfer
2,148,transfer
2,158,transfer
2,171,transfer
2,177,transfer
2,185,transfer
2,187,transfer
2,195,transfer
2,196,transfer
2,202,transfer
2,207,transfer
2,218,transfer
2,219,transfer
2,229,transfer
2,233,transfer
2,248,transfer
2,249,transfer
2,257,transfer
2,260,transfer
2,263,transfer
2,267,transfer
2,269,transfer
2,276,transfer
2,279,transfer
2,293,transfer
2,295,transfer
2,301,transfer
2,312,transfer
2,320,transfer
2,323,transfer
2,324,transfer
2,331,transfer
2,332,transfer
2,340,transfer
2,352,transfer
2,358,transfer
2,359,transfer
2,362,transfer
2,365,transfer
2,369,transfer
2,375,transfer
2,376,transfer
2,381,transfer
2,385,transfer
2,393,transfer
2,394,transfer
2,402,transfer
2,414,transfer
2,422,transfer
2,423,transfer
2,429,transfer
2,431,transfer
2,432,transfer
2,433,transfer
2,445,transfer
2,452,transfer
2,457,transfer
2,460,transfer
2,462,transfer
2,466,transfer
2,474,transfer
2,476,transfer
2,477,transfer
2,485,transfer
2,492,transfer
2,493,transfer
2,496,transfer
2,497,transfer
2,501,transfer
2,516,transfer
2,525,transfer
2,527,transfer
2,538,transfer
2,547,transfer
2,548,transfer
2,553,transfer
2,557,transfer
2,558,transfer
2,566,transfer
2,567,transfer
2,571,transfer
2,573,transfer
2,574,transfer
2,579,transfer
2,583,transfer
2,585,transfer
2,595,transfer
2,604,transfer
2,607,transfer
2,612,transfer
2,621,transfer
2,623,transfer
2,626,transfer
2,636,transfer
2,637,transfer
2,638,transfer
2,642,transfer
2,646,transfer
2,647,transfer
2,658,transfer
2,669,transfer
2,673,transfer
2,678,transfer
2,680,transfer
2,683,transfer
2,694,transfer
2,696,transfer
2,705,transfer
2,712,transfer
2,714,transfer
2,716,transfer
2,724,transfer
2,726,transfer
2,727,transfer
2,732,transfer
2,741,transfer
2,745,transfer
2,749,transfer
2,750,transfer
2,751,transfer
2,753,transfer
2,759,transfer
2,763,transfer
2,764,transfer
2,768,transfer
2,778,transfer
2,786,transfer
2,788,transfer
2,790,transfer
2,799,transfer
2,805,transfer
2,809,transfer
2,815,transfer
2,822,transfer
2,829,transfer
2,833,transfer
2,836,transfer
2,837,transfer
2,838,transfer
2,842,transfer
2,850,transfer
2,852,transfer
2,853,transfer
2,863,transfer
2,867,transfer
2,883,transfer
2,891,transfer
2,903,transfer
2,905,transfer
2,917,transfer
2,919,transfer
2,920,transfer
2,924,transfer
2,925,transfer
2,927,transfer
2,929,transfer
2,930,transfer
2,932,transfer
2,947,transfer
2,958,transfer
2,968,transfer
2,972,transfer
2,979,transfer
2,981,transfer
2,983,transfer
2,985,transfer
2,994,transfer
2,999,transfer
2,1001,transfer
2,1002,transfer
2,1009,transfer
2,1027,transfer
2,1035,transfer
2,1036,transfer
2,1047,transfer
2,1051,transfer
2,1054,transfer
2,1057,transfer
2,1060,transfer
2,1061,transfer
2,1063,transfer
2,1081,transfer
2,1085,transfer
2,1086,transfer
2,1092,transfer
2,1095,transfer
2,1100,transfer
2,1105,transfer
2,1106,transfer
2,1107,transfer
2,1109,transfer
2,1112,transfer
2,1124,transfer
2,1135,transfer
2,1136,transfer
2,1139,transfer
2,1144,transfer
2,1150,transfer
2,1161,transfer
2,1164,transfer
2,1165,transfer
2,1172,transfer
2,1180,transfer
2,1182,transfer
2,1186,transfer
2,1187,transfer
2,1194,transfer
2,1202,transfer
2,1210,transfer
2,1222,transfer
2,1229,transfer
2,1230,transfer
2,1232,transfer
2,1239,transfer
2,1241,transfer
2,1247,transfer
2,1248,transfer
2,1249,transfer
2,1250,transfer
2,1256,transfer
2,1258,transfer
2,1262,transfer
2,1266,transfer
2,1279,transfer
2,1286,transfer
2,1299,transfer
2,1300,transfer
2,1306,transfer
2,1309,transfer
2,1311,transfer
2,1312,transfer
2,1313,transfer
2,1316,transfer
2,1323,transfer
2,1333,transfer
2,1346,transfer
2,1357,transfer
2,1362,transfer
2,1370,transfer
2,1372,transfer
2,1374,transfer
2,1378,transfer
2,1382,transfer
2,1390,transfer
2,1393,transfer
2,1407,transfer
2,1409,transfer
2,1413,transfer
2,1432,transfer
2,1438,transfer
2,1441,transfer
2,1451,transfer
2,1453,transfer
2,1462,transfer
2,1465,transfer
2,1467,transfer
2,1470,transfer
2,1476,transfer
2,1478,transfer
2,1488,transfer
2,1491,transfer
2,1492,transfer
2,1495,transfer
2,1496,transfer
2,1498,transfer
2,1499,transfer
2,1504,transfer
2,1519,transfer
2,1520,transfer
2,1523,transfer
2,1526,transfer
2,1528,transfer
2,1532,transfer
2,1549,transfer
2,1551,transfer
2,1553,transfer
2,1554,transfer
2,1555,transfer
2,1558,transfer
2,1559,transfer
2,1563,transfer
2,1578,transfer
2,1589,transfer
2,1591,transfer
2,1592,transfer
2,1594,transfer
2,1601,transfer
2,1605,transfer
2,1609,transfer
2,1610,transfer
2,1611,transfer
2,1614,transfer
2,1619,transfer
2,1633,transfer
2,1637,transfer
2,1654,transfer
2,1659,transfer
2,1665,transfer
2,1667,transfer
2,1675,transfer
2,1678,transfer
2,1679,transfer
2,1681,transfer
2,1683,transfer
2,1693,transfer
2,1715,transfer
2,1716,transfer
2,1717,transfer
2,1719,transfer
2,1726,transfer
2,1727,transfer
2,1728,transfer
2,1731,transfer
2,1740,transfer
2,1759,transfer
2,1761,transfer
2,1769,transfer
2,1770,transfer
2,1771,transfer
2,1775,transfer
2,1778,transfer
2,1783,transfer
2,1793,transfer
2,1794,transfer
2,1796,transfer
2,1799,transfer
2,1802,transfer
2,1813,transfer
2,1820,transfer
2,1821,transfer
2,1825,transfer
2,1832,transfer
2,1834,transfer
2,1842,transfer
2,1846,transfer
2,1848,transfer
2,1851,transfer
2,1853,transfer
2,1854,transfer
2,1861,transfer
2,1878,transfer
2,1887,transfer
2,1888,transfer
2,1896,transfer
2,1913,transfer
2,1916,transfer
2,1922,transfer
2,1923,transfer
2,1927,transfer
2,1928,transfer
2,1938,transfer
2,1940,transfer
2,1945,transfer
2,1951,transfer
2,1953,transfer
2,1956,transfer
2,1958,transfer
2,1961,transfer
2,1968,transfer
2,1975,transfer
2,1985,transfer
2,1987,transfer
2,2006,transfer
2,2007,transfer
2,2008,transfer
2,2018,transfer
2,2019,transfer
2,2023,transfer
2,2029,transfer
2,2031,transfer
2,2034,transfer
2,2035,transfer
2,2038,transfer
2,2039,transfer
2,2042,transfer
2,2046,transfer
2,2063,transfer
2,2065,transfer
2,2078,transfer
2,2079,transfer
2,2080,transfer
2,2082,transfer
2,2094,transfer
2,2106,transfer
2,2109,transfer
2,2112,transfer
2,2123,transfer
2,2128,transfer
2,2136,transfer
2,2144,transfer
2,2150,transfer
2,2151,transfer
2,2154,transfer
2,2163,transfer
2,2164,transfer
2,2169,transfer
2,2171,transfer
2,2186,transfer
2,2187,transfer
2,2188,transfer
2,2195,transfer
2,2199,transfer
2,2202,transfer
2,2205,transfer
2,2213,transfer
2,2218,transfer
2,2228,transfer
2,2248,transfer
2,2259,transfer
2,2260,transfer
2,2262,transfer
2,2263,transfer
2,2266,transfer
2,2270,transfer
2,2281,transfer
2,2285,transfer
2,2307,transfer
2,2310,transfer
2,2313,transfer
2,2314,transfer
2,2320,transfer
2,2322,transfer
2,2324,transfer
2,2328,transfer
2,2335,transfer
2,2336,transfer
2,2337,transfer
2,2338,transfer
2,2339,transfer
2,2347,transfer
2,2351,transfer
2,2352,transfer
2,2359,transfer
2,2367,transfer
2,2376,transfer
2,2380,transfer
2,2381,transfer
2,2386,transfer
2,2387,transfer
2,2392,transfer
2,2394,transfer
2,2405,transfer
2,2406,transfer
2,2413,transfer
2,2420,transfer
2,2422,transfer
2,2423,transfer
2,2424,transfer
2,2426,transfer
2,2428,transfer
2,2431,transfer
2,2433,transfer
2,2434,transfer
2,2435,transfer
2,2437,transfer
2,2445,transfer
2,2450,transfer
2,2451,transfer
2,2457,transfer
2,2459,transfer
2,2464,transfer
2,2481,transfer
2,2487,transfer
2,2488,transfer
2,2493,transfer
2,2494,transfer
2,2510,transfer
2,2529,transfer
2,2537,transfer
2,2546,transfer
2,2552,transfer
2,2556,transfer
2,2563,transfer
2,2565,transfer
2,2571,transfer
2,2572,transfer
2,2577,transfer
2,2600,transfer
2,2603,transfer
2,2609,transfer
2,2611,transfer
2,2615,transfer
2,2625,transfer
2,2639,transfer
2,2648,transfer
2,2656,transfer
2,2657,transfer
2,2659,transfer
2,2665,transfer
2,2667,transfer
2,2671,transfer
2,2672,transfer
2,2674,transfer
2,2683,transfer
2,2689,transfer
2,2697,transfer
2,2699,transfer
2,2707,transfer
2,2709,transfer
2,2715,transfer
2,2716,transfer
2,2717,transfer
2,2721,transfer
2,2723,transfer
2,2724,transfer
2,2727,transfer
2,2728,transfer
2,2734,transfer
2,2738,transfer
2,2742,transfer
2,2743,transfer
2,2747,transfer
2,2751,transfer
2,2761,transfer
2,2762,transfer
2,2766,transfer
2,2771,transfer
2,2775,transfer
2,2777,transfer
2,2781,transfer
2,2782,transfer
2,2786,transfer
2,2794,transfer
2,2803,transfer
2,2812,transfer
2,2817,transfer
2,2819,transfer
2,2823,transfer
2,2824,transfer
2,2827,transfer
2,2829,transfer
2,2832,transfer
2,2833,transfer
2,2836,transfer
2,2846,transfer
2,2847,transfer
2,2861,transfer
2,2865,transfer
2,2867,transfer
2,2869,transfer
2,2874,transfer
2,2876,transfer
2,2878,transfer
2,2879,transfer
2,2884,transfer
2,2890,transfer
2,2895,transfer
2,2905,transfer
2,2914,transfer
2,2924,transfer
2,2927,transfer
2,2937,transfer
2,2939,transfer
2,2941,transfer
2,2943,transfer
2,2958,transfer
2,2966,transfer
2,2972,transfer
2,2973,transfer
2,2976,transfer
2,2981,transfer
2,2991,transfer
2,2992,transfer
2,3000,transfer
2,3004,transfer
2,3007,transfer
2,3013,transfer
2,3014,transfer
2,3017,transfer
2,3019,transfer
2,3022,transfer
2,3027,transfer
2,3035,transfer
2,3040,transfer
2,3047,transfer
2,3057,transfer
2,3072,transfer
2,3077,transfer
2,3079,transfer
2,3088,transfer
2,3091,transfer
2,3102,transfer
2,3105,transfer
2,3108,transfer
2,3111,transfer
2,3115,transfer
2,3123,transfer
2,3128,transfer
2,3129,transfer
2,3131,transfer
2,3132,transfer
2,3139,transfer
2,3143,transfer
2,3144,transfer
2,3145,transfer
2,3148,transfer
2,3152,transfer
2,3156,transfer
2,3158,transfer
2,3162,transfer
2,3165,transfer
2,3166,transfer
2,3167,transfer
2,3177,transfer
2,3178,transfer
2,3181,transfer
2,3196,transfer
2,3197,transfer
2,3199,transfer
2,3214,transfer
2,3219,transfer
2,3226,transfer
2,3227,transfer
2,3230,transfer
2,3233,transfer
2,3241,transfer
2,3242,transfer
2,3243,transfer
2,3252,transfer
2,3253,transfer
2,3254,transfer
2,3266,transfer
2,3275,transfer
2,3279,transfer
2,3283,transfer
2,3286,transfer
2,3305,transfer
2,3311,transfer
2,3316,transfer
2,3317,transfer
2,3318,transfer
2,3335,transfer
2,3342,transfer
2,3346,transfer
2,3349,transfer
2,3351,transfer
2,3354,transfer
2,3356,transfer
2,3364,transfer
2,3365,transfer
2,3371,transfer
2,3372,transfer
2,3375,transfer
2,3376,transfer
2,3377,transfer
2,3381,transfer
2,3391,transfer
2,3403,transfer
2,3404,transfer
2,3414,transfer
2,3423,transfer
2,3429,transfer
2,3430,transfer
2,3432,transfer
2,3434,transfer
2,3443,transfer
2,3453,transfer
2,3454,transfer
2,3455,transfer
2,3457,transfer
2,3461,transfer
2,3465,transfer
2,3479,transfer
2,3481,transfer
2,3482,transfer
2,3483,transfer
2,3485,transfer
2,3489,transfer
2,3491,transfer
2,3508,transfer
2,3513,transfer
2,3520,transfer
2,3523,transfer
2,3529,transfer
2,3530,transfer
2,3533,transfer
2,3539,transfer
2,3543,transfer
2,3558,transfer
2,3563,transfer
2,3564,transfer
2,3578,transfer
2,3582,transfer
2,3587,transfer
2,3593,transfer
2,3595,transfer
2,3597,transfer
2,3610,transfer
2,3616,transfer
2,3617,transfer
2,3627,transfer
2,3633,transfer
2,3635,transfer
2,3637,transfer
2,3639,transfer
2,3643,transfer
2,3646,transfer
2,3648,transfer
2,3656,transfer
2,3664,transfer
2,3667,transfer
2,3680,transfer
2,3686,transfer
2,3687,transfer
2,3688,transfer
2,3696,transfer
2,3698,transfer
2,3699,transfer
2,3705,transfer
2,3710,transfer
2,3719,transfer
2,3720,transfer
2,3725,transfer
2,3727,transfer
2,3728,transfer
2,3739,transfer
2,3742,transfer
2,3748,transfer
2,3751,transfer
2,3756,transfer
2,3758,transfer
2,3774,transfer
2,3780,transfer
2,3788,transfer
2,3789,transfer
2,3794,transfer
2,3802,transfer
2,3810,transfer
2,3812,transfer
2,3813,transfer
2,3814,transfer
2,3821,transfer
2,3826,transfer
2,3832,transfer
2,3835,transfer
2,3837,transfer
2,3842,transfer
2,3843,transfer
2,3858,transfer
2,3859,transfer
2,3860,transfer
2,3862,transfer
2,3864,transfer
2,3872,transfer
2,3888,transfer
2,3894,transfer
2,3896,transfer
2,3899,transfer
2,3901,transfer
2,3903,transfer
2,3904,transfer
2,3906,transfer
2,3912,transfer
2,3916,transfer
2,3918,transfer
2,3925,transfer
2,3937,transfer
2,3939,transfer
2,3943,transfer
2,3944,transfer
2,3952,transfer
2,3954,transfer
2,3957,transfer
2,3960,transfer
2,3968,transfer
2,3988,transfer
2,3991,transfer
2,3997,transfer
2,4004,transfer
2,4008,transfer
2,4025,transfer
2,4030,transfer
2,4037,transfer
2,4040,transfer
2,4042,transfer
2,4043,transfer
2,4047,transfer
2,4053,transfer
2,4056,transfer
2,4057,transfer
2,4065,transfer
2,4067,transfer
2,4076,transfer
2,4080,transfer
2,4081,transfer
2,4083,transfer
2,4091,transfer
2,4093,transfer
2,4100,transfer
2,4101,transfer
2,4103,transfer
2,4108,transfer
2,4128,transfer
2,4133,transfer
2,4141,transfer
2,4151,transfer
2,4166,transfer
2,4168,transfer
2,4173,transfer
2,4177,transfer
2,4178,transfer
2,4189,transfer
2,4198,transfer
2,4199,transfer
2,4208,transfer
2,4210,transfer
2,4211,transfer
2,4221,transfer
2,4222,transfer
2,4226,transfer
2,4229,transfer
2,4230,transfer
2,4235,transfer
2,4237,transfer
2,4241,transfer
2,4249,transfer
2,4251,transfer
2,4252,transfer
2,4254,transfer
2,4255,transfer
2,4258,transfer
2,4261,transfer
2,4262,transfer
2,4270,transfer
2,4278,transfer
2,4282,transfer
2,4285,transfer
2,4286,transfer
2,4290,transfer
2,4298,transfer
2,4306,transfer
2,4312,transfer
2,4314,transfer
2,4318,transfer
2,4323,transfer
2,4324,transfer
2,4325,transfer
2,4341,transfer
2,4347,transfer
2,4352,transfer
2,4358,transfer
2,4370,transfer
2,4371,transfer
2,4375,transfer
2,4383,transfer
2,4390,transfer
2,4394,transfer
2,4405,transfer
2,4410,transfer
2,4418,transfer
2,4420,transfer
2,4421,transfer
2,4423,transfer
2,4428,transfer
2,4430,transfer
2,4437,transfer
2,4454,transfer
2,4460,transfer
2,4461,transfer
2,4464,transfer
2,4467,transfer
2,4482,transfer
2,4485,transfer
2,4488,transfer
2,4489,transfer
2,4490,transfer
2,4494,transfer
2,4498,transfer
2,4500,transfer
2,4503,transfer
2,4517,transfer
2,4528,transfer
2,4529,transfer
2,4533,transfer
2,4534,transfer
2,4535,transfer
2,4542,transfer
2,4543,transfer
2,4547,transfer
2,4556,transfer
2,4561,transfer
2,4571,transfer
2,4578,transfer
2,4580,transfer
2,4591,transfer
2,4596,transfer
2,4600,transfer
2,4605,transfer
2,4607,transfer
2,4608,transfer
2,4611,transfer
2,4615,transfer
2,4616,transfer
2,4623,transfer
2,4624,transfer
2,4628,transfer
2,4640,transfer
2,4641,transfer
2,4644,transfer
2,4648,transfer
2,4658,transfer
2,4665,transfer
2,4670,transfer
2,4678,transfer
2,4681,transfer
2,4683,transfer
2,4684,transfer
2,4690,transfer
2,4691,transfer
2,4696,transfer
2,4712,transfer
2,4721,transfer
2,4723,transfer
2,4741,transfer
2,4743,transfer
2,4746,transfer
2,4754,transfer
2,4759,transfer
2,4762,transfer
2,4763,transfer
2,4765,transfer
2,4768,transfer
2,4776,transfer
2,4781,transfer
2,4785,transfer
2,4793,transfer
2,4795,transfer
2,4800,transfer
2,4804,transfer
2,4806,transfer
2,4808,transfer
2,4822,transfer
2,4831,transfer
2,4832,transfer
2,4835,transfer
2,4842,transfer
2,4843,transfer
2,4846,transfer
2,4847,transfer
2,4850,transfer
2,4858,transfer
2,4861,transfer
2,4862,transfer
2,4866,transfer
2,4869,transfer
2,4877,transfer
2,4878,transfer
2,4880,transfer
2,4885,transfer
2,4892,transfer
2,4898,transfer
2,4906,transfer
2,4907,transfer
2,4911,transfer
2,4916,transfer
2,4934,transfer
2,4937,transfer
2,4946,transfer
2,4950,transfer
2,4958,transfer
2,4965,transfer
2,4968,transfer
2,4971,transfer
2,4975,transfer
2,4982,transfer
2,4992,transfer
2,4998,transfer
2,5003,transfer
2,5004,transfer
2,5006,transfer
2,5013,transfer
2,5014,transfer
2,5023,transfer
2,5029,transfer
2,5033,transfer
2,5053,transfer
2,5055,transfer
2,5070,transfer
2,5082,transfer
2,5084,transfer
2,5090,transfer
2,5094,transfer
2,5097,transfer
2,5101,transfer
2,5110,transfer
2,5113,transfer
2,5117,transfer
2,5119,transfer
2,5121,transfer
2,5127,transfer
2,5128,transfer
2,5129,transfer
2,5131,transfer
2,5132,transfer
2,5134,transfer
2,5141,transfer
2,5149,transfer
2,5151,transfer
2,5152,transfer
2,5173,transfer
2,5179,transfer
2,5181,transfer
2,5191,transfer
2,5193,transfer
2,5199,transfer
2,5201,transfer
2,5206,transfer
2,5207,transfer
2,5210,transfer
2,5213,transfer
2,5214,transfer
2,5219,transfer
2,5228,transfer
2,5229,transfer
2,5232,transfer
2,5236,transfer
2,5237,transfer
2,5245,transfer
2,5247,transfer
2,5249,transfer
2,5250,transfer
2,5254,transfer
2,5255,transfer
2,5260,transfer
2,5268,transfer
2,5269,transfer
2,5273,transfer
2,5276,transfer
2,5281,transfer
2,5286,transfer
2,5297,transfer
2,5304,transfer
2,5319,transfer
2,5325,transfer
2,5326,transfer
2,5330,transfer
2,5334,transfer
2,5357,transfer
2,5363,transfer
2,5373,transfer
2,5376,transfer
2,5388,transfer
2,5397,transfer
2,5400,transfer
2,5413,transfer
2,5421,transfer
2,5431,transfer
2,5438,transfer
2,5441,transfer
2,5442,transfer
2,5444,transfer
2,5445,transfer
2,5446,transfer
2,5449,transfer
2,5450,transfer
2,5457,transfer
2,5459,transfer
2,5472,transfer
2,5474,transfer
2,5476,transfer
2,5477,transfer
2,5485,transfer
2,5488,transfer
2,5492,transfer
2,5493,transfer
2,5508,transfer
2,5510,transfer
2,5517,transfer
2,5519,transfer
2,5521,transfer
2,5523,transfer
2,5527,transfer
2,5528,transfer
2,5529,transfer
2,5530,transfer
2,5540,transfer
2,5547,transfer
2,5548,transfer
2,5556,transfer
2,5558,transfer
2,5559,transfer
2,5563,transfer
2,5565,transfer
2,5571,transfer
2,5576,transfer
2,5583,transfer
2,5595,transfer
2,5598,transfer
2,5615,transfer
2,5616,transfer
2,5619,transfer
2,5624,transfer
2,5628,transfer
2,5630,transfer
2,5636,transfer
2,5638,transfer
2,5660,transfer
2,5664,transfer
2,5666,transfer
2,5667,transfer
2,5668,transfer
2,5673,transfer
2,5674,transfer
2,5703,transfer
2,5708,transfer
2,5709,transfer
2,5714,transfer
2,5717,transfer
2,5728,transfer
2,5735,transfer
2,5738,transfer
2,5739,transfer
2,5747,transfer
2,5755,transfer
2,5758,transfer
2,5760,transfer
2,5762,transfer
2,5766,transfer
2,5768,transfer
2,5769,transfer
2,5771,transfer
2,5779,transfer
2,5792,transfer
2,5799,transfer
2,5800,transfer
2,5801,transfer
2,5810,transfer
2,5812,transfer
2,5822,transfer
2,5827,transfer
2,5833,transfer
2,5836,transfer
2,5848,transfer
2,5852,transfer
2,5855,transfer
2,5861,transfer
2,5868,transfer
2,5874,transfer
2,5881,transfer
2,5882,transfer
2,5888,transfer
2,5891,transfer
2,5902,transfer
2,5913,transfer
2,5926,transfer
2,5927,transfer
2,5929,transfer
2,5931,transfer
2,5936,transfer
2,5940,transfer
2,5944,transfer
2,5945,transfer
2,5962,transfer
2,5964,transfer
2,5968,transfer
2,5970,transfer
2,5977,transfer
2,5979,transfer
2,5984,transfer
2,5987,transfer
2,5992,transfer
2,5995,transfer
2,5996,transfer
2,5997,transfer
2,5998,transfer
2,6000,transfer
2,6004,transfer
2,6008,transfer
2,6011,transfer
2,6012,transfer
2,6023,transfer
2,6025,transfer
2,6028,transfer
2,6035,transfer
2,6038,transfer
2,6040,transfer
2,6043,transfer
2,6050,transfer
2,6060,transfer
2,6071,transfer
2,6075,transfer
2,6078,transfer
2,6085,transfer
2,6088,transfer
2,6104,transfer
2,6105,transfer
2,6107,transfer
2,6116,transfer
2,6133,transfer
2,6134,transfer
2,6139,transfer
2,6148,transfer
2,6151,transfer
2,6156,transfer
2,6160,transfer
2,6162,transfer
2,6167,transfer
2,6174,transfer
2,6181,transfer
2,6188,transfer
2,6189,transfer
2,6194,transfer
2,6198,transfer
2,6199,transfer
2,6208,transfer
2,6209,transfer
2,6219,transfer
2,6223,transfer
2,6231,transfer
2,6232,transfer
2,6235,transfer
2,6245,transfer
2,6251,transfer
2,6253,transfer
2,6258,transfer
2,6259,transfer
2,6266,transfer
2,6268,transfer
2,6277,transfer
2,6284,transfer
2,6290,transfer
2,6291,transfer
2,6292,transfer
2,6298,transfer
2,6302,transfer
2,6313,transfer
2,6319,transfer
2,6322,transfer
2,6331,transfer
2,6340,transfer
2,6346,transfer
2,6360,transfer
2,6368,transfer
2,6370,transfer
2,6380,transfer
2,6381,transfer
2,6385,transfer
2,6388,transfer
2,6393,transfer
2,6394,transfer
2,6402,transfer
2,6406,transfer
2,6407,transfer
2,6413,transfer
2,6423,transfer
2,6425,transfer
2,6426,transfer
2,6433,transfer
2,6436,transfer
2,6443,transfer
2,6448,transfer
2,6462,transfer
2,6465,transfer
2,6470,transfer
2,6473,transfer
2,6474,transfer
2,6477,transfer
2,6483,transfer
2,6484,transfer
2,6485,transfer
2,6505,transfer
2,6517,transfer
2,6518,transfer
2,6528,transfer
2,6544,transfer
2,6549,transfer
2,6551,transfer
2,6553,transfer
2,6556,transfer
2,6560,transfer
2,6561,transfer
2,6563,transfer
2,6565,transfer
2,6570,transfer
2,6574,transfer
2,6576,transfer
2,6579,transfer
2,6581,transfer
2,6583,transfer
2,6590,transfer
2,6591,transfer
2,6592,transfer
2,6595,transfer
2,6605,transfer
2,6606,transfer
2,6609,transfer
2,6613,transfer
2,6619,transfer
2,6630,transfer
2,6633,transfer
2,6639,transfer
2,6640,transfer
2,6641,transfer
2,6649,transfer
2,6652,transfer
2,6660,transfer
2,6662,transfer
2,6670,transfer
2,6678,transfer
2,6684,transfer
2,6688,transfer
2,6694,transfer
2,6699,transfer
2,6712,transfer
2,6713,transfer
2,6726,transfer
2,6727,transfer
2,6730,transfer
2,6731,transfer
2,6732,transfer
2,6742,transfer
2,6743,transfer
2,6745,transfer
2,6749,transfer
2,6751,transfer
2,6755,transfer
2,6764,transfer
2,6767,transfer
2,6779,transfer
2,6786,transfer
2,6789,transfer
2,6793,transfer
2,6797,transfer
2,6802,transfer
2,6803,transfer
2,6808,transfer
2,6810,transfer
2,6815,transfer
2,6818,transfer
2,6822,transfer
2,6824,transfer
2,6831,transfer
2,6832,transfer
2,6839,transfer
2,6846,transfer
2,6847,transfer
2,6850,transfer
2,6852,transfer
2,6859,transfer
2,6862,transfer
2,6864,transfer
2,6869,transfer
2,6874,transfer
2,6880,transfer
2,6889,transfer
2,6899,transfer
2,6901,transfer
2,6904,transfer
2,6905,transfer
2,6909,transfer
2,6910,transfer
2,6923,transfer
2,6930,transfer
2,6933,transfer
2,6945,transfer
2,6948,transfer
2,6954,transfer
2,6978,transfer
2,6980,transfer
2,6981,transfer
2,6983,transfer
2,6987,transfer
2,6988,transfer
2,6989,transfer
2,6996,transfer
2,6997,transfer
2,7001,transfer
2,7005,transfer
2,7011,transfer
2,7012,transfer
2,7022,transfer
2,7035,transfer
2,7037,transfer
2,7043,transfer
2,7046,transfer
2,7049,transfer
2,7050,transfer
2,7053,transfer
2,7055,transfer
2,7060,transfer
2,7061,transfer
2,7064,transfer
2,7065,transfer
2,7066,transfer
2,7071,transfer
2,7083,transfer
2,7093,transfer
2,7104,transfer
2,7139,transfer
2,7142,transfer
2,7144,transfer
2,7148,transfer
2,7149,transfer
2,7155,transfer
2,7165,transfer
2,7166,transfer
2,7172,transfer
2,7173,transfer
2,7175,transfer
2,7179,transfer
2,7180,transfer
2,7181,transfer
2,7188,transfer
2,7192,transfer
2,7200,transfer
2,7202,transfer
2,7207,transfer
2,7210,transfer
2,7211,transfer
2,7214,transfer
2,7216,transfer
2,7221,transfer
2,7225,transfer
2,7227,transfer
2,7233,transfer
2,7235,transfer
2,7237,transfer
2,7246,transfer
2,7256,transfer
2,7257,transfer
2,7267,transfer
2,7275,transfer
2,7276,transfer
2,7277,transfer
2,7282,transfer
2,7286,transfer
2,7295,transfer
2,7301,transfer
2,7304,transfer
2,7308,transfer
2,7315,transfer
2,7324,transfer
2,7335,transfer
2,7341,transfer
2,7347,transfer
2,7351,transfer
2,7357,transfer
2,7363,transfer
2,7365,transfer
2,7366,transfer
2,7367,transfer
2,7371,transfer
2,7386,transfer
2,7398,transfer
2,7418,transfer
2,7421,transfer
2,7423,transfer
2,7427,transfer
2,7428,transfer
2,7434,transfer
2,7435,transfer
2,7445,transfer
2,7452,transfer
2,7466,transfer
2,7467,transfer
2,7469,transfer
2,7475,transfer
2,7478,transfer
2,7480,transfer
2,7482,transfer
2,7488,transfer
2,7489,transfer
2,7490,transfer
2,7497,transfer
2,7500,transfer
2,7502,transfer
2,7503,transfer
2,7504,transfer
2,7507,transfer
2,7509,transfer
2,7522,transfer
2,7524,transfer
2,7528,transfer
2,7537,transfer
2,7538,transfer
2,7539,transfer
2,7544,transfer
2,7548,transfer
2,7556,transfer
2,7559,transfer
2,7572,transfer
2,7579,transfer
2,7587,transfer
2,7591,transfer
2,7607,transfer
2,7609,transfer
2,7617,transfer
2,7629,transfer
2,7630,transfer
2,7631,transfer
2,7642,transfer
2,7648,transfer
2,7651,transfer
2,7655,transfer
2,7659,transfer
2,7660,transfer
2,7661,transfer
2,7669,transfer
2,7670,transfer
2,7675,transfer
2,7678,transfer
2,7681,transfer
2,7686,transfer
2,7691,transfer
2,7702,transfer
2,7705,transfer
2,7707,transfer
2,7713,transfer
2,7723,transfer
2,7731,transfer
2,7741,transfer
2,7746,transfer
2,7747,transfer
2,7749,transfer
2,7753,transfer
2,7761,transfer
2,7762,transfer
2,7765,transfer
2,7775,transfer
2,7776,transfer
2,7782,transfer
2,7784,transfer
2,7789,transfer
2,7792,transfer
2,7801,transfer
2,7810,transfer
2,7812,transfer
2,7813,transfer
2,7817,transfer
2,7824,transfer
2,7829,transfer
2,7832,transfer
2,7839,transfer
2,7848,transfer
2,7859,transfer
2,7861,transfer
2,7869,transfer
2,7874,transfer
2,7880,transfer
2,7882,transfer
2,7884,transfer
2,7886,transfer
2,7889,transfer
2,7890,transfer
2,7900,transfer
2,7908,transfer
2,7909,transfer
2,7913,transfer
2,7916,transfer
2,7927,transfer
2,7928,transfer
2,7931,transfer
2,7941,transfer
2,7942,transfer
2,7954,transfer
2,7960,transfer
2,7962,transfer
2,7966,transfer
2,7970,transfer
2,7975,transfer
2,7980,transfer
2,7981,transfer
2,7983,transfer
2,7986,transfer
2,7999,transfer
2,8008,transfer
2,8010,transfer
2,8015,transfer
2,8016,transfer
2,8017,transfer
2,8018,transfer
2,8021,transfer
2,8022,transfer
2,8027,transfer
2,8032,transfer
2,8039,transfer
2,8041,transfer
2,8043,transfer
2,8052,transfer
2,8063,transfer
2,8067,transfer
2,8073,transfer
2,8074,transfer
2,8076,transfer
2,8088,transfer
2,8091,transfer
2,8092,transfer
2,8099,transfer
2,8108,transfer
2,8112,transfer
2,8126,transfer
2,8127,transfer
2,8139,transfer
2,8143,transfer
2,8148,transfer
2,8154,transfer
2,8160,transfer
2,8166,transfer
2,8174,transfer
2,8175,transfer
2,8183,transfer
2,8194,transfer
2,8198,transfer
2,8200,transfer
2,8205,transfer
2,8210,transfer
2,8211,transfer
2,8212,transfer
2,8223,transfer
2,8226,transfer
2,8227,transfer
2,8228,transfer
2,8231,transfer
2,8240,transfer
2,8244,transfer
2,8251,transfer
2,8259,transfer
2,8264,transfer
2,8278,transfer
2,8285,transfer
2,8286,transfer
2,8292,transfer
2,8295,transfer
2,8300,transfer
2,8303,transfer
2,8306,transfer
2,8307,transfer
2,8309,transfer
2,8311,transfer
2,8317,transfer
2,8321,transfer
2,8325,transfer
2,8327,transfer
2,8336,transfer
2,8342,transfer
2,8343,transfer
2,8365,transfer
2,8368,transfer
2,8376,transfer
2,8377,transfer
2,8379,transfer
2,8381,transfer
2,8383,transfer
2,8384,transfer
2,8397,transfer
2,8399,transfer
2,8403,transfer
2,8406,transfer
2,8416,transfer
2,8421,transfer
2,8425,transfer
2,8430,transfer
2,8449,transfer
2,8455,transfer
2,8474,transfer
2,8483,transfer
2,8487,transfer
2,8489,transfer
2,8490,transfer
2,8501,transfer
2,8505,transfer
2,8509,transfer
2,8513,transfer
2,8515,transfer
2,8525,transfer
2,8535,transfer
2,8539,transfer
2,8548,transfer
2,8552,transfer
2,8561,transfer
2,8563,transfer
2,8565,transfer
2,8571,transfer
2,8573,transfer
2,8574,transfer
2,8575,transfer
2,8581,transfer
2,8582,transfer
2,8583,transfer
2,8589,transfer
2,8594,transfer
2,8600,transfer
2,8612,transfer
2,8620,transfer
2,8631,transfer
2,8632,transfer
2,8638,transfer
2,8643,transfer
2,8656,transfer
2,8658,transfer
2,8659,transfer
2,8665,transfer
2,8666,transfer
2,8667,transfer
2,8669,transfer
2,8671,transfer
2,8673,transfer
2,8681,transfer
2,8683,transfer
2,8697,transfer
2,8698,transfer
2,8699,transfer
2,8703,transfer
2,8705,transfer
2,8707,transfer
2,8713,transfer
2,8718,transfer
2,8719,transfer
2,8723,transfer
2,8724,transfer
2,8727,transfer
2,8745,transfer
2,8746,transfer
2,8760,transfer
2,8762,transfer
2,8771,transfer
2,8777,transfer
2,8786,transfer
2,8792,transfer
2,8794,transfer
2,8798,transfer
2,8799,transfer
2,8804,transfer
2,8805,transfer
2,8807,transfer
2,8808,transfer
2,8809,transfer
2,8810,transfer
2,8817,transfer
2,8818,transfer
2,8825,transfer
2,8829,transfer
2,8836,transfer
2,8838,transfer
2,8849,transfer
2,8853,transfer
2,8860,transfer
2,8863,transfer
2,8864,transfer
2,8865,transfer
2,8878,transfer
2,8882,transfer
2,8885,transfer
2,8886,transfer
2,8900,transfer
2,8904,transfer
2,8918,transfer
2,8919,transfer
2,8922,transfer
2,8926,transfer
2,8927,transfer
2,8929,transfer
2,8932,transfer
2,8943,transfer
2,8946,transfer
2,8952,transfer
2,8955,transfer
2,8970,transfer
2,8976,transfer
2,8983,transfer
2,8985,transfer
2,8987,transfer
2,8988,transfer
2,8991,transfer
2,8993,transfer
2,9000,transfer
2,9001,transfer
2,9005,transfer
2,9006,transfer
2,9008,transfer
2,9018,transfer
2,9022,transfer
2,9023,transfer
2,9036,transfer
2,9047,transfer
2,9051,transfer
2,9061,transfer
2,9066,transfer
2,9071,transfer
2,9072,transfer
2,9075,transfer
2,9077,transfer
2,9080,transfer
2,9081,transfer
2,9086,transfer
2,9091,transfer
2,9095,transfer
2,9101,transfer
2,9108,transfer
2,9123,transfer
2,9125,transfer
2,9128,transfer
2,9129,transfer
2,9132,transfer
2,9135,transfer
2,9138,transfer
2,9142,transfer
2,9154,transfer
2,9158,transfer
2,9172,transfer
2,9175,transfer
2,9179,transfer
2,9182,transfer
2,9188,transfer
2,9189,transfer
2,9194,transfer
2,9197,transfer
2,9199,transfer
2,9201,transfer
2,9202,transfer
2,9205,transfer
2,9206,transfer
2,9208,transfer
2,9212,transfer
2,9213,transfer
2,9215,transfer
2,9223,transfer
2,9225,transfer
2,9227,transfer
2,9232,transfer
2,9237,transfer
2,9238,transfer
2,9242,transfer
2,9245,transfer
2,9250,transfer
2,9254,transfer
2,9256,transfer
2,9262,transfer
2,9274,transfer
2,9282,transfer
2,9286,transfer
2,9289,transfer
2,9296,transfer
2,9298,transfer
2,9304,transfer
2,9305,transfer
2,9308,transfer
2,9316,transfer
2,9323,transfer
2,9324,transfer
2,9337,transfer
2,9338,transfer
2,9339,transfer
2,9343,transfer
2,9354,transfer
2,9358,transfer
2,9374,transfer
2,9382,transfer
2,9386,transfer
2,9388,transfer
2,9393,transfer
2,9394,transfer
2,9399,transfer
2,9400,transfer
2,9402,transfer
2,9404,transfer
2,9405,transfer
2,9406,transfer
2,9413,transfer
2,9414,transfer
2,9415,transfer
2,9434,transfer
2,9440,transfer
2,9447,transfer
2,9450,transfer
2,9457,transfer
2,9463,transfer
2,9481,transfer
2,9488,transfer
2,9494,transfer
2,9497,transfer
2,9507,transfer
2,9508,transfer
2,9523,transfer
2,9529,transfer
2,9536,transfer
2,9542,transfer
2,9543,transfer
2,9546,transfer
2,9549,transfer
2,9550,transfer
2,9554,transfer
2,9569,transfer
2,9572,transfer
2,9577,transfer
2,9590,transfer
2,9591,transfer
2,9592,transfer
2,9594,transfer
2,9597,transfer
2,9600,transfer
2,9605,transfer
2,9606,transfer
2,9607,transfer
2,9608,transfer
2,9610,transfer
2,9614,transfer
2,9617,transfer
2,9628,transfer
2,9645,transfer
2,9651,transfer
2,9652,transfer
2,9654,transfer
2,9663,transfer
2,9667,transfer
2,9670,transfer
2,9690,transfer
2,9694,transfer
2,9711,transfer
2,9723,transfer
2,9725,transfer
2,9731,transfer
2,9732,transfer
2,9736,transfer
2,9738,transfer
2,9750,transfer
2,9754,transfer
2,9757,transfer
2,9769,transfer
2,9770,transfer
2,9775,transfer
2,9776,transfer
2,9779,transfer
2,9782,transfer
2,9783,transfer
2,9786,transfer
2,9793,transfer
2,9801,transfer
2,9804,transfer
2,9812,transfer
2,9817,transfer
2,9822,transfer
2,9841,transfer
2,9844,transfer
2,9851,transfer
2,9854,transfer
2,9859,transfer
2,9862,transfer
2,9865,transfer
2,9874,transfer
2,9884,transfer
2,9886,transfer
2,9897,transfer
2,9902,transfer
2,9909,transfer
2,9912,transfer
2,9923,transfer
2,9928,transfer
2,9934,transfer
2,9942,transfer
2,9944,transfer
2,9946,transfer
2,9947,transfer
2,9955,transfer
2,9969,transfer
2,9971,transfer
2,9972,transfer
2,9975,transfer
2,9977,transfer
2,9978,transfer
2,9979,transfer
2,9980,transfer
2,9982,transfer
2,9990,transfer
2,22,validation
2,40,validation
2,49,validation
2,51,validation
2,52,validation
2,57,validation
2,59,validation
2,62,validation
2,63,validation
2,72,validation
2,76,validation
2,80,validation
2,97,validation
2,102,validation
2,105,validation
2,107,validation
2,110,validation
2,115,validation
2,124,validation
2,137,validation
2,138,validation
2,143,validation
2,144,validation
2,145,validation
2,149,validation
2,155,validation
2,159,validation
2,168,validation
2,184,validation
2,191,validation
2,201,validation
2,208,validation
2,211,validation
2,224,validation
2,230,validation
2,239,validation
2,245,validation
2,246,validation
2,247,validation
2,252,validation
2,254,validation
2,255,validation
2,273,validation
2,288,validation
2,316,validation
2,319,validation
2,322,validation
2,334,validation
2,337,validation
2,339,validation
2,345,validation
2,348,validation
2,360,validation
2,368,validation
2,371,validation
2,372,validation
2,374,validation
2,384,validation
2,386,validation
2,387,validation
2,388,validation
2,391,validation
2,399,validation
2,403,validation
2,404,validation
2,407,validation
2,415,validation
2,416,validation
2,420,validation
2,426,validation
2,437,validation
2,450,validation
2,455,validation
2,469,validation
2,471,validation
2,475,validation
2,479,validation
2,482,validation
2,491,validation
2,500,validation
2,510,validation
2,512,validation
2,519,validation
2,524,validation
2,529,validation
2,546,validation
2,552,validation
2,569,validation
2,577,validation
2,581,validation
2,589,validation
2,602,validation
2,608,validation
2,613,validation
2,633,validation
2,635,validation
2,652,validation
2,656,validation
2,663,validation
2,664,validation
2,685,validation
2,686,validation
2,687,validation
2,695,validation
2,703,validation
2,706,validation
2,710,validation
2,711,validation
2,713,validation
2,717,validation
2,719,validation
2,720,validation
2,725,validation
2,758,validation
2,760,validation
2,761,validation
2,784,validation
2,787,validation
2,796,validation
2,803,validation
2,808,validation
2,823,validation
2,830,validation
2,832,validation
2,840,validation
2,847,validation
2,849,validation
2,854,validation
2,870,validation
2,875,validation
2,879,validation
2,895,validation
2,901,validation
2,906,validation
2,907,validation
2,909,validation
2,912,validation
2,913,validation
2,931,validation
2,937,validation
2,938,validation
2,939,validation
2,940,validation
2,942,validation
2,952,validation
2,959,validation
2,982,validation
2,990,validation
2,993,validation
2,996,validation
2,1011,validation
2,1012,validation
2,1018,validation
2,1025,validation
2,1028,validation
2,1039,validation
2,1059,validation
2,1064,validation
2,1069,validation
2,1071,validation
2,1074,validation
2,1077,validation
2,1079,validation
2,1080,validation
2,1089,validation
2,1116,validation
2,1126,validation
2,1128,validation
2,1132,validation
2,1134,validation
2,1143,validation
2,1146,validation
2,1151,validation
2,1156,validation
2,1159,validation
2,1162,validation
2,1170,validation
2,1191,validation
2,1199,validation
2,1200,validation
2,1207,validation
2,1214,validation
2,1218,validation
2,1219,validation
2,1224,validation
2,1235,validation
2,1237,validation
2,1240,validation
2,1246,validation
2,1263,validation
2,1274,validation
2,1281,validation
2,1282,validation
2,1285,validation
2,1291,validation
2,1314,validation
2,1332,validation
2,1337,validation
2,1338,validation
2,1350,validation
2,1355,validation
2,1363,validation
2,1369,validation
2,1383,validation
2,1385,validation
2,1396,validation
2,1405,validation
2,1414,validation
2,1434,validation
2,1435,validation
2,1449,validation
2,1455,validation
2,1457,validation
2,1472,validation
2,1473,validation
2,1479,validation
2,1494,validation
2,1497,validation
2,1503,validation
2,1512,validation
2,1513,validation
2,1515,validation
2,1516,validation
2,1518,validation
2,1530,validation
2,1531,validation
2,1538,validation
2,1539,validation
2,1542,validation
2,1550,validation
2,1557,validation
2,1561,validation
2,1564,validation
2,1565,validation
2,1574,validation
2,1582,validation
2,1587,validation
2,1588,validation
2,1590,validation
2,1600,validation
2,1602,validation
2,1606,validation
2,1612,validation
2,1615,validation
2,1636,validation
2,1649,validation
2,1653,validation
2,1657,validation
2,1660,validation
2,1664,validation
2,1668,validation
2,1692,validation
2,1704,validation
2,1705,validation
2,1707,validation
2,1712,validation
2,1724,validation
2,1745,validation
2,1747,validation
2,1748,validation
2,1751,validation
2,1762,validation
2,1772,validation
2,1780,validation
2,1785,validation
2,1791,validation
2,1795,validation
2,1805,validation
2,1808,validation
2,1814,validation
2,1822,validation
2,1826,validation
2,1839,validation
2,1841,validation
2,1845,validation
2,1847,validation
2,1858,validation
2,1870,validation
2,1873,validation
2,1874,validation
2,1882,validation
2,1898,validation
2,1902,validation
2,1907,validation
2,1909,validation
2,1910,validation
2,1921,validation
2,1924,validation
2,1930,validation
2,1933,validation
2,1939,validation
2,1941,validation
2,1952,validation
2,1974,validation
2,1978,validation
2,1980,validation
2,1993,validation
2,2002,validation
2,2003,validation
2,2004,validation
2,2005,validation
2,2011,validation
2,2013,validation
2,2024,validation
2,2027,validation
2,2037,validation
2,2044,validation
2,2055,validation
2,2057,validation
2,2061,validation
2,2070,validation
2,2072,validation
2,2075,validation
2,2076,validation
2,2083,validation
2,2084,validation
2,2101,validation
2,2104,validation
2,2107,validation
2,2108,validation
2,2114,validation
2,2119,validation
2,2121,validation
2,2125,validation
2,2134,validation
2,2137,validation
2,2140,validation
2,2141,validation
2,2142,validation
2,2156,validation
2,2165,validation
2,2204,validation
2,2214,validation
2,2215,validation
2,2216,validation
2,2220,validation
2,2222,validation
2,2224,validation
2,2226,validation
2,2230,validation
2,2231,validation
2,2246,validation
2,2249,validation
2,2261,validation
2,2265,validation
2,2269,validation
2,2272,validation
2,2276,validation
2,2289,validation
2,2292,validation
2,2302,validation
2,2304,validation
2,2306,validation
2,2323,validation
2,2325,validation
2,2343,validation
2,2346,validation
2,2353,validation
2,2362,validation
2,2369,validation
2,2375,validation
2,2389,validation
2,2396,validation
2,2408,validation
2,2412,validation
2,2432,validation
2,2440,validation
2,2455,validation
2,2470,validation
2,2471,validation
2,2472,validation
2,2483,validation
2,2484,validation
2,2491,validation
2,2498,validation
2,2503,validation
2,2506,validation
2,2511,validation
2,2519,validation
2,2528,validation
2,2539,validation
2,2553,validation
2,2555,validation
2,2573,validation
2,2581,validation
2,2585,validation
2,2590,validation
2,2591,validation
2,2596,validation
2,2604,validation
2,2607,validation
2,2623,validation
2,2631,validation
2,2632,validation
2,2635,validation
2,2636,validation
2,2637,validation
2,2640,validation
2,2646,validation
2,2647,validation
2,2651,validation
2,2660,validation
2,2664,validation
2,2669,validation
2,2681,validation
2,2684,validation
2,2686,validation
2,2687,validation
2,2688,validation
2,2704,validation
2,2719,validation
2,2722,validation
2,2725,validation
2,2726,validation
2,2731,validation
2,2764,validation
2,2772,validation
2,2773,validation
2,2783,validation
2,2784,validation
2,2797,validation
2,2801,validation
2,2802,validation
2,2808,validation
2,2820,validation
2,2821,validation
2,2828,validation
2,2835,validation
2,2838,validation
2,2841,validation
2,2848,validation
2,2855,validation
2,2856,validation
2,2863,validation
2,2868,validation
2,2898,validation
2,2908,validation
2,2913,validation
2,2916,validation
2,2920,validation
2,2930,validation
2,2931,validation
2,2940,validation
2,2979,validation
2,2990,validation
2,3003,validation
2,3008,validation
2,3012,validation
2,3018,validation
2,3028,validation
2,3029,validation
2,3030,validation
2,3046,validation
2,3050,validation
2,3051,validation
2,3055,validation
2,3059,validation
2,3062,validation
2,3067,validation
2,3078,validation
2,3081,validation
2,3090,validation
2,3096,validation
2,3097,validation
2,3099,validation
2,3103,validation
2,3104,validation
2,3110,validation
2,3119,validation
2,3120,validation
2,3122,validation
2,3130,validation
2,3147,validation
2,3161,validation
2,3164,validation
2,3180,validation
2,3183,validation
2,3185,validation
2,3188,validation
2,3189,validation
2,3201,validation
2,3204,validation
2,3207,validation
2,3209,validation
2,3215,validation
2,3228,validation
2,3234,validation
2,3257,validation
2,3259,validation
2,3261,validation
2,3263,validation
2,3272,validation
2,3273,validation
2,3288,validation
2,3289,validation
2,3292,validation
2,3294,validation
2,3300,validation
2,3315,validation
2,3324,validation
2,3326,validation
2,3329,validation
2,3338,validation
2,3340,validation
2,3341,validation
2,3367,validation
2,3368,validation
2,3379,validation
2,3415,validation
2,3419,validation
2,3427,validation
2,3438,validation
2,3444,validation
2,3448,validation
2,3450,validation
2,3451,validation
2,3459,validation
2,3468,validation
2,3470,validation
2,3471,validation
2,3477,validation
2,3487,validation
2,3497,validation
2,3498,validation
2,3501,validation
2,3504,validation
2,3510,validation
2,3517,validation
2,3518,validation
2,3525,validation
2,3526,validation
2,3534,validation
2,3538,validation
2,3542,validation
2,3545,validation
2,3549,validation
2,3555,validation
2,3557,validation
2,3559,validation
2,3579,validation
2,3602,validation
2,3613,validation
2,3620,validation
2,3625,validation
2,3634,validation
2,3651,validation
2,3653,validation
2,3658,validation
2,3669,validation
2,3675,validation
2,3678,validation
2,3690,validation
2,3693,validation
2,3694,validation
2,3695,validation
2,3703,validation
2,3706,validation
2,3712,validation
2,3715,validation
2,3717,validation
2,3721,validation
2,3734,validation
2,3757,validation
2,3775,validation
2,3776,validation
2,3787,validation
2,3798,validation
2,3799,validation
2,3803,validation
2,3807,validation
2,3808,validation
2,3809,validation
2,3811,validation
2,3828,validation
2,3830,validation
2,3831,validation
2,3834,validation
2,3836,validation
2,3846,validation
2,3874,validation
2,3893,validation
2,3900,validation
2,3917,validation
2,3919,validation
2,3924,validation
2,3927,validation
2,3929,validation
2,3935,validation
2,3940,validation
2,3956,validation
2,3964,validation
2,3965,validation
2,3967,validation
2,3969,validation
2,3971,validation
2,3976,validation
2,3983,validation
2,3984,validation
2,3999,validation
2,4005,validation
2,4015,validation
2,4019,validation
2,4028,validation
2,4036,validation
2,4041,validation
2,4048,validation
2,4050,validation
2,4055,validation
2,4063,validation
2,4069,validation
2,4087,validation
2,4094,validation
2,4106,validation
2,4109,validation
2,4111,validation
2,4114,validation
2,4121,validation
2,4126,validation
2,4131,validation
2,4139,validation
2,4143,validation
2,4148,validation
2,4152,validation
2,4153,validation
2,4154,validation
2,4160,validation
2,4162,validation
2,4169,validation
2,4171,validation
2,4179,validation
2,4180,validation
2,4187,validation
2,4192,validation
2,4197,validation
2,4205,validation
2,4207,validation
2,4212,validation
2,4225,validation
2,4247,validation
2,4256,validation
2,4264,validation
2,4275,validation
2,4276,validation
2,4281,validation
2,4300,validation
2,4304,validation
2,4313,validation
2,4328,validation
2,4331,validation
2,4333,validation
2,4335,validation
2,4340,validation
2,4361,validation
2,4364,validation
2,4368,validation
2,4376,validation
2,4385,validation
2,4388,validation
2,4389,validation
2,4397,validation
2,4398,validation
2,4399,validation
2,4406,validation
2,4408,validation
2,4413,validation
2,4416,validation
2,4431,validation
2,4433,validation
2,4436,validation
2,4453,validation
2,4459,validation
2,4463,validation
2,4465,validation
2,4476,validation
2,4478,validation
2,4484,validation
2,4493,validation
2,4497,validation
2,4502,validation
2,4515,validation
2,4516,validation
2,4521,validation
2,4554,validation
2,4559,validation
2,4562,validation
2,4566,validation
2,4579,validation
2,4585,validation
2,4602,validation
2,4604,validation
2,4613,validation
2,4627,validation
2,4634,validation
2,4635,validation
2,4638,validation
2,4652,validation
2,4656,validation
2,4659,validation
2,4664,validation
2,4672,validation
2,4673,validation
2,4674,validation
2,4692,validation
2,4694,validation
2,4695,validation
2,4706,validation
2,4707,validation
2,4710,validation
2,4716,validation
2,4717,validation
2,4720,validation
2,4729,validation
2,4730,validation
2,4735,validation
2,4739,validation
2,4767,validation
2,4772,validation
2,4779,validation
2,4784,validation
2,4786,validation
2,4792,validation
2,4801,validation
2,4813,validation
2,4821,validation
2,4823,validation
2,4824,validation
2,4838,validation
2,4853,validation
2,4857,validation
2,4886,validation
2,4889,validation
2,4896,validation
2,4897,validation
2,4912,validation
2,4913,validation
2,4915,validation
2,4922,validation
2,4924,validation
2,4926,validation
2,4933,validation
2,4935,validation
2,4955,validation
2,4957,validation
2,4962,validation
2,4963,validation
2,4966,validation
2,4967,validation
2,4979,validation
2,4980,validation
2,4983,validation
2,4984,validation
2,5012,validation
2,5018,validation
2,5020,validation
2,5032,validation
2,5034,validation
2,5056,validation
2,5066,validation
2,5068,validation
2,5072,validation
2,5076,validation
2,5078,validation
2,5098,validation
2,5105,validation
2,5106,validation
2,5107,validation
2,5114,validation
2,5120,validation
2,5125,validation
2,5126,validation
2,5130,validation
2,5135,validation
2,5137,validation
2,5153,validation
2,5154,validation
2,5155,validation
2,5161,validation
2,5172,validation
2,5176,validation
2,5178,validation
2,5188,validation
2,5197,validation
2,5202,validation
2,5203,validation
2,5211,validation
2,5220,validation
2,5234,validation
2,5239,validation
2,5246,validation
2,5251,validation
2,5271,validation
2,5283,validation
2,5284,validation
2,5287,validation
2,5296,validation
2,5301,validation
2,5302,validation
2,5315,validation
2,5335,validation
2,5341,validation
2,5343,validation
2,5347,validation
2,5355,validation
2,5358,validation
2,5369,validation
2,5374,validation
2,5380,validation
2,5395,validation
2,5399,validation
2,5410,validation
2,5416,validation
2,5418,validation
2,5423,validation
2,5425,validation
2,5430,validation
2,5434,validation
2,5487,validation
2,5489,validation
2,5490,validation
2,5494,validation
2,5495,validation
2,5497,validation
2,5503,validation
2,5512,validation
2,5513,validation
2,5514,validation
2,5520,validation
2,5525,validation
2,5545,validation
2,5555,validation
2,5561,validation
2,5562,validation
2,5567,validation
2,5568,validation
2,5577,validation
2,5586,validation
2,5590,validation
2,5591,validation
2,5600,validation
2,5603,validation
2,5609,validation
2,5612,validation
2,5620,validation
2,5623,validation
2,5637,validation
2,5642,validation
2,5648,validation
2,5649,validation
2,5659,validation
2,5663,validation
2,5665,validation
2,5671,validation
2,5676,validation
2,5678,validation
2,5679,validation
2,5681,validation
2,5694,validation
2,5696,validation
2,5706,validation
2,5707,validation
2,5710,validation
2,5711,validation
2,5712,validation
2,5720,validation
2,5726,validation
2,5729,validation
2,5732,validation
2,5748,validation
2,5765,validation
2,5770,validation
2,5773,validation
2,5789,validation
2,5794,validation
2,5796,validation
2,5809,validation
2,5814,validation
2,5820,validation
2,5825,validation
2,5846,validation
2,5847,validation
2,5850,validation
2,5851,validation
2,5853,validation
2,5860,validation
2,5864,validation
2,5865,validation
2,5883,validation
2,5898,validation
2,5899,validation
2,5917,validation
2,5921,validation
2,5922,validation
2,5939,validation
2,5942,validation
2,5946,validation
2,5976,validation
2,5982,validation
2,5988,validation
2,5999,validation
2,6009,validation
2,6010,validation
2,6024,validation
2,6029,validation
2,6037,validation
2,6039,validation
2,6052,validation
2,6053,validation
2,6057,validation
2,6061,validation
2,6066,validation
2,6073,validation
2,6089,validation
2,6091,validation
2,6093,validation
2,6095,validation
2,6109,validation
2,6123,validation
2,6126,validation
2,6132,validation
2,6140,validation
2,6145,validation
2,6157,validation
2,6158,validation
2,6168,validation
2,6169,validation
2,6176,validation
2,6177,validation
2,6182,validation
2,6183,validation
2,6193,validation
2,6203,validation
2,6204,validation
2,6225,validation
2,6240,validation
2,6241,validation
2,6244,validation
2,6260,validation
2,6262,validation
2,6263,validation
2,6267,validation
2,6275,validation
2,6280,validation
2,6281,validation
2,6289,validation
2,6295,validation
2,6307,validation
2,6311,validation
2,6318,validation
2,6320,validation
2,6336,validation
2,6338,validation
2,6339,validation
2,6343,validation
2,6345,validation
2,6359,validation
2,6366,validation
2,6374,validation
2,6383,validation
2,6386,validation
2,6397,validation
2,6399,validation
2,6403,validation
2,6417,validation
2,6445,validation
2,6451,validation
2,6452,validation
2,6455,validation
2,6463,validation
2,6468,validation
2,6478,validation
2,6481,validation
2,6489,validation
2,6494,validation
2,6495,validation
2,6496,validation
2,6503,validation
2,6510,validation
2,6511,validation
2,6514,validation
2,6515,validation
2,6521,validation
2,6524,validation
2,6533,validation
2,6537,validation
2,6538,validation
2,6547,validation
2,6557,validation
2,6578,validation
2,6580,validation
2,6601,validation
2,6607,validation
2,6612,validation
2,6614,validation
2,6624,validation
2,6625,validation
2,6629,validation
2,6659,validation
2,6679,validation
2,6681,validation
2,6690,validation
2,6692,validation
2,6695,validation
2,6696,validation
2,6703,validation
2,6709,validation
2,6716,validation
2,6718,validation
2,6719,validation
2,6720,validation
2,6737,validation
2,6739,validation
2,6744,validation
2,6747,validation
2,6752,validation
2,6753,validation
2,6756,validation
2,6765,validation
2,6769,validation
2,6780,validation
2,6781,validation
2,6790,validation
2,6792,validation
2,6800,validation
2,6813,validation
2,6827,validation
2,6835,validation
2,6842,validation
2,6843,validation
2,6848,validation
2,6858,validation
2,6866,validation
2,6867,validation
2,6870,validation
2,6875,validation
2,6886,validation
2,6887,validation
2,6894,validation
2,6896,validation
2,6913,validation
2,6917,validation
2,6920,validation
2,6925,validation
2,6955,validation
2,6959,validation
2,6963,validation
2,6967,validation
2,6984,validation
2,6992,validation
2,6993,validation
2,7007,validation
2,7010,validation
2,7016,validation
2,7019,validation
2,7021,validation
2,7023,validation
2,7039,validation
2,7041,validation
2,7042,validation
2,7052,validation
2,7069,validation
2,7073,validation
2,7080,validation
2,7088,validation
2,7097,validation
2,7098,validation
2,7106,validation
2,7114,validation
2,7117,validation
2,7123,validation
2,7127,validation
2,7135,validation
2,7136,validation
2,7145,validation
2,7162,validation
2,7164,validation
2,7167,validation
2,7169,validation
2,7185,validation
2,7198,validation
2,7209,validation
2,7215,validation
2,7241,validation
2,7242,validation
2,7244,validation
2,7250,validation
2,7252,validation
2,7258,validation
2,7259,validation
2,7260,validation
2,7265,validation
2,7268,validation
2,7273,validation
2,7278,validation
2,7290,validation
2,7292,validation
2,7297,validation
2,7309,validation
2,7311,validation
2,7317,validation
2,7322,validation
2,7325,validation
2,7336,validation
2,7342,validation
2,7344,validation
2,7348,validation
2,7353,validation
2,7358,validation
2,7360,validation
2,7361,validation
2,7362,validation
2,7377,validation
2,7382,validation
2,7385,validation
2,7389,validation
2,7400,validation
2,7406,validation
2,7412,validation
2,7414,validation
2,7422,validation
2,7426,validation
2,7430,validation
2,7431,validation
2,7447,validation
2,7448,validation
2,7455,validation
2,7470,validation
2,7471,validation
2,7493,validation
2,7498,validation
2,7513,validation
2,7530,validation
2,7540,validation
2,7545,validation
2,7547,validation
2,7562,validation
2,7564,validation
2,7577,validation
2,7582,validation
2,7585,validation
2,7590,validation
2,7592,validation
2,7594,validation
2,7598,validation
2,7606,validation
2,7611,validation
2,7618,validation
2,7619,validation
2,7621,validation
2,7622,validation
2,7632,validation
2,7638,validation
2,7641,validation
2,7645,validation
2,7658,validation
2,7668,validation
2,7676,validation
2,7677,validation
2,7679,validation
2,7680,validation
2,7693,validation
2,7698,validation
2,7699,validation
2,7721,validation
2,7729,validation
2,7736,validation
2,7738,validation
2,7742,validation
2,7743,validation
2,7745,validation
2,7756,validation
2,7760,validation
2,7768,validation
2,7774,validation
2,7791,validation
2,7809,validation
2,7814,validation
2,7816,validation
2,7821,validation
2,7826,validation
2,7838,validation
2,7840,validation
2,7850,validation
2,7851,validation
2,7858,validation
2,7870,validation
2,7892,validation
2,7905,validation
2,7907,validation
2,7910,validation
2,7918,validation
2,7920,validation
2,7926,validation
2,7946,validation
2,7957,validation
2,7958,validation
2,7965,validation
2,7967,validation
2,7973,validation
2,7976,validation
2,7977,validation
2,7985,validation
2,7988,validation
2,7998,validation
2,8006,validation
2,8033,validation
2,8040,validation
2,8050,validation
2,8054,validation
2,8055,validation
2,8058,validation
2,8069,validation
2,8075,validation
2,8080,validation
2,8084,validation
2,8093,validation
2,8097,validation
2,8109,validation
2,8111,validation
2,8113,validation
2,8115,validation
2,8118,validation
2,8124,validation
2,8136,validation
2,8144,validation
2,8158,validation
2,8161,validation
2,8165,validation
2,8167,validation
2,8184,validation
2,8197,validation
2,8204,validation
2,8218,validation
2,8229,validation
2,8233,validation
2,8235,validation
2,8248,validation
2,8266,validation
2,8276,validation
2,8279,validation
2,8284,validation
2,8289,validation
2,8290,validation
2,8291,validation
2,8296,validation
2,8305,validation
2,8315,validation
2,8316,validation
2,8320,validation
2,8323,validation
2,8328,validation
2,8329,validation
2,8332,validation
2,8333,validation
2,8351,validation
2,8357,validation
2,8361,validation
2,8363,validation
2,8366,validation
2,8367,validation
2,8369,validation
2,8378,validation
2,8390,validation
2,8395,validation
2,8396,validation
2,8398,validation
2,8402,validation
2,8405,validation
2,8407,validation
2,8408,validation
2,8410,validation
2,8411,validation
2,8415,validation
2,8495,validation
2,8504,validation
2,8522,validation
2,8524,validation
2,8529,validation
2,8532,validation
2,8533,validation
2,8550,validation
2,8554,validation
2,8556,validation
2,8567,validation
2,8576,validation
2,8590,validation
2,8599,validation
2,8606,validation
2,8609,validation
2,8610,validation
2,8614,validation
2,8618,validation
2,8619,validation
2,8622,validation
2,8628,validation
2,8636,validation
2,8637,validation
2,8639,validation
2,8640,validation
2,8644,validation
2,8650,validation
2,8657,validation
2,8661,validation
2,8662,validation
2,8668,validation
2,8678,validation
2,8693,validation
2,8712,validation
2,8731,validation
2,8737,validation
2,8738,validation
2,8748,validation
2,8750,validation
2,8753,validation
2,8759,validation
2,8761,validation
2,8766,validation
2,8778,validation
2,8783,validation
2,8793,validation
2,8806,validation
2,8820,validation
2,8824,validation
2,8827,validation
2,8833,validation
2,8845,validation
2,8846,validation
2,8868,validation
2,8873,validation
2,8875,validation
2,8877,validation
2,8891,validation
2,8896,validation
2,8899,validation
2,8901,validation
2,8908,validation
2,8917,validation
2,8923,validation
2,8925,validation
2,8928,validation
2,8931,validation
2,8935,validation
2,8936,validation
2,8950,validation
2,8957,validation
2,8972,validation
2,8975,validation
2,8981,validation
2,8984,validation
2,8986,validation
2,8995,validation
2,8998,validation
2,9009,validation
2,9025,validation
2,9028,validation
2,9041,validation
2,9043,validation
2,9050,validation
2,9052,validation
2,9053,validation
2,9074,validation
2,9109,validation
2,9112,validation
2,9118,validation
2,9121,validation
2,9122,validation
2,9133,validation
2,9164,validation
2,9170,validation
2,9184,validation
2,9186,validation
2,9204,validation
2,9207,validation
2,9220,validation
2,9222,validation
2,9230,validation
2,9236,validation
2,9243,validation
2,9259,validation
2,9264,validation
2,9267,validation
2,9271,validation
2,9279,validation
2,9291,validation
2,9297,validation
2,9299,validation
2,9300,validation
2,9302,validation
2,9310,validation
2,9313,validation
2,9315,validation
2,9317,validation
2,9319,validation
2,9326,validation
2,9333,validation
2,9336,validation
2,9340,validation
2,9353,validation
2,9355,validation
2,9361,validation
2,9365,validation
2,9367,validation
2,9369,validation
2,9370,validation
2,9375,validation
2,9378,validation
2,9391,validation
2,9395,validation
2,9396,validation
2,9417,validation
2,9422,validation
2,9435,validation
2,9436,validation
2,9437,validation
2,9451,validation
2,9468,validation
2,9470,validation
2,9480,validation
2,9483,validation
2,9502,validation
2,9503,validation
2,9506,validation
2,9511,validation
2,9519,validation
2,9520,validation
2,9521,validation
2,9527,validation
2,9538,validation
2,9539,validation
2,9540,validation
2,9541,validation
2,9552,validation
2,9553,validation
2,9561,validation
2,9566,validation
2,9568,validation
2,9581,validation
2,9585,validation
2,9589,validation
2,9599,validation
2,9603,validation
2,9612,validation
2,9623,validation
2,9629,validation
2,9640,validation
2,9642,validation
2,9643,validation
2,9656,validation
2,9662,validation
2,9668,validation
2,9681,validation
2,9682,validation
2,9685,validation
2,9687,validation
2,9689,validation
2,9693,validation
2,9698,validation
2,9712,validation
2,9715,validation
2,9719,validation
2,9728,validation
2,9740,validation
2,9743,validation
2,9745,validation
2,9756,validation
2,9762,validation
2,9765,validation
2,9771,validation
2,9778,validation
2,9785,validation
2,9792,validation
2,9796,validation
2,9811,validation
2,9815,validation
2,9818,validation
2,9824,validation
2,9849,validation
2,9850,validation
2,9852,validation
2,9853,validation
2,9856,validation
2,9863,validation
2,9867,validation
2,9870,validation
2,9872,validation
2,9873,validation
2,9878,validation
2,9879,validation
2,9883,validation
2,9892,validation
2,9898,validation
2,9899,validation
2,9911,validation
2,9917,validation
2,9920,validation
2,9935,validation
2,9940,validation
2,9973,validation
2,9984,validation
2,9988,validation
2,0,test
2,16,test
2,31,test
2,44,test
2,45,test
2,46,test
2,47,test
2,56,test
2,58,test
2,61,test
2,75,test
2,79,test
2,92,test
2,93,test
2,101,test
2,113,test
2,116,test
2,117,test
2,125,test
2,132,test
2,133,test
2,136,test
2,140,test
2,162,test
2,164,test
2,165,test
2,167,test
2,197,test
2,199,test
2,206,test
2,213,test
2,228,test
2,234,test
2,238,test
2,250,test
2,271,test
2,278,test
2,287,test
2,294,test
2,296,test
2,298,test
2,299,test
2,302,test
2,303,test
2,305,test
2,311,test
2,315,test
2,325,test
2,335,test
2,341,test
2,342,test
2,351,test
2,355,test
2,357,test
2,363,test
2,373,test
2,378,test
2,383,test
2,389,test
2,400,test
2,406,test
2,417,test
2,425,test
2,438,test
2,448,test
2,458,test
2,464,test
2,470,test
2,472,test
2,473,test
2,481,test
2,483,test
2,489,test
2,504,test
2,506,test
2,511,test
2,515,test
2,518,test
2,523,test
2,533,test
2,534,test
2,539,test
2,563,test
2,565,test
2,570,test
2,580,test
2,590,test
2,591,test
2,598,test
2,610,test
2,614,test
2,615,test
2,627,test
2,628,test
2,629,test
2,644,test
2,650,test
2,653,test
2,657,test
2,659,test
2,660,test
2,668,test
2,670,test
2,676,test
2,677,test
2,688,test
2,691,test
2,698,test
2,721,test
2,723,test
2,737,test
2,742,test
2,744,test
2,746,test
2,747,test
2,766,test
2,770,test
2,774,test
2,791,test
2,797,test
2,802,test
2,811,test
2,816,test
2,844,test
2,851,test
2,856,test
2,859,test
2,861,test
2,864,test
2,868,test
2,872,test
2,877,test
2,884,test
2,892,test
2,904,test
2,908,test
2,915,test
2,923,test
2,934,test
2,944,test
2,950,test
2,960,test
2,961,test
2,963,test
2,965,test
2,984,test
2,992,test
2,1004,test
2,1005,test
2,1014,test
2,1015,test
2,1020,test
2,1043,test
2,1052,test
2,1056,test
2,1066,test
2,1067,test
2,1073,test
2,1078,test
2,1082,test
2,1083,test
2,1090,test
2,1093,test
2,1099,test
2,1102,test
2,1113,test
2,1118,test
2,1137,test
2,1160,test
2,1168,test
2,1171,test
2,1174,test
2,1175,test
2,1178,test
2,1181,test
2,1185,test
2,1188,test
2,1192,test
2,1195,test
2,1205,test
2,1208,test
2,1209,test
2,1211,test
2,1238,test
2,1242,test
2,1244,test
2,1252,test
2,1257,test
2,1259,test
2,1261,test
2,1269,test
2,1271,test
2,1273,test
2,1277,test
2,1280,test
2,1310,test
2,1319,test
2,1321,test
2,1322,test
2,1328,test
2,1334,test
2,1335,test
2,1353,test
2,1356,test
2,1360,test
2,1361,test
2,1371,test
2,1379,test
2,1381,test
2,1386,test
2,1389,test
2,1395,test
2,1399,test
2,1404,test
2,1411,test
2,1412,test
2,1416,test
2,1419,test
2,1425,test
2,1431,test
2,1442,test
2,1448,test
2,1450,test
2,1452,test
2,1459,test
2,1471,test
2,1484,test
2,1487,test
2,1489,test
2,1505,test
2,1517,test
2,1522,test
2,1525,test
2,1534,test
2,1543,test
2,1573,test
2,1581,test
2,1583,test
2,1595,test
2,1596,test
2,1604,test
2,1608,test
2,1620,test
2,1621,test
2,1624,test
2,1625,test
2,1626,test
2,1634,test
2,1635,test
2,1639,test
2,1640,test
2,1642,test
2,1643,test
2,1650,test
2,1651,test
2,1652,test
2,1656,test
2,1661,test
2,1684,test
2,1689,test
2,1695,test
2,1718,test
2,1721,test
2,1723,test
2,1732,test
2,1742,test
2,1750,test
2,1753,test
2,1756,test
2,1764,test
2,1767,test
2,1768,test
2,1774,test
2,1777,test
2,1800,test
2,1804,test
2,1809,test
2,1816,test
2,1827,test
2,1833,test
2,1835,test
2,1844,test
2,1850,test
2,1855,test
2,1856,test
2,1876,test
2,1877,test
2,1881,test
2,1883,test
2,1891,test
2,1899,test
2,1900,test
2,1903,test
2,1904,test
2,1905,test
2,1931,test
2,1942,test
2,1950,test
2,1966,test
2,1969,test
2,1981,test
2,1982,test
2,1988,test
2,1989,test
2,2015,test
2,2017,test
2,2026,test
2,2051,test
2,2052,test
2,2062,test
2,2069,test
2,2074,test
2,2086,test
2,2092,test
2,2096,test
2,2105,test
2,2126,test
2,2138,test
2,2147,test
2,2148,test
2,2152,test
2,2159,test
2,2162,test
2,2168,test
2,2170,test
2,2173,test
2,2177,test
2,2181,test
2,2193,test
2,2197,test
2,2201,test
2,2209,test
2,2223,test
2,2232,test
2,2233,test
2,2237,test
2,2251,test
2,2254,test
2,2264,test
2,2277,test
2,2286,test
2,2291,test
2,2303,test
2,2305,test
2,2311,test
2,2315,test
2,2317,test
2,2319,test
2,2326,test
2,2329,test
2,2332,test
2,2334,test
2,2340,test
2,2344,test
2,2357,test
2,2365,test
2,2370,test
2,2377,test
2,2390,test
2,2398,test
2,2409,test
2,2411,test
2,2415,test
2,2425,test
2,2429,test
2,2439,test
2,2441,test
2,2443,test
2,2447,test
2,2456,test
2,2462,test
2,2466,test
2,2474,test
2,2479,test
2,2502,test
2,2504,test
2,2521,test
2,2526,test
2,2532,test
2,2533,test
2,2535,test
2,2545,test
2,2548,test
2,2551,test
2,2567,test
2,2582,test
2,2587,test
2,2598,test
2,2616,test
2,2617,test
2,2619,test
2,2624,test
2,2626,test
2,2628,test
2,2629,test
2,2630,test
2,2633,test
2,2638,test
2,2642,test
2,2645,test
2,2662,test
2,2677,test
2,2680,test
2,2691,test
2,2695,test
2,2705,test
2,2706,test
2,2710,test
2,2713,test
2,2729,test
2,2732,test
2,2733,test
2,2745,test
2,2746,test
2,2757,test
2,2760,test
2,2767,test
2,2770,test
2,2787,test
2,2791,test
2,2792,test
2,2793,test
2,2800,test
2,2809,test
2,2810,test
2,2813,test
2,2826,test
2,2853,test
2,2854,test
2,2858,test
2,2860,test
2,2888,test
2,2892,test
2,2897,test
2,2901,test
2,2903,test
2,2904,test
2,2915,test
2,2923,test
2,2928,test
2,2933,test
2,2942,test
2,2945,test
2,2947,test
2,2948,test
2,2950,test
2,2953,test
2,2954,test
2,2955,test
2,2957,test
2,2959,test
2,2965,test
2,2971,test
2,2980,test
2,2987,test
2,2994,test
2,2999,test
2,3002,test
2,3016,test
2,3023,test
2,3032,test
2,3033,test
2,3038,test
2,3042,test
2,3054,test
2,3063,test
2,3064,test
2,3068,test
2,3074,test
2,3076,test
2,3083,test
2,3089,test
2,3098,test
2,3100,test
2,3116,test
2,3117,test
2,3118,test
2,3125,test
2,3137,test
2,3192,test
2,3203,test
2,3208,test
2,3210,test
2,3217,test
2,3239,test
2,3245,test
2,3246,test
2,3251,test
2,3255,test
2,3269,test
2,3284,test
2,3287,test
2,3293,test
2,3298,test
2,3303,test
2,3306,test
2,3308,test
2,3309,test
2,3320,test
2,3322,test
2,3323,test
2,3330,test
2,3331,test
2,3345,test
2,3362,test
2,3382,test
2,3386,test
2,3387,test
2,3388,test
2,3392,test
2,3394,test
2,3397,test
2,3400,test
2,3401,test
2,3418,test
2,3425,test
2,3437,test
2,3439,test
2,3441,test
2,3452,test
2,3473,test
2,3475,test
2,3486,test
2,3490,test
2,3492,test
2,3494,test
2,3502,test
2,3527,test
2,3528,test
2,3546,test
2,3547,test
2,3554,test
2,3565,test
2,3567,test
2,3571,test
2,3584,test
2,3585,test
2,3588,test
2,3591,test
2,3599,test
2,3607,test
2,3609,test
2,3615,test
2,3618,test
2,3623,test
2,3640,test
2,3645,test
2,3647,test
2,3665,test
2,3666,test
2,3670,test
2,3671,test
2,3681,test
2,3684,test
2,3704,test
2,3707,test
2,3716,test
2,3731,test
2,3735,test
2,3736,test
2,3749,test
2,3761,test
2,3764,test
2,3765,test
2,3766,test
2,3772,test
2,3779,test
2,3792,test
2,3793,test
2,3795,test
2,3796,test
2,3805,test
2,3819,test
2,3827,test
2,3829,test
2,3841,test
2,3854,test
2,3866,test
2,3868,test
2,3869,test
2,3870,test
2,3877,test
2,3880,test
2,3882,test
2,3891,test
2,3909,test
2,3910,test
2,3928,test
2,3930,test
2,3938,test
2,3948,test
2,3950,test
2,3970,test
2,3973,test
2,3980,test
2,3981,test
2,3982,test
2,3987,test
2,3990,test
2,3992,test
2,3993,test
2,4000,test
2,4014,test
2,4016,test
2,4017,test
2,4018,test
2,4023,test
2,4051,test
2,4062,test
2,4066,test
2,4068,test
2,4070,test
2,4071,test
2,4072,test
2,4086,test
2,4088,test
2,4095,test
2,4098,test
2,4102,test
2,4123,test
2,4127,test
2,4135,test
2,4149,test
2,4155,test
2,4174,test
2,4175,test
2,4176,test
2,4185,test
2,4188,test
2,4201,test
2,4220,test
2,4231,test
2,4233,test
2,4239,test
2,4240,test
2,4243,test
2,4244,test
2,4257,test
2,4260,test
2,4269,test
2,4271,test
2,4274,test
2,4283,test
2,4284,test
2,4295,test
2,4297,test
2,4302,test
2,4311,test
2,4315,test
2,4343,test
2,4365,test
2,4366,test
2,4369,test
2,4373,test
2,4379,test
2,4381,test
2,4382,test
2,4387,test
2,4395,test
2,4403,test
2,4438,test
2,4440,test
2,4441,test
2,4448,test
2,4449,test
2,4451,test
2,4452,test
2,4468,test
2,4469,test
2,4473,test
2,4479,test
2,4487,test
2,4495,test
2,4499,test
2,4509,test
2,4512,test
2,4518,test
2,4520,test
2,4526,test
2,4549,test
2,4552,test
2,4555,test
2,4558,test
2,4563,test
2,4564,test
2,4573,test
2,4581,test
2,4582,test
2,4592,test
2,4595,test
2,4597,test
2,4601,test
2,4609,test
2,4614,test
2,4642,test
2,4645,test
2,4649,test
2,4657,test
2,4661,test
2,4662,test
2,4671,test
2,4677,test
2,4686,test
2,4689,test
2,4697,test
2,4708,test
2,4713,test
2,4715,test
2,4727,test
2,4733,test
2,4734,test
2,4744,test
2,4745,test
2,4751,test
2,4752,test
2,4778,test
2,4788,test
2,4794,test
2,4797,test
2,4798,test
2,4805,test
2,4817,test
2,4829,test
2,4834,test
2,4844,test
2,4845,test
2,4854,test
2,4860,test
2,4864,test
2,4868,test
2,4870,test
2,4873,test
2,4883,test
2,4894,test
2,4901,test
2,4914,test
2,4918,test
2,4919,test
2,4938,test
2,4944,test
2,4952,test
2,4954,test
2,4956,test
2,4961,test
2,4970,test
2,4978,test
2,4989,test
2,4991,test
2,4996,test
2,5001,test
2,5015,test
2,5019,test
2,5028,test
2,5036,test
2,5045,test
2,5048,test
2,5052,test
2,5058,test
2,5062,test
2,5073,test
2,5074,test
2,5075,test
2,5083,test
2,5085,test
2,5089,test
2,5099,test
2,5109,test
2,5111,test
2,5112,test
2,5123,test
2,5146,test
2,5148,test
2,5162,test
2,5163,test
2,5177,test
2,5187,test
2,5189,test
2,5190,test
2,5198,test
2,5204,test
2,5209,test
2,5218,test
2,5231,test
2,5235,test
2,5244,test
2,5252,test
2,5261,test
2,5274,test
2,5299,test
2,5303,test
2,5306,test
2,5311,test
2,5312,test
2,5314,test
2,5321,test
2,5324,test
2,5329,test
2,5331,test
2,5333,test
2,5336,test
2,5338,test
2,5349,test
2,5359,test
2,5360,test
2,5361,test
2,5362,test
2,5368,test
2,5372,test
2,5375,test
2,5378,test
2,5384,test
2,5385,test
2,5386,test
2,5389,test
2,5393,test
2,5404,test
2,5407,test
2,5427,test
2,5428,test
2,5433,test
2,5435,test
2,5436,test
2,5448,test
2,5454,test
2,5458,test
2,5460,test
2,5463,test
2,5469,test
2,5478,test
2,5491,test
2,5498,test
2,5501,test
2,5511,test
2,5526,test
2,5531,test
2,5533,test
2,5543,test
2,5552,test
2,5566,test
2,5572,test
2,5578,test
2,5605,test
2,5617,test
2,5621,test
2,5632,test
2,5641,test
2,5650,test
2,5652,test
2,5675,test
2,5683,test
2,5684,test
2,5722,test
2,5734,test
2,5743,test
2,5745,test
2,5759,test
2,5763,test
2,5764,test
2,5775,test
2,5776,test
2,5778,test
2,5783,test
2,5788,test
2,5790,test
2,5795,test
2,5804,test
2,5819,test
2,5824,test
2,5829,test
2,5841,test
2,5842,test
2,5844,test
2,5854,test
2,5869,test
2,5879,test
2,5880,test
2,5884,test
2,5885,test
2,5886,test
2,5892,test
2,5896,test
2,5900,test
2,5907,test
2,5909,test
2,5914,test
2,5923,test
2,5925,test
2,5928,test
2,5947,test
2,5950,test
2,5957,test
2,5966,test
2,5967,test
2,5971,test
2,5978,test
2,5980,test
2,5981,test
2,5983,test
2,5985,test
2,5989,test
2,5990,test
2,5993,test
2,6006,test
2,6007,test
2,6015,test
2,6022,test
2,6036,test
2,6048,test
2,6059,test
2,6064,test
2,6068,test
2,6069,test
2,6070,test
2,6079,test
2,6094,test
2,6098,test
2,6099,test
2,6103,test
2,6108,test
2,6112,test
2,6113,test
2,6118,test
2,6121,test
2,6125,test
2,6129,test
2,6131,test
2,6135,test
2,6141,test
2,6146,test
2,6152,test
2,6166,test
2,6173,test
2,6175,test
2,6178,test
2,6192,test
2,6196,test
2,6197,test
2,6200,test
2,6206,test
2,6214,test
2,6238,test
2,6254,test
2,6261,test
2,6274,test
2,6279,test
2,6286,test
2,6288,test
2,6296,test
2,6297,test
2,6304,test
2,6305,test
2,6306,test
2,6312,test
2,6317,test
2,6321,test
2,6324,test
2,6325,test
2,6337,test
2,6342,test
2,6344,test
2,6351,test
2,6355,test
2,6361,test
2,6364,test
2,6365,test
2,6367,test
2,6382,test
2,6384,test
2,6390,test
2,6391,test
2,6395,test
2,6412,test
2,6438,test
2,6444,test
2,6446,test
2,6454,test
2,6456,test
2,6457,test
2,6458,test
2,6467,test
2,6471,test
2,6472,test
2,6488,test
2,6490,test
2,6493,test
2,6501,test
2,6502,test
2,6532,test
2,6536,test
2,6542,test
2,6552,test
2,6567,test
2,6569,test
2,6575,test
2,6582,test
2,6584,test
2,6586,test
2,6593,test
2,6594,test
2,6608,test
2,6620,test
2,6647,test
2,6665,test
2,6672,test
2,6675,test
2,6677,test
2,6687,test
2,6700,test
2,6705,test
2,6721,test
2,6723,test
2,6746,test
2,6748,test
2,6750,test
2,6754,test
2,6757,test
2,6770,test
2,6777,test
2,6783,test
2,6785,test
2,6794,test
2,6801,test
2,6805,test
2,6820,test
2,6821,test
2,6840,test
2,6845,test
2,6854,test
2,6855,test
2,6857,test
2,6868,test
2,6876,test
2,6877,test
2,6878,test
2,6884,test
2,6892,test
2,6897,test
2,6902,test
2,6907,test
2,6908,test
2,6938,test
2,6942,test
2,6947,test
2,6950,test
2,6966,test
2,6970,test
2,6971,test
2,6974,test
2,6976,test
2,6985,test
2,6990,test
2,7003,test
2,7008,test
2,7015,test
2,7018,test
2,7056,test
2,7057,test
2,7062,test
2,7087,test
2,7095,test
2,7099,test
2,7102,test
2,7103,test
2,7110,test
2,7118,test
2,7119,test
2,7150,test
2,7151,test
2,7153,test
2,7158,test
2,7171,test
2,7177,test
2,7186,test
2,7197,test
2,7201,test
2,7205,test
2,7212,test
2,7219,test
2,7230,test
2,7243,test
2,7248,test
2,7255,test
2,7280,test
2,7285,test
2,7289,test
2,7291,test
2,7298,test
2,7300,test
2,7302,test
2,7303,test
2,7305,test
2,7310,test
2,7316,test
2,7328,test
2,7337,test
2,7338,test
2,7339,test
2,7349,test
2,7355,test
2,7356,test
2,7369,test
2,7372,test
2,7373,test
2,7375,test
2,7379,test
2,7394,test
2,7396,test
2,7411,test
2,7417,test
2,7420,test
2,7440,test
2,7443,test
2,7444,test
2,7449,test
2,7450,test
2,7453,test
2,7456,test
2,7457,test
2,7459,test
2,7463,test
2,7465,test
2,7473,test
2,7481,test
2,7506,test
2,7516,test
2,7518,test
2,7525,test
2,7526,test
2,7529,test
2,7532,test
2,7534,test
2,7549,test
2,7558,test
2,7560,test
2,7565,test
2,7569,test
2,7584,test
2,7586,test
2,7593,test
2,7595,test
2,7597,test
2,7599,test
2,7600,test
2,7603,test
2,7605,test
2,7612,test
2,7616,test
2,7626,test
2,7633,test
2,7643,test
2,7650,test
2,7665,test
2,7666,test
2,7667,test
2,7674,test
2,7683,test
2,7688,test
2,7695,test
2,7700,test
2,7703,test
2,7708,test
2,7709,test
2,7719,test
2,7727,test
2,7730,test
2,7732,test
2,7758,test
2,7759,test
2,7763,test
2,7766,test
2,7770,test
2,7778,test
2,7781,test
2,7783,test
2,7786,test
2,7794,test
2,7795,test
2,7797,test
2,7800,test
2,7803,test
2,7807,test
2,7815,test
2,7822,test
2,7835,test
2,7841,test
2,7844,test
2,7855,test
2,7857,test
2,7864,test
2,7871,test
2,7872,test
2,7878,test
2,7883,test
2,7888,test
2,7915,test
2,7938,test
2,7939,test
2,7944,test
2,7945,test
2,7951,test
2,7955,test
2,7968,test
2,7978,test
2,7990,test
2,7991,test
2,7994,test
2,8020,test
2,8023,test
2,8026,test
2,8031,test
2,8036,test
2,8038,test
2,8045,test
2,8047,test
2,8048,test
2,8056,test
2,8061,test
2,8062,test
2,8064,test
2,8081,test
2,8082,test
2,8086,test
2,8129,test
2,8149,test
2,8150,test
2,8151,test
2,8153,test
2,8169,test
2,8171,test
2,8187,test
2,8190,test
2,8191,test
2,8202,test
2,8208,test
2,8209,test
2,8215,test
2,8216,test
2,8245,test
2,8252,test
2,8258,test
2,8261,test
2,8270,test
2,8272,test
2,8275,test
2,8280,test
2,8293,test
2,8301,test
2,8302,test
2,8322,test
2,8335,test
2,8339,test
2,8340,test
2,8347,test
2,8350,test
2,8353,test
2,8356,test
2,8374,test
2,8386,test
2,8388,test
2,8400,test
2,8414,test
2,8420,test
2,8422,test
2,8424,test
2,8433,test
2,8436,test
2,8438,test
2,8446,test
2,8448,test
2,8450,test
2,8458,test
2,8464,test
2,8465,test
2,8466,test
2,8470,test
2,8478,test
2,8486,test
2,8492,test
2,8496,test
2,8498,test
2,8510,test
2,8511,test
2,8512,test
2,8520,test
2,8521,test
2,8523,test
2,8527,test
2,8530,test
2,8536,test
2,8537,test
2,8541,test
2,8546,test
2,8560,test
2,8566,test
2,8568,test
2,8587,test
2,8588,test
2,8607,test
2,8611,test
2,8617,test
2,8625,test
2,8634,test
2,8648,test
2,8649,test
2,8651,test
2,8672,test
2,8675,test
2,8679,test
2,8682,test
2,8684,test
2,8686,test
2,8688,test
2,8690,test
2,8691,test
2,8700,test
2,8701,test
2,8717,test
2,8730,test
2,8747,test
2,8755,test
2,8767,test
2,8775,test
2,8779,test
2,8802,test
2,8815,test
2,8816,test
2,8819,test
2,8835,test
2,8839,test
2,8842,test
2,8851,test
2,8858,test
2,8870,test
2,8872,test
2,8876,test
2,8881,test
2,8887,test
2,8889,test
2,8898,test
2,8903,test
2,8915,test
2,8938,test
2,8940,test
2,8945,test
2,8948,test
2,8960,test
2,8961,test
2,8964,test
2,8965,test
2,8979,test
2,8994,test
2,9002,test
2,9010,test
2,9011,test
2,9013,test
2,9017,test
2,9032,test
2,9038,test
2,9048,test
2,9054,test
2,9059,test
2,9073,test
2,9082,test
2,9089,test
2,9098,test
2,9103,test
2,9107,test
2,9110,test
2,9114,test
2,9120,test
2,9143,test
2,9144,test
2,9145,test
2,9149,test
2,9162,test
2,9167,test
2,9173,test
2,9176,test
2,9178,test
2,9198,test
2,9224,test
2,9228,test
2,9235,test
2,9241,test
2,9244,test
2,9246,test
2,9253,test
2,9260,test
2,9265,test
2,9269,test
2,9275,test
2,9280,test
2,9281,test
2,9301,test
2,9303,test
2,9309,test
2,9321,test
2,9334,test
2,9348,test
2,9356,test
2,9360,test
2,9362,test
2,9368,test
2,9387,test
2,9397,test
2,9403,test
2,9407,test
2,9427,test
2,9428,test
2,9429,test
2,9431,test
2,9438,test
2,9441,test
2,9449,test
2,9465,test
2,9467,test
2,9482,test
2,9495,test
2,9496,test
2,9499,test
2,9500,test
2,9501,test
2,9505,test
2,9509,test
2,9513,test
2,9516,test
2,9524,test
2,9531,test
2,9548,test
2,9559,test
2,9571,test
2,9576,test
2,9596,test
2,9611,test
2,9616,test
2,9621,test
2,9622,test
2,9625,test
2,9626,test
2,9630,test
2,9631,test
2,9633,test
2,9644,test
2,9647,test
2,9664,test
2,9671,test
2,9673,test
2,9674,test
2,9678,test
2,9683,test
2,9684,test
2,9691,test
2,9699,test
2,9701,test
2,9704,test
2,9709,test
2,9713,test
2,9716,test
2,9734,test
2,9735,test
2,9739,test
2,9741,test
2,9742,test
2,9751,test
2,9768,test
2,9774,test
2,9777,test
2,9787,test
2,9788,test
2,9808,test
2,9810,test
2,9813,test
2,9819,test
2,9821,test
2,9829,test
2,9833,test
2,9838,test
2,9842,test
2,9845,test
2,9861,test
2,9869,test
2,9889,test
2,9900,test
2,9904,test
2,9906,test
2,9921,test
2,9922,test
2,9927,test
2,9929,test
2,9931,test
2,9939,test
2,9952,test
2,9953,test
2,9960,test
2,9962,test
2,9976,test
2,9981,test
2,9985,test
2,9987,test
3,3,base
3,4,base
3,5,base
3,6,base
3,10,base
3,14,base
3,15,base
3,16,base
3,18,base
3,21,base
3,23,base
3,24,base
3,25,base
3,27,base
3,29,base
3,30,base
3,31,base
3,37,base
3,38,base
3,40,base
3,42,base
3,43,base
3,45,base
3,46,base
3,47,base
3,50,base
3,53,base
3,55,base
3,56,base
3,57,base
3,58,base
3,59,base
3,61,base
3,64,base
3,65,base
3,66,base
3,67,base
3,68,base
3,70,base
3,73,base
3,74,base
3,75,base
3,77,base
3,78,base
3,79,base
3,80,base
3,81,base
3,82,base
3,83,base
3,84,base
3,98,base
3,101,base
3,102,base
3,103,base
3,105,base
3,107,base
3,108,base
3,109,base
3,112,base
3,114,base
3,115,base
3,118,base
3,121,base
3,122,base
3,123,base
3,126,base
3,127,base
3,128,base
3,130,base
3,134,base
3,136,base
3,137,base
3,140,base
3,142,base
3,143,base
3,144,base
3,146,base
3,149,base
3,151,base
3,153,base
3,154,base
3,155,base
3,157,base
3,159,base
3,162,base
3,163,base
3,166,base
3,168,base
3,177,base
3,180,base
3,185,base
3,186,base
3,188,base
3,189,base
3,190,base
3,191,base
3,193,base
3,194,base
3,195,base
3,197,base
3,199,base
3,201,base
3,203,base
3,204,base
3,209,base
3,211,base
3,213,base
3,214,base
3,217,base
3,218,base
3,220,base
3,221,base
3,224,base
3,225,base
3,227,base
3,228,base
3,229,base
3,230,base
3,233,base
3,234,base
3,236,base
3,239,base
3,240,base
3,241,base
3,243,base
3,244,base
3,245,base
3,246,base
3,247,base
3,248,base
3,250,base
3,251,base
3,254,base
3,260,base
3,261,base
3,262,base
3,263,base
3,265,base
3,268,base
3,269,base
3,272,base
3,276,base
3,281,base
3,282,base
3,283,base
3,284,base
3,291,base
3,297,base
3,298,base
3,299,base
3,301,base
3,302,base
3,304,base
3,305,base
3,306,base
3,307,base
3,309,base
3,312,base
3,317,base
3,319,base
3,321,base
3,325,base
3,326,base
3,327,base
3,328,base
3,329,base
3,332,base
3,333,base
3,334,base
3,338,base
3,340,base
3,341,base
3,342,base
3,344,base
3,349,base
3,350,base
3,351,base
3,354,base
3,356,base
3,358,base
3,360,base
3,365,base
3,367,base
3,369,base
3,371,base
3,372,base
3,375,base
3,376,base
3,378,base
3,379,base
3,380,base
3,382,base
3,384,base
3,385,base
3,389,base
3,392,base
3,393,base
3,396,base
3,405,base
3,406,base
3,407,base
3,410,base
3,411,base
3,413,base
3,414,base
3,415,base
3,416,base
3,417,base
3,418,base
3,420,base
3,422,base
3,424,base
3,425,base
3,427,base
3,432,base
3,437,base
3,440,base
3,446,base
3,447,base
3,448,base
3,452,base
3,453,base
3,454,base
3,456,base
3,459,base
3,460,base
3,462,base
3,463,base
3,464,base
3,468,base
3,469,base
3,470,base
3,471,base
3,473,base
3,474,base
3,476,base
3,477,base
3,479,base
3,480,base
3,481,base
3,482,base
3,484,base
3,485,base
3,486,base
3,488,base
3,490,base
3,491,base
3,494,base
3,495,base
3,497,base
3,498,base
3,499,base
3,500,base
3,501,base
3,502,base
3,503,base
3,504,base
3,506,base
3,508,base
3,509,base
3,510,base
3,511,base
3,516,base
3,518,base
3,519,base
3,521,base
3,522,base
3,523,base
3,524,base
3,525,base
3,530,base
3,531,base
3,534,base
3,536,base
3,541,base
3,543,base
3,544,base
3,545,base
3,546,base
3,548,base
3,551,base
3,553,base
3,554,base
3,556,base
3,557,base
3,561,base
3,563,base
3,567,base
3,568,base
3,569,base
3,570,base
3,573,base
3,575,base
3,577,base
3,578,base
3,579,base
3,580,base
3,583,base
3,586,base
3,588,base
3,590,base
3,593,base
3,594,base
3,596,base
3,597,base
3,598,base
3,607,base
3,608,base
3,610,base
3,611,base
3,617,base
3,623,base
3,625,base
3,626,base
3,627,base
3,630,base
3,633,base
3,634,base
3,641,base
3,643,base
3,644,base
3,645,base
3,647,base
3,651,base
3,654,base
3,657,base
3,659,base
3,661,base
3,662,base
3,663,base
3,664,base
3,666,base
3,670,base
3,671,base
3,674,base
3,676,base
3,682,base
3,683,base
3,684,base
3,685,base
3,686,base
3,691,base
3,692,base
3,693,base
3,694,base
3,695,base
3,696,base
3,699,base
3,700,base
3,703,base
3,704,base
3,705,base
3,706,base
3,707,base
3,709,base
3,714,base
3,715,base
3,717,base
3,719,base
3,720,base
3,721,base
3,722,base
3,724,base
3,725,base
3,726,base
3,728,base
3,730,base
3,733,base
3,734,base
3,735,base
3,737,base
3,738,base
3,742,base
3,752,base
3,753,base
3,754,base
3,755,base
3,756,base
3,758,base
3,759,base
3,760,base
3,763,base
3,764,base
3,767,base
3,769,base
3,770,base
3,776,base
3,778,base
3,779,base
3,782,base
3,787,base
3,789,base
3,791,base
3,792,base
3,794,base
3,796,base
3,798,base
3,799,base
3,800,base
3,801,base
3,802,base
3,803,base
3,805,base
3,807,base
3,809,base
3,811,base
3,813,base
3,819,base
3,821,base
3,826,base
3,827,base
3,828,base
3,829,base
3,831,base
3,835,base
3,836,base
3,838,base
3,840,base
3,841,base
3,842,base
3,845,base
3,847,base
3,848,base
3,851,base
3,852,base
3,855,base
3,861,base
3,862,base
3,863,base
3,864,base
3,865,base
3,866,base
3,867,base
3,868,base
3,872,base
3,873,base
3,876,base
3,877,base
3,878,base
3,880,base
3,883,base
3,885,base
3,889,base
3,890,base
3,891,base
3,894,base
3,895,base
3,896,base
3,897,base
3,898,base
3,899,base
3,901,base
3,903,base
3,905,base
3,907,base
3,910,base
3,911,base
3,913,base
3,916,base
3,917,base
3,922,base
3,924,base
3,929,base
3,934,base
3,937,base
3,940,base
3,942,base
3,943,base
3,945,base
3,948,base
3,949,base
3,951,base
3,954,base
3,955,base
3,956,base
3,959,base
3,964,base
3,965,base
3,967,base
3,969,base
3,972,base
3,975,base
3,978,base
3,981,base
3,982,base
3,984,base
3,985,base
3,987,base
3,990,base
3,991,base
3,992,base
3,993,base
3,997,base
3,998,base
3,999,base
3,1002,base
3,1003,base
3,1004,base
3,1006,base
3,1007,base
3,1008,base
3,1009,base
3,1010,base
3,1014,base
3,1015,base
3,1016,base
3,1017,base
3,1019,base
3,1020,base
3,1022,base
3,1023,base
3,1025,base
3,1030,base
3,1031,base
3,1032,base
3,1033,base
3,1035,base
3,1036,base
3,1037,base
3,1041,base
3,1042,base
3,1043,base
3,1045,base
3,1048,base
3,1049,base
3,1050,base
3,1055,base
3,1057,base
3,1058,base
3,1059,base
3,1061,base
3,1062,base
3,1063,base
3,1065,base
3,1067,base
3,1070,base
3,1071,base
3,1072,base
3,1074,base
3,1076,base
3,1077,base
3,1078,base
3,1081,base
3,1083,base
3,1084,base
3,1088,base
3,1091,base
3,1094,base
3,1095,base
3,1098,base
3,1099,base
3,1100,base
3,1104,base
3,1105,base
3,1107,base
3,1108,base
3,1109,base
3,1111,base
3,1112,base
3,1114,base
3,1115,base
3,1116,base
3,1117,base
3,1119,base
3,1120,base
3,1122,base
3,1123,base
3,1124,base
3,1125,base
3,1126,base
3,1127,base
3,1128,base
3,1132,base
3,1133,base
3,1134,base
3,1142,base
3,1144,base
3,1146,base
3,1147,base
3,1151,base
3,1152,base
3,1154,base
3,1158,base
3,1159,base
3,1160,base
3,1162,base
3,1163,base
3,1164,base
3,1168,base
3,1169,base
3,1171,base
3,1172,base
3,1176,base
3,1179,base
3,1180,base
3,1186,base
3,1187,base
3,1190,base
3,1191,base
3,1192,base
3,1193,base
3,1194,base
3,1195,base
3,1196,base
3,1197,base
3,1199,base
3,1202,base
3,1205,base
3,1209,base
3,1210,base
3,1212,base
3,1215,base
3,1216,base
3,1220,base
3,1221,base
3,1222,base
3,1223,base
3,1224,base
3,1226,base
3,1230,base
3,1234,base
3,1236,base
3,1237,base
3,1238,base
3,1240,base
3,1242,base
3,1244,base
3,1246,base
3,1247,base
3,1248,base
3,1251,base
3,1252,base
3,1260,base
3,1262,base
3,1263,base
3,1264,base
3,1266,base
3,1268,base
3,1273,base
3,1277,base
3,1278,base
3,1280,base
3,1285,base
3,1286,base
3,1288,base
3,1289,base
3,1290,base
3,1291,base
3,1293,base
3,1294,base
3,1296,base
3,1301,base
3,1302,base
3,1304,base
3,1306,base
3,1308,base
3,1309,base
3,1313,base
3,1315,base
3,1317,base
3,1320,base
3,1324,base
3,1325,base
3,1329,base
3,1333,base
3,1335,base
3,1336,base
3,1337,base
3,1338,base
3,1339,base
3,1340,base
3,1341,base
3,1343,base
3,1347,base
3,1350,base
3,1354,base
3,1355,base
3,1358,base
3,1359,base
3,1361,base
3,1365,base
3,1366,base
3,1367,base
3,1372,base
3,1373,base
3,1374,base
3,1376,base
3,1378,base
3,1379,base
3,1383,base
3,1384,base
3,1387,base
3,1389,base
3,1395,base
3,1398,base
3,1402,base
3,1403,base
3,1407,base
3,1409,base
3,1410,base
3,1412,base
3,1413,base
3,1414,base
3,1418,base
3,1422,base
3,1423,base
3,1426,base
3,1427,base
3,1428,base
3,1429,base
3,1432,base
3,1433,base
3,1434,base
3,1436,base
3,1441,base
3,1443,base
3,1444,base
3,1445,base
3,1447,base
3,1450,base
3,1453,base
3,1455,base
3,1456,base
3,1459,base
3,1462,base
3,1463,base
3,1465,base
3,1468,base
3,1469,base
3,1470,base
3,1471,base
3,1472,base
3,1473,base
3,1477,base
3,1479,base
3,1480,base
3,1481,base
3,1485,base
3,1492,base
3,1494,base
3,1495,base
3,1496,base
3,1497,base
3,1499,base
3,1500,base
3,1501,base
3,1503,base
3,1504,base
3,1507,base
3,1508,base
3,1509,base
3,1510,base
3,1512,base
3,1516,base
3,1518,base
3,1519,base
3,1521,base
3,1522,base
3,1524,base
3,1527,base
3,1528,base
3,1530,base
3,1531,base
3,1532,base
3,1533,base
3,1534,base
3,1537,base
3,1538,base
3,1540,base
3,1541,base
3,1546,base
3,1548,base
3,1550,base
3,1551,base
3,1553,base
3,1554,base
3,1555,base
3,1558,base
3,1560,base
3,1561,base
3,1562,base
3,1563,base
3,1564,base
3,1568,base
3,1569,base
3,1570,base
3,1576,base
3,1577,base
3,1578,base
3,1579,base
3,1580,base
3,1582,base
3,1587,base
3,1588,base
3,1590,base
3,1591,base
3,1593,base
3,1595,base
3,1597,base
3,1598,base
3,1599,base
3,1600,base
3,1602,base
3,1604,base
3,1605,base
3,1607,base
3,1608,base
3,1610,base
3,1611,base
3,1612,base
3,1613,base
3,1616,base
3,1618,base
3,1619,base
3,1620,base
3,1624,base
3,1625,base
3,1626,base
3,1627,base
3,1630,base
3,1632,base
3,1633,base
3,1634,base
3,1638,base
3,1639,base
3,1640,base
3,1643,base
3,1644,base
3,1647,base
3,1650,base
3,1651,base
3,1653,base
3,1656,base
3,1657,base
3,1658,base
3,1659,base
3,1660,base
3,1661,base
3,1664,base
3,1665,base
3,1667,base
3,1668,base
3,1670,base
3,1671,base
3,1674,base
3,1675,base
3,1676,base
3,1677,base
3,1678,base
3,1680,base
3,1682,base
3,1684,base
3,1686,base
3,1687,base
3,1689,base
3,1690,base
3,1693,base
3,1695,base
3,1702,base
3,1705,base
3,1707,base
3,1709,base
3,1710,base
3,1711,base
3,1712,base
3,1713,base
3,1715,base
3,1716,base
3,1726,base
3,1730,base
3,1733,base
3,1738,base
3,1739,base
3,1740,base
3,1742,base
3,1745,base
3,1746,base
3,1749,base
3,1751,base
3,1753,base
3,1758,base
3,1759,base
3,1760,base
3,1763,base
3,1765,base
3,1767,base
3,1769,base
3,1770,base
3,1771,base
3,1772,base
3,1774,base
3,1775,base
3,1776,base
3,1778,base
3,1779,base
3,1781,base
3,1782,base
3,1783,base
3,1784,base
3,1785,base
3,1787,base
3,1791,base
3,1793,base
3,1794,base
3,1797,base
3,1800,base
3,1801,base
3,1803,base
3,1805,base
3,1806,base
3,1809,base
3,1810,base
3,1811,base
3,1813,base
3,1815,base
3,1819,base
3,1823,base
3,1834,base
3,1837,base
3,1838,base
3,1839,base
3,1841,base
3,1849,base
3,1851,base
3,1852,base
3,1853,base
3,1855,base
3,1859,base
3,1862,base
3,1863,base
3,1872,base
3,1873,base
3,1874,base
3,1875,base
3,1876,base
3,1879,base
3,1885,base
3,1886,base
3,1888,base
3,1889,base
3,1892,base
3,1893,base
3,1895,base
3,1901,base
3,1903,base
3,1904,base
3,1905,base
3,1908,base
3,1909,base
3,1913,base
3,1914,base
3,1915,base
3,1920,base
3,1921,base
3,1923,base
3,1924,base
3,1925,base
3,1927,base
3,1928,base
3,1929,base
3,1931,base
3,1932,base
3,1933,base
3,1935,base
3,1936,base
3,1937,base
3,1941,base
3,1942,base
3,1943,base
3,1944,base
3,1945,base
3,1946,base
3,1948,base
3,1950,base
3,1951,base
3,1955,base
3,1956,base
3,1959,base
3,1960,base
3,1963,base
3,1965,base
3,1966,base
3,1967,base
3,1968,base
3,1971,base
3,1973,base
3,1976,base
3,1978,base
3,1979,base
3,1980,base
3,1982,base
3,1983,base
3,1984,base
3,1985,base
3,1986,base
3,1990,base
3,1995,base
3,1996,base
3,1998,base
3,2001,base
3,2003,base
3,2004,base
3,2007,base
3,2009,base
3,2010,base
3,2011,base
3,2012,base
3,2013,base
3,2014,base
3,2020,base
3,2022,base
3,2023,base
3,2024,base
3,2025,base
3,2026,base
3,2029,base
3,2031,base
3,2033,base
3,2035,base
3,2037,base
3,2039,base
3,2040,base
3,2041,base
3,2046,base
3,2048,base
3,2051,base
3,2055,base
3,2057,base
3,2058,base
3,2061,base
3,2063,base
3,2066,base
3,2070,base
3,2072,base
3,2073,base
3,2077,base
3,2080,base
3,2082,base
3,2083,base
3,2084,base
3,2085,base
3,2086,base
3,2087,base
3,2092,base
3,2093,base
3,2095,base
3,2096,base
3,2097,base
3,2098,base
3,2099,base
3,2108,base
3,2110,base
3,2112,base
3,2115,base
3,2116,base
3,2117,base
3,2119,base
3,2120,base
3,2122,base
3,2123,base
3,2124,base
3,2125,base
3,2126,base
3,2128,base
3,2129,base
3,2130,base
3,2132,base
3,2133,base
3,2134,base
3,2135,base
3,2136,base
3,2137,base
3,2138,base
3,2139,base
3,2143,base
3,2144,base
3,2147,base
3,2151,base
3,2152,base
3,2153,base
3,2154,base
3,2157,base
3,2158,base
3,2159,base
3,2160,base
3,2162,base
3,2163,base
3,2164,base
3,2166,base
3,2170,base
3,2171,base
3,2174,base
3,2180,base
3,2181,base
3,2183,base
3,2185,base
3,2186,base
3,2188,base
3,2190,base
3,2192,base
3,2194,base
3,2195,base
3,2196,base
3,2203,base
3,2204,base
3,2205,base
3,2206,base
3,2208,base
3,2212,base
3,2214,base
3,2228,base
3,2229,base
3,2230,base
3,2231,base
3,2233,base
3,2235,base
3,2237,base
3,2238,base
3,2239,base
3,2240,base
3,2242,base
3,2247,base
3,2250,base
3,2253,base
3,2254,base
3,2255,base
3,2259,base
3,2260,base
3,2263,base
3,2264,base
3,2265,base
3,2267,base
3,2269,base
3,2270,base
3,2272,base
3,2273,base
3,2274,base
3,2276,base
3,2277,base
3,2279,base
3,2283,base
3,2284,base
3,2286,base
3,2289,base
3,2291,base
3,2293,base
3,2294,base
3,2299,base
3,2300,base
3,2301,base
3,2302,base
3,2308,base
3,2310,base
3,2314,base
3,2315,base
3,2317,base
3,2318,base
3,2319,base
3,2323,base
3,2324,base
3,2326,base
3,2327,base
3,2328,base
3,2331,base
3,2333,base
3,2334,base
3,2335,base
3,2336,base
3,2338,base
3,2340,base
3,2341,base
3,2342,base
3,2344,base
3,2346,base
3,2348,base
3,2349,base
3,2351,base
3,2353,base
3,2354,base
3,2355,base
3,2357,base
3,2359,base
3,2360,base
3,2363,base
3,2365,base
3,2368,base
3,2372,base
3,2375,base
3,2378,base
3,2382,base
3,2383,base
3,2385,base
3,2387,base
3,2389,base
3,2390,base
3,2392,base
3,2393,base
3,2403,base
3,2404,base
3,2405,base
3,2408,base
3,2409,base
3,2410,base
3,2411,base
3,2412,base
3,2413,base
3,2415,base
3,2420,base
3,2422,base
3,2424,base
3,2426,base
3,2428,base
3,2430,base
3,2431,base
3,2432,base
3,2433,base
3,2434,base
3,2436,base
3,2437,base
3,2438,base
3,2439,base
3,2442,base
3,2443,base
3,2444,base
3,2445,base
3,2448,base
3,2449,base
3,2452,base
3,2454,base
3,2457,base
3,2459,base
3,2460,base
3,2461,base
3,2462,base
3,2464,base
3,2465,base
3,2466,base
3,2467,base
3,2469,base
3,2470,base
3,2472,base
3,2473,base
3,2474,base
3,2476,base
3,2482,base
3,2484,base
3,2492,base
3,2494,base
3,2497,base
3,2502,base
3,2504,base
3,2507,base
3,2508,base
3,2509,base
3,2513,base
3,2518,base
3,2522,base
3,2523,base
3,2525,base
3,2526,base
3,2527,base
3,2529,base
3,2532,base
3,2534,base
3,2535,base
3,2536,base
3,2538,base
3,2539,base
3,2542,base
3,2544,base
3,2545,base
3,2547,base
3,2548,base
3,2550,base
3,2553,base
3,2554,base
3,2555,base
3,2557,base
3,2559,base
3,2560,base
3,2561,base
3,2563,base
3,2565,base
3,2566,base
3,2567,base
3,2571,base
3,2574,base
3,2576,base
3,2577,base
3,2578,base
3,2579,base
3,2582,base
3,2585,base
3,2586,base
3,2587,base
3,2591,base
3,2592,base
3,2593,base
3,2594,base
3,2595,base
3,2597,base
3,2599,base
3,2600,base
3,2601,base
3,2602,base
3,2603,base
3,2604,base
3,2607,base
3,2609,base
3,2612,base
3,2614,base
3,2617,base
3,2621,base
3,2622,base
3,2625,base
3,2626,base
3,2632,base
3,2635,base
3,2636,base
3,2637,base
3,2639,base
3,2640,base
3,2643,base
3,2644,base
3,2645,base
3,2646,base
3,2647,base
3,2648,base
3,2651,base
3,2652,base
3,2653,base
3,2656,base
3,2657,base
3,2658,base
3,2659,base
3,2662,base
3,2663,base
3,2665,base
3,2667,base
3,2672,base
3,2673,base
3,2676,base
3,2677,base
3,2683,base
3,2685,base
3,2687,base
3,2689,base
3,2690,base
3,2692,base
3,2694,base
3,2699,base
3,2702,base
3,2704,base
3,2705,base
3,2706,base
3,2708,base
3,2712,base
3,2713,base
3,2716,base
3,2717,base
3,2718,base
3,2721,base
3,2723,base
3,2724,base
3,2725,base
3,2726,base
3,2729,base
3,2730,base
3,2733,base
3,2735,base
3,2737,base
3,2738,base
3,2739,base
3,2740,base
3,2741,base
3,2743,base
3,2745,base
3,2746,base
3,2747,base
3,2749,base
3,2750,base
3,2751,base
3,2753,base
3,2754,base
3,2755,base
3,2758,base
3,2759,base
3,2760,base
3,2764,base
3,2767,base
3,2768,base
3,2769,base
3,2770,base
3,2776,base
3,2777,base
3,2778,base
3,2781,base
3,2783,base
3,2787,base
3,2789,base
3,2791,base
3,2793,base
3,2794,base
3,2796,base
3,2801,base
3,2803,base
3,2805,base
3,2807,base
3,2808,base
3,2814,base
3,2815,base
3,2816,base
3,2817,base
3,2818,base
3,2819,base
3,2822,base
3,2825,base
3,2826,base
3,2829,base
3,2832,base
3,2836,base
3,2838,base
3,2839,base
3,2844,base
3,2847,base
3,2855,base
3,2856,base
3,2857,base
3,2859,base
3,2860,base
3,2861,base
3,2862,base
3,2864,base
3,2867,base
3,2871,base
3,2872,base
3,2873,base
3,2875,base
3,2877,base
3,2878,base
3,2879,base
3,2882,base
3,2884,base
3,2887,base
3,2888,base
3,2892,base
3,2895,base
3,2901,base
3,2902,base
3,2904,base
3,2906,base
3,2908,base
3,2911,base
3,2913,base
3,2914,base
3,2915,base
3,2917,base
3,2920,base
3,2922,base
3,2923,base
3,2924,base
3,2926,base
3,2927,base
3,2929,base
3,2931,base
3,2933,base
3,2934,base
3,2937,base
3,2938,base
3,2939,base
3,2940,base
3,2942,base
3,2943,base
3,2944,base
3,2945,base
3,2946,base
3,2947,base
3,2948,base
3,2954,base
3,2955,base
3,2957,base
3,2959,base
3,2960,base
3,2961,base
3,2962,base
3,2965,base
3,2967,base
3,2969,base
3,2971,base
3,2975,base
3,2977,base
3,2978,base
3,2980,base
3,2981,base
3,2984,base
3,2986,base
3,2988,base
3,2991,base
3,2992,base
3,2996,base
3,3000,base
3,3005,base
3,3007,base
3,3009,base
3,3010,base
3,3013,base
3,3015,base
3,3016,base
3,3017,base
3,3019,base
3,3021,base
3,3023,base
3,3026,base
3,3027,base
3,3032,base
3,3034,base
3,3035,base
3,3036,base
3,3038,base
3,3040,base
3,3043,base
3,3044,base
3,3045,base
3,3047,base
3,3049,base
3,3050,base
3,3051,base
3,3053,base
3,3056,base
3,3057,base
3,3059,base
3,3061,base
3,3062,base
3,3064,base
3,3066,base
3,3067,base
3,3071,base
3,3074,base
3,3076,base
3,3078,base
3,3079,base
3,3080,base
3,3082,base
3,3086,base
3,3087,base
3,3088,base
3,3094,base
3,3098,base
3,3099,base
3,3100,base
3,3101,base
3,3104,base
3,3107,base
3,3108,base
3,3110,base
3,3113,base
3,3115,base
3,3116,base
3,3117,base
3,3118,base
3,3120,base
3,3121,base
3,3124,base
3,3127,base
3,3133,base
3,3134,base
3,3135,base
3,3137,base
3,3141,base
3,3142,base
3,3145,base
3,3147,base
3,3148,base
3,3151,base
3,3152,base
3,3153,base
3,3157,base
3,3159,base
3,3162,base
3,3163,base
3,3166,base
3,3167,base
3,3168,base
3,3169,base
3,3172,base
3,3174,base
3,3175,base
3,3177,base
3,3178,base
3,3180,base
3,3185,base
3,3192,base
3,3194,base
3,3195,base
3,3199,base
3,3201,base
3,3202,base
3,3203,base
3,3205,base
3,3206,base
3,3207,base
3,3211,base
3,3212,base
3,3213,base
3,3214,base
3,3215,base
3,3219,base
3,3220,base
3,3221,base
3,3226,base
3,3227,base
3,3228,base
3,3229,base
3,3230,base
3,3231,base
3,3233,base
3,3235,base
3,3236,base
3,3237,base
3,3241,base
3,3243,base
3,3244,base
3,3245,base
3,3247,base
3,3248,base
3,3251,base
3,3253,base
3,3256,base
3,3257,base
3,3258,base
3,3259,base
3,3263,base
3,3264,base
3,3265,base
3,3267,base
3,3271,base
3,3272,base
3,3273,base
3,3274,base
3,3276,base
3,3277,base
3,3278,base
3,3280,base
3,3281,base
3,3293,base
3,3294,base
3,3296,base
3,3299,base
3,3300,base
3,3301,base
3,3303,base
3,3304,base
3,3306,base
3,3307,base
3,3309,base
3,3312,base
3,3314,base
3,3317,base
3,3319,base
3,3320,base
3,3321,base
3,3322,base
3,3326,base
3,3328,base
3,3330,base
3,3332,base
3,3333,base
3,3334,base
3,3337,base
3,3338,base
3,3340,base
3,3342,base
3,3345,base
3,3347,base
3,3349,base
3,3350,base
3,3352,base
3,3354,base
3,3355,base
3,3358,base
3,3359,base
3,3360,base
3,3362,base
3,3363,base
3,3364,base
3,3365,base
3,3366,base
3,3375,base
3,3376,base
3,3377,base
3,3380,base
3,3382,base
3,3383,base
3,3384,base
3,3385,base
3,3386,base
3,3387,base
3,3391,base
3,3392,base
3,3393,base
3,3394,base
3,3396,base
3,3401,base
3,3406,base
3,3408,base
3,3410,base
3,3411,base
3,3413,base
3,3418,base
3,3419,base
3,3420,base
3,3421,base
3,3424,base
3,3425,base
3,3427,base
3,3429,base
3,3430,base
3,3432,base
3,3436,base
3,3437,base
3,3441,base
3,3442,base
3,3444,base
3,3447,base
3,3450,base
3,3451,base
3,3453,base
3,3456,base
3,3460,base
3,3467,base
3,3468,base
3,3469,base
3,3470,base
3,3471,base
3,3476,base
3,3479,base
3,3485,base
3,3486,base
3,3488,base
3,3490,base
3,3491,base
3,3493,base
3,3494,base
3,3497,base
3,3498,base
3,3499,base
3,3502,base
3,3504,base
3,3506,base
3,3507,base
3,3510,base
3,3511,base
3,3512,base
3,3514,base
3,3517,base
3,3521,base
3,3524,base
3,3526,base
3,3527,base
3,3531,base
3,3532,base
3,3533,base
3,3534,base
3,3535,base
3,3536,base
3,3537,base
3,3538,base
3,3541,base
3,3542,base
3,3546,base
3,3548,base
3,3549,base
3,3550,base
3,3552,base
3,3553,base
3,3554,base
3,3555,base
3,3559,base
3,3562,base
3,3563,base
3,3564,base
3,3567,base
3,3570,base
3,3572,base
3,3573,base
3,3576,base
3,3577,base
3,3578,base
3,3579,base
3,3581,base
3,3584,base
3,3587,base
3,3589,base
3,3590,base
3,3593,base
3,3600,base
3,3604,base
3,3605,base
3,3607,base
3,3608,base
3,3611,base
3,3612,base
3,3613,base
3,3614,base
3,3615,base
3,3618,base
3,3620,base
3,3621,base
3,3622,base
3,3626,base
3,3627,base
3,3628,base
3,3630,base
3,3632,base
3,3633,base
3,3634,base
3,3635,base
3,3636,base
3,3638,base
3,3639,base
3,3643,base
3,3644,base
3,3646,base
3,3649,base
3,3650,base
3,3652,base
3,3656,base
3,3657,base
3,3658,base
3,3659,base
3,3662,base
3,3663,base
3,3664,base
3,3665,base
3,3666,base
3,3668,base
3,3669,base
3,3673,base
3,3674,base
3,3676,base
3,3678,base
3,3680,base
3,3681,base
3,3684,base
3,3687,base
3,3689,base
3,3691,base
3,3695,base
3,3698,base
3,3700,base
3,3703,base
3,3704,base
3,3705,base
3,3707,base
3,3708,base
3,3709,base
3,3711,base
3,3713,base
3,3714,base
3,3718,base
3,3720,base
3,3721,base
3,3723,base
3,3725,base
3,3726,base
3,3727,base
3,3728,base
3,3729,base
3,3730,base
3,3731,base
3,3734,base
3,3735,base
3,3737,base
3,3738,base
3,3739,base
3,3741,base
3,3743,base
3,3745,base
3,3746,base
3,3748,base
3,3750,base
3,3753,base
3,3756,base
3,3757,base
3,3759,base
3,3763,base
3,3764,base
3,3765,base
3,3766,base
3,3768,base
3,3769,base
3,3770,base
3,3775,base
3,3778,base
3,3779,base
3,3780,base
3,3781,base
3,3783,base
3,3785,base
3,3787,base
3,3788,base
3,3790,base
3,3792,base
3,3793,base
3,3794,base
3,3795,base
3,3798,base
3,3804,base
3,3805,base
3,3808,base
3,3809,base
3,3810,base
3,3814,base
3,3815,base
3,3816,base
3,3820,base
3,3823,base
3,3824,base
3,3827,base
3,3829,base
3,3830,base
3,3836,base
3,3837,base
3,3838,base
3,3840,base
3,3842,base
3,3844,base
3,3846,base
3,3848,base
3,3850,base
3,3853,base
3,3855,base
3,3859,base
3,3860,base
3,3861,base
3,3865,base
3,3867,base
3,3868,base
3,3870,base
3,3872,base
3,3873,base
3,3874,base
3,3875,base
3,3876,base
3,3877,base
3,3878,base
3,3879,base
3,3895,base
3,3899,base
3,3901,base
3,3902,base
3,3903,base
3,3904,base
3,3906,base
3,3908,base
3,3909,base
3,3910,base
3,3912,base
3,3915,base
3,3920,base
3,3923,base
3,3924,base
3,3925,base
3,3927,base
3,3929,base
3,3930,base
3,3932,base
3,3935,base
3,3938,base
3,3940,base
3,3941,base
3,3942,base
3,3943,base
3,3944,base
3,3948,base
3,3951,base
3,3952,base
3,3954,base
3,3957,base
3,3961,base
3,3962,base
3,3963,base
3,3964,base
3,3965,base
3,3966,base
3,3971,base
3,3975,base
3,3978,base
3,3979,base
3,3980,base
3,3981,base
3,3984,base
3,3986,base
3,3987,base
3,3988,base
3,3992,base
3,3993,base
3,3994,base
3,3996,base
3,3997,base
3,3998,base
3,4002,base
3,4004,base
3,4009,base
3,4012,base
3,4014,base
3,4016,base
3,4017,base
3,4018,base
3,4019,base
3,4020,base
3,4021,base
3,4022,base
3,4025,base
3,4026,base
3,4029,base
3,4034,base
3,4035,base
3,4037,base
3,4039,base
3,4042,base
3,4043,base
3,4047,base
3,4048,base
3,4050,base
3,4052,base
3,4054,base
3,4057,base
3,4063,base
3,4066,base
3,4071,base
3,4072,base
3,4073,base
3,4074,base
3,4075,base
3,4076,base
3,4079,base
3,4081,base
3,4082,base
3,4086,base
3,4087,base
3,4088,base
3,4089,base
3,4091,base
3,4093,base
3,4099,base
3,4101,base
3,4104,base
3,4106,base
3,4107,base
3,4108,base
3,4111,base
3,4113,base
3,4115,base
3,4116,base
3,4117,base
3,4118,base
3,4120,base
3,4125,base
3,4126,base
3,4131,base
3,4132,base
3,4133,base
3,4135,base
3,4136,base
3,4137,base
3,4139,base
3,4142,base
3,4144,base
3,4145,base
3,4146,base
3,4148,base
3,4151,base
3,4152,base
3,4153,base
3,4154,base
3,4160,base
3,4161,base
3,4163,base
3,4164,base
3,4165,base
3,4166,base
3,4168,base
3,4169,base
3,4171,base
3,4172,base
3,4173,base
3,4174,base
3,4175,base
3,4176,base
3,4177,base
3,4179,base
3,4180,base
3,4181,base
3,4182,base
3,4183,base
3,4184,base
3,4185,base
3,4186,base
3,4187,base
3,4188,base
3,4192,base
3,4195,base
3,4196,base
3,4200,base
3,4201,base
3,4204,base
3,4205,base
3,4206,base
3,4207,base
3,4208,base
3,4210,base
3,4212,base
3,4217,base
3,4218,base
3,4219,base
3,4221,base
3,4223,base
3,4225,base
3,4227,base
3,4231,base
3,4233,base
3,4237,base
3,4240,base
3,4241,base
3,4242,base
3,4245,base
3,4247,base
3,4248,base
3,4249,base
3,4255,base
3,4256,base
3,4257,base
3,4258,base
3,4259,base
3,4262,base
3,4263,base
3,4264,base
3,4266,base
3,4268,base
3,4269,base
3,4271,base
3,4273,base
3,4276,base
3,4277,base
3,4282,base
3,4283,base
3,4284,base
3,4285,base
3,4286,base
3,4287,base
3,4289,base
3,4290,base
3,4291,base
3,4292,base
3,4293,base
3,4296,base
3,4297,base
3,4298,base
3,4299,base
3,4300,base
3,4303,base
3,4304,base
3,4305,base
3,4306,base
3,4307,base
3,4309,base
3,4315,base
3,4317,base
3,4321,base
3,4324,base
3,4326,base
3,4327,base
3,4329,base
3,4334,base
3,4335,base
3,4336,base
3,4339,base
3,4341,base
3,4346,base
3,4347,base
3,4348,base
3,4358,base
3,4361,base
3,4362,base
3,4367,base
3,4368,base
3,4369,base
3,4371,base
3,4372,base
3,4378,base
3,4379,base
3,4382,base
3,4388,base
3,4391,base
3,4393,base
3,4394,base
3,4395,base
3,4397,base
3,4400,base
3,4401,base
3,4402,base
3,4403,base
3,4406,base
3,4408,base
3,4410,base
3,4411,base
3,4412,base
3,4414,base
3,4415,base
3,4417,base
3,4420,base
3,4421,base
3,4422,base
3,4424,base
3,4426,base
3,4427,base
3,4428,base
3,4430,base
3,4432,base
3,4436,base
3,4439,base
3,4440,base
3,4441,base
3,4444,base
3,4446,base
3,4448,base
3,4449,base
3,4451,base
3,4452,base
3,4453,base
3,4455,base
3,4457,base
3,4459,base
3,4460,base
3,4462,base
3,4463,base
3,4466,base
3,4467,base
3,4470,base
3,4471,base
3,4474,base
3,4479,base
3,4480,base
3,4483,base
3,4488,base
3,4489,base
3,4491,base
3,4492,base
3,4494,base
3,4496,base
3,4497,base
3,4499,base
3,4503,base
3,4504,base
3,4505,base
3,4507,base
3,4510,base
3,4513,base
3,4520,base
3,4522,base
3,4524,base
3,4530,base
3,4531,base
3,4532,base
3,4533,base
3,4535,base
3,4536,base
3,4540,base
3,4545,base
3,4546,base
3,4547,base
3,4548,base
3,4549,base
3,4550,base
3,4553,base
3,4554,base
3,4556,base
3,4558,base
3,4559,base
3,4563,base
3,4564,base
3,4565,base
3,4566,base
3,4569,base
3,4573,base
3,4574,base
3,4575,base
3,4576,base
3,4579,base
3,4581,base
3,4582,base
3,4583,base
3,4584,base
3,4585,base
3,4586,base
3,4587,base
3,4589,base
3,4590,base
3,4592,base
3,4593,base
3,4596,base
3,4603,base
3,4604,base
3,4605,base
3,4607,base
3,4608,base
3,4610,base
3,4612,base
3,4613,base
3,4614,base
3,4615,base
3,4619,base
3,4622,base
3,4625,base
3,4627,base
3,4632,base
3,4634,base
3,4635,base
3,4638,base
3,4643,base
3,4644,base
3,4645,base
3,4646,base
3,4648,base
3,4649,base
3,4650,base
3,4655,base
3,4656,base
3,4658,base
3,4662,base
3,4663,base
3,4664,base
3,4665,base
3,4668,base
3,4671,base
3,4674,base
3,4675,base
3,4683,base
3,4686,base
3,4689,base
3,4691,base
3,4692,base
3,4696,base
3,4701,base
3,4702,base
3,4704,base
3,4706,base
3,4707,base
3,4708,base
3,4709,base
3,4710,base
3,4713,base
3,4715,base
3,4717,base
3,4721,base
3,4722,base
3,4724,base
3,4725,base
3,4726,base
3,4727,base
3,4728,base
3,4729,base
3,4730,base
3,4731,base
3,4732,base
3,4733,base
3,4735,base
3,4737,base
3,4740,base
3,4741,base
3,4742,base
3,4744,base
3,4746,base
3,4747,base
3,4748,base
3,4749,base
3,4752,base
3,4753,base
3,4759,base
3,4760,base
3,4765,base
3,4767,base
3,4768,base
3,4771,base
3,4773,base
3,4774,base
3,4775,base
3,4778,base
3,4781,base
3,4782,base
3,4783,base
3,4785,base
3,4786,base
3,4787,base
3,4788,base
3,4789,base
3,4791,base
3,4794,base
3,4797,base
3,4799,base
3,4801,base
3,4803,base
3,4805,base
3,4806,base
3,4808,base
3,4813,base
3,4817,base
3,4818,base
3,4820,base
3,4824,base
3,4825,base
3,4826,base
3,4828,base
3,4835,base
3,4837,base
3,4840,base
3,4842,base
3,4843,base
3,4845,base
3,4850,base
3,4851,base
3,4852,base
3,4857,base
3,4859,base
3,4860,base
3,4868,base
3,4870,base
3,4872,base
3,4873,base
3,4874,base
3,4875,base
3,4876,base
3,4877,base
3,4880,base
3,4881,base
3,4882,base
3,4885,base
3,4887,base
3,4889,base
3,4890,base
3,4891,base
3,4892,base
3,4893,base
3,4894,base
3,4895,base
3,4896,base
3,4898,base
3,4899,base
3,4903,base
3,4905,base
3,4907,base
3,4912,base
3,4913,base
3,4914,base
3,4915,base
3,4916,base
3,4919,base
3,4921,base
3,4922,base
3,4924,base
3,4928,base
3,4929,base
3,4930,base
3,4931,base
3,4935,base
3,4936,base
3,4937,base
3,4939,base
3,4940,base
3,4941,base
3,4942,base
3,4943,base
3,4944,base
3,4945,base
3,4946,base
3,4947,base
3,4952,base
3,4956,base
3,4957,base
3,4958,base
3,4961,base
3,4965,base
3,4968,base
3,4969,base
3,4970,base
3,4971,base
3,4973,base
3,4974,base
3,4975,base
3,4976,base
3,4977,base
3,4979,base
3,4980,base
3,4982,base
3,4985,base
3,4986,base
3,4989,base
3,4990,base
3,4991,base
3,5000,base
3,5002,base
3,5003,base
3,5004,base
3,5005,base
3,5007,base
3,5010,base
3,5011,base
3,5014,base
3,5021,base
3,5028,base
3,5029,base
3,5030,base
3,5033,base
3,5039,base
3,5040,base
3,5042,base
3,5043,base
3,5045,base
3,5046,base
3,5047,base
3,5050,base
3,5051,base
3,5052,base
3,5057,base
3,5058,base
3,5059,base
3,5060,base
3,5063,base
3,5065,base
3,5068,base
3,5069,base
3,5070,base
3,5073,base
3,5074,base
3,5076,base
3,5077,base
3,5081,base
3,5082,base
3,5085,base
3,5087,base
3,5089,base
3,5091,base
3,5092,base
3,5093,base
3,5098,base
3,5099,base
3,5100,base
3,5101,base
3,5103,base
3,5107,base
3,5108,base
3,5112,base
3,5113,base
3,5116,base
3,5118,base
3,5119,base
3,5121,base
3,5122,base
3,5123,base
3,5125,base
3,5126,base
3,5128,base
3,5131,base
3,5133,base
3,5136,base
3,5137,base
3,5138,base
3,5139,base
3,5140,base
3,5141,base
3,5146,base
3,5148,base
3,5149,base
3,5150,base
3,5152,base
3,5154,base
3,5155,base
3,5162,base
3,5163,base
3,5165,base
3,5171,base
3,5177,base
3,5178,base
3,5179,base
3,5180,base
3,5183,base
3,5184,base
3,5186,base
3,5191,base
3,5194,base
3,5195,base
3,5196,base
3,5198,base
3,5199,base
3,5201,base
3,5203,base
3,5204,base
3,5206,base
3,5207,base
3,5209,base
3,5211,base
3,5212,base
3,5213,base
3,5217,base
3,5221,base
3,5224,base
3,5225,base
3,5226,base
3,5227,base
3,5230,base
3,5233,base
3,5237,base
3,5239,base
3,5240,base
3,5243,base
3,5244,base
3,5245,base
3,5248,base
3,5249,base
3,5251,base
3,5253,base
3,5256,base
3,5257,base
3,5260,base
3,5262,base
3,5263,base
3,5264,base
3,5265,base
3,5266,base
3,5269,base
3,5270,base
3,5272,base
3,5273,base
3,5275,base
3,5276,base
3,5279,base
3,5282,base
3,5284,base
3,5285,base
3,5286,base
3,5288,base
3,5289,base
3,5291,base
3,5292,base
3,5293,base
3,5294,base
3,5295,base
3,5297,base
3,5298,base
3,5300,base
3,5302,base
3,5303,base
3,5307,base
3,5308,base
3,5309,base
3,5311,base
3,5312,base
3,5314,base
3,5316,base
3,5319,base
3,5320,base
3,5323,base
3,5325,base
3,5327,base
3,5331,base
3,5332,base
3,5333,base
3,5334,base
3,5337,base
3,5342,base
3,5343,base
3,5345,base
3,5347,base
3,5349,base
3,5351,base
3,5352,base
3,5353,base
3,5355,base
3,5356,base
3,5359,base
3,5365,base
3,5367,base
3,5368,base
3,5369,base
3,5371,base
3,5373,base
3,5374,base
3,5375,base
3,5376,base
3,5380,base
3,5382,base
3,5383,base
3,5384,base
3,5385,base
3,5388,base
3,5389,base
3,5390,base
3,5391,base
3,5392,base
3,5394,base
3,5396,base
3,5397,base
3,5398,base
3,5399,base
3,5402,base
3,5404,base
3,5405,base
3,5408,base
3,5409,base
3,5410,base
3,5411,base
3,5416,base
3,5418,base
3,5421,base
3,5422,base
3,5423,base
3,5424,base
3,5427,base
3,5428,base
3,5429,base
3,5431,base
3,5432,base
3,5434,base
3,5436,base
3,5444,base
3,5445,base
3,5446,base
3,5447,base
3,5450,base
3,5451,base
3,5453,base
3,5455,base
3,5458,base
3,5459,base
3,5462,base
3,5463,base
3,5465,base
3,5466,base
3,5469,base
3,5471,base
3,5472,base
3,5473,base
3,5475,base
3,5476,base
3,5479,base
3,5480,base
3,5482,base
3,5485,base
3,5486,base
3,5488,base
3,5490,base
3,5492,base
3,5493,base
3,5494,base
3,5497,base
3,5498,base
3,5500,base
3,5501,base
3,5503,base
3,5506,base
3,5508,base
3,5509,base
3,5510,base
3,5511,base
3,5512,base
3,5513,base
3,5515,base
3,5516,base
3,5523,base
3,5524,base
3,5525,base
3,5530,base
3,5532,base
3,5535,base
3,5538,base
3,5539,base
3,5540,base
3,5543,base
3,5547,base
3,5548,base
3,5549,base
3,5551,base
3,5552,base
3,5554,base
3,5555,base
3,5557,base
3,5560,base
3,5562,base
3,5563,base
3,5565,base
3,5568,base
3,5569,base
3,5575,base
3,5576,base
3,5578,base
3,5584,base
3,5586,base
3,5588,base
3,5590,base
3,5591,base
3,5594,base
3,5600,base
3,5602,base
3,5603,base
3,5604,base
3,5607,base
3,5608,base
3,5609,base
3,5615,base
3,5618,base
3,5621,base
3,5623,base
3,5627,base
3,5629,base
3,5630,base
3,5631,base
3,5633,base
3,5637,base
3,5638,base
3,5639,base
3,5641,base
3,5642,base
3,5643,base
3,5644,base
3,5645,base
3,5647,base
3,5650,base
3,5651,base
3,5652,base
3,5655,base
3,5656,base
3,5657,base
3,5658,base
3,5659,base
3,5660,base
3,5663,base
3,5664,base
3,5666,base
3,5667,base
3,5669,base
3,5670,base
3,5671,base
3,5672,base
3,5674,base
3,5676,base
3,5677,base
3,5682,base
3,5690,base
3,5692,base
3,5693,base
3,5694,base
3,5695,base
3,5696,base
3,5697,base
3,5700,base
3,5701,base
3,5706,base
3,5708,base
3,5711,base
3,5712,base
3,5713,base
3,5717,base
3,5720,base
3,5722,base
3,5725,base
3,5727,base
3,5728,base
3,5731,base
3,5735,base
3,5738,base
3,5739,base
3,5740,base
3,5743,base
3,5745,base
3,5747,base
3,5748,base
3,5749,base
3,5750,base
3,5754,base
3,5757,base
3,5759,base
3,5760,base
3,5761,base
3,5762,base
3,5765,base
3,5766,base
3,5768,base
3,5769,base
3,5770,base
3,5772,base
3,5774,base
3,5775,base
3,5776,base
3,5777,base
3,5778,base
3,5779,base
3,5780,base
3,5781,base
3,5782,base
3,5783,base
3,5784,base
3,5785,base
3,5787,base
3,5790,base
3,5791,base
3,5794,base
3,5795,base
3,5797,base
3,5799,base
3,5803,base
3,5804,base
3,5805,base
3,5806,base
3,5807,base
3,5809,base
3,5810,base
3,5811,base
3,5814,base
3,5819,base
3,5822,base
3,5823,base
3,5824,base
3,5828,base
3,5829,base
3,5840,base
3,5841,base
3,5842,base
3,5844,base
3,5845,base
3,5846,base
3,5847,base
3,5855,base
3,5858,base
3,5859,base
3,5862,base
3,5863,base
3,5869,base
3,5871,base
3,5872,base
3,5873,base
3,5874,base
3,5876,base
3,5877,base
3,5882,base
3,5883,base
3,5887,base
3,5889,base
3,5891,base
3,5894,base
3,5896,base
3,5898,base
3,5901,base
3,5903,base
3,5906,base
3,5908,base
3,5909,base
3,5910,base
3,5911,base
3,5912,base
3,5913,base
3,5914,base
3,5920,base
3,5922,base
3,5925,base
3,5933,base
3,5934,base
3,5939,base
3,5940,base
3,5941,base
3,5942,base
3,5943,base
3,5946,base
3,5947,base
3,5948,base
3,5949,base
3,5952,base
3,5953,base
3,5954,base
3,5955,base
3,5956,base
3,5958,base
3,5959,base
3,5960,base
3,5961,base
3,5962,base
3,5963,base
3,5964,base
3,5967,base
3,5968,base
3,5969,base
3,5971,base
3,5977,base
3,5978,base
3,5979,base
3,5981,base
3,5982,base
3,5983,base
3,5987,base
3,5988,base
3,5989,base
3,5991,base
3,5992,base
3,5994,base
3,5998,base
3,6000,base
3,6002,base
3,6003,base
3,6004,base
3,6008,base
3,6009,base
3,6011,base
3,6012,base
3,6014,base
3,6021,base
3,6024,base
3,6027,base
3,6028,base
3,6034,base
3,6038,base
3,6042,base
3,6043,base
3,6044,base
3,6047,base
3,6051,base
3,6052,base
3,6053,base
3,6056,base
3,6058,base
3,6059,base
3,6060,base
3,6063,base
3,6064,base
3,6067,base
3,6068,base
3,6076,base
3,6079,base
3,6082,base
3,6083,base
3,6085,base
3,6087,base
3,6088,base
3,6089,base
3,6090,base
3,6092,base
3,6093,base
3,6094,base
3,6096,base
3,6098,base
3,6099,base
3,6100,base
3,6101,base
3,6102,base
3,6103,base
3,6104,base
3,6106,base
3,6107,base
3,6109,base
3,6110,base
3,6111,base
3,6112,base
3,6114,base
3,6116,base
3,6117,base
3,6119,base
3,6122,base
3,6128,base
3,6130,base
3,6131,base
3,6132,base
3,6133,base
3,6134,base
3,6135,base
3,6138,base
3,6139,base
3,6143,base
3,6148,base
3,6149,base
3,6151,base
3,6152,base
3,6156,base
3,6162,base
3,6165,base
3,6166,base
3,6170,base
3,6172,base
3,6173,base
3,6175,base
3,6176,base
3,6179,base
3,6180,base
3,6183,base
3,6184,base
3,6185,base
3,6187,base
3,6188,base
3,6189,base
3,6190,base
3,6192,base
3,6194,base
3,6196,base
3,6198,base
3,6200,base
3,6201,base
3,6203,base
3,6204,base
3,6205,base
3,6206,base
3,6208,base
3,6210,base
3,6213,base
3,6214,base
3,6218,base
3,6219,base
3,6220,base
3,6221,base
3,6224,base
3,6225,base
3,6226,base
3,6228,base
3,6229,base
3,6231,base
3,6232,base
3,6236,base
3,6237,base
3,6238,base
3,6239,base
3,6241,base
3,6242,base
3,6243,base
3,6244,base
3,6245,base
3,6246,base
3,6247,base
3,6250,base
3,6251,base
3,6252,base
3,6253,base
3,6254,base
3,6256,base
3,6257,base
3,6260,base
3,6264,base
3,6268,base
3,6270,base
3,6272,base
3,6273,base
3,6274,base
3,6275,base
3,6277,base
3,6278,base
3,6279,base
3,6283,base
3,6285,base
3,6286,base
3,6291,base
3,6293,base
3,6294,base
3,6299,base
3,6300,base
3,6301,base
3,6303,base
3,6305,base
3,6307,base
3,6308,base
3,6311,base
3,6314,base
3,6317,base
3,6318,base
3,6322,base
3,6323,base
3,6324,base
3,6326,base
3,6328,base
3,6330,base
3,6334,base
3,6335,base
3,6336,base
3,6341,base
3,6343,base
3,6344,base
3,6351,base
3,6352,base
3,6354,base
3,6355,base
3,6356,base
3,6359,base
3,6363,base
3,6366,base
3,6368,base
3,6369,base
3,6370,base
3,6371,base
3,6374,base
3,6378,base
3,6379,base
3,6380,base
3,6381,base
3,6382,base
3,6383,base
3,6385,base
3,6390,base
3,6391,base
3,6392,base
3,6394,base
3,6397,base
3,6399,base
3,6400,base
3,6403,base
3,6404,base
3,6407,base
3,6409,base
3,6410,base
3,6411,base
3,6413,base
3,6414,base
3,6418,base
3,6421,base
3,6422,base
3,6423,base
3,6424,base
3,6426,base
3,6427,base
3,6428,base
3,6429,base
3,6430,base
3,6437,base
3,6439,base
3,6443,base
3,6445,base
3,6450,base
3,6454,base
3,6455,base
3,6457,base
3,6458,base
3,6462,base
3,6463,base
3,6466,base
3,6467,base
3,6468,base
3,6470,base
3,6472,base
3,6474,base
3,6475,base
3,6477,base
3,6479,base
3,6480,base
3,6481,base
3,6484,base
3,6486,base
3,6488,base
3,6490,base
3,6492,base
3,6495,base
3,6496,base
3,6497,base
3,6498,base
3,6502,base
3,6503,base
3,6504,base
3,6505,base
3,6506,base
3,6507,base
3,6508,base
3,6509,base
3,6510,base
3,6512,base
3,6516,base
3,6519,base
3,6520,base
3,6523,base
3,6524,base
3,6526,base
3,6529,base
3,6530,base
3,6531,base
3,6532,base
3,6533,base
3,6534,base
3,6535,base
3,6536,base
3,6538,base
3,6540,base
3,6544,base
3,6546,base
3,6547,base
3,6548,base
3,6549,base
3,6550,base
3,6553,base
3,6554,base
3,6555,base
3,6560,base
3,6561,base
3,6562,base
3,6565,base
3,6577,base
3,6580,base
3,6582,base
3,6583,base
3,6584,base
3,6586,base
3,6588,base
3,6589,base
3,6590,base
3,6591,base
3,6594,base
3,6596,base
3,6597,base
3,6600,base
3,6601,base
3,6602,base
3,6603,base
3,6605,base
3,6606,base
3,6608,base
3,6615,base
3,6617,base
3,6618,base
3,6620,base
3,6621,base
3,6625,base
3,6626,base
3,6627,base
3,6632,base
3,6637,base
3,6640,base
3,6643,base
3,6645,base
3,6649,base
3,6650,base
3,6653,base
3,6655,base
3,6657,base
3,6659,base
3,6660,base
3,6661,base
3,6665,base
3,6667,base
3,6668,base
3,6669,base
3,6670,base
3,6671,base
3,6673,base
3,6675,base
3,6676,base
3,6677,base
3,6678,base
3,6680,base
3,6681,base
3,6685,base
3,6686,base
3,6689,base
3,6692,base
3,6693,base
3,6698,base
3,6702,base
3,6704,base
3,6707,base
3,6709,base
3,6710,base
3,6711,base
3,6712,base
3,6714,base
3,6717,base
3,6722,base
3,6723,base
3,6724,base
3,6725,base
3,6726,base
3,6729,base
3,6732,base
3,6733,base
3,6735,base
3,6736,base
3,6738,base
3,6739,base
3,6742,base
3,6743,base
3,6745,base
3,6746,base
3,6747,base
3,6750,base
3,6752,base
3,6757,base
3,6766,base
3,6767,base
3,6768,base
3,6769,base
3,6770,base
3,6771,base
3,6772,base
3,6775,base
3,6776,base
3,6777,base
3,6780,base
3,6781,base
3,6783,base
3,6784,base
3,6785,base
3,6787,base
3,6793,base
3,6794,base
3,6798,base
3,6800,base
3,6803,base
3,6806,base
3,6808,base
3,6810,base
3,6812,base
3,6818,base
3,6821,base
3,6823,base
3,6826,base
3,6830,base
3,6831,base
3,6832,base
3,6836,base
3,6837,base
3,6841,base
3,6842,base
3,6844,base
3,6845,base
3,6847,base
3,6849,base
3,6850,base
3,6851,base
3,6853,base
3,6854,base
3,6858,base
3,6862,base
3,6863,base
3,6867,base
3,6870,base
3,6871,base
3,6873,base
3,6875,base
3,6879,base
3,6880,base
3,6885,base
3,6887,base
3,6890,base
3,6891,base
3,6895,base
3,6897,base
3,6899,base
3,6901,base
3,6903,base
3,6907,base
3,6909,base
3,6910,base
3,6911,base
3,6912,base
3,6913,base
3,6916,base
3,6918,base
3,6920,base
3,6921,base
3,6931,base
3,6932,base
3,6934,base
3,6936,base
3,6942,base
3,6943,base
3,6947,base
3,6948,base
3,6949,base
3,6955,base
3,6956,base
3,6957,base
3,6958,base
3,6961,base
3,6963,base
3,6966,base
3,6967,base
3,6968,base
3,6977,base
3,6980,base
3,6982,base
3,6984,base
3,6985,base
3,6986,base
3,6987,base
3,6992,base
3,6993,base
3,6997,base
3,7000,base
3,7002,base
3,7003,base
3,7005,base
3,7006,base
3,7007,base
3,7008,base
3,7009,base
3,7015,base
3,7017,base
3,7019,base
3,7023,base
3,7024,base
3,7025,base
3,7028,base
3,7030,base
3,7033,base
3,7034,base
3,7035,base
3,7036,base
3,7037,base
3,7039,base
3,7042,base
3,7043,base
3,7044,base
3,7046,base
3,7047,base
3,7048,base
3,7053,base
3,7054,base
3,7059,base
3,7060,base
3,7063,base
3,7064,base
3,7066,base
3,7073,base
3,7074,base
3,7076,base
3,7077,base
3,7081,base
3,7084,base
3,7087,base
3,7089,base
3,7090,base
3,7093,base
3,7095,base
3,7098,base
3,7100,base
3,7101,base
3,7104,base
3,7106,base
3,7108,base
3,7109,base
3,7110,base
3,7111,base
3,7114,base
3,7115,base
3,7116,base
3,7118,base
3,7119,base
3,7121,base
3,7122,base
3,7123,base
3,7125,base
3,7126,base
3,7127,base
3,7129,base
3,7130,base
3,7131,base
3,7134,base
3,7136,base
3,7138,base
3,7140,base
3,7143,base
3,7144,base
3,7145,base
3,7147,base
3,7148,base
3,7149,base
3,7150,base
3,7152,base
3,7153,base
3,7154,base
3,7156,base
3,7157,base
3,7158,base
3,7163,base
3,7164,base
3,7165,base
3,7166,base
3,7167,base
3,7168,base
3,7170,base
3,7171,base
3,7172,base
3,7173,base
3,7175,base
3,7177,base
3,7178,base
3,7179,base
3,7180,base
3,7181,base
3,7182,base
3,7183,base
3,7185,base
3,7186,base
3,7187,base
3,7189,base
3,7190,base
3,7194,base
3,7195,base
3,7199,base
3,7202,base
3,7205,base
3,7208,base
3,7211,base
3,7212,base
3,7213,base
3,7217,base
3,7218,base
3,7220,base
3,7221,base
3,7225,base
3,7228,base
3,7229,base
3,7230,base
3,7233,base
3,7234,base
3,7237,base
3,7238,base
3,7239,base
3,7242,base
3,7243,base
3,7245,base
3,7246,base
3,7247,base
3,7249,base
3,7250,base
3,7251,base
3,7252,base
3,7254,base
3,7256,base
3,7257,base
3,7258,base
3,7259,base
3,7261,base
3,7263,base
3,7264,base
3,7265,base
3,7268,base
3,7272,base
3,7273,base
3,7277,base
3,7280,base
3,7281,base
3,7283,base
3,7284,base
3,7285,base
3,7286,base
3,7287,base
3,7288,base
3,7293,base
3,7295,base
3,7296,base
3,7305,base
3,7307,base
3,7308,base
3,7310,base
3,7311,base
3,7312,base
3,7313,base
3,7314,base
3,7316,base
3,7317,base
3,7319,base
3,7324,base
3,7327,base
3,7328,base
3,7331,base
3,7332,base
3,7333,base
3,7335,base
3,7336,base
3,7337,base
3,7338,base
3,7342,base
3,7343,base
3,7345,base
3,7346,base
3,7348,base
3,7349,base
3,7357,base
3,7358,base
3,7359,base
3,7361,base
3,7368,base
3,7369,base
3,7372,base
3,7375,base
3,7376,base
3,7377,base
3,7379,base
3,7381,base
3,7382,base
3,7383,base
3,7385,base
3,7387,base
3,7388,base
3,7389,base
3,7391,base
3,7392,base
3,7393,base
3,7396,base
3,7397,base
3,7398,base
3,7399,base
3,7401,base
3,7402,base
3,7404,base
3,7407,base
3,7408,base
3,7412,base
3,7415,base
3,7416,base
3,7419,base
3,7421,base
3,7422,base
3,7424,base
3,7426,base
3,7428,base
3,7429,base
3,7432,base
3,7435,base
3,7439,base
3,7443,base
3,7444,base
3,7448,base
3,7449,base
3,7451,base
3,7454,base
3,7455,base
3,7456,base
3,7460,base
3,7461,base
3,7464,base
3,7465,base
3,7466,base
3,7467,base
3,7468,base
3,7469,base
3,7473,base
3,7481,base
3,7483,base
3,7484,base
3,7488,base
3,7490,base
3,7491,base
3,7492,base
3,7493,base
3,7494,base
3,7495,base
3,7497,base
3,7498,base
3,7499,base
3,7501,base
3,7503,base
3,7504,base
3,7507,base
3,7508,base
3,7511,base
3,7512,base
3,7515,base
3,7517,base
3,7518,base
3,7519,base
3,7521,base
3,7522,base
3,7523,base
3,7526,base
3,7527,base
3,7529,base
3,7531,base
3,7532,base
3,7536,base
3,7537,base
3,7539,base
3,7542,base
3,7545,base
3,7551,base
3,7554,base
3,7556,base
3,7559,base
3,7560,base
3,7563,base
3,7565,base
3,7567,base
3,7568,base
3,7569,base
3,7571,base
3,7572,base
3,7573,base
3,7575,base
3,7576,base
3,7580,base
3,7581,base
3,7583,base
3,7584,base
3,7586,base
3,7589,base
3,7591,base
3,7592,base
3,7593,base
3,7594,base
3,7598,base
3,7599,base
3,7600,base
3,7601,base
3,7607,base
3,7608,base
3,7609,base
3,7611,base
3,7612,base
3,7615,base
3,7616,base
3,7619,base
3,7621,base
3,7622,base
3,7625,base
3,7627,base
3,7629,base
3,7630,base
3,7631,base
3,7634,base
3,7635,base
3,7638,base
3,7640,base
3,7642,base
3,7643,base
3,7644,base
3,7645,base
3,7648,base
3,7649,base
3,7650,base
3,7651,base
3,7653,base
3,7656,base
3,7658,base
3,7659,base
3,7662,base
3,7664,base
3,7666,base
3,7668,base
3,7669,base
3,7670,base
3,7671,base
3,7672,base
3,7673,base
3,7675,base
3,7677,base
3,7681,base
3,7682,base
3,7683,base
3,7684,base
3,7689,base
3,7690,base
3,7691,base
3,7692,base
3,7693,base
3,7696,base
3,7698,base
3,7699,base
3,7709,base
3,7710,base
3,7712,base
3,7713,base
3,7714,base
3,7718,base
3,7720,base
3,7721,base
3,7722,base
3,7725,base
3,7726,base
3,7728,base
3,7729,base
3,7731,base
3,7732,base
3,7734,base
3,7735,base
3,7737,base
3,7738,base
3,7742,base
3,7745,base
3,7746,base
3,7748,base
3,7749,base
3,7750,base
3,7754,base
3,7756,base
3,7758,base
3,7759,base
3,7762,base
3,7763,base
3,7764,base
3,7766,base
3,7771,base
3,7772,base
3,7773,base
3,7775,base
3,7778,base
3,7779,base
3,7780,base
3,7781,base
3,7782,base
3,7787,base
3,7793,base
3,7795,base
3,7802,base
3,7805,base
3,7810,base
3,7811,base
3,7812,base
3,7820,base
3,7821,base
3,7823,base
3,7824,base
3,7826,base
3,7827,base
3,7828,base
3,7834,base
3,7836,base
3,7837,base
3,7843,base
3,7844,base
3,7845,base
3,7846,base
3,7847,base
3,7850,base
3,7852,base
3,7855,base
3,7856,base
3,7858,base
3,7860,base
3,7861,base
3,7863,base
3,7865,base
3,7867,base
3,7869,base
3,7870,base
3,7871,base
3,7872,base
3,7874,base
3,7875,base
3,7877,base
3,7878,base
3,7880,base
3,7881,base
3,7882,base
3,7883,base
3,7884,base
3,7887,base
3,7890,base
3,7891,base
3,7895,base
3,7898,base
3,7899,base
3,7900,base
3,7901,base
3,7905,base
3,7909,base
3,7910,base
3,7912,base
3,7914,base
3,7915,base
3,7917,base
3,7918,base
3,7920,base
3,7930,base
3,7931,base
3,7932,base
3,7933,base
3,7934,base
3,7938,base
3,7943,base
3,7944,base
3,7948,base
3,7949,base
3,7950,base
3,7952,base
3,7954,base
3,7955,base
3,7956,base
3,7958,base
3,7961,base
3,7963,base
3,7965,base
3,7966,base
3,7967,base
3,7969,base
3,7971,base
3,7973,base
3,7974,base
3,7976,base
3,7977,base
3,7978,base
3,7981,base
3,7982,base
3,7983,base
3,7984,base
3,7985,base
3,7986,base
3,7987,base
3,7988,base
3,7989,base
3,7993,base
3,8000,base
3,8001,base
3,8005,base
3,8007,base
3,8008,base
3,8009,base
3,8011,base
3,8012,base
3,8014,base
3,8015,base
3,8017,base
3,8018,base
3,8019,base
3,8020,base
3,8021,base
3,8023,base
3,8024,base
3,8025,base
3,8027,base
3,8028,base
3,8029,base
3,8030,base
3,8034,base
3,8037,base
3,8043,base
3,8046,base
3,8048,base
3,8050,base
3,8051,base
3,8053,base
3,8054,base
3,8055,base
3,8058,base
3,8062,base
3,8063,base
3,8064,base
3,8066,base
3,8068,base
3,8070,base
3,8072,base
3,8074,base
3,8075,base
3,8076,base
3,8077,base
3,8078,base
3,8079,base
3,8080,base
3,8082,base
3,8083,base
3,8085,base
3,8088,base
3,8089,base
3,8090,base
3,8091,base
3,8095,base
3,8100,base
3,8103,base
3,8104,base
3,8105,base
3,8110,base
3,8112,base
3,8115,base
3,8116,base
3,8118,base
3,8120,base
3,8122,base
3,8125,base
3,8127,base
3,8128,base
3,8130,base
3,8131,base
3,8132,base
3,8133,base
3,8134,base
3,8142,base
3,8144,base
3,8145,base
3,8147,base
3,8148,base
3,8150,base
3,8160,base
3,8162,base
3,8163,base
3,8166,base
3,8168,base
3,8171,base
3,8172,base
3,8173,base
3,8175,base
3,8178,base
3,8180,base
3,8184,base
3,8185,base
3,8186,base
3,8187,base
3,8188,base
3,8191,base
3,8192,base
3,8193,base
3,8194,base
3,8195,base
3,8196,base
3,8197,base
3,8200,base
3,8201,base
3,8202,base
3,8205,base
3,8206,base
3,8208,base
3,8210,base
3,8213,base
3,8214,base
3,8216,base
3,8217,base
3,8218,base
3,8222,base
3,8225,base
3,8226,base
3,8229,base
3,8231,base
3,8232,base
3,8234,base
3,8239,base
3,8242,base
3,8244,base
3,8246,base
3,8249,base
3,8251,base
3,8253,base
3,8254,base
3,8256,base
3,8260,base
3,8263,base
3,8266,base
3,8270,base
3,8275,base
3,8279,base
3,8280,base
3,8282,base
3,8283,base
3,8284,base
3,8289,base
3,8291,base
3,8293,base
3,8294,base
3,8296,base
3,8297,base
3,8298,base
3,8299,base
3,8300,base
3,8304,base
3,8306,base
3,8309,base
3,8310,base
3,8311,base
3,8312,base
3,8315,base
3,8316,base
3,8318,base
3,8319,base
3,8321,base
3,8322,base
3,8324,base
3,8327,base
3,8328,base
3,8329,base
3,8331,base
3,8332,base
3,8333,base
3,8334,base
3,8335,base
3,8336,base
3,8337,base
3,8338,base
3,8340,base
3,8341,base
3,8342,base
3,8343,base
3,8344,base
3,8345,base
3,8346,base
3,8347,base
3,8349,base
3,8350,base
3,8353,base
3,8357,base
3,8359,base
3,8366,base
3,8368,base
3,8372,base
3,8373,base
3,8375,base
3,8377,base
3,8382,base
3,8385,base
3,8386,base
3,8388,base
3,8389,base
3,8391,base
3,8395,base
3,8399,base
3,8400,base
3,8401,base
3,8406,base
3,8410,base
3,8411,base
3,8412,base
3,8413,base
3,8415,base
3,8416,base
3,8417,base
3,8418,base
3,8419,base
3,8420,base
3,8425,base
3,8430,base
3,8433,base
3,8434,base
3,8435,base
3,8436,base
3,8437,base
3,8440,base
3,8442,base
3,8444,base
3,8446,base
3,8448,base
3,8452,base
3,8454,base
3,8455,base
3,8456,base
3,8457,base
3,8459,base
3,8461,base
3,8466,base
3,8469,base
3,8473,base
3,8474,base
3,8476,base
3,8480,base
3,8481,base
3,8484,base
3,8485,base
3,8488,base
3,8491,base
3,8492,base
3,8493,base
3,8501,base
3,8503,base
3,8504,base
3,8505,base
3,8512,base
3,8514,base
3,8515,base
3,8519,base
3,8521,base
3,8524,base
3,8525,base
3,8529,base
3,8530,base
3,8531,base
3,8534,base
3,8535,base
3,8537,base
3,8540,base
3,8541,base
3,8542,base
3,8546,base
3,8548,base
3,8549,base
3,8554,base
3,8555,base
3,8558,base
3,8560,base
3,8564,base
3,8570,base
3,8571,base
3,8574,base
3,8580,base
3,8583,base
3,8587,base
3,8591,base
3,8592,base
3,8594,base
3,8598,base
3,8600,base
3,8601,base
3,8603,base
3,8605,base
3,8606,base
3,8607,base
3,8608,base
3,8614,base
3,8616,base
3,8620,base
3,8621,base
3,8622,base
3,8626,base
3,8627,base
3,8628,base
3,8629,base
3,8631,base
3,8636,base
3,8637,base
3,8638,base
3,8639,base
3,8640,base
3,8641,base
3,8642,base
3,8645,base
3,8649,base
3,8653,base
3,8654,base
3,8655,base
3,8656,base
3,8657,base
3,8658,base
3,8661,base
3,8662,base
3,8663,base
3,8664,base
3,8666,base
3,8668,base
3,8671,base
3,8676,base
3,8677,base
3,8680,base
3,8682,base
3,8684,base
3,8685,base
3,8686,base
3,8689,base
3,8691,base
3,8693,base
3,8694,base
3,8695,base
3,8697,base
3,8699,base
3,8700,base
3,8701,base
3,8702,base
3,8703,base
3,8705,base
3,8707,base
3,8708,base
3,8709,base
3,8710,base
3,8713,base
3,8719,base
3,8725,base
3,8727,base
3,8729,base
3,8730,base
3,8731,base
3,8732,base
3,8733,base
3,8736,base
3,8737,base
3,8739,base
3,8740,base
3,8741,base
3,8742,base
3,8743,base
3,8744,base
3,8745,base
3,8746,base
3,8747,base
3,8748,base
3,8749,base
3,8753,base
3,8754,base
3,8755,base
3,8756,base
3,8759,base
3,8760,base
3,8761,base
3,8762,base
3,8767,base
3,8769,base
3,8770,base
3,8772,base
3,8774,base
3,8776,base
3,8779,base
3,8780,base
3,8781,base
3,8783,base
3,8784,base
3,8785,base
3,8786,base
3,8787,base
3,8788,base
3,8792,base
3,8793,base
3,8796,base
3,8799,base
3,8801,base
3,8803,base
3,8804,base
3,8805,base
3,8810,base
3,8811,base
3,8812,base
3,8813,base
3,8814,base
3,8815,base
3,8816,base
3,8817,base
3,8818,base
3,8820,base
3,8821,base
3,8822,base
3,8825,base
3,8828,base
3,8829,base
3,8830,base
3,8832,base
3,8837,base
3,8838,base
3,8839,base
3,8847,base
3,8849,base
3,8851,base
3,8852,base
3,8854,base
3,8855,base
3,8856,base
3,8858,base
3,8859,base
3,8861,base
3,8863,base
3,8864,base
3,8865,base
3,8866,base
3,8869,base
3,8870,base
3,8873,base
3,8876,base
3,8877,base
3,8879,base
3,8880,base
3,8887,base
3,8889,base
3,8891,base
3,8893,base
3,8894,base
3,8896,base
3,8897,base
3,8898,base
3,8899,base
3,8900,base
3,8901,base
3,8902,base
3,8903,base
3,8905,base
3,8907,base
3,8910,base
3,8911,base
3,8915,base
3,8917,base
3,8918,base
3,8919,base
3,8920,base
3,8922,base
3,8927,base
3,8930,base
3,8932,base
3,8933,base
3,8937,base
3,8939,base
3,8940,base
3,8944,base
3,8945,base
3,8947,base
3,8948,base
3,8949,base
3,8952,base
3,8954,base
3,8959,base
3,8961,base
3,8967,base
3,8968,base
3,8969,base
3,8971,base
3,8976,base
3,8980,base
3,8981,base
3,8983,base
3,8987,base
3,8990,base
3,8991,base
3,8992,base
3,8994,base
3,8997,base
3,8998,base
3,9001,base
3,9005,base
3,9006,base
3,9010,base
3,9012,base
3,9013,base
3,9020,base
3,9021,base
3,9022,base
3,9023,base
3,9024,base
3,9029,base
3,9032,base
3,9033,base
3,9034,base
3,9039,base
3,9040,base
3,9041,base
3,9042,base
3,9043,base
3,9044,base
3,9046,base
3,9047,base
3,9050,base
3,9051,base
3,9053,base
3,9054,base
3,9057,base
3,9060,base
3,9061,base
3,9063,base
3,9066,base
3,9067,base
3,9068,base
3,9069,base
3,9070,base
3,9072,base
3,9073,base
3,9076,base
3,9081,base
3,9083,base
3,9084,base
3,9088,base
3,9091,base
3,9092,base
3,9096,base
3,9097,base
3,9099,base
3,9100,base
3,9101,base
3,9102,base
3,9104,base
3,9105,base
3,9107,base
3,9111,base
3,9113,base
3,9114,base
3,9116,base
3,9117,base
3,9121,base
3,9122,base
3,9128,base
3,9130,base
3,9132,base
3,9134,base
3,9136,base
3,9148,base
3,9149,base
3,9152,base
3,9154,base
3,9155,base
3,9157,base
3,9158,base
3,9160,base
3,9161,base
3,9162,base
3,9165,base
3,9166,base
3,9167,base
3,9168,base
3,9169,base
3,9170,base
3,9172,base
3,9173,base
3,9174,base
3,9177,base
3,9178,base
3,9179,base
3,9181,base
3,9182,base
3,9186,base
3,9187,base
3,9188,base
3,9189,base
3,9199,base
3,9200,base
3,9201,base
3,9202,base
3,9203,base
3,9206,base
3,9207,base
3,9212,base
3,9214,base
3,9215,base
3,9218,base
3,9222,base
3,9223,base
3,9231,base
3,9235,base
3,9236,base
3,9237,base
3,9239,base
3,9240,base
3,9242,base
3,9243,base
3,9244,base
3,9246,base
3,9248,base
3,9250,base
3,9251,base
3,9254,base
3,9256,base
3,9257,base
3,9258,base
3,9259,base
3,9260,base
3,9261,base
3,9263,base
3,9264,base
3,9267,base
3,9268,base
3,9269,base
3,9270,base
3,9271,base
3,9272,base
3,9273,base
3,9276,base
3,9279,base
3,9282,base
3,9283,base
3,9284,base
3,9287,base
3,9288,base
3,9291,base
3,9293,base
3,9295,base
3,9296,base
3,9297,base
3,9298,base
3,9299,base
3,9301,base
3,9302,base
3,9303,base
3,9305,base
3,9306,base
3,9307,base
3,9308,base
3,9313,base
3,9314,base
3,9315,base
3,9316,base
3,9317,base
3,9320,base
3,9322,base
3,9323,base
3,9324,base
3,9328,base
3,9330,base
3,9334,base
3,9336,base
3,9337,base
3,9340,base
3,9341,base
3,9342,base
3,9343,base
3,9345,base
3,9346,base
3,9347,base
3,9348,base
3,9351,base
3,9352,base
3,9353,base
3,9355,base
3,9357,base
3,9358,base
3,9361,base
3,9362,base
3,9364,base
3,9367,base
3,9368,base
3,9369,base
3,9370,base
3,9371,base
3,9374,base
3,9376,base
3,9377,base
3,9378,base
3,9381,base
3,9382,base
3,9383,base
3,9384,base
3,9387,base
3,9388,base
3,9389,base
3,9390,base
3,9392,base
3,9397,base
3,9399,base
3,9401,base
3,9402,base
3,9403,base
3,9404,base
3,9407,base
3,9409,base
3,9413,base
3,9414,base
3,9416,base
3,9418,base
3,9420,base
3,9421,base
3,9423,base
3,9425,base
3,9426,base
3,9431,base
3,9434,base
3,9438,base
3,9443,base
3,9444,base
3,9448,base
3,9450,base
3,9451,base
3,9453,base
3,9454,base
3,9456,base
3,9457,base
3,9459,base
3,9461,base
3,9464,base
3,9465,base
3,9466,base
3,9468,base
3,9470,base
3,9473,base
3,9477,base
3,9478,base
3,9479,base
3,9482,base
3,9483,base
3,9487,base
3,9489,base
3,9491,base
3,9493,base
3,9494,base
3,9495,base
3,9496,base
3,9499,base
3,9500,base
3,9501,base
3,9503,base
3,9504,base
3,9505,base
3,9506,base
3,9507,base
3,9508,base
3,9510,base
3,9513,base
3,9514,base
3,9515,base
3,9520,base
3,9522,base
3,9523,base
3,9524,base
3,9525,base
3,9526,base
3,9527,base
3,9529,base
3,9536,base
3,9539,base
3,9540,base
3,9541,base
3,9542,base
3,9543,base
3,9544,base
3,9546,base
3,9549,base
3,9551,base
3,9553,base
3,9560,base
3,9563,base
3,9566,base
3,9568,base
3,9570,base
3,9572,base
3,9573,base
3,9574,base
3,9576,base
3,9578,base
3,9580,base
3,9581,base
3,9582,base
3,9583,base
3,9586,base
3,9587,base
3,9592,base
3,9599,base
3,9600,base
3,9601,base
3,9603,base
3,9604,base
3,9608,base
3,9610,base
3,9611,base
3,9613,base
3,9615,base
3,9618,base
3,9620,base
3,9621,base
3,9624,base
3,9626,base
3,9627,base
3,9628,base
3,9630,base
3,9631,base
3,9635,base
3,9639,base
3,9640,base
3,9641,base
3,9642,base
3,9645,base
3,9648,base
3,9650,base
3,9651,base
3,9655,base
3,9656,base
3,9659,base
3,9660,base
3,9661,base
3,9664,base
3,9668,base
3,9669,base
3,9677,base
3,9679,base
3,9680,base
3,9682,base
3,9683,base
3,9684,base
3,9686,base
3,9687,base
3,9689,base
3,9690,base
3,9692,base
3,9693,base
3,9695,base
3,9696,base
3,9697,base
3,9699,base
3,9702,base
3,9703,base
3,9706,base
3,9709,base
3,9710,base
3,9717,base
3,9718,base
3,9720,base
3,9722,base
3,9723,base
3,9724,base
3,9726,base
3,9727,base
3,9729,base
3,9731,base
3,9732,base
3,9734,base
3,9735,base
3,9737,base
3,9740,base
3,9741,base
3,9742,base
3,9744,base
3,9746,base
3,9749,base
3,9751,base
3,9752,base
3,9754,base
3,9756,base
3,9758,base
3,9759,base
3,9761,base
3,9762,base
3,9763,base
3,9768,base
3,9770,base
3,9773,base
3,9774,base
3,9775,base
3,9776,base
3,9777,base
3,9779,base
3,9780,base
3,9781,base
3,9782,base
3,9784,base
3,9788,base
3,9792,base
3,9793,base
3,9794,base
3,9795,base
3,9798,base
3,9800,base
3,9802,base
3,9805,base
3,9806,base
3,9810,base
3,9811,base
3,9812,base
3,9815,base
3,9821,base
3,9823,base
3,9824,base
3,9827,base
3,9829,base
3,9831,base
3,9832,base
3,9835,base
3,9836,base
3,9838,base
3,9839,base
3,9840,base
3,9842,base
3,9843,base
3,9849,base
3,9852,base
3,9853,base
3,9856,base
3,9859,base
3,9862,base
3,9864,base
3,9865,base
3,9866,base
3,9867,base
3,9871,base
3,9872,base
3,9875,base
3,9877,base
3,9880,base
3,9881,base
3,9882,base
3,9883,base
3,9887,base
3,9891,base
3,9892,base
3,9894,base
3,9895,base
3,9896,base
3,9899,base
3,9901,base
3,9902,base
3,9905,base
3,9913,base
3,9915,base
3,9916,base
3,9917,base
3,9918,base
3,9919,base
3,9922,base
3,9924,base
3,9926,base
3,9931,base
3,9933,base
3,9935,base
3,9936,base
3,9940,base
3,9944,base
3,9945,base
3,9947,base
3,9948,base
3,9949,base
3,9951,base
3,9954,base
3,9955,base
3,9956,base
3,9959,base
3,9960,base
3,9962,base
3,9963,base
3,9964,base
3,9966,base
3,9967,base
3,9968,base
3,9969,base
3,9971,base
3,9973,base
3,9974,base
3,9977,base
3,9980,base
3,9981,base
3,9982,base
3,9983,base
3,9986,base
3,9987,base
3,9990,base
3,7,transfer
3,22,transfer
3,28,transfer
3,32,transfer
3,35,transfer
3,36,transfer
3,39,transfer
3,44,transfer
3,48,transfer
3,49,transfer
3,52,transfer
3,87,transfer
3,90,transfer
3,91,transfer
3,96,transfer
3,99,transfer
3,100,transfer
3,104,transfer
3,106,transfer
3,110,transfer
3,111,transfer
3,113,transfer
3,117,transfer
3,119,transfer
3,120,transfer
3,124,transfer
3,129,transfer
3,131,transfer
3,133,transfer
3,135,transfer
3,145,transfer
3,148,transfer
3,152,transfer
3,169,transfer
3,172,transfer
3,173,transfer
3,175,transfer
3,176,transfer
3,178,transfer
3,179,transfer
3,183,transfer
3,187,transfer
3,196,transfer
3,202,transfer
3,207,transfer
3,210,transfer
3,226,transfer
3,235,transfer
3,253,transfer
3,255,transfer
3,256,transfer
3,264,transfer
3,267,transfer
3,271,transfer
3,274,transfer
3,278,transfer
3,287,transfer
3,292,transfer
3,293,transfer
3,308,transfer
3,314,transfer
3,315,transfer
3,318,transfer
3,322,transfer
3,323,transfer
3,330,transfer
3,331,transfer
3,339,transfer
3,343,transfer
3,347,transfer
3,353,transfer
3,355,transfer
3,361,transfer
3,368,transfer
3,373,transfer
3,374,transfer
3,387,transfer
3,388,transfer
3,391,transfer
3,395,transfer
3,397,transfer
3,399,transfer
3,400,transfer
3,402,transfer
3,408,transfer
3,409,transfer
3,419,transfer
3,421,transfer
3,426,transfer
3,428,transfer
3,429,transfer
3,436,transfer
3,438,transfer
3,442,transfer
3,445,transfer
3,451,transfer
3,457,transfer
3,461,transfer
3,466,transfer
3,478,transfer
3,487,transfer
3,489,transfer
3,493,transfer
3,496,transfer
3,512,transfer
3,513,transfer
3,514,transfer
3,526,transfer
3,529,transfer
3,535,transfer
3,538,transfer
3,540,transfer
3,552,transfer
3,555,transfer
3,564,transfer
3,572,transfer
3,574,transfer
3,582,transfer
3,589,transfer
3,592,transfer
3,600,transfer
3,601,transfer
3,604,transfer
3,609,transfer
3,619,transfer
3,622,transfer
3,628,transfer
3,636,transfer
3,637,transfer
3,642,transfer
3,650,transfer
3,652,transfer
3,653,transfer
3,655,transfer
3,658,transfer
3,660,transfer
3,665,transfer
3,667,transfer
3,668,transfer
3,697,transfer
3,701,transfer
3,711,transfer
3,713,transfer
3,727,transfer
3,729,transfer
3,731,transfer
3,732,transfer
3,739,transfer
3,741,transfer
3,747,transfer
3,750,transfer
3,762,transfer
3,768,transfer
3,772,transfer
3,774,transfer
3,783,transfer
3,784,transfer
3,788,transfer
3,790,transfer
3,793,transfer
3,795,transfer
3,797,transfer
3,804,transfer
3,812,transfer
3,814,transfer
3,815,transfer
3,816,transfer
3,830,transfer
3,832,transfer
3,834,transfer
3,837,transfer
3,844,transfer
3,849,transfer
3,850,transfer
3,854,transfer
3,857,transfer
3,858,transfer
3,859,transfer
3,870,transfer
3,881,transfer
3,884,transfer
3,888,transfer
3,904,transfer
3,912,transfer
3,920,transfer
3,921,transfer
3,925,transfer
3,926,transfer
3,931,transfer
3,938,transfer
3,946,transfer
3,947,transfer
3,950,transfer
3,957,transfer
3,960,transfer
3,961,transfer
3,966,transfer
3,970,transfer
3,980,transfer
3,989,transfer
3,994,transfer
3,995,transfer
3,1001,transfer
3,1005,transfer
3,1011,transfer
3,1012,transfer
3,1021,transfer
3,1024,transfer
3,1029,transfer
3,1052,transfer
3,1053,transfer
3,1054,transfer
3,1066,transfer
3,1069,transfer
3,1073,transfer
3,1075,transfer
3,1082,transfer
3,1093,transfer
3,1097,transfer
3,1101,transfer
3,1102,transfer
3,1106,transfer
3,1113,transfer
3,1121,transfer
3,1130,transfer
3,1131,transfer
3,1137,transfer
3,1140,transfer
3,1145,transfer
3,1149,transfer
3,1153,transfer
3,1155,transfer
3,1156,transfer
3,1161,transfer
3,1165,transfer
3,1167,transfer
3,1175,transfer
3,1178,transfer
3,1185,transfer
3,1200,transfer
3,1208,transfer
3,1211,transfer
3,1213,transfer
3,1219,transfer
3,1228,transfer
3,1232,transfer
3,1233,transfer
3,1239,transfer
3,1241,transfer
3,1243,transfer
3,1249,transfer
3,1253,transfer
3,1256,transfer
3,1265,transfer
3,1270,transfer
3,1274,transfer
3,1276,transfer
3,1279,transfer
3,1281,transfer
3,1283,transfer
3,1287,transfer
3,1311,transfer
3,1312,transfer
3,1314,transfer
3,1323,transfer
3,1330,transfer
3,1331,transfer
3,1332,transfer
3,1342,transfer
3,1346,transfer
3,1349,transfer
3,1351,transfer
3,1353,transfer
3,1357,transfer
3,1362,transfer
3,1368,transfer
3,1369,transfer
3,1377,transfer
3,1382,transfer
3,1388,transfer
3,1390,transfer
3,1391,transfer
3,1393,transfer
3,1394,transfer
3,1397,transfer
3,1399,transfer
3,1416,transfer
3,1419,transfer
3,1424,transfer
3,1431,transfer
3,1435,transfer
3,1449,transfer
3,1451,transfer
3,1452,transfer
3,1457,transfer
3,1458,transfer
3,1461,transfer
3,1464,transfer
3,1483,transfer
3,1490,transfer
3,1491,transfer
3,1493,transfer
3,1498,transfer
3,1505,transfer
3,1514,transfer
3,1517,transfer
3,1520,transfer
3,1525,transfer
3,1535,transfer
3,1536,transfer
3,1539,transfer
3,1544,transfer
3,1545,transfer
3,1549,transfer
3,1552,transfer
3,1565,transfer
3,1566,transfer
3,1584,transfer
3,1585,transfer
3,1586,transfer
3,1601,transfer
3,1606,transfer
3,1609,transfer
3,1615,transfer
3,1622,transfer
3,1623,transfer
3,1628,transfer
3,1636,transfer
3,1641,transfer
3,1649,transfer
3,1654,transfer
3,1655,transfer
3,1666,transfer
3,1669,transfer
3,1673,transfer
3,1679,transfer
3,1683,transfer
3,1685,transfer
3,1691,transfer
3,1696,transfer
3,1698,transfer
3,1700,transfer
3,1701,transfer
3,1703,transfer
3,1717,transfer
3,1719,transfer
3,1720,transfer
3,1725,transfer
3,1727,transfer
3,1731,transfer
3,1732,transfer
3,1735,transfer
3,1736,transfer
3,1737,transfer
3,1748,transfer
3,1750,transfer
3,1752,transfer
3,1756,transfer
3,1757,transfer
3,1762,transfer
3,1768,transfer
3,1777,transfer
3,1786,transfer
3,1789,transfer
3,1790,transfer
3,1804,transfer
3,1818,transfer
3,1822,transfer
3,1824,transfer
3,1836,transfer
3,1840,transfer
3,1843,transfer
3,1844,transfer
3,1845,transfer
3,1857,transfer
3,1858,transfer
3,1860,transfer
3,1864,transfer
3,1868,transfer
3,1878,transfer
3,1880,transfer
3,1881,transfer
3,1884,transfer
3,1896,transfer
3,1898,transfer
3,1899,transfer
3,1900,transfer
3,1902,transfer
3,1916,transfer
3,1917,transfer
3,1922,transfer
3,1938,transfer
3,1953,transfer
3,1954,transfer
3,1957,transfer
3,1961,transfer
3,1964,transfer
3,1970,transfer
3,1974,transfer
3,1988,transfer
3,1989,transfer
3,1993,transfer
3,2002,transfer
3,2006,transfer
3,2015,transfer
3,2017,transfer
3,2019,transfer
3,2021,transfer
3,2030,transfer
3,2044,transfer
3,2060,transfer
3,2064,transfer
3,2075,transfer
3,2081,transfer
3,2089,transfer
3,2091,transfer
3,2094,transfer
3,2104,transfer
3,2105,transfer
3,2109,transfer
3,2111,transfer
3,2127,transfer
3,2141,transfer
3,2145,transfer
3,2146,transfer
3,2149,transfer
3,2155,transfer
3,2161,transfer
3,2167,transfer
3,2172,transfer
3,2177,transfer
3,2179,transfer
3,2184,transfer
3,2187,transfer
3,2197,transfer
3,2200,transfer
3,2201,transfer
3,2202,transfer
3,2209,transfer
3,2210,transfer
3,2216,transfer
3,2217,transfer
3,2218,transfer
3,2219,transfer
3,2224,transfer
3,2226,transfer
3,2232,transfer
3,2236,transfer
3,2241,transfer
3,2246,transfer
3,2249,transfer
3,2258,transfer
3,2266,transfer
3,2271,transfer
3,2285,transfer
3,2288,transfer
3,2298,transfer
3,2306,transfer
3,2307,transfer
3,2309,transfer
3,2313,transfer
3,2321,transfer
3,2325,transfer
3,2330,transfer
3,2337,transfer
3,2343,transfer
3,2347,transfer
3,2362,transfer
3,2366,transfer
3,2371,transfer
3,2374,transfer
3,2377,transfer
3,2379,transfer
3,2384,transfer
3,2388,transfer
3,2391,transfer
3,2394,transfer
3,2395,transfer
3,2396,transfer
3,2397,transfer
3,2406,transfer
3,2414,transfer
3,2417,transfer
3,2419,transfer
3,2421,transfer
3,2423,transfer
3,2425,transfer
3,2427,transfer
3,2440,transfer
3,2441,transfer
3,2456,transfer
3,2458,transfer
3,2463,transfer
3,2471,transfer
3,2475,transfer
3,2477,transfer
3,2480,transfer
3,2481,transfer
3,2485,transfer
3,2489,transfer
3,2495,transfer
3,2496,transfer
3,2500,transfer
3,2501,transfer
3,2503,transfer
3,2505,transfer
3,2506,transfer
3,2510,transfer
3,2514,transfer
3,2515,transfer
3,2516,transfer
3,2519,transfer
3,2521,transfer
3,2524,transfer
3,2533,transfer
3,2546,transfer
3,2552,transfer
3,2556,transfer
3,2568,transfer
3,2569,transfer
3,2575,transfer
3,2584,transfer
3,2589,transfer
3,2608,transfer
3,2611,transfer
3,2613,transfer
3,2616,transfer
3,2620,transfer
3,2627,transfer
3,2629,transfer
3,2641,transfer
3,2649,transfer
3,2650,transfer
3,2661,transfer
3,2666,transfer
3,2670,transfer
3,2674,transfer
3,2679,transfer
3,2682,transfer
3,2684,transfer
3,2693,transfer
3,2696,transfer
3,2701,transfer
3,2707,transfer
3,2709,transfer
3,2719,transfer
3,2722,transfer
3,2727,transfer
3,2728,transfer
3,2732,transfer
3,2734,transfer
3,2736,transfer
3,2742,transfer
3,2744,transfer
3,2756,transfer
3,2757,transfer
3,2765,transfer
3,2771,transfer
3,2782,transfer
3,2784,transfer
3,2785,transfer
3,2790,transfer
3,2795,transfer
3,2797,transfer
3,2799,transfer
3,2804,transfer
3,2811,transfer
3,2812,transfer
3,2813,transfer
3,2823,transfer
3,2840,transfer
3,2841,transfer
3,2843,transfer
3,2846,transfer
3,2848,transfer
3,2853,transfer
3,2868,transfer
3,2880,transfer
3,2890,transfer
3,2891,transfer
3,2897,transfer
3,2899,transfer
3,2909,transfer
3,2910,transfer
3,2928,transfer
3,2936,transfer
3,2941,transfer
3,2952,transfer
3,2956,transfer
3,2964,transfer
3,2972,transfer
3,2973,transfer
3,2974,transfer
3,2990,transfer
3,2998,transfer
3,3006,transfer
3,3014,transfer
3,3020,transfer
3,3025,transfer
3,3031,transfer
3,3039,transfer
3,3046,transfer
3,3052,transfer
3,3055,transfer
3,3058,transfer
3,3063,transfer
3,3065,transfer
3,3068,transfer
3,3069,transfer
3,3070,transfer
3,3073,transfer
3,3075,transfer
3,3077,transfer
3,3083,transfer
3,3084,transfer
3,3085,transfer
3,3090,transfer
3,3092,transfer
3,3096,transfer
3,3097,transfer
3,3103,transfer
3,3106,transfer
3,3109,transfer
3,3111,transfer
3,3119,transfer
3,3129,transfer
3,3130,transfer
3,3138,transfer
3,3139,transfer
3,3140,transfer
3,3144,transfer
3,3150,transfer
3,3154,transfer
3,3156,transfer
3,3160,transfer
3,3170,transfer
3,3171,transfer
3,3176,transfer
3,3179,transfer
3,3186,transfer
3,3187,transfer
3,3189,transfer
3,3193,transfer
3,3197,transfer
3,3198,transfer
3,3208,transfer
3,3216,transfer
3,3225,transfer
3,3239,transfer
3,3242,transfer
3,3254,transfer
3,3260,transfer
3,3270,transfer
3,3275,transfer
3,3279,transfer
3,3282,transfer
3,3288,transfer
3,3292,transfer
3,3295,transfer
3,3298,transfer
3,3302,transfer
3,3308,transfer
3,3310,transfer
3,3311,transfer
3,3316,transfer
3,3324,transfer
3,3325,transfer
3,3343,transfer
3,3348,transfer
3,3351,transfer
3,3353,transfer
3,3367,transfer
3,3368,transfer
3,3370,transfer
3,3372,transfer
3,3374,transfer
3,3378,transfer
3,3379,transfer
3,3381,transfer
3,3389,transfer
3,3395,transfer
3,3398,transfer
3,3400,transfer
3,3402,transfer
3,3404,transfer
3,3409,transfer
3,3415,transfer
3,3416,transfer
3,3428,transfer
3,3434,transfer
3,3438,transfer
3,3439,transfer
3,3443,transfer
3,3445,transfer
3,3457,transfer
3,3458,transfer
3,3459,transfer
3,3461,transfer
3,3464,transfer
3,3466,transfer
3,3472,transfer
3,3478,transfer
3,3481,transfer
3,3483,transfer
3,3500,transfer
3,3501,transfer
3,3508,transfer
3,3509,transfer
3,3515,transfer
3,3516,transfer
3,3525,transfer
3,3528,transfer
3,3556,transfer
3,3561,transfer
3,3565,transfer
3,3568,transfer
3,3574,transfer
3,3585,transfer
3,3588,transfer
3,3592,transfer
3,3595,transfer
3,3597,transfer
3,3598,transfer
3,3599,transfer
3,3606,transfer
3,3616,transfer
3,3617,transfer
3,3623,transfer
3,3637,transfer
3,3640,transfer
3,3642,transfer
3,3648,transfer
3,3660,transfer
3,3671,transfer
3,3677,transfer
3,3679,transfer
3,3685,transfer
3,3686,transfer
3,3688,transfer
3,3690,transfer
3,3696,transfer
3,3699,transfer
3,3706,transfer
3,3732,transfer
3,3733,transfer
3,3742,transfer
3,3744,transfer
3,3752,transfer
3,3754,transfer
3,3755,transfer
3,3761,transfer
3,3762,transfer
3,3771,transfer
3,3774,transfer
3,3777,transfer
3,3782,transfer
3,3784,transfer
3,3786,transfer
3,3791,transfer
3,3800,transfer
3,3802,transfer
3,3803,transfer
3,3806,transfer
3,3811,transfer
3,3818,transfer
3,3822,transfer
3,3826,transfer
3,3828,transfer
3,3831,transfer
3,3832,transfer
3,3835,transfer
3,3845,transfer
3,3847,transfer
3,3849,transfer
3,3854,transfer
3,3857,transfer
3,3858,transfer
3,3862,transfer
3,3882,transfer
3,3883,transfer
3,3889,transfer
3,3890,transfer
3,3891,transfer
3,3893,transfer
3,3896,transfer
3,3897,transfer
3,3900,transfer
3,3916,transfer
3,3928,transfer
3,3931,transfer
3,3945,transfer
3,3946,transfer
3,3950,transfer
3,3955,transfer
3,3958,transfer
3,3960,transfer
3,3968,transfer
3,3969,transfer
3,3982,transfer
3,3989,transfer
3,4000,transfer
3,4001,transfer
3,4005,transfer
3,4008,transfer
3,4013,transfer
3,4024,transfer
3,4028,transfer
3,4032,transfer
3,4038,transfer
3,4044,transfer
3,4053,transfer
3,4055,transfer
3,4056,transfer
3,4058,transfer
3,4060,transfer
3,4061,transfer
3,4064,transfer
3,4068,transfer
3,4069,transfer
3,4077,transfer
3,4085,transfer
3,4096,transfer
3,4100,transfer
3,4102,transfer
3,4109,transfer
3,4110,transfer
3,4122,transfer
3,4128,transfer
3,4141,transfer
3,4147,transfer
3,4149,transfer
3,4157,transfer
3,4158,transfer
3,4159,transfer
3,4170,transfer
3,4190,transfer
3,4194,transfer
3,4197,transfer
3,4198,transfer
3,4209,transfer
3,4211,transfer
3,4214,transfer
3,4215,transfer
3,4220,transfer
3,4222,transfer
3,4228,transfer
3,4229,transfer
3,4230,transfer
3,4236,transfer
3,4243,transfer
3,4244,transfer
3,4254,transfer
3,4265,transfer
3,4275,transfer
3,4278,transfer
3,4280,transfer
3,4288,transfer
3,4302,transfer
3,4308,transfer
3,4310,transfer
3,4313,transfer
3,4320,transfer
3,4322,transfer
3,4331,transfer
3,4332,transfer
3,4337,transfer
3,4338,transfer
3,4342,transfer
3,4343,transfer
3,4345,transfer
3,4349,transfer
3,4355,transfer
3,4356,transfer
3,4357,transfer
3,4359,transfer
3,4366,transfer
3,4370,transfer
3,4374,transfer
3,4376,transfer
3,4377,transfer
3,4399,transfer
3,4405,transfer
3,4407,transfer
3,4409,transfer
3,4413,transfer
3,4418,transfer
3,4423,transfer
3,4429,transfer
3,4431,transfer
3,4434,transfer
3,4435,transfer
3,4437,transfer
3,4454,transfer
3,4458,transfer
3,4461,transfer
3,4472,transfer
3,4473,transfer
3,4476,transfer
3,4481,transfer
3,4490,transfer
3,4495,transfer
3,4500,transfer
3,4511,transfer
3,4514,transfer
3,4517,transfer
3,4519,transfer
3,4525,transfer
3,4529,transfer
3,4537,transfer
3,4538,transfer
3,4539,transfer
3,4542,transfer
3,4555,transfer
3,4557,transfer
3,4561,transfer
3,4568,transfer
3,4571,transfer
3,4578,transfer
3,4595,transfer
3,4599,transfer
3,4600,transfer
3,4602,transfer
3,4609,transfer
3,4617,transfer
3,4623,transfer
3,4628,transfer
3,4630,transfer
3,4631,transfer
3,4639,transfer
3,4647,transfer
3,4654,transfer
3,4659,transfer
3,4667,transfer
3,4676,transfer
3,4680,transfer
3,4681,transfer
3,4682,transfer
3,4694,transfer
3,4695,transfer
3,4697,transfer
3,4698,transfer
3,4705,transfer
3,4714,transfer
3,4718,transfer
3,4723,transfer
3,4734,transfer
3,4739,transfer
3,4745,transfer
3,4754,transfer
3,4755,transfer
3,4756,transfer
3,4757,transfer
3,4758,transfer
3,4769,transfer
3,4770,transfer
3,4772,transfer
3,4777,transfer
3,4779,transfer
3,4784,transfer
3,4790,transfer
3,4795,transfer
3,4802,transfer
3,4804,transfer
3,4810,transfer
3,4812,transfer
3,4821,transfer
3,4822,transfer
3,4823,transfer
3,4827,transfer
3,4844,transfer
3,4846,transfer
3,4853,transfer
3,4856,transfer
3,4858,transfer
3,4861,transfer
3,4862,transfer
3,4863,transfer
3,4867,transfer
3,4869,transfer
3,4884,transfer
3,4888,transfer
3,4900,transfer
3,4908,transfer
3,4910,transfer
3,4917,transfer
3,4920,transfer
3,4923,transfer
3,4925,transfer
3,4932,transfer
3,4949,transfer
3,4953,transfer
3,4959,transfer
3,4960,transfer
3,4964,transfer
3,4966,transfer
3,4981,transfer
3,4987,transfer
3,4996,transfer
3,4997,transfer
3,4999,transfer
3,5001,transfer
3,5008,transfer
3,5020,transfer
3,5022,transfer
3,5032,transfer
3,5034,transfer
3,5036,transfer
3,5037,transfer
3,5044,transfer
3,5048,transfer
3,5054,transfer
3,5056,transfer
3,5062,transfer
3,5067,transfer
3,5072,transfer
3,5075,transfer
3,5078,transfer
3,5079,transfer
3,5086,transfer
3,5095,transfer
3,5096,transfer
3,5097,transfer
3,5105,transfer
3,5106,transfer
3,5110,transfer
3,5111,transfer
3,5127,transfer
3,5129,transfer
3,5130,transfer
3,5134,transfer
3,5135,transfer
3,5151,transfer
3,5156,transfer
3,5159,transfer
3,5161,transfer
3,5164,transfer
3,5167,transfer
3,5169,transfer
3,5173,transfer
3,5176,transfer
3,5181,transfer
3,5182,transfer
3,5187,transfer
3,5189,transfer
3,5190,transfer
3,5192,transfer
3,5202,transfer
3,5208,transfer
3,5220,transfer
3,5223,transfer
3,5229,transfer
3,5231,transfer
3,5236,transfer
3,5246,transfer
3,5247,transfer
3,5255,transfer
3,5267,transfer
3,5274,transfer
3,5281,transfer
3,5283,transfer
3,5287,transfer
3,5299,transfer
3,5304,transfer
3,5313,transfer
3,5324,transfer
3,5326,transfer
3,5328,transfer
3,5338,transfer
3,5340,transfer
3,5341,transfer
3,5348,transfer
3,5350,transfer
3,5354,transfer
3,5358,transfer
3,5361,transfer
3,5364,transfer
3,5366,transfer
3,5370,transfer
3,5377,transfer
3,5386,transfer
3,5387,transfer
3,5393,transfer
3,5395,transfer
3,5400,transfer
3,5403,transfer
3,5406,transfer
3,5407,transfer
3,5412,transfer
3,5413,transfer
3,5417,transfer
3,5426,transfer
3,5430,transfer
3,5439,transfer
3,5442,transfer
3,5449,transfer
3,5457,transfer
3,5464,transfer
3,5467,transfer
3,5468,transfer
3,5477,transfer
3,5478,transfer
3,5484,transfer
3,5487,transfer
3,5502,transfer
3,5522,transfer
3,5533,transfer
3,5542,transfer
3,5544,transfer
3,5546,transfer
3,5550,transfer
3,5553,transfer
3,5556,transfer
3,5558,transfer
3,5559,transfer
3,5567,transfer
3,5577,transfer
3,5581,transfer
3,5582,transfer
3,5596,transfer
3,5598,transfer
3,5606,transfer
3,5612,transfer
3,5614,transfer
3,5616,transfer
3,5617,transfer
3,5625,transfer
3,5628,transfer
3,5649,transfer
3,5653,transfer
3,5654,transfer
3,5661,transfer
3,5662,transfer
3,5673,transfer
3,5678,transfer
3,5681,transfer
3,5683,transfer
3,5687,transfer
3,5698,transfer
3,5702,transfer
3,5704,transfer
3,5709,transfer
3,5715,transfer
3,5726,transfer
3,5729,transfer
3,5736,transfer
3,5737,transfer
3,5744,transfer
3,5751,transfer
3,5753,transfer
3,5756,transfer
3,5764,transfer
3,5773,transfer
3,5789,transfer
3,5793,transfer
3,5798,transfer
3,5801,transfer
3,5802,transfer
3,5808,transfer
3,5813,transfer
3,5816,transfer
3,5817,transfer
3,5825,transfer
3,5831,transfer
3,5833,transfer
3,5836,transfer
3,5843,transfer
3,5848,transfer
3,5852,transfer
3,5856,transfer
3,5860,transfer
3,5861,transfer
3,5864,transfer
3,5865,transfer
3,5866,transfer
3,5868,transfer
3,5870,transfer
3,5878,transfer
3,5879,transfer
3,5881,transfer
3,5886,transfer
3,5890,transfer
3,5892,transfer
3,5893,transfer
3,5916,transfer
3,5929,transfer
3,5931,transfer
3,5935,transfer
3,5936,transfer
3,5938,transfer
3,5950,transfer
3,5951,transfer
3,5957,transfer
3,5965,transfer
3,5966,transfer
3,5970,transfer
3,5972,transfer
3,5973,transfer
3,5974,transfer
3,5975,transfer
3,5985,transfer
3,5995,transfer
3,5996,transfer
3,5997,transfer
3,6001,transfer
3,6005,transfer
3,6007,transfer
3,6017,transfer
3,6020,transfer
3,6023,transfer
3,6030,transfer
3,6031,transfer
3,6036,transfer
3,6041,transfer
3,6065,transfer
3,6080,transfer
3,6086,transfer
3,6091,transfer
3,6097,transfer
3,6105,transfer
3,6115,transfer
3,6118,transfer
3,6125,transfer
3,6126,transfer
3,6129,transfer
3,6140,transfer
3,6141,transfer
3,6144,transfer
3,6145,transfer
3,6155,transfer
3,6157,transfer
3,6160,transfer
3,6161,transfer
3,6169,transfer
3,6177,transfer
3,6181,transfer
3,6186,transfer
3,6193,transfer
3,6195,transfer
3,6199,transfer
3,6202,transfer
3,6235,transfer
3,6240,transfer
3,6261,transfer
3,6262,transfer
3,6263,transfer
3,6265,transfer
3,6269,transfer
3,6271,transfer
3,6276,transfer
3,6282,transfer
3,6284,transfer
3,6289,transfer
3,6296,transfer
3,6298,transfer
3,6302,transfer
3,6306,transfer
3,6309,transfer
3,6312,transfer
3,6313,transfer
3,6320,transfer
3,6325,transfer
3,6329,transfer
3,6331,transfer
3,6339,transfer
3,6342,transfer
3,6345,transfer
3,6346,transfer
3,6347,transfer
3,6349,transfer
3,6350,transfer
3,6360,transfer
3,6364,transfer
3,6367,transfer
3,6373,transfer
3,6377,transfer
3,6384,transfer
3,6393,transfer
3,6398,transfer
3,6401,transfer
3,6406,transfer
3,6419,transfer
3,6420,transfer
3,6433,transfer
3,6434,transfer
3,6435,transfer
3,6440,transfer
3,6447,transfer
3,6451,transfer
3,6459,transfer
3,6464,transfer
3,6465,transfer
3,6471,transfer
3,6473,transfer
3,6476,transfer
3,6482,transfer
3,6483,transfer
3,6487,transfer
3,6489,transfer
3,6499,transfer
3,6500,transfer
3,6511,transfer
3,6517,transfer
3,6518,transfer
3,6525,transfer
3,6527,transfer
3,6528,transfer
3,6556,transfer
3,6557,transfer
3,6558,transfer
3,6563,transfer
3,6566,transfer
3,6571,transfer
3,6574,transfer
3,6575,transfer
3,6576,transfer
3,6578,transfer
3,6585,transfer
3,6595,transfer
3,6599,transfer
3,6611,transfer
3,6613,transfer
3,6616,transfer
3,6619,transfer
3,6631,transfer
3,6633,transfer
3,6636,transfer
3,6639,transfer
3,6641,transfer
3,6642,transfer
3,6646,transfer
3,6652,transfer
3,6663,transfer
3,6666,transfer
3,6674,transfer
3,6683,transfer
3,6687,transfer
3,6688,transfer
3,6690,transfer
3,6691,transfer
3,6696,transfer
3,6713,transfer
3,6718,transfer
3,6720,transfer
3,6721,transfer
3,6728,transfer
3,6740,transfer
3,6741,transfer
3,6749,transfer
3,6751,transfer
3,6761,transfer
3,6762,transfer
3,6763,transfer
3,6764,transfer
3,6778,transfer
3,6779,transfer
3,6782,transfer
3,6788,transfer
3,6795,transfer
3,6799,transfer
3,6809,transfer
3,6813,transfer
3,6814,transfer
3,6817,transfer
3,6819,transfer
3,6820,transfer
3,6827,transfer
3,6829,transfer
3,6834,transfer
3,6835,transfer
3,6838,transfer
3,6840,transfer
3,6848,transfer
3,6852,transfer
3,6855,transfer
3,6860,transfer
3,6864,transfer
3,6865,transfer
3,6869,transfer
3,6881,transfer
3,6884,transfer
3,6889,transfer
3,6894,transfer
3,6898,transfer
3,6905,transfer
3,6915,transfer
3,6924,transfer
3,6925,transfer
3,6927,transfer
3,6939,transfer
3,6940,transfer
3,6944,transfer
3,6945,transfer
3,6946,transfer
3,6951,transfer
3,6952,transfer
3,6953,transfer
3,6969,transfer
3,6973,transfer
3,6976,transfer
3,6978,transfer
3,6979,transfer
3,6981,transfer
3,6990,transfer
3,6994,transfer
3,6998,transfer
3,7010,transfer
3,7013,transfer
3,7014,transfer
3,7016,transfer
3,7018,transfer
3,7020,transfer
3,7029,transfer
3,7031,transfer
3,7032,transfer
3,7049,transfer
3,7055,transfer
3,7057,transfer
3,7067,transfer
3,7070,transfer
3,7072,transfer
3,7079,transfer
3,7085,transfer
3,7096,transfer
3,7099,transfer
3,7102,transfer
3,7105,transfer
3,7120,transfer
3,7124,transfer
3,7139,transfer
3,7146,transfer
3,7151,transfer
3,7155,transfer
3,7159,transfer
3,7161,transfer
3,7169,transfer
3,7191,transfer
3,7193,transfer
3,7196,transfer
3,7197,transfer
3,7201,transfer
3,7203,transfer
3,7206,transfer
3,7215,transfer
3,7219,transfer
3,7222,transfer
3,7223,transfer
3,7226,transfer
3,7227,transfer
3,7231,transfer
3,7232,transfer
3,7241,transfer
3,7262,transfer
3,7267,transfer
3,7269,transfer
3,7271,transfer
3,7275,transfer
3,7276,transfer
3,7282,transfer
3,7297,transfer
3,7300,transfer
3,7301,transfer
3,7302,transfer
3,7303,transfer
3,7320,transfer
3,7322,transfer
3,7326,transfer
3,7330,transfer
3,7334,transfer
3,7341,transfer
3,7347,transfer
3,7353,transfer
3,7363,transfer
3,7364,transfer
3,7365,transfer
3,7367,transfer
3,7370,transfer
3,7373,transfer
3,7390,transfer
3,7400,transfer
3,7403,transfer
3,7405,transfer
3,7406,transfer
3,7410,transfer
3,7425,transfer
3,7427,transfer
3,7434,transfer
3,7436,transfer
3,7441,transfer
3,7446,transfer
3,7447,transfer
3,7452,transfer
3,7453,transfer
3,7457,transfer
3,7462,transfer
3,7475,transfer
3,7476,transfer
3,7479,transfer
3,7480,transfer
3,7485,transfer
3,7496,transfer
3,7502,transfer
3,7509,transfer
3,7513,transfer
3,7520,transfer
3,7524,transfer
3,7530,transfer
3,7535,transfer
3,7541,transfer
3,7547,transfer
3,7548,transfer
3,7553,transfer
3,7558,transfer
3,7564,transfer
3,7566,transfer
3,7570,transfer
3,7578,transfer
3,7587,transfer
3,7590,transfer
3,7595,transfer
3,7596,transfer
3,7618,transfer
3,7646,transfer
3,7647,transfer
3,7654,transfer
3,7660,transfer
3,7674,transfer
3,7676,transfer
3,7678,transfer
3,7687,transfer
3,7697,transfer
3,7704,transfer
3,7705,transfer
3,7715,transfer
3,7716,transfer
3,7717,transfer
3,7724,transfer
3,7727,transfer
3,7733,transfer
3,7739,transfer
3,7743,transfer
3,7747,transfer
3,7753,transfer
3,7761,transfer
3,7769,transfer
3,7783,transfer
3,7786,transfer
3,7788,transfer
3,7798,transfer
3,7801,transfer
3,7804,transfer
3,7808,transfer
3,7809,transfer
3,7815,transfer
3,7817,transfer
3,7818,transfer
3,7829,transfer
3,7830,transfer
3,7832,transfer
3,7835,transfer
3,7839,transfer
3,7840,transfer
3,7841,transfer
3,7842,transfer
3,7854,transfer
3,7857,transfer
3,7864,transfer
3,7873,transfer
3,7885,transfer
3,7888,transfer
3,7889,transfer
3,7892,transfer
3,7897,transfer
3,7904,transfer
3,7919,transfer
3,7921,transfer
3,7922,transfer
3,7923,transfer
3,7924,transfer
3,7927,transfer
3,7936,transfer
3,7937,transfer
3,7939,transfer
3,7940,transfer
3,7941,transfer
3,7942,transfer
3,7946,transfer
3,7947,transfer
3,7959,transfer
3,7970,transfer
3,7980,transfer
3,7990,transfer
3,7995,transfer
3,7996,transfer
3,7997,transfer
3,8002,transfer
3,8003,transfer
3,8010,transfer
3,8013,transfer
3,8035,transfer
3,8038,transfer
3,8040,transfer
3,8042,transfer
3,8045,transfer
3,8056,transfer
3,8059,transfer
3,8060,transfer
3,8061,transfer
3,8067,transfer
3,8069,transfer
3,8081,transfer
3,8086,transfer
3,8087,transfer
3,8096,transfer
3,8097,transfer
3,8101,transfer
3,8106,transfer
3,8108,transfer
3,8109,transfer
3,8111,transfer
3,8119,transfer
3,8124,transfer
3,8126,transfer
3,8139,transfer
3,8140,transfer
3,8141,transfer
3,8143,transfer
3,8146,transfer
3,8149,transfer
3,8151,transfer
3,8154,transfer
3,8157,transfer
3,8158,transfer
3,8161,transfer
3,8167,transfer
3,8174,transfer
3,8182,transfer
3,8190,transfer
3,8199,transfer
3,8203,transfer
3,8212,transfer
3,8215,transfer
3,8228,transfer
3,8230,transfer
3,8237,transfer
3,8241,transfer
3,8243,transfer
3,8250,transfer
3,8252,transfer
3,8257,transfer
3,8258,transfer
3,8262,transfer
3,8264,transfer
3,8268,transfer
3,8269,transfer
3,8276,transfer
3,8277,transfer
3,8281,transfer
3,8285,transfer
3,8287,transfer
3,8292,transfer
3,8295,transfer
3,8303,transfer
3,8305,transfer
3,8307,transfer
3,8308,transfer
3,8325,transfer
3,8352,transfer
3,8355,transfer
3,8356,transfer
3,8360,transfer
3,8361,transfer
3,8362,transfer
3,8363,transfer
3,8364,transfer
3,8369,transfer
3,8374,transfer
3,8384,transfer
3,8392,transfer
3,8394,transfer
3,8397,transfer
3,8398,transfer
3,8404,transfer
3,8414,transfer
3,8421,transfer
3,8426,transfer
3,8428,transfer
3,8439,transfer
3,8443,transfer
3,8445,transfer
3,8449,transfer
3,8450,transfer
3,8451,transfer
3,8453,transfer
3,8458,transfer
3,8460,transfer
3,8464,transfer
3,8475,transfer
3,8477,transfer
3,8482,transfer
3,8483,transfer
3,8486,transfer
3,8487,transfer
3,8489,transfer
3,8495,transfer
3,8496,transfer
3,8498,transfer
3,8499,transfer
3,8500,transfer
3,8508,transfer
3,8509,transfer
3,8518,transfer
3,8522,transfer
3,8527,transfer
3,8532,transfer
3,8533,transfer
3,8538,transfer
3,8539,transfer
3,8543,transfer
3,8547,transfer
3,8550,transfer
3,8551,transfer
3,8559,transfer
3,8565,transfer
3,8566,transfer
3,8567,transfer
3,8575,transfer
3,8589,transfer
3,8593,transfer
3,8595,transfer
3,8599,transfer
3,8613,transfer
3,8618,transfer
3,8623,transfer
3,8624,transfer
3,8630,transfer
3,8632,transfer
3,8644,transfer
3,8646,transfer
3,8650,transfer
3,8660,transfer
3,8665,transfer
3,8667,transfer
3,8669,transfer
3,8670,transfer
3,8673,transfer
3,8679,transfer
3,8681,transfer
3,8690,transfer
3,8696,transfer
3,8711,transfer
3,8712,transfer
3,8714,transfer
3,8715,transfer
3,8717,transfer
3,8721,transfer
3,8722,transfer
3,8723,transfer
3,8728,transfer
3,8738,transfer
3,8750,transfer
3,8752,transfer
3,8764,transfer
3,8765,transfer
3,8768,transfer
3,8777,transfer
3,8789,transfer
3,8795,transfer
3,8800,transfer
3,8808,transfer
3,8809,transfer
3,8823,transfer
3,8843,transfer
3,8844,transfer
3,8848,transfer
3,8850,transfer
3,8853,transfer
3,8857,transfer
3,8860,transfer
3,8862,transfer
3,8872,transfer
3,8875,transfer
3,8883,transfer
3,8892,transfer
3,8895,transfer
3,8921,transfer
3,8928,transfer
3,8931,transfer
3,8936,transfer
3,8941,transfer
3,8950,transfer
3,8953,transfer
3,8958,transfer
3,8962,transfer
3,8965,transfer
3,8974,transfer
3,8975,transfer
3,8979,transfer
3,8982,transfer
3,8985,transfer
3,8986,transfer
3,8988,transfer
3,8993,transfer
3,8996,transfer
3,9000,transfer
3,9002,transfer
3,9004,transfer
3,9007,transfer
3,9008,transfer
3,9011,transfer
3,9014,transfer
3,9016,transfer
3,9017,transfer
3,9018,transfer
3,9028,transfer
3,9037,transfer
3,9048,transfer
3,9049,transfer
3,9052,transfer
3,9058,transfer
3,9059,transfer
3,9062,transfer
3,9064,transfer
3,9080,transfer
3,9082,transfer
3,9085,transfer
3,9094,transfer
3,9103,transfer
3,9108,transfer
3,9109,transfer
3,9110,transfer
3,9112,transfer
3,9115,transfer
3,9118,transfer
3,9120,transfer
3,9123,transfer
3,9124,transfer
3,9125,transfer
3,9131,transfer
3,9138,transfer
3,9140,transfer
3,9143,transfer
3,9144,transfer
3,9145,transfer
3,9147,transfer
3,9150,transfer
3,9151,transfer
3,9153,transfer
3,9156,transfer
3,9180,transfer
3,9190,transfer
3,9194,transfer
3,9196,transfer
3,9204,transfer
3,9208,transfer
3,9209,transfer
3,9210,transfer
3,9211,transfer
3,9224,transfer
3,9226,transfer
3,9228,transfer
3,9232,transfer
3,9233,transfer
3,9245,transfer
3,9247,transfer
3,9249,transfer
3,9277,transfer
3,9289,transfer
3,9292,transfer
3,9294,transfer
3,9300,transfer
3,9309,transfer
3,9318,transfer
3,9325,transfer
3,9332,transfer
3,9333,transfer
3,9354,transfer
3,9359,transfer
3,9360,transfer
3,9363,transfer
3,9366,transfer
3,9373,transfer
3,9375,transfer
3,9379,transfer
3,9396,transfer
3,9398,transfer
3,9406,transfer
3,9412,transfer
3,9419,transfer
3,9427,transfer
3,9428,transfer
3,9432,transfer
3,9446,transfer
3,9447,transfer
3,9449,transfer
3,9458,transfer
3,9460,transfer
3,9462,transfer
3,9463,transfer
3,9469,transfer
3,9475,transfer
3,9481,transfer
3,9484,transfer
3,9488,transfer
3,9490,transfer
3,9492,transfer
3,9497,transfer
3,9511,transfer
3,9517,transfer
3,9533,transfer
3,9537,transfer
3,9555,transfer
3,9556,transfer
3,9559,transfer
3,9561,transfer
3,9564,transfer
3,9567,transfer
3,9593,transfer
3,9597,transfer
3,9598,transfer
3,9602,transfer
3,9606,transfer
3,9609,transfer
3,9614,transfer
3,9617,transfer
3,9619,transfer
3,9622,transfer
3,9636,transfer
3,9637,transfer
3,9644,transfer
3,9647,transfer
3,9652,transfer
3,9653,transfer
3,9654,transfer
3,9658,transfer
3,9666,transfer
3,9671,transfer
3,9675,transfer
3,9676,transfer
3,9678,transfer
3,9688,transfer
3,9694,transfer
3,9698,transfer
3,9711,transfer
3,9713,transfer
3,9719,transfer
3,9725,transfer
3,9736,transfer
3,9738,transfer
3,9745,transfer
3,9748,transfer
3,9766,transfer
3,9769,transfer
3,9771,transfer
3,9783,transfer
3,9785,transfer
3,9787,transfer
3,9790,transfer
3,9791,transfer
3,9797,transfer
3,9799,transfer
3,9801,transfer
3,9809,transfer
3,9816,transfer
3,9825,transfer
3,9826,transfer
3,9828,transfer
3,9833,transfer
3,9834,transfer
3,9845,transfer
3,9846,transfer
3,9847,transfer
3,9848,transfer
3,9854,transfer
3,9869,transfer
3,9874,transfer
3,9879,transfer
3,9886,transfer
3,9889,transfer
3,9893,transfer
3,9898,transfer
3,9903,transfer
3,9904,transfer
3,9906,transfer
3,9910,transfer
3,9914,transfer
3,9921,transfer
3,9925,transfer
3,9927,transfer
3,9928,transfer
3,9929,transfer
3,9930,transfer
3,9937,transfer
3,9939,transfer
3,9942,transfer
3,9943,transfer
3,9953,transfer
3,9958,transfer
3,9972,transfer
3,2,validation
3,8,validation
3,9,validation
3,11,validation
3,12,validation
3,13,validation
3,17,validation
3,20,validation
3,51,validation
3,60,validation
3,63,validation
3,69,validation
3,71,validation
3,72,validation
3,86,validation
3,88,validation
3,93,validation
3,94,validation
3,95,validation
3,97,validation
3,125,validation
3,132,validation
3,139,validation
3,147,validation
3,160,validation
3,164,validation
3,165,validation
3,167,validation
3,170,validation
3,171,validation
3,181,validation
3,182,validation
3,198,validation
3,206,validation
3,215,validation
3,216,validation
3,219,validation
3,222,validation
3,232,validation
3,237,validation
3,238,validation
3,242,validation
3,257,validation
3,258,validation
3,259,validation
3,277,validation
3,279,validation
3,289,validation
3,295,validation
3,310,validation
3,336,validation
3,348,validation
3,359,validation
3,363,validation
3,366,validation
3,370,validation
3,377,validation
3,386,validation
3,394,validation
3,401,validation
3,403,validation
3,423,validation
3,430,validation
3,431,validation
3,433,validation
3,434,validation
3,435,validation
3,439,validation
3,443,validation
3,444,validation
3,465,validation
3,467,validation
3,472,validation
3,507,validation
3,515,validation
3,527,validation
3,539,validation
3,549,validation
3,558,validation
3,560,validation
3,566,validation
3,571,validation
3,581,validation
3,584,validation
3,585,validation
3,595,validation
3,599,validation
3,602,validation
3,603,validation
3,612,validation
3,614,validation
3,615,validation
3,621,validation
3,624,validation
3,629,validation
3,635,validation
3,639,validation
3,646,validation
3,648,validation
3,649,validation
3,675,validation
3,677,validation
3,678,validation
3,681,validation
3,688,validation
3,689,validation
3,698,validation
3,708,validation
3,712,validation
3,723,validation
3,736,validation
3,743,validation
3,744,validation
3,745,validation
3,746,validation
3,757,validation
3,765,validation
3,777,validation
3,780,validation
3,781,validation
3,785,validation
3,806,validation
3,808,validation
3,810,validation
3,817,validation
3,825,validation
3,843,validation
3,856,validation
3,860,validation
3,871,validation
3,874,validation
3,886,validation
3,887,validation
3,892,validation
3,893,validation
3,906,validation
3,914,validation
3,919,validation
3,923,validation
3,928,validation
3,930,validation
3,932,validation
3,933,validation
3,936,validation
3,944,validation
3,952,validation
3,953,validation
3,962,validation
3,963,validation
3,968,validation
3,971,validation
3,974,validation
3,976,validation
3,977,validation
3,988,validation
3,996,validation
3,1000,validation
3,1028,validation
3,1040,validation
3,1056,validation
3,1064,validation
3,1086,validation
3,1089,validation
3,1092,validation
3,1096,validation
3,1118,validation
3,1129,validation
3,1135,validation
3,1136,validation
3,1138,validation
3,1139,validation
3,1141,validation
3,1143,validation
3,1148,validation
3,1173,validation
3,1184,validation
3,1189,validation
3,1198,validation
3,1206,validation
3,1225,validation
3,1229,validation
3,1231,validation
3,1250,validation
3,1257,validation
3,1258,validation
3,1261,validation
3,1269,validation
3,1271,validation
3,1272,validation
3,1275,validation
3,1292,validation
3,1297,validation
3,1299,validation
3,1300,validation
3,1303,validation
3,1305,validation
3,1307,validation
3,1316,validation
3,1322,validation
3,1327,validation
3,1334,validation
3,1344,validation
3,1348,validation
3,1352,validation
3,1363,validation
3,1371,validation
3,1375,validation
3,1381,validation
3,1385,validation
3,1386,validation
3,1417,validation
3,1425,validation
3,1430,validation
3,1437,validation
3,1439,validation
3,1440,validation
3,1442,validation
3,1448,validation
3,1454,validation
3,1460,validation
3,1474,validation
3,1475,validation
3,1476,validation
3,1488,validation
3,1489,validation
3,1506,validation
3,1511,validation
3,1523,validation
3,1526,validation
3,1529,validation
3,1543,validation
3,1547,validation
3,1556,validation
3,1559,validation
3,1567,validation
3,1572,validation
3,1574,validation
3,1581,validation
3,1592,validation
3,1596,validation
3,1614,validation
3,1621,validation
3,1629,validation
3,1631,validation
3,1642,validation
3,1662,validation
3,1663,validation
3,1672,validation
3,1688,validation
3,1697,validation
3,1708,validation
3,1714,validation
3,1718,validation
3,1721,validation
3,1722,validation
3,1723,validation
3,1724,validation
3,1728,validation
3,1729,validation
3,1741,validation
3,1744,validation
3,1755,validation
3,1764,validation
3,1780,validation
3,1788,validation
3,1792,validation
3,1808,validation
3,1812,validation
3,1814,validation
3,1816,validation
3,1817,validation
3,1820,validation
3,1825,validation
3,1826,validation
3,1831,validation
3,1833,validation
3,1846,validation
3,1861,validation
3,1865,validation
3,1869,validation
3,1870,validation
3,1871,validation
3,1877,validation
3,1887,validation
3,1910,validation
3,1911,validation
3,1912,validation
3,1919,validation
3,1926,validation
3,1930,validation
3,1934,validation
3,1939,validation
3,1940,validation
3,1947,validation
3,1949,validation
3,1958,validation
3,1969,validation
3,1975,validation
3,1977,validation
3,1994,validation
3,1999,validation
3,2000,validation
3,2005,validation
3,2018,validation
3,2032,validation
3,2036,validation
3,2047,validation
3,2049,validation
3,2050,validation
3,2052,validation
3,2053,validation
3,2054,validation
3,2062,validation
3,2067,validation
3,2068,validation
3,2069,validation
3,2074,validation
3,2076,validation
3,2079,validation
3,2101,validation
3,2106,validation
3,2107,validation
3,2113,validation
3,2118,validation
3,2121,validation
3,2131,validation
3,2148,validation
3,2150,validation
3,2165,validation
3,2168,validation
3,2169,validation
3,2175,validation
3,2176,validation
3,2191,validation
3,2193,validation
3,2199,validation
3,2215,validation
3,2221,validation
3,2222,validation
3,2234,validation
3,2248,validation
3,2252,validation
3,2261,validation
3,2268,validation
3,2275,validation
3,2281,validation
3,2290,validation
3,2295,validation
3,2297,validation
3,2311,validation
3,2316,validation
3,2322,validation
3,2329,validation
3,2339,validation
3,2345,validation
3,2356,validation
3,2364,validation
3,2369,validation
3,2370,validation
3,2380,validation
3,2386,validation
3,2398,validation
3,2401,validation
3,2402,validation
3,2429,validation
3,2435,validation
3,2450,validation
3,2453,validation
3,2455,validation
3,2468,validation
3,2478,validation
3,2479,validation
3,2483,validation
3,2487,validation
3,2488,validation
3,2493,validation
3,2498,validation
3,2499,validation
3,2517,validation
3,2520,validation
3,2530,validation
3,2537,validation
3,2540,validation
3,2541,validation
3,2549,validation
3,2570,validation
3,2583,validation
3,2590,validation
3,2596,validation
3,2598,validation
3,2610,validation
3,2615,validation
3,2619,validation
3,2628,validation
3,2631,validation
3,2633,validation
3,2638,validation
3,2642,validation
3,2654,validation
3,2655,validation
3,2660,validation
3,2668,validation
3,2669,validation
3,2681,validation
3,2686,validation
3,2698,validation
3,2703,validation
3,2711,validation
3,2714,validation
3,2720,validation
3,2748,validation
3,2763,validation
3,2766,validation
3,2774,validation
3,2779,validation
3,2788,validation
3,2792,validation
3,2798,validation
3,2806,validation
3,2809,validation
3,2820,validation
3,2821,validation
3,2827,validation
3,2845,validation
3,2849,validation
3,2851,validation
3,2854,validation
3,2863,validation
3,2865,validation
3,2866,validation
3,2870,validation
3,2874,validation
3,2876,validation
3,2883,validation
3,2885,validation
3,2894,validation
3,2912,validation
3,2918,validation
3,2932,validation
3,2950,validation
3,2951,validation
3,2953,validation
3,2968,validation
3,2970,validation
3,2979,validation
3,2987,validation
3,2989,validation
3,2993,validation
3,2994,validation
3,2995,validation
3,2999,validation
3,3002,validation
3,3004,validation
3,3011,validation
3,3012,validation
3,3028,validation
3,3029,validation
3,3054,validation
3,3072,validation
3,3081,validation
3,3089,validation
3,3091,validation
3,3093,validation
3,3102,validation
3,3105,validation
3,3112,validation
3,3114,validation
3,3122,validation
3,3123,validation
3,3125,validation
3,3126,validation
3,3128,validation
3,3131,validation
3,3136,validation
3,3143,validation
3,3158,validation
3,3165,validation
3,3173,validation
3,3182,validation
3,3183,validation
3,3184,validation
3,3200,validation
3,3210,validation
3,3217,validation
3,3222,validation
3,3224,validation
3,3234,validation
3,3240,validation
3,3255,validation
3,3269,validation
3,3283,validation
3,3284,validation
3,3285,validation
3,3287,validation
3,3289,validation
3,3290,validation
3,3297,validation
3,3305,validation
3,3318,validation
3,3329,validation
3,3331,validation
3,3336,validation
3,3339,validation
3,3341,validation
3,3346,validation
3,3356,validation
3,3371,validation
3,3388,validation
3,3399,validation
3,3407,validation
3,3417,validation
3,3422,validation
3,3423,validation
3,3433,validation
3,3435,validation
3,3455,validation
3,3462,validation
3,3463,validation
3,3465,validation
3,3473,validation
3,3474,validation
3,3475,validation
3,3477,validation
3,3487,validation
3,3489,validation
3,3492,validation
3,3495,validation
3,3503,validation
3,3505,validation
3,3520,validation
3,3522,validation
3,3529,validation
3,3540,validation
3,3545,validation
3,3547,validation
3,3557,validation
3,3558,validation
3,3560,validation
3,3566,validation
3,3571,validation
3,3575,validation
3,3582,validation
3,3602,validation
3,3609,validation
3,3610,validation
3,3625,validation
3,3631,validation
3,3641,validation
3,3651,validation
3,3654,validation
3,3661,validation
3,3667,validation
3,3672,validation
3,3694,validation
3,3697,validation
3,3701,validation
3,3712,validation
3,3715,validation
3,3716,validation
3,3717,validation
3,3724,validation
3,3736,validation
3,3740,validation
3,3747,validation
3,3749,validation
3,3751,validation
3,3758,validation
3,3767,validation
3,3812,validation
3,3813,validation
3,3819,validation
3,3821,validation
3,3833,validation
3,3843,validation
3,3851,validation
3,3852,validation
3,3856,validation
3,3863,validation
3,3864,validation
3,3871,validation
3,3881,validation
3,3884,validation
3,3885,validation
3,3886,validation
3,3887,validation
3,3905,validation
3,3907,validation
3,3917,validation
3,3918,validation
3,3926,validation
3,3934,validation
3,3949,validation
3,3953,validation
3,3973,validation
3,3974,validation
3,3977,validation
3,3983,validation
3,3985,validation
3,3999,validation
3,4003,validation
3,4011,validation
3,4015,validation
3,4031,validation
3,4033,validation
3,4036,validation
3,4041,validation
3,4046,validation
3,4049,validation
3,4051,validation
3,4078,validation
3,4084,validation
3,4090,validation
3,4095,validation
3,4097,validation
3,4098,validation
3,4103,validation
3,4105,validation
3,4112,validation
3,4114,validation
3,4119,validation
3,4127,validation
3,4129,validation
3,4130,validation
3,4134,validation
3,4140,validation
3,4150,validation
3,4156,validation
3,4162,validation
3,4191,validation
3,4199,validation
3,4224,validation
3,4226,validation
3,4232,validation
3,4234,validation
3,4238,validation
3,4239,validation
3,4246,validation
3,4252,validation
3,4253,validation
3,4260,validation
3,4279,validation
3,4294,validation
3,4301,validation
3,4311,validation
3,4319,validation
3,4333,validation
3,4340,validation
3,4344,validation
3,4350,validation
3,4353,validation
3,4354,validation
3,4363,validation
3,4375,validation
3,4381,validation
3,4383,validation
3,4384,validation
3,4386,validation
3,4389,validation
3,4390,validation
3,4404,validation
3,4416,validation
3,4425,validation
3,4442,validation
3,4443,validation
3,4447,validation
3,4456,validation
3,4464,validation
3,4465,validation
3,4468,validation
3,4469,validation
3,4475,validation
3,4478,validation
3,4482,validation
3,4485,validation
3,4501,validation
3,4502,validation
3,4509,validation
3,4515,validation
3,4518,validation
3,4526,validation
3,4527,validation
3,4541,validation
3,4560,validation
3,4567,validation
3,4570,validation
3,4577,validation
3,4580,validation
3,4588,validation
3,4591,validation
3,4601,validation
3,4611,validation
3,4616,validation
3,4626,validation
3,4629,validation
3,4633,validation
3,4637,validation
3,4641,validation
3,4652,validation
3,4657,validation
3,4666,validation
3,4670,validation
3,4672,validation
3,4673,validation
3,4679,validation
3,4684,validation
3,4685,validation
3,4688,validation
3,4690,validation
3,4700,validation
3,4703,validation
3,4719,validation
3,4738,validation
3,4751,validation
3,4761,validation
3,4762,validation
3,4763,validation
3,4764,validation
3,4780,validation
3,4792,validation
3,4796,validation
3,4800,validation
3,4809,validation
3,4814,validation
3,4816,validation
3,4829,validation
3,4830,validation
3,4831,validation
3,4834,validation
3,4839,validation
3,4848,validation
3,4855,validation
3,4866,validation
3,4878,validation
3,4879,validation
3,4897,validation
3,4901,validation
3,4902,validation
3,4906,validation
3,4909,validation
3,4926,validation
3,4933,validation
3,4938,validation
3,4954,validation
3,4955,validation
3,4962,validation
3,4967,validation
3,4972,validation
3,4983,validation
3,4988,validation
3,4992,validation
3,4993,validation
3,4994,validation
3,4995,validation
3,5012,validation
3,5013,validation
3,5015,validation
3,5017,validation
3,5018,validation
3,5023,validation
3,5025,validation
3,5026,validation
3,5049,validation
3,5066,validation
3,5083,validation
3,5088,validation
3,5094,validation
3,5102,validation
3,5109,validation
3,5114,validation
3,5120,validation
3,5124,validation
3,5144,validation
3,5145,validation
3,5157,validation
3,5158,validation
3,5168,validation
3,5170,validation
3,5172,validation
3,5175,validation
3,5185,validation
3,5188,validation
3,5193,validation
3,5215,validation
3,5219,validation
3,5222,validation
3,5238,validation
3,5242,validation
3,5252,validation
3,5254,validation
3,5259,validation
3,5261,validation
3,5277,validation
3,5290,validation
3,5296,validation
3,5305,validation
3,5306,validation
3,5318,validation
3,5321,validation
3,5322,validation
3,5329,validation
3,5335,validation
3,5336,validation
3,5360,validation
3,5363,validation
3,5425,validation
3,5435,validation
3,5437,validation
3,5438,validation
3,5441,validation
3,5443,validation
3,5448,validation
3,5454,validation
3,5456,validation
3,5460,validation
3,5470,validation
3,5481,validation
3,5483,validation
3,5491,validation
3,5495,validation
3,5499,validation
3,5504,validation
3,5505,validation
3,5514,validation
3,5519,validation
3,5520,validation
3,5526,validation
3,5527,validation
3,5529,validation
3,5534,validation
3,5541,validation
3,5564,validation
3,5571,validation
3,5574,validation
3,5583,validation
3,5589,validation
3,5593,validation
3,5597,validation
3,5599,validation
3,5601,validation
3,5613,validation
3,5619,validation
3,5620,validation
3,5622,validation
3,5624,validation
3,5635,validation
3,5636,validation
3,5640,validation
3,5646,validation
3,5648,validation
3,5665,validation
3,5675,validation
3,5680,validation
3,5684,validation
3,5685,validation
3,5688,validation
3,5718,validation
3,5719,validation
3,5724,validation
3,5730,validation
3,5733,validation
3,5734,validation
3,5746,validation
3,5752,validation
3,5758,validation
3,5763,validation
3,5767,validation
3,5771,validation
3,5786,validation
3,5788,validation
3,5800,validation
3,5812,validation
3,5818,validation
3,5821,validation
3,5850,validation
3,5853,validation
3,5854,validation
3,5867,validation
3,5885,validation
3,5888,validation
3,5897,validation
3,5917,validation
3,5918,validation
3,5923,validation
3,5924,validation
3,5927,validation
3,5928,validation
3,5930,validation
3,5932,validation
3,5944,validation
3,5976,validation
3,5984,validation
3,5986,validation
3,5990,validation
3,5993,validation
3,5999,validation
3,6006,validation
3,6010,validation
3,6016,validation
3,6018,validation
3,6019,validation
3,6022,validation
3,6025,validation
3,6033,validation
3,6040,validation
3,6046,validation
3,6049,validation
3,6054,validation
3,6057,validation
3,6061,validation
3,6062,validation
3,6070,validation
3,6078,validation
3,6084,validation
3,6095,validation
3,6108,validation
3,6113,validation
3,6123,validation
3,6127,validation
3,6136,validation
3,6137,validation
3,6142,validation
3,6147,validation
3,6163,validation
3,6164,validation
3,6167,validation
3,6178,validation
3,6197,validation
3,6207,validation
3,6211,validation
3,6217,validation
3,6222,validation
3,6233,validation
3,6258,validation
3,6259,validation
3,6267,validation
3,6292,validation
3,6295,validation
3,6310,validation
3,6319,validation
3,6321,validation
3,6333,validation
3,6337,validation
3,6340,validation
3,6348,validation
3,6361,validation
3,6362,validation
3,6365,validation
3,6375,validation
3,6386,validation
3,6387,validation
3,6388,validation
3,6396,validation
3,6415,validation
3,6416,validation
3,6417,validation
3,6431,validation
3,6432,validation
3,6438,validation
3,6446,validation
3,6452,validation
3,6453,validation
3,6456,validation
3,6460,validation
3,6469,validation
3,6478,validation
3,6485,validation
3,6494,validation
3,6501,validation
3,6513,validation
3,6514,validation
3,6515,validation
3,6522,validation
3,6537,validation
3,6542,validation
3,6564,validation
3,6569,validation
3,6572,validation
3,6579,validation
3,6587,validation
3,6592,validation
3,6593,validation
3,6604,validation
3,6609,validation
3,6610,validation
3,6622,validation
3,6623,validation
3,6628,validation
3,6629,validation
3,6630,validation
3,6634,validation
3,6638,validation
3,6644,validation
3,6656,validation
3,6664,validation
3,6672,validation
3,6679,validation
3,6684,validation
3,6694,validation
3,6697,validation
3,6699,validation
3,6703,validation
3,6705,validation
3,6708,validation
3,6715,validation
3,6727,validation
3,6731,validation
3,6753,validation
3,6754,validation
3,6755,validation
3,6758,validation
3,6759,validation
3,6760,validation
3,6786,validation
3,6789,validation
3,6790,validation
3,6792,validation
3,6797,validation
3,6801,validation
3,6804,validation
3,6805,validation
3,6815,validation
3,6816,validation
3,6824,validation
3,6825,validation
3,6828,validation
3,6843,validation
3,6846,validation
3,6857,validation
3,6859,validation
3,6868,validation
3,6874,validation
3,6876,validation
3,6877,validation
3,6878,validation
3,6882,validation
3,6888,validation
3,6892,validation
3,6902,validation
3,6904,validation
3,6906,validation
3,6926,validation
3,6928,validation
3,6933,validation
3,6937,validation
3,6950,validation
3,6954,validation
3,6962,validation
3,6965,validation
3,6989,validation
3,6999,validation
3,7004,validation
3,7011,validation
3,7012,validation
3,7022,validation
3,7027,validation
3,7038,validation
3,7040,validation
3,7050,validation
3,7051,validation
3,7052,validation
3,7058,validation
3,7061,validation
3,7065,validation
3,7071,validation
3,7078,validation
3,7083,validation
3,7086,validation
3,7088,validation
3,7091,validation
3,7103,validation
3,7112,validation
3,7128,validation
3,7132,validation
3,7133,validation
3,7137,validation
3,7141,validation
3,7162,validation
3,7174,validation
3,7188,validation
3,7192,validation
3,7198,validation
3,7204,validation
3,7224,validation
3,7236,validation
3,7244,validation
3,7248,validation
3,7260,validation
3,7266,validation
3,7270,validation
3,7274,validation
3,7278,validation
3,7289,validation
3,7290,validation
3,7291,validation
3,7304,validation
3,7315,validation
3,7318,validation
3,7323,validation
3,7325,validation
3,7329,validation
3,7340,validation
3,7344,validation
3,7354,validation
3,7360,validation
3,7362,validation
3,7366,validation
3,7374,validation
3,7380,validation
3,7394,validation
3,7395,validation
3,7413,validation
3,7414,validation
3,7418,validation
3,7423,validation
3,7430,validation
3,7437,validation
3,7438,validation
3,7440,validation
3,7463,validation
3,7470,validation
3,7471,validation
3,7472,validation
3,7474,validation
3,7477,validation
3,7478,validation
3,7482,validation
3,7505,validation
3,7506,validation
3,7516,validation
3,7533,validation
3,7540,validation
3,7543,validation
3,7544,validation
3,7550,validation
3,7557,validation
3,7561,validation
3,7574,validation
3,7579,validation
3,7588,validation
3,7597,validation
3,7604,validation
3,7605,validation
3,7613,validation
3,7617,validation
3,7624,validation
3,7626,validation
3,7628,validation
3,7632,validation
3,7636,validation
3,7637,validation
3,7641,validation
3,7655,validation
3,7657,validation
3,7663,validation
3,7667,validation
3,7679,validation
3,7680,validation
3,7686,validation
3,7688,validation
3,7695,validation
3,7706,validation
3,7707,validation
3,7711,validation
3,7723,validation
3,7740,validation
3,7752,validation
3,7757,validation
3,7760,validation
3,7768,validation
3,7770,validation
3,7774,validation
3,7777,validation
3,7789,validation
3,7796,validation
3,7797,validation
3,7800,validation
3,7806,validation
3,7807,validation
3,7813,validation
3,7816,validation
3,7819,validation
3,7825,validation
3,7853,validation
3,7862,validation
3,7866,validation
3,7868,validation
3,7907,validation
3,7908,validation
3,7911,validation
3,7913,validation
3,7916,validation
3,7925,validation
3,7926,validation
3,7928,validation
3,7929,validation
3,7935,validation
3,7951,validation
3,7953,validation
3,7957,validation
3,7962,validation
3,7964,validation
3,7968,validation
3,7972,validation
3,7975,validation
3,7992,validation
3,8004,validation
3,8022,validation
3,8031,validation
3,8039,validation
3,8041,validation
3,8044,validation
3,8047,validation
3,8065,validation
3,8071,validation
3,8084,validation
3,8093,validation
3,8098,validation
3,8107,validation
3,8114,validation
3,8117,validation
3,8121,validation
3,8123,validation
3,8137,validation
3,8153,validation
3,8155,validation
3,8156,validation
3,8159,validation
3,8165,validation
3,8169,validation
3,8170,validation
3,8176,validation
3,8181,validation
3,8183,validation
3,8220,validation
3,8221,validation
3,8236,validation
3,8240,validation
3,8247,validation
3,8259,validation
3,8261,validation
3,8267,validation
3,8271,validation
3,8272,validation
3,8288,validation
3,8290,validation
3,8301,validation
3,8302,validation
3,8313,validation
3,8314,validation
3,8330,validation
3,8354,validation
3,8365,validation
3,8370,validation
3,8378,validation
3,8387,validation
3,8390,validation
3,8403,validation
3,8405,validation
3,8407,validation
3,8409,validation
3,8422,validation
3,8423,validation
3,8424,validation
3,8427,validation
3,8429,validation
3,8431,validation
3,8441,validation
3,8462,validation
3,8465,validation
3,8467,validation
3,8471,validation
3,8472,validation
3,8478,validation
3,8507,validation
3,8510,validation
3,8511,validation
3,8520,validation
3,8523,validation
3,8526,validation
3,8528,validation
3,8544,validation
3,8561,validation
3,8562,validation
3,8563,validation
3,8576,validation
3,8577,validation
3,8579,validation
3,8584,validation
3,8588,validation
3,8590,validation
3,8597,validation
3,8604,validation
3,8609,validation
3,8611,validation
3,8612,validation
3,8615,validation
3,8617,validation
3,8625,validation
3,8652,validation
3,8659,validation
3,8672,validation
3,8675,validation
3,8678,validation
3,8692,validation
3,8698,validation
3,8706,validation
3,8716,validation
3,8724,validation
3,8734,validation
3,8757,validation
3,8758,validation
3,8771,validation
3,8778,validation
3,8790,validation
3,8794,validation
3,8797,validation
3,8798,validation
3,8802,validation
3,8819,validation
3,8827,validation
3,8831,validation
3,8840,validation
3,8841,validation
3,8846,validation
3,8868,validation
3,8874,validation
3,8878,validation
3,8885,validation
3,8886,validation
3,8888,validation
3,8890,validation
3,8906,validation
3,8909,validation
3,8913,validation
3,8916,validation
3,8923,validation
3,8924,validation
3,8925,validation
3,8926,validation
3,8934,validation
3,8938,validation
3,8946,validation
3,8951,validation
3,8957,validation
3,8966,validation
3,8972,validation
3,8973,validation
3,8978,validation
3,8995,validation
3,8999,validation
3,9019,validation
3,9025,validation
3,9026,validation
3,9027,validation
3,9031,validation
3,9035,validation
3,9036,validation
3,9038,validation
3,9055,validation
3,9074,validation
3,9075,validation
3,9077,validation
3,9089,validation
3,9093,validation
3,9098,validation
3,9106,validation
3,9126,validation
3,9127,validation
3,9129,validation
3,9137,validation
3,9142,validation
3,9146,validation
3,9159,validation
3,9164,validation
3,9175,validation
3,9183,validation
3,9184,validation
3,9185,validation
3,9191,validation
3,9198,validation
3,9205,validation
3,9217,validation
3,9219,validation
3,9221,validation
3,9227,validation
3,9230,validation
3,9234,validation
3,9241,validation
3,9252,validation
3,9275,validation
3,9278,validation
3,9311,validation
3,9319,validation
3,9335,validation
3,9349,validation
3,9372,validation
3,9385,validation
3,9386,validation
3,9393,validation
3,9394,validation
3,9395,validation
3,9408,validation
3,9415,validation
3,9417,validation
3,9424,validation
3,9430,validation
3,9435,validation
3,9442,validation
3,9445,validation
3,9455,validation
3,9467,validation
3,9471,validation
3,9474,validation
3,9476,validation
3,9519,validation
3,9532,validation
3,9534,validation
3,9538,validation
3,9545,validation
3,9554,validation
3,9557,validation
3,9565,validation
3,9569,validation
3,9571,validation
3,9575,validation
3,9577,validation
3,9588,validation
3,9590,validation
3,9591,validation
3,9595,validation
3,9607,validation
3,9623,validation
3,9625,validation
3,9629,validation
3,9633,validation
3,9638,validation
3,9643,validation
3,9646,validation
3,9649,validation
3,9662,validation
3,9663,validation
3,9665,validation
3,9670,validation
3,9672,validation
3,9673,validation
3,9674,validation
3,9681,validation
3,9691,validation
3,9700,validation
3,9701,validation
3,9705,validation
3,9708,validation
3,9712,validation
3,9714,validation
3,9715,validation
3,9716,validation
3,9721,validation
3,9728,validation
3,9730,validation
3,9733,validation
3,9739,validation
3,9743,validation
3,9750,validation
3,9753,validation
3,9757,validation
3,9760,validation
3,9767,validation
3,9772,validation
3,9789,validation
3,9804,validation
3,9813,validation
3,9814,validation
3,9818,validation
3,9819,validation
3,9822,validation
3,9841,validation
3,9850,validation
3,9851,validation
3,9855,validation
3,9857,validation
3,9860,validation
3,9884,validation
3,9885,validation
3,9888,validation
3,9890,validation
3,9897,validation
3,9907,validation
3,9908,validation
3,9912,validation
3,9923,validation
3,9932,validation
3,9934,validation
3,9938,validation
3,9941,validation
3,9952,validation
3,9961,validation
3,9970,validation
3,9976,validation
3,9978,validation
3,0,test
3,1,test
3,19,test
3,26,test
3,33,test
3,34,test
3,41,test
3,54,test
3,62,test
3,76,test
3,85,test
3,89,test
3,92,test
3,116,test
3,138,test
3,141,test
3,150,test
3,156,test
3,158,test
3,161,test
3,174,test
3,184,test
3,192,test
3,200,test
3,205,test
3,208,test
3,212,test
3,223,test
3,231,test
3,249,test
3,252,test
3,266,test
3,270,test
3,273,test
3,275,test
3,280,test
3,285,test
3,286,test
3,288,test
3,290,test
3,294,test
3,296,test
3,300,test
3,303,test
3,311,test
3,313,test
3,316,test
3,320,test
3,324,test
3,335,test
3,337,test
3,345,test
3,346,test
3,352,test
3,357,test
3,362,test
3,364,test
3,381,test
3,383,test
3,390,test
3,398,test
3,404,test
3,412,test
3,441,test
3,449,test
3,450,test
3,455,test
3,458,test
3,475,test
3,483,test
3,492,test
3,505,test
3,517,test
3,520,test
3,528,test
3,532,test
3,533,test
3,537,test
3,542,test
3,547,test
3,550,test
3,559,test
3,562,test
3,565,test
3,576,test
3,587,test
3,591,test
3,605,test
3,606,test
3,613,test
3,616,test
3,618,test
3,620,test
3,631,test
3,632,test
3,638,test
3,640,test
3,656,test
3,669,test
3,672,test
3,673,test
3,679,test
3,680,test
3,687,test
3,690,test
3,702,test
3,710,test
3,716,test
3,718,test
3,740,test
3,748,test
3,749,test
3,751,test
3,761,test
3,766,test
3,771,test
3,773,test
3,775,test
3,786,test
3,818,test
3,820,test
3,822,test
3,823,test
3,824,test
3,833,test
3,839,test
3,846,test
3,853,test
3,869,test
3,875,test
3,879,test
3,882,test
3,900,test
3,902,test
3,908,test
3,909,test
3,915,test
3,918,test
3,927,test
3,935,test
3,939,test
3,941,test
3,958,test
3,973,test
3,979,test
3,983,test
3,986,test
3,1013,test
3,1018,test
3,1026,test
3,1027,test
3,1034,test
3,1038,test
3,1039,test
3,1044,test
3,1046,test
3,1047,test
3,1051,test
3,1060,test
3,1068,test
3,1079,test
3,1080,test
3,1085,test
3,1087,test
3,1090,test
3,1103,test
3,1110,test
3,1150,test
3,1157,test
3,1166,test
3,1170,test
3,1174,test
3,1177,test
3,1181,test
3,1182,test
3,1183,test
3,1188,test
3,1201,test
3,1203,test
3,1204,test
3,1207,test
3,1214,test
3,1217,test
3,1218,test
3,1227,test
3,1235,test
3,1245,test
3,1254,test
3,1255,test
3,1259,test
3,1267,test
3,1282,test
3,1284,test
3,1295,test
3,1298,test
3,1310,test
3,1318,test
3,1319,test
3,1321,test
3,1326,test
3,1328,test
3,1345,test
3,1356,test
3,1360,test
3,1364,test
3,1370,test
3,1380,test
3,1392,test
3,1396,test
3,1400,test
3,1401,test
3,1404,test
3,1405,test
3,1406,test
3,1408,test
3,1411,test
3,1415,test
3,1420,test
3,1421,test
3,1438,test
3,1446,test
3,1466,test
3,1467,test
3,1478,test
3,1482,test
3,1484,test
3,1486,test
3,1487,test
3,1502,test
3,1513,test
3,1515,test
3,1542,test
3,1557,test
3,1571,test
3,1573,test
3,1575,test
3,1583,test
3,1589,test
3,1594,test
3,1603,test
3,1617,test
3,1635,test
3,1637,test
3,1645,test
3,1646,test
3,1648,test
3,1652,test
3,1681,test
3,1692,test
3,1694,test
3,1699,test
3,1704,test
3,1706,test
3,1734,test
3,1743,test
3,1747,test
3,1754,test
3,1761,test
3,1766,test
3,1773,test
3,1795,test
3,1796,test
3,1798,test
3,1799,test
3,1802,test
3,1807,test
3,1821,test
3,1827,test
3,1828,test
3,1829,test
3,1830,test
3,1832,test
3,1835,test
3,1842,test
3,1847,test
3,1848,test
3,1850,test
3,1854,test
3,1856,test
3,1866,test
3,1867,test
3,1882,test
3,1883,test
3,1890,test
3,1891,test
3,1894,test
3,1897,test
3,1906,test
3,1907,test
3,1918,test
3,1952,test
3,1962,test
3,1972,test
3,1981,test
3,1987,test
3,1991,test
3,1992,test
3,1997,test
3,2008,test
3,2016,test
3,2027,test
3,2028,test
3,2034,test
3,2038,test
3,2042,test
3,2043,test
3,2045,test
3,2056,test
3,2059,test
3,2065,test
3,2071,test
3,2078,test
3,2088,test
3,2090,test
3,2100,test
3,2102,test
3,2103,test
3,2114,test
3,2140,test
3,2142,test
3,2156,test
3,2173,test
3,2178,test
3,2182,test
3,2189,test
3,2198,test
3,2207,test
3,2211,test
3,2213,test
3,2220,test
3,2223,test
3,2225,test
3,2227,test
3,2243,test
3,2244,test
3,2245,test
3,2251,test
3,2256,test
3,2257,test
3,2262,test
3,2278,test
3,2280,test
3,2282,test
3,2287,test
3,2292,test
3,2296,test
3,2303,test
3,2304,test
3,2305,test
3,2312,test
3,2320,test
3,2332,test
3,2350,test
3,2352,test
3,2358,test
3,2361,test
3,2367,test
3,2373,test
3,2376,test
3,2381,test
3,2399,test
3,2400,test
3,2407,test
3,2416,test
3,2418,test
3,2446,test
3,2447,test
3,2451,test
3,2486,test
3,2490,test
3,2491,test
3,2511,test
3,2512,test
3,2528,test
3,2531,test
3,2543,test
3,2551,test
3,2558,test
3,2562,test
3,2564,test
3,2572,test
3,2573,test
3,2580,test
3,2581,test
3,2588,test
3,2605,test
3,2606,test
3,2618,test
3,2623,test
3,2624,test
3,2630,test
3,2634,test
3,2664,test
3,2671,test
3,2675,test
3,2678,test
3,2680,test
3,2688,test
3,2691,test
3,2695,test
3,2697,test
3,2700,test
3,2710,test
3,2715,test
3,2731,test
3,2752,test
3,2761,test
3,2762,test
3,2772,test
3,2773,test
3,2775,test
3,2780,test
3,2786,test
3,2800,test
3,2802,test
3,2810,test
3,2824,test
3,2828,test
3,2830,test
3,2831,test
3,2833,test
3,2834,test
3,2835,test
3,2837,test
3,2842,test
3,2850,test
3,2852,test
3,2858,test
3,2869,test
3,2881,test
3,2886,test
3,2889,test
3,2893,test
3,2896,test
3,2898,test
3,2900,test
3,2903,test
3,2905,test
3,2907,test
3,2916,test
3,2919,test
3,2921,test
3,2925,test
3,2930,test
3,2935,test
3,2949,test
3,2958,test
3,2963,test
3,2966,test
3,2976,test
3,2982,test
3,2983,test
3,2985,test
3,2997,test
3,3001,test
3,3003,test
3,3008,test
3,3018,test
3,3022,test
3,3024,test
3,3030,test
3,3033,test
3,3037,test
3,3041,test
3,3042,test
3,3048,test
3,3060,test
3,3095,test
3,3132,test
3,3146,test
3,3149,test
3,3155,test
3,3161,test
3,3164,test
3,3181,test
3,3188,test
3,3190,test
3,3191,test
3,3196,test
3,3204,test
3,3209,test
3,3218,test
3,3223,test
3,3232,test
3,3238,test
3,3246,test
3,3249,test
3,3250,test
3,3252,test
3,3261,test
3,3262,test
3,3266,test
3,3268,test
3,3286,test
3,3291,test
3,3313,test
3,3315,test
3,3323,test
3,3327,test
3,3335,test
3,3344,test
3,3357,test
3,3361,test
3,3369,test
3,3373,test
3,3390,test
3,3397,test
3,3403,test
3,3405,test
3,3412,test
3,3414,test
3,3426,test
3,3431,test
3,3440,test
3,3446,test
3,3448,test
3,3449,test
3,3452,test
3,3454,test
3,3480,test
3,3482,test
3,3484,test
3,3496,test
3,3513,test
3,3518,test
3,3519,test
3,3523,test
3,3530,test
3,3539,test
3,3543,test
3,3544,test
3,3551,test
3,3569,test
3,3580,test
3,3583,test
3,3586,test
3,3591,test
3,3594,test
3,3596,test
3,3601,test
3,3603,test
3,3619,test
3,3624,test
3,3629,test
3,3645,test
3,3647,test
3,3653,test
3,3655,test
3,3670,test
3,3675,test
3,3682,test
3,3683,test
3,3692,test
3,3693,test
3,3702,test
3,3710,test
3,3719,test
3,3722,test
3,3760,test
3,3772,test
3,3773,test
3,3776,test
3,3789,test
3,3796,test
3,3797,test
3,3799,test
3,3801,test
3,3807,test
3,3817,test
3,3825,test
3,3834,test
3,3839,test
3,3841,test
3,3866,test
3,3869,test
3,3880,test
3,3888,test
3,3892,test
3,3894,test
3,3898,test
3,3911,test
3,3913,test
3,3914,test
3,3919,test
3,3921,test
3,3922,test
3,3933,test
3,3936,test
3,3937,test
3,3939,test
3,3947,test
3,3956,test
3,3959,test
3,3967,test
3,3970,test
3,3972,test
3,3976,test
3,3990,test
3,3991,test
3,3995,test
3,4006,test
3,4007,test
3,4010,test
3,4023,test
3,4027,test
3,4030,test
3,4040,test
3,4045,test
3,4059,test
3,4062,test
3,4065,test
3,4067,test
3,4070,test
3,4080,test
3,4083,test
3,4092,test
3,4094,test
3,4121,test
3,4123,test
3,4124,test
3,4138,test
3,4143,test
3,4155,test
3,4167,test
3,4178,test
3,4189,test
3,4193,test
3,4202,test
3,4203,test
3,4213,test
3,4216,test
3,4235,test
3,4250,test
3,4251,test
3,4261,test
3,4267,test
3,4270,test
3,4272,test
3,4274,test
3,4281,test
3,4295,test
3,4312,test
3,4314,test
3,4316,test
3,4318,test
3,4323,test
3,4325,test
3,4328,test
3,4330,test
3,4351,test
3,4352,test
3,4360,test
3,4364,test
3,4365,test
3,4373,test
3,4380,test
3,4385,test
3,4387,test
3,4392,test
3,4396,test
3,4398,test
3,4419,test
3,4433,test
3,4438,test
3,4445,test
3,4450,test
3,4477,test
3,4484,test
3,4486,test
3,4487,test
3,4493,test
3,4498,test
3,4506,test
3,4508,test
3,4512,test
3,4516,test
3,4521,test
3,4523,test
3,4528,test
3,4534,test
3,4543,test
3,4544,test
3,4551,test
3,4552,test
3,4562,test
3,4572,test
3,4594,test
3,4597,test
3,4598,test
3,4606,test
3,4618,test
3,4620,test
3,4621,test
3,4624,test
3,4636,test
3,4640,test
3,4642,test
3,4651,test
3,4653,test
3,4660,test
3,4661,test
3,4669,test
3,4677,test
3,4678,test
3,4687,test
3,4693,test
3,4699,test
3,4711,test
3,4712,test
3,4716,test
3,4720,test
3,4736,test
3,4743,test
3,4750,test
3,4766,test
3,4776,test
3,4793,test
3,4798,test
3,4807,test
3,4811,test
3,4815,test
3,4819,test
3,4832,test
3,4833,test
3,4836,test
3,4838,test
3,4841,test
3,4847,test
3,4849,test
3,4854,test
3,4864,test
3,4865,test
3,4871,test
3,4883,test
3,4886,test
3,4904,test
3,4911,test
3,4918,test
3,4927,test
3,4934,test
3,4948,test
3,4950,test
3,4951,test
3,4963,test
3,4978,test
3,4984,test
3,4998,test
3,5006,test
3,5009,test
3,5016,test
3,5019,test
3,5024,test
3,5027,test
3,5031,test
3,5035,test
3,5038,test
3,5041,test
3,5053,test
3,5055,test
3,5061,test
3,5064,test
3,5071,test
3,5080,test
3,5084,test
3,5090,test
3,5104,test
3,5115,test
3,5117,test
3,5132,test
3,5142,test
3,5143,test
3,5147,test
3,5153,test
3,5160,test
3,5166,test
3,5174,test
3,5197,test
3,5200,test
3,5205,test
3,5210,test
3,5214,test
3,5216,test
3,5218,test
3,5228,test
3,5232,test
3,5234,test
3,5235,test
3,5241,test
3,5250,test
3,5258,test
3,5268,test
3,5271,test
3,5278,test
3,5280,test
3,5301,test
3,5310,test
3,5315,test
3,5317,test
3,5330,test
3,5339,test
3,5344,test
3,5346,test
3,5357,test
3,5362,test
3,5372,test
3,5378,test
3,5379,test
3,5381,test
3,5401,test
3,5414,test
3,5415,test
3,5419,test
3,5420,test
3,5433,test
3,5440,test
3,5452,test
3,5461,test
3,5474,test
3,5489,test
3,5496,test
3,5507,test
3,5517,test
3,5518,test
3,5521,test
3,5528,test
3,5531,test
3,5536,test
3,5537,test
3,5545,test
3,5561,test
3,5566,test
3,5570,test
3,5572,test
3,5573,test
3,5579,test
3,5580,test
3,5585,test
3,5587,test
3,5592,test
3,5595,test
3,5605,test
3,5610,test
3,5611,test
3,5626,test
3,5632,test
3,5634,test
3,5668,test
3,5679,test
3,5686,test
3,5689,test
3,5691,test
3,5699,test
3,5703,test
3,5705,test
3,5707,test
3,5710,test
3,5714,test
3,5716,test
3,5721,test
3,5723,test
3,5732,test
3,5741,test
3,5742,test
3,5755,test
3,5792,test
3,5796,test
3,5815,test
3,5820,test
3,5826,test
3,5827,test
3,5830,test
3,5832,test
3,5834,test
3,5835,test
3,5837,test
3,5838,test
3,5839,test
3,5849,test
3,5851,test
3,5857,test
3,5875,test
3,5880,test
3,5884,test
3,5895,test
3,5899,test
3,5900,test
3,5902,test
3,5904,test
3,5905,test
3,5907,test
3,5915,test
3,5919,test
3,5921,test
3,5926,test
3,5937,test
3,5945,test
3,5980,test
3,6013,test
3,6015,test
3,6026,test
3,6029,test
3,6032,test
3,6035,test
3,6037,test
3,6039,test
3,6045,test
3,6048,test
3,6050,test
3,6055,test
3,6066,test
3,6069,test
3,6071,test
3,6072,test
3,6073,test
3,6074,test
3,6075,test
3,6077,test
3,6081,test
3,6120,test
3,6121,test
3,6124,test
3,6146,test
3,6150,test
3,6153,test
3,6154,test
3,6158,test
3,6159,test
3,6168,test
3,6171,test
3,6174,test
3,6182,test
3,6191,test
3,6209,test
3,6212,test
3,6215,test
3,6216,test
3,6223,test
3,6227,test
3,6230,test
3,6234,test
3,6248,test
3,6249,test
3,6255,test
3,6266,test
3,6280,test
3,6281,test
3,6287,test
3,6288,test
3,6290,test
3,6297,test
3,6304,test
3,6315,test
3,6316,test
3,6327,test
3,6332,test
3,6338,test
3,6353,test
3,6357,test
3,6358,test
3,6372,test
3,6376,test
3,6389,test
3,6395,test
3,6402,test
3,6405,test
3,6408,test
3,6412,test
3,6425,test
3,6436,test
3,6441,test
3,6442,test
3,6444,test
3,6448,test
3,6449,test
3,6461,test
3,6491,test
3,6493,test
3,6521,test
3,6539,test
3,6541,test
3,6543,test
3,6545,test
3,6551,test
3,6552,test
3,6559,test
3,6567,test
3,6568,test
3,6570,test
3,6573,test
3,6581,test
3,6598,test
3,6607,test
3,6612,test
3,6614,test
3,6624,test
3,6635,test
3,6647,test
3,6648,test
3,6651,test
3,6654,test
3,6658,test
3,6662,test
3,6682,test
3,6695,test
3,6700,test
3,6701,test
3,6706,test
3,6716,test
3,6719,test
3,6730,test
3,6734,test
3,6737,test
3,6744,test
3,6748,test
3,6756,test
3,6765,test
3,6773,test
3,6774,test
3,6791,test
3,6796,test
3,6802,test
3,6807,test
3,6811,test
3,6822,test
3,6833,test
3,6839,test
3,6856,test
3,6861,test
3,6866,test
3,6872,test
3,6883,test
3,6886,test
3,6893,test
3,6896,test
3,6900,test
3,6908,test
3,6914,test
3,6917,test
3,6919,test
3,6922,test
3,6923,test
3,6929,test
3,6930,test
3,6935,test
3,6938,test
3,6941,test
3,6959,test
3,6960,test
3,6964,test
3,6970,test
3,6971,test
3,6972,test
3,6974,test
3,6975,test
3,6983,test
3,6988,test
3,6991,test
3,6995,test
3,6996,test
3,7001,test
3,7021,test
3,7026,test
3,7041,test
3,7045,test
3,7056,test
3,7062,test
3,7068,test
3,7069,test
3,7075,test
3,7080,test
3,7082,test
3,7092,test
3,7094,test
3,7097,test
3,7107,test
3,7113,test
3,7117,test
3,7135,test
3,7142,test
3,7160,test
3,7176,test
3,7184,test
3,7200,test
3,7207,test
3,7209,test
3,7210,test
3,7214,test
3,7216,test
3,7235,test
3,7240,test
3,7253,test
3,7255,test
3,7279,test
3,7292,test
3,7294,test
3,7298,test
3,7299,test
3,7306,test
3,7309,test
3,7321,test
3,7339,test
3,7350,test
3,7351,test
3,7352,test
3,7355,test
3,7356,test
3,7371,test
3,7378,test
3,7384,test
3,7386,test
3,7409,test
3,7411,test
3,7417,test
3,7420,test
3,7431,test
3,7433,test
3,7442,test
3,7445,test
3,7450,test
3,7458,test
3,7459,test
3,7486,test
3,7487,test
3,7489,test
3,7500,test
3,7510,test
3,7514,test
3,7525,test
3,7528,test
3,7534,test
3,7538,test
3,7546,test
3,7549,test
3,7552,test
3,7555,test
3,7562,test
3,7577,test
3,7582,test
3,7585,test
3,7602,test
3,7603,test
3,7606,test
3,7610,test
3,7614,test
3,7620,test
3,7623,test
3,7633,test
3,7639,test
3,7652,test
3,7661,test
3,7665,test
3,7685,test
3,7694,test
3,7700,test
3,7701,test
3,7702,test
3,7703,test
3,7708,test
3,7719,test
3,7730,test
3,7736,test
3,7741,test
3,7744,test
3,7751,test
3,7755,test
3,7765,test
3,7767,test
3,7776,test
3,7784,test
3,7785,test
3,7790,test
3,7791,test
3,7792,test
3,7794,test
3,7799,test
3,7803,test
3,7814,test
3,7822,test
3,7831,test
3,7833,test
3,7838,test
3,7848,test
3,7849,test
3,7851,test
3,7859,test
3,7876,test
3,7879,test
3,7886,test
3,7893,test
3,7894,test
3,7896,test
3,7902,test
3,7903,test
3,7906,test
3,7945,test
3,7960,test
3,7979,test
3,7991,test
3,7994,test
3,7998,test
3,7999,test
3,8006,test
3,8016,test
3,8026,test
3,8032,test
3,8033,test
3,8036,test
3,8049,test
3,8052,test
3,8057,test
3,8073,test
3,8092,test
3,8094,test
3,8099,test
3,8102,test
3,8113,test
3,8129,test
3,8135,test
3,8136,test
3,8138,test
3,8152,test
3,8164,test
3,8177,test
3,8179,test
3,8189,test
3,8198,test
3,8204,test
3,8207,test
3,8209,test
3,8211,test
3,8219,test
3,8223,test
3,8224,test
3,8227,test
3,8233,test
3,8235,test
3,8238,test
3,8245,test
3,8248,test
3,8255,test
3,8265,test
3,8273,test
3,8274,test
3,8278,test
3,8286,test
3,8317,test
3,8320,test
3,8323,test
3,8326,test
3,8339,test
3,8348,test
3,8351,test
3,8358,test
3,8367,test
3,8371,test
3,8376,test
3,8379,test
3,8380,test
3,8381,test
3,8383,test
3,8393,test
3,8396,test
3,8402,test
3,8408,test
3,8432,test
3,8438,test
3,8447,test
3,8463,test
3,8468,test
3,8470,test
3,8479,test
3,8490,test
3,8494,test
3,8497,test
3,8502,test
3,8506,test
3,8513,test
3,8516,test
3,8517,test
3,8536,test
3,8545,test
3,8552,test
3,8553,test
3,8556,test
3,8557,test
3,8568,test
3,8569,test
3,8572,test
3,8573,test
3,8578,test
3,8581,test
3,8582,test
3,8585,test
3,8586,test
3,8596,test
3,8602,test
3,8610,test
3,8619,test
3,8633,test
3,8634,test
3,8635,test
3,8643,test
3,8647,test
3,8648,test
3,8651,test
3,8674,test
3,8683,test
3,8687,test
3,8688,test
3,8704,test
3,8718,test
3,8720,test
3,8726,test
3,8735,test
3,8751,test
3,8763,test
3,8766,test
3,8773,test
3,8775,test
3,8782,test
3,8791,test
3,8806,test
3,8807,test
3,8824,test
3,8826,test
3,8833,test
3,8834,test
3,8835,test
3,8836,test
3,8842,test
3,8845,test
3,8867,test
3,8871,test
3,8881,test
3,8882,test
3,8884,test
3,8904,test
3,8908,test
3,8912,test
3,8914,test
3,8929,test
3,8935,test
3,8942,test
3,8943,test
3,8955,test
3,8956,test
3,8960,test
3,8963,test
3,8964,test
3,8970,test
3,8977,test
3,8984,test
3,8989,test
3,9003,test
3,9009,test
3,9015,test
3,9030,test
3,9045,test
3,9056,test
3,9065,test
3,9071,test
3,9078,test
3,9079,test
3,9086,test
3,9087,test
3,9090,test
3,9095,test
3,9119,test
3,9133,test
3,9135,test
3,9139,test
3,9141,test
3,9163,test
3,9171,test
3,9176,test
3,9192,test
3,9193,test
3,9195,test
3,9197,test
3,9213,test
3,9216,test
3,9220,test
3,9225,test
3,9229,test
3,9238,test
3,9253,test
3,9255,test
3,9262,test
3,9265,test
3,9266,test
3,9274,test
3,9280,test
3,9281,test
3,9285,test
3,9286,test
3,9290,test
3,9304,test
3,9310,test
3,9312,test
3,9321,test
3,9326,test
3,9327,test
3,9329,test
3,9331,test
3,9338,test
3,9339,test
3,9344,test
3,9350,test
3,9356,test
3,9365,test
3,9380,test
3,9391,test
3,9400,test
3,9405,test
3,9410,test
3,9411,test
3,9422,test
3,9429,test
3,9433,test
3,9436,test
3,9437,test
3,9439,test
3,9440,test
3,9441,test
3,9452,test
3,9472,test
3,9480,test
3,9485,test
3,9486,test
3,9498,test
3,9502,test
3,9509,test
3,9512,test
3,9516,test
3,9518,test
3,9521,test
3,9528,test
3,9530,test
3,9531,test
3,9535,test
3,9547,test
3,9548,test
3,9550,test
3,9552,test
3,9558,test
3,9562,test
3,9579,test
3,9584,test
3,9585,test
3,9589,test
3,9594,test
3,9596,test
3,9605,test
3,9612,test
3,9616,test
3,9632,test
3,9634,test
3,9657,test
3,9667,test
3,9685,test
3,9704,test
3,9707,test
3,9747,test
3,9755,test
3,9764,test
3,9765,test
3,9778,test
3,9786,test
3,9796,test
3,9803,test
3,9807,test
3,9808,test
3,9817,test
3,9820,test
3,9830,test
3,9837,test
3,9844,test
3,9858,test
3,9861,test
3,9863,test
3,9868,test
3,9870,test
3,9873,test
3,9876,test
3,9878,test
3,9900,test
3,9909,test
3,9911,test
3,9920,test
3,9946,test
3,9950,test
3,9957,test
3,9965,test
3,9975,test
3,9979,test
3,9984,test
3,9985,test
3,9988,test
3,9989,test
4,1,base
4,6,base
4,8,base
4,11,base
4,12,base
4,13,base
4,14,base
4,16,base
4,17,base
4,18,base
4,19,base
4,20,base
4,24,base
4,33,base
4,34,base
4,39,base
4,42,base
4,43,base
4,45,base
4,46,base
4,47,base
4,48,base
4,55,base
4,60,base
4,61,base
4,63,base
4,64,base
4,65,base
4,66,base
4,68,base
4,69,base
4,70,base
4,71,base
4,72,base
4,80,base
4,82,base
4,83,base
4,84,base
4,88,base
4,89,base
4,91,base
4,92,base
4,93,base
4,96,base
4,99,base
4,100,base
4,101,base
4,103,base
4,106,base
4,110,base
4,111,base
4,112,base
4,113,base
4,116,base
4,117,base
4,118,base
4,120,base
4,123,base
4,124,base
4,128,base
4,129,base
4,130,base
4,132,base
4,133,base
4,134,base
4,137,base
4,138,base
4,139,base
4,142,base
4,146,base
4,153,base
4,154,base
4,157,base
4,159,base
4,160,base
4,166,base
4,167,base
4,169,base
4,170,base
4,172,base
4,173,base
4,175,base
4,177,base
4,180,base
4,182,base
4,184,base
4,185,base
4,186,base
4,188,base
4,191,base
4,193,base
4,195,base
4,200,base
4,202,base
4,205,base
4,206,base
4,209,base
4,210,base
4,211,base
4,212,base
4,213,base
4,214,base
4,216,base
4,218,base
4,219,base
4,220,base
4,225,base
4,228,base
4,233,base
4,235,base
4,238,base
4,239,base
4,241,base
4,242,base
4,244,base
4,245,base
4,246,base
4,247,base
4,248,base
4,249,base
4,251,base
4,253,base
4,254,base
4,258,base
4,259,base
4,263,base
4,265,base
4,267,base
4,268,base
4,269,base
4,272,base
4,274,base
4,275,base
4,276,base
4,277,base
4,280,base
4,282,base
4,283,base
4,284,base
4,285,base
4,286,base
4,287,base
4,291,base
4,293,base
4,295,base
4,298,base
4,299,base
4,300,base
4,301,base
4,302,base
4,303,base
4,304,base
4,308,base
4,312,base
4,315,base
4,316,base
4,318,base
4,319,base
4,324,base
4,330,base
4,332,base
4,333,base
4,335,base
4,336,base
4,337,base
4,338,base
4,340,base
4,344,base
4,345,base
4,346,base
4,348,base
4,350,base
4,351,base
4,353,base
4,356,base
4,357,base
4,358,base
4,362,base
4,363,base
4,364,base
4,366,base
4,367,base
4,368,base
4,369,base
4,372,base
4,373,base
4,374,base
4,376,base
4,378,base
4,382,base
4,384,base
4,386,base
4,387,base
4,389,base
4,390,base
4,391,base
4,393,base
4,396,base
4,398,base
4,401,base
4,405,base
4,406,base
4,409,base
4,410,base
4,413,base
4,415,base
4,423,base
4,427,base
4,428,base
4,429,base
4,432,base
4,433,base
4,435,base
4,437,base
4,438,base
4,444,base
4,445,base
4,446,base
4,447,base
4,448,base
4,449,base
4,450,base
4,451,base
4,453,base
4,454,base
4,456,base
4,459,base
4,460,base
4,462,base
4,463,base
4,465,base
4,468,base
4,469,base
4,470,base
4,472,base
4,475,base
4,485,base
4,487,base
4,489,base
4,490,base
4,495,base
4,497,base
4,498,base
4,499,base
4,500,base
4,503,base
4,506,base
4,509,base
4,510,base
4,515,base
4,517,base
4,518,base
4,519,base
4,520,base
4,522,base
4,524,base
4,525,base
4,527,base
4,528,base
4,531,base
4,532,base
4,534,base
4,538,base
4,540,base
4,542,base
4,543,base
4,544,base
4,545,base
4,546,base
4,548,base
4,549,base
4,550,base
4,551,base
4,553,base
4,554,base
4,556,base
4,558,base
4,559,base
4,560,base
4,561,base
4,562,base
4,565,base
4,566,base
4,568,base
4,570,base
4,571,base
4,577,base
4,578,base
4,583,base
4,587,base
4,588,base
4,590,base
4,592,base
4,596,base
4,597,base
4,598,base
4,599,base
4,600,base
4,603,base
4,604,base
4,605,base
4,607,base
4,608,base
4,609,base
4,611,base
4,612,base
4,617,base
4,618,base
4,620,base
4,622,base
4,624,base
4,626,base
4,628,base
4,629,base
4,630,base
4,632,base
4,633,base
4,636,base
4,637,base
4,638,base
4,643,base
4,645,base
4,646,base
4,650,base
4,652,base
4,653,base
4,654,base
4,656,base
4,657,base
4,658,base
4,659,base
4,661,base
4,663,base
4,664,base
4,665,base
4,669,base
4,671,base
4,674,base
4,675,base
4,678,base
4,679,base
4,680,base
4,681,base
4,689,base
4,690,base
4,691,base
4,692,base
4,693,base
4,694,base
4,695,base
4,697,base
4,699,base
4,700,base
4,701,base
4,703,base
4,704,base
4,706,base
4,708,base
4,710,base
4,711,base
4,713,base
4,722,base
4,725,base
4,726,base
4,732,base
4,733,base
4,734,base
4,736,base
4,737,base
4,738,base
4,741,base
4,743,base
4,744,base
4,746,base
4,749,base
4,750,base
4,751,base
4,752,base
4,753,base
4,761,base
4,762,base
4,767,base
4,768,base
4,772,base
4,774,base
4,775,base
4,777,base
4,779,base
4,781,base
4,782,base
4,784,base
4,785,base
4,786,base
4,787,base
4,789,base
4,791,base
4,795,base
4,798,base
4,800,base
4,804,base
4,808,base
4,810,base
4,811,base
4,814,base
4,821,base
4,822,base
4,824,base
4,825,base
4,826,base
4,827,base
4,829,base
4,831,base
4,836,base
4,838,base
4,839,base
4,841,base
4,843,base
4,844,base
4,846,base
4,849,base
4,851,base
4,852,base
4,858,base
4,860,base
4,861,base
4,862,base
4,863,base
4,865,base
4,867,base
4,870,base
4,872,base
4,873,base
4,874,base
4,876,base
4,878,base
4,879,base
4,880,base
4,881,base
4,882,base
4,883,base
4,884,base
4,885,base
4,887,base
4,889,base
4,895,base
4,897,base
4,898,base
4,899,base
4,900,base
4,901,base
4,903,base
4,905,base
4,906,base
4,907,base
4,908,base
4,909,base
4,910,base
4,913,base
4,916,base
4,917,base
4,922,base
4,924,base
4,925,base
4,926,base
4,929,base
4,930,base
4,931,base
4,933,base
4,935,base
4,942,base
4,943,base
4,946,base
4,949,base
4,950,base
4,951,base
4,953,base
4,954,base
4,955,base
4,956,base
4,957,base
4,958,base
4,963,base
4,966,base
4,967,base
4,970,base
4,972,base
4,974,base
4,976,base
4,977,base
4,979,base
4,981,base
4,982,base
4,983,base
4,984,base
4,985,base
4,989,base
4,990,base
4,993,base
4,994,base
4,995,base
4,998,base
4,999,base
4,1001,base
4,1002,base
4,1004,base
4,1005,base
4,1007,base
4,1008,base
4,1009,base
4,1014,base
4,1017,base
4,1019,base
4,1021,base
4,1027,base
4,1028,base
4,1029,base
4,1030,base
4,1031,base
4,1032,base
4,1034,base
4,1035,base
4,1037,base
4,1042,base
4,1043,base
4,1044,base
4,1045,base
4,1046,base
4,1048,base
4,1050,base
4,1055,base
4,1057,base
4,1059,base
4,1060,base
4,1062,base
4,1069,base
4,1071,base
4,1073,base
4,1075,base
4,1076,base
4,1079,base
4,1081,base
4,1084,base
4,1086,base
4,1087,base
4,1088,base
4,1090,base
4,1092,base
4,1093,base
4,1094,base
4,1097,base
4,1098,base
4,1100,base
4,1107,base
4,1109,base
4,1118,base
4,1122,base
4,1125,base
4,1127,base
4,1129,base
4,1130,base
4,1132,base
4,1135,base
4,1140,base
4,1142,base
4,1143,base
4,1144,base
4,1146,base
4,1149,base
4,1150,base
4,1153,base
4,1156,base
4,1157,base
4,1159,base
4,1160,base
4,1161,base
4,1162,base
4,1163,base
4,1167,base
4,1170,base
4,1171,base
4,1172,base
4,1173,base
4,1174,base
4,1175,base
4,1178,base
4,1179,base
4,1180,base
4,1181,base
4,1183,base
4,1184,base
4,1185,base
4,1186,base
4,1189,base
4,1190,base
4,1191,base
4,1194,base
4,1195,base
4,1199,base
4,1200,base
4,1202,base
4,1204,base
4,1205,base
4,1206,base
4,1210,base
4,1211,base
4,1213,base
4,1216,base
4,1217,base
4,1220,base
4,1222,base
4,1223,base
4,1224,base
4,1226,base
4,1227,base
4,1229,base
4,1231,base
4,1232,base
4,1234,base
4,1235,base
4,1238,base
4,1239,base
4,1244,base
4,1245,base
4,1247,base
4,1248,base
4,1249,base
4,1250,base
4,1255,base
4,1256,base
4,1258,base
4,1259,base
4,1262,base
4,1263,base
4,1265,base
4,1268,base
4,1269,base
4,1270,base
4,1272,base
4,1274,base
4,1279,base
4,1281,base
4,1282,base
4,1283,base
4,1285,base
4,1288,base
4,1289,base
4,1290,base
4,1291,base
4,1294,base
4,1295,base
4,1296,base
4,1298,base
4,1299,base
4,1304,base
4,1308,base
4,1311,base
4,1312,base
4,1317,base
4,1320,base
4,1321,base
4,1322,base
4,1324,base
4,1325,base
4,1326,base
4,1328,base
4,1331,base
4,1332,base
4,1334,base
4,1335,base
4,1338,base
4,1339,base
4,1342,base
4,1343,base
4,1345,base
4,1347,base
4,1350,base
4,1353,base
4,1354,base
4,1355,base
4,1356,base
4,1358,base
4,1360,base
4,1361,base
4,1362,base
4,1363,base
4,1365,base
4,1366,base
4,1369,base
4,1370,base
4,1376,base
4,1377,base
4,1381,base
4,1382,base
4,1383,base
4,1385,base
4,1388,base
4,1389,base
4,1391,base
4,1393,base
4,1394,base
4,1395,base
4,1399,base
4,1403,base
4,1405,base
4,1406,base
4,1407,base
4,1408,base
4,1411,base
4,1415,base
4,1417,base
4,1418,base
4,1419,base
4,1421,base
4,1422,base
4,1423,base
4,1425,base
4,1427,base
4,1431,base
4,1432,base
4,1434,base
4,1436,base
4,1441,base
4,1443,base
4,1445,base
4,1446,base
4,1450,base
4,1451,base
4,1455,base
4,1457,base
4,1460,base
4,1462,base
4,1463,base
4,1465,base
4,1466,base
4,1470,base
4,1473,base
4,1474,base
4,1476,base
4,1478,base
4,1479,base
4,1481,base
4,1482,base
4,1486,base
4,1489,base
4,1490,base
4,1491,base
4,1492,base
4,1494,base
4,1496,base
4,1497,base
4,1498,base
4,1500,base
4,1502,base
4,1503,base
4,1504,base
4,1509,base
4,1511,base
4,1512,base
4,1515,base
4,1517,base
4,1518,base
4,1520,base
4,1522,base
4,1525,base
4,1526,base
4,1527,base
4,1531,base
4,1532,base
4,1536,base
4,1538,base
4,1540,base
4,1542,base
4,1543,base
4,1544,base
4,1546,base
4,1547,base
4,1548,base
4,1550,base
4,1554,base
4,1555,base
4,1557,base
4,1560,base
4,1566,base
4,1567,base
4,1570,base
4,1573,base
4,1574,base
4,1575,base
4,1576,base
4,1577,base
4,1578,base
4,1579,base
4,1581,base
4,1582,base
4,1584,base
4,1587,base
4,1592,base
4,1594,base
4,1595,base
4,1597,base
4,1599,base
4,1600,base
4,1601,base
4,1602,base
4,1603,base
4,1606,base
4,1607,base
4,1608,base
4,1610,base
4,1612,base
4,1613,base
4,1614,base
4,1615,base
4,1616,base
4,1619,base
4,1623,base
4,1624,base
4,1625,base
4,1626,base
4,1627,base
4,1628,base
4,1629,base
4,1630,base
4,1631,base
4,1634,base
4,1635,base
4,1637,base
4,1639,base
4,1641,base
4,1645,base
4,1646,base
4,1647,base
4,1648,base
4,1649,base
4,1655,base
4,1656,base
4,1657,base
4,1658,base
4,1659,base
4,1662,base
4,1664,base
4,1669,base
4,1671,base
4,1672,base
4,1675,base
4,1676,base
4,1677,base
4,1681,base
4,1686,base
4,1687,base
4,1691,base
4,1692,base
4,1695,base
4,1700,base
4,1703,base
4,1707,base
4,1709,base
4,1712,base
4,1715,base
4,1716,base
4,1717,base
4,1719,base
4,1724,base
4,1725,base
4,1727,base
4,1728,base
4,1729,base
4,1730,base
4,1734,base
4,1735,base
4,1739,base
4,1740,base
4,1741,base
4,1742,base
4,1743,base
4,1744,base
4,1746,base
4,1749,base
4,1751,base
4,1755,base
4,1756,base
4,1757,base
4,1761,base
4,1762,base
4,1764,base
4,1766,base
4,1770,base
4,1772,base
4,1774,base
4,1775,base
4,1780,base
4,1781,base
4,1783,base
4,1785,base
4,1786,base
4,1788,base
4,1794,base
4,1795,base
4,1796,base
4,1797,base
4,1799,base
4,1801,base
4,1803,base
4,1806,base
4,1807,base
4,1808,base
4,1813,base
4,1815,base
4,1817,base
4,1818,base
4,1819,base
4,1823,base
4,1827,base
4,1828,base
4,1831,base
4,1834,base
4,1835,base
4,1836,base
4,1838,base
4,1841,base
4,1842,base
4,1843,base
4,1844,base
4,1846,base
4,1847,base
4,1849,base
4,1851,base
4,1852,base
4,1853,base
4,1855,base
4,1857,base
4,1858,base
4,1859,base
4,1861,base
4,1862,base
4,1863,base
4,1865,base
4,1866,base
4,1867,base
4,1870,base
4,1871,base
4,1872,base
4,1875,base
4,1876,base
4,1882,base
4,1884,base
4,1885,base
4,1887,base
4,1894,base
4,1896,base
4,1899,base
4,1900,base
4,1901,base
4,1902,base
4,1903,base
4,1904,base
4,1906,base
4,1908,base
4,1909,base
4,1913,base
4,1914,base
4,1915,base
4,1916,base
4,1921,base
4,1925,base
4,1927,base
4,1928,base
4,1931,base
4,1932,base
4,1933,base
4,1936,base
4,1938,base
4,1939,base
4,1941,base
4,1942,base
4,1943,base
4,1944,base
4,1950,base
4,1952,base
4,1953,base
4,1954,base
4,1957,base
4,1959,base
4,1961,base
4,1962,base
4,1963,base
4,1964,base
4,1966,base
4,1970,base
4,1972,base
4,1975,base
4,1977,base
4,1979,base
4,1980,base
4,1981,base
4,1982,base
4,1983,base
4,1991,base
4,1996,base
4,2000,base
4,2002,base
4,2004,base
4,2008,base
4,2014,base
4,2016,base
4,2017,base
4,2018,base
4,2019,base
4,2023,base
4,2024,base
4,2026,base
4,2027,base
4,2030,base
4,2034,base
4,2035,base
4,2037,base
4,2038,base
4,2039,base
4,2040,base
4,2041,base
4,2042,base
4,2044,base
4,2046,base
4,2047,base
4,2048,base
4,2051,base
4,2053,base
4,2054,base
4,2055,base
4,2056,base
4,2057,base
4,2058,base
4,2061,base
4,2062,base
4,2063,base
4,2067,base
4,2070,base
4,2071,base
4,2072,base
4,2073,base
4,2074,base
4,2076,base
4,2077,base
4,2081,base
4,2082,base
4,2087,base
4,2088,base
4,2093,base
4,2096,base
4,2097,base
4,2098,base
4,2099,base
4,2100,base
4,2103,base
4,2107,base
4,2108,base
4,2109,base
4,2110,base
4,2115,base
4,2117,base
4,2118,base
4,2119,base
4,2120,base
4,2124,base
4,2126,base
4,2128,base
4,2130,base
4,2131,base
4,2133,base
4,2134,base
4,2140,base
4,2145,base
4,2147,base
4,2150,base
4,2155,base
4,2157,base
4,2158,base
4,2160,base
4,2163,base
4,2166,base
4,2170,base
4,2171,base
4,2172,base
4,2173,base
4,2174,base
4,2176,base
4,2177,base
4,2178,base
4,2181,base
4,2183,base
4,2184,base
4,2190,base
4,2192,base
4,2193,base
4,2194,base
4,2196,base
4,2198,base
4,2200,base
4,2201,base
4,2203,base
4,2207,base
4,2208,base
4,2212,base
4,2213,base
4,2214,base
4,2216,base
4,2218,base
4,2221,base
4,2223,base
4,2225,base
4,2227,base
4,2230,base
4,2231,base
4,2232,base
4,2233,base
4,2238,base
4,2239,base
4,2240,base
4,2243,base
4,2244,base
4,2246,base
4,2250,base
4,2252,base
4,2253,base
4,2255,base
4,2258,base
4,2260,base
4,2261,base
4,2267,base
4,2270,base
4,2271,base
4,2273,base
4,2276,base
4,2277,base
4,2278,base
4,2279,base
4,2282,base
4,2284,base
4,2285,base
4,2287,base
4,2288,base
4,2290,base
4,2291,base
4,2292,base
4,2295,base
4,2296,base
4,2298,base
4,2302,base
4,2303,base
4,2305,base
4,2306,base
4,2307,base
4,2308,base
4,2309,base
4,2316,base
4,2317,base
4,2322,base
4,2324,base
4,2328,base
4,2330,base
4,2331,base
4,2332,base
4,2335,base
4,2339,base
4,2340,base
4,2341,base
4,2344,base
4,2345,base
4,2346,base
4,2349,base
4,2350,base
4,2351,base
4,2353,base
4,2357,base
4,2361,base
4,2364,base
4,2365,base
4,2366,base
4,2367,base
4,2368,base
4,2369,base
4,2370,base
4,2377,base
4,2378,base
4,2379,base
4,2380,base
4,2382,base
4,2383,base
4,2384,base
4,2387,base
4,2388,base
4,2392,base
4,2394,base
4,2395,base
4,2399,base
4,2401,base
4,2402,base
4,2403,base
4,2407,base
4,2408,base
4,2409,base
4,2410,base
4,2412,base
4,2413,base
4,2415,base
4,2418,base
4,2421,base
4,2422,base
4,2423,base
4,2424,base
4,2426,base
4,2427,base
4,2428,base
4,2430,base
4,2431,base
4,2432,base
4,2434,base
4,2435,base
4,2437,base
4,2438,base
4,2439,base
4,2441,base
4,2442,base
4,2443,base
4,2449,base
4,2452,base
4,2453,base
4,2454,base
4,2458,base
4,2459,base
4,2460,base
4,2461,base
4,2462,base
4,2463,base
4,2465,base
4,2466,base
4,2467,base
4,2468,base
4,2469,base
4,2472,base
4,2477,base
4,2478,base
4,2480,base
4,2481,base
4,2483,base
4,2486,base
4,2488,base
4,2491,base
4,2495,base
4,2496,base
4,2497,base
4,2498,base
4,2499,base
4,2500,base
4,2502,base
4,2503,base
4,2505,base
4,2506,base
4,2509,base
4,2512,base
4,2514,base
4,2515,base
4,2517,base
4,2523,base
4,2528,base
4,2532,base
4,2536,base
4,2538,base
4,2539,base
4,2541,base
4,2546,base
4,2548,base
4,2549,base
4,2562,base
4,2567,base
4,2569,base
4,2570,base
4,2574,base
4,2575,base
4,2576,base
4,2578,base
4,2580,base
4,2581,base
4,2585,base
4,2588,base
4,2590,base
4,2593,base
4,2595,base
4,2596,base
4,2600,base
4,2601,base
4,2607,base
4,2609,base
4,2611,base
4,2613,base
4,2614,base
4,2620,base
4,2621,base
4,2625,base
4,2627,base
4,2628,base
4,2630,base
4,2633,base
4,2634,base
4,2636,base
4,2637,base
4,2638,base
4,2640,base
4,2641,base
4,2643,base
4,2650,base
4,2651,base
4,2656,base
4,2658,base
4,2659,base
4,2661,base
4,2664,base
4,2665,base
4,2666,base
4,2669,base
4,2672,base
4,2674,base
4,2678,base
4,2679,base
4,2681,base
4,2683,base
4,2684,base
4,2686,base
4,2689,base
4,2690,base
4,2691,base
4,2693,base
4,2696,base
4,2699,base
4,2700,base
4,2701,base
4,2702,base
4,2705,base
4,2706,base
4,2708,base
4,2709,base
4,2710,base
4,2712,base
4,2713,base
4,2714,base
4,2715,base
4,2716,base
4,2717,base
4,2718,base
4,2722,base
4,2724,base
4,2725,base
4,2726,base
4,2727,base
4,2728,base
4,2734,base
4,2735,base
4,2736,base
4,2737,base
4,2738,base
4,2740,base
4,2742,base
4,2743,base
4,2744,base
4,2751,base
4,2752,base
4,2754,base
4,2756,base
4,2758,base
4,2759,base
4,2760,base
4,2763,base
4,2767,base
4,2770,base
4,2771,base
4,2774,base
4,2775,base
4,2777,base
4,2778,base
4,2780,base
4,2781,base
4,2785,base
4,2786,base
4,2788,base
4,2789,base
4,2790,base
4,2791,base
4,2792,base
4,2794,base
4,2795,base
4,2797,base
4,2799,base
4,2801,base
4,2805,base
4,2807,base
4,2809,base
4,2810,base
4,2811,base
4,2813,base
4,2814,base
4,2816,base
4,2817,base
4,2818,base
4,2819,base
4,2820,base
4,2822,base
4,2823,base
4,2824,base
4,2827,base
4,2828,base
4,2830,base
4,2833,base
4,2834,base
4,2836,base
4,2838,base
4,2841,base
4,2843,base
4,2844,base
4,2845,base
4,2846,base
4,2847,base
4,2849,base
4,2851,base
4,2854,base
4,2856,base
4,2857,base
4,2858,base
4,2859,base
4,2860,base
4,2861,base
4,2862,base
4,2863,base
4,2864,base
4,2865,base
4,2866,base
4,2870,base
4,2872,base
4,2875,base
4,2876,base
4,2877,base
4,2881,base
4,2883,base
4,2887,base
4,2888,base
4,2891,base
4,2892,base
4,2894,base
4,2895,base
4,2897,base
4,2900,base
4,2901,base
4,2902,base
4,2904,base
4,2906,base
4,2907,base
4,2910,base
4,2916,base
4,2917,base
4,2919,base
4,2921,base
4,2923,base
4,2924,base
4,2930,base
4,2936,base
4,2937,base
4,2939,base
4,2940,base
4,2941,base
4,2944,base
4,2945,base
4,2946,base
4,2947,base
4,2949,base
4,2950,base
4,2951,base
4,2953,base
4,2956,base
4,2958,base
4,2962,base
4,2963,base
4,2964,base
4,2965,base
4,2969,base
4,2972,base
4,2973,base
4,2974,base
4,2975,base
4,2976,base
4,2978,base
4,2979,base
4,2982,base
4,2984,base
4,2985,base
4,2986,base
4,2988,base
4,2990,base
4,2991,base
4,2996,base
4,2997,base
4,3000,base
4,3002,base
4,3005,base
4,3007,base
4,3009,base
4,3014,base
4,3016,base
4,3017,base
4,3018,base
4,3019,base
4,3020,base
4,3022,base
4,3024,base
4,3026,base
4,3027,base
4,3030,base
4,3034,base
4,3035,base
4,3042,base
4,3045,base
4,3046,base
4,3047,base
4,3049,base
4,3050,base
4,3056,base
4,3057,base
4,3058,base
4,3059,base
4,3062,base
4,3063,base
4,3065,base
4,3066,base
4,3067,base
4,3072,base
4,3073,base
4,3074,base
4,3075,base
4,3076,base
4,3081,base
4,3084,base
4,3085,base
4,3089,base
4,3092,base
4,3093,base
4,3095,base
4,3096,base
4,3101,base
4,3102,base
4,3104,base
4,3109,base
4,3110,base
4,3111,base
4,3113,base
4,3114,base
4,3118,base
4,3119,base
4,3122,base
4,3123,base
4,3125,base
4,3126,base
4,3127,base
4,3131,base
4,3132,base
4,3133,base
4,3134,base
4,3136,base
4,3137,base
4,3138,base
4,3140,base
4,3142,base
4,3144,base
4,3146,base
4,3149,base
4,3150,base
4,3151,base
4,3152,base
4,3153,base
4,3154,base
4,3157,base
4,3158,base
4,3160,base
4,3162,base
4,3164,base
4,3165,base
4,3168,base
4,3169,base
4,3170,base
4,3172,base
4,3174,base
4,3176,base
4,3177,base
4,3178,base
4,3184,base
4,3185,base
4,3188,base
4,3190,base
4,3200,base
4,3201,base
4,3202,base
4,3204,base
4,3206,base
4,3210,base
4,3213,base
4,3215,base
4,3216,base
4,3217,base
4,3218,base
4,3221,base
4,3224,base
4,3226,base
4,3228,base
4,3229,base
4,3230,base
4,3231,base
4,3232,base
4,3234,base
4,3235,base
4,3236,base
4,3238,base
4,3239,base
4,3240,base
4,3242,base
4,3243,base
4,3245,base
4,3246,base
4,3247,base
4,3248,base
4,3255,base
4,3256,base
4,3257,base
4,3258,base
4,3259,base
4,3260,base
4,3261,base
4,3262,base
4,3263,base
4,3268,base
4,3269,base
4,3275,base
4,3276,base
4,3280,base
4,3282,base
4,3284,base
4,3288,base
4,3291,base
4,3292,base
4,3293,base
4,3294,base
4,3297,base
4,3298,base
4,3301,base
4,3303,base
4,3304,base
4,3307,base
4,3309,base
4,3311,base
4,3317,base
4,3318,base
4,3322,base
4,3323,base
4,3326,base
4,3329,base
4,3331,base
4,3332,base
4,3334,base
4,3335,base
4,3336,base
4,3339,base
4,3342,base
4,3343,base
4,3344,base
4,3345,base
4,3347,base
4,3348,base
4,3352,base
4,3353,base
4,3354,base
4,3355,base
4,3357,base
4,3358,base
4,3359,base
4,3360,base
4,3363,base
4,3365,base
4,3370,base
4,3371,base
4,3372,base
4,3373,base
4,3375,base
4,3376,base
4,3377,base
4,3378,base
4,3379,base
4,3382,base
4,3387,base
4,3388,base
4,3389,base
4,3391,base
4,3394,base
4,3395,base
4,3396,base
4,3398,base
4,3401,base
4,3402,base
4,3403,base
4,3404,base
4,3408,base
4,3409,base
4,3410,base
4,3411,base
4,3412,base
4,3415,base
4,3417,base
4,3419,base
4,3420,base
4,3421,base
4,3423,base
4,3424,base
4,3429,base
4,3430,base
4,3432,base
4,3435,base
4,3436,base
4,3437,base
4,3439,base
4,3440,base
4,3441,base
4,3443,base
4,3444,base
4,3445,base
4,3447,base
4,3450,base
4,3451,base
4,3452,base
4,3453,base
4,3455,base
4,3461,base
4,3462,base
4,3463,base
4,3464,base
4,3467,base
4,3468,base
4,3471,base
4,3474,base
4,3481,base
4,3484,base
4,3486,base
4,3487,base
4,3489,base
4,3490,base
4,3491,base
4,3493,base
4,3494,base
4,3497,base
4,3498,base
4,3499,base
4,3501,base
4,3504,base
4,3505,base
4,3506,base
4,3509,base
4,3513,base
4,3519,base
4,3523,base
4,3524,base
4,3525,base
4,3526,base
4,3528,base
4,3530,base
4,3532,base
4,3534,base
4,3536,base
4,3537,base
4,3540,base
4,3541,base
4,3542,base
4,3546,base
4,3547,base
4,3549,base
4,3551,base
4,3552,base
4,3555,base
4,3557,base
4,3558,base
4,3559,base
4,3561,base
4,3564,base
4,3565,base
4,3566,base
4,3567,base
4,3568,base
4,3569,base
4,3577,base
4,3579,base
4,3586,base
4,3591,base
4,3593,base
4,3595,base
4,3597,base
4,3599,base
4,3602,base
4,3605,base
4,3606,base
4,3611,base
4,3613,base
4,3614,base
4,3621,base
4,3622,base
4,3623,base
4,3624,base
4,3625,base
4,3626,base
4,3628,base
4,3629,base
4,3630,base
4,3631,base
4,3633,base
4,3636,base
4,3637,base
4,3638,base
4,3640,base
4,3642,base
4,3643,base
4,3644,base
4,3648,base
4,3649,base
4,3650,base
4,3655,base
4,3656,base
4,3659,base
4,3660,base
4,3662,base
4,3666,base
4,3667,base
4,3668,base
4,3671,base
4,3672,base
4,3675,base
4,3676,base
4,3677,base
4,3679,base
4,3680,base
4,3682,base
4,3685,base
4,3687,base
4,3692,base
4,3693,base
4,3694,base
4,3695,base
4,3697,base
4,3699,base
4,3701,base
4,3703,base
4,3704,base
4,3706,base
4,3707,base
4,3708,base
4,3712,base
4,3714,base
4,3715,base
4,3718,base
4,3719,base
4,3723,base
4,3725,base
4,3728,base
4,3735,base
4,3736,base
4,3738,base
4,3739,base
4,3740,base
4,3745,base
4,3746,base
4,3750,base
4,3753,base
4,3754,base
4,3755,base
4,3757,base
4,3760,base
4,3761,base
4,3762,base
4,3763,base
4,3766,base
4,3767,base
4,3768,base
4,3769,base
4,3770,base
4,3771,base
4,3772,base
4,3773,base
4,3774,base
4,3776,base
4,3780,base
4,3781,base
4,3783,base
4,3788,base
4,3789,base
4,3791,base
4,3792,base
4,3794,base
4,3795,base
4,3796,base
4,3797,base
4,3798,base
4,3800,base
4,3802,base
4,3804,base
4,3805,base
4,3806,base
4,3811,base
4,3817,base
4,3818,base
4,3819,base
4,3820,base
4,3821,base
4,3822,base
4,3823,base
4,3824,base
4,3827,base
4,3829,base
4,3830,base
4,3833,base
4,3836,base
4,3839,base
4,3841,base
4,3846,base
4,3847,base
4,3848,base
4,3849,base
4,3851,base
4,3854,base
4,3855,base
4,3856,base
4,3857,base
4,3861,base
4,3862,base
4,3863,base
4,3867,base
4,3870,base
4,3871,base
4,3873,base
4,3874,base
4,3875,base
4,3877,base
4,3883,base
4,3884,base
4,3886,base
4,3893,base
4,3895,base
4,3896,base
4,3897,base
4,3898,base
4,3899,base
4,3900,base
4,3902,base
4,3907,base
4,3908,base
4,3909,base
4,3910,base
4,3912,base
4,3915,base
4,3916,base
4,3919,base
4,3921,base
4,3924,base
4,3927,base
4,3928,base
4,3935,base
4,3936,base
4,3939,base
4,3940,base
4,3941,base
4,3942,base
4,3944,base
4,3946,base
4,3947,base
4,3952,base
4,3953,base
4,3954,base
4,3957,base
4,3959,base
4,3960,base
4,3961,base
4,3962,base
4,3963,base
4,3965,base
4,3966,base
4,3968,base
4,3974,base
4,3975,base
4,3977,base
4,3979,base
4,3983,base
4,3984,base
4,3985,base
4,3988,base
4,3990,base
4,3991,base
4,3994,base
4,3995,base
4,3997,base
4,3998,base
4,3999,base
4,4000,base
4,4001,base
4,4005,base
4,4006,base
4,4008,base
4,4012,base
4,4014,base
4,4016,base
4,4017,base
4,4020,base
4,4023,base
4,4025,base
4,4029,base
4,4030,base
4,4031,base
4,4034,base
4,4035,base
4,4036,base
4,4038,base
4,4040,base
4,4041,base
4,4042,base
4,4044,base
4,4045,base
4,4047,base
4,4048,base
4,4055,base
4,4060,base
4,4062,base
4,4063,base
4,4064,base
4,4070,base
4,4071,base
4,4074,base
4,4077,base
4,4080,base
4,4081,base
4,4083,base
4,4086,base
4,4088,base
4,4089,base
4,4091,base
4,4092,base
4,4097,base
4,4098,base
4,4099,base
4,4103,base
4,4107,base
4,4109,base
4,4111,base
4,4113,base
4,4115,base
4,4118,base
4,4120,base
4,4124,base
4,4127,base
4,4129,base
4,4131,base
4,4132,base
4,4133,base
4,4138,base
4,4141,base
4,4142,base
4,4146,base
4,4149,base
4,4154,base
4,4161,base
4,4162,base
4,4163,base
4,4164,base
4,4165,base
4,4168,base
4,4169,base
4,4170,base
4,4171,base
4,4172,base
4,4174,base
4,4175,base
4,4176,base
4,4180,base
4,4181,base
4,4182,base
4,4183,base
4,4185,base
4,4187,base
4,4188,base
4,4190,base
4,4191,base
4,4192,base
4,4194,base
4,4195,base
4,4197,base
4,4200,base
4,4201,base
4,4202,base
4,4203,base
4,4206,base
4,4208,base
4,4210,base
4,4211,base
4,4214,base
4,4216,base
4,4221,base
4,4222,base
4,4224,base
4,4225,base
4,4226,base
4,4227,base
4,4231,base
4,4232,base
4,4235,base
4,4241,base
4,4246,base
4,4247,base
4,4250,base
4,4251,base
4,4253,base
4,4256,base
4,4257,base
4,4259,base
4,4261,base
4,4262,base
4,4268,base
4,4273,base
4,4274,base
4,4275,base
4,4276,base
4,4277,base
4,4278,base
4,4280,base
4,4283,base
4,4284,base
4,4285,base
4,4287,base
4,4288,base
4,4293,base
4,4294,base
4,4296,base
4,4297,base
4,4298,base
4,4299,base
4,4302,base
4,4306,base
4,4307,base
4,4308,base
4,4311,base
4,4312,base
4,4315,base
4,4316,base
4,4317,base
4,4318,base
4,4319,base
4,4320,base
4,4322,base
4,4324,base
4,4328,base
4,4329,base
4,4331,base
4,4333,base
4,4334,base
4,4335,base
4,4336,base
4,4337,base
4,4338,base
4,4339,base
4,4340,base
4,4341,base
4,4344,base
4,4346,base
4,4349,base
4,4350,base
4,4356,base
4,4357,base
4,4358,base
4,4359,base
4,4361,base
4,4363,base
4,4364,base
4,4365,base
4,4366,base
4,4367,base
4,4368,base
4,4369,base
4,4370,base
4,4372,base
4,4375,base
4,4378,base
4,4381,base
4,4382,base
4,4384,base
4,4385,base
4,4386,base
4,4389,base
4,4390,base
4,4394,base
4,4396,base
4,4397,base
4,4398,base
4,4399,base
4,4400,base
4,4401,base
4,4403,base
4,4406,base
4,4407,base
4,4408,base
4,4409,base
4,4411,base
4,4415,base
4,4418,base
4,4422,base
4,4423,base
4,4424,base
4,4429,base
4,4431,base
4,4432,base
4,4433,base
4,4434,base
4,4436,base
4,4437,base
4,4438,base
4,4439,base
4,4443,base
4,4446,base
4,4452,base
4,4453,base
4,4454,base
4,4455,base
4,4456,base
4,4458,base
4,4460,base
4,4461,base
4,4464,base
4,4467,base
4,4468,base
4,4469,base
4,4470,base
4,4473,base
4,4474,base
4,4476,base
4,4477,base
4,4480,base
4,4481,base
4,4484,base
4,4486,base
4,4488,base
4,4493,base
4,4499,base
4,4500,base
4,4501,base
4,4502,base
4,4503,base
4,4504,base
4,4505,base
4,4506,base
4,4507,base
4,4509,base
4,4512,base
4,4513,base
4,4515,base
4,4516,base
4,4519,base
4,4520,base
4,4522,base
4,4523,base
4,4524,base
4,4525,base
4,4526,base
4,4527,base
4,4528,base
4,4529,base
4,4536,base
4,4539,base
4,4540,base
4,4541,base
4,4543,base
4,4548,base
4,4549,base
4,4551,base
4,4556,base
4,4558,base
4,4561,base
4,4563,base
4,4565,base
4,4566,base
4,4572,base
4,4575,base
4,4576,base
4,4578,base
4,4580,base
4,4581,base
4,4583,base
4,4584,base
4,4588,base
4,4590,base
4,4591,base
4,4592,base
4,4593,base
4,4594,base
4,4595,base
4,4597,base
4,4598,base
4,4599,base
4,4600,base
4,4601,base
4,4602,base
4,4605,base
4,4607,base
4,4608,base
4,4611,base
4,4616,base
4,4619,base
4,4622,base
4,4623,base
4,4625,base
4,4628,base
4,4631,base
4,4634,base
4,4637,base
4,4640,base
4,4642,base
4,4644,base
4,4645,base
4,4646,base
4,4647,base
4,4648,base
4,4650,base
4,4651,base
4,4654,base
4,4656,base
4,4661,base
4,4662,base
4,4663,base
4,4664,base
4,4666,base
4,4668,base
4,4669,base
4,4671,base
4,4673,base
4,4675,base
4,4684,base
4,4685,base
4,4686,base
4,4692,base
4,4693,base
4,4695,base
4,4696,base
4,4697,base
4,4698,base
4,4702,base
4,4704,base
4,4705,base
4,4706,base
4,4707,base
4,4708,base
4,4709,base
4,4710,base
4,4712,base
4,4713,base
4,4715,base
4,4716,base
4,4717,base
4,4719,base
4,4724,base
4,4726,base
4,4727,base
4,4730,base
4,4731,base
4,4733,base
4,4735,base
4,4738,base
4,4739,base
4,4742,base
4,4744,base
4,4746,base
4,4747,base
4,4748,base
4,4750,base
4,4752,base
4,4755,base
4,4756,base
4,4757,base
4,4762,base
4,4763,base
4,4765,base
4,4767,base
4,4772,base
4,4775,base
4,4779,base
4,4780,base
4,4781,base
4,4783,base
4,4784,base
4,4785,base
4,4786,base
4,4790,base
4,4793,base
4,4795,base
4,4796,base
4,4797,base
4,4799,base
4,4800,base
4,4802,base
4,4803,base
4,4806,base
4,4807,base
4,4813,base
4,4814,base
4,4815,base
4,4816,base
4,4825,base
4,4827,base
4,4833,base
4,4834,base
4,4835,base
4,4837,base
4,4838,base
4,4840,base
4,4841,base
4,4842,base
4,4843,base
4,4845,base
4,4848,base
4,4849,base
4,4850,base
4,4851,base
4,4852,base
4,4853,base
4,4854,base
4,4855,base
4,4856,base
4,4857,base
4,4860,base
4,4868,base
4,4869,base
4,4874,base
4,4876,base
4,4877,base
4,4879,base
4,4880,base
4,4881,base
4,4883,base
4,4884,base
4,4888,base
4,4891,base
4,4893,base
4,4895,base
4,4896,base
4,4898,base
4,4901,base
4,4904,base
4,4905,base
4,4910,base
4,4911,base
4,4913,base
4,4915,base
4,4917,base
4,4918,base
4,4919,base
4,4920,base
4,4921,base
4,4924,base
4,4925,base
4,4927,base
4,4929,base
4,4930,base
4,4933,base
4,4936,base
4,4937,base
4,4941,base
4,4943,base
4,4944,base
4,4948,base
4,4949,base
4,4950,base
4,4954,base
4,4955,base
4,4956,base
4,4957,base
4,4958,base
4,4961,base
4,4962,base
4,4965,base
4,4966,base
4,4968,base
4,4969,base
4,4972,base
4,4973,base
4,4975,base
4,4978,base
4,4980,base
4,4981,base
4,4982,base
4,4984,base
4,4986,base
4,4987,base
4,4990,base
4,4991,base
4,4993,base
4,4994,base
4,4998,base
4,5001,base
4,5003,base
4,5005,base
4,5008,base
4,5009,base
4,5010,base
4,5011,base
4,5012,base
4,5014,base
4,5019,base
4,5024,base
4,5025,base
4,5026,base
4,5029,base
4,5031,base
4,5033,base
4,5036,base
4,5037,base
4,5038,base
4,5039,base
4,5045,base
4,5046,base
4,5050,base
4,5057,base
4,5059,base
4,5060,base
4,5061,base
4,5063,base
4,5064,base
4,5065,base
4,5072,base
4,5073,base
4,5074,base
4,5075,base
4,5081,base
4,5084,base
4,5085,base
4,5087,base
4,5088,base
4,5090,base
4,5091,base
4,5092,base
4,5093,base
4,5094,base
4,5098,base
4,5100,base
4,5102,base
4,5104,base
4,5107,base
4,5110,base
4,5111,base
4,5112,base
4,5113,base
4,5117,base
4,5118,base
4,5119,base
4,5120,base
4,5122,base
4,5123,base
4,5126,base
4,5127,base
4,5130,base
4,5133,base
4,5134,base
4,5135,base
4,5136,base
4,5137,base
4,5138,base
4,5140,base
4,5141,base
4,5144,base
4,5146,base
4,5147,base
4,5150,base
4,5151,base
4,5157,base
4,5158,base
4,5159,base
4,5160,base
4,5161,base
4,5162,base
4,5164,base
4,5165,base
4,5166,base
4,5167,base
4,5169,base
4,5173,base
4,5174,base
4,5176,base
4,5177,base
4,5179,base
4,5181,base
4,5183,base
4,5184,base
4,5185,base
4,5188,base
4,5189,base
4,5192,base
4,5194,base
4,5197,base
4,5199,base
4,5200,base
4,5202,base
4,5203,base
4,5207,base
4,5208,base
4,5209,base
4,5210,base
4,5211,base
4,5212,base
4,5213,base
4,5214,base
4,5216,base
4,5218,base
4,5221,base
4,5223,base
4,5224,base
4,5227,base
4,5228,base
4,5232,base
4,5236,base
4,5238,base
4,5240,base
4,5241,base
4,5246,base
4,5248,base
4,5249,base
4,5255,base
4,5256,base
4,5257,base
4,5259,base
4,5260,base
4,5261,base
4,5263,base
4,5267,base
4,5270,base
4,5273,base
4,5275,base
4,5278,base
4,5282,base
4,5286,base
4,5289,base
4,5291,base
4,5292,base
4,5294,base
4,5295,base
4,5296,base
4,5298,base
4,5300,base
4,5302,base
4,5303,base
4,5304,base
4,5305,base
4,5307,base
4,5308,base
4,5309,base
4,5313,base
4,5314,base
4,5315,base
4,5316,base
4,5319,base
4,5322,base
4,5323,base
4,5328,base
4,5331,base
4,5333,base
4,5337,base
4,5338,base
4,5339,base
4,5343,base
4,5344,base
4,5345,base
4,5348,base
4,5349,base
4,5350,base
4,5351,base
4,5352,base
4,5353,base
4,5356,base
4,5357,base
4,5359,base
4,5362,base
4,5363,base
4,5365,base
4,5368,base
4,5373,base
4,5377,base
4,5378,base
4,5381,base
4,5382,base
4,5384,base
4,5386,base
4,5387,base
4,5388,base
4,5389,base
4,5392,base
4,5393,base
4,5394,base
4,5395,base
4,5396,base
4,5397,base
4,5399,base
4,5400,base
4,5401,base
4,5402,base
4,5406,base
4,5407,base
4,5409,base
4,5410,base
4,5412,base
4,5414,base
4,5419,base
4,5420,base
4,5423,base
4,5425,base
4,5426,base
4,5428,base
4,5431,base
4,5433,base
4,5434,base
4,5436,base
4,5438,base
4,5441,base
4,5443,base
4,5446,base
4,5447,base
4,5448,base
4,5449,base
4,5450,base
4,5452,base
4,5453,base
4,5455,base
4,5457,base
4,5461,base
4,5468,base
4,5471,base
4,5472,base
4,5473,base
4,5477,base
4,5478,base
4,5480,base
4,5482,base
4,5485,base
4,5486,base
4,5487,base
4,5492,base
4,5493,base
4,5494,base
4,5497,base
4,5499,base
4,5500,base
4,5503,base
4,5504,base
4,5507,base
4,5509,base
4,5510,base
4,5511,base
4,5512,base
4,5514,base
4,5516,base
4,5518,base
4,5521,base
4,5524,base
4,5529,base
4,5533,base
4,5534,base
4,5537,base
4,5538,base
4,5541,base
4,5542,base
4,5543,base
4,5544,base
4,5546,base
4,5547,base
4,5549,base
4,5550,base
4,5553,base
4,5555,base
4,5559,base
4,5560,base
4,5561,base
4,5562,base
4,5563,base
4,5565,base
4,5568,base
4,5569,base
4,5571,base
4,5572,base
4,5575,base
4,5577,base
4,5583,base
4,5584,base
4,5585,base
4,5586,base
4,5590,base
4,5595,base
4,5596,base
4,5599,base
4,5600,base
4,5603,base
4,5605,base
4,5609,base
4,5610,base
4,5612,base
4,5613,base
4,5615,base
4,5616,base
4,5617,base
4,5624,base
4,5625,base
4,5626,base
4,5627,base
4,5628,base
4,5629,base
4,5631,base
4,5634,base
4,5635,base
4,5636,base
4,5637,base
4,5638,base
4,5640,base
4,5641,base
4,5644,base
4,5645,base
4,5648,base
4,5650,base
4,5651,base
4,5655,base
4,5657,base
4,5660,base
4,5664,base
4,5668,base
4,5669,base
4,5672,base
4,5675,base
4,5677,base
4,5678,base
4,5680,base
4,5683,base
4,5685,base
4,5686,base
4,5689,base
4,5690,base
4,5692,base
4,5694,base
4,5696,base
4,5697,base
4,5701,base
4,5703,base
4,5705,base
4,5707,base
4,5711,base
4,5712,base
4,5714,base
4,5716,base
4,5717,base
4,5718,base
4,5719,base
4,5721,base
4,5724,base
4,5725,base
4,5726,base
4,5728,base
4,5730,base
4,5733,base
4,5735,base
4,5736,base
4,5737,base
4,5739,base
4,5741,base
4,5742,base
4,5743,base
4,5744,base
4,5745,base
4,5746,base
4,5747,base
4,5749,base
4,5750,base
4,5755,base
4,5756,base
4,5760,base
4,5763,base
4,5765,base
4,5767,base
4,5768,base
4,5769,base
4,5772,base
4,5774,base
4,5775,base
4,5776,base
4,5777,base
4,5778,base
4,5779,base
4,5780,base
4,5782,base
4,5788,base
4,5789,base
4,5790,base
4,5792,base
4,5793,base
4,5795,base
4,5797,base
4,5803,base
4,5804,base
4,5805,base
4,5806,base
4,5807,base
4,5809,base
4,5810,base
4,5811,base
4,5814,base
4,5815,base
4,5818,base
4,5819,base
4,5820,base
4,5822,base
4,5823,base
4,5824,base
4,5826,base
4,5827,base
4,5828,base
4,5829,base
4,5831,base
4,5832,base
4,5834,base
4,5835,base
4,5836,base
4,5840,base
4,5843,base
4,5844,base
4,5849,base
4,5850,base
4,5851,base
4,5853,base
4,5854,base
4,5855,base
4,5857,base
4,5859,base
4,5860,base
4,5863,base
4,5866,base
4,5867,base
4,5868,base
4,5869,base
4,5870,base
4,5872,base
4,5876,base
4,5879,base
4,5881,base
4,5882,base
4,5884,base
4,5891,base
4,5892,base
4,5894,base
4,5895,base
4,5896,base
4,5897,base
4,5898,base
4,5899,base
4,5901,base
4,5906,base
4,5907,base
4,5908,base
4,5914,base
4,5916,base
4,5920,base
4,5921,base
4,5922,base
4,5924,base
4,5926,base
4,5928,base
4,5929,base
4,5931,base
4,5932,base
4,5935,base
4,5940,base
4,5947,base
4,5948,base
4,5949,base
4,5950,base
4,5951,base
4,5955,base
4,5956,base
4,5957,base
4,5958,base
4,5962,base
4,5964,base
4,5965,base
4,5967,base
4,5968,base
4,5969,base
4,5971,base
4,5972,base
4,5973,base
4,5978,base
4,5979,base
4,5981,base
4,5982,base
4,5983,base
4,5986,base
4,5988,base
4,5989,base
4,5994,base
4,5995,base
4,5997,base
4,5999,base
4,6004,base
4,6005,base
4,6007,base
4,6009,base
4,6010,base
4,6012,base
4,6014,base
4,6016,base
4,6018,base
4,6021,base
4,6025,base
4,6026,base
4,6031,base
4,6033,base
4,6034,base
4,6035,base
4,6037,base
4,6045,base
4,6047,base
4,6051,base
4,6053,base
4,6054,base
4,6056,base
4,6058,base
4,6064,base
4,6070,base
4,6071,base
4,6073,base
4,6075,base
4,6076,base
4,6077,base
4,6078,base
4,6081,base
4,6082,base
4,6089,base
4,6091,base
4,6092,base
4,6094,base
4,6096,base
4,6101,base
4,6102,base
4,6103,base
4,6104,base
4,6105,base
4,6108,base
4,6110,base
4,6114,base
4,6115,base
4,6116,base
4,6118,base
4,6120,base
4,6123,base
4,6127,base
4,6133,base
4,6135,base
4,6136,base
4,6137,base
4,6139,base
4,6140,base
4,6143,base
4,6144,base
4,6146,base
4,6147,base
4,6149,base
4,6153,base
4,6154,base
4,6155,base
4,6158,base
4,6160,base
4,6161,base
4,6165,base
4,6166,base
4,6167,base
4,6169,base
4,6171,base
4,6173,base
4,6175,base
4,6176,base
4,6178,base
4,6179,base
4,6184,base
4,6186,base
4,6188,base
4,6189,base
4,6190,base
4,6194,base
4,6195,base
4,6196,base
4,6198,base
4,6200,base
4,6205,base
4,6206,base
4,6207,base
4,6208,base
4,6209,base
4,6212,base
4,6214,base
4,6216,base
4,6217,base
4,6219,base
4,6220,base
4,6221,base
4,6226,base
4,6227,base
4,6229,base
4,6230,base
4,6231,base
4,6232,base
4,6233,base
4,6237,base
4,6241,base
4,6242,base
4,6244,base
4,6247,base
4,6250,base
4,6252,base
4,6254,base
4,6257,base
4,6258,base
4,6259,base
4,6260,base
4,6261,base
4,6264,base
4,6265,base
4,6267,base
4,6269,base
4,6270,base
4,6272,base
4,6274,base
4,6275,base
4,6279,base
4,6281,base
4,6283,base
4,6285,base
4,6286,base
4,6287,base
4,6289,base
4,6290,base
4,6293,base
4,6294,base
4,6295,base
4,6297,base
4,6299,base
4,6300,base
4,6301,base
4,6304,base
4,6306,base
4,6308,base
4,6309,base
4,6310,base
4,6311,base
4,6315,base
4,6316,base
4,6317,base
4,6318,base
4,6319,base
4,6321,base
4,6323,base
4,6325,base
4,6327,base
4,6328,base
4,6329,base
4,6331,base
4,6333,base
4,6335,base
4,6336,base
4,6337,base
4,6338,base
4,6339,base
4,6343,base
4,6344,base
4,6345,base
4,6346,base
4,6349,base
4,6351,base
4,6352,base
4,6356,base
4,6357,base
4,6358,base
4,6361,base
4,6362,base
4,6364,base
4,6365,base
4,6367,base
4,6370,base
4,6377,base
4,6379,base
4,6380,base
4,6386,base
4,6387,base
4,6392,base
4,6393,base
4,6395,base
4,6396,base
4,6397,base
4,6398,base
4,6399,base
4,6401,base
4,6402,base
4,6403,base
4,6404,base
4,6409,base
4,6411,base
4,6412,base
4,6413,base
4,6414,base
4,6415,base
4,6420,base
4,6423,base
4,6424,base
4,6427,base
4,6430,base
4,6431,base
4,6432,base
4,6433,base
4,6439,base
4,6442,base
4,6443,base
4,6445,base
4,6446,base
4,6449,base
4,6450,base
4,6452,base
4,6453,base
4,6454,base
4,6455,base
4,6457,base
4,6462,base
4,6463,base
4,6464,base
4,6466,base
4,6467,base
4,6468,base
4,6469,base
4,6472,base
4,6473,base
4,6477,base
4,6478,base
4,6479,base
4,6480,base
4,6481,base
4,6483,base
4,6485,base
4,6486,base
4,6488,base
4,6490,base
4,6492,base
4,6494,base
4,6497,base
4,6502,base
4,6503,base
4,6505,base
4,6507,base
4,6508,base
4,6510,base
4,6511,base
4,6513,base
4,6516,base
4,6519,base
4,6522,base
4,6524,base
4,6526,base
4,6527,base
4,6528,base
4,6529,base
4,6530,base
4,6531,base
4,6533,base
4,6535,base
4,6542,base
4,6543,base
4,6544,base
4,6551,base
4,6554,base
4,6556,base
4,6558,base
4,6559,base
4,6560,base
4,6561,base
4,6562,base
4,6563,base
4,6566,base
4,6568,base
4,6569,base
4,6571,base
4,6572,base
4,6573,base
4,6574,base
4,6580,base
4,6581,base
4,6583,base
4,6584,base
4,6586,base
4,6587,base
4,6589,base
4,6590,base
4,6591,base
4,6593,base
4,6594,base
4,6598,base
4,6599,base
4,6602,base
4,6604,base
4,6605,base
4,6606,base
4,6608,base
4,6610,base
4,6612,base
4,6616,base
4,6617,base
4,6620,base
4,6621,base
4,6623,base
4,6625,base
4,6627,base
4,6630,base
4,6631,base
4,6634,base
4,6638,base
4,6639,base
4,6642,base
4,6643,base
4,6644,base
4,6645,base
4,6646,base
4,6652,base
4,6653,base
4,6654,base
4,6655,base
4,6657,base
4,6661,base
4,6664,base
4,6666,base
4,6668,base
4,6669,base
4,6670,base
4,6671,base
4,6672,base
4,6673,base
4,6674,base
4,6675,base
4,6676,base
4,6677,base
4,6683,base
4,6685,base
4,6690,base
4,6691,base
4,6692,base
4,6696,base
4,6700,base
4,6701,base
4,6703,base
4,6705,base
4,6708,base
4,6709,base
4,6713,base
4,6715,base
4,6716,base
4,6717,base
4,6720,base
4,6721,base
4,6723,base
4,6724,base
4,6727,base
4,6729,base
4,6732,base
4,6734,base
4,6737,base
4,6747,base
4,6748,base
4,6749,base
4,6750,base
4,6751,base
4,6753,base
4,6754,base
4,6755,base
4,6756,base
4,6759,base
4,6760,base
4,6763,base
4,6764,base
4,6766,base
4,6769,base
4,6770,base
4,6771,base
4,6773,base
4,6777,base
4,6779,base
4,6780,base
4,6781,base
4,6782,base
4,6787,base
4,6790,base
4,6798,base
4,6799,base
4,6800,base
4,6802,base
4,6803,base
4,6810,base
4,6811,base
4,6813,base
4,6815,base
4,6816,base
4,6818,base
4,6819,base
4,6821,base
4,6823,base
4,6824,base
4,6829,base
4,6833,base
4,6834,base
4,6836,base
4,6840,base
4,6842,base
4,6843,base
4,6844,base
4,6845,base
4,6849,base
4,6850,base
4,6853,base
4,6856,base
4,6857,base
4,6858,base
4,6863,base
4,6867,base
4,6868,base
4,6869,base
4,6875,base
4,6882,base
4,6884,base
4,6885,base
4,6886,base
4,6887,base
4,6888,base
4,6890,base
4,6895,base
4,6900,base
4,6903,base
4,6904,base
4,6907,base
4,6908,base
4,6909,base
4,6915,base
4,6916,base
4,6917,base
4,6918,base
4,6919,base
4,6920,base
4,6923,base
4,6925,base
4,6927,base
4,6930,base
4,6932,base
4,6933,base
4,6936,base
4,6938,base
4,6939,base
4,6940,base
4,6941,base
4,6944,base
4,6945,base
4,6946,base
4,6949,base
4,6950,base
4,6953,base
4,6958,base
4,6959,base
4,6960,base
4,6963,base
4,6964,base
4,6965,base
4,6966,base
4,6968,base
4,6971,base
4,6973,base
4,6975,base
4,6976,base
4,6978,base
4,6980,base
4,6982,base
4,6983,base
4,6984,base
4,6986,base
4,6987,base
4,6988,base
4,6989,base
4,6992,base
4,6993,base
4,6994,base
4,6998,base
4,6999,base
4,7000,base
4,7001,base
4,7007,base
4,7008,base
4,7010,base
4,7011,base
4,7014,base
4,7017,base
4,7019,base
4,7023,base
4,7025,base
4,7026,base
4,7029,base
4,7030,base
4,7034,base
4,7035,base
4,7042,base
4,7043,base
4,7044,base
4,7046,base
4,7047,base
4,7048,base
4,7052,base
4,7053,base
4,7055,base
4,7057,base
4,7058,base
4,7063,base
4,7064,base
4,7066,base
4,7069,base
4,7070,base
4,7072,base
4,7074,base
4,7075,base
4,7079,base
4,7081,base
4,7082,base
4,7083,base
4,7087,base
4,7088,base
4,7089,base
4,7096,base
4,7097,base
4,7099,base
4,7102,base
4,7104,base
4,7105,base
4,7106,base
4,7110,base
4,7111,base
4,7113,base
4,7115,base
4,7116,base
4,7118,base
4,7119,base
4,7120,base
4,7121,base
4,7123,base
4,7124,base
4,7126,base
4,7127,base
4,7128,base
4,7130,base
4,7131,base
4,7132,base
4,7134,base
4,7137,base
4,7139,base
4,7140,base
4,7144,base
4,7145,base
4,7146,base
4,7147,base
4,7148,base
4,7152,base
4,7153,base
4,7154,base
4,7155,base
4,7161,base
4,7164,base
4,7165,base
4,7167,base
4,7169,base
4,7171,base
4,7174,base
4,7175,base
4,7177,base
4,7180,base
4,7181,base
4,7183,base
4,7184,base
4,7185,base
4,7186,base
4,7189,base
4,7192,base
4,7194,base
4,7198,base
4,7199,base
4,7200,base
4,7202,base
4,7203,base
4,7204,base
4,7208,base
4,7209,base
4,7213,base
4,7217,base
4,7218,base
4,7221,base
4,7223,base
4,7224,base
4,7226,base
4,7231,base
4,7233,base
4,7237,base
4,7241,base
4,7243,base
4,7245,base
4,7246,base
4,7247,base
4,7248,base
4,7253,base
4,7254,base
4,7256,base
4,7257,base
4,7259,base
4,7260,base
4,7261,base
4,7264,base
4,7265,base
4,7266,base
4,7267,base
4,7271,base
4,7272,base
4,7273,base
4,7275,base
4,7276,base
4,7277,base
4,7278,base
4,7279,base
4,7280,base
4,7286,base
4,7287,base
4,7288,base
4,7291,base
4,7292,base
4,7300,base
4,7303,base
4,7304,base
4,7305,base
4,7306,base
4,7308,base
4,7309,base
4,7310,base
4,7311,base
4,7313,base
4,7315,base
4,7316,base
4,7318,base
4,7319,base
4,7324,base
4,7325,base
4,7326,base
4,7327,base
4,7329,base
4,7331,base
4,7333,base
4,7334,base
4,7335,base
4,7339,base
4,7340,base
4,7341,base
4,7343,base
4,7344,base
4,7345,base
4,7352,base
4,7353,base
4,7354,base
4,7355,base
4,7356,base
4,7357,base
4,7359,base
4,7360,base
4,7361,base
4,7363,base
4,7364,base
4,7367,base
4,7370,base
4,7372,base
4,7373,base
4,7375,base
4,7376,base
4,7377,base
4,7379,base
4,7380,base
4,7381,base
4,7384,base
4,7386,base
4,7388,base
4,7390,base
4,7393,base
4,7395,base
4,7397,base
4,7398,base
4,7400,base
4,7403,base
4,7404,base
4,7406,base
4,7407,base
4,7408,base
4,7409,base
4,7410,base
4,7411,base
4,7412,base
4,7414,base
4,7416,base
4,7417,base
4,7418,base
4,7420,base
4,7425,base
4,7429,base
4,7430,base
4,7432,base
4,7433,base
4,7434,base
4,7436,base
4,7437,base
4,7440,base
4,7442,base
4,7446,base
4,7449,base
4,7451,base
4,7452,base
4,7454,base
4,7455,base
4,7458,base
4,7460,base
4,7463,base
4,7464,base
4,7465,base
4,7467,base
4,7468,base
4,7472,base
4,7473,base
4,7476,base
4,7480,base
4,7487,base
4,7490,base
4,7491,base
4,7492,base
4,7493,base
4,7495,base
4,7498,base
4,7499,base
4,7500,base
4,7502,base
4,7503,base
4,7504,base
4,7505,base
4,7506,base
4,7512,base
4,7513,base
4,7518,base
4,7522,base
4,7523,base
4,7525,base
4,7526,base
4,7527,base
4,7530,base
4,7531,base
4,7532,base
4,7534,base
4,7535,base
4,7538,base
4,7540,base
4,7542,base
4,7543,base
4,7544,base
4,7548,base
4,7551,base
4,7552,base
4,7554,base
4,7556,base
4,7561,base
4,7563,base
4,7565,base
4,7566,base
4,7568,base
4,7570,base
4,7578,base
4,7579,base
4,7583,base
4,7585,base
4,7586,base
4,7587,base
4,7590,base
4,7593,base
4,7594,base
4,7595,base
4,7596,base
4,7598,base
4,7600,base
4,7601,base
4,7602,base
4,7603,base
4,7606,base
4,7608,base
4,7609,base
4,7610,base
4,7611,base
4,7613,base
4,7614,base
4,7615,base
4,7616,base
4,7617,base
4,7618,base
4,7619,base
4,7621,base
4,7622,base
4,7623,base
4,7627,base
4,7630,base
4,7631,base
4,7639,base
4,7640,base
4,7641,base
4,7643,base
4,7644,base
4,7647,base
4,7650,base
4,7651,base
4,7653,base
4,7654,base
4,7659,base
4,7660,base
4,7661,base
4,7664,base
4,7670,base
4,7671,base
4,7672,base
4,7675,base
4,7676,base
4,7679,base
4,7681,base
4,7682,base
4,7684,base
4,7685,base
4,7686,base
4,7687,base
4,7688,base
4,7691,base
4,7692,base
4,7693,base
4,7696,base
4,7697,base
4,7700,base
4,7701,base
4,7702,base
4,7703,base
4,7705,base
4,7706,base
4,7707,base
4,7708,base
4,7713,base
4,7714,base
4,7715,base
4,7716,base
4,7718,base
4,7720,base
4,7722,base
4,7724,base
4,7725,base
4,7726,base
4,7728,base
4,7730,base
4,7731,base
4,7732,base
4,7735,base
4,7736,base
4,7737,base
4,7739,base
4,7740,base
4,7745,base
4,7750,base
4,7751,base
4,7752,base
4,7754,base
4,7755,base
4,7757,base
4,7759,base
4,7760,base
4,7761,base
4,7763,base
4,7767,base
4,7768,base
4,7769,base
4,7770,base
4,7771,base
4,7772,base
4,7773,base
4,7779,base
4,7780,base
4,7783,base
4,7789,base
4,7790,base
4,7792,base
4,7794,base
4,7796,base
4,7798,base
4,7799,base
4,7806,base
4,7810,base
4,7811,base
4,7818,base
4,7820,base
4,7823,base
4,7824,base
4,7828,base
4,7829,base
4,7830,base
4,7836,base
4,7837,base
4,7839,base
4,7841,base
4,7844,base
4,7845,base
4,7846,base
4,7848,base
4,7849,base
4,7851,base
4,7854,base
4,7855,base
4,7859,base
4,7860,base
4,7861,base
4,7868,base
4,7869,base
4,7872,base
4,7873,base
4,7874,base
4,7876,base
4,7881,base
4,7883,base
4,7884,base
4,7885,base
4,7887,base
4,7889,base
4,7890,base
4,7895,base
4,7896,base
4,7897,base
4,7899,base
4,7901,base
4,7903,base
4,7905,base
4,7906,base
4,7908,base
4,7909,base
4,7910,base
4,7912,base
4,7915,base
4,7918,base
4,7920,base
4,7921,base
4,7923,base
4,7924,base
4,7925,base
4,7928,base
4,7929,base
4,7932,base
4,7934,base
4,7936,base
4,7941,base
4,7943,base
4,7944,base
4,7945,base
4,7946,base
4,7947,base
4,7948,base
4,7950,base
4,7951,base
4,7954,base
4,7956,base
4,7959,base
4,7964,base
4,7965,base
4,7967,base
4,7972,base
4,7973,base
4,7975,base
4,7977,base
4,7979,base
4,7982,base
4,7985,base
4,7987,base
4,7990,base
4,7992,base
4,7994,base
4,7995,base
4,7997,base
4,8001,base
4,8002,base
4,8003,base
4,8004,base
4,8006,base
4,8010,base
4,8013,base
4,8014,base
4,8015,base
4,8019,base
4,8020,base
4,8021,base
4,8024,base
4,8025,base
4,8026,base
4,8027,base
4,8028,base
4,8030,base
4,8031,base
4,8036,base
4,8038,base
4,8039,base
4,8044,base
4,8047,base
4,8052,base
4,8053,base
4,8054,base
4,8057,base
4,8061,base
4,8065,base
4,8067,base
4,8069,base
4,8070,base
4,8073,base
4,8079,base
4,8080,base
4,8083,base
4,8086,base
4,8087,base
4,8088,base
4,8089,base
4,8091,base
4,8092,base
4,8096,base
4,8100,base
4,8101,base
4,8104,base
4,8105,base
4,8106,base
4,8108,base
4,8109,base
4,8110,base
4,8113,base
4,8114,base
4,8118,base
4,8119,base
4,8120,base
4,8123,base
4,8124,base
4,8125,base
4,8127,base
4,8130,base
4,8131,base
4,8132,base
4,8134,base
4,8135,base
4,8137,base
4,8138,base
4,8139,base
4,8140,base
4,8142,base
4,8144,base
4,8148,base
4,8151,base
4,8152,base
4,8154,base
4,8155,base
4,8157,base
4,8158,base
4,8163,base
4,8164,base
4,8166,base
4,8167,base
4,8168,base
4,8169,base
4,8171,base
4,8172,base
4,8174,base
4,8175,base
4,8176,base
4,8177,base
4,8178,base
4,8180,base
4,8182,base
4,8184,base
4,8185,base
4,8188,base
4,8190,base
4,8195,base
4,8199,base
4,8201,base
4,8203,base
4,8205,base
4,8206,base
4,8207,base
4,8209,base
4,8210,base
4,8211,base
4,8214,base
4,8216,base
4,8217,base
4,8223,base
4,8224,base
4,8227,base
4,8229,base
4,8231,base
4,8235,base
4,8236,base
4,8239,base
4,8240,base
4,8241,base
4,8243,base
4,8244,base
4,8245,base
4,8247,base
4,8252,base
4,8253,base
4,8255,base
4,8257,base
4,8258,base
4,8259,base
4,8260,base
4,8261,base
4,8264,base
4,8266,base
4,8271,base
4,8273,base
4,8274,base
4,8275,base
4,8276,base
4,8278,base
4,8280,base
4,8283,base
4,8286,base
4,8287,base
4,8291,base
4,8292,base
4,8293,base
4,8295,base
4,8297,base
4,8298,base
4,8301,base
4,8302,base
4,8303,base
4,8305,base
4,8306,base
4,8307,base
4,8308,base
4,8316,base
4,8317,base
4,8319,base
4,8320,base
4,8321,base
4,8323,base
4,8325,base
4,8334,base
4,8338,base
4,8341,base
4,8343,base
4,8347,base
4,8352,base
4,8356,base
4,8357,base
4,8358,base
4,8359,base
4,8362,base
4,8363,base
4,8365,base
4,8366,base
4,8368,base
4,8369,base
4,8370,base
4,8372,base
4,8378,base
4,8379,base
4,8383,base
4,8386,base
4,8390,base
4,8391,base
4,8392,base
4,8393,base
4,8397,base
4,8399,base
4,8400,base
4,8402,base
4,8404,base
4,8405,base
4,8407,base
4,8408,base
4,8409,base
4,8410,base
4,8411,base
4,8413,base
4,8414,base
4,8415,base
4,8418,base
4,8419,base
4,8425,base
4,8428,base
4,8430,base
4,8431,base
4,8432,base
4,8434,base
4,8435,base
4,8437,base
4,8439,base
4,8440,base
4,8442,base
4,8443,base
4,8448,base
4,8450,base
4,8453,base
4,8456,base
4,8458,base
4,8460,base
4,8461,base
4,8462,base
4,8465,base
4,8468,base
4,8469,base
4,8472,base
4,8473,base
4,8474,base
4,8476,base
4,8477,base
4,8480,base
4,8482,base
4,8483,base
4,8485,base
4,8489,base
4,8490,base
4,8492,base
4,8493,base
4,8494,base
4,8495,base
4,8497,base
4,8498,base
4,8499,base
4,8501,base
4,8503,base
4,8504,base
4,8506,base
4,8507,base
4,8508,base
4,8509,base
4,8510,base
4,8511,base
4,8513,base
4,8514,base
4,8518,base
4,8521,base
4,8524,base
4,8525,base
4,8526,base
4,8531,base
4,8533,base
4,8534,base
4,8535,base
4,8537,base
4,8539,base
4,8542,base
4,8544,base
4,8545,base
4,8547,base
4,8549,base
4,8551,base
4,8553,base
4,8554,base
4,8560,base
4,8566,base
4,8567,base
4,8569,base
4,8570,base
4,8571,base
4,8572,base
4,8574,base
4,8575,base
4,8576,base
4,8578,base
4,8580,base
4,8582,base
4,8586,base
4,8587,base
4,8593,base
4,8595,base
4,8600,base
4,8601,base
4,8603,base
4,8604,base
4,8605,base
4,8606,base
4,8607,base
4,8608,base
4,8609,base
4,8611,base
4,8612,base
4,8614,base
4,8617,base
4,8619,base
4,8622,base
4,8623,base
4,8624,base
4,8628,base
4,8629,base
4,8630,base
4,8631,base
4,8634,base
4,8639,base
4,8641,base
4,8642,base
4,8643,base
4,8644,base
4,8646,base
4,8647,base
4,8648,base
4,8651,base
4,8653,base
4,8654,base
4,8655,base
4,8657,base
4,8658,base
4,8661,base
4,8665,base
4,8669,base
4,8670,base
4,8672,base
4,8674,base
4,8679,base
4,8680,base
4,8686,base
4,8692,base
4,8693,base
4,8694,base
4,8695,base
4,8697,base
4,8699,base
4,8700,base
4,8701,base
4,8702,base
4,8704,base
4,8706,base
4,8709,base
4,8711,base
4,8714,base
4,8715,base
4,8718,base
4,8719,base
4,8723,base
4,8724,base
4,8726,base
4,8727,base
4,8728,base
4,8729,base
4,8731,base
4,8735,base
4,8736,base
4,8738,base
4,8739,base
4,8740,base
4,8741,base
4,8744,base
4,8745,base
4,8746,base
4,8749,base
4,8752,base
4,8753,base
4,8755,base
4,8757,base
4,8758,base
4,8760,base
4,8761,base
4,8762,base
4,8763,base
4,8767,base
4,8768,base
4,8769,base
4,8772,base
4,8773,base
4,8774,base
4,8776,base
4,8777,base
4,8778,base
4,8783,base
4,8784,base
4,8786,base
4,8789,base
4,8792,base
4,8793,base
4,8794,base
4,8800,base
4,8801,base
4,8804,base
4,8805,base
4,8806,base
4,8808,base
4,8811,base
4,8814,base
4,8815,base
4,8818,base
4,8820,base
4,8823,base
4,8826,base
4,8834,base
4,8836,base
4,8837,base
4,8838,base
4,8839,base
4,8840,base
4,8841,base
4,8845,base
4,8848,base
4,8851,base
4,8852,base
4,8853,base
4,8854,base
4,8855,base
4,8858,base
4,8862,base
4,8865,base
4,8866,base
4,8869,base
4,8870,base
4,8872,base
4,8873,base
4,8876,base
4,8877,base
4,8881,base
4,8882,base
4,8885,base
4,8886,base
4,8887,base
4,8888,base
4,8891,base
4,8892,base
4,8893,base
4,8898,base
4,8899,base
4,8900,base
4,8901,base
4,8902,base
4,8903,base
4,8904,base
4,8906,base
4,8908,base
4,8911,base
4,8912,base
4,8916,base
4,8917,base
4,8918,base
4,8920,base
4,8921,base
4,8923,base
4,8924,base
4,8925,base
4,8928,base
4,8929,base
4,8931,base
4,8933,base
4,8934,base
4,8937,base
4,8939,base
4,8940,base
4,8941,base
4,8944,base
4,8948,base
4,8949,base
4,8950,base
4,8952,base
4,8954,base
4,8957,base
4,8958,base
4,8964,base
4,8965,base
4,8967,base
4,8970,base
4,8974,base
4,8979,base
4,8983,base
4,8984,base
4,8986,base
4,8989,base
4,8990,base
4,8991,base
4,8992,base
4,8993,base
4,8996,base
4,8998,base
4,8999,base
4,9001,base
4,9002,base
4,9003,base
4,9009,base
4,9013,base
4,9017,base
4,9018,base
4,9019,base
4,9025,base
4,9026,base
4,9027,base
4,9028,base
4,9031,base
4,9032,base
4,9034,base
4,9036,base
4,9037,base
4,9038,base
4,9045,base
4,9046,base
4,9047,base
4,9048,base
4,9051,base
4,9052,base
4,9055,base
4,9056,base
4,9057,base
4,9062,base
4,9064,base
4,9066,base
4,9069,base
4,9070,base
4,9071,base
4,9072,base
4,9077,base
4,9078,base
4,9079,base
4,9081,base
4,9084,base
4,9088,base
4,9090,base
4,9091,base
4,9092,base
4,9093,base
4,9094,base
4,9095,base
4,9096,base
4,9098,base
4,9103,base
4,9109,base
4,9111,base
4,9112,base
4,9113,base
4,9116,base
4,9118,base
4,9124,base
4,9125,base
4,9126,base
4,9130,base
4,9131,base
4,9133,base
4,9134,base
4,9135,base
4,9136,base
4,9137,base
4,9139,base
4,9141,base
4,9142,base
4,9144,base
4,9146,base
4,9147,base
4,9148,base
4,9153,base
4,9155,base
4,9156,base
4,9158,base
4,9159,base
4,9160,base
4,9161,base
4,9162,base
4,9163,base
4,9166,base
4,9167,base
4,9170,base
4,9171,base
4,9172,base
4,9173,base
4,9174,base
4,9175,base
4,9177,base
4,9180,base
4,9183,base
4,9187,base
4,9188,base
4,9190,base
4,9191,base
4,9192,base
4,9193,base
4,9196,base
4,9197,base
4,9204,base
4,9205,base
4,9206,base
4,9210,base
4,9211,base
4,9212,base
4,9214,base
4,9215,base
4,9216,base
4,9217,base
4,9220,base
4,9221,base
4,9224,base
4,9226,base
4,9229,base
4,9231,base
4,9235,base
4,9238,base
4,9240,base
4,9241,base
4,9242,base
4,9243,base
4,9245,base
4,9248,base
4,9250,base
4,9252,base
4,9253,base
4,9257,base
4,9258,base
4,9259,base
4,9263,base
4,9264,base
4,9265,base
4,9268,base
4,9269,base
4,9270,base
4,9273,base
4,9274,base
4,9276,base
4,9277,base
4,9279,base
4,9280,base
4,9286,base
4,9287,base
4,9288,base
4,9289,base
4,9291,base
4,9294,base
4,9296,base
4,9299,base
4,9300,base
4,9301,base
4,9302,base
4,9304,base
4,9308,base
4,9310,base
4,9311,base
4,9312,base
4,9313,base
4,9314,base
4,9319,base
4,9320,base
4,9321,base
4,9322,base
4,9323,base
4,9325,base
4,9326,base
4,9328,base
4,9332,base
4,9335,base
4,9338,base
4,9339,base
4,9341,base
4,9343,base
4,9344,base
4,9345,base
4,9346,base
4,9347,base
4,9348,base
4,9349,base
4,9350,base
4,9352,base
4,9353,base
4,9354,base
4,9355,base
4,9359,base
4,9362,base
4,9364,base
4,9365,base
4,9367,base
4,9368,base
4,9369,base
4,9372,base
4,9376,base
4,9380,base
4,9383,base
4,9385,base
4,9392,base
4,9393,base
4,9396,base
4,9400,base
4,9403,base
4,9404,base
4,9406,base
4,9408,base
4,9410,base
4,9411,base
4,9414,base
4,9415,base
4,9417,base
4,9418,base
4,9419,base
4,9423,base
4,9425,base
4,9426,base
4,9427,base
4,9428,base
4,9430,base
4,9432,base
4,9433,base
4,9435,base
4,9437,base
4,9438,base
4,9441,base
4,9444,base
4,9445,base
4,9447,base
4,9448,base
4,9449,base
4,9451,base
4,9452,base
4,9455,base
4,9458,base
4,9459,base
4,9460,base
4,9462,base
4,9464,base
4,9468,base
4,9470,base
4,9471,base
4,9475,base
4,9480,base
4,9483,base
4,9486,base
4,9487,base
4,9488,base
4,9489,base
4,9490,base
4,9491,base
4,9492,base
4,9493,base
4,9494,base
4,9496,base
4,9498,base
4,9499,base
4,9500,base
4,9501,base
4,9503,base
4,9505,base
4,9507,base
4,9509,base
4,9515,base
4,9516,base
4,9518,base
4,9521,base
4,9522,base
4,9527,base
4,9528,base
4,9531,base
4,9534,base
4,9536,base
4,9538,base
4,9541,base
4,9543,base
4,9544,base
4,9545,base
4,9546,base
4,9547,base
4,9552,base
4,9553,base
4,9560,base
4,9562,base
4,9564,base
4,9566,base
4,9567,base
4,9568,base
4,9570,base
4,9571,base
4,9573,base
4,9578,base
4,9580,base
4,9582,base
4,9583,base
4,9588,base
4,9589,base
4,9590,base
4,9594,base
4,9595,base
4,9596,base
4,9600,base
4,9601,base
4,9603,base
4,9605,base
4,9609,base
4,9612,base
4,9613,base
4,9615,base
4,9616,base
4,9618,base
4,9619,base
4,9620,base
4,9621,base
4,9622,base
4,9626,base
4,9627,base
4,9633,base
4,9634,base
4,9635,base
4,9636,base
4,9637,base
4,9638,base
4,9642,base
4,9644,base
4,9645,base
4,9648,base
4,9650,base
4,9652,base
4,9655,base
4,9656,base
4,9661,base
4,9662,base
4,9663,base
4,9664,base
4,9665,base
4,9667,base
4,9669,base
4,9670,base
4,9671,base
4,9672,base
4,9673,base
4,9675,base
4,9676,base
4,9677,base
4,9679,base
4,9680,base
4,9681,base
4,9682,base
4,9683,base
4,9684,base
4,9685,base
4,9687,base
4,9690,base
4,9692,base
4,9694,base
4,9695,base
4,9696,base
4,9698,base
4,9702,base
4,9703,base
4,9704,base
4,9706,base
4,9708,base
4,9710,base
4,9712,base
4,9714,base
4,9716,base
4,9720,base
4,9722,base
4,9725,base
4,9727,base
4,9728,base
4,9729,base
4,9734,base
4,9735,base
4,9737,base
4,9738,base
4,9739,base
4,9745,base
4,9749,base
4,9753,base
4,9756,base
4,9757,base
4,9758,base
4,9759,base
4,9764,base
4,9767,base
4,9769,base
4,9770,base
4,9771,base
4,9772,base
4,9773,base
4,9774,base
4,9776,base
4,9777,base
4,9781,base
4,9782,base
4,9786,base
4,9792,base
4,9795,base
4,9796,base
4,9797,base
4,9798,base
4,9799,base
4,9801,base
4,9804,base
4,9809,base
4,9810,base
4,9812,base
4,9813,base
4,9814,base
4,9816,base
4,9817,base
4,9818,base
4,9819,base
4,9820,base
4,9822,base
4,9823,base
4,9825,base
4,9827,base
4,9832,base
4,9834,base
4,9837,base
4,9844,base
4,9846,base
4,9848,base
4,9850,base
4,9851,base
4,9853,base
4,9856,base
4,9857,base
4,9859,base
4,9863,base
4,9864,base
4,9866,base
4,9867,base
4,9868,base
4,9870,base
4,9871,base
4,9874,base
4,9875,base
4,9876,base
4,9879,base
4,9883,base
4,9886,base
4,9887,base
4,9888,base
4,9891,base
4,9892,base
4,9893,base
4,9897,base
4,9898,base
4,9900,base
4,9902,base
4,9903,base
4,9904,base
4,9905,base
4,9907,base
4,9908,base
4,9910,base
4,9911,base
4,9912,base
4,9913,base
4,9915,base
4,9916,base
4,9924,base
4,9929,base
4,9930,base
4,9932,base
4,9933,base
4,9934,base
4,9936,base
4,9937,base
4,9938,base
4,9940,base
4,9943,base
4,9944,base
4,9948,base
4,9949,base
4,9950,base
4,9954,base
4,9957,base
4,9958,base
4,9959,base
4,9962,base
4,9966,base
4,9968,base
4,9969,base
4,9971,base
4,9972,base
4,9974,base
4,9978,base
4,9979,base
4,9981,base
4,9984,base
4,9985,base
4,9986,base
4,9987,base
4,9988,base
4,9989,base
4,4,transfer
4,5,transfer
4,7,transfer
4,23,transfer
4,27,transfer
4,31,transfer
4,32,transfer
4,35,transfer
4,36,transfer
4,38,transfer
4,40,transfer
4,52,transfer
4,53,transfer
4,54,transfer
4,58,transfer
4,67,transfer
4,74,transfer
4,81,transfer
4,98,transfer
4,102,transfer
4,115,transfer
4,122,transfer
4,131,transfer
4,136,transfer
4,140,transfer
4,144,transfer
4,149,transfer
4,150,transfer
4,151,transfer
4,156,transfer
4,158,transfer
4,163,transfer
4,164,transfer
4,176,transfer
4,189,transfer
4,190,transfer
4,192,transfer
4,196,transfer
4,198,transfer
4,199,transfer
4,203,transfer
4,204,transfer
4,208,transfer
4,215,transfer
4,224,transfer
4,226,transfer
4,231,transfer
4,232,transfer
4,250,transfer
4,252,transfer
4,261,transfer
4,270,transfer
4,278,transfer
4,279,transfer
4,288,transfer
4,290,transfer
4,296,transfer
4,305,transfer
4,306,transfer
4,310,transfer
4,317,transfer
4,321,transfer
4,323,transfer
4,325,transfer
4,331,transfer
4,339,transfer
4,342,transfer
4,343,transfer
4,347,transfer
4,349,transfer
4,352,transfer
4,355,transfer
4,359,transfer
4,371,transfer
4,375,transfer
4,377,transfer
4,381,transfer
4,383,transfer
4,385,transfer
4,397,transfer
4,399,transfer
4,412,transfer
4,416,transfer
4,418,transfer
4,421,transfer
4,426,transfer
4,430,transfer
4,436,transfer
4,440,transfer
4,441,transfer
4,443,transfer
4,455,transfer
4,473,transfer
4,476,transfer
4,481,transfer
4,483,transfer
4,492,transfer
4,494,transfer
4,496,transfer
4,507,transfer
4,513,transfer
4,514,transfer
4,521,transfer
4,523,transfer
4,530,transfer
4,535,transfer
4,537,transfer
4,539,transfer
4,552,transfer
4,555,transfer
4,557,transfer
4,563,transfer
4,564,transfer
4,569,transfer
4,572,transfer
4,573,transfer
4,576,transfer
4,580,transfer
4,584,transfer
4,586,transfer
4,606,transfer
4,610,transfer
4,613,transfer
4,615,transfer
4,619,transfer
4,621,transfer
4,625,transfer
4,635,transfer
4,640,transfer
4,641,transfer
4,649,transfer
4,660,transfer
4,662,transfer
4,666,transfer
4,670,transfer
4,672,transfer
4,673,transfer
4,676,transfer
4,683,transfer
4,687,transfer
4,688,transfer
4,705,transfer
4,707,transfer
4,712,transfer
4,716,transfer
4,717,transfer
4,724,transfer
4,727,transfer
4,735,transfer
4,740,transfer
4,747,transfer
4,754,transfer
4,760,transfer
4,764,transfer
4,765,transfer
4,766,transfer
4,769,transfer
4,770,transfer
4,771,transfer
4,773,transfer
4,794,transfer
4,805,transfer
4,812,transfer
4,813,transfer
4,817,transfer
4,820,transfer
4,823,transfer
4,828,transfer
4,830,transfer
4,832,transfer
4,833,transfer
4,834,transfer
4,837,transfer
4,850,transfer
4,857,transfer
4,875,transfer
4,886,transfer
4,888,transfer
4,891,transfer
4,892,transfer
4,896,transfer
4,902,transfer
4,911,transfer
4,915,transfer
4,920,transfer
4,928,transfer
4,937,transfer
4,939,transfer
4,940,transfer
4,944,transfer
4,945,transfer
4,947,transfer
4,962,transfer
4,965,transfer
4,971,transfer
4,996,transfer
4,1000,transfer
4,1003,transfer
4,1010,transfer
4,1011,transfer
4,1012,transfer
4,1016,transfer
4,1020,transfer
4,1033,transfer
4,1036,transfer
4,1041,transfer
4,1049,transfer
4,1053,transfer
4,1054,transfer
4,1056,transfer
4,1063,transfer
4,1064,transfer
4,1068,transfer
4,1070,transfer
4,1077,transfer
4,1078,transfer
4,1083,transfer
4,1085,transfer
4,1089,transfer
4,1095,transfer
4,1096,transfer
4,1104,transfer
4,1106,transfer
4,1113,transfer
4,1121,transfer
4,1124,transfer
4,1126,transfer
4,1133,transfer
4,1134,transfer
4,1137,transfer
4,1139,transfer
4,1145,transfer
4,1147,transfer
4,1151,transfer
4,1152,transfer
4,1158,transfer
4,1164,transfer
4,1165,transfer
4,1166,transfer
4,1169,transfer
4,1187,transfer
4,1196,transfer
4,1197,transfer
4,1214,transfer
4,1215,transfer
4,1219,transfer
4,1228,transfer
4,1230,transfer
4,1236,transfer
4,1243,transfer
4,1252,transfer
4,1254,transfer
4,1257,transfer
4,1261,transfer
4,1266,transfer
4,1271,transfer
4,1275,transfer
4,1276,transfer
4,1286,transfer
4,1301,transfer
4,1302,transfer
4,1305,transfer
4,1306,transfer
4,1309,transfer
4,1310,transfer
4,1314,transfer
4,1316,transfer
4,1318,transfer
4,1323,transfer
4,1333,transfer
4,1336,transfer
4,1340,transfer
4,1341,transfer
4,1346,transfer
4,1359,transfer
4,1367,transfer
4,1368,transfer
4,1384,transfer
4,1390,transfer
4,1397,transfer
4,1398,transfer
4,1401,transfer
4,1404,transfer
4,1409,transfer
4,1412,transfer
4,1413,transfer
4,1420,transfer
4,1424,transfer
4,1430,transfer
4,1433,transfer
4,1437,transfer
4,1444,transfer
4,1447,transfer
4,1448,transfer
4,1453,transfer
4,1454,transfer
4,1464,transfer
4,1468,transfer
4,1472,transfer
4,1483,transfer
4,1485,transfer
4,1495,transfer
4,1501,transfer
4,1508,transfer
4,1514,transfer
4,1524,transfer
4,1533,transfer
4,1534,transfer
4,1539,transfer
4,1545,transfer
4,1553,transfer
4,1559,transfer
4,1563,transfer
4,1565,transfer
4,1586,transfer
4,1588,transfer
4,1589,transfer
4,1590,transfer
4,1593,transfer
4,1598,transfer
4,1609,transfer
4,1611,transfer
4,1617,transfer
4,1621,transfer
4,1636,transfer
4,1642,transfer
4,1643,transfer
4,1644,transfer
4,1650,transfer
4,1652,transfer
4,1653,transfer
4,1654,transfer
4,1661,transfer
4,1663,transfer
4,1668,transfer
4,1670,transfer
4,1673,transfer
4,1685,transfer
4,1689,transfer
4,1690,transfer
4,1694,transfer
4,1702,transfer
4,1705,transfer
4,1708,transfer
4,1710,transfer
4,1714,transfer
4,1720,transfer
4,1726,transfer
4,1733,transfer
4,1750,transfer
4,1752,transfer
4,1753,transfer
4,1758,transfer
4,1765,transfer
4,1768,transfer
4,1769,transfer
4,1787,transfer
4,1791,transfer
4,1793,transfer
4,1800,transfer
4,1810,transfer
4,1812,transfer
4,1814,transfer
4,1816,transfer
4,1821,transfer
4,1829,transfer
4,1832,transfer
4,1833,transfer
4,1837,transfer
4,1839,transfer
4,1850,transfer
4,1854,transfer
4,1864,transfer
4,1873,transfer
4,1874,transfer
4,1878,transfer
4,1893,transfer
4,1895,transfer
4,1898,transfer
4,1905,transfer
4,1911,transfer
4,1912,transfer
4,1918,transfer
4,1920,transfer
4,1937,transfer
4,1945,transfer
4,1947,transfer
4,1948,transfer
4,1949,transfer
4,1951,transfer
4,1955,transfer
4,1956,transfer
4,1960,transfer
4,1967,transfer
4,1968,transfer
4,1973,transfer
4,1987,transfer
4,1993,transfer
4,1994,transfer
4,1995,transfer
4,1997,transfer
4,2003,transfer
4,2005,transfer
4,2006,transfer
4,2009,transfer
4,2011,transfer
4,2025,transfer
4,2029,transfer
4,2036,transfer
4,2043,transfer
4,2050,transfer
4,2059,transfer
4,2060,transfer
4,2064,transfer
4,2078,transfer
4,2085,transfer
4,2091,transfer
4,2101,transfer
4,2102,transfer
4,2106,transfer
4,2111,transfer
4,2116,transfer
4,2121,transfer
4,2122,transfer
4,2123,transfer
4,2125,transfer
4,2132,transfer
4,2135,transfer
4,2136,transfer
4,2138,transfer
4,2139,transfer
4,2141,transfer
4,2144,transfer
4,2146,transfer
4,2156,transfer
4,2159,transfer
4,2161,transfer
4,2164,transfer
4,2167,transfer
4,2175,transfer
4,2187,transfer
4,2197,transfer
4,2199,transfer
4,2204,transfer
4,2209,transfer
4,2215,transfer
4,2217,transfer
4,2228,transfer
4,2234,transfer
4,2236,transfer
4,2237,transfer
4,2245,transfer
4,2247,transfer
4,2262,transfer
4,2263,transfer
4,2266,transfer
4,2272,transfer
4,2274,transfer
4,2280,transfer
4,2281,transfer
4,2283,transfer
4,2289,transfer
4,2294,transfer
4,2299,transfer
4,2301,transfer
4,2304,transfer
4,2311,transfer
4,2320,transfer
4,2321,transfer
4,2323,transfer
4,2327,transfer
4,2333,transfer
4,2336,transfer
4,2337,transfer
4,2338,transfer
4,2352,transfer
4,2355,transfer
4,2356,transfer
4,2360,transfer
4,2363,transfer
4,2374,transfer
4,2386,transfer
4,2393,transfer
4,2397,transfer
4,2398,transfer
4,2406,transfer
4,2411,transfer
4,2416,transfer
4,2444,transfer
4,2445,transfer
4,2447,transfer
4,2457,transfer
4,2471,transfer
4,2473,transfer
4,2482,transfer
4,2489,transfer
4,2492,transfer
4,2494,transfer
4,2504,transfer
4,2507,transfer
4,2516,transfer
4,2520,transfer
4,2521,transfer
4,2522,transfer
4,2525,transfer
4,2530,transfer
4,2533,transfer
4,2543,transfer
4,2545,transfer
4,2551,transfer
4,2553,transfer
4,2554,transfer
4,2555,transfer
4,2557,transfer
4,2558,transfer
4,2564,transfer
4,2571,transfer
4,2572,transfer
4,2579,transfer
4,2582,transfer
4,2583,transfer
4,2584,transfer
4,2592,transfer
4,2597,transfer
4,2599,transfer
4,2602,transfer
4,2605,transfer
4,2622,transfer
4,2624,transfer
4,2629,transfer
4,2631,transfer
4,2635,transfer
4,2645,transfer
4,2646,transfer
4,2648,transfer
4,2649,transfer
4,2657,transfer
4,2670,transfer
4,2676,transfer
4,2685,transfer
4,2688,transfer
4,2694,transfer
4,2695,transfer
4,2697,transfer
4,2703,transfer
4,2711,transfer
4,2719,transfer
4,2721,transfer
4,2723,transfer
4,2730,transfer
4,2739,transfer
4,2747,transfer
4,2748,transfer
4,2749,transfer
4,2750,transfer
4,2761,transfer
4,2764,transfer
4,2769,transfer
4,2776,transfer
4,2782,transfer
4,2783,transfer
4,2784,transfer
4,2793,transfer
4,2798,transfer
4,2806,transfer
4,2826,transfer
4,2829,transfer
4,2832,transfer
4,2837,transfer
4,2848,transfer
4,2850,transfer
4,2853,transfer
4,2855,transfer
4,2868,transfer
4,2874,transfer
4,2878,transfer
4,2879,transfer
4,2880,transfer
4,2885,transfer
4,2893,transfer
4,2896,transfer
4,2905,transfer
4,2911,transfer
4,2926,transfer
4,2927,transfer
4,2928,transfer
4,2931,transfer
4,2932,transfer
4,2933,transfer
4,2934,transfer
4,2957,transfer
4,2959,transfer
4,2960,transfer
4,2981,transfer
4,2987,transfer
4,2995,transfer
4,2999,transfer
4,3001,transfer
4,3004,transfer
4,3010,transfer
4,3012,transfer
4,3025,transfer
4,3028,transfer
4,3029,transfer
4,3031,transfer
4,3036,transfer
4,3041,transfer
4,3043,transfer
4,3048,transfer
4,3051,transfer
4,3052,transfer
4,3054,transfer
4,3060,transfer
4,3061,transfer
4,3068,transfer
4,3070,transfer
4,3071,transfer
4,3077,transfer
4,3082,transfer
4,3083,transfer
4,3086,transfer
4,3090,transfer
4,3091,transfer
4,3100,transfer
4,3112,transfer
4,3115,transfer
4,3121,transfer
4,3128,transfer
4,3129,transfer
4,3130,transfer
4,3135,transfer
4,3139,transfer
4,3143,transfer
4,3163,transfer
4,3166,transfer
4,3167,transfer
4,3175,transfer
4,3180,transfer
4,3186,transfer
4,3189,transfer
4,3192,transfer
4,3193,transfer
4,3194,transfer
4,3197,transfer
4,3198,transfer
4,3209,transfer
4,3214,transfer
4,3225,transfer
4,3227,transfer
4,3244,transfer
4,3250,transfer
4,3252,transfer
4,3264,transfer
4,3266,transfer
4,3272,transfer
4,3279,transfer
4,3283,transfer
4,3286,transfer
4,3299,transfer
4,3300,transfer
4,3305,transfer
4,3306,transfer
4,3310,transfer
4,3312,transfer
4,3314,transfer
4,3315,transfer
4,3321,transfer
4,3330,transfer
4,3337,transfer
4,3340,transfer
4,3349,transfer
4,3351,transfer
4,3361,transfer
4,3367,transfer
4,3368,transfer
4,3374,transfer
4,3380,transfer
4,3383,transfer
4,3385,transfer
4,3386,transfer
4,3390,transfer
4,3399,transfer
4,3406,transfer
4,3414,transfer
4,3418,transfer
4,3425,transfer
4,3433,transfer
4,3449,transfer
4,3458,transfer
4,3460,transfer
4,3465,transfer
4,3466,transfer
4,3470,transfer
4,3476,transfer
4,3482,transfer
4,3485,transfer
4,3488,transfer
4,3492,transfer
4,3496,transfer
4,3502,transfer
4,3514,transfer
4,3516,transfer
4,3518,transfer
4,3522,transfer
4,3527,transfer
4,3529,transfer
4,3538,transfer
4,3544,transfer
4,3550,transfer
4,3554,transfer
4,3556,transfer
4,3560,transfer
4,3562,transfer
4,3563,transfer
4,3570,transfer
4,3581,transfer
4,3582,transfer
4,3583,transfer
4,3584,transfer
4,3587,transfer
4,3592,transfer
4,3594,transfer
4,3596,transfer
4,3598,transfer
4,3601,transfer
4,3604,transfer
4,3607,transfer
4,3608,transfer
4,3612,transfer
4,3615,transfer
4,3620,transfer
4,3627,transfer
4,3632,transfer
4,3635,transfer
4,3641,transfer
4,3646,transfer
4,3651,transfer
4,3652,transfer
4,3658,transfer
4,3683,transfer
4,3684,transfer
4,3702,transfer
4,3709,transfer
4,3713,transfer
4,3717,transfer
4,3720,transfer
4,3722,transfer
4,3726,transfer
4,3729,transfer
4,3732,transfer
4,3734,transfer
4,3737,transfer
4,3743,transfer
4,3765,transfer
4,3782,transfer
4,3786,transfer
4,3793,transfer
4,3801,transfer
4,3803,transfer
4,3809,transfer
4,3810,transfer
4,3813,transfer
4,3825,transfer
4,3844,transfer
4,3850,transfer
4,3852,transfer
4,3853,transfer
4,3858,transfer
4,3859,transfer
4,3865,transfer
4,3866,transfer
4,3868,transfer
4,3872,transfer
4,3876,transfer
4,3878,transfer
4,3879,transfer
4,3882,transfer
4,3885,transfer
4,3891,transfer
4,3894,transfer
4,3901,transfer
4,3904,transfer
4,3911,transfer
4,3917,transfer
4,3920,transfer
4,3931,transfer
4,3932,transfer
4,3934,transfer
4,3937,transfer
4,3938,transfer
4,3948,transfer
4,3951,transfer
4,3956,transfer
4,3969,transfer
4,3971,transfer
4,3973,transfer
4,3976,transfer
4,3980,transfer
4,3986,transfer
4,3989,transfer
4,3993,transfer
4,3996,transfer
4,4002,transfer
4,4003,transfer
4,4009,transfer
4,4010,transfer
4,4015,transfer
4,4019,transfer
4,4021,transfer
4,4028,transfer
4,4032,transfer
4,4049,transfer
4,4051,transfer
4,4052,transfer
4,4056,transfer
4,4058,transfer
4,4059,transfer
4,4061,transfer
4,4067,transfer
4,4069,transfer
4,4072,transfer
4,4079,transfer
4,4085,transfer
4,4095,transfer
4,4096,transfer
4,4102,transfer
4,4104,transfer
4,4105,transfer
4,4108,transfer
4,4110,transfer
4,4116,transfer
4,4117,transfer
4,4121,transfer
4,4122,transfer
4,4134,transfer
4,4135,transfer
4,4139,transfer
4,4140,transfer
4,4144,transfer
4,4145,transfer
4,4148,transfer
4,4152,transfer
4,4155,transfer
4,4157,transfer
4,4158,transfer
4,4189,transfer
4,4196,transfer
4,4198,transfer
4,4204,transfer
4,4207,transfer
4,4209,transfer
4,4212,transfer
4,4213,transfer
4,4215,transfer
4,4217,transfer
4,4234,transfer
4,4239,transfer
4,4248,transfer
4,4252,transfer
4,4255,transfer
4,4263,transfer
4,4265,transfer
4,4271,transfer
4,4272,transfer
4,4279,transfer
4,4286,transfer
4,4289,transfer
4,4292,transfer
4,4301,transfer
4,4309,transfer
4,4313,transfer
4,4321,transfer
4,4325,transfer
4,4330,transfer
4,4332,transfer
4,4353,transfer
4,4362,transfer
4,4374,transfer
4,4379,transfer
4,4380,transfer
4,4393,transfer
4,4395,transfer
4,4402,transfer
4,4413,transfer
4,4414,transfer
4,4420,transfer
4,4425,transfer
4,4426,transfer
4,4430,transfer
4,4440,transfer
4,4441,transfer
4,4442,transfer
4,4444,transfer
4,4445,transfer
4,4447,transfer
4,4450,transfer
4,4462,transfer
4,4471,transfer
4,4487,transfer
4,4491,transfer
4,4492,transfer
4,4495,transfer
4,4498,transfer
4,4510,transfer
4,4518,transfer
4,4531,transfer
4,4534,transfer
4,4537,transfer
4,4538,transfer
4,4546,transfer
4,4547,transfer
4,4552,transfer
4,4553,transfer
4,4554,transfer
4,4564,transfer
4,4569,transfer
4,4570,transfer
4,4571,transfer
4,4582,transfer
4,4585,transfer
4,4586,transfer
4,4587,transfer
4,4606,transfer
4,4613,transfer
4,4614,transfer
4,4615,transfer
4,4620,transfer
4,4626,transfer
4,4627,transfer
4,4629,transfer
4,4630,transfer
4,4632,transfer
4,4639,transfer
4,4641,transfer
4,4653,transfer
4,4665,transfer
4,4677,transfer
4,4679,transfer
4,4680,transfer
4,4681,transfer
4,4682,transfer
4,4689,transfer
4,4690,transfer
4,4699,transfer
4,4703,transfer
4,4728,transfer
4,4741,transfer
4,4745,transfer
4,4753,transfer
4,4754,transfer
4,4758,transfer
4,4759,transfer
4,4760,transfer
4,4761,transfer
4,4769,transfer
4,4771,transfer
4,4773,transfer
4,4782,transfer
4,4805,transfer
4,4808,transfer
4,4820,transfer
4,4822,transfer
4,4824,transfer
4,4826,transfer
4,4828,transfer
4,4831,transfer
4,4832,transfer
4,4836,transfer
4,4844,transfer
4,4846,transfer
4,4863,transfer
4,4865,transfer
4,4866,transfer
4,4870,transfer
4,4878,transfer
4,4887,transfer
4,4889,transfer
4,4892,transfer
4,4894,transfer
4,4899,transfer
4,4906,transfer
4,4916,transfer
4,4922,transfer
4,4926,transfer
4,4932,transfer
4,4934,transfer
4,4942,transfer
4,4945,transfer
4,4946,transfer
4,4947,transfer
4,4953,transfer
4,4959,transfer
4,4960,transfer
4,4963,transfer
4,4967,transfer
4,4971,transfer
4,4974,transfer
4,4976,transfer
4,4985,transfer
4,4995,transfer
4,4996,transfer
4,5006,transfer
4,5013,transfer
4,5020,transfer
4,5022,transfer
4,5035,transfer
4,5041,transfer
4,5042,transfer
4,5049,transfer
4,5055,transfer
4,5058,transfer
4,5070,transfer
4,5077,transfer
4,5078,transfer
4,5079,transfer
4,5080,transfer
4,5082,transfer
4,5083,transfer
4,5086,transfer
4,5089,transfer
4,5101,transfer
4,5103,transfer
4,5124,transfer
4,5125,transfer
4,5128,transfer
4,5131,transfer
4,5132,transfer
4,5142,transfer
4,5145,transfer
4,5148,transfer
4,5149,transfer
4,5155,transfer
4,5163,transfer
4,5171,transfer
4,5172,transfer
4,5178,transfer
4,5182,transfer
4,5187,transfer
4,5190,transfer
4,5193,transfer
4,5198,transfer
4,5204,transfer
4,5205,transfer
4,5217,transfer
4,5219,transfer
4,5237,transfer
4,5242,transfer
4,5244,transfer
4,5251,transfer
4,5258,transfer
4,5262,transfer
4,5265,transfer
4,5269,transfer
4,5272,transfer
4,5279,transfer
4,5281,transfer
4,5284,transfer
4,5290,transfer
4,5293,transfer
4,5297,transfer
4,5310,transfer
4,5317,transfer
4,5321,transfer
4,5330,transfer
4,5334,transfer
4,5336,transfer
4,5340,transfer
4,5341,transfer
4,5342,transfer
4,5346,transfer
4,5347,transfer
4,5354,transfer
4,5361,transfer
4,5366,transfer
4,5369,transfer
4,5371,transfer
4,5385,transfer
4,5403,transfer
4,5404,transfer
4,5408,transfer
4,5413,transfer
4,5416,transfer
4,5418,transfer
4,5424,transfer
4,5435,transfer
4,5437,transfer
4,5440,transfer
4,5445,transfer
4,5451,transfer
4,5456,transfer
4,5459,transfer
4,5460,transfer
4,5463,transfer
4,5470,transfer
4,5479,transfer
4,5481,transfer
4,5483,transfer
4,5488,transfer
4,5513,transfer
4,5520,transfer
4,5522,transfer
4,5525,transfer
4,5526,transfer
4,5527,transfer
4,5531,transfer
4,5535,transfer
4,5536,transfer
4,5540,transfer
4,5548,transfer
4,5551,transfer
4,5552,transfer
4,5554,transfer
4,5556,transfer
4,5557,transfer
4,5564,transfer
4,5566,transfer
4,5570,transfer
4,5574,transfer
4,5576,transfer
4,5578,transfer
4,5580,transfer
4,5589,transfer
4,5594,transfer
4,5604,transfer
4,5618,transfer
4,5622,transfer
4,5623,transfer
4,5639,transfer
4,5643,transfer
4,5646,transfer
4,5652,transfer
4,5658,transfer
4,5661,transfer
4,5662,transfer
4,5666,transfer
4,5670,transfer
4,5682,transfer
4,5687,transfer
4,5704,transfer
4,5706,transfer
4,5708,transfer
4,5713,transfer
4,5722,transfer
4,5731,transfer
4,5734,transfer
4,5740,transfer
4,5751,transfer
4,5752,transfer
4,5754,transfer
4,5759,transfer
4,5761,transfer
4,5764,transfer
4,5781,transfer
4,5796,transfer
4,5799,transfer
4,5808,transfer
4,5813,transfer
4,5816,transfer
4,5837,transfer
4,5839,transfer
4,5845,transfer
4,5858,transfer
4,5861,transfer
4,5862,transfer
4,5864,transfer
4,5865,transfer
4,5875,transfer
4,5878,transfer
4,5885,transfer
4,5886,transfer
4,5887,transfer
4,5888,transfer
4,5889,transfer
4,5904,transfer
4,5905,transfer
4,5909,transfer
4,5915,transfer
4,5927,transfer
4,5933,transfer
4,5934,transfer
4,5936,transfer
4,5939,transfer
4,5942,transfer
4,5944,transfer
4,5945,transfer
4,5952,transfer
4,5953,transfer
4,5954,transfer
4,5959,transfer
4,5960,transfer
4,5961,transfer
4,5966,transfer
4,5970,transfer
4,5975,transfer
4,5984,transfer
4,5987,transfer
4,5990,transfer
4,6003,transfer
4,6008,transfer
4,6017,transfer
4,6019,transfer
4,6022,transfer
4,6023,transfer
4,6027,transfer
4,6029,transfer
4,6032,transfer
4,6036,transfer
4,6038,transfer
4,6044,transfer
4,6046,transfer
4,6048,transfer
4,6049,transfer
4,6061,transfer
4,6065,transfer
4,6067,transfer
4,6068,transfer
4,6069,transfer
4,6072,transfer
4,6074,transfer
4,6079,transfer
4,6080,transfer
4,6087,transfer
4,6088,transfer
4,6093,transfer
4,6095,transfer
4,6100,transfer
4,6111,transfer
4,6125,transfer
4,6126,transfer
4,6129,transfer
4,6131,transfer
4,6132,transfer
4,6138,transfer
4,6142,transfer
4,6145,transfer
4,6150,transfer
4,6152,transfer
4,6157,transfer
4,6162,transfer
4,6168,transfer
4,6172,transfer
4,6177,transfer
4,6181,transfer
4,6197,transfer
4,6199,transfer
4,6211,transfer
4,6213,transfer
4,6223,transfer
4,6224,transfer
4,6225,transfer
4,6228,transfer
4,6234,transfer
4,6235,transfer
4,6239,transfer
4,6246,transfer
4,6249,transfer
4,6268,transfer
4,6273,transfer
4,6276,transfer
4,6282,transfer
4,6288,transfer
4,6291,transfer
4,6302,transfer
4,6303,transfer
4,6320,transfer
4,6330,transfer
4,6340,transfer
4,6341,transfer
4,6342,transfer
4,6348,transfer
4,6353,transfer
4,6354,transfer
4,6363,transfer
4,6366,transfer
4,6369,transfer
4,6372,transfer
4,6373,transfer
4,6374,transfer
4,6375,transfer
4,6376,transfer
4,6381,transfer
4,6385,transfer
4,6390,transfer
4,6400,transfer
4,6406,transfer
4,6416,transfer
4,6419,transfer
4,6421,transfer
4,6426,transfer
4,6434,transfer
4,6437,transfer
4,6451,transfer
4,6458,transfer
4,6461,transfer
4,6482,transfer
4,6484,transfer
4,6493,transfer
4,6499,transfer
4,6500,transfer
4,6506,transfer
4,6515,transfer
4,6518,transfer
4,6520,transfer
4,6523,transfer
4,6534,transfer
4,6537,transfer
4,6540,transfer
4,6548,transfer
4,6549,transfer
4,6550,transfer
4,6564,transfer
4,6565,transfer
4,6576,transfer
4,6577,transfer
4,6579,transfer
4,6592,transfer
4,6596,transfer
4,6600,transfer
4,6603,transfer
4,6607,transfer
4,6609,transfer
4,6624,transfer
4,6629,transfer
4,6635,transfer
4,6641,transfer
4,6647,transfer
4,6648,transfer
4,6649,transfer
4,6650,transfer
4,6660,transfer
4,6662,transfer
4,6667,transfer
4,6680,transfer
4,6682,transfer
4,6687,transfer
4,6689,transfer
4,6695,transfer
4,6698,transfer
4,6704,transfer
4,6706,transfer
4,6712,transfer
4,6728,transfer
4,6730,transfer
4,6731,transfer
4,6738,transfer
4,6740,transfer
4,6744,transfer
4,6745,transfer
4,6757,transfer
4,6758,transfer
4,6765,transfer
4,6767,transfer
4,6772,transfer
4,6776,transfer
4,6784,transfer
4,6791,transfer
4,6793,transfer
4,6796,transfer
4,6801,transfer
4,6804,transfer
4,6805,transfer
4,6808,transfer
4,6809,transfer
4,6817,transfer
4,6822,transfer
4,6830,transfer
4,6831,transfer
4,6838,transfer
4,6848,transfer
4,6854,transfer
4,6855,transfer
4,6861,transfer
4,6870,transfer
4,6877,transfer
4,6880,transfer
4,6891,transfer
4,6894,transfer
4,6896,transfer
4,6897,transfer
4,6898,transfer
4,6899,transfer
4,6901,transfer
4,6905,transfer
4,6910,transfer
4,6912,transfer
4,6914,transfer
4,6921,transfer
4,6922,transfer
4,6924,transfer
4,6928,transfer
4,6935,transfer
4,6937,transfer
4,6942,transfer
4,6943,transfer
4,6947,transfer
4,6955,transfer
4,6956,transfer
4,6957,transfer
4,6961,transfer
4,6962,transfer
4,6967,transfer
4,6972,transfer
4,6979,transfer
4,6985,transfer
4,6991,transfer
4,6995,transfer
4,7002,transfer
4,7004,transfer
4,7005,transfer
4,7006,transfer
4,7009,transfer
4,7012,transfer
4,7013,transfer
4,7015,transfer
4,7020,transfer
4,7024,transfer
4,7033,transfer
4,7039,transfer
4,7049,transfer
4,7051,transfer
4,7059,transfer
4,7067,transfer
4,7068,transfer
4,7073,transfer
4,7076,transfer
4,7078,transfer
4,7084,transfer
4,7090,transfer
4,7091,transfer
4,7098,transfer
4,7103,transfer
4,7109,transfer
4,7112,transfer
4,7114,transfer
4,7129,transfer
4,7133,transfer
4,7136,transfer
4,7138,transfer
4,7141,transfer
4,7150,transfer
4,7157,transfer
4,7158,transfer
4,7160,transfer
4,7162,transfer
4,7170,transfer
4,7173,transfer
4,7179,transfer
4,7207,transfer
4,7211,transfer
4,7212,transfer
4,7214,transfer
4,7216,transfer
4,7222,transfer
4,7225,transfer
4,7228,transfer
4,7230,transfer
4,7232,transfer
4,7234,transfer
4,7236,transfer
4,7240,transfer
4,7242,transfer
4,7250,transfer
4,7258,transfer
4,7263,transfer
4,7268,transfer
4,7270,transfer
4,7274,transfer
4,7281,transfer
4,7293,transfer
4,7302,transfer
4,7307,transfer
4,7320,transfer
4,7323,transfer
4,7328,transfer
4,7332,transfer
4,7337,transfer
4,7338,transfer
4,7349,transfer
4,7351,transfer
4,7362,transfer
4,7374,transfer
4,7389,transfer
4,7394,transfer
4,7413,transfer
4,7423,transfer
4,7424,transfer
4,7428,transfer
4,7431,transfer
4,7439,transfer
4,7445,transfer
4,7447,transfer
4,7448,transfer
4,7450,transfer
4,7453,transfer
4,7456,transfer
4,7457,transfer
4,7469,transfer
4,7471,transfer
4,7475,transfer
4,7483,transfer
4,7486,transfer
4,7488,transfer
4,7494,transfer
4,7496,transfer
4,7497,transfer
4,7510,transfer
4,7519,transfer
4,7521,transfer
4,7524,transfer
4,7536,transfer
4,7549,transfer
4,7553,transfer
4,7560,transfer
4,7567,transfer
4,7569,transfer
4,7576,transfer
4,7580,transfer
4,7582,transfer
4,7588,transfer
4,7591,transfer
4,7597,transfer
4,7604,transfer
4,7626,transfer
4,7629,transfer
4,7632,transfer
4,7633,transfer
4,7635,transfer
4,7642,transfer
4,7646,transfer
4,7648,transfer
4,7652,transfer
4,7656,transfer
4,7657,transfer
4,7662,transfer
4,7663,transfer
4,7668,transfer
4,7677,transfer
4,7698,transfer
4,7699,transfer
4,7710,transfer
4,7717,transfer
4,7723,transfer
4,7727,transfer
4,7734,transfer
4,7738,transfer
4,7743,transfer
4,7753,transfer
4,7758,transfer
4,7762,transfer
4,7765,transfer
4,7776,transfer
4,7778,transfer
4,7781,transfer
4,7782,transfer
4,7784,transfer
4,7786,transfer
4,7793,transfer
4,7803,transfer
4,7808,transfer
4,7809,transfer
4,7814,transfer
4,7815,transfer
4,7816,transfer
4,7819,transfer
4,7822,transfer
4,7825,transfer
4,7827,transfer
4,7831,transfer
4,7832,transfer
4,7840,transfer
4,7853,transfer
4,7856,transfer
4,7857,transfer
4,7862,transfer
4,7865,transfer
4,7875,transfer
4,7877,transfer
4,7880,transfer
4,7888,transfer
4,7891,transfer
4,7892,transfer
4,7893,transfer
4,7894,transfer
4,7916,transfer
4,7917,transfer
4,7922,transfer
4,7926,transfer
4,7930,transfer
4,7931,transfer
4,7933,transfer
4,7938,transfer
4,7949,transfer
4,7952,transfer
4,7958,transfer
4,7960,transfer
4,7961,transfer
4,7962,transfer
4,7969,transfer
4,7974,transfer
4,7978,transfer
4,7983,transfer
4,7986,transfer
4,7988,transfer
4,7998,transfer
4,8007,transfer
4,8023,transfer
4,8029,transfer
4,8035,transfer
4,8037,transfer
4,8041,transfer
4,8046,transfer
4,8048,transfer
4,8049,transfer
4,8051,transfer
4,8056,transfer
4,8058,transfer
4,8060,transfer
4,8062,transfer
4,8064,transfer
4,8066,transfer
4,8068,transfer
4,8071,transfer
4,8084,transfer
4,8094,transfer
4,8095,transfer
4,8102,transfer
4,8103,transfer
4,8107,transfer
4,8111,transfer
4,8115,transfer
4,8121,transfer
4,8129,transfer
4,8141,transfer
4,8153,transfer
4,8165,transfer
4,8170,transfer
4,8173,transfer
4,8179,transfer
4,8186,transfer
4,8189,transfer
4,8193,transfer
4,8197,transfer
4,8200,transfer
4,8202,transfer
4,8215,transfer
4,8218,transfer
4,8219,transfer
4,8225,transfer
4,8226,transfer
4,8230,transfer
4,8237,transfer
4,8242,transfer
4,8249,transfer
4,8250,transfer
4,8251,transfer
4,8254,transfer
4,8265,transfer
4,8269,transfer
4,8277,transfer
4,8282,transfer
4,8284,transfer
4,8289,transfer
4,8310,transfer
4,8311,transfer
4,8312,transfer
4,8322,transfer
4,8328,transfer
4,8330,transfer
4,8333,transfer
4,8342,transfer
4,8346,transfer
4,8349,transfer
4,8355,transfer
4,8360,transfer
4,8373,transfer
4,8376,transfer
4,8381,transfer
4,8385,transfer
4,8388,transfer
4,8389,transfer
4,8412,transfer
4,8420,transfer
4,8421,transfer
4,8426,transfer
4,8427,transfer
4,8429,transfer
4,8438,transfer
4,8444,transfer
4,8446,transfer
4,8455,transfer
4,8457,transfer
4,8463,transfer
4,8475,transfer
4,8479,transfer
4,8481,transfer
4,8484,transfer
4,8486,transfer
4,8491,transfer
4,8505,transfer
4,8515,transfer
4,8516,transfer
4,8517,transfer
4,8519,transfer
4,8520,transfer
4,8523,transfer
4,8528,transfer
4,8532,transfer
4,8536,transfer
4,8538,transfer
4,8543,transfer
4,8546,transfer
4,8548,transfer
4,8550,transfer
4,8552,transfer
4,8556,transfer
4,8559,transfer
4,8561,transfer
4,8564,transfer
4,8573,transfer
4,8577,transfer
4,8579,transfer
4,8581,transfer
4,8583,transfer
4,8584,transfer
4,8588,transfer
4,8590,transfer
4,8594,transfer
4,8610,transfer
4,8615,transfer
4,8626,transfer
4,8635,transfer
4,8638,transfer
4,8640,transfer
4,8652,transfer
4,8656,transfer
4,8660,transfer
4,8662,transfer
4,8663,transfer
4,8666,transfer
4,8673,transfer
4,8675,transfer
4,8677,transfer
4,8678,transfer
4,8684,transfer
4,8688,transfer
4,8689,transfer
4,8690,transfer
4,8703,transfer
4,8707,transfer
4,8716,transfer
4,8737,transfer
4,8742,transfer
4,8751,transfer
4,8754,transfer
4,8756,transfer
4,8759,transfer
4,8766,transfer
4,8771,transfer
4,8775,transfer
4,8779,transfer
4,8780,transfer
4,8788,transfer
4,8790,transfer
4,8799,transfer
4,8810,transfer
4,8816,transfer
4,8821,transfer
4,8827,transfer
4,8828,transfer
4,8832,transfer
4,8833,transfer
4,8835,transfer
4,8846,transfer
4,8849,transfer
4,8857,transfer
4,8859,transfer
4,8864,transfer
4,8874,transfer
4,8875,transfer
4,8880,transfer
4,8889,transfer
4,8905,transfer
4,8907,transfer
4,8914,transfer
4,8919,transfer
4,8926,transfer
4,8927,transfer
4,8936,transfer
4,8945,transfer
4,8947,transfer
4,8953,transfer
4,8955,transfer
4,8956,transfer
4,8961,transfer
4,8962,transfer
4,8963,transfer
4,8971,transfer
4,8972,transfer
4,8973,transfer
4,8978,transfer
4,8985,transfer
4,8994,transfer
4,8995,transfer
4,9004,transfer
4,9005,transfer
4,9011,transfer
4,9012,transfer
4,9020,transfer
4,9022,transfer
4,9023,transfer
4,9035,transfer
4,9042,transfer
4,9053,transfer
4,9058,transfer
4,9059,transfer
4,9061,transfer
4,9063,transfer
4,9073,transfer
4,9082,transfer
4,9083,transfer
4,9085,transfer
4,9087,transfer
4,9101,transfer
4,9106,transfer
4,9108,transfer
4,9110,transfer
4,9115,transfer
4,9121,transfer
4,9127,transfer
4,9128,transfer
4,9132,transfer
4,9140,transfer
4,9143,transfer
4,9145,transfer
4,9149,transfer
4,9164,transfer
4,9168,transfer
4,9169,transfer
4,9179,transfer
4,9182,transfer
4,9184,transfer
4,9194,transfer
4,9199,transfer
4,9200,transfer
4,9209,transfer
4,9213,transfer
4,9218,transfer
4,9227,transfer
4,9230,transfer
4,9232,transfer
4,9236,transfer
4,9239,transfer
4,9247,transfer
4,9251,transfer
4,9261,transfer
4,9271,transfer
4,9275,transfer
4,9290,transfer
4,9295,transfer
4,9298,transfer
4,9303,transfer
4,9306,transfer
4,9315,transfer
4,9316,transfer
4,9317,transfer
4,9318,transfer
4,9327,transfer
4,9334,transfer
4,9361,transfer
4,9378,transfer
4,9384,transfer
4,9388,transfer
4,9391,transfer
4,9395,transfer
4,9399,transfer
4,9402,transfer
4,9405,transfer
4,9407,transfer
4,9416,transfer
4,9420,transfer
4,9422,transfer
4,9424,transfer
4,9429,transfer
4,9431,transfer
4,9434,transfer
4,9442,transfer
4,9473,transfer
4,9474,transfer
4,9476,transfer
4,9482,transfer
4,9485,transfer
4,9495,transfer
4,9497,transfer
4,9502,transfer
4,9504,transfer
4,9508,transfer
4,9511,transfer
4,9513,transfer
4,9519,transfer
4,9525,transfer
4,9526,transfer
4,9533,transfer
4,9535,transfer
4,9539,transfer
4,9551,transfer
4,9557,transfer
4,9559,transfer
4,9572,transfer
4,9575,transfer
4,9576,transfer
4,9577,transfer
4,9579,transfer
4,9584,transfer
4,9586,transfer
4,9587,transfer
4,9592,transfer
4,9598,transfer
4,9599,transfer
4,9602,transfer
4,9604,transfer
4,9606,transfer
4,9607,transfer
4,9614,transfer
4,9617,transfer
4,9623,transfer
4,9630,transfer
4,9631,transfer
4,9639,transfer
4,9646,transfer
4,9651,transfer
4,9657,transfer
4,9658,transfer
4,9666,transfer
4,9678,transfer
4,9686,transfer
4,9688,transfer
4,9689,transfer
4,9693,transfer
4,9699,transfer
4,9707,transfer
4,9713,transfer
4,9715,transfer
4,9717,transfer
4,9724,transfer
4,9733,transfer
4,9736,transfer
4,9740,transfer
4,9742,transfer
4,9743,transfer
4,9747,transfer
4,9751,transfer
4,9752,transfer
4,9754,transfer
4,9761,transfer
4,9766,transfer
4,9775,transfer
4,9779,transfer
4,9780,transfer
4,9783,transfer
4,9787,transfer
4,9790,transfer
4,9802,transfer
4,9811,transfer
4,9815,transfer
4,9824,transfer
4,9828,transfer
4,9831,transfer
4,9838,transfer
4,9839,transfer
4,9845,transfer
4,9847,transfer
4,9849,transfer
4,9852,transfer
4,9855,transfer
4,9858,transfer
4,9860,transfer
4,9872,transfer
4,9873,transfer
4,9877,transfer
4,9878,transfer
4,9882,transfer
4,9884,transfer
4,9890,transfer
4,9894,transfer
4,9895,transfer
4,9896,transfer
4,9906,transfer
4,9921,transfer
4,9922,transfer
4,9931,transfer
4,9939,transfer
4,9945,transfer
4,9960,transfer
4,9961,transfer
4,9967,transfer
4,9970,transfer
4,9976,transfer
4,9977,transfer
4,3,validation
4,9,validation
4,15,validation
4,22,validation
4,25,validation
4,26,validation
4,28,validation
4,29,validation
4,30,validation
4,44,validation
4,50,validation
4,56,validation
4,57,validation
4,75,validation
4,76,validation
4,77,validation
4,78,validation
4,79,validation
4,85,validation
4,86,validation
4,90,validation
4,94,validation
4,105,validation
4,107,validation
4,125,validation
4,127,validation
4,141,validation
4,152,validation
4,155,validation
4,161,validation
4,162,validation
4,165,validation
4,171,validation
4,174,validation
4,197,validation
4,207,validation
4,222,validation
4,230,validation
4,234,validation
4,236,validation
4,237,validation
4,262,validation
4,271,validation
4,289,validation
4,292,validation
4,294,validation
4,297,validation
4,307,validation
4,311,validation
4,314,validation
4,327,validation
4,328,validation
4,329,validation
4,341,validation
4,354,validation
4,361,validation
4,370,validation
4,379,validation
4,392,validation
4,400,validation
4,402,validation
4,407,validation
4,408,validation
4,414,validation
4,419,validation
4,420,validation
4,424,validation
4,425,validation
4,431,validation
4,439,validation
4,442,validation
4,458,validation
4,464,validation
4,471,validation
4,474,validation
4,478,validation
4,480,validation
4,493,validation
4,501,validation
4,508,validation
4,516,validation
4,526,validation
4,529,validation
4,536,validation
4,547,validation
4,567,validation
4,575,validation
4,585,validation
4,589,validation
4,593,validation
4,594,validation
4,602,validation
4,614,validation
4,623,validation
4,631,validation
4,639,validation
4,642,validation
4,644,validation
4,647,validation
4,651,validation
4,667,validation
4,668,validation
4,677,validation
4,682,validation
4,686,validation
4,696,validation
4,698,validation
4,702,validation
4,715,validation
4,718,validation
4,720,validation
4,728,validation
4,730,validation
4,739,validation
4,745,validation
4,755,validation
4,758,validation
4,780,validation
4,783,validation
4,792,validation
4,796,validation
4,801,validation
4,802,validation
4,803,validation
4,807,validation
4,815,validation
4,816,validation
4,818,validation
4,835,validation
4,840,validation
4,842,validation
4,855,validation
4,868,validation
4,877,validation
4,890,validation
4,894,validation
4,904,validation
4,914,validation
4,919,validation
4,923,validation
4,934,validation
4,936,validation
4,938,validation
4,941,validation
4,948,validation
4,959,validation
4,973,validation
4,975,validation
4,987,validation
4,988,validation
4,997,validation
4,1006,validation
4,1022,validation
4,1023,validation
4,1024,validation
4,1025,validation
4,1051,validation
4,1058,validation
4,1061,validation
4,1065,validation
4,1080,validation
4,1082,validation
4,1099,validation
4,1101,validation
4,1102,validation
4,1103,validation
4,1116,validation
4,1117,validation
4,1119,validation
4,1120,validation
4,1123,validation
4,1128,validation
4,1141,validation
4,1148,validation
4,1155,validation
4,1168,validation
4,1176,validation
4,1182,validation
4,1188,validation
4,1192,validation
4,1193,validation
4,1198,validation
4,1203,validation
4,1207,validation
4,1208,validation
4,1212,validation
4,1225,validation
4,1233,validation
4,1237,validation
4,1260,validation
4,1287,validation
4,1292,validation
4,1293,validation
4,1300,validation
4,1303,validation
4,1330,validation
4,1337,validation
4,1348,validation
4,1351,validation
4,1352,validation
4,1357,validation
4,1373,validation
4,1375,validation
4,1380,validation
4,1386,validation
4,1387,validation
4,1396,validation
4,1402,validation
4,1414,validation
4,1416,validation
4,1428,validation
4,1429,validation
4,1435,validation
4,1438,validation
4,1458,validation
4,1461,validation
4,1467,validation
4,1469,validation
4,1471,validation
4,1475,validation
4,1477,validation
4,1487,validation
4,1488,validation
4,1493,validation
4,1505,validation
4,1506,validation
4,1510,validation
4,1516,validation
4,1521,validation
4,1528,validation
4,1530,validation
4,1535,validation
4,1549,validation
4,1556,validation
4,1562,validation
4,1564,validation
4,1569,validation
4,1583,validation
4,1585,validation
4,1604,validation
4,1618,validation
4,1620,validation
4,1638,validation
4,1666,validation
4,1674,validation
4,1678,validation
4,1679,validation
4,1682,validation
4,1696,validation
4,1697,validation
4,1699,validation
4,1704,validation
4,1711,validation
4,1718,validation
4,1722,validation
4,1732,validation
4,1737,validation
4,1738,validation
4,1748,validation
4,1754,validation
4,1759,validation
4,1767,validation
4,1777,validation
4,1784,validation
4,1789,validation
4,1790,validation
4,1792,validation
4,1802,validation
4,1809,validation
4,1811,validation
4,1820,validation
4,1822,validation
4,1824,validation
4,1826,validation
4,1830,validation
4,1840,validation
4,1845,validation
4,1848,validation
4,1856,validation
4,1868,validation
4,1880,validation
4,1886,validation
4,1891,validation
4,1892,validation
4,1907,validation
4,1910,validation
4,1922,validation
4,1926,validation
4,1935,validation
4,1940,validation
4,1946,validation
4,1971,validation
4,1984,validation
4,1985,validation
4,1986,validation
4,1988,validation
4,1989,validation
4,1998,validation
4,2010,validation
4,2013,validation
4,2015,validation
4,2022,validation
4,2031,validation
4,2032,validation
4,2033,validation
4,2045,validation
4,2052,validation
4,2066,validation
4,2069,validation
4,2075,validation
4,2084,validation
4,2086,validation
4,2090,validation
4,2092,validation
4,2094,validation
4,2095,validation
4,2104,validation
4,2105,validation
4,2112,validation
4,2113,validation
4,2127,validation
4,2148,validation
4,2154,validation
4,2162,validation
4,2169,validation
4,2182,validation
4,2185,validation
4,2188,validation
4,2195,validation
4,2205,validation
4,2206,validation
4,2210,validation
4,2211,validation
4,2219,validation
4,2222,validation
4,2235,validation
4,2241,validation
4,2248,validation
4,2251,validation
4,2254,validation
4,2256,validation
4,2257,validation
4,2268,validation
4,2275,validation
4,2286,validation
4,2293,validation
4,2313,validation
4,2314,validation
4,2319,validation
4,2334,validation
4,2343,validation
4,2347,validation
4,2348,validation
4,2359,validation
4,2375,validation
4,2376,validation
4,2390,validation
4,2391,validation
4,2405,validation
4,2414,validation
4,2420,validation
4,2425,validation
4,2429,validation
4,2433,validation
4,2436,validation
4,2448,validation
4,2450,validation
4,2451,validation
4,2455,validation
4,2464,validation
4,2475,validation
4,2479,validation
4,2485,validation
4,2487,validation
4,2510,validation
4,2513,validation
4,2526,validation
4,2527,validation
4,2529,validation
4,2534,validation
4,2535,validation
4,2537,validation
4,2540,validation
4,2542,validation
4,2552,validation
4,2556,validation
4,2559,validation
4,2560,validation
4,2561,validation
4,2565,validation
4,2586,validation
4,2591,validation
4,2603,validation
4,2604,validation
4,2606,validation
4,2608,validation
4,2610,validation
4,2612,validation
4,2617,validation
4,2619,validation
4,2623,validation
4,2626,validation
4,2632,validation
4,2642,validation
4,2652,validation
4,2653,validation
4,2654,validation
4,2655,validation
4,2662,validation
4,2663,validation
4,2667,validation
4,2677,validation
4,2692,validation
4,2707,validation
4,2720,validation
4,2733,validation
4,2741,validation
4,2745,validation
4,2753,validation
4,2766,validation
4,2773,validation
4,2787,validation
4,2796,validation
4,2800,validation
4,2808,validation
4,2815,validation
4,2825,validation
4,2842,validation
4,2852,validation
4,2869,validation
4,2882,validation
4,2884,validation
4,2889,validation
4,2898,validation
4,2899,validation
4,2903,validation
4,2908,validation
4,2912,validation
4,2913,validation
4,2914,validation
4,2918,validation
4,2925,validation
4,2943,validation
4,2948,validation
4,2952,validation
4,2954,validation
4,2955,validation
4,2961,validation
4,2968,validation
4,2970,validation
4,2971,validation
4,2980,validation
4,2992,validation
4,2994,validation
4,2998,validation
4,3003,validation
4,3023,validation
4,3032,validation
4,3037,validation
4,3040,validation
4,3044,validation
4,3053,validation
4,3055,validation
4,3064,validation
4,3069,validation
4,3079,validation
4,3097,validation
4,3103,validation
4,3105,validation
4,3106,validation
4,3117,validation
4,3120,validation
4,3124,validation
4,3145,validation
4,3155,validation
4,3156,validation
4,3179,validation
4,3182,validation
4,3187,validation
4,3191,validation
4,3195,validation
4,3203,validation
4,3219,validation
4,3220,validation
4,3223,validation
4,3251,validation
4,3253,validation
4,3270,validation
4,3273,validation
4,3278,validation
4,3285,validation
4,3287,validation
4,3296,validation
4,3302,validation
4,3320,validation
4,3324,validation
4,3325,validation
4,3333,validation
4,3341,validation
4,3346,validation
4,3350,validation
4,3356,validation
4,3364,validation
4,3366,validation
4,3369,validation
4,3384,validation
4,3392,validation
4,3393,validation
4,3400,validation
4,3413,validation
4,3422,validation
4,3426,validation
4,3428,validation
4,3431,validation
4,3448,validation
4,3459,validation
4,3472,validation
4,3473,validation
4,3475,validation
4,3480,validation
4,3500,validation
4,3507,validation
4,3508,validation
4,3510,validation
4,3512,validation
4,3517,validation
4,3521,validation
4,3533,validation
4,3535,validation
4,3543,validation
4,3548,validation
4,3574,validation
4,3576,validation
4,3580,validation
4,3585,validation
4,3588,validation
4,3590,validation
4,3600,validation
4,3609,validation
4,3610,validation
4,3617,validation
4,3618,validation
4,3619,validation
4,3634,validation
4,3639,validation
4,3645,validation
4,3647,validation
4,3654,validation
4,3665,validation
4,3670,validation
4,3673,validation
4,3678,validation
4,3689,validation
4,3705,validation
4,3711,validation
4,3731,validation
4,3741,validation
4,3742,validation
4,3751,validation
4,3752,validation
4,3764,validation
4,3775,validation
4,3787,validation
4,3799,validation
4,3807,validation
4,3808,validation
4,3815,validation
4,3816,validation
4,3826,validation
4,3828,validation
4,3832,validation
4,3838,validation
4,3840,validation
4,3843,validation
4,3860,validation
4,3864,validation
4,3869,validation
4,3881,validation
4,3887,validation
4,3888,validation
4,3889,validation
4,3890,validation
4,3905,validation
4,3906,validation
4,3914,validation
4,3918,validation
4,3922,validation
4,3923,validation
4,3929,validation
4,3930,validation
4,3943,validation
4,3949,validation
4,3950,validation
4,3955,validation
4,3981,validation
4,3982,validation
4,3987,validation
4,3992,validation
4,4004,validation
4,4013,validation
4,4022,validation
4,4033,validation
4,4037,validation
4,4046,validation
4,4050,validation
4,4053,validation
4,4065,validation
4,4066,validation
4,4075,validation
4,4084,validation
4,4093,validation
4,4100,validation
4,4101,validation
4,4112,validation
4,4119,validation
4,4123,validation
4,4125,validation
4,4130,validation
4,4136,validation
4,4150,validation
4,4151,validation
4,4156,validation
4,4159,validation
4,4166,validation
4,4167,validation
4,4173,validation
4,4177,validation
4,4184,validation
4,4193,validation
4,4205,validation
4,4219,validation
4,4223,validation
4,4229,validation
4,4236,validation
4,4240,validation
4,4243,validation
4,4244,validation
4,4245,validation
4,4260,validation
4,4266,validation
4,4282,validation
4,4291,validation
4,4303,validation
4,4304,validation
4,4323,validation
4,4327,validation
4,4342,validation
4,4343,validation
4,4345,validation
4,4347,validation
4,4352,validation
4,4354,validation
4,4360,validation
4,4376,validation
4,4377,validation
4,4387,validation
4,4388,validation
4,4392,validation
4,4404,validation
4,4405,validation
4,4412,validation
4,4421,validation
4,4428,validation
4,4435,validation
4,4448,validation
4,4465,validation
4,4475,validation
4,4478,validation
4,4479,validation
4,4482,validation
4,4490,validation
4,4497,validation
4,4508,validation
4,4517,validation
4,4532,validation
4,4533,validation
4,4542,validation
4,4544,validation
4,4545,validation
4,4550,validation
4,4555,validation
4,4559,validation
4,4560,validation
4,4568,validation
4,4579,validation
4,4589,validation
4,4596,validation
4,4603,validation
4,4604,validation
4,4610,validation
4,4621,validation
4,4624,validation
4,4635,validation
4,4636,validation
4,4649,validation
4,4652,validation
4,4657,validation
4,4659,validation
4,4660,validation
4,4676,validation
4,4683,validation
4,4687,validation
4,4694,validation
4,4700,validation
4,4711,validation
4,4720,validation
4,4721,validation
4,4722,validation
4,4725,validation
4,4729,validation
4,4732,validation
4,4737,validation
4,4740,validation
4,4768,validation
4,4776,validation
4,4777,validation
4,4787,validation
4,4788,validation
4,4789,validation
4,4810,validation
4,4818,validation
4,4821,validation
4,4823,validation
4,4829,validation
4,4830,validation
4,4861,validation
4,4871,validation
4,4873,validation
4,4875,validation
4,4882,validation
4,4885,validation
4,4886,validation
4,4900,validation
4,4902,validation
4,4903,validation
4,4907,validation
4,4914,validation
4,4923,validation
4,4931,validation
4,4935,validation
4,4938,validation
4,4940,validation
4,4952,validation
4,4964,validation
4,4977,validation
4,4992,validation
4,4997,validation
4,5000,validation
4,5002,validation
4,5007,validation
4,5015,validation
4,5032,validation
4,5034,validation
4,5044,validation
4,5048,validation
4,5051,validation
4,5053,validation
4,5054,validation
4,5056,validation
4,5062,validation
4,5068,validation
4,5071,validation
4,5076,validation
4,5097,validation
4,5099,validation
4,5105,validation
4,5106,validation
4,5108,validation
4,5109,validation
4,5114,validation
4,5121,validation
4,5143,validation
4,5154,validation
4,5156,validation
4,5170,validation
4,5175,validation
4,5180,validation
4,5191,validation
4,5195,validation
4,5206,validation
4,5215,validation
4,5225,validation
4,5229,validation
4,5230,validation
4,5231,validation
4,5234,validation
4,5247,validation
4,5250,validation
4,5252,validation
4,5253,validation
4,5266,validation
4,5271,validation
4,5276,validation
4,5280,validation
4,5285,validation
4,5288,validation
4,5306,validation
4,5312,validation
4,5325,validation
4,5327,validation
4,5329,validation
4,5355,validation
4,5358,validation
4,5360,validation
4,5364,validation
4,5367,validation
4,5374,validation
4,5380,validation
4,5383,validation
4,5390,validation
4,5415,validation
4,5421,validation
4,5422,validation
4,5429,validation
4,5430,validation
4,5439,validation
4,5454,validation
4,5462,validation
4,5469,validation
4,5484,validation
4,5490,validation
4,5491,validation
4,5502,validation
4,5505,validation
4,5515,validation
4,5519,validation
4,5523,validation
4,5532,validation
4,5581,validation
4,5582,validation
4,5587,validation
4,5588,validation
4,5592,validation
4,5597,validation
4,5598,validation
4,5601,validation
4,5602,validation
4,5606,validation
4,5607,validation
4,5611,validation
4,5614,validation
4,5620,validation
4,5621,validation
4,5630,validation
4,5632,validation
4,5633,validation
4,5642,validation
4,5647,validation
4,5649,validation
4,5653,validation
4,5663,validation
4,5667,validation
4,5671,validation
4,5673,validation
4,5681,validation
4,5688,validation
4,5695,validation
4,5700,validation
4,5709,validation
4,5715,validation
4,5732,validation
4,5738,validation
4,5748,validation
4,5757,validation
4,5770,validation
4,5771,validation
4,5783,validation
4,5784,validation
4,5785,validation
4,5791,validation
4,5794,validation
4,5798,validation
4,5800,validation
4,5801,validation
4,5833,validation
4,5838,validation
4,5846,validation
4,5847,validation
4,5856,validation
4,5877,validation
4,5880,validation
4,5893,validation
4,5900,validation
4,5902,validation
4,5910,validation
4,5911,validation
4,5912,validation
4,5913,validation
4,5919,validation
4,5938,validation
4,5943,validation
4,5946,validation
4,5974,validation
4,5976,validation
4,5977,validation
4,5985,validation
4,5991,validation
4,5992,validation
4,6000,validation
4,6001,validation
4,6006,validation
4,6013,validation
4,6015,validation
4,6020,validation
4,6050,validation
4,6052,validation
4,6057,validation
4,6060,validation
4,6063,validation
4,6066,validation
4,6083,validation
4,6084,validation
4,6085,validation
4,6090,validation
4,6097,validation
4,6106,validation
4,6107,validation
4,6109,validation
4,6113,validation
4,6117,validation
4,6119,validation
4,6128,validation
4,6130,validation
4,6134,validation
4,6170,validation
4,6174,validation
4,6182,validation
4,6191,validation
4,6210,validation
4,6218,validation
4,6222,validation
4,6240,validation
4,6245,validation
4,6253,validation
4,6255,validation
4,6256,validation
4,6262,validation
4,6277,validation
4,6280,validation
4,6292,validation
4,6298,validation
4,6313,validation
4,6314,validation
4,6326,validation
4,6332,validation
4,6355,validation
4,6360,validation
4,6368,validation
4,6384,validation
4,6394,validation
4,6405,validation
4,6407,validation
4,6410,validation
4,6422,validation
4,6428,validation
4,6429,validation
4,6435,validation
4,6438,validation
4,6441,validation
4,6448,validation
4,6456,validation
4,6459,validation
4,6465,validation
4,6475,validation
4,6476,validation
4,6496,validation
4,6498,validation
4,6512,validation
4,6514,validation
4,6517,validation
4,6525,validation
4,6536,validation
4,6538,validation
4,6539,validation
4,6546,validation
4,6557,validation
4,6567,validation
4,6578,validation
4,6582,validation
4,6588,validation
4,6595,validation
4,6601,validation
4,6611,validation
4,6615,validation
4,6618,validation
4,6619,validation
4,6622,validation
4,6632,validation
4,6633,validation
4,6636,validation
4,6637,validation
4,6640,validation
4,6651,validation
4,6658,validation
4,6663,validation
4,6684,validation
4,6688,validation
4,6693,validation
4,6694,validation
4,6699,validation
4,6702,validation
4,6707,validation
4,6710,validation
4,6711,validation
4,6722,validation
4,6725,validation
4,6733,validation
4,6741,validation
4,6743,validation
4,6746,validation
4,6768,validation
4,6774,validation
4,6775,validation
4,6783,validation
4,6792,validation
4,6795,validation
4,6797,validation
4,6812,validation
4,6814,validation
4,6820,validation
4,6825,validation
4,6827,validation
4,6828,validation
4,6832,validation
4,6839,validation
4,6841,validation
4,6851,validation
4,6864,validation
4,6865,validation
4,6871,validation
4,6872,validation
4,6876,validation
4,6878,validation
4,6881,validation
4,6883,validation
4,6892,validation
4,6893,validation
4,6902,validation
4,6906,validation
4,6926,validation
4,6929,validation
4,6931,validation
4,6948,validation
4,6952,validation
4,6969,validation
4,6977,validation
4,6990,validation
4,6996,validation
4,6997,validation
4,7003,validation
4,7022,validation
4,7031,validation
4,7032,validation
4,7036,validation
4,7038,validation
4,7041,validation
4,7050,validation
4,7056,validation
4,7060,validation
4,7062,validation
4,7071,validation
4,7080,validation
4,7085,validation
4,7094,validation
4,7095,validation
4,7100,validation
4,7101,validation
4,7107,validation
4,7122,validation
4,7143,validation
4,7156,validation
4,7159,validation
4,7166,validation
4,7176,validation
4,7187,validation
4,7190,validation
4,7195,validation
4,7196,validation
4,7206,validation
4,7215,validation
4,7219,validation
4,7229,validation
4,7235,validation
4,7239,validation
4,7244,validation
4,7249,validation
4,7251,validation
4,7282,validation
4,7285,validation
4,7289,validation
4,7294,validation
4,7295,validation
4,7317,validation
4,7321,validation
4,7342,validation
4,7346,validation
4,7347,validation
4,7350,validation
4,7368,validation
4,7371,validation
4,7382,validation
4,7383,validation
4,7385,validation
4,7387,validation
4,7396,validation
4,7399,validation
4,7401,validation
4,7405,validation
4,7415,validation
4,7419,validation
4,7421,validation
4,7461,validation
4,7474,validation
4,7478,validation
4,7481,validation
4,7482,validation
4,7484,validation
4,7489,validation
4,7507,validation
4,7508,validation
4,7509,validation
4,7514,validation
4,7515,validation
4,7516,validation
4,7517,validation
4,7520,validation
4,7533,validation
4,7541,validation
4,7545,validation
4,7547,validation
4,7557,validation
4,7558,validation
4,7564,validation
4,7572,validation
4,7573,validation
4,7574,validation
4,7575,validation
4,7577,validation
4,7584,validation
4,7592,validation
4,7612,validation
4,7620,validation
4,7624,validation
4,7628,validation
4,7634,validation
4,7636,validation
4,7637,validation
4,7649,validation
4,7655,validation
4,7658,validation
4,7666,validation
4,7669,validation
4,7673,validation
4,7674,validation
4,7678,validation
4,7683,validation
4,7690,validation
4,7719,validation
4,7733,validation
4,7742,validation
4,7749,validation
4,7756,validation
4,7774,validation
4,7777,validation
4,7787,validation
4,7788,validation
4,7791,validation
4,7797,validation
4,7801,validation
4,7807,validation
4,7812,validation
4,7817,validation
4,7821,validation
4,7835,validation
4,7838,validation
4,7842,validation
4,7864,validation
4,7867,validation
4,7870,validation
4,7871,validation
4,7882,validation
4,7886,validation
4,7911,validation
4,7914,validation
4,7937,validation
4,7939,validation
4,7940,validation
4,7942,validation
4,7953,validation
4,7955,validation
4,7957,validation
4,7963,validation
4,7966,validation
4,7968,validation
4,7970,validation
4,7971,validation
4,7981,validation
4,7991,validation
4,7993,validation
4,7999,validation
4,8000,validation
4,8008,validation
4,8009,validation
4,8016,validation
4,8018,validation
4,8022,validation
4,8033,validation
4,8040,validation
4,8043,validation
4,8050,validation
4,8074,validation
4,8075,validation
4,8077,validation
4,8093,validation
4,8097,validation
4,8112,validation
4,8126,validation
4,8133,validation
4,8136,validation
4,8145,validation
4,8146,validation
4,8147,validation
4,8150,validation
4,8162,validation
4,8181,validation
4,8183,validation
4,8191,validation
4,8192,validation
4,8194,validation
4,8196,validation
4,8198,validation
4,8204,validation
4,8208,validation
4,8213,validation
4,8221,validation
4,8246,validation
4,8256,validation
4,8268,validation
4,8270,validation
4,8272,validation
4,8281,validation
4,8290,validation
4,8296,validation
4,8299,validation
4,8309,validation
4,8314,validation
4,8318,validation
4,8324,validation
4,8329,validation
4,8332,validation
4,8336,validation
4,8337,validation
4,8340,validation
4,8348,validation
4,8351,validation
4,8353,validation
4,8354,validation
4,8361,validation
4,8364,validation
4,8371,validation
4,8375,validation
4,8377,validation
4,8382,validation
4,8384,validation
4,8387,validation
4,8394,validation
4,8401,validation
4,8416,validation
4,8436,validation
4,8441,validation
4,8451,validation
4,8459,validation
4,8471,validation
4,8496,validation
4,8522,validation
4,8530,validation
4,8540,validation
4,8555,validation
4,8557,validation
4,8558,validation
4,8562,validation
4,8565,validation
4,8585,validation
4,8589,validation
4,8592,validation
4,8596,validation
4,8597,validation
4,8599,validation
4,8613,validation
4,8618,validation
4,8621,validation
4,8625,validation
4,8632,validation
4,8633,validation
4,8637,validation
4,8649,validation
4,8659,validation
4,8664,validation
4,8685,validation
4,8687,validation
4,8696,validation
4,8708,validation
4,8712,validation
4,8722,validation
4,8725,validation
4,8730,validation
4,8732,validation
4,8733,validation
4,8734,validation
4,8743,validation
4,8747,validation
4,8748,validation
4,8750,validation
4,8765,validation
4,8782,validation
4,8787,validation
4,8797,validation
4,8807,validation
4,8813,validation
4,8817,validation
4,8819,validation
4,8825,validation
4,8830,validation
4,8842,validation
4,8843,validation
4,8850,validation
4,8856,validation
4,8860,validation
4,8861,validation
4,8868,validation
4,8871,validation
4,8883,validation
4,8884,validation
4,8896,validation
4,8897,validation
4,8910,validation
4,8913,validation
4,8915,validation
4,8922,validation
4,8932,validation
4,8938,validation
4,8942,validation
4,8943,validation
4,8969,validation
4,8975,validation
4,8987,validation
4,8997,validation
4,9007,validation
4,9008,validation
4,9010,validation
4,9014,validation
4,9016,validation
4,9021,validation
4,9024,validation
4,9030,validation
4,9040,validation
4,9044,validation
4,9054,validation
4,9067,validation
4,9068,validation
4,9074,validation
4,9076,validation
4,9080,validation
4,9097,validation
4,9099,validation
4,9104,validation
4,9105,validation
4,9123,validation
4,9129,validation
4,9138,validation
4,9150,validation
4,9151,validation
4,9157,validation
4,9176,validation
4,9181,validation
4,9186,validation
4,9189,validation
4,9195,validation
4,9201,validation
4,9202,validation
4,9207,validation
4,9208,validation
4,9219,validation
4,9222,validation
4,9225,validation
4,9228,validation
4,9234,validation
4,9260,validation
4,9267,validation
4,9272,validation
4,9278,validation
4,9282,validation
4,9283,validation
4,9292,validation
4,9293,validation
4,9307,validation
4,9329,validation
4,9330,validation
4,9331,validation
4,9337,validation
4,9340,validation
4,9351,validation
4,9358,validation
4,9363,validation
4,9366,validation
4,9370,validation
4,9371,validation
4,9374,validation
4,9379,validation
4,9381,validation
4,9386,validation
4,9389,validation
4,9394,validation
4,9398,validation
4,9401,validation
4,9412,validation
4,9436,validation
4,9440,validation
4,9443,validation
4,9450,validation
4,9454,validation
4,9456,validation
4,9461,validation
4,9463,validation
4,9466,validation
4,9469,validation
4,9477,validation
4,9478,validation
4,9481,validation
4,9484,validation
4,9514,validation
4,9523,validation
4,9524,validation
4,9530,validation
4,9532,validation
4,9540,validation
4,9542,validation
4,9549,validation
4,9555,validation
4,9556,validation
4,9558,validation
4,9563,validation
4,9569,validation
4,9574,validation
4,9585,validation
4,9591,validation
4,9608,validation
4,9610,validation
4,9624,validation
4,9632,validation
4,9653,validation
4,9659,validation
4,9660,validation
4,9668,validation
4,9674,validation
4,9711,validation
4,9719,validation
4,9721,validation
4,9730,validation
4,9731,validation
4,9744,validation
4,9748,validation
4,9750,validation
4,9755,validation
4,9760,validation
4,9765,validation
4,9778,validation
4,9784,validation
4,9788,validation
4,9794,validation
4,9803,validation
4,9805,validation
4,9808,validation
4,9826,validation
4,9830,validation
4,9833,validation
4,9835,validation
4,9842,validation
4,9862,validation
4,9880,validation
4,9881,validation
4,9885,validation
4,9889,validation
4,9914,validation
4,9917,validation
4,9919,validation
4,9925,validation
4,9927,validation
4,9928,validation
4,9935,validation
4,9941,validation
4,9946,validation
4,9952,validation
4,9955,validation
4,9956,validation
4,9965,validation
4,9980,validation
4,9983,validation
4,9990,validation
4,0,test
4,2,test
4,10,test
4,21,test
4,37,test
4,41,test
4,49,test
4,51,test
4,59,test
4,62,test
4,73,test
4,87,test
4,95,test
4,97,test
4,104,test
4,108,test
4,109,test
4,114,test
4,119,test
4,121,test
4,126,test
4,135,test
4,143,test
4,145,test
4,147,test
4,148,test
4,168,test
4,178,test
4,179,test
4,181,test
4,183,test
4,187,test
4,194,test
4,201,test
4,217,test
4,221,test
4,223,test
4,227,test
4,229,test
4,240,test
4,243,test
4,255,test
4,256,test
4,257,test
4,260,test
4,264,test
4,266,test
4,273,test
4,281,test
4,309,test
4,313,test
4,320,test
4,322,test
4,326,test
4,334,test
4,360,test
4,365,test
4,380,test
4,388,test
4,394,test
4,395,test
4,403,test
4,404,test
4,411,test
4,417,test
4,422,test
4,434,test
4,452,test
4,457,test
4,461,test
4,466,test
4,467,test
4,477,test
4,479,test
4,482,test
4,484,test
4,486,test
4,488,test
4,491,test
4,502,test
4,504,test
4,505,test
4,511,test
4,512,test
4,533,test
4,541,test
4,574,test
4,579,test
4,581,test
4,582,test
4,591,test
4,595,test
4,601,test
4,616,test
4,627,test
4,634,test
4,648,test
4,655,test
4,684,test
4,685,test
4,709,test
4,714,test
4,719,test
4,721,test
4,723,test
4,729,test
4,731,test
4,742,test
4,748,test
4,756,test
4,757,test
4,759,test
4,763,test
4,776,test
4,778,test
4,788,test
4,790,test
4,793,test
4,797,test
4,799,test
4,806,test
4,809,test
4,819,test
4,845,test
4,847,test
4,848,test
4,853,test
4,854,test
4,856,test
4,859,test
4,864,test
4,866,test
4,869,test
4,871,test
4,893,test
4,912,test
4,918,test
4,921,test
4,927,test
4,932,test
4,952,test
4,960,test
4,961,test
4,964,test
4,968,test
4,969,test
4,978,test
4,980,test
4,986,test
4,991,test
4,992,test
4,1013,test
4,1015,test
4,1018,test
4,1026,test
4,1038,test
4,1039,test
4,1040,test
4,1047,test
4,1052,test
4,1066,test
4,1067,test
4,1072,test
4,1074,test
4,1091,test
4,1105,test
4,1108,test
4,1110,test
4,1111,test
4,1112,test
4,1114,test
4,1115,test
4,1131,test
4,1136,test
4,1138,test
4,1154,test
4,1177,test
4,1201,test
4,1209,test
4,1218,test
4,1221,test
4,1240,test
4,1241,test
4,1242,test
4,1246,test
4,1251,test
4,1253,test
4,1264,test
4,1267,test
4,1273,test
4,1277,test
4,1278,test
4,1280,test
4,1284,test
4,1297,test
4,1307,test
4,1313,test
4,1315,test
4,1319,test
4,1327,test
4,1329,test
4,1344,test
4,1349,test
4,1364,test
4,1371,test
4,1372,test
4,1374,test
4,1378,test
4,1379,test
4,1392,test
4,1400,test
4,1410,test
4,1426,test
4,1439,test
4,1440,test
4,1442,test
4,1449,test
4,1452,test
4,1456,test
4,1459,test
4,1480,test
4,1484,test
4,1499,test
4,1507,test
4,1513,test
4,1519,test
4,1523,test
4,1529,test
4,1537,test
4,1541,test
4,1551,test
4,1552,test
4,1558,test
4,1561,test
4,1568,test
4,1571,test
4,1572,test
4,1580,test
4,1591,test
4,1596,test
4,1605,test
4,1622,test
4,1632,test
4,1633,test
4,1640,test
4,1651,test
4,1660,test
4,1665,test
4,1667,test
4,1680,test
4,1683,test
4,1684,test
4,1688,test
4,1693,test
4,1698,test
4,1701,test
4,1706,test
4,1713,test
4,1721,test
4,1723,test
4,1731,test
4,1736,test
4,1745,test
4,1747,test
4,1760,test
4,1763,test
4,1771,test
4,1773,test
4,1776,test
4,1778,test
4,1779,test
4,1782,test
4,1798,test
4,1804,test
4,1805,test
4,1825,test
4,1860,test
4,1869,test
4,1877,test
4,1879,test
4,1881,test
4,1883,test
4,1888,test
4,1889,test
4,1890,test
4,1897,test
4,1917,test
4,1919,test
4,1923,test
4,1924,test
4,1929,test
4,1930,test
4,1934,test
4,1958,test
4,1965,test
4,1969,test
4,1974,test
4,1976,test
4,1978,test
4,1990,test
4,1992,test
4,1999,test
4,2001,test
4,2007,test
4,2012,test
4,2020,test
4,2021,test
4,2028,test
4,2049,test
4,2065,test
4,2068,test
4,2079,test
4,2080,test
4,2083,test
4,2089,test
4,2114,test
4,2129,test
4,2137,test
4,2142,test
4,2143,test
4,2149,test
4,2151,test
4,2152,test
4,2153,test
4,2165,test
4,2168,test
4,2179,test
4,2180,test
4,2186,test
4,2189,test
4,2191,test
4,2202,test
4,2220,test
4,2224,test
4,2226,test
4,2229,test
4,2242,test
4,2249,test
4,2259,test
4,2264,test
4,2265,test
4,2269,test
4,2297,test
4,2300,test
4,2310,test
4,2312,test
4,2315,test
4,2318,test
4,2325,test
4,2326,test
4,2329,test
4,2342,test
4,2354,test
4,2358,test
4,2362,test
4,2371,test
4,2372,test
4,2373,test
4,2381,test
4,2385,test
4,2389,test
4,2396,test
4,2400,test
4,2404,test
4,2417,test
4,2419,test
4,2440,test
4,2446,test
4,2456,test
4,2470,test
4,2474,test
4,2476,test
4,2484,test
4,2490,test
4,2493,test
4,2501,test
4,2508,test
4,2511,test
4,2518,test
4,2519,test
4,2524,test
4,2531,test
4,2544,test
4,2547,test
4,2550,test
4,2563,test
4,2566,test
4,2568,test
4,2573,test
4,2577,test
4,2587,test
4,2589,test
4,2594,test
4,2598,test
4,2615,test
4,2616,test
4,2618,test
4,2639,test
4,2644,test
4,2647,test
4,2660,test
4,2668,test
4,2671,test
4,2673,test
4,2675,test
4,2680,test
4,2682,test
4,2687,test
4,2698,test
4,2704,test
4,2729,test
4,2731,test
4,2732,test
4,2746,test
4,2755,test
4,2757,test
4,2762,test
4,2765,test
4,2768,test
4,2772,test
4,2779,test
4,2802,test
4,2803,test
4,2804,test
4,2812,test
4,2821,test
4,2831,test
4,2835,test
4,2839,test
4,2840,test
4,2867,test
4,2871,test
4,2873,test
4,2886,test
4,2890,test
4,2909,test
4,2915,test
4,2920,test
4,2922,test
4,2929,test
4,2935,test
4,2938,test
4,2942,test
4,2966,test
4,2967,test
4,2977,test
4,2983,test
4,2989,test
4,2993,test
4,3006,test
4,3008,test
4,3011,test
4,3013,test
4,3015,test
4,3021,test
4,3033,test
4,3038,test
4,3039,test
4,3078,test
4,3080,test
4,3087,test
4,3088,test
4,3094,test
4,3098,test
4,3099,test
4,3107,test
4,3108,test
4,3116,test
4,3141,test
4,3147,test
4,3148,test
4,3159,test
4,3161,test
4,3171,test
4,3173,test
4,3181,test
4,3183,test
4,3196,test
4,3199,test
4,3205,test
4,3207,test
4,3208,test
4,3211,test
4,3212,test
4,3222,test
4,3233,test
4,3237,test
4,3241,test
4,3249,test
4,3254,test
4,3265,test
4,3267,test
4,3271,test
4,3274,test
4,3277,test
4,3281,test
4,3289,test
4,3290,test
4,3295,test
4,3308,test
4,3313,test
4,3316,test
4,3319,test
4,3327,test
4,3328,test
4,3338,test
4,3362,test
4,3381,test
4,3397,test
4,3405,test
4,3407,test
4,3416,test
4,3427,test
4,3434,test
4,3438,test
4,3442,test
4,3446,test
4,3454,test
4,3456,test
4,3457,test
4,3469,test
4,3477,test
4,3478,test
4,3479,test
4,3483,test
4,3495,test
4,3503,test
4,3511,test
4,3515,test
4,3520,test
4,3531,test
4,3539,test
4,3545,test
4,3553,test
4,3571,test
4,3572,test
4,3573,test
4,3575,test
4,3578,test
4,3589,test
4,3603,test
4,3616,test
4,3653,test
4,3657,test
4,3661,test
4,3663,test
4,3664,test
4,3669,test
4,3674,test
4,3681,test
4,3686,test
4,3688,test
4,3690,test
4,3691,test
4,3696,test
4,3698,test
4,3700,test
4,3710,test
4,3716,test
4,3721,test
4,3724,test
4,3727,test
4,3730,test
4,3733,test
4,3744,test
4,3747,test
4,3748,test
4,3749,test
4,3756,test
4,3758,test
4,3759,test
4,3777,test
4,3778,test
4,3779,test
4,3784,test
4,3785,test
4,3790,test
4,3812,test
4,3814,test
4,3831,test
4,3834,test
4,3835,test
4,3837,test
4,3842,test
4,3845,test
4,3880,test
4,3892,test
4,3903,test
4,3913,test
4,3925,test
4,3926,test
4,3933,test
4,3945,test
4,3958,test
4,3964,test
4,3967,test
4,3970,test
4,3972,test
4,3978,test
4,4007,test
4,4011,test
4,4018,test
4,4024,test
4,4026,test
4,4027,test
4,4039,test
4,4043,test
4,4054,test
4,4057,test
4,4068,test
4,4073,test
4,4076,test
4,4078,test
4,4082,test
4,4087,test
4,4090,test
4,4094,test
4,4106,test
4,4114,test
4,4126,test
4,4128,test
4,4137,test
4,4143,test
4,4147,test
4,4153,test
4,4160,test
4,4178,test
4,4179,test
4,4186,test
4,4199,test
4,4218,test
4,4220,test
4,4228,test
4,4230,test
4,4233,test
4,4237,test
4,4238,test
4,4242,test
4,4249,test
4,4254,test
4,4258,test
4,4264,test
4,4267,test
4,4269,test
4,4270,test
4,4281,test
4,4290,test
4,4295,test
4,4300,test
4,4305,test
4,4310,test
4,4314,test
4,4326,test
4,4348,test
4,4351,test
4,4355,test
4,4371,test
4,4373,test
4,4383,test
4,4391,test
4,4410,test
4,4416,test
4,4417,test
4,4419,test
4,4427,test
4,4449,test
4,4451,test
4,4457,test
4,4459,test
4,4463,test
4,4466,test
4,4472,test
4,4483,test
4,4485,test
4,4489,test
4,4494,test
4,4496,test
4,4511,test
4,4514,test
4,4521,test
4,4530,test
4,4535,test
4,4557,test
4,4562,test
4,4567,test
4,4573,test
4,4574,test
4,4577,test
4,4609,test
4,4612,test
4,4617,test
4,4618,test
4,4633,test
4,4638,test
4,4643,test
4,4655,test
4,4658,test
4,4667,test
4,4670,test
4,4672,test
4,4674,test
4,4678,test
4,4688,test
4,4691,test
4,4701,test
4,4714,test
4,4718,test
4,4723,test
4,4734,test
4,4736,test
4,4743,test
4,4749,test
4,4751,test
4,4764,test
4,4766,test
4,4770,test
4,4774,test
4,4778,test
4,4791,test
4,4792,test
4,4794,test
4,4798,test
4,4801,test
4,4804,test
4,4809,test
4,4811,test
4,4812,test
4,4817,test
4,4819,test
4,4839,test
4,4847,test
4,4858,test
4,4859,test
4,4862,test
4,4864,test
4,4867,test
4,4872,test
4,4890,test
4,4897,test
4,4908,test
4,4909,test
4,4912,test
4,4928,test
4,4939,test
4,4951,test
4,4970,test
4,4979,test
4,4983,test
4,4988,test
4,4989,test
4,4999,test
4,5004,test
4,5016,test
4,5017,test
4,5018,test
4,5021,test
4,5023,test
4,5027,test
4,5028,test
4,5030,test
4,5040,test
4,5043,test
4,5047,test
4,5052,test
4,5066,test
4,5067,test
4,5069,test
4,5095,test
4,5096,test
4,5115,test
4,5116,test
4,5129,test
4,5139,test
4,5152,test
4,5153,test
4,5168,test
4,5186,test
4,5196,test
4,5201,test
4,5220,test
4,5222,test
4,5226,test
4,5233,test
4,5235,test
4,5239,test
4,5243,test
4,5245,test
4,5254,test
4,5264,test
4,5268,test
4,5274,test
4,5277,test
4,5283,test
4,5287,test
4,5299,test
4,5301,test
4,5311,test
4,5318,test
4,5320,test
4,5324,test
4,5326,test
4,5332,test
4,5335,test
4,5370,test
4,5372,test
4,5375,test
4,5376,test
4,5379,test
4,5391,test
4,5398,test
4,5405,test
4,5411,test
4,5417,test
4,5427,test
4,5432,test
4,5442,test
4,5444,test
4,5458,test
4,5464,test
4,5465,test
4,5466,test
4,5467,test
4,5474,test
4,5475,test
4,5476,test
4,5489,test
4,5495,test
4,5496,test
4,5498,test
4,5501,test
4,5506,test
4,5508,test
4,5517,test
4,5528,test
4,5530,test
4,5539,test
4,5545,test
4,5558,test
4,5567,test
4,5573,test
4,5579,test
4,5591,test
4,5593,test
4,5608,test
4,5619,test
4,5654,test
4,5656,test
4,5659,test
4,5665,test
4,5674,test
4,5676,test
4,5679,test
4,5684,test
4,5691,test
4,5693,test
4,5698,test
4,5699,test
4,5702,test
4,5710,test
4,5720,test
4,5723,test
4,5727,test
4,5729,test
4,5753,test
4,5758,test
4,5762,test
4,5766,test
4,5773,test
4,5786,test
4,5787,test
4,5802,test
4,5812,test
4,5817,test
4,5821,test
4,5825,test
4,5830,test
4,5841,test
4,5842,test
4,5848,test
4,5852,test
4,5871,test
4,5873,test
4,5874,test
4,5883,test
4,5890,test
4,5903,test
4,5917,test
4,5918,test
4,5923,test
4,5925,test
4,5930,test
4,5937,test
4,5941,test
4,5963,test
4,5980,test
4,5993,test
4,5996,test
4,5998,test
4,6002,test
4,6011,test
4,6024,test
4,6028,test
4,6030,test
4,6039,test
4,6040,test
4,6041,test
4,6042,test
4,6043,test
4,6055,test
4,6059,test
4,6062,test
4,6086,test
4,6098,test
4,6099,test
4,6112,test
4,6121,test
4,6122,test
4,6124,test
4,6141,test
4,6148,test
4,6151,test
4,6156,test
4,6159,test
4,6163,test
4,6164,test
4,6180,test
4,6183,test
4,6185,test
4,6187,test
4,6192,test
4,6193,test
4,6201,test
4,6202,test
4,6203,test
4,6204,test
4,6215,test
4,6236,test
4,6238,test
4,6243,test
4,6248,test
4,6251,test
4,6263,test
4,6266,test
4,6271,test
4,6278,test
4,6284,test
4,6296,test
4,6305,test
4,6307,test
4,6312,test
4,6322,test
4,6324,test
4,6334,test
4,6347,test
4,6350,test
4,6359,test
4,6371,test
4,6378,test
4,6382,test
4,6383,test
4,6388,test
4,6389,test
4,6391,test
4,6408,test
4,6417,test
4,6418,test
4,6425,test
4,6436,test
4,6440,test
4,6444,test
4,6447,test
4,6460,test
4,6470,test
4,6471,test
4,6474,test
4,6487,test
4,6489,test
4,6491,test
4,6495,test
4,6501,test
4,6504,test
4,6509,test
4,6521,test
4,6532,test
4,6541,test
4,6545,test
4,6547,test
4,6552,test
4,6553,test
4,6555,test
4,6570,test
4,6575,test
4,6585,test
4,6597,test
4,6613,test
4,6614,test
4,6626,test
4,6628,test
4,6656,test
4,6659,test
4,6665,test
4,6678,test
4,6679,test
4,6681,test
4,6686,test
4,6697,test
4,6714,test
4,6718,test
4,6719,test
4,6726,test
4,6735,test
4,6736,test
4,6739,test
4,6742,test
4,6752,test
4,6761,test
4,6762,test
4,6778,test
4,6785,test
4,6786,test
4,6788,test
4,6789,test
4,6794,test
4,6806,test
4,6807,test
4,6826,test
4,6835,test
4,6837,test
4,6846,test
4,6847,test
4,6852,test
4,6859,test
4,6860,test
4,6862,test
4,6866,test
4,6873,test
4,6874,test
4,6879,test
4,6889,test
4,6911,test
4,6913,test
4,6934,test
4,6951,test
4,6954,test
4,6970,test
4,6974,test
4,6981,test
4,7016,test
4,7018,test
4,7021,test
4,7027,test
4,7028,test
4,7037,test
4,7040,test
4,7045,test
4,7054,test
4,7061,test
4,7065,test
4,7077,test
4,7086,test
4,7092,test
4,7093,test
4,7108,test
4,7117,test
4,7125,test
4,7135,test
4,7142,test
4,7149,test
4,7151,test
4,7163,test
4,7168,test
4,7172,test
4,7178,test
4,7182,test
4,7188,test
4,7191,test
4,7193,test
4,7197,test
4,7201,test
4,7205,test
4,7210,test
4,7220,test
4,7227,test
4,7238,test
4,7252,test
4,7255,test
4,7262,test
4,7269,test
4,7283,test
4,7284,test
4,7290,test
4,7296,test
4,7297,test
4,7298,test
4,7299,test
4,7301,test
4,7312,test
4,7314,test
4,7322,test
4,7330,test
4,7336,test
4,7348,test
4,7358,test
4,7365,test
4,7366,test
4,7369,test
4,7378,test
4,7391,test
4,7392,test
4,7402,test
4,7422,test
4,7426,test
4,7427,test
4,7435,test
4,7438,test
4,7441,test
4,7443,test
4,7444,test
4,7459,test
4,7462,test
4,7466,test
4,7470,test
4,7477,test
4,7479,test
4,7485,test
4,7501,test
4,7511,test
4,7528,test
4,7529,test
4,7537,test
4,7539,test
4,7546,test
4,7550,test
4,7555,test
4,7559,test
4,7562,test
4,7571,test
4,7581,test
4,7589,test
4,7599,test
4,7605,test
4,7607,test
4,7625,test
4,7638,test
4,7645,test
4,7665,test
4,7667,test
4,7680,test
4,7689,test
4,7694,test
4,7695,test
4,7704,test
4,7709,test
4,7711,test
4,7712,test
4,7721,test
4,7729,test
4,7741,test
4,7744,test
4,7746,test
4,7747,test
4,7748,test
4,7764,test
4,7766,test
4,7775,test
4,7785,test
4,7795,test
4,7800,test
4,7802,test
4,7804,test
4,7805,test
4,7813,test
4,7826,test
4,7833,test
4,7834,test
4,7843,test
4,7847,test
4,7850,test
4,7852,test
4,7858,test
4,7863,test
4,7866,test
4,7878,test
4,7879,test
4,7898,test
4,7900,test
4,7902,test
4,7904,test
4,7907,test
4,7913,test
4,7919,test
4,7927,test
4,7935,test
4,7976,test
4,7980,test
4,7984,test
4,7989,test
4,7996,test
4,8005,test
4,8011,test
4,8012,test
4,8017,test
4,8032,test
4,8034,test
4,8042,test
4,8045,test
4,8055,test
4,8059,test
4,8063,test
4,8072,test
4,8076,test
4,8078,test
4,8081,test
4,8082,test
4,8085,test
4,8090,test
4,8098,test
4,8099,test
4,8116,test
4,8117,test
4,8122,test
4,8128,test
4,8143,test
4,8149,test
4,8156,test
4,8159,test
4,8160,test
4,8161,test
4,8187,test
4,8212,test
4,8220,test
4,8222,test
4,8228,test
4,8232,test
4,8233,test
4,8234,test
4,8238,test
4,8248,test
4,8262,test
4,8263,test
4,8267,test
4,8279,test
4,8285,test
4,8288,test
4,8294,test
4,8300,test
4,8304,test
4,8313,test
4,8315,test
4,8326,test
4,8327,test
4,8331,test
4,8335,test
4,8339,test
4,8344,test
4,8345,test
4,8350,test
4,8367,test
4,8374,test
4,8380,test
4,8395,test
4,8396,test
4,8398,test
4,8403,test
4,8406,test
4,8417,test
4,8422,test
4,8423,test
4,8424,test
4,8433,test
4,8445,test
4,8447,test
4,8449,test
4,8452,test
4,8454,test
4,8464,test
4,8466,test
4,8467,test
4,8470,test
4,8478,test
4,8487,test
4,8488,test
4,8500,test
4,8502,test
4,8512,test
4,8527,test
4,8529,test
4,8541,test
4,8563,test
4,8568,test
4,8591,test
4,8598,test
4,8602,test
4,8616,test
4,8620,test
4,8627,test
4,8636,test
4,8645,test
4,8650,test
4,8667,test
4,8668,test
4,8671,test
4,8676,test
4,8681,test
4,8682,test
4,8683,test
4,8691,test
4,8698,test
4,8705,test
4,8710,test
4,8713,test
4,8717,test
4,8720,test
4,8721,test
4,8764,test
4,8770,test
4,8781,test
4,8785,test
4,8791,test
4,8795,test
4,8796,test
4,8798,test
4,8802,test
4,8803,test
4,8809,test
4,8812,test
4,8822,test
4,8824,test
4,8829,test
4,8831,test
4,8844,test
4,8847,test
4,8863,test
4,8867,test
4,8878,test
4,8879,test
4,8890,test
4,8894,test
4,8895,test
4,8909,test
4,8930,test
4,8935,test
4,8946,test
4,8951,test
4,8959,test
4,8960,test
4,8966,test
4,8968,test
4,8976,test
4,8977,test
4,8980,test
4,8981,test
4,8982,test
4,8988,test
4,9000,test
4,9006,test
4,9015,test
4,9029,test
4,9033,test
4,9039,test
4,9041,test
4,9043,test
4,9049,test
4,9050,test
4,9060,test
4,9065,test
4,9075,test
4,9086,test
4,9089,test
4,9100,test
4,9102,test
4,9107,test
4,9114,test
4,9117,test
4,9119,test
4,9120,test
4,9122,test
4,9152,test
4,9154,test
4,9165,test
4,9178,test
4,9185,test
4,9198,test
4,9203,test
4,9223,test
4,9233,test
4,9237,test
4,9244,test
4,9246,test
4,9249,test
4,9254,test
4,9255,test
4,9256,test
4,9262,test
4,9266,test
4,9281,test
4,9284,test
4,9285,test
4,9297,test
4,9305,test
4,9309,test
4,9324,test
4,9333,test
4,9336,test
4,9342,test
4,9356,test
4,9357,test
4,9360,test
4,9373,test
4,9375,test
4,9377,test
4,9382,test
4,9387,test
4,9390,test
4,9397,test
4,9409,test
4,9413,test
4,9421,test
4,9439,test
4,9446,test
4,9453,test
4,9457,test
4,9465,test
4,9467,test
4,9472,test
4,9479,test
4,9506,test
4,9510,test
4,9512,test
4,9517,test
4,9520,test
4,9529,test
4,9537,test
4,9548,test
4,9550,test
4,9554,test
4,9561,test
4,9565,test
4,9581,test
4,9593,test
4,9597,test
4,9611,test
4,9625,test
4,9628,test
4,9629,test
4,9640,test
4,9641,test
4,9643,test
4,9647,test
4,9649,test
4,9654,test
4,9691,test
4,9697,test
4,9700,test
4,9701,test
4,9705,test
4,9709,test
4,9718,test
4,9723,test
4,9726,test
4,9732,test
4,9741,test
4,9746,test
4,9762,test
4,9763,test
4,9768,test
4,9785,test
4,9789,test
4,9791,test
4,9793,test
4,9800,test
4,9806,test
4,9807,test
4,9821,test
4,9829,test
4,9836,test
4,9840,test
4,9841,test
4,9843,test
4,9854,test
4,9861,test
4,9865,test
4,9869,test
4,9899,test
4,9901,test
4,9909,test
4,9918,test
4,9920,test
4,9923,test
4,9926,test
4,9942,test
4,9947,test
4,9951,test
4,9953,test
4,9963,test
4,9964,test
4,9973,test
4,9975,test
4,9982,test
