phase,configuration_id,c_11,c_12,c_21,c_22,rho,eta,kappa,ebar,e_11,e_21,beta,q0,q1,N,D,D_minus_N,optimal_development_actions,development_category,initial_terminal_best,initial_terminal_best_category,SEP_immediate_optimal_actions,immediate_tie,h,s,delta_R,g_M1,g_M2,G_M1,G_M2,delta_G,analytical_margin,HLS_optimal_actions,J_HLS,J_SEP_min,J_SEP_max,Delta_J_cons,J_SEP_Omega,SEP_Omega_gap,predicted_regime,observed_regime,expected_observed_regime,match,D_equals_N_violation,below_threshold_violation,above_threshold_violation,SEP_Omega_violation,full_relabeling_pass,future_pair_pass
A1c.1,A1c.1-0001,0.8,0.5,0.0,0.2,0.75,0.8,0.02,0.5,0.2,0.9,1.0,1,2,0.5,0.88,0.38,develop_M1_task_2,M1,M1,M1,M1,False,M1,M2,0.8,0.275,0.8,0.6045,0.804,0.1995,-0.6005,M1,1.4045,1.4045,1.4045,0.0,1.4045,0.0,LESS,NO_ADVANTAGE,NO_ADVANTAGE,True,False,False,False,False,True,True
A1c.1,A1c.1-0002,0.8,0.5,0.05,0.2,0.75,0.8,0.02,0.5,0.2,0.9,1.0,1,2,0.5,0.88,0.38,develop_M1_task_2,M1,M1,M1,M1,False,M1,M2,0.75,0.275,0.8,0.6045,0.804,0.1995,-0.5505,M1,1.4045,1.4045,1.4045,0.0,1.4045,0.0,LESS,NO_ADVANTAGE,NO_ADVANTAGE,True,False,False,False,False,True,True
A1c.1,A1c.1-0003,0.8,0.5,0.1,0.2,0.75,0.8,0.02,0.5,0.2,0.9,1.0,1,2,0.5,0.88,0.38,develop_M1_task_2,M1,M1,M1,M1,False,M1,M2,0.7000000000000001,0.275,0.8,0.6045,0.804,0.1995,-0.5005000000000001,M1,1.4045,1.4045,1.4045,0.0,1.4045,0.0,LESS,NO_ADVANTAGE,NO_ADVANTAGE,True,False,False,False,False,True,True
A1c.1,A1c.1-0004,0.8,0.5,0.15,0.2,0.75,0.8,0.02,0.5,0.2,0.9,1.0,1,2,0.5,0.88,0.38,develop_M1_task_2,M1,M1,M1,M1,False,M1,M2,0.65,0.275,0.8,0.6045,0.804,0.1995,-0.4505,M1,1.4045,1.4045,1.4045,0.0,1.4045,0.0,LESS,NO_ADVANTAGE,NO_ADVANTAGE,True,False,False,False,False,True,True
A1c.1,A1c.1-0005,0.8,0.5,0.2,0.2,0.75,0.8,0.02,0.5,0.2,0.9,1.0,1,2,0.5,0.88,0.38,develop_M1_task_2,M1,M1,M1,M1,False,M1,M2,0.6000000000000001,0.275,0.8,0.6045,0.804,0.1995,-0.4005000000000001,M1,1.4045,1.4045,1.4045,0.0,1.4045,0.0,LESS,NO_ADVANTAGE,NO_ADVANTAGE,True,False,False,False,False,True,True
A1c.1,A1c.1-0006,0.8,0.5,0.25,0.2,0.75,0.8,0.02,0.5,0.2,0.9,1.0,1,2,0.5,0.88,0.38,develop_M1_task_2,M1,M1,M1,M1,False,M1,M2,0.55,0.275,0.8,0.6045,0.804,0.1995,-0.35050000000000003,M1,1.4045,1.4045,1.4045,0.0,1.4045,0.0,LESS,NO_ADVANTAGE,NO_ADVANTAGE,True,False,False,False,False,True,True
A1c.1,A1c.1-0007,0.8,0.5,0.3,0.2,0.75,0.8,0.02,0.5,0.2,0.9,1.0,1,2,0.5,0.88,0.38,develop_M1_task_2,M1,M1,M1,M1,False,M1,M2,0.5,0.275,0.8,0.6045,0.804,0.1995,-0.3005,M1,1.4045,1.4045,1.4045,0.0,1.4045,0.0,LESS,NO_ADVANTAGE,NO_ADVANTAGE,True,False,False,False,False,True,True
A1c.1,A1c.1-0008,0.8,0.5,0.35,0.2,0.75,0.8,0.02,0.5,0.2,0.9,1.0,1,2,0.5,0.88,0.38,develop_M1_task_2,M1,M1,M1,M1,False,M1,M2,0.45000000000000007,0.275,0.8,0.6045,0.804,0.1995,-0.25050000000000006,M1,1.4045,1.4045,1.4045,0.0,1.4045,0.0,LESS,NO_ADVANTAGE,NO_ADVANTAGE,True,False,False,False,False,True,True
A1c.1,A1c.1-0009,0.8,0.5,0.4,0.2,0.75,0.8,0.02,0.5,0.2,0.9,1.0,1,2,0.5,0.88,0.38,develop_M1_task_2,M1,M1,M1,M1,False,M1,M2,0.4,0.275,0.8,0.6045,0.804,0.1995,-0.2005,M1,1.4045,1.4045,1.4045,0.0,1.4045,0.0,LESS,NO_ADVANTAGE,NO_ADVANTAGE,True,False,False,False,False,True,True
A1c.1,A1c.1-0010,0.8,0.5,0.45,0.2,0.75,0.8,0.02,0.5,0.2,0.9,1.0,1,2,0.5,0.88,0.38,develop_M1_task_2,M1,M1,M1,M1,False,M1,M2,0.35000000000000003,0.275,0.8,0.6045,0.804,0.1995,-0.15050000000000002,M1,1.4045,1.4045,1.4045,0.0,1.4045,0.0,LESS,NO_ADVANTAGE,NO_ADVANTAGE,True,False,False,False,False,True,True
A1c.1,A1c.1-0011,0.8,0.5,0.5,0.2,0.75,0.8,0.02,0.5,0.2,0.9,1.0,1,2,0.5,0.88,0.38,develop_M1_task_2,M1,M1,M1,M1,False,M1,M2,0.30000000000000004,0.275,0.8,0.6045,0.804,0.1995,-0.10050000000000003,M1,1.4045,1.4045,1.4045,0.0,1.4045,0.0,LESS,NO_ADVANTAGE,NO_ADVANTAGE,True,False,False,False,False,True,True
A1c.1,A1c.1-0012,0.8,0.5,0.55,0.2,0.75,0.8,0.02,0.5,0.2,0.9,1.0,1,2,0.5,0.88,0.38,develop_M1_task_2,M1,M1,M1,M1,False,M1,M2,0.25,0.275,0.8,0.6045,0.804,0.1995,-0.05049999999999999,M1,1.4045,1.4045,1.4045,0.0,1.4045,0.0,LESS,NO_ADVANTAGE,NO_ADVANTAGE,True,False,False,False,False,True,True
A1c.1,A1c.1-0013,0.8,0.5,0.6,0.2,0.75,0.8,0.02,0.5,0.2,0.9,1.0,1,2,0.5,0.88,0.38,develop_M1_task_2,M1,M1,M1,M1,False,M1,M2,0.20000000000000007,0.275,0.8,0.6045,0.804,0.1995,-0.000500000000000056,M1,1.4045,1.4045,1.4045,0.0,1.4045,0.0,LESS,NO_ADVANTAGE,NO_ADVANTAGE,True,False,False,False,False,True,True
A1c.1,A1c.1-0014,0.8,0.5,0.65,0.2,0.75,0.8,0.02,0.5,0.2,0.9,1.0,1,2,0.5,0.88,0.38,develop_M1_task_2,M1,M1,M1,M1,False,M1,M2,0.15000000000000002,0.275,0.8,0.6045,0.804,0.1995,0.04949999999999999,M2,1.4540000000000002,1.4045,1.4045,0.0495000000000001,1.4540000000000002,0.0,GREATER,STRICT_ADVANTAGE,STRICT_ADVANTAGE,True,False,False,False,False,True,True
A1c.1,A1c.1-0015,0.8,0.5,0.7,0.2,0.75,0.8,0.02,0.5,0.2,0.9,1.0,1,2,0.5,0.88,0.38,develop_M1_task_2,M1,M1,M1,M1,False,M1,M2,0.10000000000000009,0.275,0.8,0.6045,0.804,0.1995,0.09949999999999992,M2,1.504,1.4045,1.4045,0.09949999999999992,1.504,0.0,GREATER,STRICT_ADVANTAGE,STRICT_ADVANTAGE,True,False,False,False,False,True,True
A1c.1,A1c.1-0016,0.8,0.5,0.75,0.2,0.75,0.8,0.02,0.5,0.2,0.9,1.0,1,2,0.5,0.88,0.38,develop_M1_task_2,M1,M1,M1,M1,False,M1,M2,0.050000000000000044,0.275,0.8,0.6045,0.804,0.1995,0.14949999999999997,M2,1.554,1.4045,1.4045,0.14949999999999997,1.554,0.0,GREATER,STRICT_ADVANTAGE,STRICT_ADVANTAGE,True,False,False,False,False,True,True
A1c.1,A1c.1-0017,0.8,0.5,0.8,0.2,0.75,0.8,0.02,0.5,0.2,0.9,1.0,1,2,0.5,0.88,0.38,develop_M1_task_2,M1,M1,M1,M1|M2,True,,,,0.275,0.8,0.6045,0.804,,,M2,1.604,1.4045,1.604,0.0,1.604,0.0,IMMEDIATE_TIE,NO_ADVANTAGE,NO_ADVANTAGE,True,False,False,False,False,True,True
A1c.2,A1c.2-0001,0.8,0.0,0.7,0.0,0.75,0.8,0.02,0.5,0.2,0.9,1.0,1,2,0.0,0.78,0.78,develop_M1_task_2|develop_M2_task_2,ties,M1|M2,tie,M1,False,M1,M2,0.10000000000000009,0.275,0.8,0.21450000000000002,0.6240000000000001,0.4095000000000001,0.3095,M2,1.324,1.0145,1.0145,0.3095000000000001,1.324,0.0,GREATER,STRICT_ADVANTAGE,STRICT_ADVANTAGE,True,False,False,False,False,True,True
A1c.2,A1c.2-0002,0.8,0.0,0.7,0.05,0.75,0.8,0.02,0.5,0.2,0.9,1.0,1,2,0.05,0.79,0.74,develop_M2_task_2,M2,M2,M2,M1,False,M1,M2,0.10000000000000009,0.275,0.8,0.2535,0.6420000000000001,0.3885000000000001,0.28850000000000003,M2,1.342,1.0535,1.0535,0.2885,1.342,0.0,GREATER,STRICT_ADVANTAGE,STRICT_ADVANTAGE,True,False,False,False,False,True,True
A1c.2,A1c.2-0003,0.8,0.0,0.7,0.1,0.75,0.8,0.02,0.5,0.2,0.9,1.0,1,2,0.1,0.8,0.7000000000000001,develop_M2_task_2,M2,M2,M2,M1,False,M1,M2,0.10000000000000009,0.275,0.8,0.29250000000000004,0.6600000000000001,0.3675000000000001,0.2675,M2,1.36,1.0925,1.0925,0.26750000000000007,1.36,0.0,GREATER,STRICT_ADVANTAGE,STRICT_ADVANTAGE,True,False,False,False,False,True,True
A1c.2,A1c.2-0004,0.8,0.0,0.7,0.15,0.75,0.8,0.02,0.5,0.2,0.9,1.0,1,2,0.15,0.81,0.66,develop_M2_task_2,M2,M2,M2,M1,False,M1,M2,0.10000000000000009,0.275,0.8,0.3315,0.6780000000000002,0.34650000000000014,0.24650000000000005,M2,1.3780000000000001,1.1315,1.1315,0.24650000000000016,1.3780000000000001,0.0,GREATER,STRICT_ADVANTAGE,STRICT_ADVANTAGE,True,False,False,False,False,True,True
A1c.2,A1c.2-0005,0.8,0.0,0.7,0.2,0.75,0.8,0.02,0.5,0.2,0.9,1.0,1,2,0.2,0.8200000000000001,0.6200000000000001,develop_M2_task_2,M2,M2,M2,M1,False,M1,M2,0.10000000000000009,0.275,0.8,0.37050000000000005,0.6960000000000002,0.3255000000000001,0.22550000000000003,M2,1.3960000000000001,1.1705,1.1705,0.22550000000000003,1.3960000000000001,0.0,GREATER,STRICT_ADVANTAGE,STRICT_ADVANTAGE,True,False,False,False,False,True,True
A1c.2,A1c.2-0006,0.8,0.0,0.7,0.25,0.75,0.8,0.02,0.5,0.2,0.9,1.0,1,2,0.25,0.8300000000000001,0.5800000000000001,develop_M2_task_2,M2,M2,M2,M1,False,M1,M2,0.10000000000000009,0.275,0.8,0.40950000000000003,0.7140000000000002,0.30450000000000016,0.20450000000000007,M2,1.4140000000000001,1.2095,1.2095,0.20450000000000013,1.4140000000000001,0.0,GREATER,STRICT_ADVANTAGE,STRICT_ADVANTAGE,True,False,False,False,False,True,True
A1c.2,A1c.2-0007,0.8,0.0,0.7,0.3,0.75,0.8,0.02,0.5,0.2,0.9,1.0,1,2,0.3,0.8399999999999999,0.5399999999999998,develop_M2_task_2,M2,M2,M2,M1,False,M1,M2,0.10000000000000009,0.275,0.8,0.4485,0.7319999999999999,0.28349999999999986,0.18349999999999977,M2,1.432,1.2485,1.2485,0.1835,1.432,0.0,GREATER,STRICT_ADVANTAGE,STRICT_ADVANTAGE,True,False,False,False,False,True,True
A1c.2,A1c.2-0008,0.8,0.0,0.7,0.35,0.75,0.8,0.02,0.5,0.2,0.9,1.0,1,2,0.35,0.85,0.5,develop_M2_task_2,M2,M2,M2,M1,False,M1,M2,0.10000000000000009,0.275,0.8,0.4875,0.75,0.2625,0.16249999999999992,M2,1.45,1.2875,1.2875,0.16249999999999987,1.45,0.0,GREATER,STRICT_ADVANTAGE,STRICT_ADVANTAGE,True,False,False,False,False,True,True
A1c.2,A1c.2-0009,0.8,0.0,0.7,0.4,0.75,0.8,0.02,0.5,0.2,0.9,1.0,1,2,0.4,0.86,0.45999999999999996,develop_M2_task_2,M2,M2,M2,M1,False,M1,M2,0.10000000000000009,0.275,0.8,0.5265,0.768,0.24150000000000005,0.14149999999999996,M2,1.468,1.3265,1.3265,0.14149999999999996,1.468,0.0,GREATER,STRICT_ADVANTAGE,STRICT_ADVANTAGE,True,False,False,False,False,True,True
A1c.2,A1c.2-0010,0.8,0.0,0.7,0.45,0.75,0.8,0.02,0.5,0.2,0.9,1.0,1,2,0.45,0.8700000000000001,0.4200000000000001,develop_M2_task_2,M2,M2,M2,M1,False,M1,M2,0.10000000000000009,0.275,0.8,0.5655,0.7860000000000001,0.22050000000000014,0.12050000000000005,M2,1.4860000000000002,1.3655,1.3655,0.12050000000000027,1.4860000000000002,0.0,GREATER,STRICT_ADVANTAGE,STRICT_ADVANTAGE,True,False,False,False,False,True,True
A1c.2,A1c.2-0011,0.8,0.0,0.7,0.5,0.75,0.8,0.02,0.5,0.2,0.9,1.0,1,2,0.5,0.88,0.38,develop_M2_task_2,M2,M2,M2,M1,False,M1,M2,0.10000000000000009,0.275,0.8,0.6045,0.804,0.1995,0.09949999999999992,M2,1.504,1.4045,1.4045,0.09949999999999992,1.504,0.0,GREATER,STRICT_ADVANTAGE,STRICT_ADVANTAGE,True,False,False,False,False,True,True
A1c.2,A1c.2-0012,0.8,0.0,0.7,0.55,0.75,0.8,0.02,0.5,0.2,0.9,1.0,1,2,0.55,0.89,0.33999999999999997,develop_M2_task_2,M2,M2,M2,M1,False,M1,M2,0.10000000000000009,0.275,0.8,0.6435,0.8220000000000001,0.1785000000000001,0.07850000000000001,M2,1.522,1.4435,1.4435,0.07850000000000001,1.522,0.0,GREATER,STRICT_ADVANTAGE,STRICT_ADVANTAGE,True,False,False,False,False,True,True
A1c.2,A1c.2-0013,0.8,0.0,0.7,0.6,0.75,0.8,0.02,0.5,0.2,0.9,1.0,1,2,0.6,0.9,0.30000000000000004,develop_M2_task_2,M2,M2,M2,M1,False,M1,M2,0.10000000000000009,0.275,0.8,0.6825,0.8400000000000001,0.15750000000000008,0.057499999999999996,M2,1.54,1.4825,1.4825,0.05750000000000011,1.54,0.0,GREATER,STRICT_ADVANTAGE,STRICT_ADVANTAGE,True,False,False,False,False,True,True
A1c.2,A1c.2-0014,0.8,0.0,0.7,0.65,0.75,0.8,0.02,0.5,0.2,0.9,1.0,1,2,0.65,0.9099999999999999,0.2599999999999999,develop_M2_task_2,M2,M2,M2,M1,False,M1,M2,0.10000000000000009,0.275,0.8,0.7215,0.858,0.13649999999999995,0.036499999999999866,M2,1.5579999999999998,1.5215,1.5215,0.036499999999999755,1.5579999999999998,0.0,GREATER,STRICT_ADVANTAGE,STRICT_ADVANTAGE,True,False,False,False,False,True,True
A1c.2,A1c.2-0015,0.8,0.0,0.7,0.7,0.75,0.8,0.02,0.5,0.2,0.9,1.0,1,2,0.7,0.9199999999999999,0.21999999999999997,develop_M2_task_2,M2,M2,M2,M1,False,M1,M2,0.10000000000000009,0.275,0.8,0.7605,0.8759999999999999,0.11549999999999994,0.015499999999999847,M2,1.5759999999999998,1.5605,1.5605,0.015499999999999847,1.5759999999999998,0.0,GREATER,STRICT_ADVANTAGE,STRICT_ADVANTAGE,True,False,False,False,False,True,True
A1c.2,A1c.2-0016,0.8,0.0,0.7,0.75,0.75,0.8,0.02,0.5,0.2,0.9,1.0,1,2,0.75,0.9299999999999999,0.17999999999999994,develop_M2_task_2,M2,M2,M2,M1,False,M1,M2,0.10000000000000009,0.275,0.8,0.7994999999999999,0.8939999999999999,0.09450000000000003,-0.00550000000000006,M1,1.5995,1.5995,1.5995,0.0,1.5995,0.0,LESS,NO_ADVANTAGE,NO_ADVANTAGE,True,False,False,False,False,True,True
A1c.2,A1c.2-0017,0.8,0.0,0.7,0.8,0.75,0.8,0.02,0.5,0.2,0.9,1.0,1,2,0.8,0.94,0.1399999999999999,develop_M2_task_2,M2,M2,M2,M1,False,M1,M2,0.10000000000000009,0.275,0.8,0.8385,0.9119999999999999,0.0734999999999999,-0.02650000000000019,M1,1.6385,1.6385,1.6385,0.0,1.6385,0.0,LESS,NO_ADVANTAGE,NO_ADVANTAGE,True,False,False,False,False,True,True
A1c.2,A1c.2-0018,0.8,0.0,0.7,0.85,0.75,0.8,0.02,0.5,0.2,0.9,1.0,1,2,0.85,0.95,0.09999999999999998,develop_M2_task_2,M2,M2,M2,M1,False,M1,M2,0.10000000000000009,0.275,0.8,0.8775,0.9299999999999999,0.05249999999999999,-0.0475000000000001,M1,1.6775,1.6775,1.6775,0.0,1.6775,0.0,LESS,NO_ADVANTAGE,NO_ADVANTAGE,True,False,False,False,False,True,True
A1c.2,A1c.2-0019,0.8,0.0,0.7,0.9,0.75,0.8,0.02,0.5,0.2,0.9,1.0,1,2,0.9,0.96,0.05999999999999994,develop_M2_task_2,M2,M2,M2,M1,False,M1,M2,0.10000000000000009,0.275,0.8,0.9165,0.948,0.03149999999999997,-0.06850000000000012,M1,1.7165,1.7165,1.7165,0.0,1.7165,0.0,LESS,NO_ADVANTAGE,NO_ADVANTAGE,True,False,False,False,False,True,True
A1c.2,A1c.2-0020,0.8,0.0,0.7,0.95,0.75,0.8,0.02,0.5,0.2,0.9,1.0,1,2,0.95,0.97,0.020000000000000018,develop_M2_task_2,M2,M2,M2,M1,False,M1,M2,0.10000000000000009,0.275,0.8,0.9555,0.966,0.010499999999999954,-0.08950000000000014,M1,1.7555,1.7555,1.7555,0.0,1.7555,0.0,LESS,NO_ADVANTAGE,NO_ADVANTAGE,True,False,False,False,False,True,True
A1c.2,A1c.2-0021,0.8,0.0,0.7,1.0,0.75,0.8,0.02,0.5,0.2,0.9,1.0,1,2,1.0,1.0,0.0,null,null,M2,M2,M1,False,M1,M2,0.10000000000000009,0.275,0.8,1.0,1.0,0.0,-0.10000000000000009,M1,1.8,1.8,1.8,0.0,1.8,0.0,LESS,NO_ADVANTAGE,NO_ADVANTAGE,True,False,False,False,False,True,True
A1c.2,A1c.2-0022,0.8,0.05,0.7,0.0,0.75,0.8,0.02,0.5,0.2,0.9,1.0,1,2,0.05,0.79,0.74,develop_M1_task_2,M1,M1,M1,M1,False,M1,M2,0.10000000000000009,0.275,0.8,0.2535,0.6420000000000001,0.3885000000000001,0.28850000000000003,M2,1.342,1.0535,1.0535,0.2885,1.342,0.0,GREATER,STRICT_ADVANTAGE,STRICT_ADVANTAGE,True,False,False,False,False,True,True
A1c.2,A1c.2-0023,0.8,0.05,0.7,0.05,0.75,0.8,0.02,0.5,0.2,0.9,1.0,1,2,0.05,0.79,0.74,develop_M1_task_2|develop_M2_task_2,ties,M1|M2,tie,M1,False,M1,M2,0.10000000000000009,0.275,0.8,0.2535,0.6420000000000001,0.3885000000000001,0.28850000000000003,M2,1.342,1.0535,1.0535,0.2885,1.342,0.0,GREATER,STRICT_ADVANTAGE,STRICT_ADVANTAGE,True,False,False,False,False,True,True
A1c.2,A1c.2-0024,0.8,0.05,0.7,0.1,0.75,0.8,0.02,0.5,0.2,0.9,1.0,1,2,0.1,0.8,0.7000000000000001,develop_M2_task_2,M2,M2,M2,M1,False,M1,M2,0.10000000000000009,0.275,0.8,0.29250000000000004,0.6600000000000001,0.3675000000000001,0.2675,M2,1.36,1.0925,1.0925,0.26750000000000007,1.36,0.0,GREATER,STRICT_ADVANTAGE,STRICT_ADVANTAGE,True,False,False,False,False,True,True
A1c.2,A1c.2-0025,0.8,0.05,0.7,0.15,0.75,0.8,0.02,0.5,0.2,0.9,1.0,1,2,0.15,0.81,0.66,develop_M2_task_2,M2,M2,M2,M1,False,M1,M2,0.10000000000000009,0.275,0.8,0.3315,0.6780000000000002,0.34650000000000014,0.24650000000000005,M2,1.3780000000000001,1.1315,1.1315,0.24650000000000016,1.3780000000000001,0.0,GREATER,STRICT_ADVANTAGE,STRICT_ADVANTAGE,True,False,False,False,False,True,True
A1c.2,A1c.2-0026,0.8,0.05,0.7,0.2,0.75,0.8,0.02,0.5,0.2,0.9,1.0,1,2,0.2,0.8200000000000001,0.6200000000000001,develop_M2_task_2,M2,M2,M2,M1,False,M1,M2,0.10000000000000009,0.275,0.8,0.37050000000000005,0.6960000000000002,0.3255000000000001,0.22550000000000003,M2,1.3960000000000001,1.1705,1.1705,0.22550000000000003,1.3960000000000001,0.0,GREATER,STRICT_ADVANTAGE,STRICT_ADVANTAGE,True,False,False,False,False,True,True
A1c.2,A1c.2-0027,0.8,0.05,0.7,0.25,0.75,0.8,0.02,0.5,0.2,0.9,1.0,1,2,0.25,0.8300000000000001,0.5800000000000001,develop_M2_task_2,M2,M2,M2,M1,False,M1,M2,0.10000000000000009,0.275,0.8,0.40950000000000003,0.7140000000000002,0.30450000000000016,0.20450000000000007,M2,1.4140000000000001,1.2095,1.2095,0.20450000000000013,1.4140000000000001,0.0,GREATER,STRICT_ADVANTAGE,STRICT_ADVANTAGE,True,False,False,False,False,True,True
A1c.2,A1c.2-0028,0.8,0.05,0.7,0.3,0.75,0.8,0.02,0.5,0.2,0.9,1.0,1,2,0.3,0.8399999999999999,0.5399999999999998,develop_M2_task_2,M2,M2,M2,M1,False,M1,M2,0.10000000000000009,0.275,0.8,0.4485,0.7319999999999999,0.28349999999999986,0.18349999999999977,M2,1.432,1.2485,1.2485,0.1835,1.432,0.0,GREATER,STRICT_ADVANTAGE,STRICT_ADVANTAGE,True,False,False,False,False,True,True
A1c.2,A1c.2-0029,0.8,0.05,0.7,0.35,0.75,0.8,0.02,0.5,0.2,0.9,1.0,1,2,0.35,0.85,0.5,develop_M2_task_2,M2,M2,M2,M1,False,M1,M2,0.10000000000000009,0.275,0.8,0.4875,0.75,0.2625,0.16249999999999992,M2,1.45,1.2875,1.2875,0.16249999999999987,1.45,0.0,GREATER,STRICT_ADVANTAGE,STRICT_ADVANTAGE,True,False,False,False,False,True,True
A1c.2,A1c.2-0030,0.8,0.05,0.7,0.4,0.75,0.8,0.02,0.5,0.2,0.9,1.0,1,2,0.4,0.86,0.45999999999999996,develop_M2_task_2,M2,M2,M2,M1,False,M1,M2,0.10000000000000009,0.275,0.8,0.5265,0.768,0.24150000000000005,0.14149999999999996,M2,1.468,1.3265,1.3265,0.14149999999999996,1.468,0.0,GREATER,STRICT_ADVANTAGE,STRICT_ADVANTAGE,True,False,False,False,False,True,True
A1c.2,A1c.2-0031,0.8,0.05,0.7,0.45,0.75,0.8,0.02,0.5,0.2,0.9,1.0,1,2,0.45,0.8700000000000001,0.4200000000000001,develop_M2_task_2,M2,M2,M2,M1,False,M1,M2,0.10000000000000009,0.275,0.8,0.5655,0.7860000000000001,0.22050000000000014,0.12050000000000005,M2,1.4860000000000002,1.3655,1.3655,0.12050000000000027,1.4860000000000002,0.0,GREATER,STRICT_ADVANTAGE,STRICT_ADVANTAGE,True,False,False,False,False,True,True
A1c.2,A1c.2-0032,0.8,0.05,0.7,0.5,0.75,0.8,0.02,0.5,0.2,0.9,1.0,1,2,0.5,0.88,0.38,develop_M2_task_2,M2,M2,M2,M1,False,M1,M2,0.10000000000000009,0.275,0.8,0.6045,0.804,0.1995,0.09949999999999992,M2,1.504,1.4045,1.4045,0.09949999999999992,1.504,0.0,GREATER,STRICT_ADVANTAGE,STRICT_ADVANTAGE,True,False,False,False,False,True,True
A1c.2,A1c.2-0033,0.8,0.05,0.7,0.55,0.75,0.8,0.02,0.5,0.2,0.9,1.0,1,2,0.55,0.89,0.33999999999999997,develop_M2_task_2,M2,M2,M2,M1,False,M1,M2,0.10000000000000009,0.275,0.8,0.6435,0.8220000000000001,0.1785000000000001,0.07850000000000001,M2,1.522,1.4435,1.4435,0.07850000000000001,1.522,0.0,GREATER,STRICT_ADVANTAGE,STRICT_ADVANTAGE,True,False,False,False,False,True,True
A1c.2,A1c.2-0034,0.8,0.05,0.7,0.6,0.75,0.8,0.02,0.5,0.2,0.9,1.0,1,2,0.6,0.9,0.30000000000000004,develop_M2_task_2,M2,M2,M2,M1,False,M1,M2,0.10000000000000009,0.275,0.8,0.6825,0.8400000000000001,0.15750000000000008,0.057499999999999996,M2,1.54,1.4825,1.4825,0.05750000000000011,1.54,0.0,GREATER,STRICT_ADVANTAGE,STRICT_ADVANTAGE,True,False,False,False,False,True,True
A1c.2,A1c.2-0035,0.8,0.05,0.7,0.65,0.75,0.8,0.02,0.5,0.2,0.9,1.0,1,2,0.65,0.9099999999999999,0.2599999999999999,develop_M2_task_2,M2,M2,M2,M1,False,M1,M2,0.10000000000000009,0.275,0.8,0.7215,0.858,0.13649999999999995,0.036499999999999866,M2,1.5579999999999998,1.5215,1.5215,0.036499999999999755,1.5579999999999998,0.0,GREATER,STRICT_ADVANTAGE,STRICT_ADVANTAGE,True,False,False,False,False,True,True
A1c.2,A1c.2-0036,0.8,0.05,0.7,0.7,0.75,0.8,0.02,0.5,0.2,0.9,1.0,1,2,0.7,0.9199999999999999,0.21999999999999997,develop_M2_task_2,M2,M2,M2,M1,False,M1,M2,0.10000000000000009,0.275,0.8,0.7605,0.8759999999999999,0.11549999999999994,0.015499999999999847,M2,1.5759999999999998,1.5605,1.5605,0.015499999999999847,1.5759999999999998,0.0,GREATER,STRICT_ADVANTAGE,STRICT_ADVANTAGE,True,False,False,False,False,True,True
A1c.2,A1c.2-0037,0.8,0.05,0.7,0.75,0.75,0.8,0.02,0.5,0.2,0.9,1.0,1,2,0.75,0.9299999999999999,0.17999999999999994,develop_M2_task_2,M2,M2,M2,M1,False,M1,M2,0.10000000000000009,0.275,0.8,0.7994999999999999,0.8939999999999999,0.09450000000000003,-0.00550000000000006,M1,1.5995,1.5995,1.5995,0.0,1.5995,0.0,LESS,NO_ADVANTAGE,NO_ADVANTAGE,True,False,False,False,False,True,True
A1c.2,A1c.2-0038,0.8,0.05,0.7,0.8,0.75,0.8,0.02,0.5,0.2,0.9,1.0,1,2,0.8,0.94,0.1399999999999999,develop_M2_task_2,M2,M2,M2,M1,False,M1,M2,0.10000000000000009,0.275,0.8,0.8385,0.9119999999999999,0.0734999999999999,-0.02650000000000019,M1,1.6385,1.6385,1.6385,0.0,1.6385,0.0,LESS,NO_ADVANTAGE,NO_ADVANTAGE,True,False,False,False,False,True,True
A1c.2,A1c.2-0039,0.8,0.05,0.7,0.85,0.75,0.8,0.02,0.5,0.2,0.9,1.0,1,2,0.85,0.95,0.09999999999999998,develop_M2_task_2,M2,M2,M2,M1,False,M1,M2,0.10000000000000009,0.275,0.8,0.8775,0.9299999999999999,0.05249999999999999,-0.0475000000000001,M1,1.6775,1.6775,1.6775,0.0,1.6775,0.0,LESS,NO_ADVANTAGE,NO_ADVANTAGE,True,False,False,False,False,True,True
A1c.2,A1c.2-0040,0.8,0.05,0.7,0.9,0.75,0.8,0.02,0.5,0.2,0.9,1.0,1,2,0.9,0.96,0.05999999999999994,develop_M2_task_2,M2,M2,M2,M1,False,M1,M2,0.10000000000000009,0.275,0.8,0.9165,0.948,0.03149999999999997,-0.06850000000000012,M1,1.7165,1.7165,1.7165,0.0,1.7165,0.0,LESS,NO_ADVANTAGE,NO_ADVANTAGE,True,False,False,False,False,True,True
A1c.2,A1c.2-0041,0.8,0.05,0.7,0.95,0.75,0.8,0.02,0.5,0.2,0.9,1.0,1,2,0.95,0.97,0.020000000000000018,develop_M2_task_2,M2,M2,M2,M1,False,M1,M2,0.10000000000000009,0.275,0.8,0.9555,0.966,0.010499999999999954,-0.08950000000000014,M1,1.7555,1.7555,1.7555,0.0,1.7555,0.0,LESS,NO_ADVANTAGE,NO_ADVANTAGE,True,False,False,False,False,True,True
A1c.2,A1c.2-0042,0.8,0.05,0.7,1.0,0.75,0.8,0.02,0.5,0.2,0.9,1.0,1,2,1.0,1.0,0.0,null,null,M2,M2,M1,False,M1,M2,0.10000000000000009,0.275,0.8,1.0,1.0,0.0,-0.10000000000000009,M1,1.8,1.8,1.8,0.0,1.8,0.0,LESS,NO_ADVANTAGE,NO_ADVANTAGE,True,False,False,False,False,True,True
A1c.2,A1c.2-0043,0.8,0.1,0.7,0.0,0.75,0.8,0.02,0.5,0.2,0.9,1.0,1,2,0.1,0.8,0.7000000000000001,develop_M1_task_2,M1,M1,M1,M1,False,M1,M2,0.10000000000000009,0.275,0.8,0.29250000000000004,0.6600000000000001,0.3675000000000001,0.2675,M2,1.36,1.0925,1.0925,0.26750000000000007,1.36,0.0,GREATER,STRICT_ADVANTAGE,STRICT_ADVANTAGE,True,False,False,False,False,True,True
A1c.2,A1c.2-0044,0.8,0.1,0.7,0.05,0.75,0.8,0.02,0.5,0.2,0.9,1.0,1,2,0.1,0.8,0.7000000000000001,develop_M1_task_2,M1,M1,M1,M1,False,M1,M2,0.10000000000000009,0.275,0.8,0.29250000000000004,0.6600000000000001,0.3675000000000001,0.2675,M2,1.36,1.0925,1.0925,0.26750000000000007,1.36,0.0,GREATER,STRICT_ADVANTAGE,STRICT_ADVANTAGE,True,False,False,False,False,True,True
A1c.2,A1c.2-0045,0.8,0.1,0.7,0.1,0.75,0.8,0.02,0.5,0.2,0.9,1.0,1,2,0.1,0.8,0.7000000000000001,develop_M1_task_2|develop_M2_task_2,ties,M1|M2,tie,M1,False,M1,M2,0.10000000000000009,0.275,0.8,0.29250000000000004,0.6600000000000001,0.3675000000000001,0.2675,M2,1.36,1.0925,1.0925,0.26750000000000007,1.36,0.0,GREATER,STRICT_ADVANTAGE,STRICT_ADVANTAGE,True,False,False,False,False,True,True
A1c.2,A1c.2-0046,0.8,0.1,0.7,0.15,0.75,0.8,0.02,0.5,0.2,0.9,1.0,1,2,0.15,0.81,0.66,develop_M2_task_2,M2,M2,M2,M1,False,M1,M2,0.10000000000000009,0.275,0.8,0.3315,0.6780000000000002,0.34650000000000014,0.24650000000000005,M2,1.3780000000000001,1.1315,1.1315,0.24650000000000016,1.3780000000000001,0.0,GREATER,STRICT_ADVANTAGE,STRICT_ADVANTAGE,True,False,False,False,False,True,True
A1c.2,A1c.2-0047,0.8,0.1,0.7,0.2,0.75,0.8,0.02,0.5,0.2,0.9,1.0,1,2,0.2,0.8200000000000001,0.6200000000000001,develop_M2_task_2,M2,M2,M2,M1,False,M1,M2,0.10000000000000009,0.275,0.8,0.37050000000000005,0.6960000000000002,0.3255000000000001,0.22550000000000003,M2,1.3960000000000001,1.1705,1.1705,0.22550000000000003,1.3960000000000001,0.0,GREATER,STRICT_ADVANTAGE,STRICT_ADVANTAGE,True,False,False,False,False,True,True
A1c.2,A1c.2-0048,0.8,0.1,0.7,0.25,0.75,0.8,0.02,0.5,0.2,0.9,1.0,1,2,0.25,0.8300000000000001,0.5800000000000001,develop_M2_task_2,M2,M2,M2,M1,False,M1,M2,0.10000000000000009,0.275,0.8,0.40950000000000003,0.7140000000000002,0.30450000000000016,0.20450000000000007,M2,1.4140000000000001,1.2095,1.2095,0.20450000000000013,1.4140000000000001,0.0,GREATER,STRICT_ADVANTAGE,STRICT_ADVANTAGE,True,False,False,False,False,True,True
A1c.2,A1c.2-0049,0.8,0.1,0.7,0.3,0.75,0.8,0.02,0.5,0.2,0.9,1.0,1,2,0.3,0.8399999999999999,0.5399999999999998,develop_M2_task_2,M2,M2,M2,M1,False,M1,M2,0.10000000000000009,0.275,0.8,0.4485,0.7319999999999999,0.28349999999999986,0.18349999999999977,M2,1.432,1.2485,1.2485,0.1835,1.432,0.0,GREATER,STRICT_ADVANTAGE,STRICT_ADVANTAGE,True,False,False,False,False,True,True
A1c.2,A1c.2-0050,0.8,0.1,0.7,0.35,0.75,0.8,0.02,0.5,0.2,0.9,1.0,1,2,0.35,0.85,0.5,develop_M2_task_2,M2,M2,M2,M1,False,M1,M2,0.10000000000000009,0.275,0.8,0.4875,0.75,0.2625,0.16249999999999992,M2,1.45,1.2875,1.2875,0.16249999999999987,1.45,0.0,GREATER,STRICT_ADVANTAGE,STRICT_ADVANTAGE,True,False,False,False,False,True,True
A1c.2,A1c.2-0051,0.8,0.1,0.7,0.4,0.75,0.8,0.02,0.5,0.2,0.9,1.0,1,2,0.4,0.86,0.45999999999999996,develop_M2_task_2,M2,M2,M2,M1,False,M1,M2,0.10000000000000009,0.275,0.8,0.5265,0.768,0.24150000000000005,0.14149999999999996,M2,1.468,1.3265,1.3265,0.14149999999999996,1.468,0.0,GREATER,STRICT_ADVANTAGE,STRICT_ADVANTAGE,True,False,False,False,False,True,True
A1c.2,A1c.2-0052,0.8,0.1,0.7,0.45,0.75,0.8,0.02,0.5,0.2,0.9,1.0,1,2,0.45,0.8700000000000001,0.4200000000000001,develop_M2_task_2,M2,M2,M2,M1,False,M1,M2,0.10000000000000009,0.275,0.8,0.5655,0.7860000000000001,0.22050000000000014,0.12050000000000005,M2,1.4860000000000002,1.3655,1.3655,0.12050000000000027,1.4860000000000002,0.0,GREATER,STRICT_ADVANTAGE,STRICT_ADVANTAGE,True,False,False,False,False,True,True
A1c.2,A1c.2-0053,0.8,0.1,0.7,0.5,0.75,0.8,0.02,0.5,0.2,0.9,1.0,1,2,0.5,0.88,0.38,develop_M2_task_2,M2,M2,M2,M1,False,M1,M2,0.10000000000000009,0.275,0.8,0.6045,0.804,0.1995,0.09949999999999992,M2,1.504,1.4045,1.4045,0.09949999999999992,1.504,0.0,GREATER,STRICT_ADVANTAGE,STRICT_ADVANTAGE,True,False,False,False,False,True,True
A1c.2,A1c.2-0054,0.8,0.1,0.7,0.55,0.75,0.8,0.02,0.5,0.2,0.9,1.0,1,2,0.55,0.89,0.33999999999999997,develop_M2_task_2,M2,M2,M2,M1,False,M1,M2,0.10000000000000009,0.275,0.8,0.6435,0.8220000000000001,0.1785000000000001,0.07850000000000001,M2,1.522,1.4435,1.4435,0.07850000000000001,1.522,0.0,GREATER,STRICT_ADVANTAGE,STRICT_ADVANTAGE,True,False,False,False,False,True,True
A1c.2,A1c.2-0055,0.8,0.1,0.7,0.6,0.75,0.8,0.02,0.5,0.2,0.9,1.0,1,2,0.6,0.9,0.30000000000000004,develop_M2_task_2,M2,M2,M2,M1,False,M1,M2,0.10000000000000009,0.275,0.8,0.6825,0.8400000000000001,0.15750000000000008,0.057499999999999996,M2,1.54,1.4825,1.4825,0.05750000000000011,1.54,0.0,GREATER,STRICT_ADVANTAGE,STRICT_ADVANTAGE,True,False,False,False,False,True,True
A1c.2,A1c.2-0056,0.8,0.1,0.7,0.65,0.75,0.8,0.02,0.5,0.2,0.9,1.0,1,2,0.65,0.9099999999999999,0.2599999999999999,develop_M2_task_2,M2,M2,M2,M1,False,M1,M2,0.10000000000000009,0.275,0.8,0.7215,0.858,0.13649999999999995,0.036499999999999866,M2,1.5579999999999998,1.5215,1.5215,0.036499999999999755,1.5579999999999998,0.0,GREATER,STRICT_ADVANTAGE,STRICT_ADVANTAGE,True,False,False,False,False,True,True
A1c.2,A1c.2-0057,0.8,0.1,0.7,0.7,0.75,0.8,0.02,0.5,0.2,0.9,1.0,1,2,0.7,0.9199999999999999,0.21999999999999997,develop_M2_task_2,M2,M2,M2,M1,False,M1,M2,0.10000000000000009,0.275,0.8,0.7605,0.8759999999999999,0.11549999999999994,0.015499999999999847,M2,1.5759999999999998,1.5605,1.5605,0.015499999999999847,1.5759999999999998,0.0,GREATER,STRICT_ADVANTAGE,STRICT_ADVANTAGE,True,False,False,False,False,True,True
A1c.2,A1c.2-0058,0.8,0.1,0.7,0.75,0.75,0.8,0.02,0.5,0.2,0.9,1.0,1,2,0.75,0.9299999999999999,0.17999999999999994,develop_M2_task_2,M2,M2,M2,M1,False,M1,M2,0.10000000000000009,0.275,0.8,0.7994999999999999,0.8939999999999999,0.09450000000000003,-0.00550000000000006,M1,1.5995,1.5995,1.5995,0.0,1.5995,0.0,LESS,NO_ADVANTAGE,NO_ADVANTAGE,True,False,False,False,False,True,True
A1c.2,A1c.2-0059,0.8,0.1,0.7,0.8,0.75,0.8,0.02,0.5,0.2,0.9,1.0,1,2,0.8,0.94,0.1399999999999999,develop_M2_task_2,M2,M2,M2,M1,False,M1,M2,0.10000000000000009,0.275,0.8,0.8385,0.9119999999999999,0.0734999999999999,-0.02650000000000019,M1,1.6385,1.6385,1.6385,0.0,1.6385,0.0,LESS,NO_ADVANTAGE,NO_ADVANTAGE,True,False,False,False,False,True,True
A1c.2,A1c.2-0060,0.8,0.1,0.7,0.85,0.75,0.8,0.02,0.5,0.2,0.9,1.0,1,2,0.85,0.95,0.09999999999999998,develop_M2_task_2,M2,M2,M2,M1,False,M1,M2,0.10000000000000009,0.275,0.8,0.8775,0.9299999999999999,0.05249999999999999,-0.0475000000000001,M1,1.6775,1.6775,1.6775,0.0,1.6775,0.0,LESS,NO_ADVANTAGE,NO_ADVANTAGE,True,False,False,False,False,True,True
A1c.2,A1c.2-0061,0.8,0.1,0.7,0.9,0.75,0.8,0.02,0.5,0.2,0.9,1.0,1,2,0.9,0.96,0.05999999999999994,develop_M2_task_2,M2,M2,M2,M1,False,M1,M2,0.10000000000000009,0.275,0.8,0.9165,0.948,0.03149999999999997,-0.06850000000000012,M1,1.7165,1.7165,1.7165,0.0,1.7165,0.0,LESS,NO_ADVANTAGE,NO_ADVANTAGE,True,False,False,False,False,True,True
A1c.2,A1c.2-0062,0.8,0.1,0.7,0.95,0.75,0.8,0.02,0.5,0.2,0.9,1.0,1,2,0.95,0.97,0.020000000000000018,develop_M2_task_2,M2,M2,M2,M1,False,M1,M2,0.10000000000000009,0.275,0.8,0.9555,0.966,0.010499999999999954,-0.08950000000000014,M1,1.7555,1.7555,1.7555,0.0,1.7555,0.0,LESS,NO_ADVANTAGE,NO_ADVANTAGE,True,False,False,False,False,True,True
A1c.2,A1c.2-0063,0.8,0.1,0.7,1.0,0.75,0.8,0.02,0.5,0.2,0.9,1.0,1,2,1.0,1.0,0.0,null,null,M2,M2,M1,False,M1,M2,0.10000000000000009,0.275,0.8,1.0,1.0,0.0,-0.10000000000000009,M1,1.8,1.8,1.8,0.0,1.8,0.0,LESS,NO_ADVANTAGE,NO_ADVANTAGE,True,False,False,False,False,True,True
A1c.2,A1c.2-0064,0.8,0.15,0.7,0.0,0.75,0.8,0.02,0.5,0.2,0.9,1.0,1,2,0.15,0.81,0.66,develop_M1_task_2,M1,M1,M1,M1,False,M1,M2,0.10000000000000009,0.275,0.8,0.3315,0.6780000000000002,0.34650000000000014,0.24650000000000005,M2,1.3780000000000001,1.1315,1.1315,0.24650000000000016,1.3780000000000001,0.0,GREATER,STRICT_ADVANTAGE,STRICT_ADVANTAGE,True,False,False,False,False,True,True
A1c.2,A1c.2-0065,0.8,0.15,0.7,0.05,0.75,0.8,0.02,0.5,0.2,0.9,1.0,1,2,0.15,0.81,0.66,develop_M1_task_2,M1,M1,M1,M1,False,M1,M2,0.10000000000000009,0.275,0.8,0.3315,0.6780000000000002,0.34650000000000014,0.24650000000000005,M2,1.3780000000000001,1.1315,1.1315,0.24650000000000016,1.3780000000000001,0.0,GREATER,STRICT_ADVANTAGE,STRICT_ADVANTAGE,True,False,False,False,False,True,True
A1c.2,A1c.2-0066,0.8,0.15,0.7,0.1,0.75,0.8,0.02,0.5,0.2,0.9,1.0,1,2,0.15,0.81,0.66,develop_M1_task_2,M1,M1,M1,M1,False,M1,M2,0.10000000000000009,0.275,0.8,0.3315,0.6780000000000002,0.34650000000000014,0.24650000000000005,M2,1.3780000000000001,1.1315,1.1315,0.24650000000000016,1.3780000000000001,0.0,GREATER,STRICT_ADVANTAGE,STRICT_ADVANTAGE,True,False,False,False,False,True,True
A1c.2,A1c.2-0067,0.8,0.15,0.7,0.15,0.75,0.8,0.02,0.5,0.2,0.9,1.0,1,2,0.15,0.81,0.66,develop_M1_task_2|develop_M2_task_2,ties,M1|M2,tie,M1,False,M1,M2,0.10000000000000009,0.275,0.8,0.3315,0.6780000000000002,0.34650000000000014,0.24650000000000005,M2,1.3780000000000001,1.1315,1.1315,0.24650000000000016,1.3780000000000001,0.0,GREATER,STRICT_ADVANTAGE,STRICT_ADVANTAGE,True,False,False,False,False,True,True
A1c.2,A1c.2-0068,0.8,0.15,0.7,0.2,0.75,0.8,0.02,0.5,0.2,0.9,1.0,1,2,0.2,0.8200000000000001,0.6200000000000001,develop_M2_task_2,M2,M2,M2,M1,False,M1,M2,0.10000000000000009,0.275,0.8,0.37050000000000005,0.6960000000000002,0.3255000000000001,0.22550000000000003,M2,1.3960000000000001,1.1705,1.1705,0.22550000000000003,1.3960000000000001,0.0,GREATER,STRICT_ADVANTAGE,STRICT_ADVANTAGE,True,False,False,False,False,True,True
A1c.2,A1c.2-0069,0.8,0.15,0.7,0.25,0.75,0.8,0.02,0.5,0.2,0.9,1.0,1,2,0.25,0.8300000000000001,0.5800000000000001,develop_M2_task_2,M2,M2,M2,M1,False,M1,M2,0.10000000000000009,0.275,0.8,0.40950000000000003,0.7140000000000002,0.30450000000000016,0.20450000000000007,M2,1.4140000000000001,1.2095,1.2095,0.20450000000000013,1.4140000000000001,0.0,GREATER,STRICT_ADVANTAGE,STRICT_ADVANTAGE,True,False,False,False,False,True,True
A1c.2,A1c.2-0070,0.8,0.15,0.7,0.3,0.75,0.8,0.02,0.5,0.2,0.9,1.0,1,2,0.3,0.8399999999999999,0.5399999999999998,develop_M2_task_2,M2,M2,M2,M1,False,M1,M2,0.10000000000000009,0.275,0.8,0.4485,0.7319999999999999,0.28349999999999986,0.18349999999999977,M2,1.432,1.2485,1.2485,0.1835,1.432,0.0,GREATER,STRICT_ADVANTAGE,STRICT_ADVANTAGE,True,False,False,False,False,True,True
A1c.2,A1c.2-0071,0.8,0.15,0.7,0.35,0.75,0.8,0.02,0.5,0.2,0.9,1.0,1,2,0.35,0.85,0.5,develop_M2_task_2,M2,M2,M2,M1,False,M1,M2,0.10000000000000009,0.275,0.8,0.4875,0.75,0.2625,0.16249999999999992,M2,1.45,1.2875,1.2875,0.16249999999999987,1.45,0.0,GREATER,STRICT_ADVANTAGE,STRICT_ADVANTAGE,True,False,False,False,False,True,True
A1c.2,A1c.2-0072,0.8,0.15,0.7,0.4,0.75,0.8,0.02,0.5,0.2,0.9,1.0,1,2,0.4,0.86,0.45999999999999996,develop_M2_task_2,M2,M2,M2,M1,False,M1,M2,0.10000000000000009,0.275,0.8,0.5265,0.768,0.24150000000000005,0.14149999999999996,M2,1.468,1.3265,1.3265,0.14149999999999996,1.468,0.0,GREATER,STRICT_ADVANTAGE,STRICT_ADVANTAGE,True,False,False,False,False,True,True
A1c.2,A1c.2-0073,0.8,0.15,0.7,0.45,0.75,0.8,0.02,0.5,0.2,0.9,1.0,1,2,0.45,0.8700000000000001,0.4200000000000001,develop_M2_task_2,M2,M2,M2,M1,False,M1,M2,0.10000000000000009,0.275,0.8,0.5655,0.7860000000000001,0.22050000000000014,0.12050000000000005,M2,1.4860000000000002,1.3655,1.3655,0.12050000000000027,1.4860000000000002,0.0,GREATER,STRICT_ADVANTAGE,STRICT_ADVANTAGE,True,False,False,False,False,True,True
A1c.2,A1c.2-0074,0.8,0.15,0.7,0.5,0.75,0.8,0.02,0.5,0.2,0.9,1.0,1,2,0.5,0.88,0.38,develop_M2_task_2,M2,M2,M2,M1,False,M1,M2,0.10000000000000009,0.275,0.8,0.6045,0.804,0.1995,0.09949999999999992,M2,1.504,1.4045,1.4045,0.09949999999999992,1.504,0.0,GREATER,STRICT_ADVANTAGE,STRICT_ADVANTAGE,True,False,False,False,False,True,True
A1c.2,A1c.2-0075,0.8,0.15,0.7,0.55,0.75,0.8,0.02,0.5,0.2,0.9,1.0,1,2,0.55,0.89,0.33999999999999997,develop_M2_task_2,M2,M2,M2,M1,False,M1,M2,0.10000000000000009,0.275,0.8,0.6435,0.8220000000000001,0.1785000000000001,0.07850000000000001,M2,1.522,1.4435,1.4435,0.07850000000000001,1.522,0.0,GREATER,STRICT_ADVANTAGE,STRICT_ADVANTAGE,True,False,False,False,False,True,True
A1c.2,A1c.2-0076,0.8,0.15,0.7,0.6,0.75,0.8,0.02,0.5,0.2,0.9,1.0,1,2,0.6,0.9,0.30000000000000004,develop_M2_task_2,M2,M2,M2,M1,False,M1,M2,0.10000000000000009,0.275,0.8,0.6825,0.8400000000000001,0.15750000000000008,0.057499999999999996,M2,1.54,1.4825,1.4825,0.05750000000000011,1.54,0.0,GREATER,STRICT_ADVANTAGE,STRICT_ADVANTAGE,True,False,False,False,False,True,True
A1c.2,A1c.2-0077,0.8,0.15,0.7,0.65,0.75,0.8,0.02,0.5,0.2,0.9,1.0,1,2,0.65,0.9099999999999999,0.2599999999999999,develop_M2_task_2,M2,M2,M2,M1,False,M1,M2,0.10000000000000009,0.275,0.8,0.7215,0.858,0.13649999999999995,0.036499999999999866,M2,1.5579999999999998,1.5215,1.5215,0.036499999999999755,1.5579999999999998,0.0,GREATER,STRICT_ADVANTAGE,STRICT_ADVANTAGE,True,False,False,False,False,True,True
A1c.2,A1c.2-0078,0.8,0.15,0.7,0.7,0.75,0.8,0.02,0.5,0.2,0.9,1.0,1,2,0.7,0.9199999999999999,0.21999999999999997,develop_M2_task_2,M2,M2,M2,M1,False,M1,M2,0.10000000000000009,0.275,0.8,0.7605,0.8759999999999999,0.11549999999999994,0.015499999999999847,M2,1.5759999999999998,1.5605,1.5605,0.015499999999999847,1.5759999999999998,0.0,GREATER,STRICT_ADVANTAGE,STRICT_ADVANTAGE,True,False,False,False,False,True,True
A1c.2,A1c.2-0079,0.8,0.15,0.7,0.75,0.75,0.8,0.02,0.5,0.2,0.9,1.0,1,2,0.75,0.9299999999999999,0.17999999999999994,develop_M2_task_2,M2,M2,M2,M1,False,M1,M2,0.10000000000000009,0.275,0.8,0.7994999999999999,0.8939999999999999,0.09450000000000003,-0.00550000000000006,M1,1.5995,1.5995,1.5995,0.0,1.5995,0.0,LESS,NO_ADVANTAGE,NO_ADVANTAGE,True,False,False,False,False,True,True
A1c.2,A1c.2-0080,0.8,0.15,0.7,0.8,0.75,0.8,0.02,0.5,0.2,0.9,1.0,1,2,0.8,0.94,0.1399999999999999,develop_M2_task_2,M2,M2,M2,M1,False,M1,M2,0.10000000000000009,0.275,0.8,0.8385,0.9119999999999999,0.0734999999999999,-0.02650000000000019,M1,1.6385,1.6385,1.6385,0.0,1.6385,0.0,LESS,NO_ADVANTAGE,NO_ADVANTAGE,True,False,False,False,False,True,True
A1c.2,A1c.2-0081,0.8,0.15,0.7,0.85,0.75,0.8,0.02,0.5,0.2,0.9,1.0,1,2,0.85,0.95,0.09999999999999998,develop_M2_task_2,M2,M2,M2,M1,False,M1,M2,0.10000000000000009,0.275,0.8,0.8775,0.9299999999999999,0.05249999999999999,-0.0475000000000001,M1,1.6775,1.6775,1.6775,0.0,1.6775,0.0,LESS,NO_ADVANTAGE,NO_ADVANTAGE,True,False,False,False,False,True,True
A1c.2,A1c.2-0082,0.8,0.15,0.7,0.9,0.75,0.8,0.02,0.5,0.2,0.9,1.0,1,2,0.9,0.96,0.05999999999999994,develop_M2_task_2,M2,M2,M2,M1,False,M1,M2,0.10000000000000009,0.275,0.8,0.9165,0.948,0.03149999999999997,-0.06850000000000012,M1,1.7165,1.7165,1.7165,0.0,1.7165,0.0,LESS,NO_ADVANTAGE,NO_ADVANTAGE,True,False,False,False,False,True,True
A1c.2,A1c.2-0083,0.8,0.15,0.7,0.95,0.75,0.8,0.02,0.5,0.2,0.9,1.0,1,2,0.95,0.97,0.020000000000000018,develop_M2_task_2,M2,M2,M2,M1,False,M1,M2,0.10000000000000009,0.275,0.8,0.9555,0.966,0.010499999999999954,-0.08950000000000014,M1,1.7555,1.7555,1.7555,0.0,1.7555,0.0,LESS,NO_ADVANTAGE,NO_ADVANTAGE,True,False,False,False,False,True,True
A1c.2,A1c.2-0084,0.8,0.15,0.7,1.0,0.75,0.8,0.02,0.5,0.2,0.9,1.0,1,2,1.0,1.0,0.0,null,null,M2,M2,M1,False,M1,M2,0.10000000000000009,0.275,0.8,1.0,1.0,0.0,-0.10000000000000009,M1,1.8,1.8,1.8,0.0,1.8,0.0,LESS,NO_ADVANTAGE,NO_ADVANTAGE,True,False,False,False,False,True,True
A1c.2,A1c.2-0085,0.8,0.2,0.7,0.0,0.75,0.8,0.02,0.5,0.2,0.9,1.0,1,2,0.2,0.8200000000000001,0.6200000000000001,develop_M1_task_2,M1,M1,M1,M1,False,M1,M2,0.10000000000000009,0.275,0.8,0.37050000000000005,0.6960000000000002,0.3255000000000001,0.22550000000000003,M2,1.3960000000000001,1.1705,1.1705,0.22550000000000003,1.3960000000000001,0.0,GREATER,STRICT_ADVANTAGE,STRICT_ADVANTAGE,True,False,False,False,False,True,True
A1c.2,A1c.2-0086,0.8,0.2,0.7,0.05,0.75,0.8,0.02,0.5,0.2,0.9,1.0,1,2,0.2,0.8200000000000001,0.6200000000000001,develop_M1_task_2,M1,M1,M1,M1,False,M1,M2,0.10000000000000009,0.275,0.8,0.37050000000000005,0.6960000000000002,0.3255000000000001,0.22550000000000003,M2,1.3960000000000001,1.1705,1.1705,0.22550000000000003,1.3960000000000001,0.0,GREATER,STRICT_ADVANTAGE,STRICT_ADVANTAGE,True,False,False,False,False,True,True
A1c.2,A1c.2-0087,0.8,0.2,0.7,0.1,0.75,0.8,0.02,0.5,0.2,0.9,1.0,1,2,0.2,0.8200000000000001,0.6200000000000001,develop_M1_task_2,M1,M1,M1,M1,False,M1,M2,0.10000000000000009,0.275,0.8,0.37050000000000005,0.6960000000000002,0.3255000000000001,0.22550000000000003,M2,1.3960000000000001,1.1705,1.1705,0.22550000000000003,1.3960000000000001,0.0,GREATER,STRICT_ADVANTAGE,STRICT_ADVANTAGE,True,False,False,False,False,True,True
A1c.2,A1c.2-0088,0.8,0.2,0.7,0.15,0.75,0.8,0.02,0.5,0.2,0.9,1.0,1,2,0.2,0.8200000000000001,0.6200000000000001,develop_M1_task_2,M1,M1,M1,M1,False,M1,M2,0.10000000000000009,0.275,0.8,0.37050000000000005,0.6960000000000002,0.3255000000000001,0.22550000000000003,M2,1.3960000000000001,1.1705,1.1705,0.22550000000000003,1.3960000000000001,0.0,GREATER,STRICT_ADVANTAGE,STRICT_ADVANTAGE,True,False,False,False,False,True,True
A1c.2,A1c.2-0089,0.8,0.2,0.7,0.2,0.75,0.8,0.02,0.5,0.2,0.9,1.0,1,2,0.2,0.8200000000000001,0.6200000000000001,develop_M1_task_2|develop_M2_task_2,ties,M1|M2,tie,M1,False,M1,M2,0.10000000000000009,0.275,0.8,0.37050000000000005,0.6960000000000002,0.3255000000000001,0.22550000000000003,M2,1.3960000000000001,1.1705,1.1705,0.22550000000000003,1.3960000000000001,0.0,GREATER,STRICT_ADVANTAGE,STRICT_ADVANTAGE,True,False,False,False,False,True,True
A1c.2,A1c.2-0090,0.8,0.2,0.7,0.25,0.75,0.8,0.02,0.5,0.2,0.9,1.0,1,2,0.25,0.8300000000000001,0.5800000000000001,develop_M2_task_2,M2,M2,M2,M1,False,M1,M2,0.10000000000000009,0.275,0.8,0.40950000000000003,0.7140000000000002,0.30450000000000016,0.20450000000000007,M2,1.4140000000000001,1.2095,1.2095,0.20450000000000013,1.4140000000000001,0.0,GREATER,STRICT_ADVANTAGE,STRICT_ADVANTAGE,True,False,False,False,False,True,True
A1c.2,A1c.2-0091,0.8,0.2,0.7,0.3,0.75,0.8,0.02,0.5,0.2,0.9,1.0,1,2,0.3,0.8399999999999999,0.5399999999999998,develop_M2_task_2,M2,M2,M2,M1,False,M1,M2,0.10000000000000009,0.275,0.8,0.4485,0.7319999999999999,0.28349999999999986,0.18349999999999977,M2,1.432,1.2485,1.2485,0.1835,1.432,0.0,GREATER,STRICT_ADVANTAGE,STRICT_ADVANTAGE,True,False,False,False,False,True,True
A1c.2,A1c.2-0092,0.8,0.2,0.7,0.35,0.75,0.8,0.02,0.5,0.2,0.9,1.0,1,2,0.35,0.85,0.5,develop_M2_task_2,M2,M2,M2,M1,False,M1,M2,0.10000000000000009,0.275,0.8,0.4875,0.75,0.2625,0.16249999999999992,M2,1.45,1.2875,1.2875,0.16249999999999987,1.45,0.0,GREATER,STRICT_ADVANTAGE,STRICT_ADVANTAGE,True,False,False,False,False,True,True
A1c.2,A1c.2-0093,0.8,0.2,0.7,0.4,0.75,0.8,0.02,0.5,0.2,0.9,1.0,1,2,0.4,0.86,0.45999999999999996,develop_M2_task_2,M2,M2,M2,M1,False,M1,M2,0.10000000000000009,0.275,0.8,0.5265,0.768,0.24150000000000005,0.14149999999999996,M2,1.468,1.3265,1.3265,0.14149999999999996,1.468,0.0,GREATER,STRICT_ADVANTAGE,STRICT_ADVANTAGE,True,False,False,False,False,True,True
A1c.2,A1c.2-0094,0.8,0.2,0.7,0.45,0.75,0.8,0.02,0.5,0.2,0.9,1.0,1,2,0.45,0.8700000000000001,0.4200000000000001,develop_M2_task_2,M2,M2,M2,M1,False,M1,M2,0.10000000000000009,0.275,0.8,0.5655,0.7860000000000001,0.22050000000000014,0.12050000000000005,M2,1.4860000000000002,1.3655,1.3655,0.12050000000000027,1.4860000000000002,0.0,GREATER,STRICT_ADVANTAGE,STRICT_ADVANTAGE,True,False,False,False,False,True,True
A1c.2,A1c.2-0095,0.8,0.2,0.7,0.5,0.75,0.8,0.02,0.5,0.2,0.9,1.0,1,2,0.5,0.88,0.38,develop_M2_task_2,M2,M2,M2,M1,False,M1,M2,0.10000000000000009,0.275,0.8,0.6045,0.804,0.1995,0.09949999999999992,M2,1.504,1.4045,1.4045,0.09949999999999992,1.504,0.0,GREATER,STRICT_ADVANTAGE,STRICT_ADVANTAGE,True,False,False,False,False,True,True
A1c.2,A1c.2-0096,0.8,0.2,0.7,0.55,0.75,0.8,0.02,0.5,0.2,0.9,1.0,1,2,0.55,0.89,0.33999999999999997,develop_M2_task_2,M2,M2,M2,M1,False,M1,M2,0.10000000000000009,0.275,0.8,0.6435,0.8220000000000001,0.1785000000000001,0.07850000000000001,M2,1.522,1.4435,1.4435,0.07850000000000001,1.522,0.0,GREATER,STRICT_ADVANTAGE,STRICT_ADVANTAGE,True,False,False,False,False,True,True
A1c.2,A1c.2-0097,0.8,0.2,0.7,0.6,0.75,0.8,0.02,0.5,0.2,0.9,1.0,1,2,0.6,0.9,0.30000000000000004,develop_M2_task_2,M2,M2,M2,M1,False,M1,M2,0.10000000000000009,0.275,0.8,0.6825,0.8400000000000001,0.15750000000000008,0.057499999999999996,M2,1.54,1.4825,1.4825,0.05750000000000011,1.54,0.0,GREATER,STRICT_ADVANTAGE,STRICT_ADVANTAGE,True,False,False,False,False,True,True
A1c.2,A1c.2-0098,0.8,0.2,0.7,0.65,0.75,0.8,0.02,0.5,0.2,0.9,1.0,1,2,0.65,0.9099999999999999,0.2599999999999999,develop_M2_task_2,M2,M2,M2,M1,False,M1,M2,0.10000000000000009,0.275,0.8,0.7215,0.858,0.13649999999999995,0.036499999999999866,M2,1.5579999999999998,1.5215,1.5215,0.036499999999999755,1.5579999999999998,0.0,GREATER,STRICT_ADVANTAGE,STRICT_ADVANTAGE,True,False,False,False,False,True,True
A1c.2,A1c.2-0099,0.8,0.2,0.7,0.7,0.75,0.8,0.02,0.5,0.2,0.9,1.0,1,2,0.7,0.9199999999999999,0.21999999999999997,develop_M2_task_2,M2,M2,M2,M1,False,M1,M2,0.10000000000000009,0.275,0.8,0.7605,0.8759999999999999,0.11549999999999994,0.015499999999999847,M2,1.5759999999999998,1.5605,1.5605,0.015499999999999847,1.5759999999999998,0.0,GREATER,STRICT_ADVANTAGE,STRICT_ADVANTAGE,True,False,False,False,False,True,True
A1c.2,A1c.2-0100,0.8,0.2,0.7,0.75,0.75,0.8,0.02,0.5,0.2,0.9,1.0,1,2,0.75,0.9299999999999999,0.17999999999999994,develop_M2_task_2,M2,M2,M2,M1,False,M1,M2,0.10000000000000009,0.275,0.8,0.7994999999999999,0.8939999999999999,0.09450000000000003,-0.00550000000000006,M1,1.5995,1.5995,1.5995,0.0,1.5995,0.0,LESS,NO_ADVANTAGE,NO_ADVANTAGE,True,False,False,False,False,True,True
A1c.2,A1c.2-0101,0.8,0.2,0.7,0.8,0.75,0.8,0.02,0.5,0.2,0.9,1.0,1,2,0.8,0.94,0.1399999999999999,develop_M2_task_2,M2,M2,M2,M1,False,M1,M2,0.10000000000000009,0.275,0.8,0.8385,0.9119999999999999,0.0734999999999999,-0.02650000000000019,M1,1.6385,1.6385,1.6385,0.0,1.6385,0.0,LESS,NO_ADVANTAGE,NO_ADVANTAGE,True,False,False,False,False,True,True
A1c.2,A1c.2-0102,0.8,0.2,0.7,0.85,0.75,0.8,0.02,0.5,0.2,0.9,1.0,1,2,0.85,0.95,0.09999999999999998,develop_M2_task_2,M2,M2,M2,M1,False,M1,M2,0.10000000000000009,0.275,0.8,0.8775,0.9299999999999999,0.05249999999999999,-0.0475000000000001,M1,1.6775,1.6775,1.6775,0.0,1.6775,0.0,LESS,NO_ADVANTAGE,NO_ADVANTAGE,True,False,False,False,False,True,True
A1c.2,A1c.2-0103,0.8,0.2,0.7,0.9,0.75,0.8,0.02,0.5,0.2,0.9,1.0,1,2,0.9,0.96,0.05999999999999994,develop_M2_task_2,M2,M2,M2,M1,False,M1,M2,0.10000000000000009,0.275,0.8,0.9165,0.948,0.03149999999999997,-0.06850000000000012,M1,1.7165,1.7165,1.7165,0.0,1.7165,0.0,LESS,NO_ADVANTAGE,NO_ADVANTAGE,True,False,False,False,False,True,True
A1c.2,A1c.2-0104,0.8,0.2,0.7,0.95,0.75,0.8,0.02,0.5,0.2,0.9,1.0,1,2,0.95,0.97,0.020000000000000018,develop_M2_task_2,M2,M2,M2,M1,False,M1,M2,0.10000000000000009,0.275,0.8,0.9555,0.966,0.010499999999999954,-0.08950000000000014,M1,1.7555,1.7555,1.7555,0.0,1.7555,0.0,LESS,NO_ADVANTAGE,NO_ADVANTAGE,True,False,False,False,False,True,True
A1c.2,A1c.2-0105,0.8,0.2,0.7,1.0,0.75,0.8,0.02,0.5,0.2,0.9,1.0,1,2,1.0,1.0,0.0,null,null,M2,M2,M1,False,M1,M2,0.10000000000000009,0.275,0.8,1.0,1.0,0.0,-0.10000000000000009,M1,1.8,1.8,1.8,0.0,1.8,0.0,LESS,NO_ADVANTAGE,NO_ADVANTAGE,True,False,False,False,False,True,True
A1c.2,A1c.2-0106,0.8,0.25,0.7,0.0,0.75,0.8,0.02,0.5,0.2,0.9,1.0,1,2,0.25,0.8300000000000001,0.5800000000000001,develop_M1_task_2,M1,M1,M1,M1,False,M1,M2,0.10000000000000009,0.275,0.8,0.40950000000000003,0.7140000000000002,0.30450000000000016,0.20450000000000007,M2,1.4140000000000001,1.2095,1.2095,0.20450000000000013,1.4140000000000001,0.0,GREATER,STRICT_ADVANTAGE,STRICT_ADVANTAGE,True,False,False,False,False,True,True
A1c.2,A1c.2-0107,0.8,0.25,0.7,0.05,0.75,0.8,0.02,0.5,0.2,0.9,1.0,1,2,0.25,0.8300000000000001,0.5800000000000001,develop_M1_task_2,M1,M1,M1,M1,False,M1,M2,0.10000000000000009,0.275,0.8,0.40950000000000003,0.7140000000000002,0.30450000000000016,0.20450000000000007,M2,1.4140000000000001,1.2095,1.2095,0.20450000000000013,1.4140000000000001,0.0,GREATER,STRICT_ADVANTAGE,STRICT_ADVANTAGE,True,False,False,False,False,True,True
A1c.2,A1c.2-0108,0.8,0.25,0.7,0.1,0.75,0.8,0.02,0.5,0.2,0.9,1.0,1,2,0.25,0.8300000000000001,0.5800000000000001,develop_M1_task_2,M1,M1,M1,M1,False,M1,M2,0.10000000000000009,0.275,0.8,0.40950000000000003,0.7140000000000002,0.30450000000000016,0.20450000000000007,M2,1.4140000000000001,1.2095,1.2095,0.20450000000000013,1.4140000000000001,0.0,GREATER,STRICT_ADVANTAGE,STRICT_ADVANTAGE,True,False,False,False,False,True,True
A1c.2,A1c.2-0109,0.8,0.25,0.7,0.15,0.75,0.8,0.02,0.5,0.2,0.9,1.0,1,2,0.25,0.8300000000000001,0.5800000000000001,develop_M1_task_2,M1,M1,M1,M1,False,M1,M2,0.10000000000000009,0.275,0.8,0.40950000000000003,0.7140000000000002,0.30450000000000016,0.20450000000000007,M2,1.4140000000000001,1.2095,1.2095,0.20450000000000013,1.4140000000000001,0.0,GREATER,STRICT_ADVANTAGE,STRICT_ADVANTAGE,True,False,False,False,False,True,True
A1c.2,A1c.2-0110,0.8,0.25,0.7,0.2,0.75,0.8,0.02,0.5,0.2,0.9,1.0,1,2,0.25,0.8300000000000001,0.5800000000000001,develop_M1_task_2,M1,M1,M1,M1,False,M1,M2,0.10000000000000009,0.275,0.8,0.40950000000000003,0.7140000000000002,0.30450000000000016,0.20450000000000007,M2,1.4140000000000001,1.2095,1.2095,0.20450000000000013,1.4140000000000001,0.0,GREATER,STRICT_ADVANTAGE,STRICT_ADVANTAGE,True,False,False,False,False,True,True
A1c.2,A1c.2-0111,0.8,0.25,0.7,0.25,0.75,0.8,0.02,0.5,0.2,0.9,1.0,1,2,0.25,0.8300000000000001,0.5800000000000001,develop_M1_task_2|develop_M2_task_2,ties,M1|M2,tie,M1,False,M1,M2,0.10000000000000009,0.275,0.8,0.40950000000000003,0.7140000000000002,0.30450000000000016,0.20450000000000007,M2,1.4140000000000001,1.2095,1.2095,0.20450000000000013,1.4140000000000001,0.0,GREATER,STRICT_ADVANTAGE,STRICT_ADVANTAGE,True,False,False,False,False,True,True
A1c.2,A1c.2-0112,0.8,0.25,0.7,0.3,0.75,0.8,0.02,0.5,0.2,0.9,1.0,1,2,0.3,0.8399999999999999,0.5399999999999998,develop_M2_task_2,M2,M2,M2,M1,False,M1,M2,0.10000000000000009,0.275,0.8,0.4485,0.7319999999999999,0.28349999999999986,0.18349999999999977,M2,1.432,1.2485,1.2485,0.1835,1.432,0.0,GREATER,STRICT_ADVANTAGE,STRICT_ADVANTAGE,True,False,False,False,False,True,True
A1c.2,A1c.2-0113,0.8,0.25,0.7,0.35,0.75,0.8,0.02,0.5,0.2,0.9,1.0,1,2,0.35,0.85,0.5,develop_M2_task_2,M2,M2,M2,M1,False,M1,M2,0.10000000000000009,0.275,0.8,0.4875,0.75,0.2625,0.16249999999999992,M2,1.45,1.2875,1.2875,0.16249999999999987,1.45,0.0,GREATER,STRICT_ADVANTAGE,STRICT_ADVANTAGE,True,False,False,False,False,True,True
A1c.2,A1c.2-0114,0.8,0.25,0.7,0.4,0.75,0.8,0.02,0.5,0.2,0.9,1.0,1,2,0.4,0.86,0.45999999999999996,develop_M2_task_2,M2,M2,M2,M1,False,M1,M2,0.10000000000000009,0.275,0.8,0.5265,0.768,0.24150000000000005,0.14149999999999996,M2,1.468,1.3265,1.3265,0.14149999999999996,1.468,0.0,GREATER,STRICT_ADVANTAGE,STRICT_ADVANTAGE,True,False,False,False,False,True,True
A1c.2,A1c.2-0115,0.8,0.25,0.7,0.45,0.75,0.8,0.02,0.5,0.2,0.9,1.0,1,2,0.45,0.8700000000000001,0.4200000000000001,develop_M2_task_2,M2,M2,M2,M1,False,M1,M2,0.10000000000000009,0.275,0.8,0.5655,0.7860000000000001,0.22050000000000014,0.12050000000000005,M2,1.4860000000000002,1.3655,1.3655,0.12050000000000027,1.4860000000000002,0.0,GREATER,STRICT_ADVANTAGE,STRICT_ADVANTAGE,True,False,False,False,False,True,True
A1c.2,A1c.2-0116,0.8,0.25,0.7,0.5,0.75,0.8,0.02,0.5,0.2,0.9,1.0,1,2,0.5,0.88,0.38,develop_M2_task_2,M2,M2,M2,M1,False,M1,M2,0.10000000000000009,0.275,0.8,0.6045,0.804,0.1995,0.09949999999999992,M2,1.504,1.4045,1.4045,0.09949999999999992,1.504,0.0,GREATER,STRICT_ADVANTAGE,STRICT_ADVANTAGE,True,False,False,False,False,True,True
A1c.2,A1c.2-0117,0.8,0.25,0.7,0.55,0.75,0.8,0.02,0.5,0.2,0.9,1.0,1,2,0.55,0.89,0.33999999999999997,develop_M2_task_2,M2,M2,M2,M1,False,M1,M2,0.10000000000000009,0.275,0.8,0.6435,0.8220000000000001,0.1785000000000001,0.07850000000000001,M2,1.522,1.4435,1.4435,0.07850000000000001,1.522,0.0,GREATER,STRICT_ADVANTAGE,STRICT_ADVANTAGE,True,False,False,False,False,True,True
A1c.2,A1c.2-0118,0.8,0.25,0.7,0.6,0.75,0.8,0.02,0.5,0.2,0.9,1.0,1,2,0.6,0.9,0.30000000000000004,develop_M2_task_2,M2,M2,M2,M1,False,M1,M2,0.10000000000000009,0.275,0.8,0.6825,0.8400000000000001,0.15750000000000008,0.057499999999999996,M2,1.54,1.4825,1.4825,0.05750000000000011,1.54,0.0,GREATER,STRICT_ADVANTAGE,STRICT_ADVANTAGE,True,False,False,False,False,True,True
A1c.2,A1c.2-0119,0.8,0.25,0.7,0.65,0.75,0.8,0.02,0.5,0.2,0.9,1.0,1,2,0.65,0.9099999999999999,0.2599999999999999,develop_M2_task_2,M2,M2,M2,M1,False,M1,M2,0.10000000000000009,0.275,0.8,0.7215,0.858,0.13649999999999995,0.036499999999999866,M2,1.5579999999999998,1.5215,1.5215,0.036499999999999755,1.5579999999999998,0.0,GREATER,STRICT_ADVANTAGE,STRICT_ADVANTAGE,True,False,False,False,False,True,True
A1c.2,A1c.2-0120,0.8,0.25,0.7,0.7,0.75,0.8,0.02,0.5,0.2,0.9,1.0,1,2,0.7,0.9199999999999999,0.21999999999999997,develop_M2_task_2,M2,M2,M2,M1,False,M1,M2,0.10000000000000009,0.275,0.8,0.7605,0.8759999999999999,0.11549999999999994,0.015499999999999847,M2,1.5759999999999998,1.5605,1.5605,0.015499999999999847,1.5759999999999998,0.0,GREATER,STRICT_ADVANTAGE,STRICT_ADVANTAGE,True,False,False,False,False,True,True
A1c.2,A1c.2-0121,0.8,0.25,0.7,0.75,0.75,0.8,0.02,0.5,0.2,0.9,1.0,1,2,0.75,0.9299999999999999,0.17999999999999994,develop_M2_task_2,M2,M2,M2,M1,False,M1,M2,0.10000000000000009,0.275,0.8,0.7994999999999999,0.8939999999999999,0.09450000000000003,-0.00550000000000006,M1,1.5995,1.5995,1.5995,0.0,1.5995,0.0,LESS,NO_ADVANTAGE,NO_ADVANTAGE,True,False,False,False,False,True,True
A1c.2,A1c.2-0122,0.8,0.25,0.7,0.8,0.75,0.8,0.02,0.5,0.2,0.9,1.0,1,2,0.8,0.94,0.1399999999999999,develop_M2_task_2,M2,M2,M2,M1,False,M1,M2,0.10000000000000009,0.275,0.8,0.8385,0.9119999999999999,0.0734999999999999,-0.02650000000000019,M1,1.6385,1.6385,1.6385,0.0,1.6385,0.0,LESS,NO_ADVANTAGE,NO_ADVANTAGE,True,False,False,False,False,True,True
A1c.2,A1c.2-0123,0.8,0.25,0.7,0.85,0.75,0.8,0.02,0.5,0.2,0.9,1.0,1,2,0.85,0.95,0.09999999999999998,develop_M2_task_2,M2,M2,M2,M1,False,M1,M2,0.10000000000000009,0.275,0.8,0.8775,0.9299999999999999,0.05249999999999999,-0.0475000000000001,M1,1.6775,1.6775,1.6775,0.0,1.6775,0.0,LESS,NO_ADVANTAGE,NO_ADVANTAGE,True,False,False,False,False,True,True
A1c.2,A1c.2-0124,0.8,0.25,0.7,0.9,0.75,0.8,0.02,0.5,0.2,0.9,1.0,1,2,0.9,0.96,0.05999999999999994,develop_M2_task_2,M2,M2,M2,M1,False,M1,M2,0.10000000000000009,0.275,0.8,0.9165,0.948,0.03149999999999997,-0.06850000000000012,M1,1.7165,1.7165,1.7165,0.0,1.7165,0.0,LESS,NO_ADVANTAGE,NO_ADVANTAGE,True,False,False,False,False,True,True
A1c.2,A1c.2-0125,0.8,0.25,0.7,0.95,0.75,0.8,0.02,0.5,0.2,0.9,1.0,1,2,0.95,0.97,0.020000000000000018,develop_M2_task_2,M2,M2,M2,M1,False,M1,M2,0.10000000000000009,0.275,0.8,0.9555,0.966,0.010499999999999954,-0.08950000000000014,M1,1.7555,1.7555,1.7555,0.0,1.7555,0.0,LESS,NO_ADVANTAGE,NO_ADVANTAGE,True,False,False,False,False,True,True
A1c.2,A1c.2-0126,0.8,0.25,0.7,1.0,0.75,0.8,0.02,0.5,0.2,0.9,1.0,1,2,1.0,1.0,0.0,null,null,M2,M2,M1,False,M1,M2,0.10000000000000009,0.275,0.8,1.0,1.0,0.0,-0.10000000000000009,M1,1.8,1.8,1.8,0.0,1.8,0.0,LESS,NO_ADVANTAGE,NO_ADVANTAGE,True,False,False,False,False,True,True
A1c.2,A1c.2-0127,0.8,0.3,0.7,0.0,0.75,0.8,0.02,0.5,0.2,0.9,1.0,1,2,0.3,0.8399999999999999,0.5399999999999998,develop_M1_task_2,M1,M1,M1,M1,False,M1,M2,0.10000000000000009,0.275,0.8,0.4485,0.7319999999999999,0.28349999999999986,0.18349999999999977,M2,1.432,1.2485,1.2485,0.1835,1.432,0.0,GREATER,STRICT_ADVANTAGE,STRICT_ADVANTAGE,True,False,False,False,False,True,True
A1c.2,A1c.2-0128,0.8,0.3,0.7,0.05,0.75,0.8,0.02,0.5,0.2,0.9,1.0,1,2,0.3,0.8399999999999999,0.5399999999999998,develop_M1_task_2,M1,M1,M1,M1,False,M1,M2,0.10000000000000009,0.275,0.8,0.4485,0.7319999999999999,0.28349999999999986,0.18349999999999977,M2,1.432,1.2485,1.2485,0.1835,1.432,0.0,GREATER,STRICT_ADVANTAGE,STRICT_ADVANTAGE,True,False,False,False,False,True,True
A1c.2,A1c.2-0129,0.8,0.3,0.7,0.1,0.75,0.8,0.02,0.5,0.2,0.9,1.0,1,2,0.3,0.8399999999999999,0.5399999999999998,develop_M1_task_2,M1,M1,M1,M1,False,M1,M2,0.10000000000000009,0.275,0.8,0.4485,0.7319999999999999,0.28349999999999986,0.18349999999999977,M2,1.432,1.2485,1.2485,0.1835,1.432,0.0,GREATER,STRICT_ADVANTAGE,STRICT_ADVANTAGE,True,False,False,False,False,True,True
A1c.2,A1c.2-0130,0.8,0.3,0.7,0.15,0.75,0.8,0.02,0.5,0.2,0.9,1.0,1,2,0.3,0.8399999999999999,0.5399999999999998,develop_M1_task_2,M1,M1,M1,M1,False,M1,M2,0.10000000000000009,0.275,0.8,0.4485,0.7319999999999999,0.28349999999999986,0.18349999999999977,M2,1.432,1.2485,1.2485,0.1835,1.432,0.0,GREATER,STRICT_ADVANTAGE,STRICT_ADVANTAGE,True,False,False,False,False,True,True
A1c.2,A1c.2-0131,0.8,0.3,0.7,0.2,0.75,0.8,0.02,0.5,0.2,0.9,1.0,1,2,0.3,0.8399999999999999,0.5399999999999998,develop_M1_task_2,M1,M1,M1,M1,False,M1,M2,0.10000000000000009,0.275,0.8,0.4485,0.7319999999999999,0.28349999999999986,0.18349999999999977,M2,1.432,1.2485,1.2485,0.1835,1.432,0.0,GREATER,STRICT_ADVANTAGE,STRICT_ADVANTAGE,True,False,False,False,False,True,True
A1c.2,A1c.2-0132,0.8,0.3,0.7,0.25,0.75,0.8,0.02,0.5,0.2,0.9,1.0,1,2,0.3,0.8399999999999999,0.5399999999999998,develop_M1_task_2,M1,M1,M1,M1,False,M1,M2,0.10000000000000009,0.275,0.8,0.4485,0.7319999999999999,0.28349999999999986,0.18349999999999977,M2,1.432,1.2485,1.2485,0.1835,1.432,0.0,GREATER,STRICT_ADVANTAGE,STRICT_ADVANTAGE,True,False,False,False,False,True,True
A1c.2,A1c.2-0133,0.8,0.3,0.7,0.3,0.75,0.8,0.02,0.5,0.2,0.9,1.0,1,2,0.3,0.8399999999999999,0.5399999999999998,develop_M1_task_2|develop_M2_task_2,ties,M1|M2,tie,M1,False,M1,M2,0.10000000000000009,0.275,0.8,0.4485,0.7319999999999999,0.28349999999999986,0.18349999999999977,M2,1.432,1.2485,1.2485,0.1835,1.432,0.0,GREATER,STRICT_ADVANTAGE,STRICT_ADVANTAGE,True,False,False,False,False,True,True
A1c.2,A1c.2-0134,0.8,0.3,0.7,0.35,0.75,0.8,0.02,0.5,0.2,0.9,1.0,1,2,0.35,0.85,0.5,develop_M2_task_2,M2,M2,M2,M1,False,M1,M2,0.10000000000000009,0.275,0.8,0.4875,0.75,0.2625,0.16249999999999992,M2,1.45,1.2875,1.2875,0.16249999999999987,1.45,0.0,GREATER,STRICT_ADVANTAGE,STRICT_ADVANTAGE,True,False,False,False,False,True,True
A1c.2,A1c.2-0135,0.8,0.3,0.7,0.4,0.75,0.8,0.02,0.5,0.2,0.9,1.0,1,2,0.4,0.86,0.45999999999999996,develop_M2_task_2,M2,M2,M2,M1,False,M1,M2,0.10000000000000009,0.275,0.8,0.5265,0.768,0.24150000000000005,0.14149999999999996,M2,1.468,1.3265,1.3265,0.14149999999999996,1.468,0.0,GREATER,STRICT_ADVANTAGE,STRICT_ADVANTAGE,True,False,False,False,False,True,True
A1c.2,A1c.2-0136,0.8,0.3,0.7,0.45,0.75,0.8,0.02,0.5,0.2,0.9,1.0,1,2,0.45,0.8700000000000001,0.4200000000000001,develop_M2_task_2,M2,M2,M2,M1,False,M1,M2,0.10000000000000009,0.275,0.8,0.5655,0.7860000000000001,0.22050000000000014,0.12050000000000005,M2,1.4860000000000002,1.3655,1.3655,0.12050000000000027,1.4860000000000002,0.0,GREATER,STRICT_ADVANTAGE,STRICT_ADVANTAGE,True,False,False,False,False,True,True
A1c.2,A1c.2-0137,0.8,0.3,0.7,0.5,0.75,0.8,0.02,0.5,0.2,0.9,1.0,1,2,0.5,0.88,0.38,develop_M2_task_2,M2,M2,M2,M1,False,M1,M2,0.10000000000000009,0.275,0.8,0.6045,0.804,0.1995,0.09949999999999992,M2,1.504,1.4045,1.4045,0.09949999999999992,1.504,0.0,GREATER,STRICT_ADVANTAGE,STRICT_ADVANTAGE,True,False,False,False,False,True,True
A1c.2,A1c.2-0138,0.8,0.3,0.7,0.55,0.75,0.8,0.02,0.5,0.2,0.9,1.0,1,2,0.55,0.89,0.33999999999999997,develop_M2_task_2,M2,M2,M2,M1,False,M1,M2,0.10000000000000009,0.275,0.8,0.6435,0.8220000000000001,0.1785000000000001,0.07850000000000001,M2,1.522,1.4435,1.4435,0.07850000000000001,1.522,0.0,GREATER,STRICT_ADVANTAGE,STRICT_ADVANTAGE,True,False,False,False,False,True,True
A1c.2,A1c.2-0139,0.8,0.3,0.7,0.6,0.75,0.8,0.02,0.5,0.2,0.9,1.0,1,2,0.6,0.9,0.30000000000000004,develop_M2_task_2,M2,M2,M2,M1,False,M1,M2,0.10000000000000009,0.275,0.8,0.6825,0.8400000000000001,0.15750000000000008,0.057499999999999996,M2,1.54,1.4825,1.4825,0.05750000000000011,1.54,0.0,GREATER,STRICT_ADVANTAGE,STRICT_ADVANTAGE,True,False,False,False,False,True,True
A1c.2,A1c.2-0140,0.8,0.3,0.7,0.65,0.75,0.8,0.02,0.5,0.2,0.9,1.0,1,2,0.65,0.9099999999999999,0.2599999999999999,develop_M2_task_2,M2,M2,M2,M1,False,M1,M2,0.10000000000000009,0.275,0.8,0.7215,0.858,0.13649999999999995,0.036499999999999866,M2,1.5579999999999998,1.5215,1.5215,0.036499999999999755,1.5579999999999998,0.0,GREATER,STRICT_ADVANTAGE,STRICT_ADVANTAGE,True,False,False,False,False,True,True
A1c.2,A1c.2-0141,0.8,0.3,0.7,0.7,0.75,0.8,0.02,0.5,0.2,0.9,1.0,1,2,0.7,0.9199999999999999,0.21999999999999997,develop_M2_task_2,M2,M2,M2,M1,False,M1,M2,0.10000000000000009,0.275,0.8,0.7605,0.8759999999999999,0.11549999999999994,0.015499999999999847,M2,1.5759999999999998,1.5605,1.5605,0.015499999999999847,1.5759999999999998,0.0,GREATER,STRICT_ADVANTAGE,STRICT_ADVANTAGE,True,False,False,False,False,True,True
A1c.2,A1c.2-0142,0.8,0.3,0.7,0.75,0.75,0.8,0.02,0.5,0.2,0.9,1.0,1,2,0.75,0.9299999999999999,0.17999999999999994,develop_M2_task_2,M2,M2,M2,M1,False,M1,M2,0.10000000000000009,0.275,0.8,0.7994999999999999,0.8939999999999999,0.09450000000000003,-0.00550000000000006,M1,1.5995,1.5995,1.5995,0.0,1.5995,0.0,LESS,NO_ADVANTAGE,NO_ADVANTAGE,True,False,False,False,False,True,True
A1c.2,A1c.2-0143,0.8,0.3,0.7,0.8,0.75,0.8,0.02,0.5,0.2,0.9,1.0,1,2,0.8,0.94,0.1399999999999999,develop_M2_task_2,M2,M2,M2,M1,False,M1,M2,0.10000000000000009,0.275,0.8,0.8385,0.9119999999999999,0.0734999999999999,-0.02650000000000019,M1,1.6385,1.6385,1.6385,0.0,1.6385,0.0,LESS,NO_ADVANTAGE,NO_ADVANTAGE,True,False,False,False,False,True,True
A1c.2,A1c.2-0144,0.8,0.3,0.7,0.85,0.75,0.8,0.02,0.5,0.2,0.9,1.0,1,2,0.85,0.95,0.09999999999999998,develop_M2_task_2,M2,M2,M2,M1,False,M1,M2,0.10000000000000009,0.275,0.8,0.8775,0.9299999999999999,0.05249999999999999,-0.0475000000000001,M1,1.6775,1.6775,1.6775,0.0,1.6775,0.0,LESS,NO_ADVANTAGE,NO_ADVANTAGE,True,False,False,False,False,True,True
A1c.2,A1c.2-0145,0.8,0.3,0.7,0.9,0.75,0.8,0.02,0.5,0.2,0.9,1.0,1,2,0.9,0.96,0.05999999999999994,develop_M2_task_2,M2,M2,M2,M1,False,M1,M2,0.10000000000000009,0.275,0.8,0.9165,0.948,0.03149999999999997,-0.06850000000000012,M1,1.7165,1.7165,1.7165,0.0,1.7165,0.0,LESS,NO_ADVANTAGE,NO_ADVANTAGE,True,False,False,False,False,True,True
A1c.2,A1c.2-0146,0.8,0.3,0.7,0.95,0.75,0.8,0.02,0.5,0.2,0.9,1.0,1,2,0.95,0.97,0.020000000000000018,develop_M2_task_2,M2,M2,M2,M1,False,M1,M2,0.10000000000000009,0.275,0.8,0.9555,0.966,0.010499999999999954,-0.08950000000000014,M1,1.7555,1.7555,1.7555,0.0,1.7555,0.0,LESS,NO_ADVANTAGE,NO_ADVANTAGE,True,False,False,False,False,True,True
A1c.2,A1c.2-0147,0.8,0.3,0.7,1.0,0.75,0.8,0.02,0.5,0.2,0.9,1.0,1,2,1.0,1.0,0.0,null,null,M2,M2,M1,False,M1,M2,0.10000000000000009,0.275,0.8,1.0,1.0,0.0,-0.10000000000000009,M1,1.8,1.8,1.8,0.0,1.8,0.0,LESS,NO_ADVANTAGE,NO_ADVANTAGE,True,False,False,False,False,True,True
A1c.2,A1c.2-0148,0.8,0.35,0.7,0.0,0.75,0.8,0.02,0.5,0.2,0.9,1.0,1,2,0.35,0.85,0.5,develop_M1_task_2,M1,M1,M1,M1,False,M1,M2,0.10000000000000009,0.275,0.8,0.4875,0.75,0.2625,0.16249999999999992,M2,1.45,1.2875,1.2875,0.16249999999999987,1.45,0.0,GREATER,STRICT_ADVANTAGE,STRICT_ADVANTAGE,True,False,False,False,False,True,True
A1c.2,A1c.2-0149,0.8,0.35,0.7,0.05,0.75,0.8,0.02,0.5,0.2,0.9,1.0,1,2,0.35,0.85,0.5,develop_M1_task_2,M1,M1,M1,M1,False,M1,M2,0.10000000000000009,0.275,0.8,0.4875,0.75,0.2625,0.16249999999999992,M2,1.45,1.2875,1.2875,0.16249999999999987,1.45,0.0,GREATER,STRICT_ADVANTAGE,STRICT_ADVANTAGE,True,False,False,False,False,True,True
A1c.2,A1c.2-0150,0.8,0.35,0.7,0.1,0.75,0.8,0.02,0.5,0.2,0.9,1.0,1,2,0.35,0.85,0.5,develop_M1_task_2,M1,M1,M1,M1,False,M1,M2,0.10000000000000009,0.275,0.8,0.4875,0.75,0.2625,0.16249999999999992,M2,1.45,1.2875,1.2875,0.16249999999999987,1.45,0.0,GREATER,STRICT_ADVANTAGE,STRICT_ADVANTAGE,True,False,False,False,False,True,True
A1c.2,A1c.2-0151,0.8,0.35,0.7,0.15,0.75,0.8,0.02,0.5,0.2,0.9,1.0,1,2,0.35,0.85,0.5,develop_M1_task_2,M1,M1,M1,M1,False,M1,M2,0.10000000000000009,0.275,0.8,0.4875,0.75,0.2625,0.16249999999999992,M2,1.45,1.2875,1.2875,0.16249999999999987,1.45,0.0,GREATER,STRICT_ADVANTAGE,STRICT_ADVANTAGE,True,False,False,False,False,True,True
A1c.2,A1c.2-0152,0.8,0.35,0.7,0.2,0.75,0.8,0.02,0.5,0.2,0.9,1.0,1,2,0.35,0.85,0.5,develop_M1_task_2,M1,M1,M1,M1,False,M1,M2,0.10000000000000009,0.275,0.8,0.4875,0.75,0.2625,0.16249999999999992,M2,1.45,1.2875,1.2875,0.16249999999999987,1.45,0.0,GREATER,STRICT_ADVANTAGE,STRICT_ADVANTAGE,True,False,False,False,False,True,True
A1c.2,A1c.2-0153,0.8,0.35,0.7,0.25,0.75,0.8,0.02,0.5,0.2,0.9,1.0,1,2,0.35,0.85,0.5,develop_M1_task_2,M1,M1,M1,M1,False,M1,M2,0.10000000000000009,0.275,0.8,0.4875,0.75,0.2625,0.16249999999999992,M2,1.45,1.2875,1.2875,0.16249999999999987,1.45,0.0,GREATER,STRICT_ADVANTAGE,STRICT_ADVANTAGE,True,False,False,False,False,True,True
A1c.2,A1c.2-0154,0.8,0.35,0.7,0.3,0.75,0.8,0.02,0.5,0.2,0.9,1.0,1,2,0.35,0.85,0.5,develop_M1_task_2,M1,M1,M1,M1,False,M1,M2,0.10000000000000009,0.275,0.8,0.4875,0.75,0.2625,0.16249999999999992,M2,1.45,1.2875,1.2875,0.16249999999999987,1.45,0.0,GREATER,STRICT_ADVANTAGE,STRICT_ADVANTAGE,True,False,False,False,False,True,True
A1c.2,A1c.2-0155,0.8,0.35,0.7,0.35,0.75,0.8,0.02,0.5,0.2,0.9,1.0,1,2,0.35,0.85,0.5,develop_M1_task_2|develop_M2_task_2,ties,M1|M2,tie,M1,False,M1,M2,0.10000000000000009,0.275,0.8,0.4875,0.75,0.2625,0.16249999999999992,M2,1.45,1.2875,1.2875,0.16249999999999987,1.45,0.0,GREATER,STRICT_ADVANTAGE,STRICT_ADVANTAGE,True,False,False,False,False,True,True
A1c.2,A1c.2-0156,0.8,0.35,0.7,0.4,0.75,0.8,0.02,0.5,0.2,0.9,1.0,1,2,0.4,0.86,0.45999999999999996,develop_M2_task_2,M2,M2,M2,M1,False,M1,M2,0.10000000000000009,0.275,0.8,0.5265,0.768,0.24150000000000005,0.14149999999999996,M2,1.468,1.3265,1.3265,0.14149999999999996,1.468,0.0,GREATER,STRICT_ADVANTAGE,STRICT_ADVANTAGE,True,False,False,False,False,True,True
A1c.2,A1c.2-0157,0.8,0.35,0.7,0.45,0.75,0.8,0.02,0.5,0.2,0.9,1.0,1,2,0.45,0.8700000000000001,0.4200000000000001,develop_M2_task_2,M2,M2,M2,M1,False,M1,M2,0.10000000000000009,0.275,0.8,0.5655,0.7860000000000001,0.22050000000000014,0.12050000000000005,M2,1.4860000000000002,1.3655,1.3655,0.12050000000000027,1.4860000000000002,0.0,GREATER,STRICT_ADVANTAGE,STRICT_ADVANTAGE,True,False,False,False,False,True,True
A1c.2,A1c.2-0158,0.8,0.35,0.7,0.5,0.75,0.8,0.02,0.5,0.2,0.9,1.0,1,2,0.5,0.88,0.38,develop_M2_task_2,M2,M2,M2,M1,False,M1,M2,0.10000000000000009,0.275,0.8,0.6045,0.804,0.1995,0.09949999999999992,M2,1.504,1.4045,1.4045,0.09949999999999992,1.504,0.0,GREATER,STRICT_ADVANTAGE,STRICT_ADVANTAGE,True,False,False,False,False,True,True
A1c.2,A1c.2-0159,0.8,0.35,0.7,0.55,0.75,0.8,0.02,0.5,0.2,0.9,1.0,1,2,0.55,0.89,0.33999999999999997,develop_M2_task_2,M2,M2,M2,M1,False,M1,M2,0.10000000000000009,0.275,0.8,0.6435,0.8220000000000001,0.1785000000000001,0.07850000000000001,M2,1.522,1.4435,1.4435,0.07850000000000001,1.522,0.0,GREATER,STRICT_ADVANTAGE,STRICT_ADVANTAGE,True,False,False,False,False,True,True
A1c.2,A1c.2-0160,0.8,0.35,0.7,0.6,0.75,0.8,0.02,0.5,0.2,0.9,1.0,1,2,0.6,0.9,0.30000000000000004,develop_M2_task_2,M2,M2,M2,M1,False,M1,M2,0.10000000000000009,0.275,0.8,0.6825,0.8400000000000001,0.15750000000000008,0.057499999999999996,M2,1.54,1.4825,1.4825,0.05750000000000011,1.54,0.0,GREATER,STRICT_ADVANTAGE,STRICT_ADVANTAGE,True,False,False,False,False,True,True
A1c.2,A1c.2-0161,0.8,0.35,0.7,0.65,0.75,0.8,0.02,0.5,0.2,0.9,1.0,1,2,0.65,0.9099999999999999,0.2599999999999999,develop_M2_task_2,M2,M2,M2,M1,False,M1,M2,0.10000000000000009,0.275,0.8,0.7215,0.858,0.13649999999999995,0.036499999999999866,M2,1.5579999999999998,1.5215,1.5215,0.036499999999999755,1.5579999999999998,0.0,GREATER,STRICT_ADVANTAGE,STRICT_ADVANTAGE,True,False,False,False,False,True,True
A1c.2,A1c.2-0162,0.8,0.35,0.7,0.7,0.75,0.8,0.02,0.5,0.2,0.9,1.0,1,2,0.7,0.9199999999999999,0.21999999999999997,develop_M2_task_2,M2,M2,M2,M1,False,M1,M2,0.10000000000000009,0.275,0.8,0.7605,0.8759999999999999,0.11549999999999994,0.015499999999999847,M2,1.5759999999999998,1.5605,1.5605,0.015499999999999847,1.5759999999999998,0.0,GREATER,STRICT_ADVANTAGE,STRICT_ADVANTAGE,True,False,False,False,False,True,True
A1c.2,A1c.2-0163,0.8,0.35,0.7,0.75,0.75,0.8,0.02,0.5,0.2,0.9,1.0,1,2,0.75,0.9299999999999999,0.17999999999999994,develop_M2_task_2,M2,M2,M2,M1,False,M1,M2,0.10000000000000009,0.275,0.8,0.7994999999999999,0.8939999999999999,0.09450000000000003,-0.00550000000000006,M1,1.5995,1.5995,1.5995,0.0,1.5995,0.0,LESS,NO_ADVANTAGE,NO_ADVANTAGE,True,False,False,False,False,True,True
A1c.2,A1c.2-0164,0.8,0.35,0.7,0.8,0.75,0.8,0.02,0.5,0.2,0.9,1.0,1,2,0.8,0.94,0.1399999999999999,develop_M2_task_2,M2,M2,M2,M1,False,M1,M2,0.10000000000000009,0.275,0.8,0.8385,0.9119999999999999,0.0734999999999999,-0.02650000000000019,M1,1.6385,1.6385,1.6385,0.0,1.6385,0.0,LESS,NO_ADVANTAGE,NO_ADVANTAGE,True,False,False,False,False,True,True
A1c.2,A1c.2-0165,0.8,0.35,0.7,0.85,0.75,0.8,0.02,0.5,0.2,0.9,1.0,1,2,0.85,0.95,0.09999999999999998,develop_M2_task_2,M2,M2,M2,M1,False,M1,M2,0.10000000000000009,0.275,0.8,0.8775,0.9299999999999999,0.05249999999999999,-0.0475000000000001,M1,1.6775,1.6775,1.6775,0.0,1.6775,0.0,LESS,NO_ADVANTAGE,NO_ADVANTAGE,True,False,False,False,False,True,True
A1c.2,A1c.2-0166,0.8,0.35,0.7,0.9,0.75,0.8,0.02,0.5,0.2,0.9,1.0,1,2,0.9,0.96,0.05999999999999994,develop_M2_task_2,M2,M2,M2,M1,False,M1,M2,0.10000000000000009,0.275,0.8,0.9165,0.948,0.03149999999999997,-0.06850000000000012,M1,1.7165,1.7165,1.7165,0.0,1.7165,0.0,LESS,NO_ADVANTAGE,NO_ADVANTAGE,True,False,False,False,False,True,True
A1c.2,A1c.2-0167,0.8,0.35,0.7,0.95,0.75,0.8,0.02,0.5,0.2,0.9,1.0,1,2,0.95,0.97,0.020000000000000018,develop_M2_task_2,M2,M2,M2,M1,False,M1,M2,0.10000000000000009,0.275,0.8,0.9555,0.966,0.010499999999999954,-0.08950000000000014,M1,1.7555,1.7555,1.7555,0.0,1.7555,0.0,LESS,NO_ADVANTAGE,NO_ADVANTAGE,True,False,False,False,False,True,True
A1c.2,A1c.2-0168,0.8,0.35,0.7,1.0,0.75,0.8,0.02,0.5,0.2,0.9,1.0,1,2,1.0,1.0,0.0,null,null,M2,M2,M1,False,M1,M2,0.10000000000000009,0.275,0.8,1.0,1.0,0.0,-0.10000000000000009,M1,1.8,1.8,1.8,0.0,1.8,0.0,LESS,NO_ADVANTAGE,NO_ADVANTAGE,True,False,False,False,False,True,True
A1c.2,A1c.2-0169,0.8,0.4,0.7,0.0,0.75,0.8,0.02,0.5,0.2,0.9,1.0,1,2,0.4,0.86,0.45999999999999996,develop_M1_task_2,M1,M1,M1,M1,False,M1,M2,0.10000000000000009,0.275,0.8,0.5265,0.768,0.24150000000000005,0.14149999999999996,M2,1.468,1.3265,1.3265,0.14149999999999996,1.468,0.0,GREATER,STRICT_ADVANTAGE,STRICT_ADVANTAGE,True,False,False,False,False,True,True
A1c.2,A1c.2-0170,0.8,0.4,0.7,0.05,0.75,0.8,0.02,0.5,0.2,0.9,1.0,1,2,0.4,0.86,0.45999999999999996,develop_M1_task_2,M1,M1,M1,M1,False,M1,M2,0.10000000000000009,0.275,0.8,0.5265,0.768,0.24150000000000005,0.14149999999999996,M2,1.468,1.3265,1.3265,0.14149999999999996,1.468,0.0,GREATER,STRICT_ADVANTAGE,STRICT_ADVANTAGE,True,False,False,False,False,True,True
A1c.2,A1c.2-0171,0.8,0.4,0.7,0.1,0.75,0.8,0.02,0.5,0.2,0.9,1.0,1,2,0.4,0.86,0.45999999999999996,develop_M1_task_2,M1,M1,M1,M1,False,M1,M2,0.10000000000000009,0.275,0.8,0.5265,0.768,0.24150000000000005,0.14149999999999996,M2,1.468,1.3265,1.3265,0.14149999999999996,1.468,0.0,GREATER,STRICT_ADVANTAGE,STRICT_ADVANTAGE,True,False,False,False,False,True,True
A1c.2,A1c.2-0172,0.8,0.4,0.7,0.15,0.75,0.8,0.02,0.5,0.2,0.9,1.0,1,2,0.4,0.86,0.45999999999999996,develop_M1_task_2,M1,M1,M1,M1,False,M1,M2,0.10000000000000009,0.275,0.8,0.5265,0.768,0.24150000000000005,0.14149999999999996,M2,1.468,1.3265,1.3265,0.14149999999999996,1.468,0.0,GREATER,STRICT_ADVANTAGE,STRICT_ADVANTAGE,True,False,False,False,False,True,True
A1c.2,A1c.2-0173,0.8,0.4,0.7,0.2,0.75,0.8,0.02,0.5,0.2,0.9,1.0,1,2,0.4,0.86,0.45999999999999996,develop_M1_task_2,M1,M1,M1,M1,False,M1,M2,0.10000000000000009,0.275,0.8,0.5265,0.768,0.24150000000000005,0.14149999999999996,M2,1.468,1.3265,1.3265,0.14149999999999996,1.468,0.0,GREATER,STRICT_ADVANTAGE,STRICT_ADVANTAGE,True,False,False,False,False,True,True
A1c.2,A1c.2-0174,0.8,0.4,0.7,0.25,0.75,0.8,0.02,0.5,0.2,0.9,1.0,1,2,0.4,0.86,0.45999999999999996,develop_M1_task_2,M1,M1,M1,M1,False,M1,M2,0.10000000000000009,0.275,0.8,0.5265,0.768,0.24150000000000005,0.14149999999999996,M2,1.468,1.3265,1.3265,0.14149999999999996,1.468,0.0,GREATER,STRICT_ADVANTAGE,STRICT_ADVANTAGE,True,False,False,False,False,True,True
A1c.2,A1c.2-0175,0.8,0.4,0.7,0.3,0.75,0.8,0.02,0.5,0.2,0.9,1.0,1,2,0.4,0.86,0.45999999999999996,develop_M1_task_2,M1,M1,M1,M1,False,M1,M2,0.10000000000000009,0.275,0.8,0.5265,0.768,0.24150000000000005,0.14149999999999996,M2,1.468,1.3265,1.3265,0.14149999999999996,1.468,0.0,GREATER,STRICT_ADVANTAGE,STRICT_ADVANTAGE,True,False,False,False,False,True,True
A1c.2,A1c.2-0176,0.8,0.4,0.7,0.35,0.75,0.8,0.02,0.5,0.2,0.9,1.0,1,2,0.4,0.86,0.45999999999999996,develop_M1_task_2,M1,M1,M1,M1,False,M1,M2,0.10000000000000009,0.275,0.8,0.5265,0.768,0.24150000000000005,0.14149999999999996,M2,1.468,1.3265,1.3265,0.14149999999999996,1.468,0.0,GREATER,STRICT_ADVANTAGE,STRICT_ADVANTAGE,True,False,False,False,False,True,True
A1c.2,A1c.2-0177,0.8,0.4,0.7,0.4,0.75,0.8,0.02,0.5,0.2,0.9,1.0,1,2,0.4,0.86,0.45999999999999996,develop_M1_task_2|develop_M2_task_2,ties,M1|M2,tie,M1,False,M1,M2,0.10000000000000009,0.275,0.8,0.5265,0.768,0.24150000000000005,0.14149999999999996,M2,1.468,1.3265,1.3265,0.14149999999999996,1.468,0.0,GREATER,STRICT_ADVANTAGE,STRICT_ADVANTAGE,True,False,False,False,False,True,True
A1c.2,A1c.2-0178,0.8,0.4,0.7,0.45,0.75,0.8,0.02,0.5,0.2,0.9,1.0,1,2,0.45,0.8700000000000001,0.4200000000000001,develop_M2_task_2,M2,M2,M2,M1,False,M1,M2,0.10000000000000009,0.275,0.8,0.5655,0.7860000000000001,0.22050000000000014,0.12050000000000005,M2,1.4860000000000002,1.3655,1.3655,0.12050000000000027,1.4860000000000002,0.0,GREATER,STRICT_ADVANTAGE,STRICT_ADVANTAGE,True,False,False,False,False,True,True
A1c.2,A1c.2-0179,0.8,0.4,0.7,0.5,0.75,0.8,0.02,0.5,0.2,0.9,1.0,1,2,0.5,0.88,0.38,develop_M2_task_2,M2,M2,M2,M1,False,M1,M2,0.10000000000000009,0.275,0.8,0.6045,0.804,0.1995,0.09949999999999992,M2,1.504,1.4045,1.4045,0.09949999999999992,1.504,0.0,GREATER,STRICT_ADVANTAGE,STRICT_ADVANTAGE,True,False,False,False,False,True,True
A1c.2,A1c.2-0180,0.8,0.4,0.7,0.55,0.75,0.8,0.02,0.5,0.2,0.9,1.0,1,2,0.55,0.89,0.33999999999999997,develop_M2_task_2,M2,M2,M2,M1,False,M1,M2,0.10000000000000009,0.275,0.8,0.6435,0.8220000000000001,0.1785000000000001,0.07850000000000001,M2,1.522,1.4435,1.4435,0.07850000000000001,1.522,0.0,GREATER,STRICT_ADVANTAGE,STRICT_ADVANTAGE,True,False,False,False,False,True,True
A1c.2,A1c.2-0181,0.8,0.4,0.7,0.6,0.75,0.8,0.02,0.5,0.2,0.9,1.0,1,2,0.6,0.9,0.30000000000000004,develop_M2_task_2,M2,M2,M2,M1,False,M1,M2,0.10000000000000009,0.275,0.8,0.6825,0.8400000000000001,0.15750000000000008,0.057499999999999996,M2,1.54,1.4825,1.4825,0.05750000000000011,1.54,0.0,GREATER,STRICT_ADVANTAGE,STRICT_ADVANTAGE,True,False,False,False,False,True,True
A1c.2,A1c.2-0182,0.8,0.4,0.7,0.65,0.75,0.8,0.02,0.5,0.2,0.9,1.0,1,2,0.65,0.9099999999999999,0.2599999999999999,develop_M2_task_2,M2,M2,M2,M1,False,M1,M2,0.10000000000000009,0.275,0.8,0.7215,0.858,0.13649999999999995,0.036499999999999866,M2,1.5579999999999998,1.5215,1.5215,0.036499999999999755,1.5579999999999998,0.0,GREATER,STRICT_ADVANTAGE,STRICT_ADVANTAGE,True,False,False,False,False,True,True
A1c.2,A1c.2-0183,0.8,0.4,0.7,0.7,0.75,0.8,0.02,0.5,0.2,0.9,1.0,1,2,0.7,0.9199999999999999,0.21999999999999997,develop_M2_task_2,M2,M2,M2,M1,False,M1,M2,0.10000000000000009,0.275,0.8,0.7605,0.8759999999999999,0.11549999999999994,0.015499999999999847,M2,1.5759999999999998,1.5605,1.5605,0.015499999999999847,1.5759999999999998,0.0,GREATER,STRICT_ADVANTAGE,STRICT_ADVANTAGE,True,False,False,False,False,True,True
A1c.2,A1c.2-0184,0.8,0.4,0.7,0.75,0.75,0.8,0.02,0.5,0.2,0.9,1.0,1,2,0.75,0.9299999999999999,0.17999999999999994,develop_M2_task_2,M2,M2,M2,M1,False,M1,M2,0.10000000000000009,0.275,0.8,0.7994999999999999,0.8939999999999999,0.09450000000000003,-0.00550000000000006,M1,1.5995,1.5995,1.5995,0.0,1.5995,0.0,LESS,NO_ADVANTAGE,NO_ADVANTAGE,True,False,False,False,False,True,True
A1c.2,A1c.2-0185,0.8,0.4,0.7,0.8,0.75,0.8,0.02,0.5,0.2,0.9,1.0,1,2,0.8,0.94,0.1399999999999999,develop_M2_task_2,M2,M2,M2,M1,False,M1,M2,0.10000000000000009,0.275,0.8,0.8385,0.9119999999999999,0.0734999999999999,-0.02650000000000019,M1,1.6385,1.6385,1.6385,0.0,1.6385,0.0,LESS,NO_ADVANTAGE,NO_ADVANTAGE,True,False,False,False,False,True,True
A1c.2,A1c.2-0186,0.8,0.4,0.7,0.85,0.75,0.8,0.02,0.5,0.2,0.9,1.0,1,2,0.85,0.95,0.09999999999999998,develop_M2_task_2,M2,M2,M2,M1,False,M1,M2,0.10000000000000009,0.275,0.8,0.8775,0.9299999999999999,0.05249999999999999,-0.0475000000000001,M1,1.6775,1.6775,1.6775,0.0,1.6775,0.0,LESS,NO_ADVANTAGE,NO_ADVANTAGE,True,False,False,False,False,True,True
A1c.2,A1c.2-0187,0.8,0.4,0.7,0.9,0.75,0.8,0.02,0.5,0.2,0.9,1.0,1,2,0.9,0.96,0.05999999999999994,develop_M2_task_2,M2,M2,M2,M1,False,M1,M2,0.10000000000000009,0.275,0.8,0.9165,0.948,0.03149999999999997,-0.06850000000000012,M1,1.7165,1.7165,1.7165,0.0,1.7165,0.0,LESS,NO_ADVANTAGE,NO_ADVANTAGE,True,False,False,False,False,True,True
A1c.2,A1c.2-0188,0.8,0.4,0.7,0.95,0.75,0.8,0.02,0.5,0.2,0.9,1.0,1,2,0.95,0.97,0.020000000000000018,develop_M2_task_2,M2,M2,M2,M1,False,M1,M2,0.10000000000000009,0.275,0.8,0.9555,0.966,0.010499999999999954,-0.08950000000000014,M1,1.7555,1.7555,1.7555,0.0,1.7555,0.0,LESS,NO_ADVANTAGE,NO_ADVANTAGE,True,False,False,False,False,True,True
A1c.2,A1c.2-0189,0.8,0.4,0.7,1.0,0.75,0.8,0.02,0.5,0.2,0.9,1.0,1,2,1.0,1.0,0.0,null,null,M2,M2,M1,False,M1,M2,0.10000000000000009,0.275,0.8,1.0,1.0,0.0,-0.10000000000000009,M1,1.8,1.8,1.8,0.0,1.8,0.0,LESS,NO_ADVANTAGE,NO_ADVANTAGE,True,False,False,False,False,True,True
A1c.2,A1c.2-0190,0.8,0.45,0.7,0.0,0.75,0.8,0.02,0.5,0.2,0.9,1.0,1,2,0.45,0.8700000000000001,0.4200000000000001,develop_M1_task_2,M1,M1,M1,M1,False,M1,M2,0.10000000000000009,0.275,0.8,0.5655,0.7860000000000001,0.22050000000000014,0.12050000000000005,M2,1.4860000000000002,1.3655,1.3655,0.12050000000000027,1.4860000000000002,0.0,GREATER,STRICT_ADVANTAGE,STRICT_ADVANTAGE,True,False,False,False,False,True,True
A1c.2,A1c.2-0191,0.8,0.45,0.7,0.05,0.75,0.8,0.02,0.5,0.2,0.9,1.0,1,2,0.45,0.8700000000000001,0.4200000000000001,develop_M1_task_2,M1,M1,M1,M1,False,M1,M2,0.10000000000000009,0.275,0.8,0.5655,0.7860000000000001,0.22050000000000014,0.12050000000000005,M2,1.4860000000000002,1.3655,1.3655,0.12050000000000027,1.4860000000000002,0.0,GREATER,STRICT_ADVANTAGE,STRICT_ADVANTAGE,True,False,False,False,False,True,True
A1c.2,A1c.2-0192,0.8,0.45,0.7,0.1,0.75,0.8,0.02,0.5,0.2,0.9,1.0,1,2,0.45,0.8700000000000001,0.4200000000000001,develop_M1_task_2,M1,M1,M1,M1,False,M1,M2,0.10000000000000009,0.275,0.8,0.5655,0.7860000000000001,0.22050000000000014,0.12050000000000005,M2,1.4860000000000002,1.3655,1.3655,0.12050000000000027,1.4860000000000002,0.0,GREATER,STRICT_ADVANTAGE,STRICT_ADVANTAGE,True,False,False,False,False,True,True
A1c.2,A1c.2-0193,0.8,0.45,0.7,0.15,0.75,0.8,0.02,0.5,0.2,0.9,1.0,1,2,0.45,0.8700000000000001,0.4200000000000001,develop_M1_task_2,M1,M1,M1,M1,False,M1,M2,0.10000000000000009,0.275,0.8,0.5655,0.7860000000000001,0.22050000000000014,0.12050000000000005,M2,1.4860000000000002,1.3655,1.3655,0.12050000000000027,1.4860000000000002,0.0,GREATER,STRICT_ADVANTAGE,STRICT_ADVANTAGE,True,False,False,False,False,True,True
A1c.2,A1c.2-0194,0.8,0.45,0.7,0.2,0.75,0.8,0.02,0.5,0.2,0.9,1.0,1,2,0.45,0.8700000000000001,0.4200000000000001,develop_M1_task_2,M1,M1,M1,M1,False,M1,M2,0.10000000000000009,0.275,0.8,0.5655,0.7860000000000001,0.22050000000000014,0.12050000000000005,M2,1.4860000000000002,1.3655,1.3655,0.12050000000000027,1.4860000000000002,0.0,GREATER,STRICT_ADVANTAGE,STRICT_ADVANTAGE,True,False,False,False,False,True,True
A1c.2,A1c.2-0195,0.8,0.45,0.7,0.25,0.75,0.8,0.02,0.5,0.2,0.9,1.0,1,2,0.45,0.8700000000000001,0.4200000000000001,develop_M1_task_2,M1,M1,M1,M1,False,M1,M2,0.10000000000000009,0.275,0.8,0.5655,0.7860000000000001,0.22050000000000014,0.12050000000000005,M2,1.4860000000000002,1.3655,1.3655,0.12050000000000027,1.4860000000000002,0.0,GREATER,STRICT_ADVANTAGE,STRICT_ADVANTAGE,True,False,False,False,False,True,True
A1c.2,A1c.2-0196,0.8,0.45,0.7,0.3,0.75,0.8,0.02,0.5,0.2,0.9,1.0,1,2,0.45,0.8700000000000001,0.4200000000000001,develop_M1_task_2,M1,M1,M1,M1,False,M1,M2,0.10000000000000009,0.275,0.8,0.5655,0.7860000000000001,0.22050000000000014,0.12050000000000005,M2,1.4860000000000002,1.3655,1.3655,0.12050000000000027,1.4860000000000002,0.0,GREATER,STRICT_ADVANTAGE,STRICT_ADVANTAGE,True,False,False,False,False,True,True
A1c.2,A1c.2-0197,0.8,0.45,0.7,0.35,0.75,0.8,0.02,0.5,0.2,0.9,1.0,1,2,0.45,0.8700000000000001,0.4200000000000001,develop_M1_task_2,M1,M1,M1,M1,False,M1,M2,0.10000000000000009,0.275,0.8,0.5655,0.7860000000000001,0.22050000000000014,0.12050000000000005,M2,1.4860000000000002,1.3655,1.3655,0.12050000000000027,1.4860000000000002,0.0,GREATER,STRICT_ADVANTAGE,STRICT_ADVANTAGE,True,False,False,False,False,True,True
A1c.2,A1c.2-0198,0.8,0.45,0.7,0.4,0.75,0.8,0.02,0.5,0.2,0.9,1.0,1,2,0.45,0.8700000000000001,0.4200000000000001,develop_M1_task_2,M1,M1,M1,M1,False,M1,M2,0.10000000000000009,0.275,0.8,0.5655,0.7860000000000001,0.22050000000000014,0.12050000000000005,M2,1.4860000000000002,1.3655,1.3655,0.12050000000000027,1.4860000000000002,0.0,GREATER,STRICT_ADVANTAGE,STRICT_ADVANTAGE,True,False,False,False,False,True,True
A1c.2,A1c.2-0199,0.8,0.45,0.7,0.45,0.75,0.8,0.02,0.5,0.2,0.9,1.0,1,2,0.45,0.8700000000000001,0.4200000000000001,develop_M1_task_2|develop_M2_task_2,ties,M1|M2,tie,M1,False,M1,M2,0.10000000000000009,0.275,0.8,0.5655,0.7860000000000001,0.22050000000000014,0.12050000000000005,M2,1.4860000000000002,1.3655,1.3655,0.12050000000000027,1.4860000000000002,0.0,GREATER,STRICT_ADVANTAGE,STRICT_ADVANTAGE,True,False,False,False,False,True,True
A1c.2,A1c.2-0200,0.8,0.45,0.7,0.5,0.75,0.8,0.02,0.5,0.2,0.9,1.0,1,2,0.5,0.88,0.38,develop_M2_task_2,M2,M2,M2,M1,False,M1,M2,0.10000000000000009,0.275,0.8,0.6045,0.804,0.1995,0.09949999999999992,M2,1.504,1.4045,1.4045,0.09949999999999992,1.504,0.0,GREATER,STRICT_ADVANTAGE,STRICT_ADVANTAGE,True,False,False,False,False,True,True
A1c.2,A1c.2-0201,0.8,0.45,0.7,0.55,0.75,0.8,0.02,0.5,0.2,0.9,1.0,1,2,0.55,0.89,0.33999999999999997,develop_M2_task_2,M2,M2,M2,M1,False,M1,M2,0.10000000000000009,0.275,0.8,0.6435,0.8220000000000001,0.1785000000000001,0.07850000000000001,M2,1.522,1.4435,1.4435,0.07850000000000001,1.522,0.0,GREATER,STRICT_ADVANTAGE,STRICT_ADVANTAGE,True,False,False,False,False,True,True
A1c.2,A1c.2-0202,0.8,0.45,0.7,0.6,0.75,0.8,0.02,0.5,0.2,0.9,1.0,1,2,0.6,0.9,0.30000000000000004,develop_M2_task_2,M2,M2,M2,M1,False,M1,M2,0.10000000000000009,0.275,0.8,0.6825,0.8400000000000001,0.15750000000000008,0.057499999999999996,M2,1.54,1.4825,1.4825,0.05750000000000011,1.54,0.0,GREATER,STRICT_ADVANTAGE,STRICT_ADVANTAGE,True,False,False,False,False,True,True
A1c.2,A1c.2-0203,0.8,0.45,0.7,0.65,0.75,0.8,0.02,0.5,0.2,0.9,1.0,1,2,0.65,0.9099999999999999,0.2599999999999999,develop_M2_task_2,M2,M2,M2,M1,False,M1,M2,0.10000000000000009,0.275,0.8,0.7215,0.858,0.13649999999999995,0.036499999999999866,M2,1.5579999999999998,1.5215,1.5215,0.036499999999999755,1.5579999999999998,0.0,GREATER,STRICT_ADVANTAGE,STRICT_ADVANTAGE,True,False,False,False,False,True,True
A1c.2,A1c.2-0204,0.8,0.45,0.7,0.7,0.75,0.8,0.02,0.5,0.2,0.9,1.0,1,2,0.7,0.9199999999999999,0.21999999999999997,develop_M2_task_2,M2,M2,M2,M1,False,M1,M2,0.10000000000000009,0.275,0.8,0.7605,0.8759999999999999,0.11549999999999994,0.015499999999999847,M2,1.5759999999999998,1.5605,1.5605,0.015499999999999847,1.5759999999999998,0.0,GREATER,STRICT_ADVANTAGE,STRICT_ADVANTAGE,True,False,False,False,False,True,True
A1c.2,A1c.2-0205,0.8,0.45,0.7,0.75,0.75,0.8,0.02,0.5,0.2,0.9,1.0,1,2,0.75,0.9299999999999999,0.17999999999999994,develop_M2_task_2,M2,M2,M2,M1,False,M1,M2,0.10000000000000009,0.275,0.8,0.7994999999999999,0.8939999999999999,0.09450000000000003,-0.00550000000000006,M1,1.5995,1.5995,1.5995,0.0,1.5995,0.0,LESS,NO_ADVANTAGE,NO_ADVANTAGE,True,False,False,False,False,True,True
A1c.2,A1c.2-0206,0.8,0.45,0.7,0.8,0.75,0.8,0.02,0.5,0.2,0.9,1.0,1,2,0.8,0.94,0.1399999999999999,develop_M2_task_2,M2,M2,M2,M1,False,M1,M2,0.10000000000000009,0.275,0.8,0.8385,0.9119999999999999,0.0734999999999999,-0.02650000000000019,M1,1.6385,1.6385,1.6385,0.0,1.6385,0.0,LESS,NO_ADVANTAGE,NO_ADVANTAGE,True,False,False,False,False,True,True
A1c.2,A1c.2-0207,0.8,0.45,0.7,0.85,0.75,0.8,0.02,0.5,0.2,0.9,1.0,1,2,0.85,0.95,0.09999999999999998,develop_M2_task_2,M2,M2,M2,M1,False,M1,M2,0.10000000000000009,0.275,0.8,0.8775,0.9299999999999999,0.05249999999999999,-0.0475000000000001,M1,1.6775,1.6775,1.6775,0.0,1.6775,0.0,LESS,NO_ADVANTAGE,NO_ADVANTAGE,True,False,False,False,False,True,True
A1c.2,A1c.2-0208,0.8,0.45,0.7,0.9,0.75,0.8,0.02,0.5,0.2,0.9,1.0,1,2,0.9,0.96,0.05999999999999994,develop_M2_task_2,M2,M2,M2,M1,False,M1,M2,0.10000000000000009,0.275,0.8,0.9165,0.948,0.03149999999999997,-0.06850000000000012,M1,1.7165,1.7165,1.7165,0.0,1.7165,0.0,LESS,NO_ADVANTAGE,NO_ADVANTAGE,True,False,False,False,False,True,True
A1c.2,A1c.2-0209,0.8,0.45,0.7,0.95,0.75,0.8,0.02,0.5,0.2,0.9,1.0,1,2,0.95,0.97,0.020000000000000018,develop_M2_task_2,M2,M2,M2,M1,False,M1,M2,0.10000000000000009,0.275,0.8,0.9555,0.966,0.010499999999999954,-0.08950000000000014,M1,1.7555,1.7555,1.7555,0.0,1.7555,0.0,LESS,NO_ADVANTAGE,NO_ADVANTAGE,True,False,False,False,False,True,True
A1c.2,A1c.2-0210,0.8,0.45,0.7,1.0,0.75,0.8,0.02,0.5,0.2,0.9,1.0,1,2,1.0,1.0,0.0,null,null,M2,M2,M1,False,M1,M2,0.10000000000000009,0.275,0.8,1.0,1.0,0.0,-0.10000000000000009,M1,1.8,1.8,1.8,0.0,1.8,0.0,LESS,NO_ADVANTAGE,NO_ADVANTAGE,True,False,False,False,False,True,True
A1c.2,A1c.2-0211,0.8,0.5,0.7,0.0,0.75,0.8,0.02,0.5,0.2,0.9,1.0,1,2,0.5,0.88,0.38,develop_M1_task_2,M1,M1,M1,M1,False,M1,M2,0.10000000000000009,0.275,0.8,0.6045,0.804,0.1995,0.09949999999999992,M2,1.504,1.4045,1.4045,0.09949999999999992,1.504,0.0,GREATER,STRICT_ADVANTAGE,STRICT_ADVANTAGE,True,False,False,False,False,True,True
A1c.2,A1c.2-0212,0.8,0.5,0.7,0.05,0.75,0.8,0.02,0.5,0.2,0.9,1.0,1,2,0.5,0.88,0.38,develop_M1_task_2,M1,M1,M1,M1,False,M1,M2,0.10000000000000009,0.275,0.8,0.6045,0.804,0.1995,0.09949999999999992,M2,1.504,1.4045,1.4045,0.09949999999999992,1.504,0.0,GREATER,STRICT_ADVANTAGE,STRICT_ADVANTAGE,True,False,False,False,False,True,True
A1c.2,A1c.2-0213,0.8,0.5,0.7,0.1,0.75,0.8,0.02,0.5,0.2,0.9,1.0,1,2,0.5,0.88,0.38,develop_M1_task_2,M1,M1,M1,M1,False,M1,M2,0.10000000000000009,0.275,0.8,0.6045,0.804,0.1995,0.09949999999999992,M2,1.504,1.4045,1.4045,0.09949999999999992,1.504,0.0,GREATER,STRICT_ADVANTAGE,STRICT_ADVANTAGE,True,False,False,False,False,True,True
A1c.2,A1c.2-0214,0.8,0.5,0.7,0.15,0.75,0.8,0.02,0.5,0.2,0.9,1.0,1,2,0.5,0.88,0.38,develop_M1_task_2,M1,M1,M1,M1,False,M1,M2,0.10000000000000009,0.275,0.8,0.6045,0.804,0.1995,0.09949999999999992,M2,1.504,1.4045,1.4045,0.09949999999999992,1.504,0.0,GREATER,STRICT_ADVANTAGE,STRICT_ADVANTAGE,True,False,False,False,False,True,True
A1c.2,A1c.2-0215,0.8,0.5,0.7,0.2,0.75,0.8,0.02,0.5,0.2,0.9,1.0,1,2,0.5,0.88,0.38,develop_M1_task_2,M1,M1,M1,M1,False,M1,M2,0.10000000000000009,0.275,0.8,0.6045,0.804,0.1995,0.09949999999999992,M2,1.504,1.4045,1.4045,0.09949999999999992,1.504,0.0,GREATER,STRICT_ADVANTAGE,STRICT_ADVANTAGE,True,False,False,False,False,True,True
A1c.2,A1c.2-0216,0.8,0.5,0.7,0.25,0.75,0.8,0.02,0.5,0.2,0.9,1.0,1,2,0.5,0.88,0.38,develop_M1_task_2,M1,M1,M1,M1,False,M1,M2,0.10000000000000009,0.275,0.8,0.6045,0.804,0.1995,0.09949999999999992,M2,1.504,1.4045,1.4045,0.09949999999999992,1.504,0.0,GREATER,STRICT_ADVANTAGE,STRICT_ADVANTAGE,True,False,False,False,False,True,True
A1c.2,A1c.2-0217,0.8,0.5,0.7,0.3,0.75,0.8,0.02,0.5,0.2,0.9,1.0,1,2,0.5,0.88,0.38,develop_M1_task_2,M1,M1,M1,M1,False,M1,M2,0.10000000000000009,0.275,0.8,0.6045,0.804,0.1995,0.09949999999999992,M2,1.504,1.4045,1.4045,0.09949999999999992,1.504,0.0,GREATER,STRICT_ADVANTAGE,STRICT_ADVANTAGE,True,False,False,False,False,True,True
A1c.2,A1c.2-0218,0.8,0.5,0.7,0.35,0.75,0.8,0.02,0.5,0.2,0.9,1.0,1,2,0.5,0.88,0.38,develop_M1_task_2,M1,M1,M1,M1,False,M1,M2,0.10000000000000009,0.275,0.8,0.6045,0.804,0.1995,0.09949999999999992,M2,1.504,1.4045,1.4045,0.09949999999999992,1.504,0.0,GREATER,STRICT_ADVANTAGE,STRICT_ADVANTAGE,True,False,False,False,False,True,True
A1c.2,A1c.2-0219,0.8,0.5,0.7,0.4,0.75,0.8,0.02,0.5,0.2,0.9,1.0,1,2,0.5,0.88,0.38,develop_M1_task_2,M1,M1,M1,M1,False,M1,M2,0.10000000000000009,0.275,0.8,0.6045,0.804,0.1995,0.09949999999999992,M2,1.504,1.4045,1.4045,0.09949999999999992,1.504,0.0,GREATER,STRICT_ADVANTAGE,STRICT_ADVANTAGE,True,False,False,False,False,True,True
A1c.2,A1c.2-0220,0.8,0.5,0.7,0.45,0.75,0.8,0.02,0.5,0.2,0.9,1.0,1,2,0.5,0.88,0.38,develop_M1_task_2,M1,M1,M1,M1,False,M1,M2,0.10000000000000009,0.275,0.8,0.6045,0.804,0.1995,0.09949999999999992,M2,1.504,1.4045,1.4045,0.09949999999999992,1.504,0.0,GREATER,STRICT_ADVANTAGE,STRICT_ADVANTAGE,True,False,False,False,False,True,True
A1c.2,A1c.2-0221,0.8,0.5,0.7,0.5,0.75,0.8,0.02,0.5,0.2,0.9,1.0,1,2,0.5,0.88,0.38,develop_M1_task_2|develop_M2_task_2,ties,M1|M2,tie,M1,False,M1,M2,0.10000000000000009,0.275,0.8,0.6045,0.804,0.1995,0.09949999999999992,M2,1.504,1.4045,1.4045,0.09949999999999992,1.504,0.0,GREATER,STRICT_ADVANTAGE,STRICT_ADVANTAGE,True,False,False,False,False,True,True
A1c.2,A1c.2-0222,0.8,0.5,0.7,0.55,0.75,0.8,0.02,0.5,0.2,0.9,1.0,1,2,0.55,0.89,0.33999999999999997,develop_M2_task_2,M2,M2,M2,M1,False,M1,M2,0.10000000000000009,0.275,0.8,0.6435,0.8220000000000001,0.1785000000000001,0.07850000000000001,M2,1.522,1.4435,1.4435,0.07850000000000001,1.522,0.0,GREATER,STRICT_ADVANTAGE,STRICT_ADVANTAGE,True,False,False,False,False,True,True
A1c.2,A1c.2-0223,0.8,0.5,0.7,0.6,0.75,0.8,0.02,0.5,0.2,0.9,1.0,1,2,0.6,0.9,0.30000000000000004,develop_M2_task_2,M2,M2,M2,M1,False,M1,M2,0.10000000000000009,0.275,0.8,0.6825,0.8400000000000001,0.15750000000000008,0.057499999999999996,M2,1.54,1.4825,1.4825,0.05750000000000011,1.54,0.0,GREATER,STRICT_ADVANTAGE,STRICT_ADVANTAGE,True,False,False,False,False,True,True
A1c.2,A1c.2-0224,0.8,0.5,0.7,0.65,0.75,0.8,0.02,0.5,0.2,0.9,1.0,1,2,0.65,0.9099999999999999,0.2599999999999999,develop_M2_task_2,M2,M2,M2,M1,False,M1,M2,0.10000000000000009,0.275,0.8,0.7215,0.858,0.13649999999999995,0.036499999999999866,M2,1.5579999999999998,1.5215,1.5215,0.036499999999999755,1.5579999999999998,0.0,GREATER,STRICT_ADVANTAGE,STRICT_ADVANTAGE,True,False,False,False,False,True,True
A1c.2,A1c.2-0225,0.8,0.5,0.7,0.7,0.75,0.8,0.02,0.5,0.2,0.9,1.0,1,2,0.7,0.9199999999999999,0.21999999999999997,develop_M2_task_2,M2,M2,M2,M1,False,M1,M2,0.10000000000000009,0.275,0.8,0.7605,0.8759999999999999,0.11549999999999994,0.015499999999999847,M2,1.5759999999999998,1.5605,1.5605,0.015499999999999847,1.5759999999999998,0.0,GREATER,STRICT_ADVANTAGE,STRICT_ADVANTAGE,True,False,False,False,False,True,True
A1c.2,A1c.2-0226,0.8,0.5,0.7,0.75,0.75,0.8,0.02,0.5,0.2,0.9,1.0,1,2,0.75,0.9299999999999999,0.17999999999999994,develop_M2_task_2,M2,M2,M2,M1,False,M1,M2,0.10000000000000009,0.275,0.8,0.7994999999999999,0.8939999999999999,0.09450000000000003,-0.00550000000000006,M1,1.5995,1.5995,1.5995,0.0,1.5995,0.0,LESS,NO_ADVANTAGE,NO_ADVANTAGE,True,False,False,False,False,True,True
A1c.2,A1c.2-0227,0.8,0.5,0.7,0.8,0.75,0.8,0.02,0.5,0.2,0.9,1.0,1,2,0.8,0.94,0.1399999999999999,develop_M2_task_2,M2,M2,M2,M1,False,M1,M2,0.10000000000000009,0.275,0.8,0.8385,0.9119999999999999,0.0734999999999999,-0.02650000000000019,M1,1.6385,1.6385,1.6385,0.0,1.6385,0.0,LESS,NO_ADVANTAGE,NO_ADVANTAGE,True,False,False,False,False,True,True
A1c.2,A1c.2-0228,0.8,0.5,0.7,0.85,0.75,0.8,0.02,0.5,0.2,0.9,1.0,1,2,0.85,0.95,0.09999999999999998,develop_M2_task_2,M2,M2,M2,M1,False,M1,M2,0.10000000000000009,0.275,0.8,0.8775,0.9299999999999999,0.05249999999999999,-0.0475000000000001,M1,1.6775,1.6775,1.6775,0.0,1.6775,0.0,LESS,NO_ADVANTAGE,NO_ADVANTAGE,True,False,False,False,False,True,True
A1c.2,A1c.2-0229,0.8,0.5,0.7,0.9,0.75,0.8,0.02,0.5,0.2,0.9,1.0,1,2,0.9,0.96,0.05999999999999994,develop_M2_task_2,M2,M2,M2,M1,False,M1,M2,0.10000000000000009,0.275,0.8,0.9165,0.948,0.03149999999999997,-0.06850000000000012,M1,1.7165,1.7165,1.7165,0.0,1.7165,0.0,LESS,NO_ADVANTAGE,NO_ADVANTAGE,True,False,False,False,False,True,True
A1c.2,A1c.2-0230,0.8,0.5,0.7,0.95,0.75,0.8,0.02,0.5,0.2,0.9,1.0,1,2,0.95,0.97,0.020000000000000018,develop_M2_task_2,M2,M2,M2,M1,False,M1,M2,0.10000000000000009,0.275,0.8,0.9555,0.966,0.010499999999999954,-0.08950000000000014,M1,1.7555,1.7555,1.7555,0.0,1.7555,0.0,LESS,NO_ADVANTAGE,NO_ADVANTAGE,True,False,False,False,False,True,True
A1c.2,A1c.2-0231,0.8,0.5,0.7,1.0,0.75,0.8,0.02,0.5,0.2,0.9,1.0,1,2,1.0,1.0,0.0,null,null,M2,M2,M1,False,M1,M2,0.10000000000000009,0.275,0.8,1.0,1.0,0.0,-0.10000000000000009,M1,1.8,1.8,1.8,0.0,1.8,0.0,LESS,NO_ADVANTAGE,NO_ADVANTAGE,True,False,False,False,False,True,True
A1c.2,A1c.2-0232,0.8,0.55,0.7,0.0,0.75,0.8,0.02,0.5,0.2,0.9,1.0,1,2,0.55,0.89,0.33999999999999997,develop_M1_task_2,M1,M1,M1,M1,False,M1,M2,0.10000000000000009,0.275,0.8,0.6435,0.8220000000000001,0.1785000000000001,0.07850000000000001,M2,1.522,1.4435,1.4435,0.07850000000000001,1.522,0.0,GREATER,STRICT_ADVANTAGE,STRICT_ADVANTAGE,True,False,False,False,False,True,True
A1c.2,A1c.2-0233,0.8,0.55,0.7,0.05,0.75,0.8,0.02,0.5,0.2,0.9,1.0,1,2,0.55,0.89,0.33999999999999997,develop_M1_task_2,M1,M1,M1,M1,False,M1,M2,0.10000000000000009,0.275,0.8,0.6435,0.8220000000000001,0.1785000000000001,0.07850000000000001,M2,1.522,1.4435,1.4435,0.07850000000000001,1.522,0.0,GREATER,STRICT_ADVANTAGE,STRICT_ADVANTAGE,True,False,False,False,False,True,True
A1c.2,A1c.2-0234,0.8,0.55,0.7,0.1,0.75,0.8,0.02,0.5,0.2,0.9,1.0,1,2,0.55,0.89,0.33999999999999997,develop_M1_task_2,M1,M1,M1,M1,False,M1,M2,0.10000000000000009,0.275,0.8,0.6435,0.8220000000000001,0.1785000000000001,0.07850000000000001,M2,1.522,1.4435,1.4435,0.07850000000000001,1.522,0.0,GREATER,STRICT_ADVANTAGE,STRICT_ADVANTAGE,True,False,False,False,False,True,True
A1c.2,A1c.2-0235,0.8,0.55,0.7,0.15,0.75,0.8,0.02,0.5,0.2,0.9,1.0,1,2,0.55,0.89,0.33999999999999997,develop_M1_task_2,M1,M1,M1,M1,False,M1,M2,0.10000000000000009,0.275,0.8,0.6435,0.8220000000000001,0.1785000000000001,0.07850000000000001,M2,1.522,1.4435,1.4435,0.07850000000000001,1.522,0.0,GREATER,STRICT_ADVANTAGE,STRICT_ADVANTAGE,True,False,False,False,False,True,True
A1c.2,A1c.2-0236,0.8,0.55,0.7,0.2,0.75,0.8,0.02,0.5,0.2,0.9,1.0,1,2,0.55,0.89,0.33999999999999997,develop_M1_task_2,M1,M1,M1,M1,False,M1,M2,0.10000000000000009,0.275,0.8,0.6435,0.8220000000000001,0.1785000000000001,0.07850000000000001,M2,1.522,1.4435,1.4435,0.07850000000000001,1.522,0.0,GREATER,STRICT_ADVANTAGE,STRICT_ADVANTAGE,True,False,False,False,False,True,True
A1c.2,A1c.2-0237,0.8,0.55,0.7,0.25,0.75,0.8,0.02,0.5,0.2,0.9,1.0,1,2,0.55,0.89,0.33999999999999997,develop_M1_task_2,M1,M1,M1,M1,False,M1,M2,0.10000000000000009,0.275,0.8,0.6435,0.8220000000000001,0.1785000000000001,0.07850000000000001,M2,1.522,1.4435,1.4435,0.07850000000000001,1.522,0.0,GREATER,STRICT_ADVANTAGE,STRICT_ADVANTAGE,True,False,False,False,False,True,True
A1c.2,A1c.2-0238,0.8,0.55,0.7,0.3,0.75,0.8,0.02,0.5,0.2,0.9,1.0,1,2,0.55,0.89,0.33999999999999997,develop_M1_task_2,M1,M1,M1,M1,False,M1,M2,0.10000000000000009,0.275,0.8,0.6435,0.8220000000000001,0.1785000000000001,0.07850000000000001,M2,1.522,1.4435,1.4435,0.07850000000000001,1.522,0.0,GREATER,STRICT_ADVANTAGE,STRICT_ADVANTAGE,True,False,False,False,False,True,True
A1c.2,A1c.2-0239,0.8,0.55,0.7,0.35,0.75,0.8,0.02,0.5,0.2,0.9,1.0,1,2,0.55,0.89,0.33999999999999997,develop_M1_task_2,M1,M1,M1,M1,False,M1,M2,0.10000000000000009,0.275,0.8,0.6435,0.8220000000000001,0.1785000000000001,0.07850000000000001,M2,1.522,1.4435,1.4435,0.07850000000000001,1.522,0.0,GREATER,STRICT_ADVANTAGE,STRICT_ADVANTAGE,True,False,False,False,False,True,True
A1c.2,A1c.2-0240,0.8,0.55,0.7,0.4,0.75,0.8,0.02,0.5,0.2,0.9,1.0,1,2,0.55,0.89,0.33999999999999997,develop_M1_task_2,M1,M1,M1,M1,False,M1,M2,0.10000000000000009,0.275,0.8,0.6435,0.8220000000000001,0.1785000000000001,0.07850000000000001,M2,1.522,1.4435,1.4435,0.07850000000000001,1.522,0.0,GREATER,STRICT_ADVANTAGE,STRICT_ADVANTAGE,True,False,False,False,False,True,True
A1c.2,A1c.2-0241,0.8,0.55,0.7,0.45,0.75,0.8,0.02,0.5,0.2,0.9,1.0,1,2,0.55,0.89,0.33999999999999997,develop_M1_task_2,M1,M1,M1,M1,False,M1,M2,0.10000000000000009,0.275,0.8,0.6435,0.8220000000000001,0.1785000000000001,0.07850000000000001,M2,1.522,1.4435,1.4435,0.07850000000000001,1.522,0.0,GREATER,STRICT_ADVANTAGE,STRICT_ADVANTAGE,True,False,False,False,False,True,True
A1c.2,A1c.2-0242,0.8,0.55,0.7,0.5,0.75,0.8,0.02,0.5,0.2,0.9,1.0,1,2,0.55,0.89,0.33999999999999997,develop_M1_task_2,M1,M1,M1,M1,False,M1,M2,0.10000000000000009,0.275,0.8,0.6435,0.8220000000000001,0.1785000000000001,0.07850000000000001,M2,1.522,1.4435,1.4435,0.07850000000000001,1.522,0.0,GREATER,STRICT_ADVANTAGE,STRICT_ADVANTAGE,True,False,False,False,False,True,True
A1c.2,A1c.2-0243,0.8,0.55,0.7,0.55,0.75,0.8,0.02,0.5,0.2,0.9,1.0,1,2,0.55,0.89,0.33999999999999997,develop_M1_task_2|develop_M2_task_2,ties,M1|M2,tie,M1,False,M1,M2,0.10000000000000009,0.275,0.8,0.6435,0.8220000000000001,0.1785000000000001,0.07850000000000001,M2,1.522,1.4435,1.4435,0.07850000000000001,1.522,0.0,GREATER,STRICT_ADVANTAGE,STRICT_ADVANTAGE,True,False,False,False,False,True,True
A1c.2,A1c.2-0244,0.8,0.55,0.7,0.6,0.75,0.8,0.02,0.5,0.2,0.9,1.0,1,2,0.6,0.9,0.30000000000000004,develop_M2_task_2,M2,M2,M2,M1,False,M1,M2,0.10000000000000009,0.275,0.8,0.6825,0.8400000000000001,0.15750000000000008,0.057499999999999996,M2,1.54,1.4825,1.4825,0.05750000000000011,1.54,0.0,GREATER,STRICT_ADVANTAGE,STRICT_ADVANTAGE,True,False,False,False,False,True,True
A1c.2,A1c.2-0245,0.8,0.55,0.7,0.65,0.75,0.8,0.02,0.5,0.2,0.9,1.0,1,2,0.65,0.9099999999999999,0.2599999999999999,develop_M2_task_2,M2,M2,M2,M1,False,M1,M2,0.10000000000000009,0.275,0.8,0.7215,0.858,0.13649999999999995,0.036499999999999866,M2,1.5579999999999998,1.5215,1.5215,0.036499999999999755,1.5579999999999998,0.0,GREATER,STRICT_ADVANTAGE,STRICT_ADVANTAGE,True,False,False,False,False,True,True
A1c.2,A1c.2-0246,0.8,0.55,0.7,0.7,0.75,0.8,0.02,0.5,0.2,0.9,1.0,1,2,0.7,0.9199999999999999,0.21999999999999997,develop_M2_task_2,M2,M2,M2,M1,False,M1,M2,0.10000000000000009,0.275,0.8,0.7605,0.8759999999999999,0.11549999999999994,0.015499999999999847,M2,1.5759999999999998,1.5605,1.5605,0.015499999999999847,1.5759999999999998,0.0,GREATER,STRICT_ADVANTAGE,STRICT_ADVANTAGE,True,False,False,False,False,True,True
A1c.2,A1c.2-0247,0.8,0.55,0.7,0.75,0.75,0.8,0.02,0.5,0.2,0.9,1.0,1,2,0.75,0.9299999999999999,0.17999999999999994,develop_M2_task_2,M2,M2,M2,M1,False,M1,M2,0.10000000000000009,0.275,0.8,0.7994999999999999,0.8939999999999999,0.09450000000000003,-0.00550000000000006,M1,1.5995,1.5995,1.5995,0.0,1.5995,0.0,LESS,NO_ADVANTAGE,NO_ADVANTAGE,True,False,False,False,False,True,True
A1c.2,A1c.2-0248,0.8,0.55,0.7,0.8,0.75,0.8,0.02,0.5,0.2,0.9,1.0,1,2,0.8,0.94,0.1399999999999999,develop_M2_task_2,M2,M2,M2,M1,False,M1,M2,0.10000000000000009,0.275,0.8,0.8385,0.9119999999999999,0.0734999999999999,-0.02650000000000019,M1,1.6385,1.6385,1.6385,0.0,1.6385,0.0,LESS,NO_ADVANTAGE,NO_ADVANTAGE,True,False,False,False,False,True,True
A1c.2,A1c.2-0249,0.8,0.55,0.7,0.85,0.75,0.8,0.02,0.5,0.2,0.9,1.0,1,2,0.85,0.95,0.09999999999999998,develop_M2_task_2,M2,M2,M2,M1,False,M1,M2,0.10000000000000009,0.275,0.8,0.8775,0.9299999999999999,0.05249999999999999,-0.0475000000000001,M1,1.6775,1.6775,1.6775,0.0,1.6775,0.0,LESS,NO_ADVANTAGE,NO_ADVANTAGE,True,False,False,False,False,True,True
A1c.2,A1c.2-0250,0.8,0.55,0.7,0.9,0.75,0.8,0.02,0.5,0.2,0.9,1.0,1,2,0.9,0.96,0.05999999999999994,develop_M2_task_2,M2,M2,M2,M1,False,M1,M2,0.10000000000000009,0.275,0.8,0.9165,0.948,0.03149999999999997,-0.06850000000000012,M1,1.7165,1.7165,1.7165,0.0,1.7165,0.0,LESS,NO_ADVANTAGE,NO_ADVANTAGE,True,False,False,False,False,True,True
A1c.2,A1c.2-0251,0.8,0.55,0.7,0.95,0.75,0.8,0.02,0.5,0.2,0.9,1.0,1,2,0.95,0.97,0.020000000000000018,develop_M2_task_2,M2,M2,M2,M1,False,M1,M2,0.10000000000000009,0.275,0.8,0.9555,0.966,0.010499999999999954,-0.08950000000000014,M1,1.7555,1.7555,1.7555,0.0,1.7555,0.0,LESS,NO_ADVANTAGE,NO_ADVANTAGE,True,False,False,False,False,True,True
A1c.2,A1c.2-0252,0.8,0.55,0.7,1.0,0.75,0.8,0.02,0.5,0.2,0.9,1.0,1,2,1.0,1.0,0.0,null,null,M2,M2,M1,False,M1,M2,0.10000000000000009,0.275,0.8,1.0,1.0,0.0,-0.10000000000000009,M1,1.8,1.8,1.8,0.0,1.8,0.0,LESS,NO_ADVANTAGE,NO_ADVANTAGE,True,False,False,False,False,True,True
A1c.2,A1c.2-0253,0.8,0.6,0.7,0.0,0.75,0.8,0.02,0.5,0.2,0.9,1.0,1,2,0.6,0.9,0.30000000000000004,develop_M1_task_2,M1,M1,M1,M1,False,M1,M2,0.10000000000000009,0.275,0.8,0.6825,0.8400000000000001,0.15750000000000008,0.057499999999999996,M2,1.54,1.4825,1.4825,0.05750000000000011,1.54,0.0,GREATER,STRICT_ADVANTAGE,STRICT_ADVANTAGE,True,False,False,False,False,True,True
A1c.2,A1c.2-0254,0.8,0.6,0.7,0.05,0.75,0.8,0.02,0.5,0.2,0.9,1.0,1,2,0.6,0.9,0.30000000000000004,develop_M1_task_2,M1,M1,M1,M1,False,M1,M2,0.10000000000000009,0.275,0.8,0.6825,0.8400000000000001,0.15750000000000008,0.057499999999999996,M2,1.54,1.4825,1.4825,0.05750000000000011,1.54,0.0,GREATER,STRICT_ADVANTAGE,STRICT_ADVANTAGE,True,False,False,False,False,True,True
A1c.2,A1c.2-0255,0.8,0.6,0.7,0.1,0.75,0.8,0.02,0.5,0.2,0.9,1.0,1,2,0.6,0.9,0.30000000000000004,develop_M1_task_2,M1,M1,M1,M1,False,M1,M2,0.10000000000000009,0.275,0.8,0.6825,0.8400000000000001,0.15750000000000008,0.057499999999999996,M2,1.54,1.4825,1.4825,0.05750000000000011,1.54,0.0,GREATER,STRICT_ADVANTAGE,STRICT_ADVANTAGE,True,False,False,False,False,True,True
A1c.2,A1c.2-0256,0.8,0.6,0.7,0.15,0.75,0.8,0.02,0.5,0.2,0.9,1.0,1,2,0.6,0.9,0.30000000000000004,develop_M1_task_2,M1,M1,M1,M1,False,M1,M2,0.10000000000000009,0.275,0.8,0.6825,0.8400000000000001,0.15750000000000008,0.057499999999999996,M2,1.54,1.4825,1.4825,0.05750000000000011,1.54,0.0,GREATER,STRICT_ADVANTAGE,STRICT_ADVANTAGE,True,False,False,False,False,True,True
A1c.2,A1c.2-0257,0.8,0.6,0.7,0.2,0.75,0.8,0.02,0.5,0.2,0.9,1.0,1,2,0.6,0.9,0.30000000000000004,develop_M1_task_2,M1,M1,M1,M1,False,M1,M2,0.10000000000000009,0.275,0.8,0.6825,0.8400000000000001,0.15750000000000008,0.057499999999999996,M2,1.54,1.4825,1.4825,0.05750000000000011,1.54,0.0,GREATER,STRICT_ADVANTAGE,STRICT_ADVANTAGE,True,False,False,False,False,True,True
A1c.2,A1c.2-0258,0.8,0.6,0.7,0.25,0.75,0.8,0.02,0.5,0.2,0.9,1.0,1,2,0.6,0.9,0.30000000000000004,develop_M1_task_2,M1,M1,M1,M1,False,M1,M2,0.10000000000000009,0.275,0.8,0.6825,0.8400000000000001,0.15750000000000008,0.057499999999999996,M2,1.54,1.4825,1.4825,0.05750000000000011,1.54,0.0,GREATER,STRICT_ADVANTAGE,STRICT_ADVANTAGE,True,False,False,False,False,True,True
A1c.2,A1c.2-0259,0.8,0.6,0.7,0.3,0.75,0.8,0.02,0.5,0.2,0.9,1.0,1,2,0.6,0.9,0.30000000000000004,develop_M1_task_2,M1,M1,M1,M1,False,M1,M2,0.10000000000000009,0.275,0.8,0.6825,0.8400000000000001,0.15750000000000008,0.057499999999999996,M2,1.54,1.4825,1.4825,0.05750000000000011,1.54,0.0,GREATER,STRICT_ADVANTAGE,STRICT_ADVANTAGE,True,False,False,False,False,True,True
A1c.2,A1c.2-0260,0.8,0.6,0.7,0.35,0.75,0.8,0.02,0.5,0.2,0.9,1.0,1,2,0.6,0.9,0.30000000000000004,develop_M1_task_2,M1,M1,M1,M1,False,M1,M2,0.10000000000000009,0.275,0.8,0.6825,0.8400000000000001,0.15750000000000008,0.057499999999999996,M2,1.54,1.4825,1.4825,0.05750000000000011,1.54,0.0,GREATER,STRICT_ADVANTAGE,STRICT_ADVANTAGE,True,False,False,False,False,True,True
A1c.2,A1c.2-0261,0.8,0.6,0.7,0.4,0.75,0.8,0.02,0.5,0.2,0.9,1.0,1,2,0.6,0.9,0.30000000000000004,develop_M1_task_2,M1,M1,M1,M1,False,M1,M2,0.10000000000000009,0.275,0.8,0.6825,0.8400000000000001,0.15750000000000008,0.057499999999999996,M2,1.54,1.4825,1.4825,0.05750000000000011,1.54,0.0,GREATER,STRICT_ADVANTAGE,STRICT_ADVANTAGE,True,False,False,False,False,True,True
A1c.2,A1c.2-0262,0.8,0.6,0.7,0.45,0.75,0.8,0.02,0.5,0.2,0.9,1.0,1,2,0.6,0.9,0.30000000000000004,develop_M1_task_2,M1,M1,M1,M1,False,M1,M2,0.10000000000000009,0.275,0.8,0.6825,0.8400000000000001,0.15750000000000008,0.057499999999999996,M2,1.54,1.4825,1.4825,0.05750000000000011,1.54,0.0,GREATER,STRICT_ADVANTAGE,STRICT_ADVANTAGE,True,False,False,False,False,True,True
A1c.2,A1c.2-0263,0.8,0.6,0.7,0.5,0.75,0.8,0.02,0.5,0.2,0.9,1.0,1,2,0.6,0.9,0.30000000000000004,develop_M1_task_2,M1,M1,M1,M1,False,M1,M2,0.10000000000000009,0.275,0.8,0.6825,0.8400000000000001,0.15750000000000008,0.057499999999999996,M2,1.54,1.4825,1.4825,0.05750000000000011,1.54,0.0,GREATER,STRICT_ADVANTAGE,STRICT_ADVANTAGE,True,False,False,False,False,True,True
A1c.2,A1c.2-0264,0.8,0.6,0.7,0.55,0.75,0.8,0.02,0.5,0.2,0.9,1.0,1,2,0.6,0.9,0.30000000000000004,develop_M1_task_2,M1,M1,M1,M1,False,M1,M2,0.10000000000000009,0.275,0.8,0.6825,0.8400000000000001,0.15750000000000008,0.057499999999999996,M2,1.54,1.4825,1.4825,0.05750000000000011,1.54,0.0,GREATER,STRICT_ADVANTAGE,STRICT_ADVANTAGE,True,False,False,False,False,True,True
A1c.2,A1c.2-0265,0.8,0.6,0.7,0.6,0.75,0.8,0.02,0.5,0.2,0.9,1.0,1,2,0.6,0.9,0.30000000000000004,develop_M1_task_2|develop_M2_task_2,ties,M1|M2,tie,M1,False,M1,M2,0.10000000000000009,0.275,0.8,0.6825,0.8400000000000001,0.15750000000000008,0.057499999999999996,M2,1.54,1.4825,1.4825,0.05750000000000011,1.54,0.0,GREATER,STRICT_ADVANTAGE,STRICT_ADVANTAGE,True,False,False,False,False,True,True
A1c.2,A1c.2-0266,0.8,0.6,0.7,0.65,0.75,0.8,0.02,0.5,0.2,0.9,1.0,1,2,0.65,0.9099999999999999,0.2599999999999999,develop_M2_task_2,M2,M2,M2,M1,False,M1,M2,0.10000000000000009,0.275,0.8,0.7215,0.858,0.13649999999999995,0.036499999999999866,M2,1.5579999999999998,1.5215,1.5215,0.036499999999999755,1.5579999999999998,0.0,GREATER,STRICT_ADVANTAGE,STRICT_ADVANTAGE,True,False,False,False,False,True,True
A1c.2,A1c.2-0267,0.8,0.6,0.7,0.7,0.75,0.8,0.02,0.5,0.2,0.9,1.0,1,2,0.7,0.9199999999999999,0.21999999999999997,develop_M2_task_2,M2,M2,M2,M1,False,M1,M2,0.10000000000000009,0.275,0.8,0.7605,0.8759999999999999,0.11549999999999994,0.015499999999999847,M2,1.5759999999999998,1.5605,1.5605,0.015499999999999847,1.5759999999999998,0.0,GREATER,STRICT_ADVANTAGE,STRICT_ADVANTAGE,True,False,False,False,False,True,True
A1c.2,A1c.2-0268,0.8,0.6,0.7,0.75,0.75,0.8,0.02,0.5,0.2,0.9,1.0,1,2,0.75,0.9299999999999999,0.17999999999999994,develop_M2_task_2,M2,M2,M2,M1,False,M1,M2,0.10000000000000009,0.275,0.8,0.7994999999999999,0.8939999999999999,0.09450000000000003,-0.00550000000000006,M1,1.5995,1.5995,1.5995,0.0,1.5995,0.0,LESS,NO_ADVANTAGE,NO_ADVANTAGE,True,False,False,False,False,True,True
A1c.2,A1c.2-0269,0.8,0.6,0.7,0.8,0.75,0.8,0.02,0.5,0.2,0.9,1.0,1,2,0.8,0.94,0.1399999999999999,develop_M2_task_2,M2,M2,M2,M1,False,M1,M2,0.10000000000000009,0.275,0.8,0.8385,0.9119999999999999,0.0734999999999999,-0.02650000000000019,M1,1.6385,1.6385,1.6385,0.0,1.6385,0.0,LESS,NO_ADVANTAGE,NO_ADVANTAGE,True,False,False,False,False,True,True
A1c.2,A1c.2-0270,0.8,0.6,0.7,0.85,0.75,0.8,0.02,0.5,0.2,0.9,1.0,1,2,0.85,0.95,0.09999999999999998,develop_M2_task_2,M2,M2,M2,M1,False,M1,M2,0.10000000000000009,0.275,0.8,0.8775,0.9299999999999999,0.05249999999999999,-0.0475000000000001,M1,1.6775,1.6775,1.6775,0.0,1.6775,0.0,LESS,NO_ADVANTAGE,NO_ADVANTAGE,True,False,False,False,False,True,True
A1c.2,A1c.2-0271,0.8,0.6,0.7,0.9,0.75,0.8,0.02,0.5,0.2,0.9,1.0,1,2,0.9,0.96,0.05999999999999994,develop_M2_task_2,M2,M2,M2,M1,False,M1,M2,0.10000000000000009,0.275,0.8,0.9165,0.948,0.03149999999999997,-0.06850000000000012,M1,1.7165,1.7165,1.7165,0.0,1.7165,0.0,LESS,NO_ADVANTAGE,NO_ADVANTAGE,True,False,False,False,False,True,True
A1c.2,A1c.2-0272,0.8,0.6,0.7,0.95,0.75,0.8,0.02,0.5,0.2,0.9,1.0,1,2,0.95,0.97,0.020000000000000018,develop_M2_task_2,M2,M2,M2,M1,False,M1,M2,0.10000000000000009,0.275,0.8,0.9555,0.966,0.010499999999999954,-0.08950000000000014,M1,1.7555,1.7555,1.7555,0.0,1.7555,0.0,LESS,NO_ADVANTAGE,NO_ADVANTAGE,True,False,False,False,False,True,True
A1c.2,A1c.2-0273,0.8,0.6,0.7,1.0,0.75,0.8,0.02,0.5,0.2,0.9,1.0,1,2,1.0,1.0,0.0,null,null,M2,M2,M1,False,M1,M2,0.10000000000000009,0.275,0.8,1.0,1.0,0.0,-0.10000000000000009,M1,1.8,1.8,1.8,0.0,1.8,0.0,LESS,NO_ADVANTAGE,NO_ADVANTAGE,True,False,False,False,False,True,True
A1c.2,A1c.2-0274,0.8,0.65,0.7,0.0,0.75,0.8,0.02,0.5,0.2,0.9,1.0,1,2,0.65,0.9099999999999999,0.2599999999999999,develop_M1_task_2,M1,M1,M1,M1,False,M1,M2,0.10000000000000009,0.275,0.8,0.7215,0.858,0.13649999999999995,0.036499999999999866,M2,1.5579999999999998,1.5215,1.5215,0.036499999999999755,1.5579999999999998,0.0,GREATER,STRICT_ADVANTAGE,STRICT_ADVANTAGE,True,False,False,False,False,True,True
A1c.2,A1c.2-0275,0.8,0.65,0.7,0.05,0.75,0.8,0.02,0.5,0.2,0.9,1.0,1,2,0.65,0.9099999999999999,0.2599999999999999,develop_M1_task_2,M1,M1,M1,M1,False,M1,M2,0.10000000000000009,0.275,0.8,0.7215,0.858,0.13649999999999995,0.036499999999999866,M2,1.5579999999999998,1.5215,1.5215,0.036499999999999755,1.5579999999999998,0.0,GREATER,STRICT_ADVANTAGE,STRICT_ADVANTAGE,True,False,False,False,False,True,True
A1c.2,A1c.2-0276,0.8,0.65,0.7,0.1,0.75,0.8,0.02,0.5,0.2,0.9,1.0,1,2,0.65,0.9099999999999999,0.2599999999999999,develop_M1_task_2,M1,M1,M1,M1,False,M1,M2,0.10000000000000009,0.275,0.8,0.7215,0.858,0.13649999999999995,0.036499999999999866,M2,1.5579999999999998,1.5215,1.5215,0.036499999999999755,1.5579999999999998,0.0,GREATER,STRICT_ADVANTAGE,STRICT_ADVANTAGE,True,False,False,False,False,True,True
A1c.2,A1c.2-0277,0.8,0.65,0.7,0.15,0.75,0.8,0.02,0.5,0.2,0.9,1.0,1,2,0.65,0.9099999999999999,0.2599999999999999,develop_M1_task_2,M1,M1,M1,M1,False,M1,M2,0.10000000000000009,0.275,0.8,0.7215,0.858,0.13649999999999995,0.036499999999999866,M2,1.5579999999999998,1.5215,1.5215,0.036499999999999755,1.5579999999999998,0.0,GREATER,STRICT_ADVANTAGE,STRICT_ADVANTAGE,True,False,False,False,False,True,True
A1c.2,A1c.2-0278,0.8,0.65,0.7,0.2,0.75,0.8,0.02,0.5,0.2,0.9,1.0,1,2,0.65,0.9099999999999999,0.2599999999999999,develop_M1_task_2,M1,M1,M1,M1,False,M1,M2,0.10000000000000009,0.275,0.8,0.7215,0.858,0.13649999999999995,0.036499999999999866,M2,1.5579999999999998,1.5215,1.5215,0.036499999999999755,1.5579999999999998,0.0,GREATER,STRICT_ADVANTAGE,STRICT_ADVANTAGE,True,False,False,False,False,True,True
A1c.2,A1c.2-0279,0.8,0.65,0.7,0.25,0.75,0.8,0.02,0.5,0.2,0.9,1.0,1,2,0.65,0.9099999999999999,0.2599999999999999,develop_M1_task_2,M1,M1,M1,M1,False,M1,M2,0.10000000000000009,0.275,0.8,0.7215,0.858,0.13649999999999995,0.036499999999999866,M2,1.5579999999999998,1.5215,1.5215,0.036499999999999755,1.5579999999999998,0.0,GREATER,STRICT_ADVANTAGE,STRICT_ADVANTAGE,True,False,False,False,False,True,True
A1c.2,A1c.2-0280,0.8,0.65,0.7,0.3,0.75,0.8,0.02,0.5,0.2,0.9,1.0,1,2,0.65,0.9099999999999999,0.2599999999999999,develop_M1_task_2,M1,M1,M1,M1,False,M1,M2,0.10000000000000009,0.275,0.8,0.7215,0.858,0.13649999999999995,0.036499999999999866,M2,1.5579999999999998,1.5215,1.5215,0.036499999999999755,1.5579999999999998,0.0,GREATER,STRICT_ADVANTAGE,STRICT_ADVANTAGE,True,False,False,False,False,True,True
A1c.2,A1c.2-0281,0.8,0.65,0.7,0.35,0.75,0.8,0.02,0.5,0.2,0.9,1.0,1,2,0.65,0.9099999999999999,0.2599999999999999,develop_M1_task_2,M1,M1,M1,M1,False,M1,M2,0.10000000000000009,0.275,0.8,0.7215,0.858,0.13649999999999995,0.036499999999999866,M2,1.5579999999999998,1.5215,1.5215,0.036499999999999755,1.5579999999999998,0.0,GREATER,STRICT_ADVANTAGE,STRICT_ADVANTAGE,True,False,False,False,False,True,True
A1c.2,A1c.2-0282,0.8,0.65,0.7,0.4,0.75,0.8,0.02,0.5,0.2,0.9,1.0,1,2,0.65,0.9099999999999999,0.2599999999999999,develop_M1_task_2,M1,M1,M1,M1,False,M1,M2,0.10000000000000009,0.275,0.8,0.7215,0.858,0.13649999999999995,0.036499999999999866,M2,1.5579999999999998,1.5215,1.5215,0.036499999999999755,1.5579999999999998,0.0,GREATER,STRICT_ADVANTAGE,STRICT_ADVANTAGE,True,False,False,False,False,True,True
A1c.2,A1c.2-0283,0.8,0.65,0.7,0.45,0.75,0.8,0.02,0.5,0.2,0.9,1.0,1,2,0.65,0.9099999999999999,0.2599999999999999,develop_M1_task_2,M1,M1,M1,M1,False,M1,M2,0.10000000000000009,0.275,0.8,0.7215,0.858,0.13649999999999995,0.036499999999999866,M2,1.5579999999999998,1.5215,1.5215,0.036499999999999755,1.5579999999999998,0.0,GREATER,STRICT_ADVANTAGE,STRICT_ADVANTAGE,True,False,False,False,False,True,True
A1c.2,A1c.2-0284,0.8,0.65,0.7,0.5,0.75,0.8,0.02,0.5,0.2,0.9,1.0,1,2,0.65,0.9099999999999999,0.2599999999999999,develop_M1_task_2,M1,M1,M1,M1,False,M1,M2,0.10000000000000009,0.275,0.8,0.7215,0.858,0.13649999999999995,0.036499999999999866,M2,1.5579999999999998,1.5215,1.5215,0.036499999999999755,1.5579999999999998,0.0,GREATER,STRICT_ADVANTAGE,STRICT_ADVANTAGE,True,False,False,False,False,True,True
A1c.2,A1c.2-0285,0.8,0.65,0.7,0.55,0.75,0.8,0.02,0.5,0.2,0.9,1.0,1,2,0.65,0.9099999999999999,0.2599999999999999,develop_M1_task_2,M1,M1,M1,M1,False,M1,M2,0.10000000000000009,0.275,0.8,0.7215,0.858,0.13649999999999995,0.036499999999999866,M2,1.5579999999999998,1.5215,1.5215,0.036499999999999755,1.5579999999999998,0.0,GREATER,STRICT_ADVANTAGE,STRICT_ADVANTAGE,True,False,False,False,False,True,True
A1c.2,A1c.2-0286,0.8,0.65,0.7,0.6,0.75,0.8,0.02,0.5,0.2,0.9,1.0,1,2,0.65,0.9099999999999999,0.2599999999999999,develop_M1_task_2,M1,M1,M1,M1,False,M1,M2,0.10000000000000009,0.275,0.8,0.7215,0.858,0.13649999999999995,0.036499999999999866,M2,1.5579999999999998,1.5215,1.5215,0.036499999999999755,1.5579999999999998,0.0,GREATER,STRICT_ADVANTAGE,STRICT_ADVANTAGE,True,False,False,False,False,True,True
A1c.2,A1c.2-0287,0.8,0.65,0.7,0.65,0.75,0.8,0.02,0.5,0.2,0.9,1.0,1,2,0.65,0.9099999999999999,0.2599999999999999,develop_M1_task_2|develop_M2_task_2,ties,M1|M2,tie,M1,False,M1,M2,0.10000000000000009,0.275,0.8,0.7215,0.858,0.13649999999999995,0.036499999999999866,M2,1.5579999999999998,1.5215,1.5215,0.036499999999999755,1.5579999999999998,0.0,GREATER,STRICT_ADVANTAGE,STRICT_ADVANTAGE,True,False,False,False,False,True,True
A1c.2,A1c.2-0288,0.8,0.65,0.7,0.7,0.75,0.8,0.02,0.5,0.2,0.9,1.0,1,2,0.7,0.9199999999999999,0.21999999999999997,develop_M2_task_2,M2,M2,M2,M1,False,M1,M2,0.10000000000000009,0.275,0.8,0.7605,0.8759999999999999,0.11549999999999994,0.015499999999999847,M2,1.5759999999999998,1.5605,1.5605,0.015499999999999847,1.5759999999999998,0.0,GREATER,STRICT_ADVANTAGE,STRICT_ADVANTAGE,True,False,False,False,False,True,True
A1c.2,A1c.2-0289,0.8,0.65,0.7,0.75,0.75,0.8,0.02,0.5,0.2,0.9,1.0,1,2,0.75,0.9299999999999999,0.17999999999999994,develop_M2_task_2,M2,M2,M2,M1,False,M1,M2,0.10000000000000009,0.275,0.8,0.7994999999999999,0.8939999999999999,0.09450000000000003,-0.00550000000000006,M1,1.5995,1.5995,1.5995,0.0,1.5995,0.0,LESS,NO_ADVANTAGE,NO_ADVANTAGE,True,False,False,False,False,True,True
A1c.2,A1c.2-0290,0.8,0.65,0.7,0.8,0.75,0.8,0.02,0.5,0.2,0.9,1.0,1,2,0.8,0.94,0.1399999999999999,develop_M2_task_2,M2,M2,M2,M1,False,M1,M2,0.10000000000000009,0.275,0.8,0.8385,0.9119999999999999,0.0734999999999999,-0.02650000000000019,M1,1.6385,1.6385,1.6385,0.0,1.6385,0.0,LESS,NO_ADVANTAGE,NO_ADVANTAGE,True,False,False,False,False,True,True
A1c.2,A1c.2-0291,0.8,0.65,0.7,0.85,0.75,0.8,0.02,0.5,0.2,0.9,1.0,1,2,0.85,0.95,0.09999999999999998,develop_M2_task_2,M2,M2,M2,M1,False,M1,M2,0.10000000000000009,0.275,0.8,0.8775,0.9299999999999999,0.05249999999999999,-0.0475000000000001,M1,1.6775,1.6775,1.6775,0.0,1.6775,0.0,LESS,NO_ADVANTAGE,NO_ADVANTAGE,True,False,False,False,False,True,True
A1c.2,A1c.2-0292,0.8,0.65,0.7,0.9,0.75,0.8,0.02,0.5,0.2,0.9,1.0,1,2,0.9,0.96,0.05999999999999994,develop_M2_task_2,M2,M2,M2,M1,False,M1,M2,0.10000000000000009,0.275,0.8,0.9165,0.948,0.03149999999999997,-0.06850000000000012,M1,1.7165,1.7165,1.7165,0.0,1.7165,0.0,LESS,NO_ADVANTAGE,NO_ADVANTAGE,True,False,False,False,False,True,True
A1c.2,A1c.2-0293,0.8,0.65,0.7,0.95,0.75,0.8,0.02,0.5,0.2,0.9,1.0,1,2,0.95,0.97,0.020000000000000018,develop_M2_task_2,M2,M2,M2,M1,False,M1,M2,0.10000000000000009,0.275,0.8,0.9555,0.966,0.010499999999999954,-0.08950000000000014,M1,1.7555,1.7555,1.7555,0.0,1.7555,0.0,LESS,NO_ADVANTAGE,NO_ADVANTAGE,True,False,False,False,False,True,True
A1c.2,A1c.2-0294,0.8,0.65,0.7,1.0,0.75,0.8,0.02,0.5,0.2,0.9,1.0,1,2,1.0,1.0,0.0,null,null,M2,M2,M1,False,M1,M2,0.10000000000000009,0.275,0.8,1.0,1.0,0.0,-0.10000000000000009,M1,1.8,1.8,1.8,0.0,1.8,0.0,LESS,NO_ADVANTAGE,NO_ADVANTAGE,True,False,False,False,False,True,True
A1c.2,A1c.2-0295,0.8,0.7,0.7,0.0,0.75,0.8,0.02,0.5,0.2,0.9,1.0,1,2,0.7,0.9199999999999999,0.21999999999999997,develop_M1_task_2,M1,M1,M1,M1,False,M1,M2,0.10000000000000009,0.275,0.8,0.7605,0.8759999999999999,0.11549999999999994,0.015499999999999847,M2,1.5759999999999998,1.5605,1.5605,0.015499999999999847,1.5759999999999998,0.0,GREATER,STRICT_ADVANTAGE,STRICT_ADVANTAGE,True,False,False,False,False,True,True
A1c.2,A1c.2-0296,0.8,0.7,0.7,0.05,0.75,0.8,0.02,0.5,0.2,0.9,1.0,1,2,0.7,0.9199999999999999,0.21999999999999997,develop_M1_task_2,M1,M1,M1,M1,False,M1,M2,0.10000000000000009,0.275,0.8,0.7605,0.8759999999999999,0.11549999999999994,0.015499999999999847,M2,1.5759999999999998,1.5605,1.5605,0.015499999999999847,1.5759999999999998,0.0,GREATER,STRICT_ADVANTAGE,STRICT_ADVANTAGE,True,False,False,False,False,True,True
A1c.2,A1c.2-0297,0.8,0.7,0.7,0.1,0.75,0.8,0.02,0.5,0.2,0.9,1.0,1,2,0.7,0.9199999999999999,0.21999999999999997,develop_M1_task_2,M1,M1,M1,M1,False,M1,M2,0.10000000000000009,0.275,0.8,0.7605,0.8759999999999999,0.11549999999999994,0.015499999999999847,M2,1.5759999999999998,1.5605,1.5605,0.015499999999999847,1.5759999999999998,0.0,GREATER,STRICT_ADVANTAGE,STRICT_ADVANTAGE,True,False,False,False,False,True,True
A1c.2,A1c.2-0298,0.8,0.7,0.7,0.15,0.75,0.8,0.02,0.5,0.2,0.9,1.0,1,2,0.7,0.9199999999999999,0.21999999999999997,develop_M1_task_2,M1,M1,M1,M1,False,M1,M2,0.10000000000000009,0.275,0.8,0.7605,0.8759999999999999,0.11549999999999994,0.015499999999999847,M2,1.5759999999999998,1.5605,1.5605,0.015499999999999847,1.5759999999999998,0.0,GREATER,STRICT_ADVANTAGE,STRICT_ADVANTAGE,True,False,False,False,False,True,True
A1c.2,A1c.2-0299,0.8,0.7,0.7,0.2,0.75,0.8,0.02,0.5,0.2,0.9,1.0,1,2,0.7,0.9199999999999999,0.21999999999999997,develop_M1_task_2,M1,M1,M1,M1,False,M1,M2,0.10000000000000009,0.275,0.8,0.7605,0.8759999999999999,0.11549999999999994,0.015499999999999847,M2,1.5759999999999998,1.5605,1.5605,0.015499999999999847,1.5759999999999998,0.0,GREATER,STRICT_ADVANTAGE,STRICT_ADVANTAGE,True,False,False,False,False,True,True
A1c.2,A1c.2-0300,0.8,0.7,0.7,0.25,0.75,0.8,0.02,0.5,0.2,0.9,1.0,1,2,0.7,0.9199999999999999,0.21999999999999997,develop_M1_task_2,M1,M1,M1,M1,False,M1,M2,0.10000000000000009,0.275,0.8,0.7605,0.8759999999999999,0.11549999999999994,0.015499999999999847,M2,1.5759999999999998,1.5605,1.5605,0.015499999999999847,1.5759999999999998,0.0,GREATER,STRICT_ADVANTAGE,STRICT_ADVANTAGE,True,False,False,False,False,True,True
A1c.2,A1c.2-0301,0.8,0.7,0.7,0.3,0.75,0.8,0.02,0.5,0.2,0.9,1.0,1,2,0.7,0.9199999999999999,0.21999999999999997,develop_M1_task_2,M1,M1,M1,M1,False,M1,M2,0.10000000000000009,0.275,0.8,0.7605,0.8759999999999999,0.11549999999999994,0.015499999999999847,M2,1.5759999999999998,1.5605,1.5605,0.015499999999999847,1.5759999999999998,0.0,GREATER,STRICT_ADVANTAGE,STRICT_ADVANTAGE,True,False,False,False,False,True,True
A1c.2,A1c.2-0302,0.8,0.7,0.7,0.35,0.75,0.8,0.02,0.5,0.2,0.9,1.0,1,2,0.7,0.9199999999999999,0.21999999999999997,develop_M1_task_2,M1,M1,M1,M1,False,M1,M2,0.10000000000000009,0.275,0.8,0.7605,0.8759999999999999,0.11549999999999994,0.015499999999999847,M2,1.5759999999999998,1.5605,1.5605,0.015499999999999847,1.5759999999999998,0.0,GREATER,STRICT_ADVANTAGE,STRICT_ADVANTAGE,True,False,False,False,False,True,True
A1c.2,A1c.2-0303,0.8,0.7,0.7,0.4,0.75,0.8,0.02,0.5,0.2,0.9,1.0,1,2,0.7,0.9199999999999999,0.21999999999999997,develop_M1_task_2,M1,M1,M1,M1,False,M1,M2,0.10000000000000009,0.275,0.8,0.7605,0.8759999999999999,0.11549999999999994,0.015499999999999847,M2,1.5759999999999998,1.5605,1.5605,0.015499999999999847,1.5759999999999998,0.0,GREATER,STRICT_ADVANTAGE,STRICT_ADVANTAGE,True,False,False,False,False,True,True
A1c.2,A1c.2-0304,0.8,0.7,0.7,0.45,0.75,0.8,0.02,0.5,0.2,0.9,1.0,1,2,0.7,0.9199999999999999,0.21999999999999997,develop_M1_task_2,M1,M1,M1,M1,False,M1,M2,0.10000000000000009,0.275,0.8,0.7605,0.8759999999999999,0.11549999999999994,0.015499999999999847,M2,1.5759999999999998,1.5605,1.5605,0.015499999999999847,1.5759999999999998,0.0,GREATER,STRICT_ADVANTAGE,STRICT_ADVANTAGE,True,False,False,False,False,True,True
A1c.2,A1c.2-0305,0.8,0.7,0.7,0.5,0.75,0.8,0.02,0.5,0.2,0.9,1.0,1,2,0.7,0.9199999999999999,0.21999999999999997,develop_M1_task_2,M1,M1,M1,M1,False,M1,M2,0.10000000000000009,0.275,0.8,0.7605,0.8759999999999999,0.11549999999999994,0.015499999999999847,M2,1.5759999999999998,1.5605,1.5605,0.015499999999999847,1.5759999999999998,0.0,GREATER,STRICT_ADVANTAGE,STRICT_ADVANTAGE,True,False,False,False,False,True,True
A1c.2,A1c.2-0306,0.8,0.7,0.7,0.55,0.75,0.8,0.02,0.5,0.2,0.9,1.0,1,2,0.7,0.9199999999999999,0.21999999999999997,develop_M1_task_2,M1,M1,M1,M1,False,M1,M2,0.10000000000000009,0.275,0.8,0.7605,0.8759999999999999,0.11549999999999994,0.015499999999999847,M2,1.5759999999999998,1.5605,1.5605,0.015499999999999847,1.5759999999999998,0.0,GREATER,STRICT_ADVANTAGE,STRICT_ADVANTAGE,True,False,False,False,False,True,True
A1c.2,A1c.2-0307,0.8,0.7,0.7,0.6,0.75,0.8,0.02,0.5,0.2,0.9,1.0,1,2,0.7,0.9199999999999999,0.21999999999999997,develop_M1_task_2,M1,M1,M1,M1,False,M1,M2,0.10000000000000009,0.275,0.8,0.7605,0.8759999999999999,0.11549999999999994,0.015499999999999847,M2,1.5759999999999998,1.5605,1.5605,0.015499999999999847,1.5759999999999998,0.0,GREATER,STRICT_ADVANTAGE,STRICT_ADVANTAGE,True,False,False,False,False,True,True
A1c.2,A1c.2-0308,0.8,0.7,0.7,0.65,0.75,0.8,0.02,0.5,0.2,0.9,1.0,1,2,0.7,0.9199999999999999,0.21999999999999997,develop_M1_task_2,M1,M1,M1,M1,False,M1,M2,0.10000000000000009,0.275,0.8,0.7605,0.8759999999999999,0.11549999999999994,0.015499999999999847,M2,1.5759999999999998,1.5605,1.5605,0.015499999999999847,1.5759999999999998,0.0,GREATER,STRICT_ADVANTAGE,STRICT_ADVANTAGE,True,False,False,False,False,True,True
A1c.2,A1c.2-0309,0.8,0.7,0.7,0.7,0.75,0.8,0.02,0.5,0.2,0.9,1.0,1,2,0.7,0.9199999999999999,0.21999999999999997,develop_M1_task_2|develop_M2_task_2,ties,M1|M2,tie,M1,False,M1,M2,0.10000000000000009,0.275,0.8,0.7605,0.8759999999999999,0.11549999999999994,0.015499999999999847,M2,1.5759999999999998,1.5605,1.5605,0.015499999999999847,1.5759999999999998,0.0,GREATER,STRICT_ADVANTAGE,STRICT_ADVANTAGE,True,False,False,False,False,True,True
A1c.2,A1c.2-0310,0.8,0.7,0.7,0.75,0.75,0.8,0.02,0.5,0.2,0.9,1.0,1,2,0.75,0.9299999999999999,0.17999999999999994,develop_M2_task_2,M2,M2,M2,M1,False,M1,M2,0.10000000000000009,0.275,0.8,0.7994999999999999,0.8939999999999999,0.09450000000000003,-0.00550000000000006,M1,1.5995,1.5995,1.5995,0.0,1.5995,0.0,LESS,NO_ADVANTAGE,NO_ADVANTAGE,True,False,False,False,False,True,True
A1c.2,A1c.2-0311,0.8,0.7,0.7,0.8,0.75,0.8,0.02,0.5,0.2,0.9,1.0,1,2,0.8,0.94,0.1399999999999999,develop_M2_task_2,M2,M2,M2,M1,False,M1,M2,0.10000000000000009,0.275,0.8,0.8385,0.9119999999999999,0.0734999999999999,-0.02650000000000019,M1,1.6385,1.6385,1.6385,0.0,1.6385,0.0,LESS,NO_ADVANTAGE,NO_ADVANTAGE,True,False,False,False,False,True,True
A1c.2,A1c.2-0312,0.8,0.7,0.7,0.85,0.75,0.8,0.02,0.5,0.2,0.9,1.0,1,2,0.85,0.95,0.09999999999999998,develop_M2_task_2,M2,M2,M2,M1,False,M1,M2,0.10000000000000009,0.275,0.8,0.8775,0.9299999999999999,0.05249999999999999,-0.0475000000000001,M1,1.6775,1.6775,1.6775,0.0,1.6775,0.0,LESS,NO_ADVANTAGE,NO_ADVANTAGE,True,False,False,False,False,True,True
A1c.2,A1c.2-0313,0.8,0.7,0.7,0.9,0.75,0.8,0.02,0.5,0.2,0.9,1.0,1,2,0.9,0.96,0.05999999999999994,develop_M2_task_2,M2,M2,M2,M1,False,M1,M2,0.10000000000000009,0.275,0.8,0.9165,0.948,0.03149999999999997,-0.06850000000000012,M1,1.7165,1.7165,1.7165,0.0,1.7165,0.0,LESS,NO_ADVANTAGE,NO_ADVANTAGE,True,False,False,False,False,True,True
A1c.2,A1c.2-0314,0.8,0.7,0.7,0.95,0.75,0.8,0.02,0.5,0.2,0.9,1.0,1,2,0.95,0.97,0.020000000000000018,develop_M2_task_2,M2,M2,M2,M1,False,M1,M2,0.10000000000000009,0.275,0.8,0.9555,0.966,0.010499999999999954,-0.08950000000000014,M1,1.7555,1.7555,1.7555,0.0,1.7555,0.0,LESS,NO_ADVANTAGE,NO_ADVANTAGE,True,False,False,False,False,True,True
A1c.2,A1c.2-0315,0.8,0.7,0.7,1.0,0.75,0.8,0.02,0.5,0.2,0.9,1.0,1,2,1.0,1.0,0.0,null,null,M2,M2,M1,False,M1,M2,0.10000000000000009,0.275,0.8,1.0,1.0,0.0,-0.10000000000000009,M1,1.8,1.8,1.8,0.0,1.8,0.0,LESS,NO_ADVANTAGE,NO_ADVANTAGE,True,False,False,False,False,True,True
A1c.2,A1c.2-0316,0.8,0.75,0.7,0.0,0.75,0.8,0.02,0.5,0.2,0.9,1.0,1,2,0.75,0.9299999999999999,0.17999999999999994,develop_M1_task_2,M1,M1,M1,M1,False,M1,M2,0.10000000000000009,0.275,0.8,0.7994999999999999,0.8939999999999999,0.09450000000000003,-0.00550000000000006,M1,1.5995,1.5995,1.5995,0.0,1.5995,0.0,LESS,NO_ADVANTAGE,NO_ADVANTAGE,True,False,False,False,False,True,True
A1c.2,A1c.2-0317,0.8,0.75,0.7,0.05,0.75,0.8,0.02,0.5,0.2,0.9,1.0,1,2,0.75,0.9299999999999999,0.17999999999999994,develop_M1_task_2,M1,M1,M1,M1,False,M1,M2,0.10000000000000009,0.275,0.8,0.7994999999999999,0.8939999999999999,0.09450000000000003,-0.00550000000000006,M1,1.5995,1.5995,1.5995,0.0,1.5995,0.0,LESS,NO_ADVANTAGE,NO_ADVANTAGE,True,False,False,False,False,True,True
A1c.2,A1c.2-0318,0.8,0.75,0.7,0.1,0.75,0.8,0.02,0.5,0.2,0.9,1.0,1,2,0.75,0.9299999999999999,0.17999999999999994,develop_M1_task_2,M1,M1,M1,M1,False,M1,M2,0.10000000000000009,0.275,0.8,0.7994999999999999,0.8939999999999999,0.09450000000000003,-0.00550000000000006,M1,1.5995,1.5995,1.5995,0.0,1.5995,0.0,LESS,NO_ADVANTAGE,NO_ADVANTAGE,True,False,False,False,False,True,True
A1c.2,A1c.2-0319,0.8,0.75,0.7,0.15,0.75,0.8,0.02,0.5,0.2,0.9,1.0,1,2,0.75,0.9299999999999999,0.17999999999999994,develop_M1_task_2,M1,M1,M1,M1,False,M1,M2,0.10000000000000009,0.275,0.8,0.7994999999999999,0.8939999999999999,0.09450000000000003,-0.00550000000000006,M1,1.5995,1.5995,1.5995,0.0,1.5995,0.0,LESS,NO_ADVANTAGE,NO_ADVANTAGE,True,False,False,False,False,True,True
A1c.2,A1c.2-0320,0.8,0.75,0.7,0.2,0.75,0.8,0.02,0.5,0.2,0.9,1.0,1,2,0.75,0.9299999999999999,0.17999999999999994,develop_M1_task_2,M1,M1,M1,M1,False,M1,M2,0.10000000000000009,0.275,0.8,0.7994999999999999,0.8939999999999999,0.09450000000000003,-0.00550000000000006,M1,1.5995,1.5995,1.5995,0.0,1.5995,0.0,LESS,NO_ADVANTAGE,NO_ADVANTAGE,True,False,False,False,False,True,True
A1c.2,A1c.2-0321,0.8,0.75,0.7,0.25,0.75,0.8,0.02,0.5,0.2,0.9,1.0,1,2,0.75,0.9299999999999999,0.17999999999999994,develop_M1_task_2,M1,M1,M1,M1,False,M1,M2,0.10000000000000009,0.275,0.8,0.7994999999999999,0.8939999999999999,0.09450000000000003,-0.00550000000000006,M1,1.5995,1.5995,1.5995,0.0,1.5995,0.0,LESS,NO_ADVANTAGE,NO_ADVANTAGE,True,False,False,False,False,True,True
A1c.2,A1c.2-0322,0.8,0.75,0.7,0.3,0.75,0.8,0.02,0.5,0.2,0.9,1.0,1,2,0.75,0.9299999999999999,0.17999999999999994,develop_M1_task_2,M1,M1,M1,M1,False,M1,M2,0.10000000000000009,0.275,0.8,0.7994999999999999,0.8939999999999999,0.09450000000000003,-0.00550000000000006,M1,1.5995,1.5995,1.5995,0.0,1.5995,0.0,LESS,NO_ADVANTAGE,NO_ADVANTAGE,True,False,False,False,False,True,True
A1c.2,A1c.2-0323,0.8,0.75,0.7,0.35,0.75,0.8,0.02,0.5,0.2,0.9,1.0,1,2,0.75,0.9299999999999999,0.17999999999999994,develop_M1_task_2,M1,M1,M1,M1,False,M1,M2,0.10000000000000009,0.275,0.8,0.7994999999999999,0.8939999999999999,0.09450000000000003,-0.00550000000000006,M1,1.5995,1.5995,1.5995,0.0,1.5995,0.0,LESS,NO_ADVANTAGE,NO_ADVANTAGE,True,False,False,False,False,True,True
A1c.2,A1c.2-0324,0.8,0.75,0.7,0.4,0.75,0.8,0.02,0.5,0.2,0.9,1.0,1,2,0.75,0.9299999999999999,0.17999999999999994,develop_M1_task_2,M1,M1,M1,M1,False,M1,M2,0.10000000000000009,0.275,0.8,0.7994999999999999,0.8939999999999999,0.09450000000000003,-0.00550000000000006,M1,1.5995,1.5995,1.5995,0.0,1.5995,0.0,LESS,NO_ADVANTAGE,NO_ADVANTAGE,True,False,False,False,False,True,True
A1c.2,A1c.2-0325,0.8,0.75,0.7,0.45,0.75,0.8,0.02,0.5,0.2,0.9,1.0,1,2,0.75,0.9299999999999999,0.17999999999999994,develop_M1_task_2,M1,M1,M1,M1,False,M1,M2,0.10000000000000009,0.275,0.8,0.7994999999999999,0.8939999999999999,0.09450000000000003,-0.00550000000000006,M1,1.5995,1.5995,1.5995,0.0,1.5995,0.0,LESS,NO_ADVANTAGE,NO_ADVANTAGE,True,False,False,False,False,True,True
A1c.2,A1c.2-0326,0.8,0.75,0.7,0.5,0.75,0.8,0.02,0.5,0.2,0.9,1.0,1,2,0.75,0.9299999999999999,0.17999999999999994,develop_M1_task_2,M1,M1,M1,M1,False,M1,M2,0.10000000000000009,0.275,0.8,0.7994999999999999,0.8939999999999999,0.09450000000000003,-0.00550000000000006,M1,1.5995,1.5995,1.5995,0.0,1.5995,0.0,LESS,NO_ADVANTAGE,NO_ADVANTAGE,True,False,False,False,False,True,True
A1c.2,A1c.2-0327,0.8,0.75,0.7,0.55,0.75,0.8,0.02,0.5,0.2,0.9,1.0,1,2,0.75,0.9299999999999999,0.17999999999999994,develop_M1_task_2,M1,M1,M1,M1,False,M1,M2,0.10000000000000009,0.275,0.8,0.7994999999999999,0.8939999999999999,0.09450000000000003,-0.00550000000000006,M1,1.5995,1.5995,1.5995,0.0,1.5995,0.0,LESS,NO_ADVANTAGE,NO_ADVANTAGE,True,False,False,False,False,True,True
A1c.2,A1c.2-0328,0.8,0.75,0.7,0.6,0.75,0.8,0.02,0.5,0.2,0.9,1.0,1,2,0.75,0.9299999999999999,0.17999999999999994,develop_M1_task_2,M1,M1,M1,M1,False,M1,M2,0.10000000000000009,0.275,0.8,0.7994999999999999,0.8939999999999999,0.09450000000000003,-0.00550000000000006,M1,1.5995,1.5995,1.5995,0.0,1.5995,0.0,LESS,NO_ADVANTAGE,NO_ADVANTAGE,True,False,False,False,False,True,True
A1c.2,A1c.2-0329,0.8,0.75,0.7,0.65,0.75,0.8,0.02,0.5,0.2,0.9,1.0,1,2,0.75,0.9299999999999999,0.17999999999999994,develop_M1_task_2,M1,M1,M1,M1,False,M1,M2,0.10000000000000009,0.275,0.8,0.7994999999999999,0.8939999999999999,0.09450000000000003,-0.00550000000000006,M1,1.5995,1.5995,1.5995,0.0,1.5995,0.0,LESS,NO_ADVANTAGE,NO_ADVANTAGE,True,False,False,False,False,True,True
A1c.2,A1c.2-0330,0.8,0.75,0.7,0.7,0.75,0.8,0.02,0.5,0.2,0.9,1.0,1,2,0.75,0.9299999999999999,0.17999999999999994,develop_M1_task_2,M1,M1,M1,M1,False,M1,M2,0.10000000000000009,0.275,0.8,0.7994999999999999,0.8939999999999999,0.09450000000000003,-0.00550000000000006,M1,1.5995,1.5995,1.5995,0.0,1.5995,0.0,LESS,NO_ADVANTAGE,NO_ADVANTAGE,True,False,False,False,False,True,True
A1c.2,A1c.2-0331,0.8,0.75,0.7,0.75,0.75,0.8,0.02,0.5,0.2,0.9,1.0,1,2,0.75,0.9299999999999999,0.17999999999999994,develop_M1_task_2|develop_M2_task_2,ties,M1|M2,tie,M1,False,M1,M2,0.10000000000000009,0.275,0.8,0.7994999999999999,0.8939999999999999,0.09450000000000003,-0.00550000000000006,M1,1.5995,1.5995,1.5995,0.0,1.5995,0.0,LESS,NO_ADVANTAGE,NO_ADVANTAGE,True,False,False,False,False,True,True
A1c.2,A1c.2-0332,0.8,0.75,0.7,0.8,0.75,0.8,0.02,0.5,0.2,0.9,1.0,1,2,0.8,0.94,0.1399999999999999,develop_M2_task_2,M2,M2,M2,M1,False,M1,M2,0.10000000000000009,0.275,0.8,0.8385,0.9119999999999999,0.0734999999999999,-0.02650000000000019,M1,1.6385,1.6385,1.6385,0.0,1.6385,0.0,LESS,NO_ADVANTAGE,NO_ADVANTAGE,True,False,False,False,False,True,True
A1c.2,A1c.2-0333,0.8,0.75,0.7,0.85,0.75,0.8,0.02,0.5,0.2,0.9,1.0,1,2,0.85,0.95,0.09999999999999998,develop_M2_task_2,M2,M2,M2,M1,False,M1,M2,0.10000000000000009,0.275,0.8,0.8775,0.9299999999999999,0.05249999999999999,-0.0475000000000001,M1,1.6775,1.6775,1.6775,0.0,1.6775,0.0,LESS,NO_ADVANTAGE,NO_ADVANTAGE,True,False,False,False,False,True,True
A1c.2,A1c.2-0334,0.8,0.75,0.7,0.9,0.75,0.8,0.02,0.5,0.2,0.9,1.0,1,2,0.9,0.96,0.05999999999999994,develop_M2_task_2,M2,M2,M2,M1,False,M1,M2,0.10000000000000009,0.275,0.8,0.9165,0.948,0.03149999999999997,-0.06850000000000012,M1,1.7165,1.7165,1.7165,0.0,1.7165,0.0,LESS,NO_ADVANTAGE,NO_ADVANTAGE,True,False,False,False,False,True,True
A1c.2,A1c.2-0335,0.8,0.75,0.7,0.95,0.75,0.8,0.02,0.5,0.2,0.9,1.0,1,2,0.95,0.97,0.020000000000000018,develop_M2_task_2,M2,M2,M2,M1,False,M1,M2,0.10000000000000009,0.275,0.8,0.9555,0.966,0.010499999999999954,-0.08950000000000014,M1,1.7555,1.7555,1.7555,0.0,1.7555,0.0,LESS,NO_ADVANTAGE,NO_ADVANTAGE,True,False,False,False,False,True,True
A1c.2,A1c.2-0336,0.8,0.75,0.7,1.0,0.75,0.8,0.02,0.5,0.2,0.9,1.0,1,2,1.0,1.0,0.0,null,null,M2,M2,M1,False,M1,M2,0.10000000000000009,0.275,0.8,1.0,1.0,0.0,-0.10000000000000009,M1,1.8,1.8,1.8,0.0,1.8,0.0,LESS,NO_ADVANTAGE,NO_ADVANTAGE,True,False,False,False,False,True,True
A1c.2,A1c.2-0337,0.8,0.8,0.7,0.0,0.75,0.8,0.02,0.5,0.2,0.9,1.0,1,2,0.8,0.94,0.1399999999999999,develop_M1_task_2,M1,M1,M1,M1,False,M1,M2,0.10000000000000009,0.275,0.8,0.8385,0.9119999999999999,0.0734999999999999,-0.02650000000000019,M1,1.6385,1.6385,1.6385,0.0,1.6385,0.0,LESS,NO_ADVANTAGE,NO_ADVANTAGE,True,False,False,False,False,True,True
A1c.2,A1c.2-0338,0.8,0.8,0.7,0.05,0.75,0.8,0.02,0.5,0.2,0.9,1.0,1,2,0.8,0.94,0.1399999999999999,develop_M1_task_2,M1,M1,M1,M1,False,M1,M2,0.10000000000000009,0.275,0.8,0.8385,0.9119999999999999,0.0734999999999999,-0.02650000000000019,M1,1.6385,1.6385,1.6385,0.0,1.6385,0.0,LESS,NO_ADVANTAGE,NO_ADVANTAGE,True,False,False,False,False,True,True
A1c.2,A1c.2-0339,0.8,0.8,0.7,0.1,0.75,0.8,0.02,0.5,0.2,0.9,1.0,1,2,0.8,0.94,0.1399999999999999,develop_M1_task_2,M1,M1,M1,M1,False,M1,M2,0.10000000000000009,0.275,0.8,0.8385,0.9119999999999999,0.0734999999999999,-0.02650000000000019,M1,1.6385,1.6385,1.6385,0.0,1.6385,0.0,LESS,NO_ADVANTAGE,NO_ADVANTAGE,True,False,False,False,False,True,True
A1c.2,A1c.2-0340,0.8,0.8,0.7,0.15,0.75,0.8,0.02,0.5,0.2,0.9,1.0,1,2,0.8,0.94,0.1399999999999999,develop_M1_task_2,M1,M1,M1,M1,False,M1,M2,0.10000000000000009,0.275,0.8,0.8385,0.9119999999999999,0.0734999999999999,-0.02650000000000019,M1,1.6385,1.6385,1.6385,0.0,1.6385,0.0,LESS,NO_ADVANTAGE,NO_ADVANTAGE,True,False,False,False,False,True,True
A1c.2,A1c.2-0341,0.8,0.8,0.7,0.2,0.75,0.8,0.02,0.5,0.2,0.9,1.0,1,2,0.8,0.94,0.1399999999999999,develop_M1_task_2,M1,M1,M1,M1,False,M1,M2,0.10000000000000009,0.275,0.8,0.8385,0.9119999999999999,0.0734999999999999,-0.02650000000000019,M1,1.6385,1.6385,1.6385,0.0,1.6385,0.0,LESS,NO_ADVANTAGE,NO_ADVANTAGE,True,False,False,False,False,True,True
A1c.2,A1c.2-0342,0.8,0.8,0.7,0.25,0.75,0.8,0.02,0.5,0.2,0.9,1.0,1,2,0.8,0.94,0.1399999999999999,develop_M1_task_2,M1,M1,M1,M1,False,M1,M2,0.10000000000000009,0.275,0.8,0.8385,0.9119999999999999,0.0734999999999999,-0.02650000000000019,M1,1.6385,1.6385,1.6385,0.0,1.6385,0.0,LESS,NO_ADVANTAGE,NO_ADVANTAGE,True,False,False,False,False,True,True
A1c.2,A1c.2-0343,0.8,0.8,0.7,0.3,0.75,0.8,0.02,0.5,0.2,0.9,1.0,1,2,0.8,0.94,0.1399999999999999,develop_M1_task_2,M1,M1,M1,M1,False,M1,M2,0.10000000000000009,0.275,0.8,0.8385,0.9119999999999999,0.0734999999999999,-0.02650000000000019,M1,1.6385,1.6385,1.6385,0.0,1.6385,0.0,LESS,NO_ADVANTAGE,NO_ADVANTAGE,True,False,False,False,False,True,True
A1c.2,A1c.2-0344,0.8,0.8,0.7,0.35,0.75,0.8,0.02,0.5,0.2,0.9,1.0,1,2,0.8,0.94,0.1399999999999999,develop_M1_task_2,M1,M1,M1,M1,False,M1,M2,0.10000000000000009,0.275,0.8,0.8385,0.9119999999999999,0.0734999999999999,-0.02650000000000019,M1,1.6385,1.6385,1.6385,0.0,1.6385,0.0,LESS,NO_ADVANTAGE,NO_ADVANTAGE,True,False,False,False,False,True,True
A1c.2,A1c.2-0345,0.8,0.8,0.7,0.4,0.75,0.8,0.02,0.5,0.2,0.9,1.0,1,2,0.8,0.94,0.1399999999999999,develop_M1_task_2,M1,M1,M1,M1,False,M1,M2,0.10000000000000009,0.275,0.8,0.8385,0.9119999999999999,0.0734999999999999,-0.02650000000000019,M1,1.6385,1.6385,1.6385,0.0,1.6385,0.0,LESS,NO_ADVANTAGE,NO_ADVANTAGE,True,False,False,False,False,True,True
A1c.2,A1c.2-0346,0.8,0.8,0.7,0.45,0.75,0.8,0.02,0.5,0.2,0.9,1.0,1,2,0.8,0.94,0.1399999999999999,develop_M1_task_2,M1,M1,M1,M1,False,M1,M2,0.10000000000000009,0.275,0.8,0.8385,0.9119999999999999,0.0734999999999999,-0.02650000000000019,M1,1.6385,1.6385,1.6385,0.0,1.6385,0.0,LESS,NO_ADVANTAGE,NO_ADVANTAGE,True,False,False,False,False,True,True
A1c.2,A1c.2-0347,0.8,0.8,0.7,0.5,0.75,0.8,0.02,0.5,0.2,0.9,1.0,1,2,0.8,0.94,0.1399999999999999,develop_M1_task_2,M1,M1,M1,M1,False,M1,M2,0.10000000000000009,0.275,0.8,0.8385,0.9119999999999999,0.0734999999999999,-0.02650000000000019,M1,1.6385,1.6385,1.6385,0.0,1.6385,0.0,LESS,NO_ADVANTAGE,NO_ADVANTAGE,True,False,False,False,False,True,True
A1c.2,A1c.2-0348,0.8,0.8,0.7,0.55,0.75,0.8,0.02,0.5,0.2,0.9,1.0,1,2,0.8,0.94,0.1399999999999999,develop_M1_task_2,M1,M1,M1,M1,False,M1,M2,0.10000000000000009,0.275,0.8,0.8385,0.9119999999999999,0.0734999999999999,-0.02650000000000019,M1,1.6385,1.6385,1.6385,0.0,1.6385,0.0,LESS,NO_ADVANTAGE,NO_ADVANTAGE,True,False,False,False,False,True,True
A1c.2,A1c.2-0349,0.8,0.8,0.7,0.6,0.75,0.8,0.02,0.5,0.2,0.9,1.0,1,2,0.8,0.94,0.1399999999999999,develop_M1_task_2,M1,M1,M1,M1,False,M1,M2,0.10000000000000009,0.275,0.8,0.8385,0.9119999999999999,0.0734999999999999,-0.02650000000000019,M1,1.6385,1.6385,1.6385,0.0,1.6385,0.0,LESS,NO_ADVANTAGE,NO_ADVANTAGE,True,False,False,False,False,True,True
A1c.2,A1c.2-0350,0.8,0.8,0.7,0.65,0.75,0.8,0.02,0.5,0.2,0.9,1.0,1,2,0.8,0.94,0.1399999999999999,develop_M1_task_2,M1,M1,M1,M1,False,M1,M2,0.10000000000000009,0.275,0.8,0.8385,0.9119999999999999,0.0734999999999999,-0.02650000000000019,M1,1.6385,1.6385,1.6385,0.0,1.6385,0.0,LESS,NO_ADVANTAGE,NO_ADVANTAGE,True,False,False,False,False,True,True
A1c.2,A1c.2-0351,0.8,0.8,0.7,0.7,0.75,0.8,0.02,0.5,0.2,0.9,1.0,1,2,0.8,0.94,0.1399999999999999,develop_M1_task_2,M1,M1,M1,M1,False,M1,M2,0.10000000000000009,0.275,0.8,0.8385,0.9119999999999999,0.0734999999999999,-0.02650000000000019,M1,1.6385,1.6385,1.6385,0.0,1.6385,0.0,LESS,NO_ADVANTAGE,NO_ADVANTAGE,True,False,False,False,False,True,True
A1c.2,A1c.2-0352,0.8,0.8,0.7,0.75,0.75,0.8,0.02,0.5,0.2,0.9,1.0,1,2,0.8,0.94,0.1399999999999999,develop_M1_task_2,M1,M1,M1,M1,False,M1,M2,0.10000000000000009,0.275,0.8,0.8385,0.9119999999999999,0.0734999999999999,-0.02650000000000019,M1,1.6385,1.6385,1.6385,0.0,1.6385,0.0,LESS,NO_ADVANTAGE,NO_ADVANTAGE,True,False,False,False,False,True,True
A1c.2,A1c.2-0353,0.8,0.8,0.7,0.8,0.75,0.8,0.02,0.5,0.2,0.9,1.0,1,2,0.8,0.94,0.1399999999999999,develop_M1_task_2|develop_M2_task_2,ties,M1|M2,tie,M1,False,M1,M2,0.10000000000000009,0.275,0.8,0.8385,0.9119999999999999,0.0734999999999999,-0.02650000000000019,M1,1.6385,1.6385,1.6385,0.0,1.6385,0.0,LESS,NO_ADVANTAGE,NO_ADVANTAGE,True,False,False,False,False,True,True
A1c.2,A1c.2-0354,0.8,0.8,0.7,0.85,0.75,0.8,0.02,0.5,0.2,0.9,1.0,1,2,0.85,0.95,0.09999999999999998,develop_M2_task_2,M2,M2,M2,M1,False,M1,M2,0.10000000000000009,0.275,0.8,0.8775,0.9299999999999999,0.05249999999999999,-0.0475000000000001,M1,1.6775,1.6775,1.6775,0.0,1.6775,0.0,LESS,NO_ADVANTAGE,NO_ADVANTAGE,True,False,False,False,False,True,True
A1c.2,A1c.2-0355,0.8,0.8,0.7,0.9,0.75,0.8,0.02,0.5,0.2,0.9,1.0,1,2,0.9,0.96,0.05999999999999994,develop_M2_task_2,M2,M2,M2,M1,False,M1,M2,0.10000000000000009,0.275,0.8,0.9165,0.948,0.03149999999999997,-0.06850000000000012,M1,1.7165,1.7165,1.7165,0.0,1.7165,0.0,LESS,NO_ADVANTAGE,NO_ADVANTAGE,True,False,False,False,False,True,True
A1c.2,A1c.2-0356,0.8,0.8,0.7,0.95,0.75,0.8,0.02,0.5,0.2,0.9,1.0,1,2,0.95,0.97,0.020000000000000018,develop_M2_task_2,M2,M2,M2,M1,False,M1,M2,0.10000000000000009,0.275,0.8,0.9555,0.966,0.010499999999999954,-0.08950000000000014,M1,1.7555,1.7555,1.7555,0.0,1.7555,0.0,LESS,NO_ADVANTAGE,NO_ADVANTAGE,True,False,False,False,False,True,True
A1c.2,A1c.2-0357,0.8,0.8,0.7,1.0,0.75,0.8,0.02,0.5,0.2,0.9,1.0,1,2,1.0,1.0,0.0,null,null,M2,M2,M1,False,M1,M2,0.10000000000000009,0.275,0.8,1.0,1.0,0.0,-0.10000000000000009,M1,1.8,1.8,1.8,0.0,1.8,0.0,LESS,NO_ADVANTAGE,NO_ADVANTAGE,True,False,False,False,False,True,True
A1c.2,A1c.2-0358,0.8,0.85,0.7,0.0,0.75,0.8,0.02,0.5,0.2,0.9,1.0,1,2,0.85,0.95,0.09999999999999998,develop_M1_task_2,M1,M1,M1,M1,False,M1,M2,0.10000000000000009,0.275,0.8,0.8775,0.9299999999999999,0.05249999999999999,-0.0475000000000001,M1,1.6775,1.6775,1.6775,0.0,1.6775,0.0,LESS,NO_ADVANTAGE,NO_ADVANTAGE,True,False,False,False,False,True,True
A1c.2,A1c.2-0359,0.8,0.85,0.7,0.05,0.75,0.8,0.02,0.5,0.2,0.9,1.0,1,2,0.85,0.95,0.09999999999999998,develop_M1_task_2,M1,M1,M1,M1,False,M1,M2,0.10000000000000009,0.275,0.8,0.8775,0.9299999999999999,0.05249999999999999,-0.0475000000000001,M1,1.6775,1.6775,1.6775,0.0,1.6775,0.0,LESS,NO_ADVANTAGE,NO_ADVANTAGE,True,False,False,False,False,True,True
A1c.2,A1c.2-0360,0.8,0.85,0.7,0.1,0.75,0.8,0.02,0.5,0.2,0.9,1.0,1,2,0.85,0.95,0.09999999999999998,develop_M1_task_2,M1,M1,M1,M1,False,M1,M2,0.10000000000000009,0.275,0.8,0.8775,0.9299999999999999,0.05249999999999999,-0.0475000000000001,M1,1.6775,1.6775,1.6775,0.0,1.6775,0.0,LESS,NO_ADVANTAGE,NO_ADVANTAGE,True,False,False,False,False,True,True
A1c.2,A1c.2-0361,0.8,0.85,0.7,0.15,0.75,0.8,0.02,0.5,0.2,0.9,1.0,1,2,0.85,0.95,0.09999999999999998,develop_M1_task_2,M1,M1,M1,M1,False,M1,M2,0.10000000000000009,0.275,0.8,0.8775,0.9299999999999999,0.05249999999999999,-0.0475000000000001,M1,1.6775,1.6775,1.6775,0.0,1.6775,0.0,LESS,NO_ADVANTAGE,NO_ADVANTAGE,True,False,False,False,False,True,True
A1c.2,A1c.2-0362,0.8,0.85,0.7,0.2,0.75,0.8,0.02,0.5,0.2,0.9,1.0,1,2,0.85,0.95,0.09999999999999998,develop_M1_task_2,M1,M1,M1,M1,False,M1,M2,0.10000000000000009,0.275,0.8,0.8775,0.9299999999999999,0.05249999999999999,-0.0475000000000001,M1,1.6775,1.6775,1.6775,0.0,1.6775,0.0,LESS,NO_ADVANTAGE,NO_ADVANTAGE,True,False,False,False,False,True,True
A1c.2,A1c.2-0363,0.8,0.85,0.7,0.25,0.75,0.8,0.02,0.5,0.2,0.9,1.0,1,2,0.85,0.95,0.09999999999999998,develop_M1_task_2,M1,M1,M1,M1,False,M1,M2,0.10000000000000009,0.275,0.8,0.8775,0.9299999999999999,0.05249999999999999,-0.0475000000000001,M1,1.6775,1.6775,1.6775,0.0,1.6775,0.0,LESS,NO_ADVANTAGE,NO_ADVANTAGE,True,False,False,False,False,True,True
A1c.2,A1c.2-0364,0.8,0.85,0.7,0.3,0.75,0.8,0.02,0.5,0.2,0.9,1.0,1,2,0.85,0.95,0.09999999999999998,develop_M1_task_2,M1,M1,M1,M1,False,M1,M2,0.10000000000000009,0.275,0.8,0.8775,0.9299999999999999,0.05249999999999999,-0.0475000000000001,M1,1.6775,1.6775,1.6775,0.0,1.6775,0.0,LESS,NO_ADVANTAGE,NO_ADVANTAGE,True,False,False,False,False,True,True
A1c.2,A1c.2-0365,0.8,0.85,0.7,0.35,0.75,0.8,0.02,0.5,0.2,0.9,1.0,1,2,0.85,0.95,0.09999999999999998,develop_M1_task_2,M1,M1,M1,M1,False,M1,M2,0.10000000000000009,0.275,0.8,0.8775,0.9299999999999999,0.05249999999999999,-0.0475000000000001,M1,1.6775,1.6775,1.6775,0.0,1.6775,0.0,LESS,NO_ADVANTAGE,NO_ADVANTAGE,True,False,False,False,False,True,True
A1c.2,A1c.2-0366,0.8,0.85,0.7,0.4,0.75,0.8,0.02,0.5,0.2,0.9,1.0,1,2,0.85,0.95,0.09999999999999998,develop_M1_task_2,M1,M1,M1,M1,False,M1,M2,0.10000000000000009,0.275,0.8,0.8775,0.9299999999999999,0.05249999999999999,-0.0475000000000001,M1,1.6775,1.6775,1.6775,0.0,1.6775,0.0,LESS,NO_ADVANTAGE,NO_ADVANTAGE,True,False,False,False,False,True,True
A1c.2,A1c.2-0367,0.8,0.85,0.7,0.45,0.75,0.8,0.02,0.5,0.2,0.9,1.0,1,2,0.85,0.95,0.09999999999999998,develop_M1_task_2,M1,M1,M1,M1,False,M1,M2,0.10000000000000009,0.275,0.8,0.8775,0.9299999999999999,0.05249999999999999,-0.0475000000000001,M1,1.6775,1.6775,1.6775,0.0,1.6775,0.0,LESS,NO_ADVANTAGE,NO_ADVANTAGE,True,False,False,False,False,True,True
A1c.2,A1c.2-0368,0.8,0.85,0.7,0.5,0.75,0.8,0.02,0.5,0.2,0.9,1.0,1,2,0.85,0.95,0.09999999999999998,develop_M1_task_2,M1,M1,M1,M1,False,M1,M2,0.10000000000000009,0.275,0.8,0.8775,0.9299999999999999,0.05249999999999999,-0.0475000000000001,M1,1.6775,1.6775,1.6775,0.0,1.6775,0.0,LESS,NO_ADVANTAGE,NO_ADVANTAGE,True,False,False,False,False,True,True
A1c.2,A1c.2-0369,0.8,0.85,0.7,0.55,0.75,0.8,0.02,0.5,0.2,0.9,1.0,1,2,0.85,0.95,0.09999999999999998,develop_M1_task_2,M1,M1,M1,M1,False,M1,M2,0.10000000000000009,0.275,0.8,0.8775,0.9299999999999999,0.05249999999999999,-0.0475000000000001,M1,1.6775,1.6775,1.6775,0.0,1.6775,0.0,LESS,NO_ADVANTAGE,NO_ADVANTAGE,True,False,False,False,False,True,True
A1c.2,A1c.2-0370,0.8,0.85,0.7,0.6,0.75,0.8,0.02,0.5,0.2,0.9,1.0,1,2,0.85,0.95,0.09999999999999998,develop_M1_task_2,M1,M1,M1,M1,False,M1,M2,0.10000000000000009,0.275,0.8,0.8775,0.9299999999999999,0.05249999999999999,-0.0475000000000001,M1,1.6775,1.6775,1.6775,0.0,1.6775,0.0,LESS,NO_ADVANTAGE,NO_ADVANTAGE,True,False,False,False,False,True,True
A1c.2,A1c.2-0371,0.8,0.85,0.7,0.65,0.75,0.8,0.02,0.5,0.2,0.9,1.0,1,2,0.85,0.95,0.09999999999999998,develop_M1_task_2,M1,M1,M1,M1,False,M1,M2,0.10000000000000009,0.275,0.8,0.8775,0.9299999999999999,0.05249999999999999,-0.0475000000000001,M1,1.6775,1.6775,1.6775,0.0,1.6775,0.0,LESS,NO_ADVANTAGE,NO_ADVANTAGE,True,False,False,False,False,True,True
A1c.2,A1c.2-0372,0.8,0.85,0.7,0.7,0.75,0.8,0.02,0.5,0.2,0.9,1.0,1,2,0.85,0.95,0.09999999999999998,develop_M1_task_2,M1,M1,M1,M1,False,M1,M2,0.10000000000000009,0.275,0.8,0.8775,0.9299999999999999,0.05249999999999999,-0.0475000000000001,M1,1.6775,1.6775,1.6775,0.0,1.6775,0.0,LESS,NO_ADVANTAGE,NO_ADVANTAGE,True,False,False,False,False,True,True
A1c.2,A1c.2-0373,0.8,0.85,0.7,0.75,0.75,0.8,0.02,0.5,0.2,0.9,1.0,1,2,0.85,0.95,0.09999999999999998,develop_M1_task_2,M1,M1,M1,M1,False,M1,M2,0.10000000000000009,0.275,0.8,0.8775,0.9299999999999999,0.05249999999999999,-0.0475000000000001,M1,1.6775,1.6775,1.6775,0.0,1.6775,0.0,LESS,NO_ADVANTAGE,NO_ADVANTAGE,True,False,False,False,False,True,True
A1c.2,A1c.2-0374,0.8,0.85,0.7,0.8,0.75,0.8,0.02,0.5,0.2,0.9,1.0,1,2,0.85,0.95,0.09999999999999998,develop_M1_task_2,M1,M1,M1,M1,False,M1,M2,0.10000000000000009,0.275,0.8,0.8775,0.9299999999999999,0.05249999999999999,-0.0475000000000001,M1,1.6775,1.6775,1.6775,0.0,1.6775,0.0,LESS,NO_ADVANTAGE,NO_ADVANTAGE,True,False,False,False,False,True,True
A1c.2,A1c.2-0375,0.8,0.85,0.7,0.85,0.75,0.8,0.02,0.5,0.2,0.9,1.0,1,2,0.85,0.95,0.09999999999999998,develop_M1_task_2|develop_M2_task_2,ties,M1|M2,tie,M1,False,M1,M2,0.10000000000000009,0.275,0.8,0.8775,0.9299999999999999,0.05249999999999999,-0.0475000000000001,M1,1.6775,1.6775,1.6775,0.0,1.6775,0.0,LESS,NO_ADVANTAGE,NO_ADVANTAGE,True,False,False,False,False,True,True
A1c.2,A1c.2-0376,0.8,0.85,0.7,0.9,0.75,0.8,0.02,0.5,0.2,0.9,1.0,1,2,0.9,0.96,0.05999999999999994,develop_M2_task_2,M2,M2,M2,M1,False,M1,M2,0.10000000000000009,0.275,0.8,0.9165,0.948,0.03149999999999997,-0.06850000000000012,M1,1.7165,1.7165,1.7165,0.0,1.7165,0.0,LESS,NO_ADVANTAGE,NO_ADVANTAGE,True,False,False,False,False,True,True
A1c.2,A1c.2-0377,0.8,0.85,0.7,0.95,0.75,0.8,0.02,0.5,0.2,0.9,1.0,1,2,0.95,0.97,0.020000000000000018,develop_M2_task_2,M2,M2,M2,M1,False,M1,M2,0.10000000000000009,0.275,0.8,0.9555,0.966,0.010499999999999954,-0.08950000000000014,M1,1.7555,1.7555,1.7555,0.0,1.7555,0.0,LESS,NO_ADVANTAGE,NO_ADVANTAGE,True,False,False,False,False,True,True
A1c.2,A1c.2-0378,0.8,0.85,0.7,1.0,0.75,0.8,0.02,0.5,0.2,0.9,1.0,1,2,1.0,1.0,0.0,null,null,M2,M2,M1,False,M1,M2,0.10000000000000009,0.275,0.8,1.0,1.0,0.0,-0.10000000000000009,M1,1.8,1.8,1.8,0.0,1.8,0.0,LESS,NO_ADVANTAGE,NO_ADVANTAGE,True,False,False,False,False,True,True
A1c.2,A1c.2-0379,0.8,0.9,0.7,0.0,0.75,0.8,0.02,0.5,0.2,0.9,1.0,1,2,0.9,0.96,0.05999999999999994,develop_M1_task_2,M1,M1,M1,M1,False,M1,M2,0.10000000000000009,0.275,0.8,0.9165,0.948,0.03149999999999997,-0.06850000000000012,M1,1.7165,1.7165,1.7165,0.0,1.7165,0.0,LESS,NO_ADVANTAGE,NO_ADVANTAGE,True,False,False,False,False,True,True
A1c.2,A1c.2-0380,0.8,0.9,0.7,0.05,0.75,0.8,0.02,0.5,0.2,0.9,1.0,1,2,0.9,0.96,0.05999999999999994,develop_M1_task_2,M1,M1,M1,M1,False,M1,M2,0.10000000000000009,0.275,0.8,0.9165,0.948,0.03149999999999997,-0.06850000000000012,M1,1.7165,1.7165,1.7165,0.0,1.7165,0.0,LESS,NO_ADVANTAGE,NO_ADVANTAGE,True,False,False,False,False,True,True
A1c.2,A1c.2-0381,0.8,0.9,0.7,0.1,0.75,0.8,0.02,0.5,0.2,0.9,1.0,1,2,0.9,0.96,0.05999999999999994,develop_M1_task_2,M1,M1,M1,M1,False,M1,M2,0.10000000000000009,0.275,0.8,0.9165,0.948,0.03149999999999997,-0.06850000000000012,M1,1.7165,1.7165,1.7165,0.0,1.7165,0.0,LESS,NO_ADVANTAGE,NO_ADVANTAGE,True,False,False,False,False,True,True
A1c.2,A1c.2-0382,0.8,0.9,0.7,0.15,0.75,0.8,0.02,0.5,0.2,0.9,1.0,1,2,0.9,0.96,0.05999999999999994,develop_M1_task_2,M1,M1,M1,M1,False,M1,M2,0.10000000000000009,0.275,0.8,0.9165,0.948,0.03149999999999997,-0.06850000000000012,M1,1.7165,1.7165,1.7165,0.0,1.7165,0.0,LESS,NO_ADVANTAGE,NO_ADVANTAGE,True,False,False,False,False,True,True
A1c.2,A1c.2-0383,0.8,0.9,0.7,0.2,0.75,0.8,0.02,0.5,0.2,0.9,1.0,1,2,0.9,0.96,0.05999999999999994,develop_M1_task_2,M1,M1,M1,M1,False,M1,M2,0.10000000000000009,0.275,0.8,0.9165,0.948,0.03149999999999997,-0.06850000000000012,M1,1.7165,1.7165,1.7165,0.0,1.7165,0.0,LESS,NO_ADVANTAGE,NO_ADVANTAGE,True,False,False,False,False,True,True
A1c.2,A1c.2-0384,0.8,0.9,0.7,0.25,0.75,0.8,0.02,0.5,0.2,0.9,1.0,1,2,0.9,0.96,0.05999999999999994,develop_M1_task_2,M1,M1,M1,M1,False,M1,M2,0.10000000000000009,0.275,0.8,0.9165,0.948,0.03149999999999997,-0.06850000000000012,M1,1.7165,1.7165,1.7165,0.0,1.7165,0.0,LESS,NO_ADVANTAGE,NO_ADVANTAGE,True,False,False,False,False,True,True
A1c.2,A1c.2-0385,0.8,0.9,0.7,0.3,0.75,0.8,0.02,0.5,0.2,0.9,1.0,1,2,0.9,0.96,0.05999999999999994,develop_M1_task_2,M1,M1,M1,M1,False,M1,M2,0.10000000000000009,0.275,0.8,0.9165,0.948,0.03149999999999997,-0.06850000000000012,M1,1.7165,1.7165,1.7165,0.0,1.7165,0.0,LESS,NO_ADVANTAGE,NO_ADVANTAGE,True,False,False,False,False,True,True
A1c.2,A1c.2-0386,0.8,0.9,0.7,0.35,0.75,0.8,0.02,0.5,0.2,0.9,1.0,1,2,0.9,0.96,0.05999999999999994,develop_M1_task_2,M1,M1,M1,M1,False,M1,M2,0.10000000000000009,0.275,0.8,0.9165,0.948,0.03149999999999997,-0.06850000000000012,M1,1.7165,1.7165,1.7165,0.0,1.7165,0.0,LESS,NO_ADVANTAGE,NO_ADVANTAGE,True,False,False,False,False,True,True
A1c.2,A1c.2-0387,0.8,0.9,0.7,0.4,0.75,0.8,0.02,0.5,0.2,0.9,1.0,1,2,0.9,0.96,0.05999999999999994,develop_M1_task_2,M1,M1,M1,M1,False,M1,M2,0.10000000000000009,0.275,0.8,0.9165,0.948,0.03149999999999997,-0.06850000000000012,M1,1.7165,1.7165,1.7165,0.0,1.7165,0.0,LESS,NO_ADVANTAGE,NO_ADVANTAGE,True,False,False,False,False,True,True
A1c.2,A1c.2-0388,0.8,0.9,0.7,0.45,0.75,0.8,0.02,0.5,0.2,0.9,1.0,1,2,0.9,0.96,0.05999999999999994,develop_M1_task_2,M1,M1,M1,M1,False,M1,M2,0.10000000000000009,0.275,0.8,0.9165,0.948,0.03149999999999997,-0.06850000000000012,M1,1.7165,1.7165,1.7165,0.0,1.7165,0.0,LESS,NO_ADVANTAGE,NO_ADVANTAGE,True,False,False,False,False,True,True
A1c.2,A1c.2-0389,0.8,0.9,0.7,0.5,0.75,0.8,0.02,0.5,0.2,0.9,1.0,1,2,0.9,0.96,0.05999999999999994,develop_M1_task_2,M1,M1,M1,M1,False,M1,M2,0.10000000000000009,0.275,0.8,0.9165,0.948,0.03149999999999997,-0.06850000000000012,M1,1.7165,1.7165,1.7165,0.0,1.7165,0.0,LESS,NO_ADVANTAGE,NO_ADVANTAGE,True,False,False,False,False,True,True
A1c.2,A1c.2-0390,0.8,0.9,0.7,0.55,0.75,0.8,0.02,0.5,0.2,0.9,1.0,1,2,0.9,0.96,0.05999999999999994,develop_M1_task_2,M1,M1,M1,M1,False,M1,M2,0.10000000000000009,0.275,0.8,0.9165,0.948,0.03149999999999997,-0.06850000000000012,M1,1.7165,1.7165,1.7165,0.0,1.7165,0.0,LESS,NO_ADVANTAGE,NO_ADVANTAGE,True,False,False,False,False,True,True
A1c.2,A1c.2-0391,0.8,0.9,0.7,0.6,0.75,0.8,0.02,0.5,0.2,0.9,1.0,1,2,0.9,0.96,0.05999999999999994,develop_M1_task_2,M1,M1,M1,M1,False,M1,M2,0.10000000000000009,0.275,0.8,0.9165,0.948,0.03149999999999997,-0.06850000000000012,M1,1.7165,1.7165,1.7165,0.0,1.7165,0.0,LESS,NO_ADVANTAGE,NO_ADVANTAGE,True,False,False,False,False,True,True
A1c.2,A1c.2-0392,0.8,0.9,0.7,0.65,0.75,0.8,0.02,0.5,0.2,0.9,1.0,1,2,0.9,0.96,0.05999999999999994,develop_M1_task_2,M1,M1,M1,M1,False,M1,M2,0.10000000000000009,0.275,0.8,0.9165,0.948,0.03149999999999997,-0.06850000000000012,M1,1.7165,1.7165,1.7165,0.0,1.7165,0.0,LESS,NO_ADVANTAGE,NO_ADVANTAGE,True,False,False,False,False,True,True
A1c.2,A1c.2-0393,0.8,0.9,0.7,0.7,0.75,0.8,0.02,0.5,0.2,0.9,1.0,1,2,0.9,0.96,0.05999999999999994,develop_M1_task_2,M1,M1,M1,M1,False,M1,M2,0.10000000000000009,0.275,0.8,0.9165,0.948,0.03149999999999997,-0.06850000000000012,M1,1.7165,1.7165,1.7165,0.0,1.7165,0.0,LESS,NO_ADVANTAGE,NO_ADVANTAGE,True,False,False,False,False,True,True
A1c.2,A1c.2-0394,0.8,0.9,0.7,0.75,0.75,0.8,0.02,0.5,0.2,0.9,1.0,1,2,0.9,0.96,0.05999999999999994,develop_M1_task_2,M1,M1,M1,M1,False,M1,M2,0.10000000000000009,0.275,0.8,0.9165,0.948,0.03149999999999997,-0.06850000000000012,M1,1.7165,1.7165,1.7165,0.0,1.7165,0.0,LESS,NO_ADVANTAGE,NO_ADVANTAGE,True,False,False,False,False,True,True
A1c.2,A1c.2-0395,0.8,0.9,0.7,0.8,0.75,0.8,0.02,0.5,0.2,0.9,1.0,1,2,0.9,0.96,0.05999999999999994,develop_M1_task_2,M1,M1,M1,M1,False,M1,M2,0.10000000000000009,0.275,0.8,0.9165,0.948,0.03149999999999997,-0.06850000000000012,M1,1.7165,1.7165,1.7165,0.0,1.7165,0.0,LESS,NO_ADVANTAGE,NO_ADVANTAGE,True,False,False,False,False,True,True
A1c.2,A1c.2-0396,0.8,0.9,0.7,0.85,0.75,0.8,0.02,0.5,0.2,0.9,1.0,1,2,0.9,0.96,0.05999999999999994,develop_M1_task_2,M1,M1,M1,M1,False,M1,M2,0.10000000000000009,0.275,0.8,0.9165,0.948,0.03149999999999997,-0.06850000000000012,M1,1.7165,1.7165,1.7165,0.0,1.7165,0.0,LESS,NO_ADVANTAGE,NO_ADVANTAGE,True,False,False,False,False,True,True
A1c.2,A1c.2-0397,0.8,0.9,0.7,0.9,0.75,0.8,0.02,0.5,0.2,0.9,1.0,1,2,0.9,0.96,0.05999999999999994,develop_M1_task_2|develop_M2_task_2,ties,M1|M2,tie,M1,False,M1,M2,0.10000000000000009,0.275,0.8,0.9165,0.948,0.03149999999999997,-0.06850000000000012,M1,1.7165,1.7165,1.7165,0.0,1.7165,0.0,LESS,NO_ADVANTAGE,NO_ADVANTAGE,True,False,False,False,False,True,True
A1c.2,A1c.2-0398,0.8,0.9,0.7,0.95,0.75,0.8,0.02,0.5,0.2,0.9,1.0,1,2,0.95,0.97,0.020000000000000018,develop_M2_task_2,M2,M2,M2,M1,False,M1,M2,0.10000000000000009,0.275,0.8,0.9555,0.966,0.010499999999999954,-0.08950000000000014,M1,1.7555,1.7555,1.7555,0.0,1.7555,0.0,LESS,NO_ADVANTAGE,NO_ADVANTAGE,True,False,False,False,False,True,True
A1c.2,A1c.2-0399,0.8,0.9,0.7,1.0,0.75,0.8,0.02,0.5,0.2,0.9,1.0,1,2,1.0,1.0,0.0,null,null,M2,M2,M1,False,M1,M2,0.10000000000000009,0.275,0.8,1.0,1.0,0.0,-0.10000000000000009,M1,1.8,1.8,1.8,0.0,1.8,0.0,LESS,NO_ADVANTAGE,NO_ADVANTAGE,True,False,False,False,False,True,True
A1c.2,A1c.2-0400,0.8,0.95,0.7,0.0,0.75,0.8,0.02,0.5,0.2,0.9,1.0,1,2,0.95,0.97,0.020000000000000018,develop_M1_task_2,M1,M1,M1,M1,False,M1,M2,0.10000000000000009,0.275,0.8,0.9555,0.966,0.010499999999999954,-0.08950000000000014,M1,1.7555,1.7555,1.7555,0.0,1.7555,0.0,LESS,NO_ADVANTAGE,NO_ADVANTAGE,True,False,False,False,False,True,True
A1c.2,A1c.2-0401,0.8,0.95,0.7,0.05,0.75,0.8,0.02,0.5,0.2,0.9,1.0,1,2,0.95,0.97,0.020000000000000018,develop_M1_task_2,M1,M1,M1,M1,False,M1,M2,0.10000000000000009,0.275,0.8,0.9555,0.966,0.010499999999999954,-0.08950000000000014,M1,1.7555,1.7555,1.7555,0.0,1.7555,0.0,LESS,NO_ADVANTAGE,NO_ADVANTAGE,True,False,False,False,False,True,True
A1c.2,A1c.2-0402,0.8,0.95,0.7,0.1,0.75,0.8,0.02,0.5,0.2,0.9,1.0,1,2,0.95,0.97,0.020000000000000018,develop_M1_task_2,M1,M1,M1,M1,False,M1,M2,0.10000000000000009,0.275,0.8,0.9555,0.966,0.010499999999999954,-0.08950000000000014,M1,1.7555,1.7555,1.7555,0.0,1.7555,0.0,LESS,NO_ADVANTAGE,NO_ADVANTAGE,True,False,False,False,False,True,True
A1c.2,A1c.2-0403,0.8,0.95,0.7,0.15,0.75,0.8,0.02,0.5,0.2,0.9,1.0,1,2,0.95,0.97,0.020000000000000018,develop_M1_task_2,M1,M1,M1,M1,False,M1,M2,0.10000000000000009,0.275,0.8,0.9555,0.966,0.010499999999999954,-0.08950000000000014,M1,1.7555,1.7555,1.7555,0.0,1.7555,0.0,LESS,NO_ADVANTAGE,NO_ADVANTAGE,True,False,False,False,False,True,True
A1c.2,A1c.2-0404,0.8,0.95,0.7,0.2,0.75,0.8,0.02,0.5,0.2,0.9,1.0,1,2,0.95,0.97,0.020000000000000018,develop_M1_task_2,M1,M1,M1,M1,False,M1,M2,0.10000000000000009,0.275,0.8,0.9555,0.966,0.010499999999999954,-0.08950000000000014,M1,1.7555,1.7555,1.7555,0.0,1.7555,0.0,LESS,NO_ADVANTAGE,NO_ADVANTAGE,True,False,False,False,False,True,True
A1c.2,A1c.2-0405,0.8,0.95,0.7,0.25,0.75,0.8,0.02,0.5,0.2,0.9,1.0,1,2,0.95,0.97,0.020000000000000018,develop_M1_task_2,M1,M1,M1,M1,False,M1,M2,0.10000000000000009,0.275,0.8,0.9555,0.966,0.010499999999999954,-0.08950000000000014,M1,1.7555,1.7555,1.7555,0.0,1.7555,0.0,LESS,NO_ADVANTAGE,NO_ADVANTAGE,True,False,False,False,False,True,True
A1c.2,A1c.2-0406,0.8,0.95,0.7,0.3,0.75,0.8,0.02,0.5,0.2,0.9,1.0,1,2,0.95,0.97,0.020000000000000018,develop_M1_task_2,M1,M1,M1,M1,False,M1,M2,0.10000000000000009,0.275,0.8,0.9555,0.966,0.010499999999999954,-0.08950000000000014,M1,1.7555,1.7555,1.7555,0.0,1.7555,0.0,LESS,NO_ADVANTAGE,NO_ADVANTAGE,True,False,False,False,False,True,True
A1c.2,A1c.2-0407,0.8,0.95,0.7,0.35,0.75,0.8,0.02,0.5,0.2,0.9,1.0,1,2,0.95,0.97,0.020000000000000018,develop_M1_task_2,M1,M1,M1,M1,False,M1,M2,0.10000000000000009,0.275,0.8,0.9555,0.966,0.010499999999999954,-0.08950000000000014,M1,1.7555,1.7555,1.7555,0.0,1.7555,0.0,LESS,NO_ADVANTAGE,NO_ADVANTAGE,True,False,False,False,False,True,True
A1c.2,A1c.2-0408,0.8,0.95,0.7,0.4,0.75,0.8,0.02,0.5,0.2,0.9,1.0,1,2,0.95,0.97,0.020000000000000018,develop_M1_task_2,M1,M1,M1,M1,False,M1,M2,0.10000000000000009,0.275,0.8,0.9555,0.966,0.010499999999999954,-0.08950000000000014,M1,1.7555,1.7555,1.7555,0.0,1.7555,0.0,LESS,NO_ADVANTAGE,NO_ADVANTAGE,True,False,False,False,False,True,True
A1c.2,A1c.2-0409,0.8,0.95,0.7,0.45,0.75,0.8,0.02,0.5,0.2,0.9,1.0,1,2,0.95,0.97,0.020000000000000018,develop_M1_task_2,M1,M1,M1,M1,False,M1,M2,0.10000000000000009,0.275,0.8,0.9555,0.966,0.010499999999999954,-0.08950000000000014,M1,1.7555,1.7555,1.7555,0.0,1.7555,0.0,LESS,NO_ADVANTAGE,NO_ADVANTAGE,True,False,False,False,False,True,True
A1c.2,A1c.2-0410,0.8,0.95,0.7,0.5,0.75,0.8,0.02,0.5,0.2,0.9,1.0,1,2,0.95,0.97,0.020000000000000018,develop_M1_task_2,M1,M1,M1,M1,False,M1,M2,0.10000000000000009,0.275,0.8,0.9555,0.966,0.010499999999999954,-0.08950000000000014,M1,1.7555,1.7555,1.7555,0.0,1.7555,0.0,LESS,NO_ADVANTAGE,NO_ADVANTAGE,True,False,False,False,False,True,True
A1c.2,A1c.2-0411,0.8,0.95,0.7,0.55,0.75,0.8,0.02,0.5,0.2,0.9,1.0,1,2,0.95,0.97,0.020000000000000018,develop_M1_task_2,M1,M1,M1,M1,False,M1,M2,0.10000000000000009,0.275,0.8,0.9555,0.966,0.010499999999999954,-0.08950000000000014,M1,1.7555,1.7555,1.7555,0.0,1.7555,0.0,LESS,NO_ADVANTAGE,NO_ADVANTAGE,True,False,False,False,False,True,True
A1c.2,A1c.2-0412,0.8,0.95,0.7,0.6,0.75,0.8,0.02,0.5,0.2,0.9,1.0,1,2,0.95,0.97,0.020000000000000018,develop_M1_task_2,M1,M1,M1,M1,False,M1,M2,0.10000000000000009,0.275,0.8,0.9555,0.966,0.010499999999999954,-0.08950000000000014,M1,1.7555,1.7555,1.7555,0.0,1.7555,0.0,LESS,NO_ADVANTAGE,NO_ADVANTAGE,True,False,False,False,False,True,True
A1c.2,A1c.2-0413,0.8,0.95,0.7,0.65,0.75,0.8,0.02,0.5,0.2,0.9,1.0,1,2,0.95,0.97,0.020000000000000018,develop_M1_task_2,M1,M1,M1,M1,False,M1,M2,0.10000000000000009,0.275,0.8,0.9555,0.966,0.010499999999999954,-0.08950000000000014,M1,1.7555,1.7555,1.7555,0.0,1.7555,0.0,LESS,NO_ADVANTAGE,NO_ADVANTAGE,True,False,False,False,False,True,True
A1c.2,A1c.2-0414,0.8,0.95,0.7,0.7,0.75,0.8,0.02,0.5,0.2,0.9,1.0,1,2,0.95,0.97,0.020000000000000018,develop_M1_task_2,M1,M1,M1,M1,False,M1,M2,0.10000000000000009,0.275,0.8,0.9555,0.966,0.010499999999999954,-0.08950000000000014,M1,1.7555,1.7555,1.7555,0.0,1.7555,0.0,LESS,NO_ADVANTAGE,NO_ADVANTAGE,True,False,False,False,False,True,True
A1c.2,A1c.2-0415,0.8,0.95,0.7,0.75,0.75,0.8,0.02,0.5,0.2,0.9,1.0,1,2,0.95,0.97,0.020000000000000018,develop_M1_task_2,M1,M1,M1,M1,False,M1,M2,0.10000000000000009,0.275,0.8,0.9555,0.966,0.010499999999999954,-0.08950000000000014,M1,1.7555,1.7555,1.7555,0.0,1.7555,0.0,LESS,NO_ADVANTAGE,NO_ADVANTAGE,True,False,False,False,False,True,True
A1c.2,A1c.2-0416,0.8,0.95,0.7,0.8,0.75,0.8,0.02,0.5,0.2,0.9,1.0,1,2,0.95,0.97,0.020000000000000018,develop_M1_task_2,M1,M1,M1,M1,False,M1,M2,0.10000000000000009,0.275,0.8,0.9555,0.966,0.010499999999999954,-0.08950000000000014,M1,1.7555,1.7555,1.7555,0.0,1.7555,0.0,LESS,NO_ADVANTAGE,NO_ADVANTAGE,True,False,False,False,False,True,True
A1c.2,A1c.2-0417,0.8,0.95,0.7,0.85,0.75,0.8,0.02,0.5,0.2,0.9,1.0,1,2,0.95,0.97,0.020000000000000018,develop_M1_task_2,M1,M1,M1,M1,False,M1,M2,0.10000000000000009,0.275,0.8,0.9555,0.966,0.010499999999999954,-0.08950000000000014,M1,1.7555,1.7555,1.7555,0.0,1.7555,0.0,LESS,NO_ADVANTAGE,NO_ADVANTAGE,True,False,False,False,False,True,True
A1c.2,A1c.2-0418,0.8,0.95,0.7,0.9,0.75,0.8,0.02,0.5,0.2,0.9,1.0,1,2,0.95,0.97,0.020000000000000018,develop_M1_task_2,M1,M1,M1,M1,False,M1,M2,0.10000000000000009,0.275,0.8,0.9555,0.966,0.010499999999999954,-0.08950000000000014,M1,1.7555,1.7555,1.7555,0.0,1.7555,0.0,LESS,NO_ADVANTAGE,NO_ADVANTAGE,True,False,False,False,False,True,True
A1c.2,A1c.2-0419,0.8,0.95,0.7,0.95,0.75,0.8,0.02,0.5,0.2,0.9,1.0,1,2,0.95,0.97,0.020000000000000018,develop_M1_task_2|develop_M2_task_2,ties,M1|M2,tie,M1,False,M1,M2,0.10000000000000009,0.275,0.8,0.9555,0.966,0.010499999999999954,-0.08950000000000014,M1,1.7555,1.7555,1.7555,0.0,1.7555,0.0,LESS,NO_ADVANTAGE,NO_ADVANTAGE,True,False,False,False,False,True,True
A1c.2,A1c.2-0420,0.8,0.95,0.7,1.0,0.75,0.8,0.02,0.5,0.2,0.9,1.0,1,2,1.0,1.0,0.0,null,null,M2,M2,M1,False,M1,M2,0.10000000000000009,0.275,0.8,1.0,1.0,0.0,-0.10000000000000009,M1,1.8,1.8,1.8,0.0,1.8,0.0,LESS,NO_ADVANTAGE,NO_ADVANTAGE,True,False,False,False,False,True,True
A1c.2,A1c.2-0421,0.8,1.0,0.7,0.0,0.75,0.8,0.02,0.5,0.2,0.9,1.0,1,2,1.0,1.0,0.0,null,null,M1,M1,M1,False,M1,M2,0.10000000000000009,0.275,0.8,1.0,1.0,0.0,-0.10000000000000009,M1,1.8,1.8,1.8,0.0,1.8,0.0,LESS,NO_ADVANTAGE,NO_ADVANTAGE,True,False,False,False,False,True,True
A1c.2,A1c.2-0422,0.8,1.0,0.7,0.05,0.75,0.8,0.02,0.5,0.2,0.9,1.0,1,2,1.0,1.0,0.0,null,null,M1,M1,M1,False,M1,M2,0.10000000000000009,0.275,0.8,1.0,1.0,0.0,-0.10000000000000009,M1,1.8,1.8,1.8,0.0,1.8,0.0,LESS,NO_ADVANTAGE,NO_ADVANTAGE,True,False,False,False,False,True,True
A1c.2,A1c.2-0423,0.8,1.0,0.7,0.1,0.75,0.8,0.02,0.5,0.2,0.9,1.0,1,2,1.0,1.0,0.0,null,null,M1,M1,M1,False,M1,M2,0.10000000000000009,0.275,0.8,1.0,1.0,0.0,-0.10000000000000009,M1,1.8,1.8,1.8,0.0,1.8,0.0,LESS,NO_ADVANTAGE,NO_ADVANTAGE,True,False,False,False,False,True,True
A1c.2,A1c.2-0424,0.8,1.0,0.7,0.15,0.75,0.8,0.02,0.5,0.2,0.9,1.0,1,2,1.0,1.0,0.0,null,null,M1,M1,M1,False,M1,M2,0.10000000000000009,0.275,0.8,1.0,1.0,0.0,-0.10000000000000009,M1,1.8,1.8,1.8,0.0,1.8,0.0,LESS,NO_ADVANTAGE,NO_ADVANTAGE,True,False,False,False,False,True,True
A1c.2,A1c.2-0425,0.8,1.0,0.7,0.2,0.75,0.8,0.02,0.5,0.2,0.9,1.0,1,2,1.0,1.0,0.0,null,null,M1,M1,M1,False,M1,M2,0.10000000000000009,0.275,0.8,1.0,1.0,0.0,-0.10000000000000009,M1,1.8,1.8,1.8,0.0,1.8,0.0,LESS,NO_ADVANTAGE,NO_ADVANTAGE,True,False,False,False,False,True,True
A1c.2,A1c.2-0426,0.8,1.0,0.7,0.25,0.75,0.8,0.02,0.5,0.2,0.9,1.0,1,2,1.0,1.0,0.0,null,null,M1,M1,M1,False,M1,M2,0.10000000000000009,0.275,0.8,1.0,1.0,0.0,-0.10000000000000009,M1,1.8,1.8,1.8,0.0,1.8,0.0,LESS,NO_ADVANTAGE,NO_ADVANTAGE,True,False,False,False,False,True,True
A1c.2,A1c.2-0427,0.8,1.0,0.7,0.3,0.75,0.8,0.02,0.5,0.2,0.9,1.0,1,2,1.0,1.0,0.0,null,null,M1,M1,M1,False,M1,M2,0.10000000000000009,0.275,0.8,1.0,1.0,0.0,-0.10000000000000009,M1,1.8,1.8,1.8,0.0,1.8,0.0,LESS,NO_ADVANTAGE,NO_ADVANTAGE,True,False,False,False,False,True,True
A1c.2,A1c.2-0428,0.8,1.0,0.7,0.35,0.75,0.8,0.02,0.5,0.2,0.9,1.0,1,2,1.0,1.0,0.0,null,null,M1,M1,M1,False,M1,M2,0.10000000000000009,0.275,0.8,1.0,1.0,0.0,-0.10000000000000009,M1,1.8,1.8,1.8,0.0,1.8,0.0,LESS,NO_ADVANTAGE,NO_ADVANTAGE,True,False,False,False,False,True,True
A1c.2,A1c.2-0429,0.8,1.0,0.7,0.4,0.75,0.8,0.02,0.5,0.2,0.9,1.0,1,2,1.0,1.0,0.0,null,null,M1,M1,M1,False,M1,M2,0.10000000000000009,0.275,0.8,1.0,1.0,0.0,-0.10000000000000009,M1,1.8,1.8,1.8,0.0,1.8,0.0,LESS,NO_ADVANTAGE,NO_ADVANTAGE,True,False,False,False,False,True,True
A1c.2,A1c.2-0430,0.8,1.0,0.7,0.45,0.75,0.8,0.02,0.5,0.2,0.9,1.0,1,2,1.0,1.0,0.0,null,null,M1,M1,M1,False,M1,M2,0.10000000000000009,0.275,0.8,1.0,1.0,0.0,-0.10000000000000009,M1,1.8,1.8,1.8,0.0,1.8,0.0,LESS,NO_ADVANTAGE,NO_ADVANTAGE,True,False,False,False,False,True,True
A1c.2,A1c.2-0431,0.8,1.0,0.7,0.5,0.75,0.8,0.02,0.5,0.2,0.9,1.0,1,2,1.0,1.0,0.0,null,null,M1,M1,M1,False,M1,M2,0.10000000000000009,0.275,0.8,1.0,1.0,0.0,-0.10000000000000009,M1,1.8,1.8,1.8,0.0,1.8,0.0,LESS,NO_ADVANTAGE,NO_ADVANTAGE,True,False,False,False,False,True,True
A1c.2,A1c.2-0432,0.8,1.0,0.7,0.55,0.75,0.8,0.02,0.5,0.2,0.9,1.0,1,2,1.0,1.0,0.0,null,null,M1,M1,M1,False,M1,M2,0.10000000000000009,0.275,0.8,1.0,1.0,0.0,-0.10000000000000009,M1,1.8,1.8,1.8,0.0,1.8,0.0,LESS,NO_ADVANTAGE,NO_ADVANTAGE,True,False,False,False,False,True,True
A1c.2,A1c.2-0433,0.8,1.0,0.7,0.6,0.75,0.8,0.02,0.5,0.2,0.9,1.0,1,2,1.0,1.0,0.0,null,null,M1,M1,M1,False,M1,M2,0.10000000000000009,0.275,0.8,1.0,1.0,0.0,-0.10000000000000009,M1,1.8,1.8,1.8,0.0,1.8,0.0,LESS,NO_ADVANTAGE,NO_ADVANTAGE,True,False,False,False,False,True,True
A1c.2,A1c.2-0434,0.8,1.0,0.7,0.65,0.75,0.8,0.02,0.5,0.2,0.9,1.0,1,2,1.0,1.0,0.0,null,null,M1,M1,M1,False,M1,M2,0.10000000000000009,0.275,0.8,1.0,1.0,0.0,-0.10000000000000009,M1,1.8,1.8,1.8,0.0,1.8,0.0,LESS,NO_ADVANTAGE,NO_ADVANTAGE,True,False,False,False,False,True,True
A1c.2,A1c.2-0435,0.8,1.0,0.7,0.7,0.75,0.8,0.02,0.5,0.2,0.9,1.0,1,2,1.0,1.0,0.0,null,null,M1,M1,M1,False,M1,M2,0.10000000000000009,0.275,0.8,1.0,1.0,0.0,-0.10000000000000009,M1,1.8,1.8,1.8,0.0,1.8,0.0,LESS,NO_ADVANTAGE,NO_ADVANTAGE,True,False,False,False,False,True,True
A1c.2,A1c.2-0436,0.8,1.0,0.7,0.75,0.75,0.8,0.02,0.5,0.2,0.9,1.0,1,2,1.0,1.0,0.0,null,null,M1,M1,M1,False,M1,M2,0.10000000000000009,0.275,0.8,1.0,1.0,0.0,-0.10000000000000009,M1,1.8,1.8,1.8,0.0,1.8,0.0,LESS,NO_ADVANTAGE,NO_ADVANTAGE,True,False,False,False,False,True,True
A1c.2,A1c.2-0437,0.8,1.0,0.7,0.8,0.75,0.8,0.02,0.5,0.2,0.9,1.0,1,2,1.0,1.0,0.0,null,null,M1,M1,M1,False,M1,M2,0.10000000000000009,0.275,0.8,1.0,1.0,0.0,-0.10000000000000009,M1,1.8,1.8,1.8,0.0,1.8,0.0,LESS,NO_ADVANTAGE,NO_ADVANTAGE,True,False,False,False,False,True,True
A1c.2,A1c.2-0438,0.8,1.0,0.7,0.85,0.75,0.8,0.02,0.5,0.2,0.9,1.0,1,2,1.0,1.0,0.0,null,null,M1,M1,M1,False,M1,M2,0.10000000000000009,0.275,0.8,1.0,1.0,0.0,-0.10000000000000009,M1,1.8,1.8,1.8,0.0,1.8,0.0,LESS,NO_ADVANTAGE,NO_ADVANTAGE,True,False,False,False,False,True,True
A1c.2,A1c.2-0439,0.8,1.0,0.7,0.9,0.75,0.8,0.02,0.5,0.2,0.9,1.0,1,2,1.0,1.0,0.0,null,null,M1,M1,M1,False,M1,M2,0.10000000000000009,0.275,0.8,1.0,1.0,0.0,-0.10000000000000009,M1,1.8,1.8,1.8,0.0,1.8,0.0,LESS,NO_ADVANTAGE,NO_ADVANTAGE,True,False,False,False,False,True,True
A1c.2,A1c.2-0440,0.8,1.0,0.7,0.95,0.75,0.8,0.02,0.5,0.2,0.9,1.0,1,2,1.0,1.0,0.0,null,null,M1,M1,M1,False,M1,M2,0.10000000000000009,0.275,0.8,1.0,1.0,0.0,-0.10000000000000009,M1,1.8,1.8,1.8,0.0,1.8,0.0,LESS,NO_ADVANTAGE,NO_ADVANTAGE,True,False,False,False,False,True,True
A1c.2,A1c.2-0441,0.8,1.0,0.7,1.0,0.75,0.8,0.02,0.5,0.2,0.9,1.0,1,2,1.0,1.0,0.0,null,null,M1|M2,tie,M1,False,M1,M2,0.10000000000000009,0.275,0.8,1.0,1.0,0.0,-0.10000000000000009,M1,1.8,1.8,1.8,0.0,1.8,0.0,LESS,NO_ADVANTAGE,NO_ADVANTAGE,True,False,False,False,False,True,True
