seed,grouping,label_mode,budget,intervention,competence,score,delta
0,competence,pseudo,5,1,1,0.9646825396825397,0.0
0,competence,pseudo,5,1,2,0.9722222222222222,0.0
0,competence,pseudo,5,1,3,0.9455705705705706,0.0
0,competence,pseudo,5,1,4,0.9722222222222222,0.0
0,competence,pseudo,5,2,1,0.9646825396825397,0.0
0,competence,pseudo,5,2,2,0.9722222222222222,0.0
0,competence,pseudo,5,2,3,0.9455705705705706,0.0
0,competence,pseudo,5,2,4,0.9722222222222222,0.0
0,competence,pseudo,5,3,1,0.9646825396825397,0.0
0,competence,pseudo,5,3,2,0.9722222222222222,0.0
0,competence,pseudo,5,3,3,0.9455705705705706,0.0
0,competence,pseudo,5,3,4,0.9722222222222222,0.0
0,competence,pseudo,5,4,1,0.9646825396825397,0.0
0,competence,pseudo,5,4,2,0.9722222222222222,0.0
0,competence,pseudo,5,4,3,0.9455705705705706,0.0
0,competence,pseudo,5,4,4,0.9722222222222222,0.0
0,competence,pseudo,10,1,1,0.9646825396825397,0.0
0,competence,pseudo,10,1,2,0.9722222222222222,0.0
0,competence,pseudo,10,1,3,0.9455705705705706,0.0
0,competence,pseudo,10,1,4,0.9722222222222222,0.0
0,competence,pseudo,10,2,1,0.9646825396825397,0.0
0,competence,pseudo,10,2,2,0.9722222222222222,0.0
0,competence,pseudo,10,2,3,0.9455705705705706,0.0
0,competence,pseudo,10,2,4,0.9722222222222222,0.0
0,competence,pseudo,10,3,1,0.9646825396825397,0.0
0,competence,pseudo,10,3,2,0.9722222222222222,0.0
0,competence,pseudo,10,3,3,0.9523273273273273,0.006756756756756688
0,competence,pseudo,10,3,4,0.9722222222222222,0.0
0,competence,pseudo,10,4,1,0.9646825396825397,0.0
0,competence,pseudo,10,4,2,0.9722222222222222,0.0
0,competence,pseudo,10,4,3,0.9455705705705706,0.0
0,competence,pseudo,10,4,4,0.9722222222222222,0.0
0,competence,pseudo,20,1,1,0.9646825396825397,0.0
0,competence,pseudo,20,1,2,0.9722222222222222,0.0
0,competence,pseudo,20,1,3,0.9455705705705706,0.0
0,competence,pseudo,20,1,4,0.9722222222222222,0.0
0,competence,pseudo,20,2,1,0.9646825396825397,0.0
0,competence,pseudo,20,2,2,0.9722222222222222,0.0
0,competence,pseudo,20,2,3,0.9455705705705706,0.0
0,competence,pseudo,20,2,4,0.9722222222222222,0.0
0,competence,pseudo,20,3,1,0.9646825396825397,0.0
0,competence,pseudo,20,3,2,0.9722222222222222,0.0
0,competence,pseudo,20,3,3,0.9455705705705706,0.0
0,competence,pseudo,20,3,4,0.9722222222222222,0.0
0,competence,pseudo,20,4,1,0.9646825396825397,0.0
0,competence,pseudo,20,4,2,0.9722222222222222,0.0
0,competence,pseudo,20,4,3,0.9455705705705706,0.0
0,competence,pseudo,20,4,4,0.9722222222222222,0.0
0,competence,pseudo,40,1,1,0.950595238095238,-0.014087301587301648
0,competence,pseudo,40,1,2,1.0,0.02777777777777779
0,competence,pseudo,40,1,3,0.9523273273273274,0.006756756756756799
0,competence,pseudo,40,1,4,0.9722222222222222,0.0
0,competence,pseudo,40,2,1,0.9646825396825397,0.0
0,competence,pseudo,40,2,2,0.9722222222222222,0.0
0,competence,pseudo,40,2,3,0.9455705705705706,0.0
0,competence,pseudo,40,2,4,0.9722222222222222,0.0
0,competence,pseudo,40,3,1,0.9577380952380952,-0.006944444444444531
0,competence,pseudo,40,3,2,1.0,0.02777777777777779
0,competence,pseudo,40,3,3,0.9523273273273274,0.006756756756756799
0,competence,pseudo,40,3,4,0.9722222222222222,0.0
0,competence,pseudo,40,4,1,0.9646825396825397,0.0
0,competence,pseudo,40,4,2,0.9722222222222222,0.0
0,competence,pseudo,40,4,3,0.9455705705705706,0.0
0,competence,pseudo,40,4,4,0.9722222222222222,0.0
0,competence,true,5,1,1,0.9646825396825397,0.0
0,competence,true,5,1,2,0.9722222222222222,0.0
0,competence,true,5,1,3,0.9455705705705706,0.0
0,competence,true,5,1,4,0.9722222222222222,0.0
0,competence,true,5,2,1,0.9646825396825397,0.0
0,competence,true,5,2,2,0.9722222222222222,0.0
0,competence,true,5,2,3,0.9455705705705706,0.0
0,competence,true,5,2,4,0.9722222222222222,0.0
0,competence,true,5,3,1,0.9646825396825397,0.0
0,competence,true,5,3,2,0.9722222222222222,0.0
0,competence,true,5,3,3,0.9455705705705706,0.0
0,competence,true,5,3,4,0.9722222222222222,0.0
0,competence,true,5,4,1,0.9646825396825397,0.0
0,competence,true,5,4,2,0.9722222222222222,0.0
0,competence,true,5,4,3,0.9455705705705706,0.0
0,competence,true,5,4,4,0.9722222222222222,0.0
0,competence,true,10,1,1,0.9646825396825397,0.0
0,competence,true,10,1,2,0.9722222222222222,0.0
0,competence,true,10,1,3,0.9455705705705706,0.0
0,competence,true,10,1,4,0.9722222222222222,0.0
0,competence,true,10,2,1,0.9646825396825397,0.0
0,competence,true,10,2,2,0.9722222222222222,0.0
0,competence,true,10,2,3,0.9455705705705706,0.0
0,competence,true,10,2,4,0.9722222222222222,0.0
0,competence,true,10,3,1,0.9646825396825397,0.0
0,competence,true,10,3,2,0.9722222222222222,0.0
0,competence,true,10,3,3,0.9658408408408409,0.020270270270270285
0,competence,true,10,3,4,0.9722222222222222,0.0
0,competence,true,10,4,1,0.9646825396825397,0.0
0,competence,true,10,4,2,0.9722222222222222,0.0
0,competence,true,10,4,3,0.9455705705705706,0.0
0,competence,true,10,4,4,0.9722222222222222,0.0
0,competence,true,20,1,1,0.9646825396825397,0.0
0,competence,true,20,1,2,0.9722222222222222,0.0
0,competence,true,20,1,3,0.9455705705705706,0.0
0,competence,true,20,1,4,0.9722222222222222,0.0
0,competence,true,20,2,1,0.9646825396825397,0.0
0,competence,true,20,2,2,0.9722222222222222,0.0
0,competence,true,20,2,3,0.9455705705705706,0.0
0,competence,true,20,2,4,0.9722222222222222,0.0
0,competence,true,20,3,1,0.9646825396825397,0.0
0,competence,true,20,3,2,0.9722222222222222,0.0
0,competence,true,20,3,3,0.9523273273273273,0.006756756756756688
0,competence,true,20,3,4,0.9722222222222222,0.0
0,competence,true,20,4,1,0.9646825396825397,0.0
0,competence,true,20,4,2,0.9722222222222222,0.0
0,competence,true,20,4,3,0.9455705705705706,0.0
0,competence,true,20,4,4,0.9722222222222222,0.0
0,competence,true,40,1,1,0.9716269841269841,0.00694444444444442
0,competence,true,40,1,2,0.9722222222222222,0.0
0,competence,true,40,1,3,0.9316816816816818,-0.01388888888888884
0,competence,true,40,1,4,0.9722222222222222,0.0
0,competence,true,40,2,1,0.9646825396825397,0.0
0,competence,true,40,2,2,0.9722222222222222,0.0
0,competence,true,40,2,3,0.9455705705705706,0.0
0,competence,true,40,2,4,0.9722222222222222,0.0
0,competence,true,40,3,1,0.9646825396825397,0.0
0,competence,true,40,3,2,0.9722222222222222,0.0
0,competence,true,40,3,3,0.9658408408408409,0.020270270270270285
0,competence,true,40,3,4,0.9722222222222222,0.0
0,competence,true,40,4,1,0.9646825396825397,0.0
0,competence,true,40,4,2,0.9722222222222222,0.0
0,competence,true,40,4,3,0.9455705705705706,0.0
0,competence,true,40,4,4,0.9722222222222222,0.0
0,random,pseudo,5,1,1,0.9646825396825397,0.0
0,random,pseudo,5,1,2,0.9722222222222222,0.0
0,random,pseudo,5,1,3,0.9455705705705706,0.0
0,random,pseudo,5,1,4,0.9722222222222222,0.0
0,random,pseudo,5,2,1,0.9646825396825397,0.0
0,random,pseudo,5,2,2,0.9722222222222222,0.0
0,random,pseudo,5,2,3,0.9455705705705706,0.0
0,random,pseudo,5,2,4,0.9722222222222222,0.0
0,random,pseudo,5,3,1,0.9646825396825397,0.0
0,random,pseudo,5,3,2,0.9722222222222222,0.0
0,random,pseudo,5,3,3,0.9455705705705706,0.0
0,random,pseudo,5,3,4,0.9722222222222222,0.0
0,random,pseudo,5,4,1,0.9646825396825397,0.0
0,random,pseudo,5,4,2,0.9722222222222222,0.0
0,random,pseudo,5,4,3,0.9455705705705706,0.0
0,random,pseudo,5,4,4,0.9722222222222222,0.0
0,random,pseudo,10,1,1,0.9646825396825397,0.0
0,random,pseudo,10,1,2,0.9722222222222222,0.0
0,random,pseudo,10,1,3,0.9455705705705706,0.0
0,random,pseudo,10,1,4,0.9722222222222222,0.0
0,random,pseudo,10,2,1,0.9646825396825397,0.0
0,random,pseudo,10,2,2,0.9722222222222222,0.0
0,random,pseudo,10,2,3,0.9455705705705706,0.0
0,random,pseudo,10,2,4,0.9722222222222222,0.0
0,random,pseudo,10,3,1,0.9646825396825397,0.0
0,random,pseudo,10,3,2,0.9722222222222222,0.0
0,random,pseudo,10,3,3,0.9453828828828829,-0.00018768768768773203
0,random,pseudo,10,3,4,0.9722222222222222,0.0
0,random,pseudo,10,4,1,0.9646825396825397,0.0
0,random,pseudo,10,4,2,0.9722222222222222,0.0
0,random,pseudo,10,4,3,0.9455705705705706,0.0
0,random,pseudo,10,4,4,0.9722222222222222,0.0
0,random,pseudo,20,1,1,0.9646825396825397,0.0
0,random,pseudo,20,1,2,0.9722222222222222,0.0
0,random,pseudo,20,1,3,0.9455705705705706,0.0
0,random,pseudo,20,1,4,0.9722222222222222,0.0
0,random,pseudo,20,2,1,0.9577380952380952,-0.006944444444444531
0,random,pseudo,20,2,2,0.9722222222222222,0.0
0,random,pseudo,20,2,3,0.9455705705705706,0.0
0,random,pseudo,20,2,4,0.9722222222222222,0.0
0,random,pseudo,20,3,1,0.9646825396825397,0.0
0,random,pseudo,20,3,2,0.9722222222222222,0.0
0,random,pseudo,20,3,3,0.9590840840840841,0.013513513513513487
0,random,pseudo,20,3,4,0.9722222222222222,0.0
0,random,pseudo,20,4,1,0.9646825396825397,0.0
0,random,pseudo,20,4,2,0.9722222222222222,0.0
0,random,pseudo,20,4,3,0.9455705705705706,0.0
0,random,pseudo,20,4,4,0.9722222222222222,0.0
0,random,pseudo,40,1,1,0.9646825396825397,0.0
0,random,pseudo,40,1,2,1.0,0.02777777777777779
0,random,pseudo,40,1,3,0.9523273273273273,0.006756756756756688
0,random,pseudo,40,1,4,0.9722222222222222,0.0
0,random,pseudo,40,2,1,0.9577380952380952,-0.006944444444444531
0,random,pseudo,40,2,2,0.9722222222222222,0.0
0,random,pseudo,40,2,3,0.9455705705705706,0.0
0,random,pseudo,40,2,4,0.9722222222222222,0.0
0,random,pseudo,40,3,1,0.950595238095238,-0.014087301587301648
0,random,pseudo,40,3,2,1.0,0.02777777777777779
0,random,pseudo,40,3,3,0.9590840840840841,0.013513513513513487
0,random,pseudo,40,3,4,0.9722222222222222,0.0
0,random,pseudo,40,4,1,0.9646825396825397,0.0
0,random,pseudo,40,4,2,0.9722222222222222,0.0
0,random,pseudo,40,4,3,0.9455705705705706,0.0
0,random,pseudo,40,4,4,0.9722222222222222,0.0
0,random,true,5,1,1,0.9646825396825397,0.0
0,random,true,5,1,2,0.9722222222222222,0.0
0,random,true,5,1,3,0.9455705705705706,0.0
0,random,true,5,1,4,0.9722222222222222,0.0
0,random,true,5,2,1,0.9646825396825397,0.0
0,random,true,5,2,2,0.9722222222222222,0.0
0,random,true,5,2,3,0.9455705705705706,0.0
0,random,true,5,2,4,0.9722222222222222,0.0
0,random,true,5,3,1,0.9646825396825397,0.0
0,random,true,5,3,2,0.9722222222222222,0.0
0,random,true,5,3,3,0.9523273273273274,0.006756756756756799
0,random,true,5,3,4,0.9722222222222222,0.0
0,random,true,5,4,1,0.9646825396825397,0.0
0,random,true,5,4,2,0.9722222222222222,0.0
0,random,true,5,4,3,0.9455705705705706,0.0
0,random,true,5,4,4,0.9722222222222222,0.0
0,random,true,10,1,1,0.9646825396825397,0.0
0,random,true,10,1,2,0.9722222222222222,0.0
0,random,true,10,1,3,0.9455705705705706,0.0
0,random,true,10,1,4,0.9722222222222222,0.0
0,random,true,10,2,1,0.9646825396825397,0.0
0,random,true,10,2,2,0.9722222222222222,0.0
0,random,true,10,2,3,0.9455705705705706,0.0
0,random,true,10,2,4,0.9722222222222222,0.0
0,random,true,10,3,1,0.9646825396825397,0.0
0,random,true,10,3,2,0.9722222222222222,0.0
0,random,true,10,3,3,0.9455705705705706,0.0
0,random,true,10,3,4,0.9722222222222222,0.0
0,random,true,10,4,1,0.9646825396825397,0.0
0,random,true,10,4,2,0.9722222222222222,0.0
0,random,true,10,4,3,0.9455705705705706,0.0
0,random,true,10,4,4,0.9722222222222222,0.0
0,random,true,20,1,1,0.9646825396825397,0.0
0,random,true,20,1,2,0.9722222222222222,0.0
0,random,true,20,1,3,0.9455705705705706,0.0
0,random,true,20,1,4,0.9722222222222222,0.0
0,random,true,20,2,1,0.9646825396825397,0.0
0,random,true,20,2,2,0.9722222222222222,0.0
0,random,true,20,2,3,0.9590840840840841,0.013513513513513487
0,random,true,20,2,4,0.9722222222222222,0.0
0,random,true,20,3,1,0.9646825396825397,0.0
0,random,true,20,3,2,0.9722222222222222,0.0
0,random,true,20,3,3,0.9455705705705706,0.0
0,random,true,20,3,4,0.9722222222222222,0.0
0,random,true,20,4,1,0.9646825396825397,0.0
0,random,true,20,4,2,0.9722222222222222,0.0
0,random,true,20,4,3,0.9455705705705706,0.0
0,random,true,20,4,4,0.9722222222222222,0.0
0,random,true,40,1,1,0.9646825396825397,0.0
0,random,true,40,1,2,0.9722222222222222,0.0
0,random,true,40,1,3,0.9455705705705706,0.0
0,random,true,40,1,4,0.9722222222222222,0.0
0,random,true,40,2,1,0.9577380952380952,-0.006944444444444531
0,random,true,40,2,2,0.9722222222222222,0.0
0,random,true,40,2,3,0.9658408408408409,0.020270270270270285
0,random,true,40,2,4,0.9722222222222222,0.0
0,random,true,40,3,1,0.950595238095238,-0.014087301587301648
0,random,true,40,3,2,0.9722222222222222,0.0
0,random,true,40,3,3,0.9386261261261262,-0.00694444444444442
0,random,true,40,3,4,0.9722222222222222,0.0
0,random,true,40,4,1,0.9646825396825397,0.0
0,random,true,40,4,2,0.9722222222222222,0.0
0,random,true,40,4,3,0.9455705705705706,0.0
0,random,true,40,4,4,0.9722222222222222,0.0
1,competence,pseudo,5,1,1,0.9514472455648927,0.008062684533272746
1,competence,pseudo,5,1,2,0.9444444444444444,0.0
1,competence,pseudo,5,1,3,0.9459459459459459,0.0
1,competence,pseudo,5,1,4,0.9722222222222222,0.0
1,competence,pseudo,5,2,1,0.9433845610316199,0.0
1,competence,pseudo,5,2,2,0.9444444444444444,0.0
1,competence,pseudo,5,2,3,0.9459459459459459,0.0
1,competence,pseudo,5,2,4,0.9722222222222222,0.0
1,competence,pseudo,5,3,1,0.943151134327605,-0.00023342670401493848
1,competence,pseudo,5,3,2,0.9444444444444444,0.0
1,competence,pseudo,5,3,3,0.9459459459459459,0.0
1,competence,pseudo,5,3,4,0.9722222222222222,0.0
1,competence,pseudo,5,4,1,0.9433845610316199,0.0
1,competence,pseudo,5,4,2,0.9444444444444444,0.0
1,competence,pseudo,5,4,3,0.9459459459459459,0.0
1,competence,pseudo,5,4,4,0.9722222222222222,0.0
1,competence,pseudo,10,1,1,0.9514472455648927,0.008062684533272746
1,competence,pseudo,10,1,2,0.9444444444444444,0.0
1,competence,pseudo,10,1,3,0.9459459459459459,0.0
1,competence,pseudo,10,1,4,0.9722222222222222,0.0
1,competence,pseudo,10,2,1,0.9433845610316199,0.0
1,competence,pseudo,10,2,2,0.9444444444444444,0.0
1,competence,pseudo,10,2,3,0.9459459459459459,0.0
1,competence,pseudo,10,2,4,0.9722222222222222,0.0
1,competence,pseudo,10,3,1,0.943151134327605,-0.00023342670401493848
1,competence,pseudo,10,3,2,0.9444444444444444,0.0
1,competence,pseudo,10,3,3,0.9459459459459459,0.0
1,competence,pseudo,10,3,4,0.9722222222222222,0.0
1,competence,pseudo,10,4,1,0.9433845610316199,0.0
1,competence,pseudo,10,4,2,0.9444444444444444,0.0
1,competence,pseudo,10,4,3,0.9459459459459459,0.0
1,competence,pseudo,10,4,4,0.9722222222222222,0.0
1,competence,pseudo,20,1,1,0.9478196684079039,0.004435107376283942
1,competence,pseudo,20,1,2,0.9444444444444444,0.0
1,competence,pseudo,20,1,3,0.9459459459459459,0.0
1,competence,pseudo,20,1,4,0.9722222222222222,0.0
1,competence,pseudo,20,2,1,0.9433845610316199,0.0
1,competence,pseudo,20,2,2,0.9444444444444444,0.0
1,competence,pseudo,20,2,3,0.9459459459459459,0.0
1,competence,pseudo,20,2,4,0.9722222222222222,0.0
1,competence,pseudo,20,3,1,0.943151134327605,-0.00023342670401493848
1,competence,pseudo,20,3,2,0.9444444444444444,0.0
1,competence,pseudo,20,3,3,0.9459459459459459,0.0
1,competence,pseudo,20,3,4,0.9722222222222222,0.0
1,competence,pseudo,20,4,1,0.9433845610316199,0.0
1,competence,pseudo,20,4,2,0.9444444444444444,0.0
1,competence,pseudo,20,4,3,0.9459459459459459,0.0
1,competence,pseudo,20,4,4,0.9444444444444444,-0.02777777777777779
1,competence,pseudo,40,1,1,0.9473528149998739,0.003968253968253954
1,competence,pseudo,40,1,2,0.9444444444444444,0.0
1,competence,pseudo,40,1,3,0.9459459459459459,0.0
1,competence,pseudo,40,1,4,0.9722222222222222,0.0
1,competence,pseudo,40,2,1,0.9472455648926237,0.0038610038610037423
1,competence,pseudo,40,2,2,0.9444444444444444,0.0
1,competence,pseudo,40,2,3,0.9459459459459459,0.0
1,competence,pseudo,40,2,4,0.9722222222222222,0.0
1,competence,pseudo,40,3,1,0.943151134327605,-0.00023342670401493848
1,competence,pseudo,40,3,2,0.9444444444444444,0.0
1,competence,pseudo,40,3,3,0.9459459459459459,0.0
1,competence,pseudo,40,3,4,0.9722222222222222,0.0
1,competence,pseudo,40,4,1,0.9475862417038889,0.004201680672269004
1,competence,pseudo,40,4,2,0.9444444444444444,0.0
1,competence,pseudo,40,4,3,0.9459459459459459,0.0
1,competence,pseudo,40,4,4,0.9722222222222222,0.0
1,competence,true,5,1,1,0.9514472455648927,0.008062684533272746
1,competence,true,5,1,2,0.9444444444444444,0.0
1,competence,true,5,1,3,0.9459459459459459,0.0
1,competence,true,5,1,4,0.9722222222222222,0.0
1,competence,true,5,2,1,0.9433845610316199,0.0
1,competence,true,5,2,2,0.9444444444444444,0.0
1,competence,true,5,2,3,0.9459459459459459,0.0
1,competence,true,5,2,4,0.9722222222222222,0.0
1,competence,true,5,3,1,0.9433845610316199,0.0
1,competence,true,5,3,2,0.9444444444444444,0.0
1,competence,true,5,3,3,0.9459459459459459,0.0
1,competence,true,5,3,4,0.9722222222222222,0.0
1,competence,true,5,4,1,0.9433845610316199,0.0
1,competence,true,5,4,2,0.9444444444444444,0.0
1,competence,true,5,4,3,0.9459459459459459,0.0
1,competence,true,5,4,4,0.9722222222222222,0.0
1,competence,true,10,1,1,0.9472455648926237,0.0038610038610037423
1,competence,true,10,1,2,0.9444444444444444,0.0
1,competence,true,10,1,3,0.9459459459459459,0.0
1,competence,true,10,1,4,0.9722222222222222,0.0
1,competence,true,10,2,1,0.9433845610316199,0.0
1,competence,true,10,2,2,0.9444444444444444,0.0
1,competence,true,10,2,3,0.9459459459459459,0.0
1,competence,true,10,2,4,0.9722222222222222,0.0
1,competence,true,10,3,1,0.9433845610316199,0.0
1,competence,true,10,3,2,0.9444444444444444,0.0
1,competence,true,10,3,3,0.9459459459459459,0.0
1,competence,true,10,3,4,0.9722222222222222,0.0
1,competence,true,10,4,1,0.9433845610316199,0.0
1,competence,true,10,4,2,0.9444444444444444,0.0
1,competence,true,10,4,3,0.9459459459459459,0.0
1,competence,true,10,4,4,0.9722222222222222,0.0
1,competence,true,20,1,1,0.943617987735635,0.0002334267040150495
1,competence,true,20,1,2,0.9444444444444444,0.0
1,competence,true,20,1,3,0.9459459459459459,0.0
1,competence,true,20,1,4,0.9722222222222222,0.0
1,competence,true,20,2,1,0.9433845610316199,0.0
1,competence,true,20,2,2,0.9444444444444444,0.0
1,competence,true,20,2,3,0.9459459459459459,0.0
1,competence,true,20,2,4,0.9722222222222222,0.0
1,competence,true,20,3,1,0.9433845610316199,0.0
1,competence,true,20,3,2,0.9444444444444444,0.0
1,competence,true,20,3,3,0.9459459459459459,0.0
1,competence,true,20,3,4,0.9722222222222222,0.0
1,competence,true,20,4,1,0.9433845610316199,0.0
1,competence,true,20,4,2,0.9444444444444444,0.0
1,competence,true,20,4,3,0.9459459459459459,0.0
1,competence,true,20,4,4,0.9722222222222222,0.0
1,competence,true,40,1,1,0.9475862417038889,0.004201680672269004
1,competence,true,40,1,2,0.9444444444444444,0.0
1,competence,true,40,1,3,0.972972972972973,0.027027027027027084
1,competence,true,40,1,4,0.9722222222222222,0.0
1,competence,true,40,2,1,0.9433845610316199,0.0
1,competence,true,40,2,2,0.9444444444444444,0.0
1,competence,true,40,2,3,0.9459459459459459,0.0
1,competence,true,40,2,4,0.9722222222222222,0.0
1,competence,true,40,3,1,0.9473528149998739,0.003968253968253954
1,competence,true,40,3,2,0.9444444444444444,0.0
1,competence,true,40,3,3,0.9459459459459459,0.0
1,competence,true,40,3,4,0.9722222222222222,0.0
1,competence,true,40,4,1,0.9475862417038889,0.004201680672269004
1,competence,true,40,4,2,0.9444444444444444,0.0
1,competence,true,40,4,3,0.9459459459459459,0.0
1,competence,true,40,4,4,0.9722222222222222,0.0
1,random,pseudo,5,1,1,0.9475862417038889,0.004201680672269004
1,random,pseudo,5,1,2,0.9444444444444444,0.0
1,random,pseudo,5,1,3,0.9459459459459459,0.0
1,random,pseudo,5,1,4,0.9722222222222222,0.0
1,random,pseudo,5,2,1,0.9433845610316199,0.0
1,random,pseudo,5,2,2,0.9444444444444444,0.0
1,random,pseudo,5,2,3,0.9459459459459459,0.0
1,random,pseudo,5,2,4,0.9722222222222222,0.0
1,random,pseudo,5,3,1,0.9433845610316199,0.0
1,random,pseudo,5,3,2,0.9444444444444444,0.0
1,random,pseudo,5,3,3,0.9459459459459459,0.0
1,random,pseudo,5,3,4,0.9722222222222222,0.0
1,random,pseudo,5,4,1,0.9433845610316199,0.0
1,random,pseudo,5,4,2,0.9444444444444444,0.0
1,random,pseudo,5,4,3,0.9459459459459459,0.0
1,random,pseudo,5,4,4,0.9722222222222222,0.0
1,random,pseudo,10,1,1,0.9475862417038889,0.004201680672269004
1,random,pseudo,10,1,2,0.9444444444444444,0.0
1,random,pseudo,10,1,3,0.9459459459459459,0.0
1,random,pseudo,10,1,4,0.9722222222222222,0.0
1,random,pseudo,10,2,1,0.9433845610316199,0.0
1,random,pseudo,10,2,2,0.9444444444444444,0.0
1,random,pseudo,10,2,3,0.9459459459459459,0.0
1,random,pseudo,10,2,4,0.9722222222222222,0.0
1,random,pseudo,10,3,1,0.9433845610316199,0.0
1,random,pseudo,10,3,2,0.9444444444444444,0.0
1,random,pseudo,10,3,3,0.9459459459459459,0.0
1,random,pseudo,10,3,4,0.9722222222222222,0.0
1,random,pseudo,10,4,1,0.9433845610316199,0.0
1,random,pseudo,10,4,2,0.9444444444444444,0.0
1,random,pseudo,10,4,3,0.9459459459459459,0.0
1,random,pseudo,10,4,4,0.9722222222222222,0.0
1,random,pseudo,20,1,1,0.943617987735635,0.0002334267040150495
1,random,pseudo,20,1,2,0.9444444444444444,0.0
1,random,pseudo,20,1,3,0.9459459459459459,0.0
1,random,pseudo,20,1,4,0.9722222222222222,0.0
1,random,pseudo,20,2,1,0.9433845610316199,0.0
1,random,pseudo,20,2,2,0.9444444444444444,0.0
1,random,pseudo,20,2,3,0.9459459459459459,0.0
1,random,pseudo,20,2,4,0.9722222222222222,0.0
1,random,pseudo,20,3,1,0.9472455648926237,0.0038610038610037423
1,random,pseudo,20,3,2,0.9444444444444444,0.0
1,random,pseudo,20,3,3,0.9459459459459459,0.0
1,random,pseudo,20,3,4,0.9722222222222222,0.0
1,random,pseudo,20,4,1,0.9433845610316199,0.0
1,random,pseudo,20,4,2,0.9444444444444444,0.0
1,random,pseudo,20,4,3,0.9459459459459459,0.0
1,random,pseudo,20,4,4,0.9444444444444444,-0.02777777777777779
1,random,pseudo,40,1,1,0.9475862417038889,0.004201680672269004
1,random,pseudo,40,1,2,0.9444444444444444,0.0
1,random,pseudo,40,1,3,0.9459459459459459,0.0
1,random,pseudo,40,1,4,0.9722222222222222,0.0
1,random,pseudo,40,2,1,0.9433845610316199,0.0
1,random,pseudo,40,2,2,0.9444444444444444,0.0
1,random,pseudo,40,2,3,0.9459459459459459,0.0
1,random,pseudo,40,2,4,0.9722222222222222,0.0
1,random,pseudo,40,3,1,0.9472455648926237,0.0038610038610037423
1,random,pseudo,40,3,2,0.9444444444444444,0.0
1,random,pseudo,40,3,3,0.9459459459459459,0.0
1,random,pseudo,40,3,4,0.9722222222222222,0.0
1,random,pseudo,40,4,1,0.9475862417038889,0.004201680672269004
1,random,pseudo,40,4,2,0.9444444444444444,0.0
1,random,pseudo,40,4,3,0.9459459459459459,0.0
1,random,pseudo,40,4,4,0.9722222222222222,0.0
1,random,true,5,1,1,0.9475862417038889,0.004201680672269004
1,random,true,5,1,2,0.9444444444444444,0.0
1,random,true,5,1,3,0.9459459459459459,0.0
1,random,true,5,1,4,0.9722222222222222,0.0
1,random,true,5,2,1,0.9433845610316199,0.0
1,random,true,5,2,2,0.9444444444444444,0.0
1,random,true,5,2,3,0.9459459459459459,0.0
1,random,true,5,2,4,0.9722222222222222,0.0
1,random,true,5,3,1,0.9433845610316199,0.0
1,random,true,5,3,2,0.9444444444444444,0.0
1,random,true,5,3,3,0.9459459459459459,0.0
1,random,true,5,3,4,0.9722222222222222,0.0
1,random,true,5,4,1,0.9433845610316199,0.0
1,random,true,5,4,2,0.9444444444444444,0.0
1,random,true,5,4,3,0.9459459459459459,0.0
1,random,true,5,4,4,0.9722222222222222,0.0
1,random,true,10,1,1,0.9475862417038889,0.004201680672269004
1,random,true,10,1,2,0.9444444444444444,0.0
1,random,true,10,1,3,0.9459459459459459,0.0
1,random,true,10,1,4,0.9722222222222222,0.0
1,random,true,10,2,1,0.9433845610316199,0.0
1,random,true,10,2,2,0.9444444444444444,0.0
1,random,true,10,2,3,0.9459459459459459,0.0
1,random,true,10,2,4,0.9722222222222222,0.0
1,random,true,10,3,1,0.9433845610316199,0.0
1,random,true,10,3,2,0.9444444444444444,0.0
1,random,true,10,3,3,0.9459459459459459,0.0
1,random,true,10,3,4,0.9722222222222222,0.0
1,random,true,10,4,1,0.9433845610316199,0.0
1,random,true,10,4,2,0.9444444444444444,0.0
1,random,true,10,4,3,0.9459459459459459,0.0
1,random,true,10,4,4,0.9722222222222222,0.0
1,random,true,20,1,1,0.9478196684079039,0.004435107376283942
1,random,true,20,1,2,0.9444444444444444,0.0
1,random,true,20,1,3,0.9459459459459459,0.0
1,random,true,20,1,4,0.9722222222222222,0.0
1,random,true,20,2,1,0.9433845610316199,0.0
1,random,true,20,2,2,0.9444444444444444,0.0
1,random,true,20,2,3,0.9459459459459459,0.0
1,random,true,20,2,4,0.9722222222222222,0.0
1,random,true,20,3,1,0.9433845610316199,0.0
1,random,true,20,3,2,0.9444444444444444,0.0
1,random,true,20,3,3,0.9459459459459459,0.0
1,random,true,20,3,4,0.9722222222222222,0.0
1,random,true,20,4,1,0.9433845610316199,0.0
1,random,true,20,4,2,0.9444444444444444,0.0
1,random,true,20,4,3,0.9459459459459459,0.0
1,random,true,20,4,4,0.9722222222222222,0.0
1,random,true,40,1,1,0.9475862417038889,0.004201680672269004
1,random,true,40,1,2,0.9444444444444444,0.0
1,random,true,40,1,3,0.972972972972973,0.027027027027027084
1,random,true,40,1,4,0.9722222222222222,0.0
1,random,true,40,2,1,0.9433845610316199,0.0
1,random,true,40,2,2,0.9444444444444444,0.0
1,random,true,40,2,3,0.9459459459459459,0.0
1,random,true,40,2,4,0.9722222222222222,0.0
1,random,true,40,3,1,0.9433845610316199,0.0
1,random,true,40,3,2,0.9444444444444444,0.0
1,random,true,40,3,3,0.9459459459459459,0.0
1,random,true,40,3,4,0.9722222222222222,0.0
1,random,true,40,4,1,0.9475862417038889,0.004201680672269004
1,random,true,40,4,2,0.9444444444444444,0.0
1,random,true,40,4,3,0.9459459459459459,0.0
1,random,true,40,4,4,0.9722222222222222,0.0
2,competence,pseudo,5,1,1,0.9281045751633987,0.01388888888888895
2,competence,pseudo,5,1,2,0.94507007007007,-0.009134134134134109
2,competence,pseudo,5,1,3,1.0,0.0
2,competence,pseudo,5,1,4,0.918918918918919,0.027027027027027084
2,competence,pseudo,5,2,1,0.9142156862745098,0.0
2,competence,pseudo,5,2,2,0.9542042042042042,0.0
2,competence,pseudo,5,2,3,1.0,0.0
2,competence,pseudo,5,2,4,0.8918918918918919,0.0
2,competence,pseudo,5,3,1,0.9142156862745098,0.0
2,competence,pseudo,5,3,2,0.9542042042042042,0.0
2,competence,pseudo,5,3,3,1.0,0.0
2,competence,pseudo,5,3,4,0.8918918918918919,0.0
2,competence,pseudo,5,4,1,0.9142156862745098,0.0
2,competence,pseudo,5,4,2,0.9542042042042042,0.0
2,competence,pseudo,5,4,3,1.0,0.0
2,competence,pseudo,5,4,4,0.8918918918918919,0.0
2,competence,pseudo,10,1,1,0.8995098039215685,-0.014705882352941235
2,competence,pseudo,10,1,2,0.9542042042042042,0.0
2,competence,pseudo,10,1,3,1.0,0.0
2,competence,pseudo,10,1,4,0.8918918918918919,0.0
2,competence,pseudo,10,2,1,0.8995098039215685,-0.014705882352941235
2,competence,pseudo,10,2,2,0.9588338338338338,0.00462962962962965
2,competence,pseudo,10,2,3,1.0,0.0
2,competence,pseudo,10,2,4,0.8918918918918919,0.0
2,competence,pseudo,10,3,1,0.9142156862745098,0.0
2,competence,pseudo,10,3,2,0.9542042042042042,0.0
2,competence,pseudo,10,3,3,1.0,0.0
2,competence,pseudo,10,3,4,0.8918918918918919,0.0
2,competence,pseudo,10,4,1,0.9142156862745098,0.0
2,competence,pseudo,10,4,2,0.9542042042042042,0.0
2,competence,pseudo,10,4,3,1.0,0.0
2,competence,pseudo,10,4,4,0.918918918918919,0.027027027027027084
2,competence,pseudo,20,1,1,0.9142156862745098,0.0
2,competence,pseudo,20,1,2,0.9496996996996997,-0.0045045045045044585
2,competence,pseudo,20,1,3,1.0,0.0
2,competence,pseudo,20,1,4,0.8918918918918919,0.0
2,competence,pseudo,20,2,1,0.9142156862745098,0.0
2,competence,pseudo,20,2,2,0.9588338338338338,0.00462962962962965
2,competence,pseudo,20,2,3,1.0,0.0
2,competence,pseudo,20,2,4,0.8918918918918919,0.0
2,competence,pseudo,20,3,1,0.9142156862745098,0.0
2,competence,pseudo,20,3,2,0.9542042042042042,0.0
2,competence,pseudo,20,3,3,1.0,0.0
2,competence,pseudo,20,3,4,0.8918918918918919,0.0
2,competence,pseudo,20,4,1,0.9142156862745098,0.0
2,competence,pseudo,20,4,2,0.9542042042042042,0.0
2,competence,pseudo,20,4,3,1.0,0.0
2,competence,pseudo,20,4,4,0.8918918918918919,0.0
2,competence,pseudo,40,1,1,0.9566993464052287,0.042483660130718914
2,competence,pseudo,40,1,2,0.9405655655655657,-0.013638638638638456
2,competence,pseudo,40,1,3,1.0,0.0
2,competence,pseudo,40,1,4,0.918918918918919,0.027027027027027084
2,competence,pseudo,40,2,1,0.9142156862745098,0.0
2,competence,pseudo,40,2,2,0.9543293293293295,0.00012512512512530272
2,competence,pseudo,40,2,3,1.0,0.0
2,competence,pseudo,40,2,4,0.8918918918918919,0.0
2,competence,pseudo,40,3,1,0.9142156862745098,0.0
2,competence,pseudo,40,3,2,0.9543293293293292,0.00012512512512508067
2,competence,pseudo,40,3,3,1.0,0.0
2,competence,pseudo,40,3,4,0.8918918918918919,0.0
2,competence,pseudo,40,4,1,0.9142156862745098,0.0
2,competence,pseudo,40,4,2,0.9496996996996998,-0.0045045045045043475
2,competence,pseudo,40,4,3,1.0,0.0
2,competence,pseudo,40,4,4,0.8918918918918919,0.0
2,competence,true,5,1,1,0.9142156862745098,0.0
2,competence,true,5,1,2,0.9542042042042042,0.0
2,competence,true,5,1,3,1.0,0.0
2,competence,true,5,1,4,0.8918918918918919,0.0
2,competence,true,5,2,1,0.9142156862745098,0.0
2,competence,true,5,2,2,0.9542042042042042,0.0
2,competence,true,5,2,3,1.0,0.0
2,competence,true,5,2,4,0.8918918918918919,0.0
2,competence,true,5,3,1,0.9142156862745098,0.0
2,competence,true,5,3,2,0.9542042042042042,0.0
2,competence,true,5,3,3,1.0,0.0
2,competence,true,5,3,4,0.8918918918918919,0.0
2,competence,true,5,4,1,0.9142156862745098,0.0
2,competence,true,5,4,2,0.9542042042042042,0.0
2,competence,true,5,4,3,1.0,0.0
2,competence,true,5,4,4,0.8918918918918919,0.0
2,competence,true,10,1,1,0.8995098039215685,-0.014705882352941235
2,competence,true,10,1,2,0.9542042042042042,0.0
2,competence,true,10,1,3,1.0,0.0
2,competence,true,10,1,4,0.8918918918918919,0.0
2,competence,true,10,2,1,0.8995098039215685,-0.014705882352941235
2,competence,true,10,2,2,0.9588338338338338,0.00462962962962965
2,competence,true,10,2,3,1.0,0.0
2,competence,true,10,2,4,0.8918918918918919,0.0
2,competence,true,10,3,1,0.9142156862745098,0.0
2,competence,true,10,3,2,0.9542042042042042,0.0
2,competence,true,10,3,3,1.0,0.0
2,competence,true,10,3,4,0.8918918918918919,0.0
2,competence,true,10,4,1,0.9142156862745098,0.0
2,competence,true,10,4,2,0.9542042042042042,0.0
2,competence,true,10,4,3,1.0,0.0
2,competence,true,10,4,4,0.918918918918919,0.027027027027027084
2,competence,true,20,1,1,0.9428104575163399,0.028594771241830075
2,competence,true,20,1,2,0.9542042042042042,0.0
2,competence,true,20,1,3,1.0,0.0
2,competence,true,20,1,4,0.8918918918918919,0.0
2,competence,true,20,2,1,0.9142156862745098,0.0
2,competence,true,20,2,2,0.9495745745745746,-0.004629629629629539
2,competence,true,20,2,3,1.0,0.0
2,competence,true,20,2,4,0.8918918918918919,0.0
2,competence,true,20,3,1,0.9142156862745098,0.0
2,competence,true,20,3,2,0.9495745745745746,-0.004629629629629539
2,competence,true,20,3,3,1.0,0.0
2,competence,true,20,3,4,0.8918918918918919,0.0
2,competence,true,20,4,1,0.9142156862745098,0.0
2,competence,true,20,4,2,0.9542042042042042,0.0
2,competence,true,20,4,3,1.0,0.0
2,competence,true,20,4,4,0.8918918918918919,0.0
2,competence,true,40,1,1,0.9428104575163399,0.028594771241830075
2,competence,true,40,1,2,0.9542042042042042,0.0
2,competence,true,40,1,3,1.0,0.0
2,competence,true,40,1,4,0.8918918918918919,0.0
2,competence,true,40,2,1,0.9142156862745098,0.0
2,competence,true,40,2,2,0.9543293293293295,0.00012512512512530272
2,competence,true,40,2,3,1.0,0.0
2,competence,true,40,2,4,0.8918918918918919,0.0
2,competence,true,40,3,1,0.9142156862745098,0.0
2,competence,true,40,3,2,0.9542042042042042,0.0
2,competence,true,40,3,3,1.0,0.0
2,competence,true,40,3,4,0.8918918918918919,0.0
2,competence,true,40,4,1,0.9142156862745098,0.0
2,competence,true,40,4,2,0.9496996996996998,-0.0045045045045043475
2,competence,true,40,4,3,1.0,0.0
2,competence,true,40,4,4,0.8918918918918919,0.0
2,random,pseudo,5,1,1,0.9142156862745098,0.0
2,random,pseudo,5,1,2,0.9542042042042042,0.0
2,random,pseudo,5,1,3,1.0,0.0
2,random,pseudo,5,1,4,0.8918918918918919,0.0
2,random,pseudo,5,2,1,0.9142156862745098,0.0
2,random,pseudo,5,2,2,0.9542042042042042,0.0
2,random,pseudo,5,2,3,1.0,0.0
2,random,pseudo,5,2,4,0.8918918918918919,0.0
2,random,pseudo,5,3,1,0.9142156862745098,0.0
2,random,pseudo,5,3,2,0.9542042042042042,0.0
2,random,pseudo,5,3,3,1.0,0.0
2,random,pseudo,5,3,4,0.8918918918918919,0.0
2,random,pseudo,5,4,1,0.9142156862745098,0.0
2,random,pseudo,5,4,2,0.9542042042042042,0.0
2,random,pseudo,5,4,3,1.0,0.0
2,random,pseudo,5,4,4,0.8918918918918919,0.0
2,random,pseudo,10,1,1,0.9142156862745098,0.0
2,random,pseudo,10,1,2,0.9542042042042042,0.0
2,random,pseudo,10,1,3,1.0,0.0
2,random,pseudo,10,1,4,0.8918918918918919,0.0
2,random,pseudo,10,2,1,0.9142156862745098,0.0
2,random,pseudo,10,2,2,0.9496996996996997,-0.0045045045045044585
2,random,pseudo,10,2,3,1.0,0.0
2,random,pseudo,10,2,4,0.8918918918918919,0.0
2,random,pseudo,10,3,1,0.9142156862745098,0.0
2,random,pseudo,10,3,2,0.9542042042042042,0.0
2,random,pseudo,10,3,3,1.0,0.0
2,random,pseudo,10,3,4,0.8918918918918919,0.0
2,random,pseudo,10,4,1,0.9142156862745098,0.0
2,random,pseudo,10,4,2,0.9542042042042042,0.0
2,random,pseudo,10,4,3,1.0,0.0
2,random,pseudo,10,4,4,0.8918918918918919,0.0
2,random,pseudo,20,1,1,0.9142156862745098,0.0
2,random,pseudo,20,1,2,0.9542042042042042,0.0
2,random,pseudo,20,1,3,1.0,0.0
2,random,pseudo,20,1,4,0.8918918918918919,0.0
2,random,pseudo,20,2,1,0.9142156862745098,0.0
2,random,pseudo,20,2,2,0.9542042042042042,0.0
2,random,pseudo,20,2,3,1.0,0.0
2,random,pseudo,20,2,4,0.8918918918918919,0.0
2,random,pseudo,20,3,1,0.9419934640522876,0.02777777777777779
2,random,pseudo,20,3,2,0.935935935935936,-0.018268268268268106
2,random,pseudo,20,3,3,1.0,0.0
2,random,pseudo,20,3,4,0.918918918918919,0.027027027027027084
2,random,pseudo,20,4,1,0.9142156862745098,0.0
2,random,pseudo,20,4,2,0.9542042042042042,0.0
2,random,pseudo,20,4,3,1.0,0.0
2,random,pseudo,20,4,4,0.8918918918918919,0.0
2,random,pseudo,40,1,1,0.9142156862745098,0.0
2,random,pseudo,40,1,2,0.9496996996996997,-0.0045045045045044585
2,random,pseudo,40,1,3,1.0,0.0
2,random,pseudo,40,1,4,0.918918918918919,0.027027027027027084
2,random,pseudo,40,2,1,0.9419934640522876,0.02777777777777779
2,random,pseudo,40,2,2,0.9543293293293292,0.00012512512512508067
2,random,pseudo,40,2,3,1.0,0.0
2,random,pseudo,40,2,4,0.8918918918918919,0.0
2,random,pseudo,40,3,1,0.9428104575163399,0.028594771241830075
2,random,pseudo,40,3,2,0.9405655655655657,-0.013638638638638456
2,random,pseudo,40,3,3,1.0,0.0
2,random,pseudo,40,3,4,0.918918918918919,0.027027027027027084
2,random,pseudo,40,4,1,0.9142156862745098,0.0
2,random,pseudo,40,4,2,0.9542042042042042,0.0
2,random,pseudo,40,4,3,1.0,0.0
2,random,pseudo,40,4,4,0.8918918918918919,0.0
2,random,true,5,1,1,0.9142156862745098,0.0
2,random,true,5,1,2,0.9542042042042042,0.0
2,random,true,5,1,3,1.0,0.0
2,random,true,5,1,4,0.8918918918918919,0.0
2,random,true,5,2,1,0.9142156862745098,0.0
2,random,true,5,2,2,0.9542042042042042,0.0
2,random,true,5,2,3,1.0,0.0
2,random,true,5,2,4,0.8918918918918919,0.0
2,random,true,5,3,1,0.9142156862745098,0.0
2,random,true,5,3,2,0.9542042042042042,0.0
2,random,true,5,3,3,1.0,0.0
2,random,true,5,3,4,0.8918918918918919,0.0
2,random,true,5,4,1,0.9142156862745098,0.0
2,random,true,5,4,2,0.9542042042042042,0.0
2,random,true,5,4,3,1.0,0.0
2,random,true,5,4,4,0.8918918918918919,0.0
2,random,true,10,1,1,0.9142156862745098,0.0
2,random,true,10,1,2,0.9542042042042042,0.0
2,random,true,10,1,3,1.0,0.0
2,random,true,10,1,4,0.8918918918918919,0.0
2,random,true,10,2,1,0.9142156862745098,0.0
2,random,true,10,2,2,0.9496996996996997,-0.0045045045045044585
2,random,true,10,2,3,1.0,0.0
2,random,true,10,2,4,0.8918918918918919,0.0
2,random,true,10,3,1,0.9272875816993464,0.013071895424836666
2,random,true,10,3,2,0.9542042042042042,0.0
2,random,true,10,3,3,1.0,0.0
2,random,true,10,3,4,0.8918918918918919,0.0
2,random,true,10,4,1,0.9142156862745098,0.0
2,random,true,10,4,2,0.9542042042042042,0.0
2,random,true,10,4,3,1.0,0.0
2,random,true,10,4,4,0.8918918918918919,0.0
2,random,true,20,1,1,0.9142156862745098,0.0
2,random,true,20,1,2,0.9542042042042042,0.0
2,random,true,20,1,3,1.0,0.0
2,random,true,20,1,4,0.8918918918918919,0.0
2,random,true,20,2,1,0.9142156862745098,0.0
2,random,true,20,2,2,0.9542042042042042,0.0
2,random,true,20,2,3,1.0,0.0
2,random,true,20,2,4,0.8918918918918919,0.0
2,random,true,20,3,1,0.9272875816993464,0.013071895424836666
2,random,true,20,3,2,0.9496996996996998,-0.0045045045045043475
2,random,true,20,3,3,1.0,0.0
2,random,true,20,3,4,0.8918918918918919,0.0
2,random,true,20,4,1,0.9142156862745098,0.0
2,random,true,20,4,2,0.9542042042042042,0.0
2,random,true,20,4,3,1.0,0.0
2,random,true,20,4,4,0.8918918918918919,0.0
2,random,true,40,1,1,0.9142156862745098,0.0
2,random,true,40,1,2,0.9496996996996997,-0.0045045045045044585
2,random,true,40,1,3,1.0,0.0
2,random,true,40,1,4,0.918918918918919,0.027027027027027084
2,random,true,40,2,1,0.9142156862745098,0.0
2,random,true,40,2,2,0.9633383383383384,0.00913413413413422
2,random,true,40,2,3,1.0,0.0
2,random,true,40,2,4,0.8918918918918919,0.0
2,random,true,40,3,1,0.957516339869281,0.0433006535947712
2,random,true,40,3,2,0.9587087087087087,0.0045045045045045695
2,random,true,40,3,3,1.0,0.0
2,random,true,40,3,4,0.8918918918918919,0.0
2,random,true,40,4,1,0.9142156862745098,0.0
2,random,true,40,4,2,0.9542042042042042,0.0
2,random,true,40,4,3,1.0,0.0
2,random,true,40,4,4,0.8918918918918919,0.0
3,competence,pseudo,5,1,1,0.9681088651676888,0.0
3,competence,pseudo,5,1,2,0.9166666666666666,0.0
3,competence,pseudo,5,1,3,0.9714285714285714,-0.02857142857142858
3,competence,pseudo,5,1,4,0.9722222222222222,0.0
3,competence,pseudo,5,2,1,0.960279607338431,-0.007829257829257807
3,competence,pseudo,5,2,2,0.9444444444444444,0.02777777777777779
3,competence,pseudo,5,2,3,1.0,0.0
3,competence,pseudo,5,2,4,0.9722222222222222,0.0
3,competence,pseudo,5,3,1,0.9720771191359427,0.003968253968253954
3,competence,pseudo,5,3,2,0.9166666666666666,0.0
3,competence,pseudo,5,3,3,0.9714285714285714,-0.02857142857142858
3,competence,pseudo,5,3,4,0.9722222222222222,0.0
3,competence,pseudo,5,4,1,0.9720771191359427,0.003968253968253954
3,competence,pseudo,5,4,2,0.9166666666666666,0.0
3,competence,pseudo,5,4,3,1.0,0.0
3,competence,pseudo,5,4,4,0.9722222222222222,0.0
3,competence,pseudo,10,1,1,0.9681088651676888,0.0
3,competence,pseudo,10,1,2,0.9166666666666666,0.0
3,competence,pseudo,10,1,3,1.0,0.0
3,competence,pseudo,10,1,4,0.9722222222222222,0.0
3,competence,pseudo,10,2,1,0.9641406111994348,-0.003968253968253954
3,competence,pseudo,10,2,2,0.9722222222222222,0.05555555555555558
3,competence,pseudo,10,2,3,0.9714285714285714,-0.02857142857142858
3,competence,pseudo,10,2,4,0.9722222222222222,0.0
3,competence,pseudo,10,3,1,0.9681088651676888,0.0
3,competence,pseudo,10,3,2,0.9166666666666666,0.0
3,competence,pseudo,10,3,3,0.9714285714285714,-0.02857142857142858
3,competence,pseudo,10,3,4,0.9722222222222222,0.0
3,competence,pseudo,10,4,1,0.9681088651676888,0.0
3,competence,pseudo,10,4,2,0.9166666666666666,0.0
3,competence,pseudo,10,4,3,1.0,0.0
3,competence,pseudo,10,4,4,0.9722222222222222,0.0
3,competence,pseudo,20,1,1,0.9720771191359427,0.003968253968253954
3,competence,pseudo,20,1,2,0.9444444444444444,0.02777777777777779
3,competence,pseudo,20,1,3,0.9714285714285714,-0.02857142857142858
3,competence,pseudo,20,1,4,0.9722222222222222,0.0
3,competence,pseudo,20,2,1,0.9682161152749388,0.00010725010724998985
3,competence,pseudo,20,2,2,0.9722222222222222,0.05555555555555558
3,competence,pseudo,20,2,3,0.9714285714285714,-0.02857142857142858
3,competence,pseudo,20,2,4,0.9722222222222222,0.0
3,competence,pseudo,20,3,1,0.9681088651676888,0.0
3,competence,pseudo,20,3,2,0.9166666666666666,0.0
3,competence,pseudo,20,3,3,1.0,0.0
3,competence,pseudo,20,3,4,0.9722222222222222,0.0
3,competence,pseudo,20,4,1,0.9681088651676888,0.0
3,competence,pseudo,20,4,2,0.9166666666666666,0.0
3,competence,pseudo,20,4,3,1.0,0.0
3,competence,pseudo,20,4,4,0.9722222222222222,0.0
3,competence,pseudo,40,1,1,0.9681088651676888,0.0
3,competence,pseudo,40,1,2,0.9444444444444444,0.02777777777777779
3,competence,pseudo,40,1,3,0.9714285714285714,-0.02857142857142858
3,competence,pseudo,40,1,4,0.9722222222222222,0.0
3,competence,pseudo,40,2,1,0.9678754384636739,-0.00023342670401493848
3,competence,pseudo,40,2,2,0.9444444444444444,0.02777777777777779
3,competence,pseudo,40,2,3,0.9714285714285714,-0.02857142857142858
3,competence,pseudo,40,2,4,0.9722222222222222,0.0
3,competence,pseudo,40,3,1,0.9720771191359427,0.003968253968253954
3,competence,pseudo,40,3,2,0.9166666666666666,0.0
3,competence,pseudo,40,3,3,1.0,0.0
3,competence,pseudo,40,3,4,0.9722222222222222,0.0
3,competence,pseudo,40,4,1,0.9681088651676888,0.0
3,competence,pseudo,40,4,2,0.9166666666666666,0.0
3,competence,pseudo,40,4,3,1.0,0.0
3,competence,pseudo,40,4,4,0.9722222222222222,0.0
3,competence,true,5,1,1,0.9681088651676888,0.0
3,competence,true,5,1,2,0.9166666666666666,0.0
3,competence,true,5,1,3,0.9714285714285714,-0.02857142857142858
3,competence,true,5,1,4,0.9722222222222222,0.0
3,competence,true,5,2,1,0.9681088651676888,0.0
3,competence,true,5,2,2,0.9166666666666666,0.0
3,competence,true,5,2,3,1.0,0.0
3,competence,true,5,2,4,0.9722222222222222,0.0
3,competence,true,5,3,1,0.9681088651676888,0.0
3,competence,true,5,3,2,0.9166666666666666,0.0
3,competence,true,5,3,3,1.0,0.0
3,competence,true,5,3,4,0.9722222222222222,0.0
3,competence,true,5,4,1,0.9720771191359427,0.003968253968253954
3,competence,true,5,4,2,0.9166666666666666,0.0
3,competence,true,5,4,3,1.0,0.0
3,competence,true,5,4,4,0.9722222222222222,0.0
3,competence,true,10,1,1,0.9681088651676888,0.0
3,competence,true,10,1,2,0.9166666666666666,0.0
3,competence,true,10,1,3,1.0,0.0
3,competence,true,10,1,4,0.9722222222222222,0.0
3,competence,true,10,2,1,0.9641406111994348,-0.003968253968253954
3,competence,true,10,2,2,0.9722222222222222,0.05555555555555558
3,competence,true,10,2,3,1.0,0.0
3,competence,true,10,2,4,0.9722222222222222,0.0
3,competence,true,10,3,1,0.9681088651676888,0.0
3,competence,true,10,3,2,0.9166666666666666,0.0
3,competence,true,10,3,3,0.9714285714285714,-0.02857142857142858
3,competence,true,10,3,4,0.9722222222222222,0.0
3,competence,true,10,4,1,0.9681088651676888,0.0
3,competence,true,10,4,2,0.9166666666666666,0.0
3,competence,true,10,4,3,1.0,0.0
3,competence,true,10,4,4,0.9722222222222222,0.0
3,competence,true,20,1,1,0.9720771191359427,0.003968253968253954
3,competence,true,20,1,2,0.9444444444444444,0.02777777777777779
3,competence,true,20,1,3,0.9714285714285714,-0.02857142857142858
3,competence,true,20,1,4,0.9722222222222222,0.0
3,competence,true,20,2,1,0.9760453731041966,0.007936507936507797
3,competence,true,20,2,2,0.9166666666666666,0.0
3,competence,true,20,2,3,0.9714285714285714,-0.02857142857142858
3,competence,true,20,2,4,0.9722222222222222,0.0
3,competence,true,20,3,1,0.9681088651676888,0.0
3,competence,true,20,3,2,0.9166666666666666,0.0
3,competence,true,20,3,3,0.9714285714285714,-0.02857142857142858
3,competence,true,20,3,4,0.9722222222222222,0.0
3,competence,true,20,4,1,0.9681088651676888,0.0
3,competence,true,20,4,2,0.9166666666666666,0.0
3,competence,true,20,4,3,1.0,0.0
3,competence,true,20,4,4,0.9722222222222222,0.0
3,competence,true,40,1,1,0.9681088651676888,0.0
3,competence,true,40,1,2,0.9444444444444444,0.02777777777777779
3,competence,true,40,1,3,0.9714285714285714,-0.02857142857142858
3,competence,true,40,1,4,0.9722222222222222,0.0
3,competence,true,40,2,1,0.9718436924319277,0.0037348272642389047
3,competence,true,40,2,2,0.9444444444444444,0.02777777777777779
3,competence,true,40,2,3,0.9714285714285714,-0.02857142857142858
3,competence,true,40,2,4,0.9722222222222222,0.0
3,competence,true,40,3,1,0.9681088651676888,0.0
3,competence,true,40,3,2,0.9444444444444444,0.02777777777777779
3,competence,true,40,3,3,0.9714285714285714,-0.02857142857142858
3,competence,true,40,3,4,0.9722222222222222,0.0
3,competence,true,40,4,1,0.9681088651676888,0.0
3,competence,true,40,4,2,0.9166666666666666,0.0
3,competence,true,40,4,3,1.0,0.0
3,competence,true,40,4,4,0.9722222222222222,0.0
3,random,pseudo,5,1,1,0.9681088651676888,0.0
3,random,pseudo,5,1,2,0.9166666666666666,0.0
3,random,pseudo,5,1,3,0.9714285714285714,-0.02857142857142858
3,random,pseudo,5,1,4,0.9722222222222222,0.0
3,random,pseudo,5,2,1,0.9720771191359426,0.003968253968253843
3,random,pseudo,5,2,2,0.9444444444444444,0.02777777777777779
3,random,pseudo,5,2,3,0.9714285714285714,-0.02857142857142858
3,random,pseudo,5,2,4,0.9722222222222222,0.0
3,random,pseudo,5,3,1,0.9642478613066848,-0.0038610038610039643
3,random,pseudo,5,3,2,0.9722222222222222,0.05555555555555558
3,random,pseudo,5,3,3,1.0,0.0
3,random,pseudo,5,3,4,0.9722222222222222,0.0
3,random,pseudo,5,4,1,0.9760453731041966,0.007936507936507797
3,random,pseudo,5,4,2,0.9444444444444444,0.02777777777777779
3,random,pseudo,5,4,3,1.0,0.0
3,random,pseudo,5,4,4,0.9722222222222222,0.0
3,random,pseudo,10,1,1,0.9720771191359427,0.003968253968253954
3,random,pseudo,10,1,2,0.9166666666666666,0.0
3,random,pseudo,10,1,3,1.0,0.0
3,random,pseudo,10,1,4,0.9722222222222222,0.0
3,random,pseudo,10,2,1,0.9682161152749388,0.00010725010724998985
3,random,pseudo,10,2,2,0.9444444444444444,0.02777777777777779
3,random,pseudo,10,2,3,1.0,0.0
3,random,pseudo,10,2,4,0.9722222222222222,0.0
3,random,pseudo,10,3,1,0.9720771191359426,0.003968253968253843
3,random,pseudo,10,3,2,0.9722222222222222,0.05555555555555558
3,random,pseudo,10,3,3,0.9714285714285714,-0.02857142857142858
3,random,pseudo,10,3,4,0.9722222222222222,0.0
3,random,pseudo,10,4,1,0.9681088651676888,0.0
3,random,pseudo,10,4,2,0.9166666666666666,0.0
3,random,pseudo,10,4,3,0.9714285714285714,-0.02857142857142858
3,random,pseudo,10,4,4,0.9722222222222222,0.0
3,random,pseudo,20,1,1,0.9602796073384309,-0.007829257829257918
3,random,pseudo,20,1,2,0.9166666666666666,0.0
3,random,pseudo,20,1,3,0.9714285714285714,-0.02857142857142858
3,random,pseudo,20,1,4,0.9722222222222222,0.0
3,random,pseudo,20,2,1,0.9682161152749388,0.00010725010724998985
3,random,pseudo,20,2,2,0.9166666666666666,0.0
3,random,pseudo,20,2,3,0.9714285714285714,-0.02857142857142858
3,random,pseudo,20,2,4,0.9722222222222222,0.0
3,random,pseudo,20,3,1,0.9642478613066848,-0.0038610038610039643
3,random,pseudo,20,3,2,0.9444444444444444,0.02777777777777779
3,random,pseudo,20,3,3,1.0,0.0
3,random,pseudo,20,3,4,0.9722222222222222,0.0
3,random,pseudo,20,4,1,0.9681088651676888,0.0
3,random,pseudo,20,4,2,0.9444444444444444,0.02777777777777779
3,random,pseudo,20,4,3,0.9714285714285714,-0.02857142857142858
3,random,pseudo,20,4,4,0.9722222222222222,0.0
3,random,pseudo,40,1,1,0.9601723572311808,-0.00793650793650802
3,random,pseudo,40,1,2,0.9722222222222222,0.05555555555555558
3,random,pseudo,40,1,3,0.9714285714285714,-0.02857142857142858
3,random,pseudo,40,1,4,0.9722222222222222,0.0
3,random,pseudo,40,2,1,0.9721843692431928,0.004075504075504055
3,random,pseudo,40,2,2,0.9166666666666666,0.0
3,random,pseudo,40,2,3,0.9714285714285714,-0.02857142857142858
3,random,pseudo,40,2,4,0.9722222222222222,0.0
3,random,pseudo,40,3,1,0.9720771191359426,0.003968253968253843
3,random,pseudo,40,3,2,0.9722222222222222,0.05555555555555558
3,random,pseudo,40,3,3,0.9714285714285714,-0.02857142857142858
3,random,pseudo,40,3,4,0.9722222222222222,0.0
3,random,pseudo,40,4,1,0.9681088651676888,0.0
3,random,pseudo,40,4,2,0.9444444444444444,0.02777777777777779
3,random,pseudo,40,4,3,0.9714285714285714,-0.02857142857142858
3,random,pseudo,40,4,4,0.9722222222222222,0.0
3,random,true,5,1,1,0.9681088651676888,0.0
3,random,true,5,1,2,0.9166666666666666,0.0
3,random,true,5,1,3,0.9714285714285714,-0.02857142857142858
3,random,true,5,1,4,0.9722222222222222,0.0
3,random,true,5,2,1,0.9720771191359426,0.003968253968253843
3,random,true,5,2,2,0.9444444444444444,0.02777777777777779
3,random,true,5,2,3,0.9714285714285714,-0.02857142857142858
3,random,true,5,2,4,0.9722222222222222,0.0
3,random,true,5,3,1,0.9681088651676888,0.0
3,random,true,5,3,2,0.9166666666666666,0.0
3,random,true,5,3,3,1.0,0.0
3,random,true,5,3,4,0.9722222222222222,0.0
3,random,true,5,4,1,0.9760453731041966,0.007936507936507797
3,random,true,5,4,2,0.9444444444444444,0.02777777777777779
3,random,true,5,4,3,1.0,0.0
3,random,true,5,4,4,0.9722222222222222,0.0
3,random,true,10,1,1,0.9720771191359427,0.003968253968253954
3,random,true,10,1,2,0.9166666666666666,0.0
3,random,true,10,1,3,1.0,0.0
3,random,true,10,1,4,0.9722222222222222,0.0
3,random,true,10,2,1,0.9641406111994348,-0.003968253968253954
3,random,true,10,2,2,0.9444444444444444,0.02777777777777779
3,random,true,10,2,3,1.0,0.0
3,random,true,10,2,4,0.9722222222222222,0.0
3,random,true,10,3,1,0.9681088651676888,0.0
3,random,true,10,3,2,0.9166666666666666,0.0
3,random,true,10,3,3,1.0,0.0
3,random,true,10,3,4,0.9722222222222222,0.0
3,random,true,10,4,1,0.9681088651676888,0.0
3,random,true,10,4,2,0.9166666666666666,0.0
3,random,true,10,4,3,0.9714285714285714,-0.02857142857142858
3,random,true,10,4,4,0.9722222222222222,0.0
3,random,true,20,1,1,0.9602796073384309,-0.007829257829257918
3,random,true,20,1,2,0.9166666666666666,0.0
3,random,true,20,1,3,0.9714285714285714,-0.02857142857142858
3,random,true,20,1,4,0.9722222222222222,0.0
3,random,true,20,2,1,0.9641406111994348,-0.003968253968253954
3,random,true,20,2,2,0.9166666666666666,0.0
3,random,true,20,2,3,0.9714285714285714,-0.02857142857142858
3,random,true,20,2,4,0.9722222222222222,0.0
3,random,true,20,3,1,0.9681088651676888,0.0
3,random,true,20,3,2,0.9166666666666666,0.0
3,random,true,20,3,3,1.0,0.0
3,random,true,20,3,4,0.9722222222222222,0.0
3,random,true,20,4,1,0.9681088651676888,0.0
3,random,true,20,4,2,0.9444444444444444,0.02777777777777779
3,random,true,20,4,3,0.9714285714285714,-0.02857142857142858
3,random,true,20,4,4,0.9722222222222222,0.0
3,random,true,40,1,1,0.9681088651676888,0.0
3,random,true,40,1,2,0.9444444444444444,0.02777777777777779
3,random,true,40,1,3,1.0,0.0
3,random,true,40,1,4,0.9722222222222222,0.0
3,random,true,40,2,1,0.9681088651676888,0.0
3,random,true,40,2,2,0.9444444444444444,0.02777777777777779
3,random,true,40,2,3,0.9714285714285714,-0.02857142857142858
3,random,true,40,2,4,0.9722222222222222,0.0
3,random,true,40,3,1,0.9681088651676888,0.0
3,random,true,40,3,2,0.9166666666666666,0.0
3,random,true,40,3,3,1.0,0.0
3,random,true,40,3,4,0.9722222222222222,0.0
3,random,true,40,4,1,0.9681088651676888,0.0
3,random,true,40,4,2,0.9444444444444444,0.02777777777777779
3,random,true,40,4,3,0.9714285714285714,-0.02857142857142858
3,random,true,40,4,4,0.9722222222222222,0.0
4,competence,pseudo,5,1,1,1.0,0.0
4,competence,pseudo,5,1,2,0.8988105752811636,0.0
4,competence,pseudo,5,1,3,0.9583333333333333,0.0
4,competence,pseudo,5,1,4,1.0,0.0
4,competence,pseudo,5,2,1,1.0,0.0
4,competence,pseudo,5,2,2,0.8988105752811636,0.0
4,competence,pseudo,5,2,3,0.9583333333333333,0.0
4,competence,pseudo,5,2,4,1.0,0.0
4,competence,pseudo,5,3,1,1.0,0.0
4,competence,pseudo,5,3,2,0.8988105752811636,0.0
4,competence,pseudo,5,3,3,0.9583333333333333,0.0
4,competence,pseudo,5,3,4,1.0,0.0
4,competence,pseudo,5,4,1,1.0,0.0
4,competence,pseudo,5,4,2,0.8988105752811636,0.0
4,competence,pseudo,5,4,3,0.9583333333333333,0.0
4,competence,pseudo,5,4,4,1.0,0.0
4,competence,pseudo,10,1,1,1.0,0.0
4,competence,pseudo,10,1,2,0.9078195842901726,0.009009009009009028
4,competence,pseudo,10,1,3,0.9583333333333333,0.0
4,competence,pseudo,10,1,4,1.0,0.0
4,competence,pseudo,10,2,1,1.0,0.0
4,competence,pseudo,10,2,2,0.8988105752811636,0.0
4,competence,pseudo,10,2,3,0.9583333333333333,0.0
4,competence,pseudo,10,2,4,0.9864864864864865,-0.013513513513513487
4,competence,pseudo,10,3,1,1.0,0.0
4,competence,pseudo,10,3,2,0.9078195842901726,0.009009009009009028
4,competence,pseudo,10,3,3,0.9583333333333333,0.0
4,competence,pseudo,10,3,4,1.0,0.0
4,competence,pseudo,10,4,1,1.0,0.0
4,competence,pseudo,10,4,2,0.908614496849791,0.009803921568627416
4,competence,pseudo,10,4,3,0.9583333333333333,0.0
4,competence,pseudo,10,4,4,1.0,0.0
4,competence,pseudo,20,1,1,1.0,0.0
4,competence,pseudo,20,1,2,0.8988105752811636,0.0
4,competence,pseudo,20,1,3,0.9583333333333333,0.0
4,competence,pseudo,20,1,4,1.0,0.0
4,competence,pseudo,20,2,1,1.0,0.0
4,competence,pseudo,20,2,2,0.9078195842901726,0.009009009009009028
4,competence,pseudo,20,2,3,0.9722222222222222,0.01388888888888895
4,competence,pseudo,20,2,4,0.9864864864864865,-0.013513513513513487
4,competence,pseudo,20,3,1,1.0,0.0
4,competence,pseudo,20,3,2,0.8988105752811636,0.0
4,competence,pseudo,20,3,3,0.9583333333333333,0.0
4,competence,pseudo,20,3,4,1.0,0.0
4,competence,pseudo,20,4,1,1.0,0.0
4,competence,pseudo,20,4,2,0.9078195842901726,0.009009009009009028
4,competence,pseudo,20,4,3,0.9583333333333333,0.0
4,competence,pseudo,20,4,4,1.0,0.0
4,competence,pseudo,40,1,1,0.9907407407407408,-0.00925925925925919
4,competence,pseudo,40,1,2,0.8988105752811636,0.0
4,competence,pseudo,40,1,3,0.9583333333333333,0.0
4,competence,pseudo,40,1,4,1.0,0.0
4,competence,pseudo,40,2,1,1.0,0.0
4,competence,pseudo,40,2,2,0.926087852558441,0.027277277277277356
4,competence,pseudo,40,2,3,0.9583333333333333,0.0
4,competence,pseudo,40,2,4,1.0,0.0
4,competence,pseudo,40,3,1,1.0,0.0
4,competence,pseudo,40,3,2,0.8988105752811636,0.0
4,competence,pseudo,40,3,3,0.9583333333333333,0.0
4,competence,pseudo,40,3,4,1.0,0.0
4,competence,pseudo,40,4,1,1.0,0.0
4,competence,pseudo,40,4,2,0.8980156627215451,-0.0007949125596184992
4,competence,pseudo,40,4,3,0.9583333333333333,0.0
4,competence,pseudo,40,4,4,1.0,0.0
4,competence,true,5,1,1,1.0,0.0
4,competence,true,5,1,2,0.8988105752811636,0.0
4,competence,true,5,1,3,0.9583333333333333,0.0
4,competence,true,5,1,4,1.0,0.0
4,competence,true,5,2,1,1.0,0.0
4,competence,true,5,2,2,0.8988105752811636,0.0
4,competence,true,5,2,3,0.9583333333333333,0.0
4,competence,true,5,2,4,1.0,0.0
4,competence,true,5,3,1,1.0,0.0
4,competence,true,5,3,2,0.8988105752811636,0.0
4,competence,true,5,3,3,0.9722222222222222,0.01388888888888895
4,competence,true,5,3,4,1.0,0.0
4,competence,true,5,4,1,1.0,0.0
4,competence,true,5,4,2,0.8988105752811636,0.0
4,competence,true,5,4,3,0.9583333333333333,0.0
4,competence,true,5,4,4,1.0,0.0
4,competence,true,10,1,1,1.0,0.0
4,competence,true,10,1,2,0.8988105752811636,0.0
4,competence,true,10,1,3,0.9583333333333333,0.0
4,competence,true,10,1,4,0.9864864864864865,-0.013513513513513487
4,competence,true,10,2,1,1.0,0.0
4,competence,true,10,2,2,0.8988105752811636,0.0
4,competence,true,10,2,3,0.9583333333333333,0.0
4,competence,true,10,2,4,0.9864864864864865,-0.013513513513513487
4,competence,true,10,3,1,1.0,0.0
4,competence,true,10,3,2,0.9078195842901726,0.009009009009009028
4,competence,true,10,3,3,0.9583333333333333,0.0
4,competence,true,10,3,4,1.0,0.0
4,competence,true,10,4,1,1.0,0.0
4,competence,true,10,4,2,0.908614496849791,0.009803921568627416
4,competence,true,10,4,3,0.9583333333333333,0.0
4,competence,true,10,4,4,1.0,0.0
4,competence,true,20,1,1,1.0,0.0
4,competence,true,20,1,2,0.9078195842901726,0.009009009009009028
4,competence,true,20,1,3,0.9583333333333333,0.0
4,competence,true,20,1,4,1.0,0.0
4,competence,true,20,2,1,1.0,0.0
4,competence,true,20,2,2,0.9168285932991815,0.018018018018017945
4,competence,true,20,2,3,0.9583333333333333,0.0
4,competence,true,20,2,4,1.0,0.0
4,competence,true,20,3,1,1.0,0.0
4,competence,true,20,3,2,0.8988105752811636,0.0
4,competence,true,20,3,3,0.9583333333333333,0.0
4,competence,true,20,3,4,1.0,0.0
4,competence,true,20,4,1,1.0,0.0
4,competence,true,20,4,2,0.9078195842901726,0.009009009009009028
4,competence,true,20,4,3,0.9583333333333333,0.0
4,competence,true,20,4,4,1.0,0.0
4,competence,true,40,1,1,1.0,0.0
4,competence,true,40,1,2,0.8980156627215451,-0.0007949125596184992
4,competence,true,40,1,3,0.9583333333333333,0.0
4,competence,true,40,1,4,1.0,0.0
4,competence,true,40,2,1,1.0,0.0
4,competence,true,40,2,2,0.9170788435494318,0.018268268268268217
4,competence,true,40,2,3,0.9583333333333333,0.0
4,competence,true,40,2,4,0.9864864864864865,-0.013513513513513487
4,competence,true,40,3,1,1.0,0.0
4,competence,true,40,3,2,0.9078195842901726,0.009009009009009028
4,competence,true,40,3,3,0.9722222222222222,0.01388888888888895
4,competence,true,40,3,4,1.0,0.0
4,competence,true,40,4,1,1.0,0.0
4,competence,true,40,4,2,0.9078195842901726,0.009009009009009028
4,competence,true,40,4,3,0.9583333333333333,0.0
4,competence,true,40,4,4,1.0,0.0
4,random,pseudo,5,1,1,1.0,0.0
4,random,pseudo,5,1,2,0.8988105752811636,0.0
4,random,pseudo,5,1,3,0.9583333333333333,0.0
4,random,pseudo,5,1,4,1.0,0.0
4,random,pseudo,5,2,1,1.0,0.0
4,random,pseudo,5,2,2,0.8988105752811636,0.0
4,random,pseudo,5,2,3,0.9583333333333333,0.0
4,random,pseudo,5,2,4,1.0,0.0
4,random,pseudo,5,3,1,1.0,0.0
4,random,pseudo,5,3,2,0.8988105752811636,0.0
4,random,pseudo,5,3,3,0.9583333333333333,0.0
4,random,pseudo,5,3,4,1.0,0.0
4,random,pseudo,5,4,1,1.0,0.0
4,random,pseudo,5,4,2,0.8988105752811636,0.0
4,random,pseudo,5,4,3,0.9583333333333333,0.0
4,random,pseudo,5,4,4,1.0,0.0
4,random,pseudo,10,1,1,1.0,0.0
4,random,pseudo,10,1,2,0.9078195842901726,0.009009009009009028
4,random,pseudo,10,1,3,0.9583333333333333,0.0
4,random,pseudo,10,1,4,0.9864864864864865,-0.013513513513513487
4,random,pseudo,10,2,1,1.0,0.0
4,random,pseudo,10,2,2,0.9176235058588,0.018812930577636444
4,random,pseudo,10,2,3,0.9583333333333333,0.0
4,random,pseudo,10,2,4,1.0,0.0
4,random,pseudo,10,3,1,1.0,0.0
4,random,pseudo,10,3,2,0.9078195842901726,0.009009009009009028
4,random,pseudo,10,3,3,0.9583333333333333,0.0
4,random,pseudo,10,3,4,1.0,0.0
4,random,pseudo,10,4,1,1.0,0.0
4,random,pseudo,10,4,2,0.8988105752811636,0.0
4,random,pseudo,10,4,3,0.9583333333333333,0.0
4,random,pseudo,10,4,4,1.0,0.0
4,random,pseudo,20,1,1,1.0,0.0
4,random,pseudo,20,1,2,0.9078195842901726,0.009009009009009028
4,random,pseudo,20,1,3,0.9583333333333333,0.0
4,random,pseudo,20,1,4,1.0,0.0
4,random,pseudo,20,2,1,1.0,0.0
4,random,pseudo,20,2,2,0.8988105752811636,0.0
4,random,pseudo,20,2,3,0.9722222222222222,0.01388888888888895
4,random,pseudo,20,2,4,0.972972972972973,-0.027027027027026973
4,random,pseudo,20,3,1,0.9907407407407408,-0.00925925925925919
4,random,pseudo,20,3,2,0.9080698345404228,0.00925925925925919
4,random,pseudo,20,3,3,0.9583333333333333,0.0
4,random,pseudo,20,3,4,1.0,0.0
4,random,pseudo,20,4,1,1.0,0.0
4,random,pseudo,20,4,2,0.8988105752811636,0.0
4,random,pseudo,20,4,3,0.9583333333333333,0.0
4,random,pseudo,20,4,4,1.0,0.0
4,random,pseudo,40,1,1,1.0,0.0
4,random,pseudo,40,1,2,0.8807925572631454,-0.018018018018018167
4,random,pseudo,40,1,3,0.9583333333333333,0.0
4,random,pseudo,40,1,4,1.0,0.0
4,random,pseudo,40,2,1,1.0,0.0
4,random,pseudo,40,2,2,0.9078195842901726,0.009009009009009028
4,random,pseudo,40,2,3,0.9583333333333333,0.0
4,random,pseudo,40,2,4,0.9864864864864865,-0.013513513513513487
4,random,pseudo,40,3,1,0.9907407407407408,-0.00925925925925919
4,random,pseudo,40,3,2,0.9078195842901726,0.009009009009009028
4,random,pseudo,40,3,3,0.944047619047619,-0.014285714285714235
4,random,pseudo,40,3,4,1.0,0.0
4,random,pseudo,40,4,1,1.0,0.0
4,random,pseudo,40,4,2,0.9078195842901726,0.009009009009009028
4,random,pseudo,40,4,3,0.9444444444444444,-0.01388888888888884
4,random,pseudo,40,4,4,1.0,0.0
4,random,true,5,1,1,1.0,0.0
4,random,true,5,1,2,0.8988105752811636,0.0
4,random,true,5,1,3,0.9583333333333333,0.0
4,random,true,5,1,4,1.0,0.0
4,random,true,5,2,1,1.0,0.0
4,random,true,5,2,2,0.8988105752811636,0.0
4,random,true,5,2,3,0.9583333333333333,0.0
4,random,true,5,2,4,1.0,0.0
4,random,true,5,3,1,1.0,0.0
4,random,true,5,3,2,0.8988105752811636,0.0
4,random,true,5,3,3,0.9583333333333333,0.0
4,random,true,5,3,4,0.9864864864864865,-0.013513513513513487
4,random,true,5,4,1,1.0,0.0
4,random,true,5,4,2,0.8988105752811636,0.0
4,random,true,5,4,3,0.9583333333333333,0.0
4,random,true,5,4,4,1.0,0.0
4,random,true,10,1,1,1.0,0.0
4,random,true,10,1,2,0.9078195842901726,0.009009009009009028
4,random,true,10,1,3,0.9583333333333333,0.0
4,random,true,10,1,4,0.9864864864864865,-0.013513513513513487
4,random,true,10,2,1,1.0,0.0
4,random,true,10,2,2,0.9078195842901726,0.009009009009009028
4,random,true,10,2,3,0.9583333333333333,0.0
4,random,true,10,2,4,1.0,0.0
4,random,true,10,3,1,1.0,0.0
4,random,true,10,3,2,0.9078195842901726,0.009009009009009028
4,random,true,10,3,3,0.9583333333333333,0.0
4,random,true,10,3,4,1.0,0.0
4,random,true,10,4,1,1.0,0.0
4,random,true,10,4,2,0.8988105752811636,0.0
4,random,true,10,4,3,0.9583333333333333,0.0
4,random,true,10,4,4,1.0,0.0
4,random,true,20,1,1,1.0,0.0
4,random,true,20,1,2,0.9078195842901726,0.009009009009009028
4,random,true,20,1,3,0.9583333333333333,0.0
4,random,true,20,1,4,1.0,0.0
4,random,true,20,2,1,1.0,0.0
4,random,true,20,2,2,0.9078195842901726,0.009009009009009028
4,random,true,20,2,3,0.9444444444444444,-0.01388888888888884
4,random,true,20,2,4,0.9864864864864865,-0.013513513513513487
4,random,true,20,3,1,1.0,0.0
4,random,true,20,3,2,0.9178737561090502,0.019063180827886606
4,random,true,20,3,3,0.9583333333333333,0.0
4,random,true,20,3,4,0.9864864864864865,-0.013513513513513487
4,random,true,20,4,1,1.0,0.0
4,random,true,20,4,2,0.8988105752811636,0.0
4,random,true,20,4,3,0.9722222222222222,0.01388888888888895
4,random,true,20,4,4,1.0,0.0
4,random,true,40,1,1,1.0,0.0
4,random,true,40,1,2,0.9078195842901726,0.009009009009009028
4,random,true,40,1,3,0.944047619047619,-0.014285714285714235
4,random,true,40,1,4,1.0,0.0
4,random,true,40,2,1,1.0,0.0
4,random,true,40,2,2,0.9078195842901726,0.009009009009009028
4,random,true,40,2,3,0.9583333333333333,0.0
4,random,true,40,2,4,0.9864864864864865,-0.013513513513513487
4,random,true,40,3,1,1.0,0.0
4,random,true,40,3,2,0.9072749219808043,0.00846434669964069
4,random,true,40,3,3,0.9583333333333333,0.0
4,random,true,40,3,4,1.0,0.0
4,random,true,40,4,1,1.0,0.0
4,random,true,40,4,2,0.9176235058588,0.018812930577636444
4,random,true,40,4,3,0.9722222222222222,0.01388888888888895
4,random,true,40,4,4,1.0,0.0
5,competence,pseudo,5,1,1,0.9357893607893608,-0.009009009009009028
5,competence,pseudo,5,1,2,0.9305555555555556,0.0
5,competence,pseudo,5,1,3,1.0,0.0
5,competence,pseudo,5,1,4,1.0,0.0
5,competence,pseudo,5,2,1,0.9447983697983698,0.0
5,competence,pseudo,5,2,2,0.9305555555555556,0.0
5,competence,pseudo,5,2,3,1.0,0.0
5,competence,pseudo,5,2,4,1.0,0.0
5,competence,pseudo,5,3,1,0.9447983697983698,0.0
5,competence,pseudo,5,3,2,0.9305555555555556,0.0
5,competence,pseudo,5,3,3,1.0,0.0
5,competence,pseudo,5,3,4,1.0,0.0
5,competence,pseudo,5,4,1,0.9447983697983698,0.0
5,competence,pseudo,5,4,2,0.9305555555555556,0.0
5,competence,pseudo,5,4,3,1.0,0.0
5,competence,pseudo,5,4,4,1.0,0.0
5,competence,pseudo,10,1,1,0.9447983697983698,0.0
5,competence,pseudo,10,1,2,0.9305555555555556,0.0
5,competence,pseudo,10,1,3,1.0,0.0
5,competence,pseudo,10,1,4,1.0,0.0
5,competence,pseudo,10,2,1,0.9402938652938654,-0.0045045045045044585
5,competence,pseudo,10,2,2,0.9166666666666666,-0.01388888888888895
5,competence,pseudo,10,2,3,1.0,0.0
5,competence,pseudo,10,2,4,1.0,0.0
5,competence,pseudo,10,3,1,0.9447983697983698,0.0
5,competence,pseudo,10,3,2,0.9305555555555556,0.0
5,competence,pseudo,10,3,3,1.0,0.0
5,competence,pseudo,10,3,4,1.0,0.0
5,competence,pseudo,10,4,1,0.9495602745602746,0.004761904761904745
5,competence,pseudo,10,4,2,0.9305555555555556,0.0
5,competence,pseudo,10,4,3,1.0,0.0
5,competence,pseudo,10,4,4,1.0,0.0
5,competence,pseudo,20,1,1,0.9402938652938654,-0.0045045045045044585
5,competence,pseudo,20,1,2,0.9305555555555556,0.0
5,competence,pseudo,20,1,3,1.0,0.0
5,competence,pseudo,20,1,4,1.0,0.0
5,competence,pseudo,20,2,1,0.9446732446732446,-0.0001251251251251917
5,competence,pseudo,20,2,2,0.9305555555555556,0.0
5,competence,pseudo,20,2,3,1.0,0.0
5,competence,pseudo,20,2,4,1.0,0.0
5,competence,pseudo,20,3,1,0.9447983697983698,0.0
5,competence,pseudo,20,3,2,0.9305555555555556,0.0
5,competence,pseudo,20,3,3,1.0,0.0
5,competence,pseudo,20,3,4,1.0,0.0
5,competence,pseudo,20,4,1,0.9495602745602746,0.004761904761904745
5,competence,pseudo,20,4,2,0.9166666666666666,-0.01388888888888895
5,competence,pseudo,20,4,3,1.0,0.0
5,competence,pseudo,20,4,4,1.0,0.0
5,competence,pseudo,40,1,1,0.9401687401687401,-0.004629629629629761
5,competence,pseudo,40,1,2,0.9166666666666666,-0.01388888888888895
5,competence,pseudo,40,1,3,1.0,0.0
5,competence,pseudo,40,1,4,1.0,0.0
5,competence,pseudo,40,2,1,0.9493028743028744,0.0045045045045045695
5,competence,pseudo,40,2,2,0.9305555555555556,0.0
5,competence,pseudo,40,2,3,1.0,0.0
5,competence,pseudo,40,2,4,1.0,0.0
5,competence,pseudo,40,3,1,0.9447983697983698,0.0
5,competence,pseudo,40,3,2,0.9305555555555556,0.0
5,competence,pseudo,40,3,3,1.0,0.0
5,competence,pseudo,40,3,4,1.0,0.0
5,competence,pseudo,40,4,1,0.9450557700557701,0.0002574002574002865
5,competence,pseudo,40,4,2,0.9166666666666666,-0.01388888888888895
5,competence,pseudo,40,4,3,1.0,0.0
5,competence,pseudo,40,4,4,1.0,0.0
5,competence,true,5,1,1,0.9585692835692837,0.013770913770913884
5,competence,true,5,1,2,0.9166666666666666,-0.01388888888888895
5,competence,true,5,1,3,1.0,0.0
5,competence,true,5,1,4,1.0,0.0
5,competence,true,5,2,1,0.9447983697983698,0.0
5,competence,true,5,2,2,0.9305555555555556,0.0
5,competence,true,5,2,3,1.0,0.0
5,competence,true,5,2,4,1.0,0.0
5,competence,true,5,3,1,0.9447983697983698,0.0
5,competence,true,5,3,2,0.9305555555555556,0.0
5,competence,true,5,3,3,1.0,0.0
5,competence,true,5,3,4,1.0,0.0
5,competence,true,5,4,1,0.9447983697983698,0.0
5,competence,true,5,4,2,0.9305555555555556,0.0
5,competence,true,5,4,3,1.0,0.0
5,competence,true,5,4,4,1.0,0.0
5,competence,true,10,1,1,0.9447983697983698,0.0
5,competence,true,10,1,2,0.9305555555555556,0.0
5,competence,true,10,1,3,1.0,0.0
5,competence,true,10,1,4,1.0,0.0
5,competence,true,10,2,1,0.9402938652938654,-0.0045045045045044585
5,competence,true,10,2,2,0.9166666666666666,-0.01388888888888895
5,competence,true,10,2,3,1.0,0.0
5,competence,true,10,2,4,1.0,0.0
5,competence,true,10,3,1,0.9447983697983698,0.0
5,competence,true,10,3,2,0.9305555555555556,0.0
5,competence,true,10,3,3,1.0,0.0
5,competence,true,10,3,4,1.0,0.0
5,competence,true,10,4,1,0.9495602745602746,0.004761904761904745
5,competence,true,10,4,2,0.9305555555555556,0.0
5,competence,true,10,4,3,1.0,0.0
5,competence,true,10,4,4,1.0,0.0
5,competence,true,20,1,1,0.9402938652938654,-0.0045045045045044585
5,competence,true,20,1,2,0.9305555555555556,0.0
5,competence,true,20,1,3,1.0,0.0
5,competence,true,20,1,4,1.0,0.0
5,competence,true,20,2,1,0.9402938652938654,-0.0045045045045044585
5,competence,true,20,2,2,0.9305555555555556,0.0
5,competence,true,20,2,3,1.0,0.0
5,competence,true,20,2,4,1.0,0.0
5,competence,true,20,3,1,0.9447983697983698,0.0
5,competence,true,20,3,2,0.9305555555555556,0.0
5,competence,true,20,3,3,1.0,0.0
5,competence,true,20,3,4,1.0,0.0
5,competence,true,20,4,1,0.9493028743028744,0.0045045045045045695
5,competence,true,20,4,2,0.9305555555555556,0.0
5,competence,true,20,4,3,1.0,0.0
5,competence,true,20,4,4,1.0,0.0
5,competence,true,40,1,1,0.9401687401687401,-0.004629629629629761
5,competence,true,40,1,2,0.9166666666666666,-0.01388888888888895
5,competence,true,40,1,3,1.0,0.0
5,competence,true,40,1,4,1.0,0.0
5,competence,true,40,2,1,0.9402938652938654,-0.0045045045045044585
5,competence,true,40,2,2,0.9305555555555556,0.0
5,competence,true,40,2,3,1.0,0.0
5,competence,true,40,2,4,1.0,0.0
5,competence,true,40,3,1,0.9447983697983698,0.0
5,competence,true,40,3,2,0.9305555555555556,0.0
5,competence,true,40,3,3,1.0,0.0
5,competence,true,40,3,4,1.0,0.0
5,competence,true,40,4,1,0.9540647790647792,0.009266409266409315
5,competence,true,40,4,2,0.9305555555555556,0.0
5,competence,true,40,4,3,1.0,0.0
5,competence,true,40,4,4,1.0,0.0
5,random,pseudo,5,1,1,0.9447983697983698,0.0
5,random,pseudo,5,1,2,0.9305555555555556,0.0
5,random,pseudo,5,1,3,1.0,0.0
5,random,pseudo,5,1,4,1.0,0.0
5,random,pseudo,5,2,1,0.9495602745602746,0.004761904761904745
5,random,pseudo,5,2,2,0.9305555555555556,0.0
5,random,pseudo,5,2,3,1.0,0.0
5,random,pseudo,5,2,4,1.0,0.0
5,random,pseudo,5,3,1,0.9447983697983698,0.0
5,random,pseudo,5,3,2,0.9305555555555556,0.0
5,random,pseudo,5,3,3,1.0,0.0
5,random,pseudo,5,3,4,1.0,0.0
5,random,pseudo,5,4,1,0.9447983697983698,0.0
5,random,pseudo,5,4,2,0.9305555555555556,0.0
5,random,pseudo,5,4,3,1.0,0.0
5,random,pseudo,5,4,4,1.0,0.0
5,random,pseudo,10,1,1,0.9445409695409696,-0.0002574002574002865
5,random,pseudo,10,1,2,0.9166666666666666,-0.01388888888888895
5,random,pseudo,10,1,3,1.0,0.0
5,random,pseudo,10,1,4,1.0,0.0
5,random,pseudo,10,2,1,0.9447983697983698,0.0
5,random,pseudo,10,2,2,0.9305555555555556,0.0
5,random,pseudo,10,2,3,1.0,0.0
5,random,pseudo,10,2,4,1.0,0.0
5,random,pseudo,10,3,1,0.9450557700557701,0.0002574002574002865
5,random,pseudo,10,3,2,0.9305555555555556,0.0
5,random,pseudo,10,3,3,1.0,0.0
5,random,pseudo,10,3,4,1.0,0.0
5,random,pseudo,10,4,1,0.9402938652938654,-0.0045045045045044585
5,random,pseudo,10,4,2,0.9305555555555556,0.0
5,random,pseudo,10,4,3,1.0,0.0
5,random,pseudo,10,4,4,1.0,0.0
5,random,pseudo,20,1,1,0.9450557700557701,0.0002574002574002865
5,random,pseudo,20,1,2,0.9305555555555556,0.0
5,random,pseudo,20,1,3,1.0,0.0
5,random,pseudo,20,1,4,1.0,0.0
5,random,pseudo,20,2,1,0.9447983697983698,0.0
5,random,pseudo,20,2,2,0.9305555555555556,0.0
5,random,pseudo,20,2,3,1.0,0.0
5,random,pseudo,20,2,4,1.0,0.0
5,random,pseudo,20,3,1,0.9355319605319604,-0.009266409266409426
5,random,pseudo,20,3,2,0.9305555555555556,0.0
5,random,pseudo,20,3,3,1.0,0.0
5,random,pseudo,20,3,4,1.0,0.0
5,random,pseudo,20,4,1,0.9402938652938654,-0.0045045045045044585
5,random,pseudo,20,4,2,0.9166666666666666,-0.01388888888888895
5,random,pseudo,20,4,3,1.0,0.0
5,random,pseudo,20,4,4,1.0,0.0
5,random,pseudo,40,1,1,0.953807378807379,0.009009009009009139
5,random,pseudo,40,1,2,0.9305555555555556,0.0
5,random,pseudo,40,1,3,1.0,0.0
5,random,pseudo,40,1,4,1.0,0.0
5,random,pseudo,40,2,1,0.930902330902331,-0.013896038896038854
5,random,pseudo,40,2,2,0.9305555555555556,0.0
5,random,pseudo,40,2,3,1.0,0.0
5,random,pseudo,40,2,4,1.0,0.0
5,random,pseudo,40,3,1,0.9402938652938654,-0.0045045045045044585
5,random,pseudo,40,3,2,0.9305555555555556,0.0
5,random,pseudo,40,3,3,1.0,0.0
5,random,pseudo,40,3,4,1.0,0.0
5,random,pseudo,40,4,1,0.9402938652938654,-0.0045045045045044585
5,random,pseudo,40,4,2,0.9166666666666666,-0.01388888888888895
5,random,pseudo,40,4,3,1.0,0.0
5,random,pseudo,40,4,4,1.0,0.0
5,random,true,5,1,1,0.9447983697983698,0.0
5,random,true,5,1,2,0.9305555555555556,0.0
5,random,true,5,1,3,1.0,0.0
5,random,true,5,1,4,1.0,0.0
5,random,true,5,2,1,0.9495602745602746,0.004761904761904745
5,random,true,5,2,2,0.9305555555555556,0.0
5,random,true,5,2,3,1.0,0.0
5,random,true,5,2,4,1.0,0.0
5,random,true,5,3,1,0.9447983697983698,0.0
5,random,true,5,3,2,0.9305555555555556,0.0
5,random,true,5,3,3,1.0,0.0
5,random,true,5,3,4,1.0,0.0
5,random,true,5,4,1,0.9447983697983698,0.0
5,random,true,5,4,2,0.9305555555555556,0.0
5,random,true,5,4,3,1.0,0.0
5,random,true,5,4,4,1.0,0.0
5,random,true,10,1,1,0.9445409695409696,-0.0002574002574002865
5,random,true,10,1,2,0.9166666666666666,-0.01388888888888895
5,random,true,10,1,3,1.0,0.0
5,random,true,10,1,4,1.0,0.0
5,random,true,10,2,1,0.9447983697983698,0.0
5,random,true,10,2,2,0.9305555555555556,0.0
5,random,true,10,2,3,1.0,0.0
5,random,true,10,2,4,1.0,0.0
5,random,true,10,3,1,0.9450557700557701,0.0002574002574002865
5,random,true,10,3,2,0.9166666666666666,-0.01388888888888895
5,random,true,10,3,3,1.0,0.0
5,random,true,10,3,4,1.0,0.0
5,random,true,10,4,1,0.9496853996853997,0.004887029887029826
5,random,true,10,4,2,0.9305555555555556,0.0
5,random,true,10,4,3,1.0,0.0
5,random,true,10,4,4,1.0,0.0
5,random,true,20,1,1,0.9588266838266839,0.01402831402831406
5,random,true,20,1,2,0.9444444444444444,0.01388888888888884
5,random,true,20,1,3,1.0,0.0
5,random,true,20,1,4,1.0,0.0
5,random,true,20,2,1,0.9447983697983698,0.0
5,random,true,20,2,2,0.9305555555555556,0.0
5,random,true,20,2,3,1.0,0.0
5,random,true,20,2,4,1.0,0.0
5,random,true,20,3,1,0.9493028743028744,0.0045045045045045695
5,random,true,20,3,2,0.9166666666666666,-0.01388888888888895
5,random,true,20,3,3,1.0,0.0
5,random,true,20,3,4,1.0,0.0
5,random,true,20,4,1,0.9541899041899042,0.009391534391534395
5,random,true,20,4,2,0.9305555555555556,0.0
5,random,true,20,4,3,1.0,0.0
5,random,true,20,4,4,0.9428571428571428,-0.05714285714285716
5,random,true,40,1,1,0.9402938652938654,-0.0045045045045044585
5,random,true,40,1,2,0.9166666666666666,-0.01388888888888895
5,random,true,40,1,3,1.0,0.0
5,random,true,40,1,4,1.0,0.0
5,random,true,40,2,1,0.930902330902331,-0.013896038896038854
5,random,true,40,2,2,0.9305555555555556,0.0
5,random,true,40,2,3,1.0,0.0
5,random,true,40,2,4,1.0,0.0
5,random,true,40,3,1,0.9535499785499786,0.008751608751608742
5,random,true,40,3,2,0.9166666666666666,-0.01388888888888895
5,random,true,40,3,3,1.0,0.0
5,random,true,40,3,4,1.0,0.0
5,random,true,40,4,1,0.9541899041899042,0.009391534391534395
5,random,true,40,4,2,0.9305555555555556,0.0
5,random,true,40,4,3,1.0,0.0
5,random,true,40,4,4,0.9428571428571428,-0.05714285714285716
6,competence,pseudo,5,1,1,0.9476556388321093,0.0038610038610038533
6,competence,pseudo,5,1,2,0.9722222222222222,0.0
6,competence,pseudo,5,1,3,0.9428571428571428,0.0
6,competence,pseudo,5,1,4,0.9428571428571428,0.0
6,competence,pseudo,5,2,1,0.9437946349711055,0.0
6,competence,pseudo,5,2,2,0.9722222222222222,0.0
6,competence,pseudo,5,2,3,0.9428571428571428,0.0
6,competence,pseudo,5,2,4,0.9428571428571428,0.0
6,competence,pseudo,5,3,1,0.9437946349711055,0.0
6,competence,pseudo,5,3,2,0.9722222222222222,0.0
6,competence,pseudo,5,3,3,0.9428571428571428,0.0
6,competence,pseudo,5,3,4,0.9428571428571428,0.0
6,competence,pseudo,5,4,1,0.9437946349711055,0.0
6,competence,pseudo,5,4,2,0.9722222222222222,0.0
6,competence,pseudo,5,4,3,0.9428571428571428,0.0
6,competence,pseudo,5,4,4,0.9428571428571428,0.0
6,competence,pseudo,10,1,1,0.9479963156433744,0.004201680672268893
6,competence,pseudo,10,1,2,0.9722222222222222,0.0
6,competence,pseudo,10,1,3,0.9428571428571428,0.0
6,competence,pseudo,10,1,4,0.9428571428571428,0.0
6,competence,pseudo,10,2,1,0.9476556388321093,0.0038610038610038533
6,competence,pseudo,10,2,2,0.9722222222222222,0.0
6,competence,pseudo,10,2,3,0.9428571428571428,0.0
6,competence,pseudo,10,2,4,0.9428571428571428,0.0
6,competence,pseudo,10,3,1,0.9476556388321093,0.0038610038610038533
6,competence,pseudo,10,3,2,0.9722222222222222,0.0
6,competence,pseudo,10,3,3,1.0,0.05714285714285716
6,competence,pseudo,10,3,4,0.9428571428571428,0.0
6,competence,pseudo,10,4,1,0.9437946349711055,0.0
6,competence,pseudo,10,4,2,0.9722222222222222,0.0
6,competence,pseudo,10,4,3,0.9428571428571428,0.0
6,competence,pseudo,10,4,4,0.9428571428571428,0.0
6,competence,pseudo,20,1,1,0.9434539581598405,-0.00034067681126503935
6,competence,pseudo,20,1,2,0.9722222222222222,0.0
6,competence,pseudo,20,1,3,0.9428571428571428,0.0
6,competence,pseudo,20,1,4,0.9428571428571428,0.0
6,competence,pseudo,20,2,1,0.9476556388321093,0.0038610038610038533
6,competence,pseudo,20,2,2,1.0,0.02777777777777779
6,competence,pseudo,20,2,3,0.9428571428571428,0.0
6,competence,pseudo,20,2,4,0.9428571428571428,0.0
6,competence,pseudo,20,3,1,0.9476556388321093,0.0038610038610038533
6,competence,pseudo,20,3,2,0.9722222222222222,0.0
6,competence,pseudo,20,3,3,0.9428571428571428,0.0
6,competence,pseudo,20,3,4,0.9428571428571428,0.0
6,competence,pseudo,20,4,1,0.9476556388321093,0.0038610038610038533
6,competence,pseudo,20,4,2,0.9722222222222222,0.0
6,competence,pseudo,20,4,3,0.9428571428571428,0.0
6,competence,pseudo,20,4,4,0.9428571428571428,0.0
6,competence,pseudo,40,1,1,0.9473149620208444,0.003520327049738925
6,competence,pseudo,40,1,2,0.9722222222222222,0.0
6,competence,pseudo,40,1,3,0.9714285714285714,0.02857142857142858
6,competence,pseudo,40,1,4,0.9428571428571428,0.0
6,competence,pseudo,40,2,1,0.9476556388321093,0.0038610038610038533
6,competence,pseudo,40,2,2,1.0,0.02777777777777779
6,competence,pseudo,40,2,3,0.9428571428571428,0.0
6,competence,pseudo,40,2,4,0.9428571428571428,0.0
6,competence,pseudo,40,3,1,0.9476556388321093,0.0038610038610038533
6,competence,pseudo,40,3,2,0.9722222222222222,0.0
6,competence,pseudo,40,3,3,1.0,0.05714285714285716
6,competence,pseudo,40,3,4,0.9428571428571428,0.0
6,competence,pseudo,40,4,1,0.9518573195043782,0.008062684533272746
6,competence,pseudo,40,4,2,0.9722222222222222,0.0
6,competence,pseudo,40,4,3,1.0,0.05714285714285716
6,competence,pseudo,40,4,4,0.9142857142857143,-0.02857142857142858
6,competence,true,5,1,1,0.9476556388321093,0.0038610038610038533
6,competence,true,5,1,2,0.9722222222222222,0.0
6,competence,true,5,1,3,0.9428571428571428,0.0
6,competence,true,5,1,4,0.9428571428571428,0.0
6,competence,true,5,2,1,0.9437946349711055,0.0
6,competence,true,5,2,2,0.9722222222222222,0.0
6,competence,true,5,2,3,0.9428571428571428,0.0
6,competence,true,5,2,4,0.9428571428571428,0.0
6,competence,true,5,3,1,0.9437946349711055,0.0
6,competence,true,5,3,2,0.9722222222222222,0.0
6,competence,true,5,3,3,0.9428571428571428,0.0
6,competence,true,5,3,4,0.9428571428571428,0.0
6,competence,true,5,4,1,0.9437946349711055,0.0
6,competence,true,5,4,2,0.9722222222222222,0.0
6,competence,true,5,4,3,0.9428571428571428,0.0
6,competence,true,5,4,4,0.9428571428571428,0.0
6,competence,true,10,1,1,0.9437946349711055,0.0
6,competence,true,10,1,2,0.9722222222222222,0.0
6,competence,true,10,1,3,0.9428571428571428,0.0
6,competence,true,10,1,4,0.9428571428571428,0.0
6,competence,true,10,2,1,0.9434539581598405,-0.00034067681126503935
6,competence,true,10,2,2,0.9722222222222222,0.0
6,competence,true,10,2,3,0.9428571428571428,0.0
6,competence,true,10,2,4,0.9428571428571428,0.0
6,competence,true,10,3,1,0.9476556388321093,0.0038610038610038533
6,competence,true,10,3,2,0.9722222222222222,0.0
6,competence,true,10,3,3,1.0,0.05714285714285716
6,competence,true,10,3,4,0.9428571428571428,0.0
6,competence,true,10,4,1,0.9437946349711055,0.0
6,competence,true,10,4,2,0.9722222222222222,0.0
6,competence,true,10,4,3,0.9428571428571428,0.0
6,competence,true,10,4,4,0.9428571428571428,0.0
6,competence,true,20,1,1,0.9557183233653822,0.01192368839427671
6,competence,true,20,1,2,0.9722222222222222,0.0
6,competence,true,20,1,3,0.9428571428571428,0.0
6,competence,true,20,1,4,0.9428571428571428,0.0
6,competence,true,20,2,1,0.9434539581598405,-0.00034067681126503935
6,competence,true,20,2,2,1.0,0.02777777777777779
6,competence,true,20,2,3,0.9428571428571428,0.0
6,competence,true,20,2,4,0.9428571428571428,0.0
6,competence,true,20,3,1,0.9476556388321093,0.0038610038610038533
6,competence,true,20,3,2,0.9722222222222222,0.0
6,competence,true,20,3,3,0.9428571428571428,0.0
6,competence,true,20,3,4,0.9428571428571428,0.0
6,competence,true,20,4,1,0.9476556388321093,0.0038610038610038533
6,competence,true,20,4,2,0.9722222222222222,0.0
6,competence,true,20,4,3,0.9428571428571428,0.0
6,competence,true,20,4,4,0.9428571428571428,0.0
6,competence,true,40,1,1,0.9515166426931133,0.007722007722007818
6,competence,true,40,1,2,0.9722222222222222,0.0
6,competence,true,40,1,3,0.9714285714285714,0.02857142857142858
6,competence,true,40,1,4,0.9428571428571428,0.0
6,competence,true,40,2,1,0.9434539581598405,-0.00034067681126503935
6,competence,true,40,2,2,1.0,0.02777777777777779
6,competence,true,40,2,3,0.9428571428571428,0.0
6,competence,true,40,2,4,0.9428571428571428,0.0
6,competence,true,40,3,1,0.9476556388321093,0.0038610038610038533
6,competence,true,40,3,2,0.9722222222222222,0.0
6,competence,true,40,3,3,1.0,0.05714285714285716
6,competence,true,40,3,4,0.9428571428571428,0.0
6,competence,true,40,4,1,0.9518573195043782,0.008062684533272746
6,competence,true,40,4,2,0.9722222222222222,0.0
6,competence,true,40,4,3,0.9428571428571428,0.0
6,competence,true,40,4,4,0.9428571428571428,0.0
6,random,pseudo,5,1,1,0.9437946349711055,0.0
6,random,pseudo,5,1,2,0.9722222222222222,0.0
6,random,pseudo,5,1,3,0.9428571428571428,0.0
6,random,pseudo,5,1,4,0.9428571428571428,0.0
6,random,pseudo,5,2,1,0.9476556388321093,0.0038610038610038533
6,random,pseudo,5,2,2,0.9722222222222222,0.0
6,random,pseudo,5,2,3,0.9428571428571428,0.0
6,random,pseudo,5,2,4,0.9428571428571428,0.0
6,random,pseudo,5,3,1,0.9437946349711055,0.0
6,random,pseudo,5,3,2,0.9722222222222222,0.0
6,random,pseudo,5,3,3,0.9428571428571428,0.0
6,random,pseudo,5,3,4,0.9428571428571428,0.0
6,random,pseudo,5,4,1,0.9437946349711055,0.0
6,random,pseudo,5,4,2,0.9722222222222222,0.0
6,random,pseudo,5,4,3,0.9428571428571428,0.0
6,random,pseudo,5,4,4,0.9428571428571428,0.0
6,random,pseudo,10,1,1,0.9515166426931133,0.007722007722007818
6,random,pseudo,10,1,2,0.9722222222222222,0.0
6,random,pseudo,10,1,3,1.0,0.05714285714285716
6,random,pseudo,10,1,4,0.9142857142857143,-0.02857142857142858
6,random,pseudo,10,2,1,0.9511759658818483,0.007381330910742778
6,random,pseudo,10,2,2,0.9722222222222222,0.0
6,random,pseudo,10,2,3,0.9428571428571428,0.0
6,random,pseudo,10,2,4,0.9428571428571428,0.0
6,random,pseudo,10,3,1,0.9476556388321093,0.0038610038610038533
6,random,pseudo,10,3,2,0.9722222222222222,0.0
6,random,pseudo,10,3,3,1.0,0.05714285714285716
6,random,pseudo,10,3,4,0.9428571428571428,0.0
6,random,pseudo,10,4,1,0.9521979963156433,0.008403361344537785
6,random,pseudo,10,4,2,0.9722222222222222,0.0
6,random,pseudo,10,4,3,0.9428571428571428,0.0
6,random,pseudo,10,4,4,0.9428571428571428,0.0
6,random,pseudo,20,1,1,0.9476556388321093,0.0038610038610038533
6,random,pseudo,20,1,2,1.0,0.02777777777777779
6,random,pseudo,20,1,3,0.9428571428571428,0.0
6,random,pseudo,20,1,4,0.9428571428571428,0.0
6,random,pseudo,20,2,1,0.9476556388321093,0.0038610038610038533
6,random,pseudo,20,2,2,0.9722222222222222,0.0
6,random,pseudo,20,2,3,0.9714285714285714,0.02857142857142858
6,random,pseudo,20,2,4,0.9428571428571428,0.0
6,random,pseudo,20,3,1,0.9476556388321093,0.0038610038610038533
6,random,pseudo,20,3,2,0.9722222222222222,0.0
6,random,pseudo,20,3,3,0.9428571428571428,0.0
6,random,pseudo,20,3,4,0.9428571428571428,0.0
6,random,pseudo,20,4,1,0.9602606808489161,0.016466045877810642
6,random,pseudo,20,4,2,0.9722222222222222,0.0
6,random,pseudo,20,4,3,0.9428571428571428,0.0
6,random,pseudo,20,4,4,0.9428571428571428,0.0
6,random,pseudo,40,1,1,0.9476556388321093,0.0038610038610038533
6,random,pseudo,40,1,2,0.9722222222222222,0.0
6,random,pseudo,40,1,3,0.9428571428571428,0.0
6,random,pseudo,40,1,4,0.9428571428571428,0.0
6,random,pseudo,40,2,1,0.9511759658818483,0.007381330910742778
6,random,pseudo,40,2,2,0.9722222222222222,0.0
6,random,pseudo,40,2,3,0.9714285714285714,0.02857142857142858
6,random,pseudo,40,2,4,0.9428571428571428,0.0
6,random,pseudo,40,3,1,0.9476556388321093,0.0038610038610038533
6,random,pseudo,40,3,2,0.9722222222222222,0.0
6,random,pseudo,40,3,3,1.0,0.05714285714285716
6,random,pseudo,40,3,4,0.9428571428571428,0.0
6,random,pseudo,40,4,1,0.9637810078986551,0.019986372927549567
6,random,pseudo,40,4,2,0.9722222222222222,0.0
6,random,pseudo,40,4,3,0.9428571428571428,0.0
6,random,pseudo,40,4,4,0.9428571428571428,0.0
6,random,true,5,1,1,0.9437946349711055,0.0
6,random,true,5,1,2,0.9722222222222222,0.0
6,random,true,5,1,3,0.9428571428571428,0.0
6,random,true,5,1,4,0.9428571428571428,0.0
6,random,true,5,2,1,0.9592386504151209,0.015444015444015413
6,random,true,5,2,2,0.9722222222222222,0.0
6,random,true,5,2,3,0.9428571428571428,0.0
6,random,true,5,2,4,0.9428571428571428,0.0
6,random,true,5,3,1,0.9437946349711055,0.0
6,random,true,5,3,2,0.9722222222222222,0.0
6,random,true,5,3,3,0.9428571428571428,0.0
6,random,true,5,3,4,0.9428571428571428,0.0
6,random,true,5,4,1,0.9437946349711055,0.0
6,random,true,5,4,2,0.9722222222222222,0.0
6,random,true,5,4,3,0.9428571428571428,0.0
6,random,true,5,4,4,0.9428571428571428,0.0
6,random,true,10,1,1,0.9515166426931133,0.007722007722007818
6,random,true,10,1,2,0.9722222222222222,0.0
6,random,true,10,1,3,0.9428571428571428,0.0
6,random,true,10,1,4,0.9428571428571428,0.0
6,random,true,10,2,1,0.9592386504151209,0.015444015444015413
6,random,true,10,2,2,0.9722222222222222,0.0
6,random,true,10,2,3,0.9714285714285714,0.02857142857142858
6,random,true,10,2,4,0.9428571428571428,0.0
6,random,true,10,3,1,0.9476556388321093,0.0038610038610038533
6,random,true,10,3,2,0.9722222222222222,0.0
6,random,true,10,3,3,1.0,0.05714285714285716
6,random,true,10,3,4,0.9428571428571428,0.0
6,random,true,10,4,1,0.9521979963156433,0.008403361344537785
6,random,true,10,4,2,0.9722222222222222,0.0
6,random,true,10,4,3,0.9428571428571428,0.0
6,random,true,10,4,4,0.9428571428571428,0.0
6,random,true,20,1,1,0.9476556388321093,0.0038610038610038533
6,random,true,20,1,2,1.0,0.02777777777777779
6,random,true,20,1,3,0.9428571428571428,0.0
6,random,true,20,1,4,0.9428571428571428,0.0
6,random,true,20,2,1,0.9476556388321093,0.0038610038610038533
6,random,true,20,2,2,0.9722222222222222,0.0
6,random,true,20,2,3,0.9714285714285714,0.02857142857142858
6,random,true,20,2,4,0.9428571428571428,0.0
6,random,true,20,3,1,0.9476556388321093,0.0038610038610038533
6,random,true,20,3,2,0.9722222222222222,0.0
6,random,true,20,3,3,0.9428571428571428,0.0
6,random,true,20,3,4,0.9428571428571428,0.0
6,random,true,20,4,1,0.9602606808489161,0.016466045877810642
6,random,true,20,4,2,0.9722222222222222,0.0
6,random,true,20,4,3,0.9428571428571428,0.0
6,random,true,20,4,4,0.9428571428571428,0.0
6,random,true,40,1,1,0.9511759658818483,0.007381330910742778
6,random,true,40,1,2,0.9722222222222222,0.0
6,random,true,40,1,3,0.9714285714285714,0.02857142857142858
6,random,true,40,1,4,0.9428571428571428,0.0
6,random,true,40,2,1,0.9592386504151209,0.015444015444015413
6,random,true,40,2,2,0.9722222222222222,0.0
6,random,true,40,2,3,0.9714285714285714,0.02857142857142858
6,random,true,40,2,4,0.9428571428571428,0.0
6,random,true,40,3,1,0.9476556388321093,0.0038610038610038533
6,random,true,40,3,2,0.9722222222222222,0.0
6,random,true,40,3,3,1.0,0.05714285714285716
6,random,true,40,3,4,0.9428571428571428,0.0
6,random,true,40,4,1,0.9560590001766472,0.01226436520554175
6,random,true,40,4,2,0.9722222222222222,0.0
6,random,true,40,4,3,0.9428571428571428,0.0
6,random,true,40,4,4,0.9428571428571428,0.0
7,competence,pseudo,5,1,1,0.9486623177799648,0.0
7,competence,pseudo,5,1,2,0.932057057057057,0.027402402402402326
7,competence,pseudo,5,1,3,0.9722222222222222,0.0
7,competence,pseudo,5,1,4,0.9444444444444444,0.0
7,competence,pseudo,5,2,1,0.9486623177799648,0.0
7,competence,pseudo,5,2,2,0.9046546546546547,0.0
7,competence,pseudo,5,2,3,0.9722222222222222,0.0
7,competence,pseudo,5,2,4,0.9444444444444444,0.0
7,competence,pseudo,5,3,1,0.9486623177799648,0.0
7,competence,pseudo,5,3,2,0.9046546546546547,0.0
7,competence,pseudo,5,3,3,0.9722222222222222,0.0
7,competence,pseudo,5,3,4,0.9444444444444444,0.0
7,competence,pseudo,5,4,1,0.9486623177799648,0.0
7,competence,pseudo,5,4,2,0.9046546546546547,0.0
7,competence,pseudo,5,4,3,0.9722222222222222,0.0
7,competence,pseudo,5,4,4,0.9444444444444444,0.0
7,competence,pseudo,10,1,1,0.9532919474095944,0.00462962962962965
7,competence,pseudo,10,1,2,0.9185435435435436,0.01388888888888895
7,competence,pseudo,10,1,3,0.9722222222222222,0.0
7,competence,pseudo,10,1,4,0.9444444444444444,0.0
7,competence,pseudo,10,2,1,0.9486623177799648,0.0
7,competence,pseudo,10,2,2,0.9181681681681682,0.013513513513513487
7,competence,pseudo,10,2,3,0.9722222222222222,0.0
7,competence,pseudo,10,2,4,0.9444444444444444,0.0
7,competence,pseudo,10,3,1,0.9531668222844694,0.0045045045045045695
7,competence,pseudo,10,3,2,0.9181681681681682,0.013513513513513487
7,competence,pseudo,10,3,3,0.9444444444444444,-0.02777777777777779
7,competence,pseudo,10,3,4,0.9166666666666666,-0.02777777777777779
7,competence,pseudo,10,4,1,0.9486623177799648,0.0
7,competence,pseudo,10,4,2,0.9046546546546547,0.0
7,competence,pseudo,10,4,3,0.9722222222222222,0.0
7,competence,pseudo,10,4,4,0.9722222222222222,0.02777777777777779
7,competence,pseudo,20,1,1,0.9580538521714993,0.009391534391534506
7,competence,pseudo,20,1,2,0.932057057057057,0.027402402402402326
7,competence,pseudo,20,1,3,0.9722222222222222,0.0
7,competence,pseudo,20,1,4,0.9444444444444444,0.0
7,competence,pseudo,20,2,1,0.9486623177799648,0.0
7,competence,pseudo,20,2,2,0.9185435435435436,0.01388888888888895
7,competence,pseudo,20,2,3,0.9722222222222222,0.0
7,competence,pseudo,20,2,4,0.9444444444444444,0.0
7,competence,pseudo,20,3,1,0.9486623177799648,0.0
7,competence,pseudo,20,3,2,0.9046546546546547,0.0
7,competence,pseudo,20,3,3,0.9722222222222222,0.0
7,competence,pseudo,20,3,4,0.9444444444444444,0.0
7,competence,pseudo,20,4,1,0.9487945929122401,0.00013227513227531684
7,competence,pseudo,20,4,2,0.932057057057057,0.027402402402402326
7,competence,pseudo,20,4,3,0.9722222222222222,0.0
7,competence,pseudo,20,4,4,0.9722222222222222,0.02777777777777779
7,competence,pseudo,40,1,1,0.9625512066688539,0.013888888888889062
7,competence,pseudo,40,1,2,0.9185435435435436,0.01388888888888895
7,competence,pseudo,40,1,3,0.9722222222222222,0.0
7,competence,pseudo,40,1,4,0.9444444444444444,0.0
7,competence,pseudo,40,2,1,0.957796451914099,0.00913413413413422
7,competence,pseudo,40,2,2,0.932057057057057,0.027402402402402326
7,competence,pseudo,40,2,3,0.9722222222222222,0.0
7,competence,pseudo,40,2,4,0.9444444444444444,0.0
7,competence,pseudo,40,3,1,0.9531668222844694,0.0045045045045045695
7,competence,pseudo,40,3,2,0.9181681681681682,0.013513513513513487
7,competence,pseudo,40,3,3,0.9722222222222222,0.0
7,competence,pseudo,40,3,4,0.9166666666666666,-0.02777777777777779
7,competence,pseudo,40,4,1,0.9438926321279264,-0.004769685652038391
7,competence,pseudo,40,4,2,0.932057057057057,0.027402402402402326
7,competence,pseudo,40,4,3,0.9722222222222222,0.0
7,competence,pseudo,40,4,4,0.9722222222222222,0.02777777777777779
7,competence,true,5,1,1,0.9486623177799648,0.0
7,competence,true,5,1,2,0.9046546546546547,0.0
7,competence,true,5,1,3,0.9722222222222222,0.0
7,competence,true,5,1,4,0.9444444444444444,0.0
7,competence,true,5,2,1,0.9486623177799648,0.0
7,competence,true,5,2,2,0.9046546546546547,0.0
7,competence,true,5,2,3,0.9722222222222222,0.0
7,competence,true,5,2,4,0.9444444444444444,0.0
7,competence,true,5,3,1,0.9486623177799648,0.0
7,competence,true,5,3,2,0.9046546546546547,0.0
7,competence,true,5,3,3,0.9722222222222222,0.0
7,competence,true,5,3,4,0.9444444444444444,0.0
7,competence,true,5,4,1,0.9486623177799648,0.0
7,competence,true,5,4,2,0.9046546546546547,0.0
7,competence,true,5,4,3,0.9722222222222222,0.0
7,competence,true,5,4,4,0.9444444444444444,0.0
7,competence,true,10,1,1,0.9486623177799648,0.0
7,competence,true,10,1,2,0.9046546546546547,0.0
7,competence,true,10,1,3,0.9722222222222222,0.0
7,competence,true,10,1,4,0.9444444444444444,0.0
7,competence,true,10,2,1,0.9486623177799648,0.0
7,competence,true,10,2,2,0.9181681681681682,0.013513513513513487
7,competence,true,10,2,3,0.9722222222222222,0.0
7,competence,true,10,2,4,0.9444444444444444,0.0
7,competence,true,10,3,1,0.9531668222844694,0.0045045045045045695
7,competence,true,10,3,2,0.9046546546546547,0.0
7,competence,true,10,3,3,1.0,0.02777777777777779
7,competence,true,10,3,4,0.9444444444444444,0.0
7,competence,true,10,4,1,0.9486623177799648,0.0
7,competence,true,10,4,2,0.9046546546546547,0.0
7,competence,true,10,4,3,0.9722222222222222,0.0
7,competence,true,10,4,4,0.9722222222222222,0.02777777777777779
7,competence,true,20,1,1,0.9583261833261835,0.009663865546218675
7,competence,true,20,1,2,0.9046546546546547,0.0
7,competence,true,20,1,3,0.9722222222222222,0.0
7,competence,true,20,1,4,0.9444444444444444,0.0
7,competence,true,20,2,1,0.9486623177799648,0.0
7,competence,true,20,2,2,0.9185435435435436,0.01388888888888895
7,competence,true,20,2,3,0.9722222222222222,0.0
7,competence,true,20,2,4,0.9444444444444444,0.0
7,competence,true,20,3,1,0.9486623177799648,0.0
7,competence,true,20,3,2,0.9046546546546547,0.0
7,competence,true,20,3,3,0.9722222222222222,0.0
7,competence,true,20,3,4,0.9444444444444444,0.0
7,competence,true,20,4,1,0.9486623177799648,0.0
7,competence,true,20,4,2,0.9046546546546547,0.0
7,competence,true,20,4,3,0.9722222222222222,0.0
7,competence,true,20,4,4,0.9722222222222222,0.02777777777777779
7,competence,true,40,1,1,0.962955812955813,0.014293495175848214
7,competence,true,40,1,2,0.9046546546546547,0.0
7,competence,true,40,1,3,0.9722222222222222,0.0
7,competence,true,40,1,4,0.9444444444444444,0.0
7,competence,true,40,2,1,0.9482648615001557,-0.00039745627980913856
7,competence,true,40,2,2,0.932057057057057,0.027402402402402326
7,competence,true,40,2,3,0.9722222222222222,0.0
7,competence,true,40,2,4,0.9444444444444444,0.0
7,competence,true,40,3,1,0.9531668222844694,0.0045045045045045695
7,competence,true,40,3,2,0.9046546546546547,0.0
7,competence,true,40,3,3,1.0,0.02777777777777779
7,competence,true,40,3,4,0.9444444444444444,0.0
7,competence,true,40,4,1,0.9486623177799648,0.0
7,competence,true,40,4,2,0.9046546546546547,0.0
7,competence,true,40,4,3,0.9722222222222222,0.0
7,competence,true,40,4,4,0.9722222222222222,0.02777777777777779
7,random,pseudo,5,1,1,0.9486623177799648,0.0
7,random,pseudo,5,1,2,0.9046546546546547,0.0
7,random,pseudo,5,1,3,0.9722222222222222,0.0
7,random,pseudo,5,1,4,0.9444444444444444,0.0
7,random,pseudo,5,2,1,0.9486623177799648,0.0
7,random,pseudo,5,2,2,0.9046546546546547,0.0
7,random,pseudo,5,2,3,0.9722222222222222,0.0
7,random,pseudo,5,2,4,0.9444444444444444,0.0
7,random,pseudo,5,3,1,0.9486623177799648,0.0
7,random,pseudo,5,3,2,0.9046546546546547,0.0
7,random,pseudo,5,3,3,0.9722222222222222,0.0
7,random,pseudo,5,3,4,0.9444444444444444,0.0
7,random,pseudo,5,4,1,0.9486623177799648,0.0
7,random,pseudo,5,4,2,0.9046546546546547,0.0
7,random,pseudo,5,4,3,0.9722222222222222,0.0
7,random,pseudo,5,4,4,0.9444444444444444,0.0
7,random,pseudo,10,1,1,0.9531668222844694,0.0045045045045045695
7,random,pseudo,10,1,2,0.9185435435435436,0.01388888888888895
7,random,pseudo,10,1,3,0.9722222222222222,0.0
7,random,pseudo,10,1,4,0.9444444444444444,0.0
7,random,pseudo,10,2,1,0.9487945929122401,0.00013227513227531684
7,random,pseudo,10,2,2,0.932057057057057,0.027402402402402326
7,random,pseudo,10,2,3,0.9722222222222222,0.0
7,random,pseudo,10,2,4,0.9444444444444444,0.0
7,random,pseudo,10,3,1,0.9486623177799648,0.0
7,random,pseudo,10,3,2,0.9185435435435436,0.01388888888888895
7,random,pseudo,10,3,3,0.9722222222222222,0.0
7,random,pseudo,10,3,4,0.9444444444444444,0.0
7,random,pseudo,10,4,1,0.9580538521714993,0.009391534391534506
7,random,pseudo,10,4,2,0.9046546546546547,0.0
7,random,pseudo,10,4,3,0.9722222222222222,0.0
7,random,pseudo,10,4,4,0.9444444444444444,0.0
7,random,pseudo,20,1,1,0.957796451914099,0.00913413413413422
7,random,pseudo,20,1,2,0.9046546546546547,0.0
7,random,pseudo,20,1,3,0.9722222222222222,0.0
7,random,pseudo,20,1,4,0.9444444444444444,0.0
7,random,pseudo,20,2,1,0.9487945929122401,0.00013227513227531684
7,random,pseudo,20,2,2,0.932057057057057,0.027402402402402326
7,random,pseudo,20,2,3,0.9722222222222222,0.0
7,random,pseudo,20,2,4,0.9444444444444444,0.0
7,random,pseudo,20,3,1,0.9532919474095944,0.00462962962962965
7,random,pseudo,20,3,2,0.9455705705705706,0.040915915915915924
7,random,pseudo,20,3,3,0.9722222222222222,0.0
7,random,pseudo,20,3,4,0.9444444444444444,0.0
7,random,pseudo,20,4,1,0.9396533087709559,-0.009009009009008917
7,random,pseudo,20,4,2,0.9046546546546547,0.0
7,random,pseudo,20,4,3,0.9722222222222222,0.0
7,random,pseudo,20,4,4,0.9444444444444444,0.0
7,random,pseudo,40,1,1,0.957796451914099,0.00913413413413422
7,random,pseudo,40,1,2,0.9185435435435436,0.01388888888888895
7,random,pseudo,40,1,3,0.9722222222222222,0.0
7,random,pseudo,40,1,4,0.9444444444444444,0.0
7,random,pseudo,40,2,1,0.9438926321279264,-0.004769685652038391
7,random,pseudo,40,2,2,0.9181681681681682,0.013513513513513487
7,random,pseudo,40,2,3,0.9722222222222222,0.0
7,random,pseudo,40,2,4,0.9722222222222222,0.02777777777777779
7,random,pseudo,40,3,1,0.9483899866252807,-0.0002723311546840579
7,random,pseudo,40,3,2,0.9455705705705706,0.040915915915915924
7,random,pseudo,40,3,3,0.9722222222222222,0.0
7,random,pseudo,40,3,4,0.9722222222222222,0.02777777777777779
7,random,pseudo,40,4,1,0.9581718272894744,0.009509509509509573
7,random,pseudo,40,4,2,0.9046546546546547,0.0
7,random,pseudo,40,4,3,0.9722222222222222,0.0
7,random,pseudo,40,4,4,0.9444444444444444,0.0
7,random,true,5,1,1,0.9486623177799648,0.0
7,random,true,5,1,2,0.9046546546546547,0.0
7,random,true,5,1,3,0.9722222222222222,0.0
7,random,true,5,1,4,0.9444444444444444,0.0
7,random,true,5,2,1,0.9486623177799648,0.0
7,random,true,5,2,2,0.9046546546546547,0.0
7,random,true,5,2,3,0.9722222222222222,0.0
7,random,true,5,2,4,0.9444444444444444,0.0
7,random,true,5,3,1,0.9486623177799648,0.0
7,random,true,5,3,2,0.9046546546546547,0.0
7,random,true,5,3,3,0.9722222222222222,0.0
7,random,true,5,3,4,0.9444444444444444,0.0
7,random,true,5,4,1,0.9531668222844694,0.0045045045045045695
7,random,true,5,4,2,0.9046546546546547,0.0
7,random,true,5,4,3,0.9722222222222222,0.0
7,random,true,5,4,4,0.9444444444444444,0.0
7,random,true,10,1,1,0.9486623177799648,0.0
7,random,true,10,1,2,0.9046546546546547,0.0
7,random,true,10,1,3,0.9722222222222222,0.0
7,random,true,10,1,4,0.9444444444444444,0.0
7,random,true,10,2,1,0.9486623177799648,0.0
7,random,true,10,2,2,0.9046546546546547,0.0
7,random,true,10,2,3,0.9722222222222222,0.0
7,random,true,10,2,4,0.9444444444444444,0.0
7,random,true,10,3,1,0.9486623177799648,0.0
7,random,true,10,3,2,0.9185435435435436,0.01388888888888895
7,random,true,10,3,3,0.9722222222222222,0.0
7,random,true,10,3,4,0.9444444444444444,0.0
7,random,true,10,4,1,0.9580538521714993,0.009391534391534506
7,random,true,10,4,2,0.9046546546546547,0.0
7,random,true,10,4,3,0.9722222222222222,0.0
7,random,true,10,4,4,0.9444444444444444,0.0
7,random,true,20,1,1,0.957796451914099,0.00913413413413422
7,random,true,20,1,2,0.9046546546546547,0.0
7,random,true,20,1,3,0.9722222222222222,0.0
7,random,true,20,1,4,0.9444444444444444,0.0
7,random,true,20,2,1,0.9531668222844694,0.0045045045045045695
7,random,true,20,2,2,0.9046546546546547,0.0
7,random,true,20,2,3,0.9722222222222222,0.0
7,random,true,20,2,4,0.9444444444444444,0.0
7,random,true,20,3,1,0.9437603569956511,-0.004901960784313708
7,random,true,20,3,2,0.9455705705705706,0.040915915915915924
7,random,true,20,3,3,0.9722222222222222,0.0
7,random,true,20,3,4,0.9444444444444444,0.0
7,random,true,20,4,1,0.9534242225418698,0.004761904761904967
7,random,true,20,4,2,0.9046546546546547,0.0
7,random,true,20,4,3,0.9722222222222222,0.0
7,random,true,20,4,4,0.9444444444444444,0.0
7,random,true,40,1,1,0.9531668222844694,0.0045045045045045695
7,random,true,40,1,2,0.9185435435435436,0.01388888888888895
7,random,true,40,1,3,0.9722222222222222,0.0
7,random,true,40,1,4,0.9444444444444444,0.0
7,random,true,40,2,1,0.9535642785642785,0.004901960784313708
7,random,true,40,2,2,0.9046546546546547,0.0
7,random,true,40,2,3,0.9722222222222222,0.0
7,random,true,40,2,4,0.9722222222222222,0.02777777777777779
7,random,true,40,3,1,0.9437603569956511,-0.004901960784313708
7,random,true,40,3,2,0.9455705705705706,0.040915915915915924
7,random,true,40,3,3,0.9722222222222222,0.0
7,random,true,40,3,4,0.9722222222222222,0.02777777777777779
7,random,true,40,4,1,0.9534242225418698,0.004761904761904967
7,random,true,40,4,2,0.9046546546546547,0.0
7,random,true,40,4,3,0.9722222222222222,0.0
7,random,true,40,4,4,0.9444444444444444,0.0
8,competence,pseudo,5,1,1,0.9389536595418949,0.009009009009009139
8,competence,pseudo,5,1,2,0.9722222222222222,0.0
8,competence,pseudo,5,1,3,0.9864864864864865,0.0
8,competence,pseudo,5,1,4,0.9714285714285714,0.0
8,competence,pseudo,5,2,1,0.9299446505328858,0.0
8,competence,pseudo,5,2,2,0.9722222222222222,0.0
8,competence,pseudo,5,2,3,0.9864864864864865,0.0
8,competence,pseudo,5,2,4,0.9714285714285714,0.0
8,competence,pseudo,5,3,1,0.9299446505328858,0.0
8,competence,pseudo,5,3,2,0.9722222222222222,0.0
8,competence,pseudo,5,3,3,0.9864864864864865,0.0
8,competence,pseudo,5,3,4,0.9714285714285714,0.0
8,competence,pseudo,5,4,1,0.9299446505328858,0.0
8,competence,pseudo,5,4,2,0.9722222222222222,0.0
8,competence,pseudo,5,4,3,0.9864864864864865,0.0
8,competence,pseudo,5,4,4,0.9714285714285714,0.0
8,competence,pseudo,10,1,1,0.9204130601189425,-0.009531590413943247
8,competence,pseudo,10,1,2,0.9722222222222222,0.0
8,competence,pseudo,10,1,3,0.9864864864864865,0.0
8,competence,pseudo,10,1,4,0.9714285714285714,0.0
8,competence,pseudo,10,2,1,0.9299446505328858,0.0
8,competence,pseudo,10,2,2,0.9722222222222222,0.0
8,competence,pseudo,10,2,3,0.9864864864864865,0.0
8,competence,pseudo,10,2,4,0.9714285714285714,0.0
8,competence,pseudo,10,3,1,0.9299446505328858,0.0
8,competence,pseudo,10,3,2,0.9722222222222222,0.0
8,competence,pseudo,10,3,3,0.9864864864864865,0.0
8,competence,pseudo,10,3,4,0.9714285714285714,0.0
8,competence,pseudo,10,4,1,0.9299446505328858,0.0
8,competence,pseudo,10,4,2,0.9722222222222222,0.0
8,competence,pseudo,10,4,3,0.9864864864864865,0.0
8,competence,pseudo,10,4,4,0.9714285714285714,0.0
8,competence,pseudo,20,1,1,0.9389536595418949,0.009009009009009139
8,competence,pseudo,20,1,2,0.9722222222222222,0.0
8,competence,pseudo,20,1,3,0.9725975975975976,-0.01388888888888895
8,competence,pseudo,20,1,4,0.9714285714285714,0.0
8,competence,pseudo,20,2,1,0.9299446505328858,0.0
8,competence,pseudo,20,2,2,1.0,0.02777777777777779
8,competence,pseudo,20,2,3,0.9864864864864865,0.0
8,competence,pseudo,20,2,4,0.9714285714285714,0.0
8,competence,pseudo,20,3,1,0.9302169816875699,0.0002723311546841689
8,competence,pseudo,20,3,2,0.9722222222222222,0.0
8,competence,pseudo,20,3,3,1.0,0.013513513513513487
8,competence,pseudo,20,3,4,0.9714285714285714,0.0
8,competence,pseudo,20,4,1,0.9204130601189425,-0.009531590413943247
8,competence,pseudo,20,4,2,0.9722222222222222,0.0
8,competence,pseudo,20,4,3,0.9864864864864865,0.0
8,competence,pseudo,20,4,4,0.9714285714285714,0.0
8,competence,pseudo,40,1,1,0.9206853912736266,-0.00925925925925919
8,competence,pseudo,40,1,2,0.9722222222222222,0.0
8,competence,pseudo,40,1,3,0.9864864864864865,0.0
8,competence,pseudo,40,1,4,0.9714285714285714,0.0
8,competence,pseudo,40,2,1,0.9299446505328858,0.0
8,competence,pseudo,40,2,2,1.0,0.02777777777777779
8,competence,pseudo,40,2,3,0.9864864864864865,0.0
8,competence,pseudo,40,2,4,0.9714285714285714,0.0
8,competence,pseudo,40,3,1,0.9302169816875699,0.0002723311546841689
8,competence,pseudo,40,3,2,0.9722222222222222,0.0
8,competence,pseudo,40,3,3,1.0,0.013513513513513487
8,competence,pseudo,40,3,4,0.9714285714285714,0.0
8,competence,pseudo,40,4,1,0.9250426897485721,-0.004901960784313708
8,competence,pseudo,40,4,2,0.9722222222222222,0.0
8,competence,pseudo,40,4,3,0.9864864864864865,0.0
8,competence,pseudo,40,4,4,0.9714285714285714,0.0
8,competence,true,5,1,1,0.9389536595418949,0.009009009009009139
8,competence,true,5,1,2,0.9722222222222222,0.0
8,competence,true,5,1,3,0.9864864864864865,0.0
8,competence,true,5,1,4,0.9714285714285714,0.0
8,competence,true,5,2,1,0.9299446505328858,0.0
8,competence,true,5,2,2,0.9722222222222222,0.0
8,competence,true,5,2,3,0.9864864864864865,0.0
8,competence,true,5,2,4,0.9714285714285714,0.0
8,competence,true,5,3,1,0.9299446505328858,0.0
8,competence,true,5,3,2,0.9722222222222222,0.0
8,competence,true,5,3,3,0.9864864864864865,0.0
8,competence,true,5,3,4,0.9714285714285714,0.0
8,competence,true,5,4,1,0.9299446505328858,0.0
8,competence,true,5,4,2,0.9722222222222222,0.0
8,competence,true,5,4,3,0.9864864864864865,0.0
8,competence,true,5,4,4,0.9714285714285714,0.0
8,competence,true,10,1,1,0.9204130601189425,-0.009531590413943247
8,competence,true,10,1,2,0.9722222222222222,0.0
8,competence,true,10,1,3,0.9864864864864865,0.0
8,competence,true,10,1,4,0.9714285714285714,0.0
8,competence,true,10,2,1,0.9299446505328858,0.0
8,competence,true,10,2,2,0.9722222222222222,0.0
8,competence,true,10,2,3,0.9864864864864865,0.0
8,competence,true,10,2,4,0.9714285714285714,0.0
8,competence,true,10,3,1,0.9299446505328858,0.0
8,competence,true,10,3,2,0.9722222222222222,0.0
8,competence,true,10,3,3,0.9864864864864865,0.0
8,competence,true,10,3,4,0.9714285714285714,0.0
8,competence,true,10,4,1,0.9299446505328858,0.0
8,competence,true,10,4,2,0.9722222222222222,0.0
8,competence,true,10,4,3,0.9864864864864865,0.0
8,competence,true,10,4,4,0.9714285714285714,0.0
8,competence,true,20,1,1,0.9389536595418949,0.009009009009009139
8,competence,true,20,1,2,0.9722222222222222,0.0
8,competence,true,20,1,3,0.972972972972973,-0.013513513513513487
8,competence,true,20,1,4,0.9714285714285714,0.0
8,competence,true,20,2,1,0.9299446505328858,0.0
8,competence,true,20,2,2,1.0,0.02777777777777779
8,competence,true,20,2,3,0.9864864864864865,0.0
8,competence,true,20,2,4,0.9714285714285714,0.0
8,competence,true,20,3,1,0.9250426897485721,-0.004901960784313708
8,competence,true,20,3,2,0.9722222222222222,0.0
8,competence,true,20,3,3,0.972972972972973,-0.013513513513513487
8,competence,true,20,3,4,0.9714285714285714,0.0
8,competence,true,20,4,1,0.9204130601189425,-0.009531590413943247
8,competence,true,20,4,2,0.9722222222222222,0.0
8,competence,true,20,4,3,0.9864864864864865,0.0
8,competence,true,20,4,4,0.9714285714285714,0.0
8,competence,true,40,1,1,0.9206853912736266,-0.00925925925925919
8,competence,true,40,1,2,0.9722222222222222,0.0
8,competence,true,40,1,3,0.9864864864864865,0.0
8,competence,true,40,1,4,0.9714285714285714,0.0
8,competence,true,40,2,1,0.9299446505328858,0.0
8,competence,true,40,2,2,1.0,0.02777777777777779
8,competence,true,40,2,3,0.9864864864864865,0.0
8,competence,true,40,2,4,0.9714285714285714,0.0
8,competence,true,40,3,1,0.9250426897485721,-0.004901960784313708
8,competence,true,40,3,2,0.9722222222222222,0.0
8,competence,true,40,3,3,0.9864864864864865,0.0
8,competence,true,40,3,4,0.9714285714285714,0.0
8,competence,true,40,4,1,0.9250426897485721,-0.004901960784313708
8,competence,true,40,4,2,0.9722222222222222,0.0
8,competence,true,40,4,3,0.9864864864864865,0.0
8,competence,true,40,4,4,0.9714285714285714,0.0
8,random,pseudo,5,1,1,0.9250426897485721,-0.004901960784313708
8,random,pseudo,5,1,2,0.9722222222222222,0.0
8,random,pseudo,5,1,3,0.9864864864864865,0.0
8,random,pseudo,5,1,4,0.9714285714285714,0.0
8,random,pseudo,5,2,1,0.9299446505328858,0.0
8,random,pseudo,5,2,2,0.9722222222222222,0.0
8,random,pseudo,5,2,3,0.9864864864864865,0.0
8,random,pseudo,5,2,4,0.9714285714285714,0.0
8,random,pseudo,5,3,1,0.9299446505328858,0.0
8,random,pseudo,5,3,2,0.9722222222222222,0.0
8,random,pseudo,5,3,3,0.9864864864864865,0.0
8,random,pseudo,5,3,4,0.9714285714285714,0.0
8,random,pseudo,5,4,1,0.9299446505328858,0.0
8,random,pseudo,5,4,2,0.9722222222222222,0.0
8,random,pseudo,5,4,3,0.9864864864864865,0.0
8,random,pseudo,5,4,4,0.9714285714285714,0.0
8,random,pseudo,10,1,1,0.9299446505328858,0.0
8,random,pseudo,10,1,2,0.9722222222222222,0.0
8,random,pseudo,10,1,3,0.9864864864864865,0.0
8,random,pseudo,10,1,4,0.9714285714285714,0.0
8,random,pseudo,10,2,1,0.9299446505328858,0.0
8,random,pseudo,10,2,2,0.9722222222222222,0.0
8,random,pseudo,10,2,3,0.9864864864864865,0.0
8,random,pseudo,10,2,4,0.9714285714285714,0.0
8,random,pseudo,10,3,1,0.9204130601189425,-0.009531590413943247
8,random,pseudo,10,3,2,0.9722222222222222,0.0
8,random,pseudo,10,3,3,0.9864864864864865,0.0
8,random,pseudo,10,3,4,0.9714285714285714,0.0
8,random,pseudo,10,4,1,0.9299446505328858,0.0
8,random,pseudo,10,4,2,0.9722222222222222,0.0
8,random,pseudo,10,4,3,0.9864864864864865,0.0
8,random,pseudo,10,4,4,0.9714285714285714,0.0
8,random,pseudo,20,1,1,0.9253150209032562,-0.004629629629629539
8,random,pseudo,20,1,2,0.9722222222222222,0.0
8,random,pseudo,20,1,3,0.9864864864864865,0.0
8,random,pseudo,20,1,4,0.9714285714285714,0.0
8,random,pseudo,20,2,1,0.9299446505328858,0.0
8,random,pseudo,20,2,2,0.9722222222222222,0.0
8,random,pseudo,20,2,3,0.9864864864864865,0.0
8,random,pseudo,20,2,4,0.9714285714285714,0.0
8,random,pseudo,20,3,1,0.9020196667255491,-0.027924983807336656
8,random,pseudo,20,3,2,0.9722222222222222,0.0
8,random,pseudo,20,3,3,0.9725975975975976,-0.01388888888888895
8,random,pseudo,20,3,4,0.9714285714285714,0.0
8,random,pseudo,20,4,1,0.9299446505328858,0.0
8,random,pseudo,20,4,2,0.9722222222222222,0.0
8,random,pseudo,20,4,3,0.9864864864864865,0.0
8,random,pseudo,20,4,4,0.9714285714285714,0.0
8,random,pseudo,40,1,1,0.9300697756580109,0.00012512512512508067
8,random,pseudo,40,1,2,0.9722222222222222,0.0
8,random,pseudo,40,1,3,0.9864864864864865,0.0
8,random,pseudo,40,1,4,0.9714285714285714,0.0
8,random,pseudo,40,2,1,0.9253150209032562,-0.004629629629629539
8,random,pseudo,40,2,2,0.9722222222222222,0.0
8,random,pseudo,40,2,3,0.9864864864864865,0.0
8,random,pseudo,40,2,4,0.9714285714285714,0.0
8,random,pseudo,40,3,1,0.9253150209032562,-0.004629629629629539
8,random,pseudo,40,3,2,0.9722222222222222,0.0
8,random,pseudo,40,3,3,0.9864864864864865,0.0
8,random,pseudo,40,3,4,0.9714285714285714,0.0
8,random,pseudo,40,4,1,0.9299446505328858,0.0
8,random,pseudo,40,4,2,1.0,0.02777777777777779
8,random,pseudo,40,4,3,0.9864864864864865,0.0
8,random,pseudo,40,4,4,0.9714285714285714,0.0
8,random,true,5,1,1,0.9250426897485721,-0.004901960784313708
8,random,true,5,1,2,0.9722222222222222,0.0
8,random,true,5,1,3,0.9864864864864865,0.0
8,random,true,5,1,4,0.9714285714285714,0.0
8,random,true,5,2,1,0.9299446505328858,0.0
8,random,true,5,2,2,0.9722222222222222,0.0
8,random,true,5,2,3,0.9864864864864865,0.0
8,random,true,5,2,4,0.9714285714285714,0.0
8,random,true,5,3,1,0.9299446505328858,0.0
8,random,true,5,3,2,0.9722222222222222,0.0
8,random,true,5,3,3,0.9864864864864865,0.0
8,random,true,5,3,4,0.9714285714285714,0.0
8,random,true,5,4,1,0.9299446505328858,0.0
8,random,true,5,4,2,0.9722222222222222,0.0
8,random,true,5,4,3,0.9864864864864865,0.0
8,random,true,5,4,4,0.9714285714285714,0.0
8,random,true,10,1,1,0.9299446505328858,0.0
8,random,true,10,1,2,0.9722222222222222,0.0
8,random,true,10,1,3,0.9864864864864865,0.0
8,random,true,10,1,4,0.9714285714285714,0.0
8,random,true,10,2,1,0.9299446505328858,0.0
8,random,true,10,2,2,0.9722222222222222,0.0
8,random,true,10,2,3,0.9864864864864865,0.0
8,random,true,10,2,4,0.9714285714285714,0.0
8,random,true,10,3,1,0.9204130601189425,-0.009531590413943247
8,random,true,10,3,2,0.9722222222222222,0.0
8,random,true,10,3,3,0.9864864864864865,0.0
8,random,true,10,3,4,0.9714285714285714,0.0
8,random,true,10,4,1,0.9299446505328858,0.0
8,random,true,10,4,2,0.9722222222222222,0.0
8,random,true,10,4,3,0.9864864864864865,0.0
8,random,true,10,4,4,0.9714285714285714,0.0
8,random,true,20,1,1,0.9253150209032562,-0.004629629629629539
8,random,true,20,1,2,0.9722222222222222,0.0
8,random,true,20,1,3,0.9864864864864865,0.0
8,random,true,20,1,4,0.9714285714285714,0.0
8,random,true,20,2,1,0.9299446505328858,0.0
8,random,true,20,2,2,0.9722222222222222,0.0
8,random,true,20,2,3,0.9864864864864865,0.0
8,random,true,20,2,4,0.9714285714285714,0.0
8,random,true,20,3,1,0.9299446505328858,0.0
8,random,true,20,3,2,0.9722222222222222,0.0
8,random,true,20,3,3,0.9864864864864865,0.0
8,random,true,20,3,4,0.9714285714285714,0.0
8,random,true,20,4,1,0.9299446505328858,0.0
8,random,true,20,4,2,0.9722222222222222,0.0
8,random,true,20,4,3,0.9864864864864865,0.0
8,random,true,20,4,4,0.9714285714285714,0.0
8,random,true,40,1,1,0.9253150209032562,-0.004629629629629539
8,random,true,40,1,2,0.9722222222222222,0.0
8,random,true,40,1,3,0.9590840840840841,-0.027402402402402437
8,random,true,40,1,4,0.9714285714285714,0.0
8,random,true,40,2,1,0.9253150209032562,-0.004629629629629539
8,random,true,40,2,2,0.9722222222222222,0.0
8,random,true,40,2,3,0.9864864864864865,0.0
8,random,true,40,2,4,0.9714285714285714,0.0
8,random,true,40,3,1,0.9297974445033268,-0.00014720602955897721
8,random,true,40,3,2,0.9722222222222222,0.0
8,random,true,40,3,3,0.9864864864864865,0.0
8,random,true,40,3,4,0.9714285714285714,0.0
8,random,true,40,4,1,0.9299446505328858,0.0
8,random,true,40,4,2,1.0,0.02777777777777779
8,random,true,40,4,3,0.9864864864864865,0.0
8,random,true,40,4,4,0.9714285714285714,0.0
9,competence,pseudo,5,1,1,0.9857142857142858,0.0
9,competence,pseudo,5,1,2,0.9493171743171743,0.0
9,competence,pseudo,5,1,3,0.972972972972973,0.0
9,competence,pseudo,5,1,4,1.0,0.0
9,competence,pseudo,5,2,1,0.9857142857142858,0.0
9,competence,pseudo,5,2,2,0.9493171743171743,0.0
9,competence,pseudo,5,2,3,0.972972972972973,0.0
9,competence,pseudo,5,2,4,1.0,0.0
9,competence,pseudo,5,3,1,0.9857142857142858,0.0
9,competence,pseudo,5,3,2,0.9446875446875448,-0.004629629629629539
9,competence,pseudo,5,3,3,0.972972972972973,0.0
9,competence,pseudo,5,3,4,1.0,0.0
9,competence,pseudo,5,4,1,0.9857142857142858,0.0
9,competence,pseudo,5,4,2,0.9446875446875448,-0.004629629629629539
9,competence,pseudo,5,4,3,0.972972972972973,0.0
9,competence,pseudo,5,4,4,1.0,0.0
9,competence,pseudo,10,1,1,0.9857142857142858,0.0
9,competence,pseudo,10,1,2,0.9493171743171743,0.0
9,competence,pseudo,10,1,3,0.972972972972973,0.0
9,competence,pseudo,10,1,4,1.0,0.0
9,competence,pseudo,10,2,1,0.9857142857142858,0.0
9,competence,pseudo,10,2,2,0.9352960102960104,-0.014021164021163934
9,competence,pseudo,10,2,3,0.972972972972973,0.0
9,competence,pseudo,10,2,4,1.0,0.0
9,competence,pseudo,10,3,1,0.9857142857142858,0.0
9,competence,pseudo,10,3,2,0.9446875446875448,-0.004629629629629539
9,competence,pseudo,10,3,3,0.972972972972973,0.0
9,competence,pseudo,10,3,4,1.0,0.0
9,competence,pseudo,10,4,1,0.9857142857142858,0.0
9,competence,pseudo,10,4,2,0.9446875446875448,-0.004629629629629539
9,competence,pseudo,10,4,3,0.972972972972973,0.0
9,competence,pseudo,10,4,4,1.0,0.0
9,competence,pseudo,20,1,1,0.9857142857142858,0.0
9,competence,pseudo,20,1,2,0.9446875446875448,-0.004629629629629539
9,competence,pseudo,20,1,3,0.972972972972973,0.0
9,competence,pseudo,20,1,4,1.0,0.0
9,competence,pseudo,20,2,1,0.9857142857142858,0.0
9,competence,pseudo,20,2,2,0.9446875446875448,-0.004629629629629539
9,competence,pseudo,20,2,3,0.972972972972973,0.0
9,competence,pseudo,20,2,4,1.0,0.0
9,competence,pseudo,20,3,1,0.9857142857142858,0.0
9,competence,pseudo,20,3,2,0.9493171743171743,0.0
9,competence,pseudo,20,3,3,0.972972972972973,0.0
9,competence,pseudo,20,3,4,1.0,0.0
9,competence,pseudo,20,4,1,0.9857142857142858,0.0
9,competence,pseudo,20,4,2,0.9493171743171743,0.0
9,competence,pseudo,20,4,3,0.972972972972973,0.0
9,competence,pseudo,20,4,4,1.0,0.0
9,competence,pseudo,40,1,1,1.0,0.014285714285714235
9,competence,pseudo,40,1,2,0.93992563992564,-0.009391534391534284
9,competence,pseudo,40,1,3,0.972972972972973,0.0
9,competence,pseudo,40,1,4,1.0,0.0
9,competence,pseudo,40,2,1,0.9857142857142858,0.0
9,competence,pseudo,40,2,2,0.9489346489346491,-0.00038252538252525614
9,competence,pseudo,40,2,3,0.972972972972973,0.0
9,competence,pseudo,40,2,4,1.0,0.0
9,competence,pseudo,40,3,1,0.9857142857142858,0.0
9,competence,pseudo,40,3,2,0.9493171743171743,0.0
9,competence,pseudo,40,3,3,0.972972972972973,0.0
9,competence,pseudo,40,3,4,1.0,0.0
9,competence,pseudo,40,4,1,0.9857142857142858,0.0
9,competence,pseudo,40,4,2,0.9446875446875448,-0.004629629629629539
9,competence,pseudo,40,4,3,0.972972972972973,0.0
9,competence,pseudo,40,4,4,1.0,0.0
9,competence,true,5,1,1,0.9857142857142858,0.0
9,competence,true,5,1,2,0.9493171743171743,0.0
9,competence,true,5,1,3,0.972972972972973,0.0
9,competence,true,5,1,4,1.0,0.0
9,competence,true,5,2,1,0.9857142857142858,0.0
9,competence,true,5,2,2,0.9493171743171743,0.0
9,competence,true,5,2,3,0.972972972972973,0.0
9,competence,true,5,2,4,1.0,0.0
9,competence,true,5,3,1,0.9857142857142858,0.0
9,competence,true,5,3,2,0.9446875446875448,-0.004629629629629539
9,competence,true,5,3,3,0.972972972972973,0.0
9,competence,true,5,3,4,1.0,0.0
9,competence,true,5,4,1,0.9857142857142858,0.0
9,competence,true,5,4,2,0.9446875446875448,-0.004629629629629539
9,competence,true,5,4,3,0.972972972972973,0.0
9,competence,true,5,4,4,1.0,0.0
9,competence,true,10,1,1,0.9857142857142858,0.0
9,competence,true,10,1,2,0.9493171743171743,0.0
9,competence,true,10,1,3,0.972972972972973,0.0
9,competence,true,10,1,4,1.0,0.0
9,competence,true,10,2,1,0.9857142857142858,0.0
9,competence,true,10,2,2,0.9352960102960104,-0.014021164021163934
9,competence,true,10,2,3,0.972972972972973,0.0
9,competence,true,10,2,4,1.0,0.0
9,competence,true,10,3,1,0.9857142857142858,0.0
9,competence,true,10,3,2,0.9446875446875448,-0.004629629629629539
9,competence,true,10,3,3,0.972972972972973,0.0
9,competence,true,10,3,4,1.0,0.0
9,competence,true,10,4,1,0.9857142857142858,0.0
9,competence,true,10,4,2,0.9446875446875448,-0.004629629629629539
9,competence,true,10,4,3,0.972972972972973,0.0
9,competence,true,10,4,4,1.0,0.0
9,competence,true,20,1,1,0.9857142857142858,0.0
9,competence,true,20,1,2,0.9446875446875448,-0.004629629629629539
9,competence,true,20,1,3,0.972972972972973,0.0
9,competence,true,20,1,4,1.0,0.0
9,competence,true,20,2,1,0.9857142857142858,0.0
9,competence,true,20,2,2,0.9444301444301445,-0.004887029887029826
9,competence,true,20,2,3,0.972972972972973,0.0
9,competence,true,20,2,4,1.0,0.0
9,competence,true,20,3,1,0.9857142857142858,0.0
9,competence,true,20,3,2,0.9493171743171743,0.0
9,competence,true,20,3,3,0.972972972972973,0.0
9,competence,true,20,3,4,1.0,0.0
9,competence,true,20,4,1,0.9857142857142858,0.0
9,competence,true,20,4,2,0.9400579150579151,-0.00925925925925919
9,competence,true,20,4,3,0.972972972972973,0.0
9,competence,true,20,4,4,1.0,0.0
9,competence,true,40,1,1,1.0,0.014285714285714235
9,competence,true,40,1,2,0.93992563992564,-0.009391534391534284
9,competence,true,40,1,3,0.972972972972973,0.0
9,competence,true,40,1,4,1.0,0.0
9,competence,true,40,2,1,0.9857142857142858,0.0
9,competence,true,40,2,2,0.9443050193050194,-0.005012155012154906
9,competence,true,40,2,3,0.972972972972973,0.0
9,competence,true,40,2,4,1.0,0.0
9,competence,true,40,3,1,0.9857142857142858,0.0
9,competence,true,40,3,2,0.9493171743171743,0.0
9,competence,true,40,3,3,0.972972972972973,0.0
9,competence,true,40,3,4,1.0,0.0
9,competence,true,40,4,1,0.9714285714285714,-0.014285714285714346
9,competence,true,40,4,2,0.9352960102960104,-0.014021164021163934
9,competence,true,40,4,3,0.972972972972973,0.0
9,competence,true,40,4,4,1.0,0.0
9,random,pseudo,5,1,1,0.9857142857142858,0.0
9,random,pseudo,5,1,2,0.9446875446875448,-0.004629629629629539
9,random,pseudo,5,1,3,0.972972972972973,0.0
9,random,pseudo,5,1,4,1.0,0.0
9,random,pseudo,5,2,1,0.9857142857142858,0.0
9,random,pseudo,5,2,2,0.9493171743171743,0.0
9,random,pseudo,5,2,3,0.972972972972973,0.0
9,random,pseudo,5,2,4,1.0,0.0
9,random,pseudo,5,3,1,0.9857142857142858,0.0
9,random,pseudo,5,3,2,0.9446875446875448,-0.004629629629629539
9,random,pseudo,5,3,3,0.972972972972973,0.0
9,random,pseudo,5,3,4,1.0,0.0
9,random,pseudo,5,4,1,0.9857142857142858,0.0
9,random,pseudo,5,4,2,0.9493171743171743,0.0
9,random,pseudo,5,4,3,0.972972972972973,0.0
9,random,pseudo,5,4,4,1.0,0.0
9,random,pseudo,10,1,1,0.9857142857142858,0.0
9,random,pseudo,10,1,2,0.9446875446875448,-0.004629629629629539
9,random,pseudo,10,1,3,0.972972972972973,0.0
9,random,pseudo,10,1,4,1.0,0.0
9,random,pseudo,10,2,1,0.9857142857142858,0.0
9,random,pseudo,10,2,2,0.93992563992564,-0.009391534391534284
9,random,pseudo,10,2,3,0.972972972972973,0.0
9,random,pseudo,10,2,4,1.0,0.0
9,random,pseudo,10,3,1,0.9857142857142858,0.0
9,random,pseudo,10,3,2,0.9446875446875448,-0.004629629629629539
9,random,pseudo,10,3,3,0.972972972972973,0.0
9,random,pseudo,10,3,4,1.0,0.0
9,random,pseudo,10,4,1,1.0,0.014285714285714235
9,random,pseudo,10,4,2,0.93992563992564,-0.009391534391534284
9,random,pseudo,10,4,3,0.972972972972973,0.0
9,random,pseudo,10,4,4,1.0,0.0
9,random,pseudo,20,1,1,0.9857142857142858,0.0
9,random,pseudo,20,1,2,0.93992563992564,-0.009391534391534284
9,random,pseudo,20,1,3,0.972972972972973,0.0
9,random,pseudo,20,1,4,1.0,0.0
9,random,pseudo,20,2,1,1.0,0.014285714285714235
9,random,pseudo,20,2,2,0.9446875446875448,-0.004629629629629539
9,random,pseudo,20,2,3,0.972972972972973,0.0
9,random,pseudo,20,2,4,1.0,0.0
9,random,pseudo,20,3,1,0.9857142857142858,0.0
9,random,pseudo,20,3,2,0.9493171743171743,0.0
9,random,pseudo,20,3,3,0.972972972972973,0.0
9,random,pseudo,20,3,4,1.0,0.0
9,random,pseudo,20,4,1,1.0,0.014285714285714235
9,random,pseudo,20,4,2,0.93992563992564,-0.009391534391534284
9,random,pseudo,20,4,3,0.972972972972973,0.0
9,random,pseudo,20,4,4,1.0,0.0
9,random,pseudo,40,1,1,0.9857142857142858,0.0
9,random,pseudo,40,1,2,0.9446875446875448,-0.004629629629629539
9,random,pseudo,40,1,3,0.972972972972973,0.0
9,random,pseudo,40,1,4,1.0,0.0
9,random,pseudo,40,2,1,0.9714285714285714,-0.014285714285714346
9,random,pseudo,40,2,2,0.9538288288288289,0.004511654511654584
9,random,pseudo,40,2,3,0.972972972972973,0.0
9,random,pseudo,40,2,4,1.0,0.0
9,random,pseudo,40,3,1,0.9857142857142858,0.0
9,random,pseudo,40,3,2,0.9493171743171743,0.0
9,random,pseudo,40,3,3,0.972972972972973,0.0
9,random,pseudo,40,3,4,1.0,0.0
9,random,pseudo,40,4,1,1.0,0.014285714285714235
9,random,pseudo,40,4,2,0.9352960102960104,-0.014021164021163934
9,random,pseudo,40,4,3,0.972972972972973,0.0
9,random,pseudo,40,4,4,1.0,0.0
9,random,true,5,1,1,0.9857142857142858,0.0
9,random,true,5,1,2,0.9446875446875448,-0.004629629629629539
9,random,true,5,1,3,0.972972972972973,0.0
9,random,true,5,1,4,1.0,0.0
9,random,true,5,2,1,0.9857142857142858,0.0
9,random,true,5,2,2,0.9493171743171743,0.0
9,random,true,5,2,3,0.972972972972973,0.0
9,random,true,5,2,4,1.0,0.0
9,random,true,5,3,1,0.9857142857142858,0.0
9,random,true,5,3,2,0.9446875446875448,-0.004629629629629539
9,random,true,5,3,3,0.972972972972973,0.0
9,random,true,5,3,4,1.0,0.0
9,random,true,5,4,1,0.9857142857142858,0.0
9,random,true,5,4,2,0.9493171743171743,0.0
9,random,true,5,4,3,0.972972972972973,0.0
9,random,true,5,4,4,1.0,0.0
9,random,true,10,1,1,0.9857142857142858,0.0
9,random,true,10,1,2,0.9446875446875448,-0.004629629629629539
9,random,true,10,1,3,0.972972972972973,0.0
9,random,true,10,1,4,1.0,0.0
9,random,true,10,2,1,0.9857142857142858,0.0
9,random,true,10,2,2,0.93992563992564,-0.009391534391534284
9,random,true,10,2,3,0.972972972972973,0.0
9,random,true,10,2,4,1.0,0.0
9,random,true,10,3,1,0.9857142857142858,0.0
9,random,true,10,3,2,0.9446875446875448,-0.004629629629629539
9,random,true,10,3,3,0.972972972972973,0.0
9,random,true,10,3,4,1.0,0.0
9,random,true,10,4,1,1.0,0.014285714285714235
9,random,true,10,4,2,0.93992563992564,-0.009391534391534284
9,random,true,10,4,3,0.972972972972973,0.0
9,random,true,10,4,4,1.0,0.0
9,random,true,20,1,1,0.9857142857142858,0.0
9,random,true,20,1,2,0.93992563992564,-0.009391534391534284
9,random,true,20,1,3,0.972972972972973,0.0
9,random,true,20,1,4,1.0,0.0
9,random,true,20,2,1,1.0,0.014285714285714235
9,random,true,20,2,2,0.9446875446875448,-0.004629629629629539
9,random,true,20,2,3,0.972972972972973,0.0
9,random,true,20,2,4,1.0,0.0
9,random,true,20,3,1,0.9857142857142858,0.0
9,random,true,20,3,2,0.9493171743171743,0.0
9,random,true,20,3,3,0.972972972972973,0.0
9,random,true,20,3,4,1.0,0.0
9,random,true,20,4,1,1.0,0.014285714285714235
9,random,true,20,4,2,0.93992563992564,-0.009391534391534284
9,random,true,20,4,3,0.972972972972973,0.0
9,random,true,20,4,4,1.0,0.0
9,random,true,40,1,1,0.9857142857142858,0.0
9,random,true,40,1,2,0.9446875446875448,-0.004629629629629539
9,random,true,40,1,3,0.972972972972973,0.0
9,random,true,40,1,4,1.0,0.0
9,random,true,40,2,1,0.9714285714285714,-0.014285714285714346
9,random,true,40,2,2,0.9493243243243245,7.150007150125148e-06
9,random,true,40,2,3,0.972972972972973,0.0
9,random,true,40,2,4,1.0,0.0
9,random,true,40,3,1,0.9857142857142858,0.0
9,random,true,40,3,2,0.9493171743171743,0.0
9,random,true,40,3,3,0.972972972972973,0.0
9,random,true,40,3,4,1.0,0.0
9,random,true,40,4,1,1.0,0.014285714285714235
9,random,true,40,4,2,0.9352960102960104,-0.014021164021163934
9,random,true,40,4,3,0.972972972972973,0.0
9,random,true,40,4,4,1.0,0.0
