seed,grouping,label_mode,budget,i,j,classes_i,classes_j,actual_examples_i,actual_examples_j,v0,vi,vj,vij,gamma
0,competence,pseudo,5,1,2,"[1,2,6,8]",[7],5,5,0.9585456885456886,0.9585456885456886,0.9585456885456886,0.9585456885456886,0.0
0,competence,pseudo,5,1,3,"[1,2,6,8]","[3,4,5,9]",5,5,0.9585456885456886,0.9585456885456886,0.9585456885456886,0.9585456885456886,0.0
0,competence,pseudo,5,1,4,"[1,2,6,8]",[0],5,5,0.9585456885456886,0.9585456885456886,0.9585456885456886,0.9585456885456886,0.0
0,competence,pseudo,5,2,3,[7],"[3,4,5,9]",5,5,0.9585456885456886,0.9585456885456886,0.9585456885456886,0.9585456885456886,0.0
0,competence,pseudo,5,2,4,[7],[0],5,5,0.9585456885456886,0.9585456885456886,0.9585456885456886,0.9585456885456886,0.0
0,competence,pseudo,5,3,4,"[3,4,5,9]",[0],5,5,0.9585456885456886,0.9585456885456886,0.9585456885456886,0.9585456885456886,0.0
0,competence,pseudo,10,1,2,"[1,2,6,8]",[7],10,10,0.9585456885456886,0.9585456885456886,0.9585456885456886,0.9585456885456886,0.0
0,competence,pseudo,10,1,3,"[1,2,6,8]","[3,4,5,9]",10,10,0.9585456885456886,0.9585456885456886,0.9612483912483911,0.9612483912483911,0.0
0,competence,pseudo,10,1,4,"[1,2,6,8]",[0],10,10,0.9585456885456886,0.9585456885456886,0.9585456885456886,0.9585456885456886,0.0
0,competence,pseudo,10,2,3,[7],"[3,4,5,9]",10,10,0.9585456885456886,0.9585456885456886,0.9612483912483911,0.9612483912483911,0.0
0,competence,pseudo,10,2,4,[7],[0],10,10,0.9585456885456886,0.9585456885456886,0.9585456885456886,0.9585456885456886,0.0
0,competence,pseudo,10,3,4,"[3,4,5,9]",[0],10,10,0.9585456885456886,0.9612483912483911,0.9585456885456886,0.9612483912483911,0.0
0,competence,pseudo,20,1,2,"[1,2,6,8]",[7],20,20,0.9585456885456886,0.9585456885456886,0.9585456885456886,0.9585456885456886,0.0
0,competence,pseudo,20,1,3,"[1,2,6,8]","[3,4,5,9]",20,20,0.9585456885456886,0.9585456885456886,0.9585456885456886,0.9585456885456886,0.0
0,competence,pseudo,20,1,4,"[1,2,6,8]",[0],20,20,0.9585456885456886,0.9585456885456886,0.9585456885456886,0.9585456885456886,0.0
0,competence,pseudo,20,2,3,[7],"[3,4,5,9]",20,20,0.9585456885456886,0.9585456885456886,0.9585456885456886,0.9585456885456886,0.0
0,competence,pseudo,20,2,4,[7],[0],20,20,0.9585456885456886,0.9585456885456886,0.9585456885456886,0.9585456885456886,0.0
0,competence,pseudo,20,3,4,"[3,4,5,9]",[0],20,20,0.9585456885456886,0.9585456885456886,0.9585456885456886,0.9585456885456886,0.0
0,competence,pseudo,40,1,2,"[1,2,6,8]",[7],40,36,0.9585456885456886,0.9583912483912483,0.9585456885456886,0.9583912483912483,0.0
0,competence,pseudo,40,1,3,"[1,2,6,8]","[3,4,5,9]",40,40,0.9585456885456886,0.9583912483912483,0.9612483912483911,0.9556134706134707,-0.005480480480480221
0,competence,pseudo,40,1,4,"[1,2,6,8]",[0],40,36,0.9585456885456886,0.9583912483912483,0.9585456885456886,0.9610939510939511,0.002702702702702786
0,competence,pseudo,40,2,3,[7],"[3,4,5,9]",36,40,0.9585456885456886,0.9585456885456886,0.9612483912483911,0.9585456885456886,-0.002702702702702564
0,competence,pseudo,40,2,4,[7],[0],36,36,0.9585456885456886,0.9585456885456886,0.9585456885456886,0.9585456885456886,0.0
0,competence,pseudo,40,3,4,"[3,4,5,9]",[0],40,36,0.9585456885456886,0.9612483912483911,0.9585456885456886,0.9612483912483911,0.0
0,competence,true,5,1,2,"[1,2,6,8]",[7],5,5,0.9585456885456886,0.9585456885456886,0.9585456885456886,0.9585456885456886,0.0
0,competence,true,5,1,3,"[1,2,6,8]","[3,4,5,9]",5,5,0.9585456885456886,0.9585456885456886,0.9585456885456886,0.9585456885456886,0.0
0,competence,true,5,1,4,"[1,2,6,8]",[0],5,5,0.9585456885456886,0.9585456885456886,0.9585456885456886,0.9585456885456886,0.0
0,competence,true,5,2,3,[7],"[3,4,5,9]",5,5,0.9585456885456886,0.9585456885456886,0.9585456885456886,0.9585456885456886,0.0
0,competence,true,5,2,4,[7],[0],5,5,0.9585456885456886,0.9585456885456886,0.9585456885456886,0.9585456885456886,0.0
0,competence,true,5,3,4,"[3,4,5,9]",[0],5,5,0.9585456885456886,0.9585456885456886,0.9585456885456886,0.9585456885456886,0.0
0,competence,true,10,1,2,"[1,2,6,8]",[7],10,10,0.9585456885456886,0.9585456885456886,0.9585456885456886,0.9585456885456886,0.0
0,competence,true,10,1,3,"[1,2,6,8]","[3,4,5,9]",10,10,0.9585456885456886,0.9585456885456886,0.9666537966537966,0.9666537966537966,0.0
0,competence,true,10,1,4,"[1,2,6,8]",[0],10,10,0.9585456885456886,0.9585456885456886,0.9585456885456886,0.9585456885456886,0.0
0,competence,true,10,2,3,[7],"[3,4,5,9]",10,10,0.9585456885456886,0.9585456885456886,0.9666537966537966,0.9666537966537966,0.0
0,competence,true,10,2,4,[7],[0],10,10,0.9585456885456886,0.9585456885456886,0.9585456885456886,0.9585456885456886,0.0
0,competence,true,10,3,4,"[3,4,5,9]",[0],10,10,0.9585456885456886,0.9666537966537966,0.9585456885456886,0.9666537966537966,0.0
0,competence,true,20,1,2,"[1,2,6,8]",[7],20,20,0.9585456885456886,0.9585456885456886,0.9585456885456886,0.9585456885456886,0.0
0,competence,true,20,1,3,"[1,2,6,8]","[3,4,5,9]",20,20,0.9585456885456886,0.9585456885456886,0.9612483912483911,0.9584706134706135,-0.002777777777777657
0,competence,true,20,1,4,"[1,2,6,8]",[0],20,20,0.9585456885456886,0.9585456885456886,0.9585456885456886,0.9585456885456886,0.0
0,competence,true,20,2,3,[7],"[3,4,5,9]",20,20,0.9585456885456886,0.9585456885456886,0.9612483912483911,0.9612483912483911,0.0
0,competence,true,20,2,4,[7],[0],20,20,0.9585456885456886,0.9585456885456886,0.9585456885456886,0.9585456885456886,0.0
0,competence,true,20,3,4,"[3,4,5,9]",[0],20,20,0.9585456885456886,0.9612483912483911,0.9585456885456886,0.9612483912483911,0.0
0,competence,true,40,1,2,"[1,2,6,8]",[7],40,36,0.9585456885456886,0.9557679107679107,0.9585456885456886,0.9585456885456886,0.002777777777777879
0,competence,true,40,1,3,"[1,2,6,8]","[3,4,5,9]",40,40,0.9585456885456886,0.9557679107679107,0.9666537966537966,0.961098241098241,-0.002777777777777657
0,competence,true,40,1,4,"[1,2,6,8]",[0],40,36,0.9585456885456886,0.9557679107679107,0.9585456885456886,0.9529901329901328,-0.002777777777777879
0,competence,true,40,2,3,[7],"[3,4,5,9]",36,40,0.9585456885456886,0.9585456885456886,0.9666537966537966,0.9666537966537966,0.0
0,competence,true,40,2,4,[7],[0],36,36,0.9585456885456886,0.9585456885456886,0.9585456885456886,0.9585456885456886,0.0
0,competence,true,40,3,4,"[3,4,5,9]",[0],40,36,0.9585456885456886,0.9666537966537966,0.9585456885456886,0.9638760188760189,-0.002777777777777657
0,random,pseudo,5,1,2,"[0,4,6,9]",[3],5,5,0.9585456885456886,0.9585456885456886,0.9585456885456886,0.9585456885456886,0.0
0,random,pseudo,5,1,3,"[0,4,6,9]","[1,2,5,8]",5,5,0.9585456885456886,0.9585456885456886,0.9585456885456886,0.9585456885456886,0.0
0,random,pseudo,5,1,4,"[0,4,6,9]",[7],5,5,0.9585456885456886,0.9585456885456886,0.9585456885456886,0.9585456885456886,0.0
0,random,pseudo,5,2,3,[3],"[1,2,5,8]",5,5,0.9585456885456886,0.9585456885456886,0.9585456885456886,0.9585456885456886,0.0
0,random,pseudo,5,2,4,[3],[7],5,5,0.9585456885456886,0.9585456885456886,0.9585456885456886,0.9585456885456886,0.0
0,random,pseudo,5,3,4,"[1,2,5,8]",[7],5,5,0.9585456885456886,0.9585456885456886,0.9585456885456886,0.9585456885456886,0.0
0,random,pseudo,10,1,2,"[0,4,6,9]",[3],10,10,0.9585456885456886,0.9585456885456886,0.9585456885456886,0.9585456885456886,0.0
0,random,pseudo,10,1,3,"[0,4,6,9]","[1,2,5,8]",10,10,0.9585456885456886,0.9585456885456886,0.9584706134706135,0.9584706134706135,0.0
0,random,pseudo,10,1,4,"[0,4,6,9]",[7],10,10,0.9585456885456886,0.9585456885456886,0.9585456885456886,0.9585456885456886,0.0
0,random,pseudo,10,2,3,[3],"[1,2,5,8]",10,10,0.9585456885456886,0.9585456885456886,0.9584706134706135,0.9584706134706135,0.0
0,random,pseudo,10,2,4,[3],[7],10,10,0.9585456885456886,0.9585456885456886,0.9585456885456886,0.9585456885456886,0.0
0,random,pseudo,10,3,4,"[1,2,5,8]",[7],10,10,0.9585456885456886,0.9584706134706135,0.9585456885456886,0.9584706134706135,0.0
0,random,pseudo,20,1,2,"[0,4,6,9]",[3],20,20,0.9585456885456886,0.9585456885456886,0.9557679107679107,0.9557679107679107,0.0
0,random,pseudo,20,1,3,"[0,4,6,9]","[1,2,5,8]",20,20,0.9585456885456886,0.9585456885456886,0.963951093951094,0.9612483912483911,-0.002702702702702897
0,random,pseudo,20,1,4,"[0,4,6,9]",[7],20,20,0.9585456885456886,0.9585456885456886,0.9585456885456886,0.9613234663234664,0.002777777777777879
0,random,pseudo,20,2,3,[3],"[1,2,5,8]",20,20,0.9585456885456886,0.9557679107679107,0.963951093951094,0.9584706134706135,-0.002702702702702675
0,random,pseudo,20,2,4,[3],[7],20,20,0.9585456885456886,0.9557679107679107,0.9585456885456886,0.9557679107679107,0.0
0,random,pseudo,20,3,4,"[1,2,5,8]",[7],20,20,0.9585456885456886,0.963951093951094,0.9585456885456886,0.9612483912483911,-0.002702702702702897
0,random,pseudo,40,1,2,"[0,4,6,9]",[3],40,37,0.9585456885456886,0.964026169026169,0.9557679107679107,0.9585456885456886,-0.002702702702702564
0,random,pseudo,40,1,3,"[0,4,6,9]","[1,2,5,8]",40,40,0.9585456885456886,0.964026169026169,0.9610939510939511,0.9583161733161732,-0.008258258258258322
0,random,pseudo,40,1,4,"[0,4,6,9]",[7],40,36,0.9585456885456886,0.964026169026169,0.9585456885456886,0.9613234663234664,-0.002702702702702564
0,random,pseudo,40,2,3,[3],"[1,2,5,8]",37,40,0.9585456885456886,0.9557679107679107,0.9610939510939511,0.9528356928356928,-0.005480480480480443
0,random,pseudo,40,2,4,[3],[7],37,36,0.9585456885456886,0.9557679107679107,0.9585456885456886,0.9557679107679107,0.0
0,random,pseudo,40,3,4,"[1,2,5,8]",[7],40,36,0.9585456885456886,0.9610939510939511,0.9585456885456886,0.9610939510939511,0.0
0,random,true,5,1,2,"[0,4,6,9]",[3],5,5,0.9585456885456886,0.9585456885456886,0.9585456885456886,0.9585456885456886,0.0
0,random,true,5,1,3,"[0,4,6,9]","[1,2,5,8]",5,5,0.9585456885456886,0.9585456885456886,0.9612483912483911,0.9612483912483911,0.0
0,random,true,5,1,4,"[0,4,6,9]",[7],5,5,0.9585456885456886,0.9585456885456886,0.9585456885456886,0.9585456885456886,0.0
0,random,true,5,2,3,[3],"[1,2,5,8]",5,5,0.9585456885456886,0.9585456885456886,0.9612483912483911,0.9612483912483911,0.0
0,random,true,5,2,4,[3],[7],5,5,0.9585456885456886,0.9585456885456886,0.9585456885456886,0.9585456885456886,0.0
0,random,true,5,3,4,"[1,2,5,8]",[7],5,5,0.9585456885456886,0.9612483912483911,0.9585456885456886,0.9612483912483911,0.0
0,random,true,10,1,2,"[0,4,6,9]",[3],10,10,0.9585456885456886,0.9585456885456886,0.9585456885456886,0.9585456885456886,0.0
0,random,true,10,1,3,"[0,4,6,9]","[1,2,5,8]",10,10,0.9585456885456886,0.9585456885456886,0.9585456885456886,0.9585456885456886,0.0
0,random,true,10,1,4,"[0,4,6,9]",[7],10,10,0.9585456885456886,0.9585456885456886,0.9585456885456886,0.9585456885456886,0.0
0,random,true,10,2,3,[3],"[1,2,5,8]",10,10,0.9585456885456886,0.9585456885456886,0.9585456885456886,0.9585456885456886,0.0
0,random,true,10,2,4,[3],[7],10,10,0.9585456885456886,0.9585456885456886,0.9585456885456886,0.9585456885456886,0.0
0,random,true,10,3,4,"[1,2,5,8]",[7],10,10,0.9585456885456886,0.9585456885456886,0.9585456885456886,0.9585456885456886,0.0
0,random,true,20,1,2,"[0,4,6,9]",[3],20,20,0.9585456885456886,0.9585456885456886,0.963951093951094,0.9611733161733161,-0.002777777777777879
0,random,true,20,1,3,"[0,4,6,9]","[1,2,5,8]",20,20,0.9585456885456886,0.9585456885456886,0.9585456885456886,0.9585456885456886,0.0
0,random,true,20,1,4,"[0,4,6,9]",[7],20,20,0.9585456885456886,0.9585456885456886,0.9585456885456886,0.9613234663234664,0.002777777777777879
0,random,true,20,2,3,[3],"[1,2,5,8]",20,20,0.9585456885456886,0.963951093951094,0.9585456885456886,0.9666537966537966,0.002702702702702564
0,random,true,20,2,4,[3],[7],20,20,0.9585456885456886,0.963951093951094,0.9585456885456886,0.963951093951094,0.0
0,random,true,20,3,4,"[1,2,5,8]",[7],20,20,0.9585456885456886,0.9585456885456886,0.9585456885456886,0.9585456885456886,0.0
0,random,true,40,1,2,"[0,4,6,9]",[3],40,37,0.9585456885456886,0.9585456885456886,0.9638760188760189,0.9611733161733161,-0.002702702702702786
0,random,true,40,1,3,"[0,4,6,9]","[1,2,5,8]",40,40,0.9585456885456886,0.9585456885456886,0.9501329901329901,0.9584706134706135,0.008337623337623334
0,random,true,40,1,4,"[0,4,6,9]",[7],40,36,0.9585456885456886,0.9585456885456886,0.9585456885456886,0.9585456885456886,0.0
0,random,true,40,2,3,[3],"[1,2,5,8]",37,40,0.9585456885456886,0.9638760188760189,0.9501329901329901,0.9583955383955383,0.002932217932217762
0,random,true,40,2,4,[3],[7],37,36,0.9585456885456886,0.9638760188760189,0.9585456885456886,0.9611733161733161,-0.002702702702702786
0,random,true,40,3,4,"[1,2,5,8]",[7],40,36,0.9585456885456886,0.9501329901329901,0.9585456885456886,0.9557679107679107,0.005634920634920548
1,competence,pseudo,5,1,2,"[1,2,4,5,7,8,9]",[6],5,5,0.9466304539833951,0.952274333156686,0.9466304539833951,0.952274333156686,0.0
1,competence,pseudo,5,1,3,"[1,2,4,5,7,8,9]",[3],5,5,0.9466304539833951,0.952274333156686,0.9464670552905845,0.9464670552905845,-0.0056438791732909
1,competence,pseudo,5,1,4,"[1,2,4,5,7,8,9]",[0],5,5,0.9466304539833951,0.952274333156686,0.9466304539833951,0.952274333156686,0.0
1,competence,pseudo,5,2,3,[6],[3],5,5,0.9466304539833951,0.9466304539833951,0.9464670552905845,0.9464670552905845,0.0
1,competence,pseudo,5,2,4,[6],[0],5,5,0.9466304539833951,0.9466304539833951,0.9466304539833951,0.9466304539833951,0.0
1,competence,pseudo,5,3,4,[3],[0],5,5,0.9466304539833951,0.9464670552905845,0.9466304539833951,0.9464670552905845,0.0
1,competence,pseudo,10,1,2,"[1,2,4,5,7,8,9]",[6],10,10,0.9466304539833951,0.952274333156686,0.9466304539833951,0.952274333156686,0.0
1,competence,pseudo,10,1,3,"[1,2,4,5,7,8,9]",[3],10,10,0.9466304539833951,0.952274333156686,0.9464670552905845,0.9491697579932874,-0.002941176470588003
1,competence,pseudo,10,1,4,"[1,2,4,5,7,8,9]",[0],10,10,0.9466304539833951,0.952274333156686,0.9466304539833951,0.952274333156686,0.0
1,competence,pseudo,10,2,3,[6],[3],10,10,0.9466304539833951,0.9466304539833951,0.9464670552905845,0.9464670552905845,0.0
1,competence,pseudo,10,2,4,[6],[0],10,10,0.9466304539833951,0.9466304539833951,0.9466304539833951,0.9438526762056172,-0.002777777777777879
1,competence,pseudo,10,3,4,[3],[0],10,10,0.9466304539833951,0.9464670552905845,0.9466304539833951,0.9464670552905845,0.0
1,competence,pseudo,20,1,2,"[1,2,4,5,7,8,9]",[6],20,20,0.9466304539833951,0.9497350291467939,0.9466304539833951,0.9497350291467939,0.0
1,competence,pseudo,20,1,3,"[1,2,4,5,7,8,9]",[3],20,20,0.9466304539833951,0.9497350291467939,0.9464670552905845,0.9438526762056174,-0.005718954248365882
1,competence,pseudo,20,1,4,"[1,2,4,5,7,8,9]",[0],20,20,0.9466304539833951,0.9497350291467939,0.9438526762056172,0.946957251369016,0.0
1,competence,pseudo,20,2,3,[6],[3],20,20,0.9466304539833951,0.9466304539833951,0.9464670552905845,0.9464670552905845,0.0
1,competence,pseudo,20,2,4,[6],[0],20,20,0.9466304539833951,0.9466304539833951,0.9438526762056172,0.9438526762056172,0.0
1,competence,pseudo,20,3,4,[3],[0],20,20,0.9466304539833951,0.9464670552905845,0.9438526762056172,0.9436892775128068,2.220446049250313e-16
1,competence,pseudo,40,1,2,"[1,2,4,5,7,8,9]",[6],40,36,0.9466304539833951,0.9494082317611727,0.9493331566860977,0.9491697579932874,-0.002941176470588003
1,competence,pseudo,40,1,3,"[1,2,4,5,7,8,9]",[3],40,37,0.9466304539833951,0.9494082317611727,0.9464670552905845,0.9407481010422186,-0.008496732026143539
1,competence,pseudo,40,1,4,"[1,2,4,5,7,8,9]",[0],40,36,0.9466304539833951,0.9494082317611727,0.9495716304539833,0.9494082317611727,-0.002941176470588225
1,competence,pseudo,40,2,3,[6],[3],36,37,0.9466304539833951,0.9493331566860977,0.9464670552905845,0.9491697579932874,2.220446049250313e-16
1,competence,pseudo,40,2,4,[6],[0],36,36,0.9466304539833951,0.9493331566860977,0.9495716304539833,0.9493331566860977,-0.002941176470588225
1,competence,pseudo,40,3,4,[3],[0],37,36,0.9466304539833951,0.9464670552905845,0.9495716304539833,0.9464670552905845,-0.002941176470588225
1,competence,true,5,1,2,"[1,2,4,5,7,8,9]",[6],5,5,0.9466304539833951,0.952274333156686,0.9466304539833951,0.952274333156686,0.0
1,competence,true,5,1,3,"[1,2,4,5,7,8,9]",[3],5,5,0.9466304539833951,0.952274333156686,0.9466304539833951,0.9494082317611727,-0.002866101395513243
1,competence,true,5,1,4,"[1,2,4,5,7,8,9]",[0],5,5,0.9466304539833951,0.952274333156686,0.9466304539833951,0.952274333156686,0.0
1,competence,true,5,2,3,[6],[3],5,5,0.9466304539833951,0.9466304539833951,0.9466304539833951,0.9466304539833951,0.0
1,competence,true,5,2,4,[6],[0],5,5,0.9466304539833951,0.9466304539833951,0.9466304539833951,0.9466304539833951,0.0
1,competence,true,5,3,4,[3],[0],5,5,0.9466304539833951,0.9466304539833951,0.9466304539833951,0.9494082317611727,0.002777777777777657
1,competence,true,10,1,2,"[1,2,4,5,7,8,9]",[6],10,10,0.9466304539833951,0.9493331566860977,0.9466304539833951,0.952274333156686,0.002941176470588225
1,competence,true,10,1,3,"[1,2,4,5,7,8,9]",[3],10,10,0.9466304539833951,0.9493331566860977,0.9466304539833951,0.9466304539833951,-0.002702702702702675
1,competence,true,10,1,4,"[1,2,4,5,7,8,9]",[0],10,10,0.9466304539833951,0.9493331566860977,0.9466304539833951,0.952274333156686,0.002941176470588225
1,competence,true,10,2,3,[6],[3],10,10,0.9466304539833951,0.9466304539833951,0.9466304539833951,0.9466304539833951,0.0
1,competence,true,10,2,4,[6],[0],10,10,0.9466304539833951,0.9466304539833951,0.9466304539833951,0.9466304539833951,0.0
1,competence,true,10,3,4,[3],[0],10,10,0.9466304539833951,0.9466304539833951,0.9466304539833951,0.9466304539833951,0.0
1,competence,true,20,1,2,"[1,2,4,5,7,8,9]",[6],20,20,0.9466304539833951,0.9467938526762056,0.9466304539833951,0.9467938526762056,0.0
1,competence,true,20,1,3,"[1,2,4,5,7,8,9]",[3],20,20,0.9466304539833951,0.9467938526762056,0.9466304539833951,0.9497350291467939,0.002941176470588225
1,competence,true,20,1,4,"[1,2,4,5,7,8,9]",[0],20,20,0.9466304539833951,0.9467938526762056,0.9466304539833951,0.9497350291467939,0.002941176470588225
1,competence,true,20,2,3,[6],[3],20,20,0.9466304539833951,0.9466304539833951,0.9466304539833951,0.9466304539833951,0.0
1,competence,true,20,2,4,[6],[0],20,20,0.9466304539833951,0.9466304539833951,0.9466304539833951,0.9466304539833951,0.0
1,competence,true,20,3,4,[3],[0],20,20,0.9466304539833951,0.9466304539833951,0.9466304539833951,0.9466304539833951,0.0
1,competence,true,40,1,2,"[1,2,4,5,7,8,9]",[6],40,36,0.9466304539833951,0.952274333156686,0.9466304539833951,0.9493331566860977,-0.002941176470588225
1,competence,true,40,1,3,"[1,2,4,5,7,8,9]",[3],40,37,0.9466304539833951,0.952274333156686,0.9494082317611727,0.9522743331566861,-0.002777777777777546
1,competence,true,40,1,4,"[1,2,4,5,7,8,9]",[0],40,36,0.9466304539833951,0.952274333156686,0.9495716304539833,0.952274333156686,-0.002941176470588225
1,competence,true,40,2,3,[6],[3],36,37,0.9466304539833951,0.9466304539833951,0.9494082317611727,0.9494082317611727,0.0
1,competence,true,40,2,4,[6],[0],36,36,0.9466304539833951,0.9466304539833951,0.9495716304539833,0.9495716304539833,0.0
1,competence,true,40,3,4,[3],[0],37,36,0.9466304539833951,0.9494082317611727,0.9495716304539833,0.9494082317611727,-0.002941176470588225
1,random,pseudo,5,1,2,"[1,2,3,5,7,8,9]",[4],5,5,0.9466304539833951,0.9495716304539833,0.9466304539833951,0.9495716304539833,0.0
1,random,pseudo,5,1,3,"[1,2,3,5,7,8,9]",[6],5,5,0.9466304539833951,0.9495716304539833,0.9466304539833951,0.9495716304539833,0.0
1,random,pseudo,5,1,4,"[1,2,3,5,7,8,9]",[0],5,5,0.9466304539833951,0.9495716304539833,0.9466304539833951,0.9495716304539833,0.0
1,random,pseudo,5,2,3,[4],[6],5,5,0.9466304539833951,0.9466304539833951,0.9466304539833951,0.9466304539833951,0.0
1,random,pseudo,5,2,4,[4],[0],5,5,0.9466304539833951,0.9466304539833951,0.9466304539833951,0.9466304539833951,0.0
1,random,pseudo,5,3,4,[6],[0],5,5,0.9466304539833951,0.9466304539833951,0.9466304539833951,0.9466304539833951,0.0
1,random,pseudo,10,1,2,"[1,2,3,5,7,8,9]",[4],10,10,0.9466304539833951,0.9495716304539833,0.9466304539833951,0.9495716304539833,0.0
1,random,pseudo,10,1,3,"[1,2,3,5,7,8,9]",[6],10,10,0.9466304539833951,0.9495716304539833,0.9466304539833951,0.9495716304539833,0.0
1,random,pseudo,10,1,4,"[1,2,3,5,7,8,9]",[0],10,10,0.9466304539833951,0.9495716304539833,0.9466304539833951,0.9495716304539833,0.0
1,random,pseudo,10,2,3,[4],[6],10,10,0.9466304539833951,0.9466304539833951,0.9466304539833951,0.9466304539833951,0.0
1,random,pseudo,10,2,4,[4],[0],10,10,0.9466304539833951,0.9466304539833951,0.9466304539833951,0.9438526762056172,-0.002777777777777879
1,random,pseudo,10,3,4,[6],[0],10,10,0.9466304539833951,0.9466304539833951,0.9466304539833951,0.9438526762056172,-0.002777777777777879
1,random,pseudo,20,1,2,"[1,2,3,5,7,8,9]",[4],20,20,0.9466304539833951,0.9467938526762056,0.9466304539833951,0.9494965553789083,0.002702702702702675
1,random,pseudo,20,1,3,"[1,2,3,5,7,8,9]",[6],20,20,0.9466304539833951,0.9467938526762056,0.9493331566860977,0.9494965553789083,0.0
1,random,pseudo,20,1,4,"[1,2,3,5,7,8,9]",[0],20,20,0.9466304539833951,0.9467938526762056,0.9438526762056172,0.9437776011305423,-0.00023847376788543873
1,random,pseudo,20,2,3,[4],[6],20,20,0.9466304539833951,0.9466304539833951,0.9493331566860977,0.9493331566860977,0.0
1,random,pseudo,20,2,4,[4],[0],20,20,0.9466304539833951,0.9466304539833951,0.9438526762056172,0.9438526762056172,0.0
1,random,pseudo,20,3,4,[6],[0],20,20,0.9466304539833951,0.9493331566860977,0.9438526762056172,0.9465553789083201,2.220446049250313e-16
1,random,pseudo,40,1,2,"[1,2,3,5,7,8,9]",[4],40,36,0.9466304539833951,0.9495716304539833,0.9466304539833951,0.9495716304539833,0.0
1,random,pseudo,40,1,3,"[1,2,3,5,7,8,9]",[6],40,36,0.9466304539833951,0.9495716304539833,0.9493331566860977,0.9495716304539833,-0.002702702702702675
1,random,pseudo,40,1,4,"[1,2,3,5,7,8,9]",[0],40,36,0.9466304539833951,0.9495716304539833,0.9495716304539833,0.9495716304539833,-0.002941176470588225
1,random,pseudo,40,2,3,[4],[6],36,36,0.9466304539833951,0.9466304539833951,0.9493331566860977,0.9493331566860977,0.0
1,random,pseudo,40,2,4,[4],[0],36,36,0.9466304539833951,0.9466304539833951,0.9495716304539833,0.9495716304539833,0.0
1,random,pseudo,40,3,4,[6],[0],36,36,0.9466304539833951,0.9493331566860977,0.9495716304539833,0.9493331566860977,-0.002941176470588225
1,random,true,5,1,2,"[1,2,3,5,7,8,9]",[4],5,5,0.9466304539833951,0.9495716304539833,0.9466304539833951,0.9495716304539833,0.0
1,random,true,5,1,3,"[1,2,3,5,7,8,9]",[6],5,5,0.9466304539833951,0.9495716304539833,0.9466304539833951,0.9495716304539833,0.0
1,random,true,5,1,4,"[1,2,3,5,7,8,9]",[0],5,5,0.9466304539833951,0.9495716304539833,0.9466304539833951,0.9495716304539833,0.0
1,random,true,5,2,3,[4],[6],5,5,0.9466304539833951,0.9466304539833951,0.9466304539833951,0.9466304539833951,0.0
1,random,true,5,2,4,[4],[0],5,5,0.9466304539833951,0.9466304539833951,0.9466304539833951,0.9466304539833951,0.0
1,random,true,5,3,4,[6],[0],5,5,0.9466304539833951,0.9466304539833951,0.9466304539833951,0.9466304539833951,0.0
1,random,true,10,1,2,"[1,2,3,5,7,8,9]",[4],10,10,0.9466304539833951,0.9495716304539833,0.9466304539833951,0.9495716304539833,0.0
1,random,true,10,1,3,"[1,2,3,5,7,8,9]",[6],10,10,0.9466304539833951,0.9495716304539833,0.9466304539833951,0.9495716304539833,0.0
1,random,true,10,1,4,"[1,2,3,5,7,8,9]",[0],10,10,0.9466304539833951,0.9495716304539833,0.9466304539833951,0.9495716304539833,0.0
1,random,true,10,2,3,[4],[6],10,10,0.9466304539833951,0.9466304539833951,0.9466304539833951,0.9466304539833951,0.0
1,random,true,10,2,4,[4],[0],10,10,0.9466304539833951,0.9466304539833951,0.9466304539833951,0.9493331566860977,0.002702702702702675
1,random,true,10,3,4,[6],[0],10,10,0.9466304539833951,0.9466304539833951,0.9466304539833951,0.9466304539833951,0.0
1,random,true,20,1,2,"[1,2,3,5,7,8,9]",[4],20,20,0.9466304539833951,0.9497350291467939,0.9466304539833951,0.9497350291467939,0.0
1,random,true,20,1,3,"[1,2,3,5,7,8,9]",[6],20,20,0.9466304539833951,0.9497350291467939,0.9466304539833951,0.9524377318494965,0.002702702702702675
1,random,true,20,1,4,"[1,2,3,5,7,8,9]",[0],20,20,0.9466304539833951,0.9497350291467939,0.9466304539833951,0.9497350291467939,0.0
1,random,true,20,2,3,[4],[6],20,20,0.9466304539833951,0.9466304539833951,0.9466304539833951,0.9466304539833951,0.0
1,random,true,20,2,4,[4],[0],20,20,0.9466304539833951,0.9466304539833951,0.9466304539833951,0.9466304539833951,0.0
1,random,true,20,3,4,[6],[0],20,20,0.9466304539833951,0.9466304539833951,0.9466304539833951,0.9466304539833951,0.0
1,random,true,40,1,2,"[1,2,3,5,7,8,9]",[4],40,36,0.9466304539833951,0.952274333156686,0.9466304539833951,0.9552155096272742,0.002941176470588225
1,random,true,40,1,3,"[1,2,3,5,7,8,9]",[6],40,36,0.9466304539833951,0.952274333156686,0.9466304539833951,0.952274333156686,0.0
1,random,true,40,1,4,"[1,2,3,5,7,8,9]",[0],40,36,0.9466304539833951,0.952274333156686,0.9495716304539833,0.9552155096272742,0.0
1,random,true,40,2,3,[4],[6],36,36,0.9466304539833951,0.9466304539833951,0.9466304539833951,0.9466304539833951,0.0
1,random,true,40,2,4,[4],[0],36,36,0.9466304539833951,0.9466304539833951,0.9495716304539833,0.9495716304539833,0.0
1,random,true,40,3,4,[6],[0],36,36,0.9466304539833951,0.9466304539833951,0.9495716304539833,0.9495716304539833,0.0
2,competence,pseudo,5,1,2,"[2,8]","[0,1,3,4,5,9]",5,5,0.9445548489666136,0.9445548489666136,0.9445548489666136,0.9445548489666136,0.0
2,competence,pseudo,5,1,3,"[2,8]",[7],5,5,0.9445548489666136,0.9445548489666136,0.9445548489666136,0.9445548489666136,0.0
2,competence,pseudo,5,1,4,"[2,8]",[6],5,5,0.9445548489666136,0.9445548489666136,0.9445548489666136,0.9445548489666136,0.0
2,competence,pseudo,5,2,3,"[0,1,3,4,5,9]",[7],5,5,0.9445548489666136,0.9445548489666136,0.9445548489666136,0.9445548489666136,0.0
2,competence,pseudo,5,2,4,"[0,1,3,4,5,9]",[6],5,5,0.9445548489666136,0.9445548489666136,0.9445548489666136,0.9473326267443914,0.002777777777777879
2,competence,pseudo,5,3,4,[7],[6],5,5,0.9445548489666136,0.9445548489666136,0.9445548489666136,0.9445548489666136,0.0
2,competence,pseudo,10,1,2,"[2,8]","[0,1,3,4,5,9]",10,10,0.9445548489666136,0.9416136724960253,0.9443914502738032,0.9416136724960253,0.0001633986928103459
2,competence,pseudo,10,1,3,"[2,8]",[7],10,10,0.9445548489666136,0.9416136724960253,0.9445548489666136,0.9416136724960253,0.0
2,competence,pseudo,10,1,4,"[2,8]",[6],10,10,0.9445548489666136,0.9416136724960253,0.9472575516693164,0.9445548489666136,0.00023847376788543873
2,competence,pseudo,10,2,3,"[0,1,3,4,5,9]",[7],10,10,0.9445548489666136,0.9443914502738032,0.9445548489666136,0.9443914502738032,0.0
2,competence,pseudo,10,2,4,"[0,1,3,4,5,9]",[6],10,10,0.9445548489666136,0.9443914502738032,0.9472575516693164,0.950035329447094,0.002941176470588003
2,competence,pseudo,10,3,4,[7],[6],10,10,0.9445548489666136,0.9445548489666136,0.9472575516693164,0.9445548489666136,-0.002702702702702786
2,competence,pseudo,20,1,2,"[2,8]","[0,1,3,4,5,9]",20,20,0.9445548489666136,0.9418521462639109,0.9473326267443914,0.941927221338986,-0.002702702702702786
2,competence,pseudo,20,1,3,"[2,8]",[7],20,20,0.9445548489666136,0.9418521462639109,0.9445548489666136,0.9474077018194664,0.005555555555555536
2,competence,pseudo,20,1,4,"[2,8]",[6],20,20,0.9445548489666136,0.9418521462639109,0.9445548489666136,0.9418521462639109,0.0
2,competence,pseudo,20,2,3,"[0,1,3,4,5,9]",[7],20,20,0.9445548489666136,0.9473326267443914,0.9445548489666136,0.9446299240416887,-0.002702702702702786
2,competence,pseudo,20,2,4,"[0,1,3,4,5,9]",[6],20,20,0.9445548489666136,0.9473326267443914,0.9445548489666136,0.9446299240416887,-0.002702702702702786
2,competence,pseudo,20,3,4,[7],[6],20,20,0.9445548489666136,0.9445548489666136,0.9445548489666136,0.9501104045221691,0.005555555555555536
2,competence,pseudo,40,1,2,"[2,8]","[0,1,3,4,5,9]",40,40,0.9445548489666136,0.9475711005122769,0.9446299240416887,0.9502738032149797,0.0026276276276276933
2,competence,pseudo,40,1,3,"[2,8]",[7],40,36,0.9445548489666136,0.9475711005122769,0.9446299240416887,0.9475711005122769,-7.507507507509281e-05
2,competence,pseudo,40,1,4,"[2,8]",[6],40,36,0.9445548489666136,0.9475711005122769,0.9418521462639109,0.9475711005122769,0.002702702702702675
2,competence,pseudo,40,2,3,"[0,1,3,4,5,9]",[7],40,36,0.9445548489666136,0.9446299240416887,0.9446299240416887,0.941927221338986,-0.002777777777777768
2,competence,pseudo,40,2,4,"[0,1,3,4,5,9]",[6],40,36,0.9445548489666136,0.9446299240416887,0.9418521462639109,0.9418521462639109,-7.507507507509281e-05
2,competence,pseudo,40,3,4,[7],[6],36,36,0.9445548489666136,0.9446299240416887,0.9418521462639109,0.9446299240416887,0.002702702702702675
2,competence,true,5,1,2,"[2,8]","[0,1,3,4,5,9]",5,5,0.9445548489666136,0.9445548489666136,0.9445548489666136,0.9473326267443914,0.002777777777777879
2,competence,true,5,1,3,"[2,8]",[7],5,5,0.9445548489666136,0.9445548489666136,0.9445548489666136,0.9473326267443914,0.002777777777777879
2,competence,true,5,1,4,"[2,8]",[6],5,5,0.9445548489666136,0.9445548489666136,0.9445548489666136,0.9473326267443914,0.002777777777777879
2,competence,true,5,2,3,"[0,1,3,4,5,9]",[7],5,5,0.9445548489666136,0.9445548489666136,0.9445548489666136,0.9445548489666136,0.0
2,competence,true,5,2,4,"[0,1,3,4,5,9]",[6],5,5,0.9445548489666136,0.9445548489666136,0.9445548489666136,0.9473326267443914,0.002777777777777879
2,competence,true,5,3,4,[7],[6],5,5,0.9445548489666136,0.9445548489666136,0.9445548489666136,0.9445548489666136,0.0
2,competence,true,10,1,2,"[2,8]","[0,1,3,4,5,9]",10,10,0.9445548489666136,0.9416136724960253,0.9443914502738032,0.9416136724960253,0.0001633986928103459
2,competence,true,10,1,3,"[2,8]",[7],10,10,0.9445548489666136,0.9416136724960253,0.9445548489666136,0.9416136724960253,0.0
2,competence,true,10,1,4,"[2,8]",[6],10,10,0.9445548489666136,0.9416136724960253,0.9472575516693164,0.9445548489666136,0.00023847376788543873
2,competence,true,10,2,3,"[0,1,3,4,5,9]",[7],10,10,0.9445548489666136,0.9443914502738032,0.9445548489666136,0.9443914502738032,0.0
2,competence,true,10,2,4,"[0,1,3,4,5,9]",[6],10,10,0.9445548489666136,0.9443914502738032,0.9472575516693164,0.950035329447094,0.002941176470588003
2,competence,true,10,3,4,[7],[6],10,10,0.9445548489666136,0.9445548489666136,0.9472575516693164,0.9445548489666136,-0.002702702702702786
2,competence,true,20,1,2,"[2,8]","[0,1,3,4,5,9]",20,20,0.9445548489666136,0.9502738032149797,0.9417770711888359,0.947496025437202,0.0
2,competence,true,20,1,3,"[2,8]",[7],20,20,0.9445548489666136,0.9502738032149797,0.9417770711888359,0.9502738032149797,0.002777777777777657
2,competence,true,20,1,4,"[2,8]",[6],20,20,0.9445548489666136,0.9502738032149797,0.9445548489666136,0.9502738032149797,0.0
2,competence,true,20,2,3,"[0,1,3,4,5,9]",[7],20,20,0.9445548489666136,0.9417770711888359,0.9417770711888359,0.9417770711888359,0.002777777777777657
2,competence,true,20,2,4,"[0,1,3,4,5,9]",[6],20,20,0.9445548489666136,0.9417770711888359,0.9445548489666136,0.9417770711888359,0.0
2,competence,true,20,3,4,[7],[6],20,20,0.9445548489666136,0.9417770711888359,0.9445548489666136,0.9417770711888359,0.0
2,competence,true,40,1,2,"[2,8]","[0,1,3,4,5,9]",40,40,0.9445548489666136,0.9502738032149797,0.9446299240416887,0.941927221338986,-0.008421656951068779
2,competence,true,40,1,3,"[2,8]",[7],40,36,0.9445548489666136,0.9502738032149797,0.9445548489666136,0.9474960254372018,-0.002777777777777879
2,competence,true,40,1,4,"[2,8]",[6],40,36,0.9445548489666136,0.9502738032149797,0.9418521462639109,0.9475711005122769,-1.1102230246251565e-16
2,competence,true,40,2,3,"[0,1,3,4,5,9]",[7],40,36,0.9445548489666136,0.9446299240416887,0.9445548489666136,0.9418521462639109,-0.002777777777777768
2,competence,true,40,2,4,"[0,1,3,4,5,9]",[6],40,36,0.9445548489666136,0.9446299240416887,0.9418521462639109,0.9446299240416887,0.002702702702702675
2,competence,true,40,3,4,[7],[6],36,36,0.9445548489666136,0.9445548489666136,0.9418521462639109,0.9390743684861331,-0.002777777777777768
2,random,pseudo,5,1,2,"[4,6]","[1,2,3,5,7,9]",5,5,0.9445548489666136,0.9445548489666136,0.9445548489666136,0.9445548489666136,0.0
2,random,pseudo,5,1,3,"[4,6]",[8],5,5,0.9445548489666136,0.9445548489666136,0.9445548489666136,0.9445548489666136,0.0
2,random,pseudo,5,1,4,"[4,6]",[0],5,5,0.9445548489666136,0.9445548489666136,0.9445548489666136,0.9445548489666136,0.0
2,random,pseudo,5,2,3,"[1,2,3,5,7,9]",[8],5,5,0.9445548489666136,0.9445548489666136,0.9445548489666136,0.9445548489666136,0.0
2,random,pseudo,5,2,4,"[1,2,3,5,7,9]",[0],5,5,0.9445548489666136,0.9445548489666136,0.9445548489666136,0.9445548489666136,0.0
2,random,pseudo,5,3,4,[8],[0],5,5,0.9445548489666136,0.9445548489666136,0.9445548489666136,0.9445548489666136,0.0
2,random,pseudo,10,1,2,"[4,6]","[1,2,3,5,7,9]",10,10,0.9445548489666136,0.9445548489666136,0.9418521462639109,0.9418521462639109,0.0
2,random,pseudo,10,1,3,"[4,6]",[8],10,10,0.9445548489666136,0.9445548489666136,0.9445548489666136,0.9445548489666136,0.0
2,random,pseudo,10,1,4,"[4,6]",[0],10,10,0.9445548489666136,0.9445548489666136,0.9445548489666136,0.9445548489666136,0.0
2,random,pseudo,10,2,3,"[1,2,3,5,7,9]",[8],10,10,0.9445548489666136,0.9418521462639109,0.9445548489666136,0.9445548489666136,0.002702702702702675
2,random,pseudo,10,2,4,"[1,2,3,5,7,9]",[0],10,10,0.9445548489666136,0.9418521462639109,0.9445548489666136,0.9418521462639109,0.0
2,random,pseudo,10,3,4,[8],[0],10,10,0.9445548489666136,0.9445548489666136,0.9445548489666136,0.9445548489666136,0.0
2,random,pseudo,20,1,2,"[4,6]","[1,2,3,5,7,9]",20,20,0.9445548489666136,0.9445548489666136,0.9445548489666136,0.9445548489666136,0.0
2,random,pseudo,20,1,3,"[4,6]",[8],20,20,0.9445548489666136,0.9445548489666136,0.9418521462639109,0.9445548489666138,0.002702702702702897
2,random,pseudo,20,1,4,"[4,6]",[0],20,20,0.9445548489666136,0.9445548489666136,0.9445548489666136,0.9416136724960253,-0.002941176470588225
2,random,pseudo,20,2,3,"[1,2,3,5,7,9]",[8],20,20,0.9445548489666136,0.9445548489666136,0.9418521462639109,0.9473326267443914,0.005480480480480554
2,random,pseudo,20,2,4,"[1,2,3,5,7,9]",[0],20,20,0.9445548489666136,0.9445548489666136,0.9445548489666136,0.9418521462639109,-0.002702702702702675
2,random,pseudo,20,3,4,[8],[0],20,20,0.9445548489666136,0.9418521462639109,0.9445548489666136,0.9446299240416887,0.002777777777777768
2,random,pseudo,40,1,2,"[4,6]","[1,2,3,5,7,9]",40,40,0.9445548489666136,0.9445548489666136,0.9501854795972442,0.952888182299947,0.002702702702702786
2,random,pseudo,40,1,3,"[4,6]",[8],40,35,0.9445548489666136,0.9445548489666136,0.9447933227344991,0.9420906200317963,-0.002702702702702786
2,random,pseudo,40,1,4,"[4,6]",[0],40,36,0.9445548489666136,0.9445548489666136,0.9445548489666136,0.9445548489666136,0.0
2,random,pseudo,40,2,3,"[1,2,3,5,7,9]",[8],40,35,0.9445548489666136,0.9501854795972442,0.9447933227344991,0.9418521462639109,-0.008571807101218853
2,random,pseudo,40,2,4,"[1,2,3,5,7,9]",[0],40,36,0.9445548489666136,0.9501854795972442,0.9445548489666136,0.9501854795972442,0.0
2,random,pseudo,40,3,4,[8],[0],35,36,0.9445548489666136,0.9447933227344991,0.9445548489666136,0.9447933227344991,0.0
2,random,true,5,1,2,"[4,6]","[1,2,3,5,7,9]",5,5,0.9445548489666136,0.9445548489666136,0.9445548489666136,0.9445548489666136,0.0
2,random,true,5,1,3,"[4,6]",[8],5,5,0.9445548489666136,0.9445548489666136,0.9445548489666136,0.9445548489666136,0.0
2,random,true,5,1,4,"[4,6]",[0],5,5,0.9445548489666136,0.9445548489666136,0.9445548489666136,0.9445548489666136,0.0
2,random,true,5,2,3,"[1,2,3,5,7,9]",[8],5,5,0.9445548489666136,0.9445548489666136,0.9445548489666136,0.9445548489666136,0.0
2,random,true,5,2,4,"[1,2,3,5,7,9]",[0],5,5,0.9445548489666136,0.9445548489666136,0.9445548489666136,0.9445548489666136,0.0
2,random,true,5,3,4,[8],[0],5,5,0.9445548489666136,0.9445548489666136,0.9445548489666136,0.9445548489666136,0.0
2,random,true,10,1,2,"[4,6]","[1,2,3,5,7,9]",10,10,0.9445548489666136,0.9445548489666136,0.9418521462639109,0.9418521462639109,0.0
2,random,true,10,1,3,"[4,6]",[8],10,10,0.9445548489666136,0.9445548489666136,0.9471692280515809,0.9471692280515809,0.0
2,random,true,10,1,4,"[4,6]",[0],10,10,0.9445548489666136,0.9445548489666136,0.9445548489666136,0.9445548489666136,0.0
2,random,true,10,2,3,"[1,2,3,5,7,9]",[8],10,10,0.9445548489666136,0.9418521462639109,0.9471692280515809,0.9416887475711004,-0.002777777777777768
2,random,true,10,2,4,"[1,2,3,5,7,9]",[0],10,10,0.9445548489666136,0.9418521462639109,0.9445548489666136,0.9418521462639109,0.0
2,random,true,10,3,4,[8],[0],10,10,0.9445548489666136,0.9471692280515809,0.9445548489666136,0.9471692280515809,0.0
2,random,true,20,1,2,"[4,6]","[1,2,3,5,7,9]",20,20,0.9445548489666136,0.9445548489666136,0.9445548489666136,0.9445548489666136,0.0
2,random,true,20,1,3,"[4,6]",[8],20,20,0.9445548489666136,0.9445548489666136,0.9444665253488782,0.9417638226461754,-0.002702702702702786
2,random,true,20,1,4,"[4,6]",[0],20,20,0.9445548489666136,0.9445548489666136,0.9445548489666136,0.9416136724960253,-0.002941176470588225
2,random,true,20,2,3,"[1,2,3,5,7,9]",[8],20,20,0.9445548489666136,0.9445548489666136,0.9444665253488782,0.9446299240416888,0.00016339869281056796
2,random,true,20,2,4,"[1,2,3,5,7,9]",[0],20,20,0.9445548489666136,0.9445548489666136,0.9445548489666136,0.9418521462639109,-0.002702702702702675
2,random,true,20,3,4,[8],[0],20,20,0.9445548489666136,0.9444665253488782,0.9445548489666136,0.9471692280515809,0.002702702702702675
2,random,true,40,1,2,"[4,6]","[1,2,3,5,7,9]",40,40,0.9445548489666136,0.9445548489666136,0.950035329447094,0.9527380321497969,0.002702702702702897
2,random,true,40,1,3,"[4,6]",[8],40,35,0.9445548489666136,0.9445548489666136,0.9559176823882705,0.9448683978095742,-0.01104928457869625
2,random,true,40,1,4,"[4,6]",[0],40,36,0.9445548489666136,0.9445548489666136,0.9445548489666136,0.9445548489666136,0.0
2,random,true,40,2,3,"[1,2,3,5,7,9]",[8],40,35,0.9445548489666136,0.950035329447094,0.9559176823882705,0.950035329447094,-0.011362833421656893
2,random,true,40,2,4,"[1,2,3,5,7,9]",[0],40,36,0.9445548489666136,0.950035329447094,0.9445548489666136,0.950035329447094,0.0
2,random,true,40,3,4,[8],[0],35,36,0.9445548489666136,0.9559176823882705,0.9445548489666136,0.9559176823882705,0.0
3,competence,pseudo,5,1,2,"[1,3,4,5,6,7,8]",[9],5,5,0.966565094506271,0.963707951649128,0.9638623918035684,0.966640169581346,0.005634920634920659
3,competence,pseudo,5,1,3,"[1,3,4,5,6,7,8]",[2],5,5,0.966565094506271,0.963707951649128,0.9664857294269058,0.9664857294269058,0.0028571428571430024
3,competence,pseudo,5,1,4,"[1,3,4,5,6,7,8]",[0],5,5,0.966565094506271,0.963707951649128,0.9693428722840487,0.9664857294269058,1.1102230246251565e-16
3,competence,pseudo,5,2,3,[9],[2],5,5,0.966565094506271,0.9638623918035684,0.9664857294269058,0.9638623918035683,7.936507936512349e-05
3,competence,pseudo,5,2,4,[9],[0],5,5,0.966565094506271,0.9638623918035684,0.9693428722840487,0.9638623918035684,-0.002777777777777657
3,competence,pseudo,5,3,4,[2],[0],5,5,0.966565094506271,0.9664857294269058,0.9693428722840487,0.9664857294269058,-0.002777777777777657
3,competence,pseudo,10,1,2,"[1,3,4,5,6,7,8]",[9],10,10,0.966565094506271,0.966565094506271,0.9664857294269058,0.9664857294269058,0.0
3,competence,pseudo,10,1,3,"[1,3,4,5,6,7,8]",[2],10,10,0.966565094506271,0.966565094506271,0.963707951649128,0.963707951649128,0.0
3,competence,pseudo,10,1,4,"[1,3,4,5,6,7,8]",[0],10,10,0.966565094506271,0.966565094506271,0.966565094506271,0.966565094506271,0.0
3,competence,pseudo,10,2,3,[9],[2],10,10,0.966565094506271,0.9664857294269058,0.963707951649128,0.9664857294269058,0.0028571428571430024
3,competence,pseudo,10,2,4,[9],[0],10,10,0.966565094506271,0.9664857294269058,0.966565094506271,0.9664857294269058,0.0
3,competence,pseudo,10,3,4,[2],[0],10,10,0.966565094506271,0.963707951649128,0.966565094506271,0.963707951649128,0.0
3,competence,pseudo,20,1,2,"[1,3,4,5,6,7,8]",[9],20,20,0.966565094506271,0.9692635072046837,0.9693385822797588,0.9663223307340955,-0.005714664244075962
3,competence,pseudo,20,1,3,"[1,3,4,5,6,7,8]",[2],20,20,0.966565094506271,0.9692635072046837,0.966565094506271,0.9693428722840487,7.936507936501247e-05
3,competence,pseudo,20,1,4,"[1,3,4,5,6,7,8]",[0],20,20,0.966565094506271,0.9692635072046837,0.966565094506271,0.9692635072046837,0.0
3,competence,pseudo,20,2,3,[9],[2],20,20,0.966565094506271,0.9693385822797588,0.966565094506271,0.9694179473591238,7.936507936501247e-05
3,competence,pseudo,20,2,4,[9],[0],20,20,0.966565094506271,0.9693385822797588,0.966565094506271,0.9693385822797588,0.0
3,competence,pseudo,20,3,4,[2],[0],20,20,0.966565094506271,0.966565094506271,0.966565094506271,0.966565094506271,0.0
3,competence,pseudo,40,1,2,"[1,3,4,5,6,7,8]",[9],40,36,0.966565094506271,0.9664857294269058,0.9663223307340955,0.9635445529563176,-0.0026984126984126444
3,competence,pseudo,40,1,3,"[1,3,4,5,6,7,8]",[2],40,35,0.966565094506271,0.9664857294269058,0.9693428722840487,0.966565094506271,-0.0026984126984124224
3,competence,pseudo,40,1,4,"[1,3,4,5,6,7,8]",[0],40,36,0.966565094506271,0.9664857294269058,0.966565094506271,0.9664857294269058,0.0
3,competence,pseudo,40,2,3,[9],[2],36,35,0.966565094506271,0.9663223307340955,0.9693428722840487,0.966640169581346,-0.0024599389305270947
3,competence,pseudo,40,2,4,[9],[0],36,36,0.966565094506271,0.9663223307340955,0.966565094506271,0.9691001085118733,0.002777777777777879
3,competence,pseudo,40,3,4,[2],[0],35,36,0.966565094506271,0.9693428722840487,0.966565094506271,0.9693428722840487,0.0
3,competence,true,5,1,2,"[1,3,4,5,6,7,8]",[9],5,5,0.966565094506271,0.963707951649128,0.966565094506271,0.963707951649128,0.0
3,competence,true,5,1,3,"[1,3,4,5,6,7,8]",[2],5,5,0.966565094506271,0.963707951649128,0.966565094506271,0.966565094506271,0.0028571428571430024
3,competence,true,5,1,4,"[1,3,4,5,6,7,8]",[0],5,5,0.966565094506271,0.963707951649128,0.9693428722840487,0.9664857294269058,1.1102230246251565e-16
3,competence,true,5,2,3,[9],[2],5,5,0.966565094506271,0.966565094506271,0.966565094506271,0.966565094506271,0.0
3,competence,true,5,2,4,[9],[0],5,5,0.966565094506271,0.966565094506271,0.9693428722840487,0.966565094506271,-0.002777777777777657
3,competence,true,5,3,4,[2],[0],5,5,0.966565094506271,0.966565094506271,0.9693428722840487,0.966565094506271,-0.002777777777777657
3,competence,true,10,1,2,"[1,3,4,5,6,7,8]",[9],10,10,0.966565094506271,0.966565094506271,0.9693428722840487,0.9721206500618266,0.002777777777777879
3,competence,true,10,1,3,"[1,3,4,5,6,7,8]",[2],10,10,0.966565094506271,0.966565094506271,0.963707951649128,0.963707951649128,0.0
3,competence,true,10,1,4,"[1,3,4,5,6,7,8]",[0],10,10,0.966565094506271,0.966565094506271,0.966565094506271,0.966565094506271,0.0
3,competence,true,10,2,3,[9],[2],10,10,0.966565094506271,0.9693428722840487,0.963707951649128,0.9692635072046837,0.00277777777777799
3,competence,true,10,2,4,[9],[0],10,10,0.966565094506271,0.9693428722840487,0.966565094506271,0.9693428722840487,0.0
3,competence,true,10,3,4,[2],[0],10,10,0.966565094506271,0.963707951649128,0.966565094506271,0.963707951649128,0.0
3,competence,true,20,1,2,"[1,3,4,5,6,7,8]",[9],20,20,0.966565094506271,0.9692635072046837,0.9692635072046837,0.9663223307340955,-0.005639589169000869
3,competence,true,20,1,3,"[1,3,4,5,6,7,8]",[2],20,20,0.966565094506271,0.9692635072046837,0.963707951649128,0.9720412849824616,0.005634920634920881
3,competence,true,20,1,4,"[1,3,4,5,6,7,8]",[0],20,20,0.966565094506271,0.9692635072046837,0.966565094506271,0.9692635072046837,0.0
3,competence,true,20,2,3,[9],[2],20,20,0.966565094506271,0.9692635072046837,0.963707951649128,0.9692635072046837,0.0028571428571430024
3,competence,true,20,2,4,[9],[0],20,20,0.966565094506271,0.9692635072046837,0.966565094506271,0.9692635072046837,0.0
3,competence,true,20,3,4,[2],[0],20,20,0.966565094506271,0.963707951649128,0.966565094506271,0.963707951649128,0.0
3,competence,true,40,1,2,"[1,3,4,5,6,7,8]",[9],40,36,0.966565094506271,0.9664857294269058,0.9691001085118733,0.9692635072046837,0.00024276377217558043
3,competence,true,40,1,3,"[1,3,4,5,6,7,8]",[2],40,35,0.966565094506271,0.9664857294269058,0.9664857294269058,0.9692635072046837,0.0028571428571431134
3,competence,true,40,1,4,"[1,3,4,5,6,7,8]",[0],40,36,0.966565094506271,0.9664857294269058,0.966565094506271,0.9664857294269058,0.0
3,competence,true,40,2,3,[9],[2],36,35,0.966565094506271,0.9691001085118733,0.9664857294269058,0.9665608045019811,-0.0024599389305269836
3,competence,true,40,2,4,[9],[0],36,36,0.966565094506271,0.9691001085118733,0.966565094506271,0.9691001085118733,0.0
3,competence,true,40,3,4,[2],[0],35,36,0.966565094506271,0.9664857294269058,0.966565094506271,0.9664857294269058,0.0
3,random,pseudo,5,1,2,"[0,2,4,5,6,7,9]",[8],5,5,0.966565094506271,0.963707951649128,0.9692635072046837,0.9664857294269058,7.936507936512349e-05
3,random,pseudo,5,1,3,"[0,2,4,5,6,7,9]",[3],5,5,0.966565094506271,0.963707951649128,0.9694179473591238,0.9665608045019809,1.1102230246251565e-16
3,random,pseudo,5,1,4,"[0,2,4,5,6,7,9]",[1],5,5,0.966565094506271,0.963707951649128,0.9748984278396045,0.9720412849824616,1.1102230246251565e-16
3,random,pseudo,5,2,3,[8],[3],5,5,0.966565094506271,0.9692635072046837,0.9694179473591238,0.9637830267242032,-0.008333333333333193
3,random,pseudo,5,2,4,[8],[1],5,5,0.966565094506271,0.9692635072046837,0.9748984278396045,0.9720412849824616,-0.005555555555555536
3,random,pseudo,5,3,4,[3],[1],5,5,0.966565094506271,0.9694179473591238,0.9748984278396045,0.9721163600575364,-0.00563492063492077
3,random,pseudo,10,1,2,"[0,2,4,5,6,7,9]",[8],10,10,0.966565094506271,0.9693428722840487,0.9694179473591239,0.9694179473591239,-0.002777777777777657
3,random,pseudo,10,1,3,"[0,2,4,5,6,7,9]",[3],10,10,0.966565094506271,0.9693428722840487,0.9720412849824613,0.9720412849824613,-0.002777777777777657
3,random,pseudo,10,1,4,"[0,2,4,5,6,7,9]",[1],10,10,0.966565094506271,0.9693428722840487,0.963707951649128,0.963707951649128,-0.002777777777777657
3,random,pseudo,10,2,3,[8],[3],10,10,0.966565094506271,0.9694179473591239,0.9720412849824613,0.9694136573548338,-0.005480480480480443
3,random,pseudo,10,2,4,[8],[1],10,10,0.966565094506271,0.9694179473591239,0.963707951649128,0.9665608045019809,0.0
3,random,pseudo,10,3,4,[3],[1],10,10,0.966565094506271,0.9720412849824613,0.963707951649128,0.9720412849824613,0.0028571428571430024
3,random,pseudo,20,1,2,"[0,2,4,5,6,7,9]",[8],20,20,0.966565094506271,0.9582274711686475,0.963783026724203,0.963783026724203,0.008337623337623556
3,random,pseudo,20,1,3,"[0,2,4,5,6,7,9]",[3],20,20,0.966565094506271,0.9582274711686475,0.966640169581346,0.9610052489464254,0.002702702702702897
3,random,pseudo,20,1,4,"[0,2,4,5,6,7,9]",[1],20,20,0.966565094506271,0.9582274711686475,0.9664857294269058,0.9610052489464254,0.0028571428571431134
3,random,pseudo,20,2,3,[8],[3],20,20,0.966565094506271,0.963783026724203,0.966640169581346,0.9665608045019811,0.002702702702703119
3,random,pseudo,20,2,4,[8],[1],20,20,0.966565094506271,0.963783026724203,0.9664857294269058,0.9665608045019809,0.0028571428571431134
3,random,pseudo,20,3,4,[3],[1],20,20,0.966565094506271,0.966640169581346,0.9664857294269058,0.9665608045019809,1.1102230246251565e-16
3,random,pseudo,40,1,2,"[0,2,4,5,6,7,9]",[8],40,35,0.966565094506271,0.963707951649128,0.9665608045019809,0.9554496933908698,-0.00825396825396807
3,random,pseudo,40,1,3,"[0,2,4,5,6,7,9]",[3],40,37,0.966565094506271,0.963707951649128,0.9720412849824613,0.9692635072046836,7.936507936523451e-05
3,random,pseudo,40,1,4,"[0,2,4,5,6,7,9]",[1],40,36,0.966565094506271,0.963707951649128,0.9664857294269058,0.9607667751785399,-0.0028618113912228793
3,random,pseudo,40,2,3,[8],[3],35,37,0.966565094506271,0.9665608045019809,0.9720412849824613,0.9721163600575364,7.936507936523451e-05
3,random,pseudo,40,2,4,[8],[1],35,36,0.966565094506271,0.9665608045019809,0.9664857294269058,0.9693385822797588,0.0028571428571431134
3,random,pseudo,40,3,4,[3],[1],37,36,0.966565094506271,0.9720412849824613,0.9664857294269058,0.9720412849824613,7.936507936523451e-05
3,random,true,5,1,2,"[0,2,4,5,6,7,9]",[8],5,5,0.966565094506271,0.963707951649128,0.9692635072046837,0.9664857294269058,7.936507936512349e-05
3,random,true,5,1,3,"[0,2,4,5,6,7,9]",[3],5,5,0.966565094506271,0.963707951649128,0.966565094506271,0.9664857294269058,0.002777777777777768
3,random,true,5,1,4,"[0,2,4,5,6,7,9]",[1],5,5,0.966565094506271,0.963707951649128,0.9748984278396045,0.9720412849824616,1.1102230246251565e-16
3,random,true,5,2,3,[8],[3],5,5,0.966565094506271,0.9692635072046837,0.966565094506271,0.9664857294269058,-0.002777777777777879
3,random,true,5,2,4,[8],[1],5,5,0.966565094506271,0.9692635072046837,0.9748984278396045,0.9720412849824616,-0.005555555555555536
3,random,true,5,3,4,[3],[1],5,5,0.966565094506271,0.966565094506271,0.9748984278396045,0.9721206500618266,-0.002777777777777879
3,random,true,10,1,2,"[0,2,4,5,6,7,9]",[8],10,10,0.966565094506271,0.9693428722840487,0.966565094506271,0.966565094506271,-0.002777777777777657
3,random,true,10,1,3,"[0,2,4,5,6,7,9]",[3],10,10,0.966565094506271,0.9693428722840487,0.966565094506271,0.966565094506271,-0.002777777777777657
3,random,true,10,1,4,"[0,2,4,5,6,7,9]",[1],10,10,0.966565094506271,0.9693428722840487,0.963707951649128,0.963707951649128,-0.002777777777777657
3,random,true,10,2,3,[8],[3],10,10,0.966565094506271,0.966565094506271,0.966565094506271,0.9637873167284932,-0.002777777777777879
3,random,true,10,2,4,[8],[1],10,10,0.966565094506271,0.966565094506271,0.963707951649128,0.9609301738713503,-0.002777777777777768
3,random,true,10,3,4,[3],[1],10,10,0.966565094506271,0.966565094506271,0.963707951649128,0.9637873167284932,7.936507936512349e-05
3,random,true,20,1,2,"[0,2,4,5,6,7,9]",[8],20,20,0.966565094506271,0.9582274711686475,0.9609301738713503,0.9609301738713503,0.008337623337623556
3,random,true,20,1,3,"[0,2,4,5,6,7,9]",[3],20,20,0.966565094506271,0.9582274711686475,0.966565094506271,0.9610846140257904,0.0028571428571428914
3,random,true,20,1,4,"[0,2,4,5,6,7,9]",[1],20,20,0.966565094506271,0.9582274711686475,0.9664857294269058,0.9610052489464254,0.0028571428571431134
3,random,true,20,2,3,[8],[3],20,20,0.966565094506271,0.9609301738713503,0.966565094506271,0.9609301738713503,0.0
3,random,true,20,2,4,[8],[1],20,20,0.966565094506271,0.9609301738713503,0.9664857294269058,0.9664857294269058,0.00563492063492077
3,random,true,20,3,4,[3],[1],20,20,0.966565094506271,0.966565094506271,0.9664857294269058,0.9692635072046836,0.002777777777777768
3,random,true,40,1,2,"[0,2,4,5,6,7,9]",[8],40,35,0.966565094506271,0.9693428722840489,0.9664857294269058,0.9607667751785399,-0.00849673202614376
3,random,true,40,1,3,"[0,2,4,5,6,7,9]",[3],40,37,0.966565094506271,0.9693428722840489,0.966565094506271,0.9693428722840489,0.0
3,random,true,40,1,4,"[0,2,4,5,6,7,9]",[1],40,36,0.966565094506271,0.9693428722840489,0.9664857294269058,0.9692635072046837,0.0
3,random,true,40,2,3,[8],[3],35,37,0.966565094506271,0.9664857294269058,0.966565094506271,0.963707951649128,-0.002777777777777768
3,random,true,40,2,4,[8],[1],35,36,0.966565094506271,0.9664857294269058,0.9664857294269058,0.9692635072046837,0.0028571428571431134
3,random,true,40,3,4,[3],[1],37,36,0.966565094506271,0.966565094506271,0.9664857294269058,0.963707951649128,-0.002777777777777768
4,competence,pseudo,5,1,2,"[4,7,9]","[1,6,8]",5,5,0.9613098392510157,0.9613098392510157,0.9613098392510157,0.9613098392510157,0.0
4,competence,pseudo,5,1,3,"[4,7,9]","[0,5]",5,5,0.9613098392510157,0.9613098392510157,0.9613098392510157,0.9613098392510157,0.0
4,competence,pseudo,5,1,4,"[4,7,9]","[2,3]",5,5,0.9613098392510157,0.9613098392510157,0.9613098392510157,0.9613098392510157,0.0
4,competence,pseudo,5,2,3,"[1,6,8]","[0,5]",5,5,0.9613098392510157,0.9613098392510157,0.9613098392510157,0.9613098392510157,0.0
4,competence,pseudo,5,2,4,"[1,6,8]","[2,3]",5,5,0.9613098392510157,0.9613098392510157,0.9613098392510157,0.9613098392510157,0.0
4,competence,pseudo,5,3,4,"[0,5]","[2,3]",5,5,0.9613098392510157,0.9613098392510157,0.9613098392510157,0.9613098392510157,0.0
4,competence,pseudo,10,1,2,"[4,7,9]","[1,6,8]",10,10,0.9613098392510157,0.9640125419537183,0.9586071365483131,0.9558293587705352,-0.005480480480480554
4,competence,pseudo,10,1,3,"[4,7,9]","[0,5]",10,10,0.9613098392510157,0.9640125419537183,0.9640125419537183,0.9640125419537183,-0.002702702702702675
4,competence,pseudo,10,1,4,"[4,7,9]","[2,3]",10,10,0.9613098392510157,0.9640125419537183,0.9642510157216039,0.9642510157216039,-0.002702702702702675
4,competence,pseudo,10,2,3,"[1,6,8]","[0,5]",10,10,0.9613098392510157,0.9586071365483131,0.9640125419537183,0.9586071365483131,-0.002702702702702675
4,competence,pseudo,10,2,4,"[1,6,8]","[2,3]",10,10,0.9613098392510157,0.9586071365483131,0.9642510157216039,0.9615483130189013,0.0
4,competence,pseudo,10,3,4,"[0,5]","[2,3]",10,10,0.9613098392510157,0.9640125419537183,0.9642510157216039,0.9642510157216039,-0.002702702702702675
4,competence,pseudo,20,1,2,"[4,7,9]","[1,6,8]",20,20,0.9613098392510157,0.9613098392510157,0.9640876170287935,0.9667903197314962,0.002702702702702675
4,competence,pseudo,20,1,3,"[4,7,9]","[0,5]",20,20,0.9613098392510157,0.9613098392510157,0.9613098392510157,0.9585320614732378,-0.002777777777777879
4,competence,pseudo,20,1,4,"[4,7,9]","[2,3]",20,20,0.9613098392510157,0.9613098392510157,0.9640125419537183,0.9585320614732378,-0.005480480480480554
4,competence,pseudo,20,2,3,"[1,6,8]","[0,5]",20,20,0.9613098392510157,0.9640876170287935,0.9613098392510157,0.9640876170287935,0.0
4,competence,pseudo,20,2,4,"[1,6,8]","[2,3]",20,20,0.9613098392510157,0.9640876170287935,0.9640125419537183,0.9667903197314962,0.0
4,competence,pseudo,20,3,4,"[0,5]","[2,3]",20,20,0.9613098392510157,0.9613098392510157,0.9640125419537183,0.9640125419537183,0.0
4,competence,pseudo,40,1,2,"[4,7,9]","[1,6,8]",40,40,0.9613098392510157,0.9585320614732378,0.969493022434199,0.9667903197314962,7.507507507509281e-05
4,competence,pseudo,40,1,3,"[4,7,9]","[0,5]",40,40,0.9613098392510157,0.9585320614732378,0.9613098392510157,0.9585320614732378,0.0
4,competence,pseudo,40,1,4,"[4,7,9]","[2,3]",40,40,0.9613098392510157,0.9585320614732378,0.9610713654831301,0.9612347641759407,0.002941176470588447
4,competence,pseudo,40,2,3,"[1,6,8]","[0,5]",40,40,0.9613098392510157,0.969493022434199,0.9613098392510157,0.969493022434199,0.0
4,competence,pseudo,40,2,4,"[1,6,8]","[2,3]",40,40,0.9613098392510157,0.969493022434199,0.9610713654831301,0.9665518459636108,-0.002702702702702675
4,competence,pseudo,40,3,4,"[0,5]","[2,3]",40,40,0.9613098392510157,0.9613098392510157,0.9610713654831301,0.9610713654831301,0.0
4,competence,true,5,1,2,"[4,7,9]","[1,6,8]",5,5,0.9613098392510157,0.9613098392510157,0.9613098392510157,0.9613098392510157,0.0
4,competence,true,5,1,3,"[4,7,9]","[0,5]",5,5,0.9613098392510157,0.9613098392510157,0.9640876170287935,0.9640876170287935,0.0
4,competence,true,5,1,4,"[4,7,9]","[2,3]",5,5,0.9613098392510157,0.9613098392510157,0.9613098392510157,0.9613098392510157,0.0
4,competence,true,5,2,3,"[1,6,8]","[0,5]",5,5,0.9613098392510157,0.9613098392510157,0.9640876170287935,0.9640876170287935,0.0
4,competence,true,5,2,4,"[1,6,8]","[2,3]",5,5,0.9613098392510157,0.9613098392510157,0.9613098392510157,0.9613098392510157,0.0
4,competence,true,5,3,4,"[0,5]","[2,3]",5,5,0.9613098392510157,0.9640876170287935,0.9613098392510157,0.9640876170287935,0.0
4,competence,true,10,1,2,"[4,7,9]","[1,6,8]",10,10,0.9613098392510157,0.9586071365483131,0.9586071365483131,0.9615483130189013,0.005643879173290789
4,competence,true,10,1,3,"[4,7,9]","[0,5]",10,10,0.9613098392510157,0.9586071365483131,0.9640125419537183,0.9640125419537183,0.002702702702702564
4,competence,true,10,1,4,"[4,7,9]","[2,3]",10,10,0.9613098392510157,0.9586071365483131,0.9642510157216039,0.9615483130189013,0.0
4,competence,true,10,2,3,"[1,6,8]","[0,5]",10,10,0.9613098392510157,0.9586071365483131,0.9640125419537183,0.9586071365483131,-0.002702702702702675
4,competence,true,10,2,4,"[1,6,8]","[2,3]",10,10,0.9613098392510157,0.9586071365483131,0.9642510157216039,0.9615483130189013,0.0
4,competence,true,10,3,4,"[0,5]","[2,3]",10,10,0.9613098392510157,0.9640125419537183,0.9642510157216039,0.9642510157216039,-0.002702702702702675
4,competence,true,20,1,2,"[4,7,9]","[1,6,8]",20,20,0.9613098392510157,0.9640125419537183,0.9667152446564211,0.9640125419537183,-0.005405405405405461
4,competence,true,20,1,3,"[4,7,9]","[0,5]",20,20,0.9613098392510157,0.9640125419537183,0.9613098392510157,0.9640876170287935,7.507507507520383e-05
4,competence,true,20,1,4,"[4,7,9]","[2,3]",20,20,0.9613098392510157,0.9640125419537183,0.9640125419537183,0.9640125419537183,-0.002702702702702675
4,competence,true,20,2,3,"[1,6,8]","[0,5]",20,20,0.9613098392510157,0.9667152446564211,0.9613098392510157,0.9639331768743533,-0.0027820677820677986
4,competence,true,20,2,4,"[1,6,8]","[2,3]",20,20,0.9613098392510157,0.9667152446564211,0.9640125419537183,0.9640125419537183,-0.005405405405405461
4,competence,true,20,3,4,"[0,5]","[2,3]",20,20,0.9613098392510157,0.9613098392510157,0.9640125419537183,0.9640125419537183,0.0
4,competence,true,40,1,2,"[4,7,9]","[1,6,8]",40,40,0.9613098392510157,0.9610713654831301,0.9640876170287935,0.958130189012542,-0.005718954248365993
4,competence,true,40,1,3,"[4,7,9]","[0,5]",40,40,0.9613098392510157,0.9610713654831301,0.9667903197314962,0.9610713654831301,-0.005480480480480554
4,competence,true,40,1,4,"[4,7,9]","[2,3]",40,40,0.9613098392510157,0.9610713654831301,0.9640125419537183,0.9610713654831301,-0.002702702702702675
4,competence,true,40,2,3,"[1,6,8]","[0,5]",40,40,0.9613098392510157,0.9640876170287935,0.9667903197314962,0.9640876170287935,-0.005480480480480554
4,competence,true,40,2,4,"[1,6,8]","[2,3]",40,40,0.9613098392510157,0.9640876170287935,0.9640125419537183,0.9640876170287935,-0.002702702702702675
4,competence,true,40,3,4,"[0,5]","[2,3]",40,40,0.9613098392510157,0.9667903197314962,0.9640125419537183,0.9697314962020844,0.00023847376788554975
4,random,pseudo,5,1,2,"[1,2,4]","[3,7,8]",5,5,0.9613098392510157,0.9613098392510157,0.9613098392510157,0.9613098392510157,0.0
4,random,pseudo,5,1,3,"[1,2,4]","[6,9]",5,5,0.9613098392510157,0.9613098392510157,0.9613098392510157,0.9613098392510157,0.0
4,random,pseudo,5,1,4,"[1,2,4]","[0,5]",5,5,0.9613098392510157,0.9613098392510157,0.9613098392510157,0.9613098392510157,0.0
4,random,pseudo,5,2,3,"[3,7,8]","[6,9]",5,5,0.9613098392510157,0.9613098392510157,0.9613098392510157,0.9613098392510157,0.0
4,random,pseudo,5,2,4,"[3,7,8]","[0,5]",5,5,0.9613098392510157,0.9613098392510157,0.9613098392510157,0.9613098392510157,0.0
4,random,pseudo,5,3,4,"[6,9]","[0,5]",5,5,0.9613098392510157,0.9613098392510157,0.9613098392510157,0.9613098392510157,0.0
4,random,pseudo,10,1,2,"[1,2,4]","[3,7,8]",10,10,0.9613098392510157,0.9613098392510157,0.9669537184243066,0.9667152446564211,-0.00023847376788543873
4,random,pseudo,10,1,3,"[1,2,4]","[6,9]",10,10,0.9613098392510157,0.9613098392510157,0.9640125419537183,0.9613098392510157,-0.002702702702702675
4,random,pseudo,10,1,4,"[1,2,4]","[0,5]",10,10,0.9613098392510157,0.9613098392510157,0.9613098392510157,0.9613098392510157,0.0
4,random,pseudo,10,2,3,"[3,7,8]","[6,9]",10,10,0.9613098392510157,0.9669537184243066,0.9640125419537183,0.9669537184243066,-0.002702702702702675
4,random,pseudo,10,2,4,"[3,7,8]","[0,5]",10,10,0.9613098392510157,0.9669537184243066,0.9613098392510157,0.9669537184243066,0.0
4,random,pseudo,10,3,4,"[6,9]","[0,5]",10,10,0.9613098392510157,0.9640125419537183,0.9613098392510157,0.9613098392510157,-0.002702702702702675
4,random,pseudo,20,1,2,"[1,2,4]","[3,7,8]",20,20,0.9613098392510157,0.9640125419537183,0.9586822116233881,0.9586822116233881,-0.002702702702702675
4,random,pseudo,20,1,3,"[1,2,4]","[6,9]",20,20,0.9613098392510157,0.9640125419537183,0.9613098392510157,0.9586071365483129,-0.005405405405405461
4,random,pseudo,20,1,4,"[1,2,4]","[0,5]",20,20,0.9613098392510157,0.9640125419537183,0.9613098392510157,0.9640125419537183,0.0
4,random,pseudo,20,2,3,"[3,7,8]","[6,9]",20,20,0.9613098392510157,0.9586822116233881,0.9613098392510157,0.9587572866984632,7.507507507509281e-05
4,random,pseudo,20,2,4,"[3,7,8]","[0,5]",20,20,0.9613098392510157,0.9586822116233881,0.9613098392510157,0.9559044338456102,-0.002777777777777879
4,random,pseudo,20,3,4,"[6,9]","[0,5]",20,20,0.9613098392510157,0.9613098392510157,0.9613098392510157,0.9558293587705352,-0.005480480480480443
4,random,pseudo,40,1,2,"[1,2,4]","[3,7,8]",40,40,0.9613098392510157,0.9559044338456102,0.9613098392510157,0.9445416004239533,-0.011362833421656893
4,random,pseudo,40,1,3,"[1,2,4]","[6,9]",40,40,0.9613098392510157,0.9559044338456102,0.9583776213187976,0.9585320614732378,0.0055598455598456775
4,random,pseudo,40,1,4,"[1,2,4]","[0,5]",40,40,0.9613098392510157,0.9559044338456102,0.9612347641759407,0.9530515809927573,-0.002777777777777879
4,random,pseudo,40,2,3,"[3,7,8]","[6,9]",40,40,0.9613098392510157,0.9613098392510157,0.9583776213187976,0.9583776213187976,0.0
4,random,pseudo,40,2,4,"[3,7,8]","[0,5]",40,40,0.9613098392510157,0.9613098392510157,0.9612347641759407,0.9585320614732378,-0.002702702702702897
4,random,pseudo,40,3,4,"[6,9]","[0,5]",40,40,0.9613098392510157,0.9583776213187976,0.9612347641759407,0.9557542836954601,-0.002548262548262459
4,random,true,5,1,2,"[1,2,4]","[3,7,8]",5,5,0.9613098392510157,0.9613098392510157,0.9613098392510157,0.9613098392510157,0.0
4,random,true,5,1,3,"[1,2,4]","[6,9]",5,5,0.9613098392510157,0.9613098392510157,0.9586071365483131,0.9586071365483131,0.0
4,random,true,5,1,4,"[1,2,4]","[0,5]",5,5,0.9613098392510157,0.9613098392510157,0.9613098392510157,0.9613098392510157,0.0
4,random,true,5,2,3,"[3,7,8]","[6,9]",5,5,0.9613098392510157,0.9613098392510157,0.9586071365483131,0.9586071365483131,0.0
4,random,true,5,2,4,"[3,7,8]","[0,5]",5,5,0.9613098392510157,0.9613098392510157,0.9613098392510157,0.9613098392510157,0.0
4,random,true,5,3,4,"[6,9]","[0,5]",5,5,0.9613098392510157,0.9586071365483131,0.9613098392510157,0.9586071365483131,0.0
4,random,true,10,1,2,"[1,2,4]","[3,7,8]",10,10,0.9613098392510157,0.9613098392510157,0.9640125419537183,0.9613098392510157,-0.002702702702702675
4,random,true,10,1,3,"[1,2,4]","[6,9]",10,10,0.9613098392510157,0.9613098392510157,0.9640125419537183,0.9613098392510157,-0.002702702702702675
4,random,true,10,1,4,"[1,2,4]","[0,5]",10,10,0.9613098392510157,0.9613098392510157,0.9613098392510157,0.9613098392510157,0.0
4,random,true,10,2,3,"[3,7,8]","[6,9]",10,10,0.9613098392510157,0.9640125419537183,0.9640125419537183,0.9640125419537183,-0.002702702702702675
4,random,true,10,2,4,"[3,7,8]","[0,5]",10,10,0.9613098392510157,0.9640125419537183,0.9613098392510157,0.9640125419537183,0.0
4,random,true,10,3,4,"[6,9]","[0,5]",10,10,0.9613098392510157,0.9640125419537183,0.9613098392510157,0.9613098392510157,-0.002702702702702675
4,random,true,20,1,2,"[1,2,4]","[3,7,8]",20,20,0.9613098392510157,0.9640125419537183,0.9585320614732378,0.9558293587705352,-0.005405405405405239
4,random,true,20,1,3,"[1,2,4]","[6,9]",20,20,0.9613098392510157,0.9640125419537183,0.9643260907966791,0.9643260907966791,-0.002702702702702675
4,random,true,20,1,4,"[1,2,4]","[0,5]",20,20,0.9613098392510157,0.9640125419537183,0.9640876170287935,0.964326090796679,-0.0024642289348172364
4,random,true,20,2,3,"[3,7,8]","[6,9]",20,20,0.9613098392510157,0.9585320614732378,0.9643260907966791,0.9615483130189013,1.1102230246251565e-16
4,random,true,20,2,4,"[3,7,8]","[0,5]",20,20,0.9613098392510157,0.9585320614732378,0.9640876170287935,0.9640876170287935,0.002777777777777879
4,random,true,20,3,4,"[6,9]","[0,5]",20,20,0.9613098392510157,0.9643260907966791,0.9640876170287935,0.9671038685744568,-1.1102230246251565e-16
4,random,true,40,1,2,"[1,2,4]","[3,7,8]",40,40,0.9613098392510157,0.9611553990965754,0.9613098392510157,0.9584526963938729,-0.002702702702702564
4,random,true,40,1,3,"[1,2,4]","[6,9]",40,40,0.9613098392510157,0.9611553990965754,0.963849143260908,0.9609920004037651,-0.002702702702702675
4,random,true,40,1,4,"[1,2,4]","[0,5]",40,40,0.9613098392510157,0.9611553990965754,0.9697314962020844,0.9697314962020844,0.0001544401544402163
4,random,true,40,2,3,"[3,7,8]","[6,9]",40,40,0.9613098392510157,0.9613098392510157,0.963849143260908,0.9613098392510157,-0.002539304009892329
4,random,true,40,2,4,"[3,7,8]","[0,5]",40,40,0.9613098392510157,0.9613098392510157,0.9697314962020844,0.9670287934993818,-0.002702702702702675
4,random,true,40,3,4,"[6,9]","[0,5]",40,40,0.9613098392510157,0.963849143260908,0.9697314962020844,0.9693296237413884,-0.002941176470588336
5,competence,pseudo,5,1,2,"[1,3,4,5,6,8]","[7,9]",5,5,0.952990132990133,0.9475847275847276,0.952990132990133,0.9475847275847276,0.0
5,competence,pseudo,5,1,3,"[1,3,4,5,6,8]",[2],5,5,0.952990132990133,0.9475847275847276,0.952990132990133,0.9475847275847276,0.0
5,competence,pseudo,5,1,4,"[1,3,4,5,6,8]",[0],5,5,0.952990132990133,0.9475847275847276,0.952990132990133,0.9475847275847276,0.0
5,competence,pseudo,5,2,3,"[7,9]",[2],5,5,0.952990132990133,0.952990132990133,0.952990132990133,0.952990132990133,0.0
5,competence,pseudo,5,2,4,"[7,9]",[0],5,5,0.952990132990133,0.952990132990133,0.952990132990133,0.952990132990133,0.0
5,competence,pseudo,5,3,4,[2],[0],5,5,0.952990132990133,0.952990132990133,0.952990132990133,0.952990132990133,0.0
5,competence,pseudo,10,1,2,"[1,3,4,5,6,8]","[7,9]",10,10,0.952990132990133,0.952990132990133,0.9475096525096525,0.9475096525096525,0.0
5,competence,pseudo,10,1,3,"[1,3,4,5,6,8]",[2],10,10,0.952990132990133,0.952990132990133,0.952990132990133,0.952990132990133,0.0
5,competence,pseudo,10,1,4,"[1,3,4,5,6,8]",[0],10,10,0.952990132990133,0.952990132990133,0.9558472758472758,0.9558472758472758,0.0
5,competence,pseudo,10,2,3,"[7,9]",[2],10,10,0.952990132990133,0.9475096525096525,0.952990132990133,0.9475847275847276,7.507507507509281e-05
5,competence,pseudo,10,2,4,"[7,9]",[0],10,10,0.952990132990133,0.9475096525096525,0.9558472758472758,0.9504418704418705,7.507507507520383e-05
5,competence,pseudo,10,3,4,[2],[0],10,10,0.952990132990133,0.952990132990133,0.9558472758472758,0.9558472758472758,0.0
5,competence,pseudo,20,1,2,"[1,3,4,5,6,8]","[7,9]",20,20,0.952990132990133,0.9502874302874303,0.9529150579150579,0.9502123552123554,1.1102230246251565e-16
5,competence,pseudo,20,1,3,"[1,3,4,5,6,8]",[2],20,20,0.952990132990133,0.9502874302874303,0.952990132990133,0.952990132990133,0.002702702702702675
5,competence,pseudo,20,1,4,"[1,3,4,5,6,8]",[0],20,20,0.952990132990133,0.9502874302874303,0.9530694980694981,0.9448069498069499,-0.0055598455598455665
5,competence,pseudo,20,2,3,"[7,9]",[2],20,20,0.952990132990133,0.9529150579150579,0.952990132990133,0.9529150579150579,0.0
5,competence,pseudo,20,2,4,"[7,9]",[0],20,20,0.952990132990133,0.9529150579150579,0.9530694980694981,0.9502123552123554,-0.0027820677820676876
5,competence,pseudo,20,3,4,[2],[0],20,20,0.952990132990133,0.952990132990133,0.9530694980694981,0.952990132990133,-7.936507936512349e-05
5,competence,pseudo,40,1,2,"[1,3,4,5,6,8]","[7,9]",40,40,0.952990132990133,0.9474345774345775,0.9556928356928356,0.9556177606177606,0.005480480480480554
5,competence,pseudo,40,1,3,"[1,3,4,5,6,8]",[2],40,35,0.952990132990133,0.9474345774345775,0.952990132990133,0.952839982839983,0.005405405405405461
5,competence,pseudo,40,1,4,"[1,3,4,5,6,8]",[0],40,36,0.952990132990133,0.9474345774345775,0.9503667953667954,0.9502917202917203,0.005480480480480443
5,competence,pseudo,40,2,3,"[7,9]",[2],40,35,0.952990132990133,0.9556928356928356,0.952990132990133,0.9584706134706135,0.002777777777777879
5,competence,pseudo,40,2,4,"[7,9]",[0],40,36,0.952990132990133,0.9556928356928356,0.9503667953667954,0.9557722007722008,0.002702702702702897
5,competence,pseudo,40,3,4,[2],[0],35,36,0.952990132990133,0.952990132990133,0.9503667953667954,0.9530694980694981,0.002702702702702786
5,competence,true,5,1,2,"[1,3,4,5,6,8]","[7,9]",5,5,0.952990132990133,0.9584749034749034,0.952990132990133,0.9612526812526813,0.002777777777777879
5,competence,true,5,1,3,"[1,3,4,5,6,8]",[2],5,5,0.952990132990133,0.9584749034749034,0.952990132990133,0.9583955383955385,-7.936507936490145e-05
5,competence,true,5,1,4,"[1,3,4,5,6,8]",[0],5,5,0.952990132990133,0.9584749034749034,0.952990132990133,0.9612526812526813,0.002777777777777879
5,competence,true,5,2,3,"[7,9]",[2],5,5,0.952990132990133,0.952990132990133,0.952990132990133,0.952990132990133,0.0
5,competence,true,5,2,4,"[7,9]",[0],5,5,0.952990132990133,0.952990132990133,0.952990132990133,0.952990132990133,0.0
5,competence,true,5,3,4,[2],[0],5,5,0.952990132990133,0.952990132990133,0.952990132990133,0.952990132990133,0.0
5,competence,true,10,1,2,"[1,3,4,5,6,8]","[7,9]",10,10,0.952990132990133,0.952990132990133,0.9475096525096525,0.9475096525096525,0.0
5,competence,true,10,1,3,"[1,3,4,5,6,8]",[2],10,10,0.952990132990133,0.952990132990133,0.952990132990133,0.952990132990133,0.0
5,competence,true,10,1,4,"[1,3,4,5,6,8]",[0],10,10,0.952990132990133,0.952990132990133,0.9558472758472758,0.9558472758472758,0.0
5,competence,true,10,2,3,"[7,9]",[2],10,10,0.952990132990133,0.9475096525096525,0.952990132990133,0.9475847275847276,7.507507507509281e-05
5,competence,true,10,2,4,"[7,9]",[0],10,10,0.952990132990133,0.9475096525096525,0.9558472758472758,0.9504418704418705,7.507507507520383e-05
5,competence,true,10,3,4,[2],[0],10,10,0.952990132990133,0.952990132990133,0.9558472758472758,0.9558472758472758,0.0
5,competence,true,20,1,2,"[1,3,4,5,6,8]","[7,9]",20,20,0.952990132990133,0.9502874302874303,0.9502874302874303,0.9475847275847276,-1.1102230246251565e-16
5,competence,true,20,1,3,"[1,3,4,5,6,8]",[2],20,20,0.952990132990133,0.9502874302874303,0.952990132990133,0.952990132990133,0.002702702702702675
5,competence,true,20,1,4,"[1,3,4,5,6,8]",[0],20,20,0.952990132990133,0.9502874302874303,0.9556928356928358,0.9502874302874303,-0.002702702702702786
5,competence,true,20,2,3,"[7,9]",[2],20,20,0.952990132990133,0.9502874302874303,0.952990132990133,0.952990132990133,0.002702702702702675
5,competence,true,20,2,4,"[7,9]",[0],20,20,0.952990132990133,0.9502874302874303,0.9556928356928358,0.9557679107679109,0.002777777777777768
5,competence,true,20,3,4,[2],[0],20,20,0.952990132990133,0.952990132990133,0.9556928356928358,0.9556928356928358,0.0
5,competence,true,40,1,2,"[1,3,4,5,6,8]","[7,9]",40,40,0.952990132990133,0.9474345774345775,0.9502874302874302,0.9473552123552125,0.0026233376233377736
5,competence,true,40,1,3,"[1,3,4,5,6,8]",[2],40,35,0.952990132990133,0.9474345774345775,0.952990132990133,0.952839982839983,0.005405405405405461
5,competence,true,40,1,4,"[1,3,4,5,6,8]",[0],40,36,0.952990132990133,0.9474345774345775,0.9585499785499787,0.9529944229944232,0.0
5,competence,true,40,2,3,"[7,9]",[2],40,35,0.952990132990133,0.9502874302874302,0.952990132990133,0.9502874302874302,0.0
5,competence,true,40,2,4,"[7,9]",[0],40,36,0.952990132990133,0.9502874302874302,0.9585499785499787,0.9558472758472758,-1.1102230246251565e-16
5,competence,true,40,3,4,[2],[0],35,36,0.952990132990133,0.952990132990133,0.9585499785499787,0.9585499785499787,0.0
5,random,pseudo,5,1,2,"[0,4,6,7,8,9]","[1,2]",5,5,0.952990132990133,0.952990132990133,0.9558472758472758,0.9558472758472758,0.0
5,random,pseudo,5,1,3,"[0,4,6,7,8,9]",[3],5,5,0.952990132990133,0.952990132990133,0.952990132990133,0.952990132990133,0.0
5,random,pseudo,5,1,4,"[0,4,6,7,8,9]",[5],5,5,0.952990132990133,0.952990132990133,0.952990132990133,0.9558472758472758,0.0028571428571427804
5,random,pseudo,5,2,3,"[1,2]",[3],5,5,0.952990132990133,0.9558472758472758,0.952990132990133,0.9558472758472758,0.0
5,random,pseudo,5,2,4,"[1,2]",[5],5,5,0.952990132990133,0.9558472758472758,0.952990132990133,0.9558472758472758,0.0
5,random,pseudo,5,3,4,[3],[5],5,5,0.952990132990133,0.952990132990133,0.952990132990133,0.952990132990133,0.0
5,random,pseudo,10,1,2,"[0,4,6,7,8,9]","[1,2]",10,10,0.952990132990133,0.9500579150579151,0.952990132990133,0.9500579150579151,0.0
5,random,pseudo,10,1,3,"[0,4,6,7,8,9]",[3],10,10,0.952990132990133,0.9500579150579151,0.9531445731445732,0.9502123552123551,-2.220446049250313e-16
5,random,pseudo,10,1,4,"[0,4,6,7,8,9]",[5],10,10,0.952990132990133,0.9500579150579151,0.9502874302874303,0.9474345774345775,7.936507936501247e-05
5,random,pseudo,10,2,3,"[1,2]",[3],10,10,0.952990132990133,0.952990132990133,0.9531445731445732,0.9531445731445732,0.0
5,random,pseudo,10,2,4,"[1,2]",[5],10,10,0.952990132990133,0.952990132990133,0.9502874302874303,0.9475096525096525,-0.002777777777777879
5,random,pseudo,10,3,4,[3],[5],10,10,0.952990132990133,0.9531445731445732,0.9502874302874303,0.9502874302874303,-0.0001544401544402163
5,random,pseudo,20,1,2,"[0,4,6,7,8,9]","[1,2]",20,20,0.952990132990133,0.9531445731445732,0.952990132990133,0.9557679107679109,0.0026233376233376626
5,random,pseudo,20,1,3,"[0,4,6,7,8,9]",[3],20,20,0.952990132990133,0.9531445731445732,0.9474302874302876,0.9531445731445732,0.0055598455598454555
5,random,pseudo,20,1,4,"[0,4,6,7,8,9]",[5],20,20,0.952990132990133,0.9531445731445732,0.9475096525096525,0.9531445731445732,0.005480480480480554
5,random,pseudo,20,2,3,"[1,2]",[3],20,20,0.952990132990133,0.952990132990133,0.9474302874302876,0.9446525096525097,-0.002777777777777879
5,random,pseudo,20,2,4,"[1,2]",[5],20,20,0.952990132990133,0.952990132990133,0.9475096525096525,0.952990132990133,0.005480480480480554
5,random,pseudo,20,3,4,[3],[5],20,20,0.952990132990133,0.9474302874302876,0.9475096525096525,0.9502874302874303,0.008337623337623334
5,random,pseudo,40,1,2,"[0,4,6,7,8,9]","[1,2]",40,40,0.952990132990133,0.9583955383955383,0.9446525096525097,0.9499828399828398,-7.507507507509281e-05
5,random,pseudo,40,1,3,"[0,4,6,7,8,9]",[3],40,37,0.952990132990133,0.9583955383955383,0.9502874302874303,0.9502917202917203,-0.0054011154011153195
5,random,pseudo,40,1,4,"[0,4,6,7,8,9]",[5],40,36,0.952990132990133,0.9583955383955383,0.9475096525096525,0.9528399828399827,-7.507507507498179e-05
5,random,pseudo,40,2,3,"[1,2]",[3],40,37,0.952990132990133,0.9446525096525097,0.9502874302874303,0.9475096525096525,0.0055598455598454555
5,random,pseudo,40,2,4,"[1,2]",[5],40,36,0.952990132990133,0.9446525096525097,0.9475096525096525,0.9473552123552125,0.00818318318318334
5,random,pseudo,40,3,4,[3],[5],37,36,0.952990132990133,0.9502874302874303,0.9475096525096525,0.9531445731445732,0.008337623337623445
5,random,true,5,1,2,"[0,4,6,7,8,9]","[1,2]",5,5,0.952990132990133,0.952990132990133,0.9558472758472758,0.9558472758472758,0.0
5,random,true,5,1,3,"[0,4,6,7,8,9]",[3],5,5,0.952990132990133,0.952990132990133,0.952990132990133,0.952990132990133,0.0
5,random,true,5,1,4,"[0,4,6,7,8,9]",[5],5,5,0.952990132990133,0.952990132990133,0.952990132990133,0.9558472758472758,0.0028571428571427804
5,random,true,5,2,3,"[1,2]",[3],5,5,0.952990132990133,0.9558472758472758,0.952990132990133,0.9558472758472758,0.0
5,random,true,5,2,4,"[1,2]",[5],5,5,0.952990132990133,0.9558472758472758,0.952990132990133,0.9558472758472758,0.0
5,random,true,5,3,4,[3],[5],5,5,0.952990132990133,0.952990132990133,0.952990132990133,0.952990132990133,0.0
5,random,true,10,1,2,"[0,4,6,7,8,9]","[1,2]",10,10,0.952990132990133,0.9500579150579151,0.952990132990133,0.9500579150579151,0.0
5,random,true,10,1,3,"[0,4,6,7,8,9]",[3],10,10,0.952990132990133,0.9500579150579151,0.9503667953667954,0.9417996567996567,-0.00563492063492077
5,random,true,10,1,4,"[0,4,6,7,8,9]",[5],10,10,0.952990132990133,0.9500579150579151,0.9559223509223509,0.9502123552123551,-0.002777777777777879
5,random,true,10,2,3,"[1,2]",[3],10,10,0.952990132990133,0.952990132990133,0.9503667953667954,0.9447318747318748,-0.005634920634920548
5,random,true,10,2,4,"[1,2]",[5],10,10,0.952990132990133,0.952990132990133,0.9559223509223509,0.9531445731445732,-0.002777777777777657
5,random,true,10,3,4,[3],[5],10,10,0.952990132990133,0.9503667953667954,0.9559223509223509,0.9503667953667954,-0.002932217932217873
5,random,true,20,1,2,"[0,4,6,7,8,9]","[1,2]",20,20,0.952990132990133,0.9641848991848991,0.952990132990133,0.9612483912483913,-0.002936507936507793
5,random,true,20,1,3,"[0,4,6,7,8,9]",[3],20,20,0.952990132990133,0.9641848991848991,0.9529150579150579,0.9586250536250537,-0.005484770484770363
5,random,true,20,1,4,"[0,4,6,7,8,9]",[5],20,20,0.952990132990133,0.9641848991848991,0.952910767910768,0.9529858429858431,-0.011119691119691022
5,random,true,20,2,3,"[1,2]",[3],20,20,0.952990132990133,0.952990132990133,0.9529150579150579,0.9500579150579151,-0.0028571428571427804
5,random,true,20,2,4,"[1,2]",[5],20,20,0.952990132990133,0.952990132990133,0.952910767910768,0.952910767910768,0.0
5,random,true,20,3,4,[3],[5],20,20,0.952990132990133,0.9529150579150579,0.952910767910768,0.9474302874302876,-0.00540540540540535
5,random,true,40,1,2,"[0,4,6,7,8,9]","[1,2]",40,40,0.952990132990133,0.9475096525096525,0.9446525096525097,0.9473552123552125,0.00818318318318334
5,random,true,40,1,3,"[0,4,6,7,8,9]",[3],40,37,0.952990132990133,0.9475096525096525,0.9554633204633205,0.9610231660231661,0.01104032604032612
5,random,true,40,1,4,"[0,4,6,7,8,9]",[5],40,36,0.952990132990133,0.9475096525096525,0.952910767910768,0.952910767910768,0.005480480480480554
5,random,true,40,2,3,"[1,2]",[3],40,37,0.952990132990133,0.9446525096525097,0.9554633204633205,0.9526855426855427,0.0055598455598455665
5,random,true,40,2,4,"[1,2]",[5],40,36,0.952990132990133,0.9446525096525097,0.952910767910768,0.9472758472758473,0.002702702702702675
5,random,true,40,3,4,[3],[5],37,36,0.952990132990133,0.9554633204633205,0.952910767910768,0.9555383955383956,0.00015444015444010528
6,competence,pseudo,5,1,2,"[1,3,4,5,6,8,9]",[7],5,5,0.9464498952734248,0.9491525979761274,0.9464498952734248,0.9491525979761274,0.0
6,competence,pseudo,5,1,3,"[1,3,4,5,6,8,9]",[0],5,5,0.9464498952734248,0.9491525979761274,0.9464498952734248,0.9437471925707219,-0.005405405405405461
6,competence,pseudo,5,1,4,"[1,3,4,5,6,8,9]",[2],5,5,0.9464498952734248,0.9491525979761274,0.9464498952734248,0.9491525979761274,0.0
6,competence,pseudo,5,2,3,[7],[0],5,5,0.9464498952734248,0.9464498952734248,0.9464498952734248,0.9518553006788301,0.005405405405405239
6,competence,pseudo,5,2,4,[7],[2],5,5,0.9464498952734248,0.9464498952734248,0.9464498952734248,0.9491525979761274,0.002702702702702564
6,competence,pseudo,5,3,4,[0],[2],5,5,0.9464498952734248,0.9464498952734248,0.9464498952734248,0.9491525979761274,0.002702702702702564
6,competence,pseudo,10,1,2,"[1,3,4,5,6,8,9]",[7],10,10,0.9464498952734248,0.949391071744013,0.9491525979761274,0.9523322482146013,0.00023847376788566077
6,competence,pseudo,10,1,3,"[1,3,4,5,6,8,9]",[0],10,10,0.9464498952734248,0.949391071744013,0.9548668836904131,0.9548668836904131,-0.002941176470588225
6,competence,pseudo,10,1,4,"[1,3,4,5,6,8,9]",[2],10,10,0.9464498952734248,0.949391071744013,0.9464498952734248,0.9520937744467156,0.002702702702702564
6,competence,pseudo,10,2,3,[7],[0],10,10,0.9464498952734248,0.9491525979761274,0.9548668836904131,0.9548668836904131,-0.002702702702702564
6,competence,pseudo,10,2,4,[7],[2],10,10,0.9464498952734248,0.9491525979761274,0.9464498952734248,0.9437471925707219,-0.005405405405405461
6,competence,pseudo,10,3,4,[0],[2],10,10,0.9464498952734248,0.9548668836904131,0.9464498952734248,0.9548668836904131,0.0
6,competence,pseudo,20,1,2,"[1,3,4,5,6,8,9]",[7],20,20,0.9464498952734248,0.9462114215055392,0.9519303757539053,0.9435087188028366,-0.008183183183183007
6,competence,pseudo,20,1,3,"[1,3,4,5,6,8,9]",[0],20,20,0.9464498952734248,0.9462114215055392,0.9491525979761274,0.9489141242082418,1.1102230246251565e-16
6,competence,pseudo,20,1,4,"[1,3,4,5,6,8,9]",[2],20,20,0.9464498952734248,0.9462114215055392,0.9491525979761274,0.9462114215055392,-0.002702702702702564
6,competence,pseudo,20,2,3,[7],[0],20,20,0.9464498952734248,0.9519303757539053,0.9491525979761274,0.9519303757539053,-0.002702702702702564
6,competence,pseudo,20,2,4,[7],[2],20,20,0.9464498952734248,0.9519303757539053,0.9491525979761274,0.9519303757539053,-0.002702702702702564
6,competence,pseudo,20,3,4,[0],[2],20,20,0.9464498952734248,0.9491525979761274,0.9491525979761274,0.9491525979761274,-0.002702702702702564
6,competence,pseudo,40,1,2,"[1,3,4,5,6,8,9]",[7],40,36,0.9464498952734248,0.9517712670653846,0.9519303757539053,0.9545490448431625,-0.002702702702702564
6,competence,pseudo,40,1,3,"[1,3,4,5,6,8,9]",[0],40,36,0.9464498952734248,0.9517712670653846,0.9548668836904131,0.9546284099225277,-0.005559845559845122
6,competence,pseudo,40,1,4,"[1,3,4,5,6,8,9]",[2],40,35,0.9464498952734248,0.9517712670653846,0.9549509173038585,0.9489141242082418,-0.01135816488757646
6,competence,pseudo,40,2,3,[7],[0],36,36,0.9464498952734248,0.9519303757539053,0.9548668836904131,0.9576446614681909,-0.002702702702702564
6,competence,pseudo,40,2,4,[7],[2],36,35,0.9464498952734248,0.9519303757539053,0.9549509173038585,0.9550259923789337,-0.005405405405405239
6,competence,pseudo,40,3,4,[0],[2],36,35,0.9464498952734248,0.9548668836904131,0.9549509173038585,0.9549509173038585,-0.008416988416988236
6,competence,true,5,1,2,"[1,3,4,5,6,8,9]",[7],5,5,0.9464498952734248,0.9491525979761274,0.9464498952734248,0.9491525979761274,0.0
6,competence,true,5,1,3,"[1,3,4,5,6,8,9]",[0],5,5,0.9464498952734248,0.9491525979761274,0.9464498952734248,0.9437471925707219,-0.005405405405405461
6,competence,true,5,1,4,"[1,3,4,5,6,8,9]",[2],5,5,0.9464498952734248,0.9491525979761274,0.9464498952734248,0.9491525979761274,0.0
6,competence,true,5,2,3,[7],[0],5,5,0.9464498952734248,0.9464498952734248,0.9464498952734248,0.9518553006788301,0.005405405405405239
6,competence,true,5,2,4,[7],[2],5,5,0.9464498952734248,0.9464498952734248,0.9464498952734248,0.9491525979761274,0.002702702702702564
6,competence,true,5,3,4,[0],[2],5,5,0.9464498952734248,0.9464498952734248,0.9464498952734248,0.9491525979761274,0.002702702702702564
6,competence,true,10,1,2,"[1,3,4,5,6,8,9]",[7],10,10,0.9464498952734248,0.9464498952734248,0.9462114215055392,0.9462114215055392,0.0
6,competence,true,10,1,3,"[1,3,4,5,6,8,9]",[0],10,10,0.9464498952734248,0.9464498952734248,0.9548668836904131,0.9521641809877105,-0.002702702702702564
6,competence,true,10,1,4,"[1,3,4,5,6,8,9]",[2],10,10,0.9464498952734248,0.9464498952734248,0.9464498952734248,0.9464498952734248,0.0
6,competence,true,10,2,3,[7],[0],10,10,0.9464498952734248,0.9462114215055392,0.9548668836904131,0.9546284099225277,3.3306690738754696e-16
6,competence,true,10,2,4,[7],[2],10,10,0.9464498952734248,0.9462114215055392,0.9464498952734248,0.9518553006788301,0.0056438791732909
6,competence,true,10,3,4,[0],[2],10,10,0.9464498952734248,0.9548668836904131,0.9464498952734248,0.9548668836904131,0.0
6,competence,true,20,1,2,"[1,3,4,5,6,8,9]",[7],20,20,0.9464498952734248,0.9547964771494183,0.948989199283317,0.9546330784566079,-0.002702702702702564
6,competence,true,20,1,3,"[1,3,4,5,6,8,9]",[0],20,20,0.9464498952734248,0.9547964771494183,0.9491525979761274,0.9547964771494183,-0.002702702702702564
6,competence,true,20,1,4,"[1,3,4,5,6,8,9]",[2],20,20,0.9464498952734248,0.9547964771494183,0.9491525979761274,0.9547964771494183,-0.002702702702702564
6,competence,true,20,2,3,[7],[0],20,20,0.9464498952734248,0.948989199283317,0.9491525979761274,0.948989199283317,-0.002702702702702564
6,competence,true,20,2,4,[7],[2],20,20,0.9464498952734248,0.948989199283317,0.9491525979761274,0.9516919019860197,1.1102230246251565e-16
6,competence,true,20,3,4,[0],[2],20,20,0.9464498952734248,0.9491525979761274,0.9491525979761274,0.9491525979761274,-0.002702702702702564
6,competence,true,40,1,2,"[1,3,4,5,6,8,9]",[7],40,36,0.9464498952734248,0.9547124435359728,0.948989199283317,0.9572517475458653,2.220446049250313e-16
6,competence,true,40,1,3,"[1,3,4,5,6,8,9]",[0],40,36,0.9464498952734248,0.9547124435359728,0.9548668836904131,0.9602722890958185,-0.0028571428571425583
6,competence,true,40,1,4,"[1,3,4,5,6,8,9]",[2],40,35,0.9464498952734248,0.9547124435359728,0.9520937744467156,0.9547124435359728,-0.005643879173290789
6,competence,true,40,2,3,[7],[0],36,36,0.9464498952734248,0.948989199283317,0.9548668836904131,0.9547034849976027,-0.002702702702702564
6,competence,true,40,2,4,[7],[2],36,35,0.9464498952734248,0.948989199283317,0.9520937744467156,0.9519303757539053,-0.002702702702702564
6,competence,true,40,3,4,[0],[2],36,35,0.9464498952734248,0.9548668836904131,0.9520937744467156,0.9578080601610013,-0.002702702702702564
6,random,pseudo,5,1,2,"[1,2,3,5,6,7,9]",[4],5,5,0.9464498952734248,0.9464498952734248,0.9491525979761274,0.9491525979761274,0.0
6,random,pseudo,5,1,3,"[1,2,3,5,6,7,9]",[0],5,5,0.9464498952734248,0.9464498952734248,0.9464498952734248,0.9464498952734248,0.0
6,random,pseudo,5,1,4,"[1,2,3,5,6,7,9]",[8],5,5,0.9464498952734248,0.9464498952734248,0.9464498952734248,0.9464498952734248,0.0
6,random,pseudo,5,2,3,[4],[0],5,5,0.9464498952734248,0.9491525979761274,0.9464498952734248,0.9491525979761274,0.0
6,random,pseudo,5,2,4,[4],[8],5,5,0.9464498952734248,0.9491525979761274,0.9464498952734248,0.9550349509173038,0.00588235294117645
6,random,pseudo,5,3,4,[0],[8],5,5,0.9464498952734248,0.9464498952734248,0.9464498952734248,0.9464498952734248,0.0
6,random,pseudo,10,1,2,"[1,2,3,5,6,7,9]",[4],10,10,0.9464498952734248,0.9547124435359731,0.9516168269109446,0.9544739697680875,-0.00540540540540535
6,random,pseudo,10,1,3,"[1,2,3,5,6,7,9]",[0],10,10,0.9464498952734248,0.9547124435359731,0.9548668836904131,0.9547124435359731,-0.008416988416988236
6,random,pseudo,10,1,4,"[1,2,3,5,6,7,9]",[8],10,10,0.9464498952734248,0.9547124435359731,0.9523322482146013,0.9605947964771495,0.0
6,random,pseudo,10,2,3,[4],[0],10,10,0.9464498952734248,0.9516168269109446,0.9548668836904131,0.9573311126252303,-0.002702702702702564
6,random,pseudo,10,2,4,[4],[8],10,10,0.9464498952734248,0.9516168269109446,0.9523322482146013,0.9550349509173038,-0.0024642289348172364
6,random,pseudo,10,3,4,[0],[8],10,10,0.9464498952734248,0.9548668836904131,0.9523322482146013,0.958046533928887,-0.002702702702702564
6,random,pseudo,20,1,2,"[1,2,3,5,6,7,9]",[4],20,20,0.9464498952734248,0.9519303757539053,0.9520097408332703,0.9574151462386757,-7.507507507498179e-05
6,random,pseudo,20,1,3,"[1,2,3,5,6,7,9]",[0],20,20,0.9464498952734248,0.9519303757539053,0.9491525979761274,0.9546330784566079,1.1102230246251565e-16
6,random,pseudo,20,1,4,"[1,2,3,5,6,7,9]",[8],20,20,0.9464498952734248,0.9519303757539053,0.9579761273878921,0.9605154313977844,-0.002941176470588114
6,random,pseudo,20,2,3,[4],[0],20,20,0.9464498952734248,0.9520097408332703,0.9491525979761274,0.9518553006788301,-0.0028571428571427804
6,random,pseudo,20,2,4,[4],[8],20,20,0.9464498952734248,0.9520097408332703,0.9579761273878921,0.9606788300905947,-0.0028571428571427804
6,random,pseudo,20,3,4,[0],[8],20,20,0.9464498952734248,0.9491525979761274,0.9579761273878921,0.9579761273878921,-0.002702702702702564
6,random,pseudo,40,1,2,"[1,2,3,5,6,7,9]",[4],40,36,0.9464498952734248,0.9491525979761274,0.9544739697680875,0.9489141242082418,-0.008262548262548242
6,random,pseudo,40,1,3,"[1,2,3,5,6,7,9]",[0],40,36,0.9464498952734248,0.9491525979761274,0.9548668836904131,0.9548668836904131,-0.002702702702702564
6,random,pseudo,40,1,4,"[1,2,3,5,6,7,9]",[8],40,35,0.9464498952734248,0.9491525979761274,0.9604403563227093,0.9550349509173038,-0.008108108108108025
6,random,pseudo,40,2,3,[4],[0],36,36,0.9464498952734248,0.9544739697680875,0.9548668836904131,0.9573311126252303,-0.0055598455598454555
6,random,pseudo,40,2,4,[4],[8],36,35,0.9464498952734248,0.9544739697680875,0.9604403563227093,0.963143059025412,-0.005321371791960017
6,random,pseudo,40,3,4,[0],[8],36,35,0.9464498952734248,0.9548668836904131,0.9604403563227093,0.966154642036995,-0.002702702702702564
6,random,true,5,1,2,"[1,2,3,5,6,7,9]",[4],5,5,0.9464498952734248,0.9464498952734248,0.9572607060842355,0.9601178489413783,0.0028571428571427804
6,random,true,5,1,3,"[1,2,3,5,6,7,9]",[0],5,5,0.9464498952734248,0.9464498952734248,0.9464498952734248,0.9464498952734248,0.0
6,random,true,5,1,4,"[1,2,3,5,6,7,9]",[8],5,5,0.9464498952734248,0.9464498952734248,0.9464498952734248,0.9464498952734248,0.0
6,random,true,5,2,3,[4],[0],5,5,0.9464498952734248,0.9572607060842355,0.9464498952734248,0.9490775229010524,-0.008183183183183118
6,random,true,5,2,4,[4],[8],5,5,0.9464498952734248,0.9572607060842355,0.9464498952734248,0.963143059025412,0.00588235294117645
6,random,true,5,3,4,[0],[8],5,5,0.9464498952734248,0.9464498952734248,0.9464498952734248,0.9464498952734248,0.0
6,random,true,10,1,2,"[1,2,3,5,6,7,9]",[4],10,10,0.9464498952734248,0.9518553006788301,0.9601178489413783,0.9572607060842355,-0.00826254826254802
6,random,true,10,1,3,"[1,2,3,5,6,7,9]",[0],10,10,0.9464498952734248,0.9518553006788301,0.9548668836904131,0.957569586393116,-0.002702702702702342
6,random,true,10,1,4,"[1,2,3,5,6,7,9]",[8],10,10,0.9464498952734248,0.9518553006788301,0.9523322482146013,0.9606788300905947,0.002941176470588225
6,random,true,10,2,3,[4],[0],10,10,0.9464498952734248,0.9601178489413783,0.9548668836904131,0.9629749917985213,-0.005559845559845233
6,random,true,10,2,4,[4],[8],10,10,0.9464498952734248,0.9601178489413783,0.9523322482146013,0.968941378353143,0.002941176470588225
6,random,true,10,3,4,[0],[8],10,10,0.9464498952734248,0.9548668836904131,0.9523322482146013,0.958046533928887,-0.002702702702702564
6,random,true,20,1,2,"[1,2,3,5,6,7,9]",[4],20,20,0.9464498952734248,0.9519303757539053,0.9520097408332703,0.9518553006788301,-0.005634920634920659
6,random,true,20,1,3,"[1,2,3,5,6,7,9]",[0],20,20,0.9464498952734248,0.9519303757539053,0.9491525979761274,0.9519303757539053,-0.002702702702702564
6,random,true,20,1,4,"[1,2,3,5,6,7,9]",[8],20,20,0.9464498952734248,0.9519303757539053,0.9579761273878921,0.9606788300905947,-0.002777777777777768
6,random,true,20,2,3,[4],[0],20,20,0.9464498952734248,0.9520097408332703,0.9491525979761274,0.9518553006788301,-0.0028571428571427804
6,random,true,20,2,4,[4],[8],20,20,0.9464498952734248,0.9520097408332703,0.9579761273878921,0.9606788300905947,-0.0028571428571427804
6,random,true,20,3,4,[0],[8],20,20,0.9464498952734248,0.9491525979761274,0.9579761273878921,0.9579761273878921,-0.002702702702702564
6,random,true,40,1,2,"[1,2,3,5,6,7,9]",[4],40,36,0.9464498952734248,0.9544739697680875,0.9601178489413783,0.9628205516440811,-0.005321371791959906
6,random,true,40,1,3,"[1,2,3,5,6,7,9]",[0],40,36,0.9464498952734248,0.9544739697680875,0.9548668836904131,0.9573311126252303,-0.0055598455598454555
6,random,true,40,1,4,"[1,2,3,5,6,7,9]",[8],40,35,0.9464498952734248,0.9544739697680875,0.9550349509173038,0.9633815327932975,0.0003225073813309942
6,random,true,40,2,3,[4],[0],36,36,0.9464498952734248,0.9601178489413783,0.9548668836904131,0.9629749917985213,-0.005559845559845233
6,random,true,40,2,4,[4],[8],36,35,0.9464498952734248,0.9601178489413783,0.9550349509173038,0.9577376536200066,-0.010965250965250695
6,random,true,40,3,4,[0],[8],36,35,0.9464498952734248,0.9548668836904131,0.9550349509173038,0.9663931158048806,0.002941176470588558
7,competence,pseudo,5,1,2,"[2,3,5,6,8,9]","[1,4]",5,5,0.9417949882655764,0.9472754687460568,0.9417949882655764,0.9472754687460568,0.0
7,competence,pseudo,5,1,3,"[2,3,5,6,8,9]",[0],5,5,0.9417949882655764,0.9472754687460568,0.9417949882655764,0.9472754687460568,0.0
7,competence,pseudo,5,1,4,"[2,3,5,6,8,9]",[7],5,5,0.9417949882655764,0.9472754687460568,0.9417949882655764,0.9472754687460568,0.0
7,competence,pseudo,5,2,3,"[1,4]",[0],5,5,0.9417949882655764,0.9417949882655764,0.9417949882655764,0.9417949882655764,0.0
7,competence,pseudo,5,2,4,"[1,4]",[7],5,5,0.9417949882655764,0.9417949882655764,0.9417949882655764,0.9417949882655764,0.0
7,competence,pseudo,5,3,4,[0],[7],5,5,0.9417949882655764,0.9417949882655764,0.9417949882655764,0.9417949882655764,0.0
7,competence,pseudo,10,1,2,"[2,3,5,6,8,9]","[1,4]",10,10,0.9417949882655764,0.947350543821132,0.9444976909682792,0.9500532465238347,-1.1102230246251565e-16
7,competence,pseudo,10,1,3,"[2,3,5,6,8,9]",[0],10,10,0.9417949882655764,0.947350543821132,0.9416448381154263,0.9390172104877987,-0.008183183183183229
7,competence,pseudo,10,1,4,"[2,3,5,6,8,9]",[7],10,10,0.9417949882655764,0.947350543821132,0.9445727660433543,0.947350543821132,-0.002777777777777879
7,competence,pseudo,10,2,3,"[1,4]",[0],10,10,0.9417949882655764,0.9444976909682792,0.9416448381154263,0.9443475408181289,-2.220446049250313e-16
7,competence,pseudo,10,2,4,"[1,4]",[7],10,10,0.9417949882655764,0.9444976909682792,0.9445727660433543,0.9472754687460568,-2.220446049250313e-16
7,competence,pseudo,10,3,4,[0],[7],10,10,0.9417949882655764,0.9416448381154263,0.9445727660433543,0.9417199131905013,-0.002702702702702897
7,competence,pseudo,20,1,2,"[2,3,5,6,8,9]","[1,4]",20,20,0.9417949882655764,0.9529103893809776,0.9445727660433543,0.9501326116031997,-0.005555555555555758
7,competence,pseudo,20,1,3,"[2,3,5,6,8,9]",[0],20,20,0.9417949882655764,0.9529103893809776,0.9417949882655764,0.9529103893809776,0.0
7,competence,pseudo,20,1,4,"[2,3,5,6,8,9]",[7],20,20,0.9417949882655764,0.9529103893809776,0.9501326116031997,0.9471914351326116,-0.014056577585989327
7,competence,pseudo,20,2,3,"[1,4]",[0],20,20,0.9417949882655764,0.9445727660433543,0.9417949882655764,0.9445727660433543,0.0
7,competence,pseudo,20,2,4,"[1,4]",[7],20,20,0.9417949882655764,0.9445727660433543,0.9501326116031997,0.9501326116031997,-0.002777777777777879
7,competence,pseudo,20,3,4,[0],[7],20,20,0.9417949882655764,0.9417949882655764,0.9501326116031997,0.9471914351326115,-0.002941176470588225
7,competence,pseudo,40,1,2,"[2,3,5,6,8,9]","[1,4]",40,40,0.9417949882655764,0.9529060993766876,0.9527559492265375,0.9556088020793903,-0.008258258258258433
7,competence,pseudo,40,1,3,"[2,3,5,6,8,9]",[0],40,36,0.9417949882655764,0.9529060993766876,0.944422615893204,0.9500532465238347,-0.005480480480480443
7,competence,pseudo,40,1,4,"[2,3,5,6,8,9]",[7],40,36,0.9417949882655764,0.9529060993766876,0.9471914351326115,0.9556881671587554,-0.002614379084967311
7,competence,pseudo,40,2,3,"[1,4]",[0],40,36,0.9417949882655764,0.9527559492265375,0.944422615893204,0.9554586519292402,7.507507507509281e-05
7,competence,pseudo,40,2,4,"[1,4]",[7],40,36,0.9417949882655764,0.9527559492265375,0.9471914351326115,0.9498147727559493,-0.008337623337623334
7,competence,pseudo,40,3,4,[0],[7],36,36,0.9417949882655764,0.944422615893204,0.9471914351326115,0.9471914351326115,-0.0026276276276275823
7,competence,true,5,1,2,"[2,3,5,6,8,9]","[1,4]",5,5,0.9417949882655764,0.9417949882655764,0.9417949882655764,0.9417949882655764,0.0
7,competence,true,5,1,3,"[2,3,5,6,8,9]",[0],5,5,0.9417949882655764,0.9417949882655764,0.9417949882655764,0.9417949882655764,0.0
7,competence,true,5,1,4,"[2,3,5,6,8,9]",[7],5,5,0.9417949882655764,0.9417949882655764,0.9417949882655764,0.9417949882655764,0.0
7,competence,true,5,2,3,"[1,4]",[0],5,5,0.9417949882655764,0.9417949882655764,0.9417949882655764,0.9417949882655764,0.0
7,competence,true,5,2,4,"[1,4]",[7],5,5,0.9417949882655764,0.9417949882655764,0.9417949882655764,0.9417949882655764,0.0
7,competence,true,5,3,4,[0],[7],5,5,0.9417949882655764,0.9417949882655764,0.9417949882655764,0.9417949882655764,0.0
7,competence,true,10,1,2,"[2,3,5,6,8,9]","[1,4]",10,10,0.9417949882655764,0.9417949882655764,0.9444976909682792,0.9444976909682792,0.0
7,competence,true,10,1,3,"[2,3,5,6,8,9]",[0],10,10,0.9417949882655764,0.9417949882655764,0.9472754687460568,0.9472754687460568,0.0
7,competence,true,10,1,4,"[2,3,5,6,8,9]",[7],10,10,0.9417949882655764,0.9417949882655764,0.9445727660433543,0.9445727660433543,0.0
7,competence,true,10,2,3,"[1,4]",[0],10,10,0.9417949882655764,0.9444976909682792,0.9472754687460568,0.9499781714487596,0.0
7,competence,true,10,2,4,"[1,4]",[7],10,10,0.9417949882655764,0.9444976909682792,0.9445727660433543,0.9472754687460568,-2.220446049250313e-16
7,competence,true,10,3,4,[0],[7],10,10,0.9417949882655764,0.9472754687460568,0.9445727660433543,0.9473505438211319,-0.002702702702702786
7,competence,true,20,1,2,"[2,3,5,6,8,9]","[1,4]",20,20,0.9417949882655764,0.9475933075933076,0.9445727660433543,0.947429908900497,-0.002941176470588447
7,competence,true,20,1,3,"[2,3,5,6,8,9]",[0],20,20,0.9417949882655764,0.9475933075933076,0.9417949882655764,0.9475933075933076,0.0
7,competence,true,20,1,4,"[2,3,5,6,8,9]",[7],20,20,0.9417949882655764,0.9475933075933076,0.9445727660433543,0.9503710853710853,-2.220446049250313e-16
7,competence,true,20,2,3,"[1,4]",[0],20,20,0.9417949882655764,0.9445727660433543,0.9417949882655764,0.9445727660433543,0.0
7,competence,true,20,2,4,"[1,4]",[7],20,20,0.9417949882655764,0.9445727660433543,0.9445727660433543,0.9473505438211319,-2.220446049250313e-16
7,competence,true,20,3,4,[0],[7],20,20,0.9417949882655764,0.9417949882655764,0.9445727660433543,0.9445727660433543,0.0
7,competence,true,40,1,2,"[2,3,5,6,8,9]","[1,4]",40,40,0.9417949882655764,0.9503710853710855,0.9470369949781714,0.9499692129103894,-0.005643879173291122
7,competence,true,40,1,3,"[2,3,5,6,8,9]",[0],40,36,0.9417949882655764,0.9503710853710855,0.9472754687460568,0.9529103893809776,-0.002941176470588336
7,competence,true,40,1,4,"[2,3,5,6,8,9]",[7],40,36,0.9417949882655764,0.9503710853710855,0.9445727660433543,0.9502076866782749,-0.002941176470588447
7,competence,true,40,2,3,"[1,4]",[0],40,36,0.9417949882655764,0.9470369949781714,0.9472754687460568,0.9443342922754686,-0.008183183183183229
7,competence,true,40,2,4,"[1,4]",[7],40,36,0.9417949882655764,0.9470369949781714,0.9445727660433543,0.9527559492265374,0.002941176470588114
7,competence,true,40,3,4,[0],[7],36,36,0.9417949882655764,0.9472754687460568,0.9445727660433543,0.9473505438211319,-0.002702702702702786
7,random,pseudo,5,1,2,"[0,1,2,5,6,9]","[7,8]",5,5,0.9417949882655764,0.9417949882655764,0.9417949882655764,0.9417949882655764,0.0
7,random,pseudo,5,1,3,"[0,1,2,5,6,9]",[4],5,5,0.9417949882655764,0.9417949882655764,0.9417949882655764,0.9417949882655764,0.0
7,random,pseudo,5,1,4,"[0,1,2,5,6,9]",[3],5,5,0.9417949882655764,0.9417949882655764,0.9417949882655764,0.9417949882655764,0.0
7,random,pseudo,5,2,3,"[7,8]",[4],5,5,0.9417949882655764,0.9417949882655764,0.9417949882655764,0.9417949882655764,0.0
7,random,pseudo,5,2,4,"[7,8]",[3],5,5,0.9417949882655764,0.9417949882655764,0.9417949882655764,0.9417949882655764,0.0
7,random,pseudo,5,3,4,[4],[3],5,5,0.9417949882655764,0.9417949882655764,0.9417949882655764,0.9417949882655764,0.0
7,random,pseudo,10,1,2,"[0,1,2,5,6,9]","[7,8]",10,10,0.9417949882655764,0.9472754687460568,0.9473548338254221,0.9473548338254221,-0.005480480480480443
7,random,pseudo,10,1,3,"[0,1,2,5,6,9]",[4],10,10,0.9417949882655764,0.9472754687460568,0.9445727660433543,0.9472754687460568,-0.002777777777777879
7,random,pseudo,10,1,4,"[0,1,2,5,6,9]",[3],10,10,0.9417949882655764,0.9472754687460568,0.947429908900497,0.9501326116031998,-0.002777777777777657
7,random,pseudo,10,2,3,"[7,8]",[4],10,10,0.9417949882655764,0.9473548338254221,0.9445727660433543,0.9473548338254221,-0.002777777777777879
7,random,pseudo,10,2,4,"[7,8]",[3],10,10,0.9417949882655764,0.9473548338254221,0.947429908900497,0.9529103893809776,-7.936507936512349e-05
7,random,pseudo,10,3,4,[4],[3],10,10,0.9417949882655764,0.9445727660433543,0.947429908900497,0.9502076866782749,0.0
7,random,pseudo,20,1,2,"[0,1,2,5,6,9]","[7,8]",20,20,0.9417949882655764,0.9472754687460568,0.9473548338254221,0.9445770560476442,-0.008258258258258322
7,random,pseudo,20,1,3,"[0,1,2,5,6,9]",[4],20,20,0.9417949882655764,0.9472754687460568,0.9527559492265375,0.9527559492265375,-0.005480480480480443
7,random,pseudo,20,1,4,"[0,1,2,5,6,9]",[3],20,20,0.9417949882655764,0.9472754687460568,0.9363895828601709,0.9334484063895827,-0.008421656951068668
7,random,pseudo,20,2,3,"[7,8]",[4],20,20,0.9417949882655764,0.9473548338254221,0.9527559492265375,0.9470369949781714,-0.011278799808211781
7,random,pseudo,20,2,4,"[7,8]",[3],20,20,0.9417949882655764,0.9473548338254221,0.9363895828601709,0.93059555353673,-0.011353874883286652
7,random,pseudo,20,3,4,[4],[3],20,20,0.9417949882655764,0.9527559492265375,0.9363895828601709,0.9418700633406514,-0.005480480480480665
7,random,pseudo,40,1,2,"[0,1,2,5,6,9]","[7,8]",40,40,0.9417949882655764,0.9500532465238347,0.9444136573548338,0.9470369949781714,-0.00563492063492077
7,random,pseudo,40,1,3,"[0,1,2,5,6,9]",[4],40,36,0.9417949882655764,0.9500532465238347,0.9525925505337269,0.9582364297070178,-0.002614379084967422
7,random,pseudo,40,1,4,"[0,1,2,5,6,9]",[3],40,37,0.9417949882655764,0.9500532465238347,0.947500693971282,0.9474256188962071,-0.008333333333333193
7,random,pseudo,40,2,3,"[7,8]",[4],40,36,0.9417949882655764,0.9444136573548338,0.9525925505337269,0.9498147727559493,-0.0053964468670351096
7,random,pseudo,40,2,4,"[7,8]",[3],40,37,0.9417949882655764,0.9444136573548338,0.947500693971282,0.950203396673985,8.403361344555549e-05
7,random,pseudo,40,3,4,[4],[3],36,37,0.9417949882655764,0.9525925505337269,0.947500693971282,0.9529060993766876,-0.005392156862744968
7,random,true,5,1,2,"[0,1,2,5,6,9]","[7,8]",5,5,0.9417949882655764,0.9417949882655764,0.9417949882655764,0.9417949882655764,0.0
7,random,true,5,1,3,"[0,1,2,5,6,9]",[4],5,5,0.9417949882655764,0.9417949882655764,0.9417949882655764,0.9417949882655764,0.0
7,random,true,5,1,4,"[0,1,2,5,6,9]",[3],5,5,0.9417949882655764,0.9417949882655764,0.9444976909682792,0.9444976909682792,0.0
7,random,true,5,2,3,"[7,8]",[4],5,5,0.9417949882655764,0.9417949882655764,0.9417949882655764,0.9417949882655764,0.0
7,random,true,5,2,4,"[7,8]",[3],5,5,0.9417949882655764,0.9417949882655764,0.9444976909682792,0.9444976909682792,0.0
7,random,true,5,3,4,[4],[3],5,5,0.9417949882655764,0.9417949882655764,0.9444976909682792,0.9444976909682792,0.0
7,random,true,10,1,2,"[0,1,2,5,6,9]","[7,8]",10,10,0.9417949882655764,0.9417949882655764,0.9417949882655764,0.9445727660433543,0.002777777777777879
7,random,true,10,1,3,"[0,1,2,5,6,9]",[4],10,10,0.9417949882655764,0.9417949882655764,0.9445727660433543,0.9445727660433543,0.0
7,random,true,10,1,4,"[0,1,2,5,6,9]",[3],10,10,0.9417949882655764,0.9417949882655764,0.947429908900497,0.9502076866782749,0.002777777777777879
7,random,true,10,2,3,"[7,8]",[4],10,10,0.9417949882655764,0.9417949882655764,0.9445727660433543,0.9445727660433543,0.0
7,random,true,10,2,4,"[7,8]",[3],10,10,0.9417949882655764,0.9417949882655764,0.947429908900497,0.9445727660433543,-0.0028571428571427804
7,random,true,10,3,4,[4],[3],10,10,0.9417949882655764,0.9445727660433543,0.947429908900497,0.9502076866782749,0.0
7,random,true,20,1,2,"[0,1,2,5,6,9]","[7,8]",20,20,0.9417949882655764,0.9472754687460571,0.9444976909682792,0.9472754687460571,-0.002702702702702786
7,random,true,20,1,3,"[0,1,2,5,6,9]",[4],20,20,0.9417949882655764,0.9472754687460571,0.9470369949781714,0.9498147727559493,-0.002702702702702786
7,random,true,20,1,4,"[0,1,2,5,6,9]",[3],20,20,0.9417949882655764,0.9472754687460571,0.9446521311227192,0.947429908900497,-0.002702702702702786
7,random,true,20,2,3,"[7,8]",[4],20,20,0.9417949882655764,0.9444976909682792,0.9470369949781714,0.9497396976808741,-1.1102230246251565e-16
7,random,true,20,2,4,"[7,8]",[3],20,20,0.9417949882655764,0.9444976909682792,0.9446521311227192,0.9446521311227192,-0.002702702702702786
7,random,true,20,3,4,[4],[3],20,20,0.9417949882655764,0.9470369949781714,0.9446521311227192,0.9471163600575364,-0.002777777777777768
7,random,true,40,1,2,"[0,1,2,5,6,9]","[7,8]",40,40,0.9417949882655764,0.9472754687460568,0.9475139425139425,0.9471120700532465,-0.00588235294117645
7,random,true,40,1,3,"[0,1,2,5,6,9]",[4],40,36,0.9417949882655764,0.9472754687460568,0.9498147727559492,0.9552952532364296,0.0
7,random,true,40,1,4,"[0,1,2,5,6,9]",[3],40,37,0.9417949882655764,0.9472754687460568,0.9446521311227192,0.9526719156130922,0.0025393040098925512
7,random,true,40,2,3,"[7,8]",[4],40,36,0.9417949882655764,0.9475139425139425,0.9498147727559492,0.9498147727559492,-0.005718954248366104
7,random,true,40,2,4,"[7,8]",[3],40,37,0.9417949882655764,0.9475139425139425,0.9446521311227192,0.947429908900497,-0.002941176470588225
7,random,true,40,3,4,[4],[3],36,37,0.9417949882655764,0.9498147727559492,0.9446521311227192,0.9471914351326115,-0.005480480480480443
8,competence,pseudo,5,1,2,"[1,3,5,7,8,9]",[6],5,5,0.9496291669821082,0.9550345723875135,0.9496291669821082,0.9550345723875135,0.0
8,competence,pseudo,5,1,3,"[1,3,5,7,8,9]","[0,4]",5,5,0.9496291669821082,0.9550345723875135,0.9496291669821082,0.9550345723875135,0.0
8,competence,pseudo,5,1,4,"[1,3,5,7,8,9]",[2],5,5,0.9496291669821082,0.9550345723875135,0.9496291669821082,0.9550345723875135,0.0
8,competence,pseudo,5,2,3,[6],"[0,4]",5,5,0.9496291669821082,0.9496291669821082,0.9496291669821082,0.9496291669821082,0.0
8,competence,pseudo,5,2,4,[6],[2],5,5,0.9496291669821082,0.9496291669821082,0.9496291669821082,0.9496291669821082,0.0
8,competence,pseudo,5,3,4,"[0,4]",[2],5,5,0.9496291669821082,0.9496291669821082,0.9496291669821082,0.9496291669821082,0.0
8,competence,pseudo,10,1,2,"[1,3,5,7,8,9]",[6],10,10,0.9496291669821082,0.9439102127337422,0.9496291669821082,0.9468513892043304,0.002941176470588225
8,competence,pseudo,10,1,3,"[1,3,5,7,8,9]","[0,4]",10,10,0.9496291669821082,0.9439102127337422,0.9496291669821082,0.9439102127337422,0.0
8,competence,pseudo,10,1,4,"[1,3,5,7,8,9]",[2],10,10,0.9496291669821082,0.9439102127337422,0.9496291669821082,0.9439102127337422,0.0
8,competence,pseudo,10,2,3,[6],"[0,4]",10,10,0.9496291669821082,0.9496291669821082,0.9496291669821082,0.9496291669821082,0.0
8,competence,pseudo,10,2,4,[6],[2],10,10,0.9496291669821082,0.9496291669821082,0.9496291669821082,0.9496291669821082,0.0
8,competence,pseudo,10,3,4,"[0,4]",[2],10,10,0.9496291669821082,0.9496291669821082,0.9496291669821082,0.94668799051152,-0.002941176470588225
8,competence,pseudo,20,1,2,"[1,3,5,7,8,9]",[6],20,20,0.9496291669821082,0.9522567946097359,0.952406944759886,0.9522567946097358,-0.002777777777777879
8,competence,pseudo,20,1,3,"[1,3,5,7,8,9]","[0,4]",20,20,0.9496291669821082,0.9522567946097359,0.9524952683776213,0.9524201933025462,-0.002702702702702786
8,competence,pseudo,20,1,4,"[1,3,5,7,8,9]",[2],20,20,0.9496291669821082,0.9522567946097359,0.9439102127337421,0.9467763141292552,0.00023847376788543873
8,competence,pseudo,20,2,3,[6],"[0,4]",20,20,0.9496291669821082,0.952406944759886,0.9524952683776213,0.9580508239331769,0.002777777777777768
8,competence,pseudo,20,2,4,[6],[2],20,20,0.9496291669821082,0.952406944759886,0.9439102127337421,0.952406944759886,0.005718954248366104
8,competence,pseudo,20,3,4,"[0,4]",[2],20,20,0.9496291669821082,0.9524952683776213,0.9439102127337421,0.9495540919070331,0.002777777777777879
8,competence,pseudo,40,1,2,"[1,3,5,7,8,9]",[6],40,36,0.9496291669821082,0.9440736114265527,0.952406944759886,0.9468513892043303,-1.1102230246251565e-16
8,competence,pseudo,40,1,3,"[1,3,5,7,8,9]","[0,4]",40,40,0.9496291669821082,0.9440736114265527,0.9524952683776213,0.9497174905998437,0.002777777777777879
8,competence,pseudo,40,1,4,"[1,3,5,7,8,9]",[2],40,35,0.9496291669821082,0.9440736114265527,0.94668799051152,0.9495540919070331,0.008421656951068668
8,competence,pseudo,40,2,3,[6],"[0,4]",36,40,0.9496291669821082,0.952406944759886,0.9524952683776213,0.9580508239331769,0.002777777777777768
8,competence,pseudo,40,2,4,[6],[2],36,35,0.9496291669821082,0.952406944759886,0.94668799051152,0.9496291669821082,0.00016339869281045694
8,competence,pseudo,40,3,4,"[0,4]",[2],40,35,0.9496291669821082,0.9524952683776213,0.94668799051152,0.9524952683776213,0.002941176470588225
8,competence,true,5,1,2,"[1,3,5,7,8,9]",[6],5,5,0.9496291669821082,0.9550345723875135,0.9496291669821082,0.9550345723875135,0.0
8,competence,true,5,1,3,"[1,3,5,7,8,9]","[0,4]",5,5,0.9496291669821082,0.9550345723875135,0.9496291669821082,0.9550345723875135,0.0
8,competence,true,5,1,4,"[1,3,5,7,8,9]",[2],5,5,0.9496291669821082,0.9550345723875135,0.9496291669821082,0.9550345723875135,0.0
8,competence,true,5,2,3,[6],"[0,4]",5,5,0.9496291669821082,0.9496291669821082,0.9496291669821082,0.9496291669821082,0.0
8,competence,true,5,2,4,[6],[2],5,5,0.9496291669821082,0.9496291669821082,0.9496291669821082,0.9496291669821082,0.0
8,competence,true,5,3,4,"[0,4]",[2],5,5,0.9496291669821082,0.9496291669821082,0.9496291669821082,0.9496291669821082,0.0
8,competence,true,10,1,2,"[1,3,5,7,8,9]",[6],10,10,0.9496291669821082,0.9439102127337422,0.9496291669821082,0.9468513892043304,0.002941176470588225
8,competence,true,10,1,3,"[1,3,5,7,8,9]","[0,4]",10,10,0.9496291669821082,0.9439102127337422,0.9496291669821082,0.9439102127337422,0.0
8,competence,true,10,1,4,"[1,3,5,7,8,9]",[2],10,10,0.9496291669821082,0.9439102127337422,0.9496291669821082,0.9439102127337422,0.0
8,competence,true,10,2,3,[6],"[0,4]",10,10,0.9496291669821082,0.9496291669821082,0.9496291669821082,0.9496291669821082,0.0
8,competence,true,10,2,4,[6],[2],10,10,0.9496291669821082,0.9496291669821082,0.9496291669821082,0.9496291669821082,0.0
8,competence,true,10,3,4,"[0,4]",[2],10,10,0.9496291669821082,0.9496291669821082,0.9496291669821082,0.94668799051152,-0.002941176470588225
8,competence,true,20,1,2,"[1,3,5,7,8,9]",[6],20,20,0.9496291669821082,0.9523318696848108,0.952406944759886,0.9523318696848108,-0.002777777777777768
8,competence,true,20,1,3,"[1,3,5,7,8,9]","[0,4]",20,20,0.9496291669821082,0.9523318696848108,0.9439852878088173,0.9493906932142225,0.002702702702702675
8,competence,true,20,1,4,"[1,3,5,7,8,9]",[2],20,20,0.9496291669821082,0.9523318696848108,0.9439102127337421,0.9438351376586672,-0.002777777777777435
8,competence,true,20,2,3,[6],"[0,4]",20,20,0.9496291669821082,0.952406944759886,0.9439852878088173,0.9497042420571832,0.002941176470588114
8,competence,true,20,2,4,[6],[2],20,20,0.9496291669821082,0.952406944759886,0.9439102127337421,0.952406944759886,0.005718954248366104
8,competence,true,20,3,4,"[0,4]",[2],20,20,0.9496291669821082,0.9439852878088173,0.9439102127337421,0.9439852878088173,0.005718954248366104
8,competence,true,40,1,2,"[1,3,5,7,8,9]",[6],40,36,0.9496291669821082,0.9440736114265527,0.952406944759886,0.9468513892043304,0.0
8,competence,true,40,1,3,"[1,3,5,7,8,9]","[0,4]",40,40,0.9496291669821082,0.9440736114265527,0.94668799051152,0.9383546571781866,-0.002777777777777879
8,competence,true,40,1,4,"[1,3,5,7,8,9]",[2],40,35,0.9496291669821082,0.9440736114265527,0.94668799051152,0.9411324349559644,0.0
8,competence,true,40,2,3,[6],"[0,4]",36,40,0.9496291669821082,0.952406944759886,0.94668799051152,0.9496291669821082,0.00016339869281045694
8,competence,true,40,2,4,[6],[2],36,35,0.9496291669821082,0.952406944759886,0.94668799051152,0.9496291669821082,0.00016339869281045694
8,competence,true,40,3,4,"[0,4]",[2],40,35,0.9496291669821082,0.94668799051152,0.94668799051152,0.9439102127337421,0.0001633986928103459
8,random,pseudo,5,1,2,"[1,2,4,5,7,9]",[0],5,5,0.9496291669821082,0.94668799051152,0.9496291669821082,0.94668799051152,0.0
8,random,pseudo,5,1,3,"[1,2,4,5,7,9]","[3,8]",5,5,0.9496291669821082,0.94668799051152,0.9496291669821082,0.94668799051152,0.0
8,random,pseudo,5,1,4,"[1,2,4,5,7,9]",[6],5,5,0.9496291669821082,0.94668799051152,0.9496291669821082,0.94668799051152,0.0
8,random,pseudo,5,2,3,[0],"[3,8]",5,5,0.9496291669821082,0.9496291669821082,0.9496291669821082,0.9496291669821082,0.0
8,random,pseudo,5,2,4,[0],[6],5,5,0.9496291669821082,0.9496291669821082,0.9496291669821082,0.9496291669821082,0.0
8,random,pseudo,5,3,4,"[3,8]",[6],5,5,0.9496291669821082,0.9496291669821082,0.9496291669821082,0.9496291669821082,0.0
8,random,pseudo,10,1,2,"[1,2,4,5,7,9]",[0],10,10,0.9496291669821082,0.9496291669821082,0.9496291669821082,0.9496291669821082,0.0
8,random,pseudo,10,1,3,"[1,2,4,5,7,9]","[3,8]",10,10,0.9496291669821082,0.9496291669821082,0.9439102127337421,0.94668799051152,0.002777777777777879
8,random,pseudo,10,1,4,"[1,2,4,5,7,9]",[6],10,10,0.9496291669821082,0.9496291669821082,0.9496291669821082,0.9496291669821082,0.0
8,random,pseudo,10,2,3,[0],"[3,8]",10,10,0.9496291669821082,0.9496291669821082,0.9439102127337421,0.94668799051152,0.002777777777777879
8,random,pseudo,10,2,4,[0],[6],10,10,0.9496291669821082,0.9496291669821082,0.9496291669821082,0.9496291669821082,0.0
8,random,pseudo,10,3,4,"[3,8]",[6],10,10,0.9496291669821082,0.9439102127337421,0.9496291669821082,0.9439102127337421,0.0
8,random,pseudo,20,1,2,"[1,2,4,5,7,9]",[0],20,20,0.9496291669821082,0.9468513892043303,0.9496291669821082,0.9496291669821082,0.002777777777777879
8,random,pseudo,20,1,3,"[1,2,4,5,7,9]","[3,8]",20,20,0.9496291669821082,0.9468513892043303,0.9300963989199283,0.9385180558709971,0.011199434728846658
8,random,pseudo,20,1,4,"[1,2,4,5,7,9]",[6],20,20,0.9496291669821082,0.9468513892043303,0.9496291669821082,0.9496291669821082,0.002777777777777879
8,random,pseudo,20,2,3,[0],"[3,8]",20,20,0.9496291669821082,0.9496291669821082,0.9300963989199283,0.9328741766977062,0.002777777777777879
8,random,pseudo,20,2,4,[0],[6],20,20,0.9496291669821082,0.9496291669821082,0.9496291669821082,0.9496291669821082,0.0
8,random,pseudo,20,3,4,"[3,8]",[6],20,20,0.9496291669821082,0.9300963989199283,0.9496291669821082,0.9328741766977062,0.002777777777777879
8,random,pseudo,40,1,2,"[1,2,4,5,7,9]",[0],40,36,0.9496291669821082,0.9497042420571832,0.9468513892043303,0.9497042420571832,0.002777777777777879
8,random,pseudo,40,1,3,"[1,2,4,5,7,9]","[3,8]",40,40,0.9496291669821082,0.9497042420571832,0.9468513892043304,0.9497042420571832,0.002777777777777768
8,random,pseudo,40,1,4,"[1,2,4,5,7,9]",[6],40,36,0.9496291669821082,0.9497042420571832,0.952406944759886,0.9524820198349608,-1.1102230246251565e-16
8,random,pseudo,40,2,3,[0],"[3,8]",36,40,0.9496291669821082,0.9468513892043303,0.9468513892043304,0.9468513892043304,0.002777777777777879
8,random,pseudo,40,2,4,[0],[6],36,36,0.9496291669821082,0.9468513892043303,0.952406944759886,0.9496291669821082,1.1102230246251565e-16
8,random,pseudo,40,3,4,"[3,8]",[6],40,36,0.9496291669821082,0.9468513892043304,0.952406944759886,0.9497042420571832,7.507507507498179e-05
8,random,true,5,1,2,"[1,2,4,5,7,9]",[0],5,5,0.9496291669821082,0.94668799051152,0.9496291669821082,0.94668799051152,0.0
8,random,true,5,1,3,"[1,2,4,5,7,9]","[3,8]",5,5,0.9496291669821082,0.94668799051152,0.9496291669821082,0.94668799051152,0.0
8,random,true,5,1,4,"[1,2,4,5,7,9]",[6],5,5,0.9496291669821082,0.94668799051152,0.9496291669821082,0.94668799051152,0.0
8,random,true,5,2,3,[0],"[3,8]",5,5,0.9496291669821082,0.9496291669821082,0.9496291669821082,0.9496291669821082,0.0
8,random,true,5,2,4,[0],[6],5,5,0.9496291669821082,0.9496291669821082,0.9496291669821082,0.9496291669821082,0.0
8,random,true,5,3,4,"[3,8]",[6],5,5,0.9496291669821082,0.9496291669821082,0.9496291669821082,0.9496291669821082,0.0
8,random,true,10,1,2,"[1,2,4,5,7,9]",[0],10,10,0.9496291669821082,0.9496291669821082,0.9496291669821082,0.9496291669821082,0.0
8,random,true,10,1,3,"[1,2,4,5,7,9]","[3,8]",10,10,0.9496291669821082,0.9496291669821082,0.9439102127337421,0.94668799051152,0.002777777777777879
8,random,true,10,1,4,"[1,2,4,5,7,9]",[6],10,10,0.9496291669821082,0.9496291669821082,0.9496291669821082,0.9496291669821082,0.0
8,random,true,10,2,3,[0],"[3,8]",10,10,0.9496291669821082,0.9496291669821082,0.9439102127337421,0.94668799051152,0.002777777777777879
8,random,true,10,2,4,[0],[6],10,10,0.9496291669821082,0.9496291669821082,0.9496291669821082,0.9496291669821082,0.0
8,random,true,10,3,4,"[3,8]",[6],10,10,0.9496291669821082,0.9439102127337421,0.9496291669821082,0.9439102127337421,0.0
8,random,true,20,1,2,"[1,2,4,5,7,9]",[0],20,20,0.9496291669821082,0.9468513892043303,0.9496291669821082,0.9468513892043303,0.0
8,random,true,20,1,3,"[1,2,4,5,7,9]","[3,8]",20,20,0.9496291669821082,0.9468513892043303,0.9496291669821082,0.952406944759886,0.005555555555555647
8,random,true,20,1,4,"[1,2,4,5,7,9]",[6],20,20,0.9496291669821082,0.9468513892043303,0.9496291669821082,0.9496291669821082,0.002777777777777879
8,random,true,20,2,3,[0],"[3,8]",20,20,0.9496291669821082,0.9496291669821082,0.9496291669821082,0.9496291669821082,0.0
8,random,true,20,2,4,[0],[6],20,20,0.9496291669821082,0.9496291669821082,0.9496291669821082,0.9496291669821082,0.0
8,random,true,20,3,4,"[3,8]",[6],20,20,0.9496291669821082,0.9496291669821082,0.9496291669821082,0.9496291669821082,0.0
8,random,true,40,1,2,"[1,2,4,5,7,9]",[0],40,36,0.9496291669821082,0.94137090872385,0.9468513892043303,0.94137090872385,0.002777777777777879
8,random,true,40,1,3,"[1,2,4,5,7,9]","[3,8]",40,40,0.9496291669821082,0.94137090872385,0.9495408433643726,0.946763065586595,0.005480480480480554
8,random,true,40,1,4,"[1,2,4,5,7,9]",[6],40,36,0.9496291669821082,0.94137090872385,0.952406944759886,0.9469264642794055,0.002777777777777768
8,random,true,40,2,3,[0],"[3,8]",36,40,0.9496291669821082,0.9468513892043303,0.9495408433643726,0.94683814066167,7.507507507531486e-05
8,random,true,40,2,4,[0],[6],36,36,0.9496291669821082,0.9468513892043303,0.952406944759886,0.9496291669821082,1.1102230246251565e-16
8,random,true,40,3,4,"[3,8]",[6],40,36,0.9496291669821082,0.9495408433643726,0.952406944759886,0.9412825851061145,-0.011036036036035868
9,competence,pseudo,5,1,2,"[0,2]","[1,4,5,7,8,9]",5,5,0.9640304590304589,0.9640304590304589,0.9640304590304589,0.9640304590304589,0.0
9,competence,pseudo,5,1,3,"[0,2]",[3],5,5,0.9640304590304589,0.9640304590304589,0.9612526812526813,0.9640304590304589,0.002777777777777657
9,competence,pseudo,5,1,4,"[0,2]",[6],5,5,0.9640304590304589,0.9640304590304589,0.9612526812526813,0.9640304590304589,0.002777777777777657
9,competence,pseudo,5,2,3,"[1,4,5,7,8,9]",[3],5,5,0.9640304590304589,0.9640304590304589,0.9612526812526813,0.9640304590304589,0.002777777777777657
9,competence,pseudo,5,2,4,"[1,4,5,7,8,9]",[6],5,5,0.9640304590304589,0.9640304590304589,0.9612526812526813,0.9640304590304589,0.002777777777777657
9,competence,pseudo,5,3,4,[3],[6],5,5,0.9640304590304589,0.9612526812526813,0.9612526812526813,0.9612526812526813,0.002777777777777657
9,competence,pseudo,10,1,2,"[0,2]","[1,4,5,7,8,9]",10,10,0.9640304590304589,0.9640304590304589,0.9556177606177606,0.9556177606177606,0.0
9,competence,pseudo,10,1,3,"[0,2]",[3],10,10,0.9640304590304589,0.9640304590304589,0.9612526812526813,0.9640304590304589,0.002777777777777657
9,competence,pseudo,10,1,4,"[0,2]",[6],10,10,0.9640304590304589,0.9640304590304589,0.9612526812526813,0.9612526812526813,0.0
9,competence,pseudo,10,2,3,"[1,4,5,7,8,9]",[3],10,10,0.9640304590304589,0.9556177606177606,0.9612526812526813,0.9584749034749034,0.005634920634920437
9,competence,pseudo,10,2,4,"[1,4,5,7,8,9]",[6],10,10,0.9640304590304589,0.9556177606177606,0.9612526812526813,0.9584749034749034,0.005634920634920437
9,competence,pseudo,10,3,4,[3],[6],10,10,0.9640304590304589,0.9612526812526813,0.9612526812526813,0.9612526812526813,0.002777777777777657
9,competence,pseudo,20,1,2,"[0,2]","[1,4,5,7,8,9]",20,20,0.9640304590304589,0.9612526812526813,0.9612526812526813,0.9612526812526813,0.002777777777777657
9,competence,pseudo,20,1,3,"[0,2]",[3],20,20,0.9640304590304589,0.9612526812526813,0.9640304590304589,0.9640304590304589,0.002777777777777657
9,competence,pseudo,20,1,4,"[0,2]",[6],20,20,0.9640304590304589,0.9612526812526813,0.9640304590304589,0.9640304590304589,0.002777777777777657
9,competence,pseudo,20,2,3,"[1,4,5,7,8,9]",[3],20,20,0.9640304590304589,0.9612526812526813,0.9640304590304589,0.9612526812526812,-1.1102230246251565e-16
9,competence,pseudo,20,2,4,"[1,4,5,7,8,9]",[6],20,20,0.9640304590304589,0.9612526812526813,0.9640304590304589,0.9612526812526813,0.0
9,competence,pseudo,20,3,4,[3],[6],20,20,0.9640304590304589,0.9640304590304589,0.9640304590304589,0.9640304590304589,0.0
9,competence,pseudo,40,1,2,"[0,2]","[1,4,5,7,8,9]",40,40,0.9640304590304589,0.9612526812526813,0.9638009438009437,0.9666580866580865,0.005634920634920437
9,competence,pseudo,40,1,3,"[0,2]",[3],40,37,0.9640304590304589,0.9612526812526813,0.9640304590304589,0.9612526812526813,0.0
9,competence,pseudo,40,1,4,"[0,2]",[6],40,36,0.9640304590304589,0.9612526812526813,0.9612526812526813,0.9612526812526813,0.002777777777777657
9,competence,pseudo,40,2,3,"[1,4,5,7,8,9]",[3],40,37,0.9640304590304589,0.9638009438009437,0.9640304590304589,0.9666580866580865,0.0028571428571427804
9,competence,pseudo,40,2,4,"[1,4,5,7,8,9]",[6],40,36,0.9640304590304589,0.9638009438009437,0.9612526812526813,0.9666580866580865,0.005634920634920437
9,competence,pseudo,40,3,4,[3],[6],37,36,0.9640304590304589,0.9640304590304589,0.9612526812526813,0.9640304590304589,0.002777777777777657
9,competence,true,5,1,2,"[0,2]","[1,4,5,7,8,9]",5,5,0.9640304590304589,0.9640304590304589,0.9640304590304589,0.9640304590304589,0.0
9,competence,true,5,1,3,"[0,2]",[3],5,5,0.9640304590304589,0.9640304590304589,0.9612526812526813,0.9640304590304589,0.002777777777777657
9,competence,true,5,1,4,"[0,2]",[6],5,5,0.9640304590304589,0.9640304590304589,0.9612526812526813,0.9640304590304589,0.002777777777777657
9,competence,true,5,2,3,"[1,4,5,7,8,9]",[3],5,5,0.9640304590304589,0.9640304590304589,0.9612526812526813,0.9640304590304589,0.002777777777777657
9,competence,true,5,2,4,"[1,4,5,7,8,9]",[6],5,5,0.9640304590304589,0.9640304590304589,0.9612526812526813,0.9640304590304589,0.002777777777777657
9,competence,true,5,3,4,[3],[6],5,5,0.9640304590304589,0.9612526812526813,0.9612526812526813,0.9612526812526813,0.002777777777777657
9,competence,true,10,1,2,"[0,2]","[1,4,5,7,8,9]",10,10,0.9640304590304589,0.9640304590304589,0.9556177606177606,0.9556177606177606,0.0
9,competence,true,10,1,3,"[0,2]",[3],10,10,0.9640304590304589,0.9640304590304589,0.9612526812526813,0.9640304590304589,0.002777777777777657
9,competence,true,10,1,4,"[0,2]",[6],10,10,0.9640304590304589,0.9640304590304589,0.9612526812526813,0.9612526812526813,0.0
9,competence,true,10,2,3,"[1,4,5,7,8,9]",[3],10,10,0.9640304590304589,0.9556177606177606,0.9612526812526813,0.9584749034749034,0.005634920634920437
9,competence,true,10,2,4,"[1,4,5,7,8,9]",[6],10,10,0.9640304590304589,0.9556177606177606,0.9612526812526813,0.9584749034749034,0.005634920634920437
9,competence,true,10,3,4,[3],[6],10,10,0.9640304590304589,0.9612526812526813,0.9612526812526813,0.9612526812526813,0.002777777777777657
9,competence,true,20,1,2,"[0,2]","[1,4,5,7,8,9]",20,20,0.9640304590304589,0.9612526812526813,0.961098241098241,0.961098241098241,0.002777777777777657
9,competence,true,20,1,3,"[0,2]",[3],20,20,0.9640304590304589,0.9612526812526813,0.9640304590304589,0.9640304590304589,0.002777777777777657
9,competence,true,20,1,4,"[0,2]",[6],20,20,0.9640304590304589,0.9612526812526813,0.9584749034749034,0.9612526812526813,0.005555555555555536
9,competence,true,20,2,3,"[1,4,5,7,8,9]",[3],20,20,0.9640304590304589,0.961098241098241,0.9640304590304589,0.961098241098241,0.0
9,competence,true,20,2,4,"[1,4,5,7,8,9]",[6],20,20,0.9640304590304589,0.961098241098241,0.9584749034749034,0.9583204633204632,0.002777777777777657
9,competence,true,20,3,4,[3],[6],20,20,0.9640304590304589,0.9640304590304589,0.9584749034749034,0.9584749034749034,0.0
9,competence,true,40,1,2,"[0,2]","[1,4,5,7,8,9]",40,40,0.9640304590304589,0.9612526812526813,0.9610231660231658,0.9638803088803088,0.005634920634920659
9,competence,true,40,1,3,"[0,2]",[3],40,37,0.9640304590304589,0.9612526812526813,0.9640304590304589,0.9612526812526813,0.0
9,competence,true,40,1,4,"[0,2]",[6],40,36,0.9640304590304589,0.9612526812526813,0.9527606177606177,0.9584749034749034,0.008492063492063329
9,competence,true,40,2,3,"[1,4,5,7,8,9]",[3],40,37,0.9640304590304589,0.9610231660231658,0.9640304590304589,0.9610231660231658,0.0
9,competence,true,40,2,4,"[1,4,5,7,8,9]",[6],40,36,0.9640304590304589,0.9610231660231658,0.9527606177606177,0.9583204633204632,0.008567138567138533
9,competence,true,40,3,4,[3],[6],37,36,0.9640304590304589,0.9640304590304589,0.9527606177606177,0.9584749034749034,0.005714285714285672
9,random,pseudo,5,1,2,"[6,7]","[0,1,4,5,8,9]",5,5,0.9640304590304589,0.9612526812526812,0.9640304590304589,0.9612526812526812,0.0
9,random,pseudo,5,1,3,"[6,7]",[3],5,5,0.9640304590304589,0.9612526812526812,0.9612526812526813,0.9612526812526812,0.002777777777777657
9,random,pseudo,5,1,4,"[6,7]",[2],5,5,0.9640304590304589,0.9612526812526812,0.9640304590304589,0.9612526812526812,0.0
9,random,pseudo,5,2,3,"[0,1,4,5,8,9]",[3],5,5,0.9640304590304589,0.9640304590304589,0.9612526812526813,0.9612526812526813,0.0
9,random,pseudo,5,2,4,"[0,1,4,5,8,9]",[2],5,5,0.9640304590304589,0.9640304590304589,0.9640304590304589,0.9640304590304589,0.0
9,random,pseudo,5,3,4,[3],[2],5,5,0.9640304590304589,0.9612526812526813,0.9640304590304589,0.9612526812526813,0.0
9,random,pseudo,10,1,2,"[6,7]","[0,1,4,5,8,9]",10,10,0.9640304590304589,0.9612526812526813,0.9583955383955385,0.9583955383955385,0.002777777777777657
9,random,pseudo,10,1,3,"[6,7]",[3],10,10,0.9640304590304589,0.9612526812526813,0.9612526812526813,0.9612526812526813,0.002777777777777657
9,random,pseudo,10,1,4,"[6,7]",[2],10,10,0.9640304590304589,0.9612526812526813,0.9612526812526813,0.9584749034749034,-2.220446049250313e-16
9,random,pseudo,10,2,3,"[0,1,4,5,8,9]",[3],10,10,0.9640304590304589,0.9583955383955385,0.9612526812526813,0.9611733161733161,0.005555555555555314
9,random,pseudo,10,2,4,"[0,1,4,5,8,9]",[2],10,10,0.9640304590304589,0.9583955383955385,0.9612526812526813,0.9584749034749034,0.0028571428571425583
9,random,pseudo,10,3,4,[3],[2],10,10,0.9640304590304589,0.9612526812526813,0.9612526812526813,0.9641098241098242,0.005634920634920548
9,random,pseudo,20,1,2,"[6,7]","[0,1,4,5,8,9]",20,20,0.9640304590304589,0.9583955383955385,0.9641098241098242,0.9584749034749034,-3.3306690738754696e-16
9,random,pseudo,20,1,3,"[6,7]",[3],20,20,0.9640304590304589,0.9583955383955385,0.9640304590304589,0.9583955383955385,0.0
9,random,pseudo,20,1,4,"[6,7]",[2],20,20,0.9640304590304589,0.9583955383955385,0.9612526812526813,0.9612526812526813,0.005634920634920437
9,random,pseudo,20,2,3,"[0,1,4,5,8,9]",[3],20,20,0.9640304590304589,0.9641098241098242,0.9640304590304589,0.9612526812526812,-0.0028571428571430024
9,random,pseudo,20,2,4,"[0,1,4,5,8,9]",[2],20,20,0.9640304590304589,0.9641098241098242,0.9612526812526813,0.9612526812526813,-7.936507936523451e-05
9,random,pseudo,20,3,4,[3],[2],20,20,0.9640304590304589,0.9640304590304589,0.9612526812526813,0.9612526812526813,0.0
9,random,pseudo,40,1,2,"[6,7]","[0,1,4,5,8,9]",40,40,0.9640304590304589,0.9612526812526812,0.9638803088803088,0.9638803088803088,0.002777777777777768
9,random,pseudo,40,1,3,"[6,7]",[3],40,37,0.9640304590304589,0.9612526812526812,0.9640304590304589,0.9640304590304589,0.002777777777777768
9,random,pseudo,40,1,4,"[6,7]",[2],40,35,0.9640304590304589,0.9612526812526812,0.9584749034749034,0.9612526812526813,0.005555555555555647
9,random,pseudo,40,2,3,"[0,1,4,5,8,9]",[3],40,37,0.9640304590304589,0.9638803088803088,0.9640304590304589,0.9638803088803088,0.0
9,random,pseudo,40,2,4,"[0,1,4,5,8,9]",[2],40,35,0.9640304590304589,0.9638803088803088,0.9584749034749034,0.9667374517374517,0.008412698412698427
9,random,pseudo,40,3,4,[3],[2],37,35,0.9640304590304589,0.9640304590304589,0.9584749034749034,0.9641098241098242,0.00563492063492077
9,random,true,5,1,2,"[6,7]","[0,1,4,5,8,9]",5,5,0.9640304590304589,0.9612526812526812,0.9640304590304589,0.9612526812526812,0.0
9,random,true,5,1,3,"[6,7]",[3],5,5,0.9640304590304589,0.9612526812526812,0.9612526812526813,0.9612526812526812,0.002777777777777657
9,random,true,5,1,4,"[6,7]",[2],5,5,0.9640304590304589,0.9612526812526812,0.9640304590304589,0.9612526812526812,0.0
9,random,true,5,2,3,"[0,1,4,5,8,9]",[3],5,5,0.9640304590304589,0.9640304590304589,0.9612526812526813,0.9612526812526813,0.0
9,random,true,5,2,4,"[0,1,4,5,8,9]",[2],5,5,0.9640304590304589,0.9640304590304589,0.9640304590304589,0.9640304590304589,0.0
9,random,true,5,3,4,[3],[2],5,5,0.9640304590304589,0.9612526812526813,0.9640304590304589,0.9612526812526813,0.0
9,random,true,10,1,2,"[6,7]","[0,1,4,5,8,9]",10,10,0.9640304590304589,0.9612526812526813,0.9583955383955385,0.9583955383955385,0.002777777777777657
9,random,true,10,1,3,"[6,7]",[3],10,10,0.9640304590304589,0.9612526812526813,0.9612526812526813,0.9612526812526813,0.002777777777777657
9,random,true,10,1,4,"[6,7]",[2],10,10,0.9640304590304589,0.9612526812526813,0.9612526812526813,0.9584749034749034,-2.220446049250313e-16
9,random,true,10,2,3,"[0,1,4,5,8,9]",[3],10,10,0.9640304590304589,0.9583955383955385,0.9612526812526813,0.9611733161733161,0.005555555555555314
9,random,true,10,2,4,"[0,1,4,5,8,9]",[2],10,10,0.9640304590304589,0.9583955383955385,0.9612526812526813,0.9584749034749034,0.0028571428571425583
9,random,true,10,3,4,[3],[2],10,10,0.9640304590304589,0.9612526812526813,0.9612526812526813,0.9641098241098242,0.005634920634920548
9,random,true,20,1,2,"[6,7]","[0,1,4,5,8,9]",20,20,0.9640304590304589,0.9583955383955385,0.9641098241098242,0.9584749034749034,-3.3306690738754696e-16
9,random,true,20,1,3,"[6,7]",[3],20,20,0.9640304590304589,0.9583955383955385,0.9640304590304589,0.9583955383955385,0.0
9,random,true,20,1,4,"[6,7]",[2],20,20,0.9640304590304589,0.9583955383955385,0.9612526812526813,0.9584749034749034,0.0028571428571425583
9,random,true,20,2,3,"[0,1,4,5,8,9]",[3],20,20,0.9640304590304589,0.9641098241098242,0.9640304590304589,0.9612526812526812,-0.0028571428571430024
9,random,true,20,2,4,"[0,1,4,5,8,9]",[2],20,20,0.9640304590304589,0.9641098241098242,0.9612526812526813,0.9612526812526813,-7.936507936523451e-05
9,random,true,20,3,4,[3],[2],20,20,0.9640304590304589,0.9640304590304589,0.9612526812526813,0.9612526812526813,0.0
9,random,true,40,1,2,"[6,7]","[0,1,4,5,8,9]",40,40,0.9640304590304589,0.9612526812526812,0.9611776061776061,0.9611776061776061,0.002777777777777768
9,random,true,40,1,3,"[6,7]",[3],40,37,0.9640304590304589,0.9612526812526812,0.9640304590304589,0.9640304590304589,0.002777777777777768
9,random,true,40,1,4,"[6,7]",[2],40,35,0.9640304590304589,0.9612526812526812,0.9584749034749034,0.9612526812526813,0.005555555555555647
9,random,true,40,2,3,"[0,1,4,5,8,9]",[3],40,37,0.9640304590304589,0.9611776061776061,0.9640304590304589,0.964034749034749,0.0028571428571428914
9,random,true,40,2,4,"[0,1,4,5,8,9]",[2],40,35,0.9640304590304589,0.9611776061776061,0.9584749034749034,0.9641891891891892,0.008567138567138644
9,random,true,40,3,4,[3],[2],37,35,0.9640304590304589,0.9640304590304589,0.9584749034749034,0.9641098241098242,0.00563492063492077
