scenario,p,B,ONE_feasible,ROUTE_feasible,common_feasible,Y_ONE,Y_ROUTE,Delta_Y
S0_homogeneous_null,0.5,0.0,False,False,False,,,
S0_homogeneous_null,0.5,0.001,False,False,False,,,
S0_homogeneous_null,0.5,0.002,False,False,False,,,
S0_homogeneous_null,0.5,0.003,False,False,False,,,
S0_homogeneous_null,0.5,0.004,False,False,False,,,
S0_homogeneous_null,0.5,0.005,False,False,False,,,
S0_homogeneous_null,0.5,0.006,False,False,False,,,
S0_homogeneous_null,0.5,0.007,False,False,False,,,
S0_homogeneous_null,0.5,0.008,False,False,False,,,
S0_homogeneous_null,0.5,0.009,False,False,False,,,
S0_homogeneous_null,0.5,0.01,False,False,False,,,
S0_homogeneous_null,0.5,0.011,False,False,False,,,
S0_homogeneous_null,0.5,0.012,False,False,False,,,
S0_homogeneous_null,0.5,0.013,False,False,False,,,
S0_homogeneous_null,0.5,0.014,False,False,False,,,
S0_homogeneous_null,0.5,0.015,False,False,False,,,
S0_homogeneous_null,0.5,0.016,False,False,False,,,
S0_homogeneous_null,0.5,0.017,False,False,False,,,
S0_homogeneous_null,0.5,0.018,False,False,False,,,
S0_homogeneous_null,0.5,0.019,False,False,False,,,
S0_homogeneous_null,0.5,0.02,False,False,False,,,
S0_homogeneous_null,0.5,0.021,False,False,False,,,
S0_homogeneous_null,0.5,0.022,False,False,False,,,
S0_homogeneous_null,0.5,0.023,False,False,False,,,
S0_homogeneous_null,0.5,0.024,False,False,False,,,
S0_homogeneous_null,0.5,0.025,False,False,False,,,
S0_homogeneous_null,0.5,0.026,False,False,False,,,
S0_homogeneous_null,0.5,0.027,False,False,False,,,
S0_homogeneous_null,0.5,0.028,False,False,False,,,
S0_homogeneous_null,0.5,0.029,False,False,False,,,
S0_homogeneous_null,0.5,0.03,False,False,False,,,
S0_homogeneous_null,0.5,0.031,False,False,False,,,
S0_homogeneous_null,0.5,0.032,False,False,False,,,
S0_homogeneous_null,0.5,0.033,False,False,False,,,
S0_homogeneous_null,0.5,0.034,False,False,False,,,
S0_homogeneous_null,0.5,0.035,False,False,False,,,
S0_homogeneous_null,0.5,0.036,False,False,False,,,
S0_homogeneous_null,0.5,0.037,False,False,False,,,
S0_homogeneous_null,0.5,0.038,False,False,False,,,
S0_homogeneous_null,0.5,0.039,False,False,False,,,
S0_homogeneous_null,0.5,0.04,False,False,False,,,
S0_homogeneous_null,0.5,0.041,False,False,False,,,
S0_homogeneous_null,0.5,0.042,False,False,False,,,
S0_homogeneous_null,0.5,0.043,False,False,False,,,
S0_homogeneous_null,0.5,0.044,False,False,False,,,
S0_homogeneous_null,0.5,0.045,False,False,False,,,
S0_homogeneous_null,0.5,0.046,False,False,False,,,
S0_homogeneous_null,0.5,0.047,False,False,False,,,
S0_homogeneous_null,0.5,0.048,False,False,False,,,
S0_homogeneous_null,0.5,0.049,False,False,False,,,
S0_homogeneous_null,0.5,0.05,False,False,False,,,
S0_homogeneous_null,0.5,0.051,False,False,False,,,
S0_homogeneous_null,0.5,0.052,False,False,False,,,
S0_homogeneous_null,0.5,0.053,False,False,False,,,
S0_homogeneous_null,0.5,0.054,False,False,False,,,
S0_homogeneous_null,0.5,0.055,False,False,False,,,
S0_homogeneous_null,0.5,0.056,False,False,False,,,
S0_homogeneous_null,0.5,0.057,False,False,False,,,
S0_homogeneous_null,0.5,0.058,False,False,False,,,
S0_homogeneous_null,0.5,0.059,False,False,False,,,
S0_homogeneous_null,0.5,0.06,False,False,False,,,
S0_homogeneous_null,0.5,0.061,False,False,False,,,
S0_homogeneous_null,0.5,0.062,False,False,False,,,
S0_homogeneous_null,0.5,0.063,False,False,False,,,
S0_homogeneous_null,0.5,0.064,False,False,False,,,
S0_homogeneous_null,0.5,0.065,False,False,False,,,
S0_homogeneous_null,0.5,0.066,False,False,False,,,
S0_homogeneous_null,0.5,0.067,False,False,False,,,
S0_homogeneous_null,0.5,0.068,False,False,False,,,
S0_homogeneous_null,0.5,0.069,False,False,False,,,
S0_homogeneous_null,0.5,0.07,False,False,False,,,
S0_homogeneous_null,0.5,0.071,False,False,False,,,
S0_homogeneous_null,0.5,0.072,False,False,False,,,
S0_homogeneous_null,0.5,0.073,False,False,False,,,
S0_homogeneous_null,0.5,0.074,False,False,False,,,
S0_homogeneous_null,0.5,0.075,False,False,False,,,
S0_homogeneous_null,0.5,0.076,False,False,False,,,
S0_homogeneous_null,0.5,0.077,False,False,False,,,
S0_homogeneous_null,0.5,0.078,False,False,False,,,
S0_homogeneous_null,0.5,0.079,False,False,False,,,
S0_homogeneous_null,0.5,0.08,False,False,False,,,
S0_homogeneous_null,0.5,0.081,False,False,False,,,
S0_homogeneous_null,0.5,0.082,False,False,False,,,
S0_homogeneous_null,0.5,0.083,False,False,False,,,
S0_homogeneous_null,0.5,0.084,False,False,False,,,
S0_homogeneous_null,0.5,0.085,False,False,False,,,
S0_homogeneous_null,0.5,0.086,False,False,False,,,
S0_homogeneous_null,0.5,0.087,False,False,False,,,
S0_homogeneous_null,0.5,0.088,False,False,False,,,
S0_homogeneous_null,0.5,0.089,False,False,False,,,
S0_homogeneous_null,0.5,0.09,False,False,False,,,
S0_homogeneous_null,0.5,0.091,False,False,False,,,
S0_homogeneous_null,0.5,0.092,False,False,False,,,
S0_homogeneous_null,0.5,0.093,False,False,False,,,
S0_homogeneous_null,0.5,0.094,False,False,False,,,
S0_homogeneous_null,0.5,0.095,False,False,False,,,
S0_homogeneous_null,0.5,0.096,False,False,False,,,
S0_homogeneous_null,0.5,0.097,False,False,False,,,
S0_homogeneous_null,0.5,0.098,False,False,False,,,
S0_homogeneous_null,0.5,0.099,False,False,False,,,
S0_homogeneous_null,0.5,0.1,False,False,False,,,
S0_homogeneous_null,0.5,0.101,False,False,False,,,
S0_homogeneous_null,0.5,0.102,False,False,False,,,
S0_homogeneous_null,0.5,0.103,False,False,False,,,
S0_homogeneous_null,0.5,0.104,False,False,False,,,
S0_homogeneous_null,0.5,0.105,False,False,False,,,
S0_homogeneous_null,0.5,0.106,False,False,False,,,
S0_homogeneous_null,0.5,0.107,False,False,False,,,
S0_homogeneous_null,0.5,0.108,False,False,False,,,
S0_homogeneous_null,0.5,0.109,False,False,False,,,
S0_homogeneous_null,0.5,0.11,False,False,False,,,
S0_homogeneous_null,0.5,0.111,False,False,False,,,
S0_homogeneous_null,0.5,0.112,False,False,False,,,
S0_homogeneous_null,0.5,0.113,False,False,False,,,
S0_homogeneous_null,0.5,0.114,False,False,False,,,
S0_homogeneous_null,0.5,0.115,False,False,False,,,
S0_homogeneous_null,0.5,0.116,False,False,False,,,
S0_homogeneous_null,0.5,0.117,False,False,False,,,
S0_homogeneous_null,0.5,0.118,False,False,False,,,
S0_homogeneous_null,0.5,0.119,False,False,False,,,
S0_homogeneous_null,0.5,0.12,False,False,False,,,
S0_homogeneous_null,0.5,0.121,False,False,False,,,
S0_homogeneous_null,0.5,0.122,False,False,False,,,
S0_homogeneous_null,0.5,0.123,False,False,False,,,
S0_homogeneous_null,0.5,0.124,False,False,False,,,
S0_homogeneous_null,0.5,0.125,False,False,False,,,
S0_homogeneous_null,0.5,0.126,False,False,False,,,
S0_homogeneous_null,0.5,0.127,False,False,False,,,
S0_homogeneous_null,0.5,0.128,False,False,False,,,
S0_homogeneous_null,0.5,0.129,False,False,False,,,
S0_homogeneous_null,0.5,0.13,False,False,False,,,
S0_homogeneous_null,0.5,0.131,False,False,False,,,
S0_homogeneous_null,0.5,0.132,False,False,False,,,
S0_homogeneous_null,0.5,0.133,False,False,False,,,
S0_homogeneous_null,0.5,0.134,False,False,False,,,
S0_homogeneous_null,0.5,0.135,False,False,False,,,
S0_homogeneous_null,0.5,0.136,False,False,False,,,
S0_homogeneous_null,0.5,0.137,False,False,False,,,
S0_homogeneous_null,0.5,0.138,False,False,False,,,
S0_homogeneous_null,0.5,0.139,False,False,False,,,
S0_homogeneous_null,0.5,0.14,False,False,False,,,
S0_homogeneous_null,0.5,0.141,False,False,False,,,
S0_homogeneous_null,0.5,0.142,False,False,False,,,
S0_homogeneous_null,0.5,0.143,False,False,False,,,
S0_homogeneous_null,0.5,0.144,False,False,False,,,
S0_homogeneous_null,0.5,0.145,False,False,False,,,
S0_homogeneous_null,0.5,0.146,False,False,False,,,
S0_homogeneous_null,0.5,0.147,False,False,False,,,
S0_homogeneous_null,0.5,0.148,False,False,False,,,
S0_homogeneous_null,0.5,0.149,False,False,False,,,
S0_homogeneous_null,0.5,0.15,False,False,False,,,
S0_homogeneous_null,0.5,0.151,False,False,False,,,
S0_homogeneous_null,0.5,0.152,False,False,False,,,
S0_homogeneous_null,0.5,0.153,False,False,False,,,
S0_homogeneous_null,0.5,0.154,False,False,False,,,
S0_homogeneous_null,0.5,0.155,False,False,False,,,
S0_homogeneous_null,0.5,0.156,False,False,False,,,
S0_homogeneous_null,0.5,0.157,False,False,False,,,
S0_homogeneous_null,0.5,0.158,False,False,False,,,
S0_homogeneous_null,0.5,0.159,False,False,False,,,
S0_homogeneous_null,0.5,0.16,False,False,False,,,
S0_homogeneous_null,0.5,0.161,False,False,False,,,
S0_homogeneous_null,0.5,0.162,False,False,False,,,
S0_homogeneous_null,0.5,0.163,False,False,False,,,
S0_homogeneous_null,0.5,0.164,False,False,False,,,
S0_homogeneous_null,0.5,0.165,False,False,False,,,
S0_homogeneous_null,0.5,0.166,False,False,False,,,
S0_homogeneous_null,0.5,0.167,False,False,False,,,
S0_homogeneous_null,0.5,0.168,False,False,False,,,
S0_homogeneous_null,0.5,0.169,False,False,False,,,
S0_homogeneous_null,0.5,0.17,False,False,False,,,
S0_homogeneous_null,0.5,0.171,False,False,False,,,
S0_homogeneous_null,0.5,0.172,False,False,False,,,
S0_homogeneous_null,0.5,0.173,False,False,False,,,
S0_homogeneous_null,0.5,0.174,False,False,False,,,
S0_homogeneous_null,0.5,0.175,False,False,False,,,
S0_homogeneous_null,0.5,0.176,False,False,False,,,
S0_homogeneous_null,0.5,0.177,False,False,False,,,
S0_homogeneous_null,0.5,0.178,False,False,False,,,
S0_homogeneous_null,0.5,0.179,False,False,False,,,
S0_homogeneous_null,0.5,0.18,False,False,False,,,
S0_homogeneous_null,0.5,0.181,False,False,False,,,
S0_homogeneous_null,0.5,0.182,False,False,False,,,
S0_homogeneous_null,0.5,0.183,False,False,False,,,
S0_homogeneous_null,0.5,0.184,False,False,False,,,
S0_homogeneous_null,0.5,0.185,False,False,False,,,
S0_homogeneous_null,0.5,0.186,False,False,False,,,
S0_homogeneous_null,0.5,0.187,False,False,False,,,
S0_homogeneous_null,0.5,0.188,False,False,False,,,
S0_homogeneous_null,0.5,0.189,False,False,False,,,
S0_homogeneous_null,0.5,0.19,False,False,False,,,
S0_homogeneous_null,0.5,0.191,False,False,False,,,
S0_homogeneous_null,0.5,0.192,False,False,False,,,
S0_homogeneous_null,0.5,0.193,False,False,False,,,
S0_homogeneous_null,0.5,0.194,False,False,False,,,
S0_homogeneous_null,0.5,0.195,False,False,False,,,
S0_homogeneous_null,0.5,0.196,False,False,False,,,
S0_homogeneous_null,0.5,0.197,False,False,False,,,
S0_homogeneous_null,0.5,0.198,False,False,False,,,
S0_homogeneous_null,0.5,0.199,False,False,False,,,
S0_homogeneous_null,0.5,0.2,False,False,False,,,
S0_homogeneous_null,0.5,0.201,False,False,False,,,
S0_homogeneous_null,0.5,0.202,False,False,False,,,
S0_homogeneous_null,0.5,0.203,False,False,False,,,
S0_homogeneous_null,0.5,0.204,False,False,False,,,
S0_homogeneous_null,0.5,0.205,False,False,False,,,
S0_homogeneous_null,0.5,0.206,False,False,False,,,
S0_homogeneous_null,0.5,0.207,False,False,False,,,
S0_homogeneous_null,0.5,0.208,False,False,False,,,
S0_homogeneous_null,0.5,0.209,False,False,False,,,
S0_homogeneous_null,0.5,0.21,False,False,False,,,
S0_homogeneous_null,0.5,0.211,False,False,False,,,
S0_homogeneous_null,0.5,0.212,False,False,False,,,
S0_homogeneous_null,0.5,0.213,False,False,False,,,
S0_homogeneous_null,0.5,0.214,False,False,False,,,
S0_homogeneous_null,0.5,0.215,False,False,False,,,
S0_homogeneous_null,0.5,0.216,False,False,False,,,
S0_homogeneous_null,0.5,0.217,False,False,False,,,
S0_homogeneous_null,0.5,0.218,False,False,False,,,
S0_homogeneous_null,0.5,0.219,False,False,False,,,
S0_homogeneous_null,0.5,0.22,False,False,False,,,
S0_homogeneous_null,0.5,0.221,False,False,False,,,
S0_homogeneous_null,0.5,0.222,False,False,False,,,
S0_homogeneous_null,0.5,0.223,False,False,False,,,
S0_homogeneous_null,0.5,0.224,False,False,False,,,
S0_homogeneous_null,0.5,0.225,False,False,False,,,
S0_homogeneous_null,0.5,0.226,False,False,False,,,
S0_homogeneous_null,0.5,0.227,False,False,False,,,
S0_homogeneous_null,0.5,0.228,False,False,False,,,
S0_homogeneous_null,0.5,0.229,False,False,False,,,
S0_homogeneous_null,0.5,0.23,False,False,False,,,
S0_homogeneous_null,0.5,0.231,False,False,False,,,
S0_homogeneous_null,0.5,0.232,False,False,False,,,
S0_homogeneous_null,0.5,0.233,False,False,False,,,
S0_homogeneous_null,0.5,0.234,False,False,False,,,
S0_homogeneous_null,0.5,0.235,False,False,False,,,
S0_homogeneous_null,0.5,0.236,False,False,False,,,
S0_homogeneous_null,0.5,0.237,False,False,False,,,
S0_homogeneous_null,0.5,0.238,False,False,False,,,
S0_homogeneous_null,0.5,0.239,False,False,False,,,
S0_homogeneous_null,0.5,0.24,False,False,False,,,
S0_homogeneous_null,0.5,0.241,False,False,False,,,
S0_homogeneous_null,0.5,0.242,False,False,False,,,
S0_homogeneous_null,0.5,0.243,False,False,False,,,
S0_homogeneous_null,0.5,0.244,False,False,False,,,
S0_homogeneous_null,0.5,0.245,False,False,False,,,
S0_homogeneous_null,0.5,0.246,False,False,False,,,
S0_homogeneous_null,0.5,0.247,False,False,False,,,
S0_homogeneous_null,0.5,0.248,False,False,False,,,
S0_homogeneous_null,0.5,0.249,False,False,False,,,
S0_homogeneous_null,0.5,0.25,False,False,False,,,
S0_homogeneous_null,0.5,0.251,False,False,False,,,
S0_homogeneous_null,0.5,0.252,False,False,False,,,
S0_homogeneous_null,0.5,0.253,False,False,False,,,
S0_homogeneous_null,0.5,0.254,False,False,False,,,
S0_homogeneous_null,0.5,0.255,False,False,False,,,
S0_homogeneous_null,0.5,0.256,False,False,False,,,
S0_homogeneous_null,0.5,0.257,False,False,False,,,
S0_homogeneous_null,0.5,0.258,False,False,False,,,
S0_homogeneous_null,0.5,0.259,False,False,False,,,
S0_homogeneous_null,0.5,0.26,False,False,False,,,
S0_homogeneous_null,0.5,0.261,False,False,False,,,
S0_homogeneous_null,0.5,0.262,False,False,False,,,
S0_homogeneous_null,0.5,0.263,False,False,False,,,
S0_homogeneous_null,0.5,0.264,False,False,False,,,
S0_homogeneous_null,0.5,0.265,False,False,False,,,
S0_homogeneous_null,0.5,0.266,False,False,False,,,
S0_homogeneous_null,0.5,0.267,False,False,False,,,
S0_homogeneous_null,0.5,0.268,False,False,False,,,
S0_homogeneous_null,0.5,0.269,False,False,False,,,
S0_homogeneous_null,0.5,0.27,False,False,False,,,
S0_homogeneous_null,0.5,0.271,False,False,False,,,
S0_homogeneous_null,0.5,0.272,False,False,False,,,
S0_homogeneous_null,0.5,0.273,False,False,False,,,
S0_homogeneous_null,0.5,0.274,False,False,False,,,
S0_homogeneous_null,0.5,0.275,False,False,False,,,
S0_homogeneous_null,0.5,0.276,False,False,False,,,
S0_homogeneous_null,0.5,0.277,False,False,False,,,
S0_homogeneous_null,0.5,0.278,False,False,False,,,
S0_homogeneous_null,0.5,0.279,False,False,False,,,
S0_homogeneous_null,0.5,0.28,False,False,False,,,
S0_homogeneous_null,0.5,0.281,False,False,False,,,
S0_homogeneous_null,0.5,0.282,False,False,False,,,
S0_homogeneous_null,0.5,0.283,False,False,False,,,
S0_homogeneous_null,0.5,0.284,False,False,False,,,
S0_homogeneous_null,0.5,0.285,False,False,False,,,
S0_homogeneous_null,0.5,0.286,False,False,False,,,
S0_homogeneous_null,0.5,0.287,False,False,False,,,
S0_homogeneous_null,0.5,0.288,False,False,False,,,
S0_homogeneous_null,0.5,0.289,False,False,False,,,
S0_homogeneous_null,0.5,0.29,False,False,False,,,
S0_homogeneous_null,0.5,0.291,False,False,False,,,
S0_homogeneous_null,0.5,0.292,False,False,False,,,
S0_homogeneous_null,0.5,0.293,False,False,False,,,
S0_homogeneous_null,0.5,0.294,False,False,False,,,
S0_homogeneous_null,0.5,0.295,False,False,False,,,
S0_homogeneous_null,0.5,0.296,False,False,False,,,
S0_homogeneous_null,0.5,0.297,False,False,False,,,
S0_homogeneous_null,0.5,0.298,False,False,False,,,
S0_homogeneous_null,0.5,0.299,False,False,False,,,
S0_homogeneous_null,0.5,0.3,False,False,False,,,
S0_homogeneous_null,0.5,0.301,False,False,False,,,
S0_homogeneous_null,0.5,0.302,False,False,False,,,
S0_homogeneous_null,0.5,0.303,False,False,False,,,
S0_homogeneous_null,0.5,0.304,False,False,False,,,
S0_homogeneous_null,0.5,0.305,False,False,False,,,
S0_homogeneous_null,0.5,0.306,False,False,False,,,
S0_homogeneous_null,0.5,0.307,False,False,False,,,
S0_homogeneous_null,0.5,0.308,False,False,False,,,
S0_homogeneous_null,0.5,0.309,False,False,False,,,
S0_homogeneous_null,0.5,0.31,False,False,False,,,
S0_homogeneous_null,0.5,0.311,False,False,False,,,
S0_homogeneous_null,0.5,0.312,False,False,False,,,
S0_homogeneous_null,0.5,0.313,False,False,False,,,
S0_homogeneous_null,0.5,0.314,False,False,False,,,
S0_homogeneous_null,0.5,0.315,False,False,False,,,
S0_homogeneous_null,0.5,0.316,False,False,False,,,
S0_homogeneous_null,0.5,0.317,False,False,False,,,
S0_homogeneous_null,0.5,0.318,False,False,False,,,
S0_homogeneous_null,0.5,0.319,False,False,False,,,
S0_homogeneous_null,0.5,0.32,False,False,False,,,
S0_homogeneous_null,0.5,0.321,False,False,False,,,
S0_homogeneous_null,0.5,0.322,False,False,False,,,
S0_homogeneous_null,0.5,0.323,False,False,False,,,
S0_homogeneous_null,0.5,0.324,False,False,False,,,
S0_homogeneous_null,0.5,0.325,False,False,False,,,
S0_homogeneous_null,0.5,0.326,False,False,False,,,
S0_homogeneous_null,0.5,0.327,False,False,False,,,
S0_homogeneous_null,0.5,0.328,False,False,False,,,
S0_homogeneous_null,0.5,0.329,False,False,False,,,
S0_homogeneous_null,0.5,0.33,False,False,False,,,
S0_homogeneous_null,0.5,0.331,False,False,False,,,
S0_homogeneous_null,0.5,0.332,False,False,False,,,
S0_homogeneous_null,0.5,0.333,False,False,False,,,
S0_homogeneous_null,0.5,0.334,False,False,False,,,
S0_homogeneous_null,0.5,0.335,False,False,False,,,
S0_homogeneous_null,0.5,0.336,False,False,False,,,
S0_homogeneous_null,0.5,0.337,False,False,False,,,
S0_homogeneous_null,0.5,0.338,False,False,False,,,
S0_homogeneous_null,0.5,0.339,False,False,False,,,
S0_homogeneous_null,0.5,0.34,False,False,False,,,
S0_homogeneous_null,0.5,0.341,False,False,False,,,
S0_homogeneous_null,0.5,0.342,False,False,False,,,
S0_homogeneous_null,0.5,0.343,False,False,False,,,
S0_homogeneous_null,0.5,0.344,False,False,False,,,
S0_homogeneous_null,0.5,0.345,False,False,False,,,
S0_homogeneous_null,0.5,0.346,False,False,False,,,
S0_homogeneous_null,0.5,0.347,False,False,False,,,
S0_homogeneous_null,0.5,0.348,False,False,False,,,
S0_homogeneous_null,0.5,0.349,False,False,False,,,
S0_homogeneous_null,0.5,0.35,False,False,False,,,
S0_homogeneous_null,0.5,0.351,False,False,False,,,
S0_homogeneous_null,0.5,0.352,False,False,False,,,
S0_homogeneous_null,0.5,0.353,False,False,False,,,
S0_homogeneous_null,0.5,0.354,False,False,False,,,
S0_homogeneous_null,0.5,0.355,False,False,False,,,
S0_homogeneous_null,0.5,0.356,False,False,False,,,
S0_homogeneous_null,0.5,0.357,False,False,False,,,
S0_homogeneous_null,0.5,0.358,False,False,False,,,
S0_homogeneous_null,0.5,0.359,False,False,False,,,
S0_homogeneous_null,0.5,0.36,False,False,False,,,
S0_homogeneous_null,0.5,0.361,False,False,False,,,
S0_homogeneous_null,0.5,0.362,False,False,False,,,
S0_homogeneous_null,0.5,0.363,False,False,False,,,
S0_homogeneous_null,0.5,0.364,False,False,False,,,
S0_homogeneous_null,0.5,0.365,False,False,False,,,
S0_homogeneous_null,0.5,0.366,False,False,False,,,
S0_homogeneous_null,0.5,0.367,False,False,False,,,
S0_homogeneous_null,0.5,0.368,False,False,False,,,
S0_homogeneous_null,0.5,0.369,False,False,False,,,
S0_homogeneous_null,0.5,0.37,False,False,False,,,
S0_homogeneous_null,0.5,0.371,False,False,False,,,
S0_homogeneous_null,0.5,0.372,False,False,False,,,
S0_homogeneous_null,0.5,0.373,False,False,False,,,
S0_homogeneous_null,0.5,0.374,False,False,False,,,
S0_homogeneous_null,0.5,0.375,False,False,False,,,
S0_homogeneous_null,0.5,0.376,False,False,False,,,
S0_homogeneous_null,0.5,0.377,False,False,False,,,
S0_homogeneous_null,0.5,0.378,False,False,False,,,
S0_homogeneous_null,0.5,0.379,False,False,False,,,
S0_homogeneous_null,0.5,0.38,False,False,False,,,
S0_homogeneous_null,0.5,0.381,False,False,False,,,
S0_homogeneous_null,0.5,0.382,False,False,False,,,
S0_homogeneous_null,0.5,0.383,False,False,False,,,
S0_homogeneous_null,0.5,0.384,False,False,False,,,
S0_homogeneous_null,0.5,0.385,False,False,False,,,
S0_homogeneous_null,0.5,0.386,False,False,False,,,
S0_homogeneous_null,0.5,0.387,False,False,False,,,
S0_homogeneous_null,0.5,0.388,False,False,False,,,
S0_homogeneous_null,0.5,0.389,False,False,False,,,
S0_homogeneous_null,0.5,0.39,False,False,False,,,
S0_homogeneous_null,0.5,0.391,False,False,False,,,
S0_homogeneous_null,0.5,0.392,False,False,False,,,
S0_homogeneous_null,0.5,0.393,False,False,False,,,
S0_homogeneous_null,0.5,0.394,False,False,False,,,
S0_homogeneous_null,0.5,0.395,False,False,False,,,
S0_homogeneous_null,0.5,0.396,False,False,False,,,
S0_homogeneous_null,0.5,0.397,False,False,False,,,
S0_homogeneous_null,0.5,0.398,False,False,False,,,
S0_homogeneous_null,0.5,0.399,False,False,False,,,
S0_homogeneous_null,0.5,0.4,False,False,False,,,
S0_homogeneous_null,0.5,0.401,False,False,False,,,
S0_homogeneous_null,0.5,0.402,False,False,False,,,
S0_homogeneous_null,0.5,0.403,False,False,False,,,
S0_homogeneous_null,0.5,0.404,False,False,False,,,
S0_homogeneous_null,0.5,0.405,False,False,False,,,
S0_homogeneous_null,0.5,0.406,False,False,False,,,
S0_homogeneous_null,0.5,0.407,False,False,False,,,
S0_homogeneous_null,0.5,0.408,False,False,False,,,
S0_homogeneous_null,0.5,0.409,False,False,False,,,
S0_homogeneous_null,0.5,0.41,False,False,False,,,
S0_homogeneous_null,0.5,0.411,False,False,False,,,
S0_homogeneous_null,0.5,0.412,False,False,False,,,
S0_homogeneous_null,0.5,0.413,False,False,False,,,
S0_homogeneous_null,0.5,0.414,False,False,False,,,
S0_homogeneous_null,0.5,0.415,False,False,False,,,
S0_homogeneous_null,0.5,0.416,False,False,False,,,
S0_homogeneous_null,0.5,0.417,False,False,False,,,
S0_homogeneous_null,0.5,0.418,False,False,False,,,
S0_homogeneous_null,0.5,0.419,False,False,False,,,
S0_homogeneous_null,0.5,0.42,False,False,False,,,
S0_homogeneous_null,0.5,0.421,False,False,False,,,
S0_homogeneous_null,0.5,0.422,False,False,False,,,
S0_homogeneous_null,0.5,0.423,False,False,False,,,
S0_homogeneous_null,0.5,0.424,False,False,False,,,
S0_homogeneous_null,0.5,0.425,False,False,False,,,
S0_homogeneous_null,0.5,0.426,False,False,False,,,
S0_homogeneous_null,0.5,0.427,False,False,False,,,
S0_homogeneous_null,0.5,0.428,False,False,False,,,
S0_homogeneous_null,0.5,0.429,False,False,False,,,
S0_homogeneous_null,0.5,0.43,False,False,False,,,
S0_homogeneous_null,0.5,0.431,False,False,False,,,
S0_homogeneous_null,0.5,0.432,False,False,False,,,
S0_homogeneous_null,0.5,0.433,False,False,False,,,
S0_homogeneous_null,0.5,0.434,False,False,False,,,
S0_homogeneous_null,0.5,0.435,False,False,False,,,
S0_homogeneous_null,0.5,0.436,False,False,False,,,
S0_homogeneous_null,0.5,0.437,False,False,False,,,
S0_homogeneous_null,0.5,0.438,False,False,False,,,
S0_homogeneous_null,0.5,0.439,False,False,False,,,
S0_homogeneous_null,0.5,0.44,False,False,False,,,
S0_homogeneous_null,0.5,0.441,False,False,False,,,
S0_homogeneous_null,0.5,0.442,False,False,False,,,
S0_homogeneous_null,0.5,0.443,False,False,False,,,
S0_homogeneous_null,0.5,0.444,False,False,False,,,
S0_homogeneous_null,0.5,0.445,False,False,False,,,
S0_homogeneous_null,0.5,0.446,False,False,False,,,
S0_homogeneous_null,0.5,0.447,False,False,False,,,
S0_homogeneous_null,0.5,0.448,False,False,False,,,
S0_homogeneous_null,0.5,0.449,False,False,False,,,
S0_homogeneous_null,0.5,0.45,False,False,False,,,
S0_homogeneous_null,0.5,0.451,False,False,False,,,
S0_homogeneous_null,0.5,0.452,False,False,False,,,
S0_homogeneous_null,0.5,0.453,False,False,False,,,
S0_homogeneous_null,0.5,0.454,False,False,False,,,
S0_homogeneous_null,0.5,0.455,False,False,False,,,
S0_homogeneous_null,0.5,0.456,False,False,False,,,
S0_homogeneous_null,0.5,0.457,False,False,False,,,
S0_homogeneous_null,0.5,0.458,False,False,False,,,
S0_homogeneous_null,0.5,0.459,False,False,False,,,
S0_homogeneous_null,0.5,0.46,False,False,False,,,
S0_homogeneous_null,0.5,0.461,False,False,False,,,
S0_homogeneous_null,0.5,0.462,False,False,False,,,
S0_homogeneous_null,0.5,0.463,False,False,False,,,
S0_homogeneous_null,0.5,0.464,False,False,False,,,
S0_homogeneous_null,0.5,0.465,False,False,False,,,
S0_homogeneous_null,0.5,0.466,False,False,False,,,
S0_homogeneous_null,0.5,0.467,False,False,False,,,
S0_homogeneous_null,0.5,0.468,False,False,False,,,
S0_homogeneous_null,0.5,0.469,False,False,False,,,
S0_homogeneous_null,0.5,0.47,False,False,False,,,
S0_homogeneous_null,0.5,0.471,False,False,False,,,
S0_homogeneous_null,0.5,0.472,False,False,False,,,
S0_homogeneous_null,0.5,0.473,False,False,False,,,
S0_homogeneous_null,0.5,0.474,False,False,False,,,
S0_homogeneous_null,0.5,0.475,False,False,False,,,
S0_homogeneous_null,0.5,0.476,False,False,False,,,
S0_homogeneous_null,0.5,0.477,False,False,False,,,
S0_homogeneous_null,0.5,0.478,False,False,False,,,
S0_homogeneous_null,0.5,0.479,False,False,False,,,
S0_homogeneous_null,0.5,0.48,False,False,False,,,
S0_homogeneous_null,0.5,0.481,False,False,False,,,
S0_homogeneous_null,0.5,0.482,False,False,False,,,
S0_homogeneous_null,0.5,0.483,False,False,False,,,
S0_homogeneous_null,0.5,0.484,False,False,False,,,
S0_homogeneous_null,0.5,0.485,False,False,False,,,
S0_homogeneous_null,0.5,0.486,False,False,False,,,
S0_homogeneous_null,0.5,0.487,False,False,False,,,
S0_homogeneous_null,0.5,0.488,False,False,False,,,
S0_homogeneous_null,0.5,0.489,False,False,False,,,
S0_homogeneous_null,0.5,0.49,False,False,False,,,
S0_homogeneous_null,0.5,0.491,False,False,False,,,
S0_homogeneous_null,0.5,0.492,False,False,False,,,
S0_homogeneous_null,0.5,0.493,False,False,False,,,
S0_homogeneous_null,0.5,0.494,False,False,False,,,
S0_homogeneous_null,0.5,0.495,False,False,False,,,
S0_homogeneous_null,0.5,0.496,False,False,False,,,
S0_homogeneous_null,0.5,0.497,False,False,False,,,
S0_homogeneous_null,0.5,0.498,False,False,False,,,
S0_homogeneous_null,0.5,0.499,False,False,False,,,
S0_homogeneous_null,0.5,0.5,True,True,True,0.8,0.8,0.0
S0_homogeneous_null,0.5,0.501,True,True,True,0.8,0.8,0.0
S0_homogeneous_null,0.5,0.502,True,True,True,0.8,0.8,0.0
S0_homogeneous_null,0.5,0.503,True,True,True,0.8,0.8,0.0
S0_homogeneous_null,0.5,0.504,True,True,True,0.8,0.8,0.0
S0_homogeneous_null,0.5,0.505,True,True,True,0.8,0.8,0.0
S0_homogeneous_null,0.5,0.506,True,True,True,0.8,0.8,0.0
S0_homogeneous_null,0.5,0.507,True,True,True,0.8,0.8,0.0
S0_homogeneous_null,0.5,0.508,True,True,True,0.8,0.8,0.0
S0_homogeneous_null,0.5,0.509,True,True,True,0.8,0.8,0.0
S0_homogeneous_null,0.5,0.51,True,True,True,0.8,0.8,0.0
S0_homogeneous_null,0.5,0.511,True,True,True,0.8,0.8,0.0
S0_homogeneous_null,0.5,0.512,True,True,True,0.8,0.8,0.0
S0_homogeneous_null,0.5,0.513,True,True,True,0.8,0.8,0.0
S0_homogeneous_null,0.5,0.514,True,True,True,0.8,0.8,0.0
S0_homogeneous_null,0.5,0.515,True,True,True,0.8,0.8,0.0
S0_homogeneous_null,0.5,0.516,True,True,True,0.8,0.8,0.0
S0_homogeneous_null,0.5,0.517,True,True,True,0.8,0.8,0.0
S0_homogeneous_null,0.5,0.518,True,True,True,0.8,0.8,0.0
S0_homogeneous_null,0.5,0.519,True,True,True,0.8,0.8,0.0
S0_homogeneous_null,0.5,0.52,True,True,True,0.8,0.8,0.0
S0_homogeneous_null,0.5,0.521,True,True,True,0.8,0.8,0.0
S0_homogeneous_null,0.5,0.522,True,True,True,0.8,0.8,0.0
S0_homogeneous_null,0.5,0.523,True,True,True,0.8,0.8,0.0
S0_homogeneous_null,0.5,0.524,True,True,True,0.8,0.8,0.0
S0_homogeneous_null,0.5,0.525,True,True,True,0.8,0.8,0.0
S0_homogeneous_null,0.5,0.526,True,True,True,0.8,0.8,0.0
S0_homogeneous_null,0.5,0.527,True,True,True,0.8,0.8,0.0
S0_homogeneous_null,0.5,0.528,True,True,True,0.8,0.8,0.0
S0_homogeneous_null,0.5,0.529,True,True,True,0.8,0.8,0.0
S0_homogeneous_null,0.5,0.53,True,True,True,0.8,0.8,0.0
S0_homogeneous_null,0.5,0.531,True,True,True,0.8,0.8,0.0
S0_homogeneous_null,0.5,0.532,True,True,True,0.8,0.8,0.0
S0_homogeneous_null,0.5,0.533,True,True,True,0.8,0.8,0.0
S0_homogeneous_null,0.5,0.534,True,True,True,0.8,0.8,0.0
S0_homogeneous_null,0.5,0.535,True,True,True,0.8,0.8,0.0
S0_homogeneous_null,0.5,0.536,True,True,True,0.8,0.8,0.0
S0_homogeneous_null,0.5,0.537,True,True,True,0.8,0.8,0.0
S0_homogeneous_null,0.5,0.538,True,True,True,0.8,0.8,0.0
S0_homogeneous_null,0.5,0.539,True,True,True,0.8,0.8,0.0
S0_homogeneous_null,0.5,0.54,True,True,True,0.8,0.8,0.0
S0_homogeneous_null,0.5,0.541,True,True,True,0.8,0.8,0.0
S0_homogeneous_null,0.5,0.542,True,True,True,0.8,0.8,0.0
S0_homogeneous_null,0.5,0.543,True,True,True,0.8,0.8,0.0
S0_homogeneous_null,0.5,0.544,True,True,True,0.8,0.8,0.0
S0_homogeneous_null,0.5,0.545,True,True,True,0.8,0.8,0.0
S0_homogeneous_null,0.5,0.546,True,True,True,0.8,0.8,0.0
S0_homogeneous_null,0.5,0.547,True,True,True,0.8,0.8,0.0
S0_homogeneous_null,0.5,0.548,True,True,True,0.8,0.8,0.0
S0_homogeneous_null,0.5,0.549,True,True,True,0.8,0.8,0.0
S0_homogeneous_null,0.5,0.55,True,True,True,0.8,0.8,0.0
S0_homogeneous_null,0.5,0.551,True,True,True,0.8,0.8,0.0
S0_homogeneous_null,0.5,0.552,True,True,True,0.8,0.8,0.0
S0_homogeneous_null,0.5,0.553,True,True,True,0.8,0.8,0.0
S0_homogeneous_null,0.5,0.554,True,True,True,0.8,0.8,0.0
S0_homogeneous_null,0.5,0.555,True,True,True,0.8,0.8,0.0
S0_homogeneous_null,0.5,0.556,True,True,True,0.8,0.8,0.0
S0_homogeneous_null,0.5,0.557,True,True,True,0.8,0.8,0.0
S0_homogeneous_null,0.5,0.558,True,True,True,0.8,0.8,0.0
S0_homogeneous_null,0.5,0.559,True,True,True,0.8,0.8,0.0
S0_homogeneous_null,0.5,0.56,True,True,True,0.8,0.8,0.0
S0_homogeneous_null,0.5,0.561,True,True,True,0.8,0.8,0.0
S0_homogeneous_null,0.5,0.562,True,True,True,0.8,0.8,0.0
S0_homogeneous_null,0.5,0.563,True,True,True,0.8,0.8,0.0
S0_homogeneous_null,0.5,0.564,True,True,True,0.8,0.8,0.0
S0_homogeneous_null,0.5,0.565,True,True,True,0.8,0.8,0.0
S0_homogeneous_null,0.5,0.566,True,True,True,0.8,0.8,0.0
S0_homogeneous_null,0.5,0.567,True,True,True,0.8,0.8,0.0
S0_homogeneous_null,0.5,0.568,True,True,True,0.8,0.8,0.0
S0_homogeneous_null,0.5,0.569,True,True,True,0.8,0.8,0.0
S0_homogeneous_null,0.5,0.57,True,True,True,0.8,0.8,0.0
S0_homogeneous_null,0.5,0.571,True,True,True,0.8,0.8,0.0
S0_homogeneous_null,0.5,0.572,True,True,True,0.8,0.8,0.0
S0_homogeneous_null,0.5,0.573,True,True,True,0.8,0.8,0.0
S0_homogeneous_null,0.5,0.574,True,True,True,0.8,0.8,0.0
S0_homogeneous_null,0.5,0.575,True,True,True,0.8,0.8,0.0
S0_homogeneous_null,0.5,0.576,True,True,True,0.8,0.8,0.0
S0_homogeneous_null,0.5,0.577,True,True,True,0.8,0.8,0.0
S0_homogeneous_null,0.5,0.578,True,True,True,0.8,0.8,0.0
S0_homogeneous_null,0.5,0.579,True,True,True,0.8,0.8,0.0
S0_homogeneous_null,0.5,0.58,True,True,True,0.8,0.8,0.0
S0_homogeneous_null,0.5,0.581,True,True,True,0.8,0.8,0.0
S0_homogeneous_null,0.5,0.582,True,True,True,0.8,0.8,0.0
S0_homogeneous_null,0.5,0.583,True,True,True,0.8,0.8,0.0
S0_homogeneous_null,0.5,0.584,True,True,True,0.8,0.8,0.0
S0_homogeneous_null,0.5,0.585,True,True,True,0.8,0.8,0.0
S0_homogeneous_null,0.5,0.586,True,True,True,0.8,0.8,0.0
S0_homogeneous_null,0.5,0.587,True,True,True,0.8,0.8,0.0
S0_homogeneous_null,0.5,0.588,True,True,True,0.8,0.8,0.0
S0_homogeneous_null,0.5,0.589,True,True,True,0.8,0.8,0.0
S0_homogeneous_null,0.5,0.59,True,True,True,0.8,0.8,0.0
S0_homogeneous_null,0.5,0.591,True,True,True,0.8,0.8,0.0
S0_homogeneous_null,0.5,0.592,True,True,True,0.8,0.8,0.0
S0_homogeneous_null,0.5,0.593,True,True,True,0.8,0.8,0.0
S0_homogeneous_null,0.5,0.594,True,True,True,0.8,0.8,0.0
S0_homogeneous_null,0.5,0.595,True,True,True,0.8,0.8,0.0
S0_homogeneous_null,0.5,0.596,True,True,True,0.8,0.8,0.0
S0_homogeneous_null,0.5,0.597,True,True,True,0.8,0.8,0.0
S0_homogeneous_null,0.5,0.598,True,True,True,0.8,0.8,0.0
S0_homogeneous_null,0.5,0.599,True,True,True,0.8,0.8,0.0
S0_homogeneous_null,0.5,0.6,True,True,True,0.8,0.8,0.0
S0_homogeneous_null,0.5,0.601,True,True,True,0.8,0.8,0.0
S0_homogeneous_null,0.5,0.602,True,True,True,0.8,0.8,0.0
S0_homogeneous_null,0.5,0.603,True,True,True,0.8,0.8,0.0
S0_homogeneous_null,0.5,0.604,True,True,True,0.8,0.8,0.0
S0_homogeneous_null,0.5,0.605,True,True,True,0.8,0.8,0.0
S0_homogeneous_null,0.5,0.606,True,True,True,0.8,0.8,0.0
S0_homogeneous_null,0.5,0.607,True,True,True,0.8,0.8,0.0
S0_homogeneous_null,0.5,0.608,True,True,True,0.8,0.8,0.0
S0_homogeneous_null,0.5,0.609,True,True,True,0.8,0.8,0.0
S0_homogeneous_null,0.5,0.61,True,True,True,0.8,0.8,0.0
S0_homogeneous_null,0.5,0.611,True,True,True,0.8,0.8,0.0
S0_homogeneous_null,0.5,0.612,True,True,True,0.8,0.8,0.0
S0_homogeneous_null,0.5,0.613,True,True,True,0.8,0.8,0.0
S0_homogeneous_null,0.5,0.614,True,True,True,0.8,0.8,0.0
S0_homogeneous_null,0.5,0.615,True,True,True,0.8,0.8,0.0
S0_homogeneous_null,0.5,0.616,True,True,True,0.8,0.8,0.0
S0_homogeneous_null,0.5,0.617,True,True,True,0.8,0.8,0.0
S0_homogeneous_null,0.5,0.618,True,True,True,0.8,0.8,0.0
S0_homogeneous_null,0.5,0.619,True,True,True,0.8,0.8,0.0
S0_homogeneous_null,0.5,0.62,True,True,True,0.8,0.8,0.0
S0_homogeneous_null,0.5,0.621,True,True,True,0.8,0.8,0.0
S0_homogeneous_null,0.5,0.622,True,True,True,0.8,0.8,0.0
S0_homogeneous_null,0.5,0.623,True,True,True,0.8,0.8,0.0
S0_homogeneous_null,0.5,0.624,True,True,True,0.8,0.8,0.0
S0_homogeneous_null,0.5,0.625,True,True,True,0.8,0.8,0.0
S0_homogeneous_null,0.5,0.626,True,True,True,0.8,0.8,0.0
S0_homogeneous_null,0.5,0.627,True,True,True,0.8,0.8,0.0
S0_homogeneous_null,0.5,0.628,True,True,True,0.8,0.8,0.0
S0_homogeneous_null,0.5,0.629,True,True,True,0.8,0.8,0.0
S0_homogeneous_null,0.5,0.63,True,True,True,0.8,0.8,0.0
S0_homogeneous_null,0.5,0.631,True,True,True,0.8,0.8,0.0
S0_homogeneous_null,0.5,0.632,True,True,True,0.8,0.8,0.0
S0_homogeneous_null,0.5,0.633,True,True,True,0.8,0.8,0.0
S0_homogeneous_null,0.5,0.634,True,True,True,0.8,0.8,0.0
S0_homogeneous_null,0.5,0.635,True,True,True,0.8,0.8,0.0
S0_homogeneous_null,0.5,0.636,True,True,True,0.8,0.8,0.0
S0_homogeneous_null,0.5,0.637,True,True,True,0.8,0.8,0.0
S0_homogeneous_null,0.5,0.638,True,True,True,0.8,0.8,0.0
S0_homogeneous_null,0.5,0.639,True,True,True,0.8,0.8,0.0
S0_homogeneous_null,0.5,0.64,True,True,True,0.8,0.8,0.0
S0_homogeneous_null,0.5,0.641,True,True,True,0.8,0.8,0.0
S0_homogeneous_null,0.5,0.642,True,True,True,0.8,0.8,0.0
S0_homogeneous_null,0.5,0.643,True,True,True,0.8,0.8,0.0
S0_homogeneous_null,0.5,0.644,True,True,True,0.8,0.8,0.0
S0_homogeneous_null,0.5,0.645,True,True,True,0.8,0.8,0.0
S0_homogeneous_null,0.5,0.646,True,True,True,0.8,0.8,0.0
S0_homogeneous_null,0.5,0.647,True,True,True,0.8,0.8,0.0
S0_homogeneous_null,0.5,0.648,True,True,True,0.8,0.8,0.0
S0_homogeneous_null,0.5,0.649,True,True,True,0.8,0.8,0.0
S0_homogeneous_null,0.5,0.65,True,True,True,0.8,0.8,0.0
S0_homogeneous_null,0.5,0.651,True,True,True,0.8,0.8,0.0
S0_homogeneous_null,0.5,0.652,True,True,True,0.8,0.8,0.0
S0_homogeneous_null,0.5,0.653,True,True,True,0.8,0.8,0.0
S0_homogeneous_null,0.5,0.654,True,True,True,0.8,0.8,0.0
S0_homogeneous_null,0.5,0.655,True,True,True,0.8,0.8,0.0
S0_homogeneous_null,0.5,0.656,True,True,True,0.8,0.8,0.0
S0_homogeneous_null,0.5,0.657,True,True,True,0.8,0.8,0.0
S0_homogeneous_null,0.5,0.658,True,True,True,0.8,0.8,0.0
S0_homogeneous_null,0.5,0.659,True,True,True,0.8,0.8,0.0
S0_homogeneous_null,0.5,0.66,True,True,True,0.8,0.8,0.0
S0_homogeneous_null,0.5,0.661,True,True,True,0.8,0.8,0.0
S0_homogeneous_null,0.5,0.662,True,True,True,0.8,0.8,0.0
S0_homogeneous_null,0.5,0.663,True,True,True,0.8,0.8,0.0
S0_homogeneous_null,0.5,0.664,True,True,True,0.8,0.8,0.0
S0_homogeneous_null,0.5,0.665,True,True,True,0.8,0.8,0.0
S0_homogeneous_null,0.5,0.666,True,True,True,0.8,0.8,0.0
S0_homogeneous_null,0.5,0.667,True,True,True,0.8,0.8,0.0
S0_homogeneous_null,0.5,0.668,True,True,True,0.8,0.8,0.0
S0_homogeneous_null,0.5,0.669,True,True,True,0.8,0.8,0.0
S0_homogeneous_null,0.5,0.67,True,True,True,0.8,0.8,0.0
S0_homogeneous_null,0.5,0.671,True,True,True,0.8,0.8,0.0
S0_homogeneous_null,0.5,0.672,True,True,True,0.8,0.8,0.0
S0_homogeneous_null,0.5,0.673,True,True,True,0.8,0.8,0.0
S0_homogeneous_null,0.5,0.674,True,True,True,0.8,0.8,0.0
S0_homogeneous_null,0.5,0.675,True,True,True,0.8,0.8,0.0
S0_homogeneous_null,0.5,0.676,True,True,True,0.8,0.8,0.0
S0_homogeneous_null,0.5,0.677,True,True,True,0.8,0.8,0.0
S0_homogeneous_null,0.5,0.678,True,True,True,0.8,0.8,0.0
S0_homogeneous_null,0.5,0.679,True,True,True,0.8,0.8,0.0
S0_homogeneous_null,0.5,0.68,True,True,True,0.8,0.8,0.0
S0_homogeneous_null,0.5,0.681,True,True,True,0.8,0.8,0.0
S0_homogeneous_null,0.5,0.682,True,True,True,0.8,0.8,0.0
S0_homogeneous_null,0.5,0.683,True,True,True,0.8,0.8,0.0
S0_homogeneous_null,0.5,0.684,True,True,True,0.8,0.8,0.0
S0_homogeneous_null,0.5,0.685,True,True,True,0.8,0.8,0.0
S0_homogeneous_null,0.5,0.686,True,True,True,0.8,0.8,0.0
S0_homogeneous_null,0.5,0.687,True,True,True,0.8,0.8,0.0
S0_homogeneous_null,0.5,0.688,True,True,True,0.8,0.8,0.0
S0_homogeneous_null,0.5,0.689,True,True,True,0.8,0.8,0.0
S0_homogeneous_null,0.5,0.69,True,True,True,0.8,0.8,0.0
S0_homogeneous_null,0.5,0.691,True,True,True,0.8,0.8,0.0
S0_homogeneous_null,0.5,0.692,True,True,True,0.8,0.8,0.0
S0_homogeneous_null,0.5,0.693,True,True,True,0.8,0.8,0.0
S0_homogeneous_null,0.5,0.694,True,True,True,0.8,0.8,0.0
S0_homogeneous_null,0.5,0.695,True,True,True,0.8,0.8,0.0
S0_homogeneous_null,0.5,0.696,True,True,True,0.8,0.8,0.0
S0_homogeneous_null,0.5,0.697,True,True,True,0.8,0.8,0.0
S0_homogeneous_null,0.5,0.698,True,True,True,0.8,0.8,0.0
S0_homogeneous_null,0.5,0.699,True,True,True,0.8,0.8,0.0
S0_homogeneous_null,0.5,0.7,True,True,True,0.8,0.8,0.0
S0_homogeneous_null,0.5,0.701,True,True,True,0.8,0.8,0.0
S0_homogeneous_null,0.5,0.702,True,True,True,0.8,0.8,0.0
S0_homogeneous_null,0.5,0.703,True,True,True,0.8,0.8,0.0
S0_homogeneous_null,0.5,0.704,True,True,True,0.8,0.8,0.0
S0_homogeneous_null,0.5,0.705,True,True,True,0.8,0.8,0.0
S0_homogeneous_null,0.5,0.706,True,True,True,0.8,0.8,0.0
S0_homogeneous_null,0.5,0.707,True,True,True,0.8,0.8,0.0
S0_homogeneous_null,0.5,0.708,True,True,True,0.8,0.8,0.0
S0_homogeneous_null,0.5,0.709,True,True,True,0.8,0.8,0.0
S0_homogeneous_null,0.5,0.71,True,True,True,0.8,0.8,0.0
S0_homogeneous_null,0.5,0.711,True,True,True,0.8,0.8,0.0
S0_homogeneous_null,0.5,0.712,True,True,True,0.8,0.8,0.0
S0_homogeneous_null,0.5,0.713,True,True,True,0.8,0.8,0.0
S0_homogeneous_null,0.5,0.714,True,True,True,0.8,0.8,0.0
S0_homogeneous_null,0.5,0.715,True,True,True,0.8,0.8,0.0
S0_homogeneous_null,0.5,0.716,True,True,True,0.8,0.8,0.0
S0_homogeneous_null,0.5,0.717,True,True,True,0.8,0.8,0.0
S0_homogeneous_null,0.5,0.718,True,True,True,0.8,0.8,0.0
S0_homogeneous_null,0.5,0.719,True,True,True,0.8,0.8,0.0
S0_homogeneous_null,0.5,0.72,True,True,True,0.8,0.8,0.0
S0_homogeneous_null,0.5,0.721,True,True,True,0.8,0.8,0.0
S0_homogeneous_null,0.5,0.722,True,True,True,0.8,0.8,0.0
S0_homogeneous_null,0.5,0.723,True,True,True,0.8,0.8,0.0
S0_homogeneous_null,0.5,0.724,True,True,True,0.8,0.8,0.0
S0_homogeneous_null,0.5,0.725,True,True,True,0.8,0.8,0.0
S0_homogeneous_null,0.5,0.726,True,True,True,0.8,0.8,0.0
S0_homogeneous_null,0.5,0.727,True,True,True,0.8,0.8,0.0
S0_homogeneous_null,0.5,0.728,True,True,True,0.8,0.8,0.0
S0_homogeneous_null,0.5,0.729,True,True,True,0.8,0.8,0.0
S0_homogeneous_null,0.5,0.73,True,True,True,0.8,0.8,0.0
S0_homogeneous_null,0.5,0.731,True,True,True,0.8,0.8,0.0
S0_homogeneous_null,0.5,0.732,True,True,True,0.8,0.8,0.0
S0_homogeneous_null,0.5,0.733,True,True,True,0.8,0.8,0.0
S0_homogeneous_null,0.5,0.734,True,True,True,0.8,0.8,0.0
S0_homogeneous_null,0.5,0.735,True,True,True,0.8,0.8,0.0
S0_homogeneous_null,0.5,0.736,True,True,True,0.8,0.8,0.0
S0_homogeneous_null,0.5,0.737,True,True,True,0.8,0.8,0.0
S0_homogeneous_null,0.5,0.738,True,True,True,0.8,0.8,0.0
S0_homogeneous_null,0.5,0.739,True,True,True,0.8,0.8,0.0
S0_homogeneous_null,0.5,0.74,True,True,True,0.8,0.8,0.0
S0_homogeneous_null,0.5,0.741,True,True,True,0.8,0.8,0.0
S0_homogeneous_null,0.5,0.742,True,True,True,0.8,0.8,0.0
S0_homogeneous_null,0.5,0.743,True,True,True,0.8,0.8,0.0
S0_homogeneous_null,0.5,0.744,True,True,True,0.8,0.8,0.0
S0_homogeneous_null,0.5,0.745,True,True,True,0.8,0.8,0.0
S0_homogeneous_null,0.5,0.746,True,True,True,0.8,0.8,0.0
S0_homogeneous_null,0.5,0.747,True,True,True,0.8,0.8,0.0
S0_homogeneous_null,0.5,0.748,True,True,True,0.8,0.8,0.0
S0_homogeneous_null,0.5,0.749,True,True,True,0.8,0.8,0.0
S0_homogeneous_null,0.5,0.75,True,True,True,0.8,0.8,0.0
S0_homogeneous_null,0.5,0.751,True,True,True,0.8,0.8,0.0
S0_homogeneous_null,0.5,0.752,True,True,True,0.8,0.8,0.0
S0_homogeneous_null,0.5,0.753,True,True,True,0.8,0.8,0.0
S0_homogeneous_null,0.5,0.754,True,True,True,0.8,0.8,0.0
S0_homogeneous_null,0.5,0.755,True,True,True,0.8,0.8,0.0
S0_homogeneous_null,0.5,0.756,True,True,True,0.8,0.8,0.0
S0_homogeneous_null,0.5,0.757,True,True,True,0.8,0.8,0.0
S0_homogeneous_null,0.5,0.758,True,True,True,0.8,0.8,0.0
S0_homogeneous_null,0.5,0.759,True,True,True,0.8,0.8,0.0
S0_homogeneous_null,0.5,0.76,True,True,True,0.8,0.8,0.0
S0_homogeneous_null,0.5,0.761,True,True,True,0.8,0.8,0.0
S0_homogeneous_null,0.5,0.762,True,True,True,0.8,0.8,0.0
S0_homogeneous_null,0.5,0.763,True,True,True,0.8,0.8,0.0
S0_homogeneous_null,0.5,0.764,True,True,True,0.8,0.8,0.0
S0_homogeneous_null,0.5,0.765,True,True,True,0.8,0.8,0.0
S0_homogeneous_null,0.5,0.766,True,True,True,0.8,0.8,0.0
S0_homogeneous_null,0.5,0.767,True,True,True,0.8,0.8,0.0
S0_homogeneous_null,0.5,0.768,True,True,True,0.8,0.8,0.0
S0_homogeneous_null,0.5,0.769,True,True,True,0.8,0.8,0.0
S0_homogeneous_null,0.5,0.77,True,True,True,0.8,0.8,0.0
S0_homogeneous_null,0.5,0.771,True,True,True,0.8,0.8,0.0
S0_homogeneous_null,0.5,0.772,True,True,True,0.8,0.8,0.0
S0_homogeneous_null,0.5,0.773,True,True,True,0.8,0.8,0.0
S0_homogeneous_null,0.5,0.774,True,True,True,0.8,0.8,0.0
S0_homogeneous_null,0.5,0.775,True,True,True,0.8,0.8,0.0
S0_homogeneous_null,0.5,0.776,True,True,True,0.8,0.8,0.0
S0_homogeneous_null,0.5,0.777,True,True,True,0.8,0.8,0.0
S0_homogeneous_null,0.5,0.778,True,True,True,0.8,0.8,0.0
S0_homogeneous_null,0.5,0.779,True,True,True,0.8,0.8,0.0
S0_homogeneous_null,0.5,0.78,True,True,True,0.8,0.8,0.0
S0_homogeneous_null,0.5,0.781,True,True,True,0.8,0.8,0.0
S0_homogeneous_null,0.5,0.782,True,True,True,0.8,0.8,0.0
S0_homogeneous_null,0.5,0.783,True,True,True,0.8,0.8,0.0
S0_homogeneous_null,0.5,0.784,True,True,True,0.8,0.8,0.0
S0_homogeneous_null,0.5,0.785,True,True,True,0.8,0.8,0.0
S0_homogeneous_null,0.5,0.786,True,True,True,0.8,0.8,0.0
S0_homogeneous_null,0.5,0.787,True,True,True,0.8,0.8,0.0
S0_homogeneous_null,0.5,0.788,True,True,True,0.8,0.8,0.0
S0_homogeneous_null,0.5,0.789,True,True,True,0.8,0.8,0.0
S0_homogeneous_null,0.5,0.79,True,True,True,0.8,0.8,0.0
S0_homogeneous_null,0.5,0.791,True,True,True,0.8,0.8,0.0
S0_homogeneous_null,0.5,0.792,True,True,True,0.8,0.8,0.0
S0_homogeneous_null,0.5,0.793,True,True,True,0.8,0.8,0.0
S0_homogeneous_null,0.5,0.794,True,True,True,0.8,0.8,0.0
S0_homogeneous_null,0.5,0.795,True,True,True,0.8,0.8,0.0
S0_homogeneous_null,0.5,0.796,True,True,True,0.8,0.8,0.0
S0_homogeneous_null,0.5,0.797,True,True,True,0.8,0.8,0.0
S0_homogeneous_null,0.5,0.798,True,True,True,0.8,0.8,0.0
S0_homogeneous_null,0.5,0.799,True,True,True,0.8,0.8,0.0
S0_homogeneous_null,0.5,0.8,True,True,True,0.8,0.8,0.0
S0_homogeneous_null,0.5,0.801,True,True,True,0.8,0.8,0.0
S0_homogeneous_null,0.5,0.802,True,True,True,0.8,0.8,0.0
S0_homogeneous_null,0.5,0.803,True,True,True,0.8,0.8,0.0
S0_homogeneous_null,0.5,0.804,True,True,True,0.8,0.8,0.0
S0_homogeneous_null,0.5,0.805,True,True,True,0.8,0.8,0.0
S0_homogeneous_null,0.5,0.806,True,True,True,0.8,0.8,0.0
S0_homogeneous_null,0.5,0.807,True,True,True,0.8,0.8,0.0
S0_homogeneous_null,0.5,0.808,True,True,True,0.8,0.8,0.0
S0_homogeneous_null,0.5,0.809,True,True,True,0.8,0.8,0.0
S0_homogeneous_null,0.5,0.81,True,True,True,0.8,0.8,0.0
S0_homogeneous_null,0.5,0.811,True,True,True,0.8,0.8,0.0
S0_homogeneous_null,0.5,0.812,True,True,True,0.8,0.8,0.0
S0_homogeneous_null,0.5,0.813,True,True,True,0.8,0.8,0.0
S0_homogeneous_null,0.5,0.814,True,True,True,0.8,0.8,0.0
S0_homogeneous_null,0.5,0.815,True,True,True,0.8,0.8,0.0
S0_homogeneous_null,0.5,0.816,True,True,True,0.8,0.8,0.0
S0_homogeneous_null,0.5,0.817,True,True,True,0.8,0.8,0.0
S0_homogeneous_null,0.5,0.818,True,True,True,0.8,0.8,0.0
S0_homogeneous_null,0.5,0.819,True,True,True,0.8,0.8,0.0
S0_homogeneous_null,0.5,0.82,True,True,True,0.8,0.8,0.0
S0_homogeneous_null,0.5,0.821,True,True,True,0.8,0.8,0.0
S0_homogeneous_null,0.5,0.822,True,True,True,0.8,0.8,0.0
S0_homogeneous_null,0.5,0.823,True,True,True,0.8,0.8,0.0
S0_homogeneous_null,0.5,0.824,True,True,True,0.8,0.8,0.0
S0_homogeneous_null,0.5,0.825,True,True,True,0.8,0.8,0.0
S0_homogeneous_null,0.5,0.826,True,True,True,0.8,0.8,0.0
S0_homogeneous_null,0.5,0.827,True,True,True,0.8,0.8,0.0
S0_homogeneous_null,0.5,0.828,True,True,True,0.8,0.8,0.0
S0_homogeneous_null,0.5,0.829,True,True,True,0.8,0.8,0.0
S0_homogeneous_null,0.5,0.83,True,True,True,0.8,0.8,0.0
S0_homogeneous_null,0.5,0.831,True,True,True,0.8,0.8,0.0
S0_homogeneous_null,0.5,0.832,True,True,True,0.8,0.8,0.0
S0_homogeneous_null,0.5,0.833,True,True,True,0.8,0.8,0.0
S0_homogeneous_null,0.5,0.834,True,True,True,0.8,0.8,0.0
S0_homogeneous_null,0.5,0.835,True,True,True,0.8,0.8,0.0
S0_homogeneous_null,0.5,0.836,True,True,True,0.8,0.8,0.0
S0_homogeneous_null,0.5,0.837,True,True,True,0.8,0.8,0.0
S0_homogeneous_null,0.5,0.838,True,True,True,0.8,0.8,0.0
S0_homogeneous_null,0.5,0.839,True,True,True,0.8,0.8,0.0
S0_homogeneous_null,0.5,0.84,True,True,True,0.8,0.8,0.0
S0_homogeneous_null,0.5,0.841,True,True,True,0.8,0.8,0.0
S0_homogeneous_null,0.5,0.842,True,True,True,0.8,0.8,0.0
S0_homogeneous_null,0.5,0.843,True,True,True,0.8,0.8,0.0
S0_homogeneous_null,0.5,0.844,True,True,True,0.8,0.8,0.0
S0_homogeneous_null,0.5,0.845,True,True,True,0.8,0.8,0.0
S0_homogeneous_null,0.5,0.846,True,True,True,0.8,0.8,0.0
S0_homogeneous_null,0.5,0.847,True,True,True,0.8,0.8,0.0
S0_homogeneous_null,0.5,0.848,True,True,True,0.8,0.8,0.0
S0_homogeneous_null,0.5,0.849,True,True,True,0.8,0.8,0.0
S0_homogeneous_null,0.5,0.85,True,True,True,0.8,0.8,0.0
S0_homogeneous_null,0.5,0.851,True,True,True,0.8,0.8,0.0
S0_homogeneous_null,0.5,0.852,True,True,True,0.8,0.8,0.0
S0_homogeneous_null,0.5,0.853,True,True,True,0.8,0.8,0.0
S0_homogeneous_null,0.5,0.854,True,True,True,0.8,0.8,0.0
S0_homogeneous_null,0.5,0.855,True,True,True,0.8,0.8,0.0
S0_homogeneous_null,0.5,0.856,True,True,True,0.8,0.8,0.0
S0_homogeneous_null,0.5,0.857,True,True,True,0.8,0.8,0.0
S0_homogeneous_null,0.5,0.858,True,True,True,0.8,0.8,0.0
S0_homogeneous_null,0.5,0.859,True,True,True,0.8,0.8,0.0
S0_homogeneous_null,0.5,0.86,True,True,True,0.8,0.8,0.0
S0_homogeneous_null,0.5,0.861,True,True,True,0.8,0.8,0.0
S0_homogeneous_null,0.5,0.862,True,True,True,0.8,0.8,0.0
S0_homogeneous_null,0.5,0.863,True,True,True,0.8,0.8,0.0
S0_homogeneous_null,0.5,0.864,True,True,True,0.8,0.8,0.0
S0_homogeneous_null,0.5,0.865,True,True,True,0.8,0.8,0.0
S0_homogeneous_null,0.5,0.866,True,True,True,0.8,0.8,0.0
S0_homogeneous_null,0.5,0.867,True,True,True,0.8,0.8,0.0
S0_homogeneous_null,0.5,0.868,True,True,True,0.8,0.8,0.0
S0_homogeneous_null,0.5,0.869,True,True,True,0.8,0.8,0.0
S0_homogeneous_null,0.5,0.87,True,True,True,0.8,0.8,0.0
S0_homogeneous_null,0.5,0.871,True,True,True,0.8,0.8,0.0
S0_homogeneous_null,0.5,0.872,True,True,True,0.8,0.8,0.0
S0_homogeneous_null,0.5,0.873,True,True,True,0.8,0.8,0.0
S0_homogeneous_null,0.5,0.874,True,True,True,0.8,0.8,0.0
S0_homogeneous_null,0.5,0.875,True,True,True,0.8,0.8,0.0
S0_homogeneous_null,0.5,0.876,True,True,True,0.8,0.8,0.0
S0_homogeneous_null,0.5,0.877,True,True,True,0.8,0.8,0.0
S0_homogeneous_null,0.5,0.878,True,True,True,0.8,0.8,0.0
S0_homogeneous_null,0.5,0.879,True,True,True,0.8,0.8,0.0
S0_homogeneous_null,0.5,0.88,True,True,True,0.8,0.8,0.0
S0_homogeneous_null,0.5,0.881,True,True,True,0.8,0.8,0.0
S0_homogeneous_null,0.5,0.882,True,True,True,0.8,0.8,0.0
S0_homogeneous_null,0.5,0.883,True,True,True,0.8,0.8,0.0
S0_homogeneous_null,0.5,0.884,True,True,True,0.8,0.8,0.0
S0_homogeneous_null,0.5,0.885,True,True,True,0.8,0.8,0.0
S0_homogeneous_null,0.5,0.886,True,True,True,0.8,0.8,0.0
S0_homogeneous_null,0.5,0.887,True,True,True,0.8,0.8,0.0
S0_homogeneous_null,0.5,0.888,True,True,True,0.8,0.8,0.0
S0_homogeneous_null,0.5,0.889,True,True,True,0.8,0.8,0.0
S0_homogeneous_null,0.5,0.89,True,True,True,0.8,0.8,0.0
S0_homogeneous_null,0.5,0.891,True,True,True,0.8,0.8,0.0
S0_homogeneous_null,0.5,0.892,True,True,True,0.8,0.8,0.0
S0_homogeneous_null,0.5,0.893,True,True,True,0.8,0.8,0.0
S0_homogeneous_null,0.5,0.894,True,True,True,0.8,0.8,0.0
S0_homogeneous_null,0.5,0.895,True,True,True,0.8,0.8,0.0
S0_homogeneous_null,0.5,0.896,True,True,True,0.8,0.8,0.0
S0_homogeneous_null,0.5,0.897,True,True,True,0.8,0.8,0.0
S0_homogeneous_null,0.5,0.898,True,True,True,0.8,0.8,0.0
S0_homogeneous_null,0.5,0.899,True,True,True,0.8,0.8,0.0
S0_homogeneous_null,0.5,0.9,True,True,True,0.8,0.8,0.0
S0_homogeneous_null,0.5,0.901,True,True,True,0.8,0.8,0.0
S0_homogeneous_null,0.5,0.902,True,True,True,0.8,0.8,0.0
S0_homogeneous_null,0.5,0.903,True,True,True,0.8,0.8,0.0
S0_homogeneous_null,0.5,0.904,True,True,True,0.8,0.8,0.0
S0_homogeneous_null,0.5,0.905,True,True,True,0.8,0.8,0.0
S0_homogeneous_null,0.5,0.906,True,True,True,0.8,0.8,0.0
S0_homogeneous_null,0.5,0.907,True,True,True,0.8,0.8,0.0
S0_homogeneous_null,0.5,0.908,True,True,True,0.8,0.8,0.0
S0_homogeneous_null,0.5,0.909,True,True,True,0.8,0.8,0.0
S0_homogeneous_null,0.5,0.91,True,True,True,0.8,0.8,0.0
S0_homogeneous_null,0.5,0.911,True,True,True,0.8,0.8,0.0
S0_homogeneous_null,0.5,0.912,True,True,True,0.8,0.8,0.0
S0_homogeneous_null,0.5,0.913,True,True,True,0.8,0.8,0.0
S0_homogeneous_null,0.5,0.914,True,True,True,0.8,0.8,0.0
S0_homogeneous_null,0.5,0.915,True,True,True,0.8,0.8,0.0
S0_homogeneous_null,0.5,0.916,True,True,True,0.8,0.8,0.0
S0_homogeneous_null,0.5,0.917,True,True,True,0.8,0.8,0.0
S0_homogeneous_null,0.5,0.918,True,True,True,0.8,0.8,0.0
S0_homogeneous_null,0.5,0.919,True,True,True,0.8,0.8,0.0
S0_homogeneous_null,0.5,0.92,True,True,True,0.8,0.8,0.0
S0_homogeneous_null,0.5,0.921,True,True,True,0.8,0.8,0.0
S0_homogeneous_null,0.5,0.922,True,True,True,0.8,0.8,0.0
S0_homogeneous_null,0.5,0.923,True,True,True,0.8,0.8,0.0
S0_homogeneous_null,0.5,0.924,True,True,True,0.8,0.8,0.0
S0_homogeneous_null,0.5,0.925,True,True,True,0.8,0.8,0.0
S0_homogeneous_null,0.5,0.926,True,True,True,0.8,0.8,0.0
S0_homogeneous_null,0.5,0.927,True,True,True,0.8,0.8,0.0
S0_homogeneous_null,0.5,0.928,True,True,True,0.8,0.8,0.0
S0_homogeneous_null,0.5,0.929,True,True,True,0.8,0.8,0.0
S0_homogeneous_null,0.5,0.93,True,True,True,0.8,0.8,0.0
S0_homogeneous_null,0.5,0.931,True,True,True,0.8,0.8,0.0
S0_homogeneous_null,0.5,0.932,True,True,True,0.8,0.8,0.0
S0_homogeneous_null,0.5,0.933,True,True,True,0.8,0.8,0.0
S0_homogeneous_null,0.5,0.934,True,True,True,0.8,0.8,0.0
S0_homogeneous_null,0.5,0.935,True,True,True,0.8,0.8,0.0
S0_homogeneous_null,0.5,0.936,True,True,True,0.8,0.8,0.0
S0_homogeneous_null,0.5,0.937,True,True,True,0.8,0.8,0.0
S0_homogeneous_null,0.5,0.938,True,True,True,0.8,0.8,0.0
S0_homogeneous_null,0.5,0.939,True,True,True,0.8,0.8,0.0
S0_homogeneous_null,0.5,0.94,True,True,True,0.8,0.8,0.0
S0_homogeneous_null,0.5,0.941,True,True,True,0.8,0.8,0.0
S0_homogeneous_null,0.5,0.942,True,True,True,0.8,0.8,0.0
S0_homogeneous_null,0.5,0.943,True,True,True,0.8,0.8,0.0
S0_homogeneous_null,0.5,0.944,True,True,True,0.8,0.8,0.0
S0_homogeneous_null,0.5,0.945,True,True,True,0.8,0.8,0.0
S0_homogeneous_null,0.5,0.946,True,True,True,0.8,0.8,0.0
S0_homogeneous_null,0.5,0.947,True,True,True,0.8,0.8,0.0
S0_homogeneous_null,0.5,0.948,True,True,True,0.8,0.8,0.0
S0_homogeneous_null,0.5,0.949,True,True,True,0.8,0.8,0.0
S0_homogeneous_null,0.5,0.95,True,True,True,0.8,0.8,0.0
S0_homogeneous_null,0.5,0.951,True,True,True,0.8,0.8,0.0
S0_homogeneous_null,0.5,0.952,True,True,True,0.8,0.8,0.0
S0_homogeneous_null,0.5,0.953,True,True,True,0.8,0.8,0.0
S0_homogeneous_null,0.5,0.954,True,True,True,0.8,0.8,0.0
S0_homogeneous_null,0.5,0.955,True,True,True,0.8,0.8,0.0
S0_homogeneous_null,0.5,0.956,True,True,True,0.8,0.8,0.0
S0_homogeneous_null,0.5,0.957,True,True,True,0.8,0.8,0.0
S0_homogeneous_null,0.5,0.958,True,True,True,0.8,0.8,0.0
S0_homogeneous_null,0.5,0.959,True,True,True,0.8,0.8,0.0
S0_homogeneous_null,0.5,0.96,True,True,True,0.8,0.8,0.0
S0_homogeneous_null,0.5,0.961,True,True,True,0.8,0.8,0.0
S0_homogeneous_null,0.5,0.962,True,True,True,0.8,0.8,0.0
S0_homogeneous_null,0.5,0.963,True,True,True,0.8,0.8,0.0
S0_homogeneous_null,0.5,0.964,True,True,True,0.8,0.8,0.0
S0_homogeneous_null,0.5,0.965,True,True,True,0.8,0.8,0.0
S0_homogeneous_null,0.5,0.966,True,True,True,0.8,0.8,0.0
S0_homogeneous_null,0.5,0.967,True,True,True,0.8,0.8,0.0
S0_homogeneous_null,0.5,0.968,True,True,True,0.8,0.8,0.0
S0_homogeneous_null,0.5,0.969,True,True,True,0.8,0.8,0.0
S0_homogeneous_null,0.5,0.97,True,True,True,0.8,0.8,0.0
S0_homogeneous_null,0.5,0.971,True,True,True,0.8,0.8,0.0
S0_homogeneous_null,0.5,0.972,True,True,True,0.8,0.8,0.0
S0_homogeneous_null,0.5,0.973,True,True,True,0.8,0.8,0.0
S0_homogeneous_null,0.5,0.974,True,True,True,0.8,0.8,0.0
S0_homogeneous_null,0.5,0.975,True,True,True,0.8,0.8,0.0
S0_homogeneous_null,0.5,0.976,True,True,True,0.8,0.8,0.0
S0_homogeneous_null,0.5,0.977,True,True,True,0.8,0.8,0.0
S0_homogeneous_null,0.5,0.978,True,True,True,0.8,0.8,0.0
S0_homogeneous_null,0.5,0.979,True,True,True,0.8,0.8,0.0
S0_homogeneous_null,0.5,0.98,True,True,True,0.8,0.8,0.0
S0_homogeneous_null,0.5,0.981,True,True,True,0.8,0.8,0.0
S0_homogeneous_null,0.5,0.982,True,True,True,0.8,0.8,0.0
S0_homogeneous_null,0.5,0.983,True,True,True,0.8,0.8,0.0
S0_homogeneous_null,0.5,0.984,True,True,True,0.8,0.8,0.0
S0_homogeneous_null,0.5,0.985,True,True,True,0.8,0.8,0.0
S0_homogeneous_null,0.5,0.986,True,True,True,0.8,0.8,0.0
S0_homogeneous_null,0.5,0.987,True,True,True,0.8,0.8,0.0
S0_homogeneous_null,0.5,0.988,True,True,True,0.8,0.8,0.0
S0_homogeneous_null,0.5,0.989,True,True,True,0.8,0.8,0.0
S0_homogeneous_null,0.5,0.99,True,True,True,0.8,0.8,0.0
S0_homogeneous_null,0.5,0.991,True,True,True,0.8,0.8,0.0
S0_homogeneous_null,0.5,0.992,True,True,True,0.8,0.8,0.0
S0_homogeneous_null,0.5,0.993,True,True,True,0.8,0.8,0.0
S0_homogeneous_null,0.5,0.994,True,True,True,0.8,0.8,0.0
S0_homogeneous_null,0.5,0.995,True,True,True,0.8,0.8,0.0
S0_homogeneous_null,0.5,0.996,True,True,True,0.8,0.8,0.0
S0_homogeneous_null,0.5,0.997,True,True,True,0.8,0.8,0.0
S0_homogeneous_null,0.5,0.998,True,True,True,0.8,0.8,0.0
S0_homogeneous_null,0.5,0.999,True,True,True,0.8,0.8,0.0
S0_homogeneous_null,0.5,1.0,True,True,True,0.8,0.8,0.0
S1_pareto_dominance_null,0.5,0.0,False,False,False,,,
S1_pareto_dominance_null,0.5,0.001,False,False,False,,,
S1_pareto_dominance_null,0.5,0.002,False,False,False,,,
S1_pareto_dominance_null,0.5,0.003,False,False,False,,,
S1_pareto_dominance_null,0.5,0.004,False,False,False,,,
S1_pareto_dominance_null,0.5,0.005,False,False,False,,,
S1_pareto_dominance_null,0.5,0.006,False,False,False,,,
S1_pareto_dominance_null,0.5,0.007,False,False,False,,,
S1_pareto_dominance_null,0.5,0.008,False,False,False,,,
S1_pareto_dominance_null,0.5,0.009,False,False,False,,,
S1_pareto_dominance_null,0.5,0.01,False,False,False,,,
S1_pareto_dominance_null,0.5,0.011,False,False,False,,,
S1_pareto_dominance_null,0.5,0.012,False,False,False,,,
S1_pareto_dominance_null,0.5,0.013,False,False,False,,,
S1_pareto_dominance_null,0.5,0.014,False,False,False,,,
S1_pareto_dominance_null,0.5,0.015,False,False,False,,,
S1_pareto_dominance_null,0.5,0.016,False,False,False,,,
S1_pareto_dominance_null,0.5,0.017,False,False,False,,,
S1_pareto_dominance_null,0.5,0.018,False,False,False,,,
S1_pareto_dominance_null,0.5,0.019,False,False,False,,,
S1_pareto_dominance_null,0.5,0.02,False,False,False,,,
S1_pareto_dominance_null,0.5,0.021,False,False,False,,,
S1_pareto_dominance_null,0.5,0.022,False,False,False,,,
S1_pareto_dominance_null,0.5,0.023,False,False,False,,,
S1_pareto_dominance_null,0.5,0.024,False,False,False,,,
S1_pareto_dominance_null,0.5,0.025,False,False,False,,,
S1_pareto_dominance_null,0.5,0.026,False,False,False,,,
S1_pareto_dominance_null,0.5,0.027,False,False,False,,,
S1_pareto_dominance_null,0.5,0.028,False,False,False,,,
S1_pareto_dominance_null,0.5,0.029,False,False,False,,,
S1_pareto_dominance_null,0.5,0.03,False,False,False,,,
S1_pareto_dominance_null,0.5,0.031,False,False,False,,,
S1_pareto_dominance_null,0.5,0.032,False,False,False,,,
S1_pareto_dominance_null,0.5,0.033,False,False,False,,,
S1_pareto_dominance_null,0.5,0.034,False,False,False,,,
S1_pareto_dominance_null,0.5,0.035,False,False,False,,,
S1_pareto_dominance_null,0.5,0.036,False,False,False,,,
S1_pareto_dominance_null,0.5,0.037,False,False,False,,,
S1_pareto_dominance_null,0.5,0.038,False,False,False,,,
S1_pareto_dominance_null,0.5,0.039,False,False,False,,,
S1_pareto_dominance_null,0.5,0.04,False,False,False,,,
S1_pareto_dominance_null,0.5,0.041,False,False,False,,,
S1_pareto_dominance_null,0.5,0.042,False,False,False,,,
S1_pareto_dominance_null,0.5,0.043,False,False,False,,,
S1_pareto_dominance_null,0.5,0.044,False,False,False,,,
S1_pareto_dominance_null,0.5,0.045,False,False,False,,,
S1_pareto_dominance_null,0.5,0.046,False,False,False,,,
S1_pareto_dominance_null,0.5,0.047,False,False,False,,,
S1_pareto_dominance_null,0.5,0.048,False,False,False,,,
S1_pareto_dominance_null,0.5,0.049,False,False,False,,,
S1_pareto_dominance_null,0.5,0.05,False,False,False,,,
S1_pareto_dominance_null,0.5,0.051,False,False,False,,,
S1_pareto_dominance_null,0.5,0.052,False,False,False,,,
S1_pareto_dominance_null,0.5,0.053,False,False,False,,,
S1_pareto_dominance_null,0.5,0.054,False,False,False,,,
S1_pareto_dominance_null,0.5,0.055,False,False,False,,,
S1_pareto_dominance_null,0.5,0.056,False,False,False,,,
S1_pareto_dominance_null,0.5,0.057,False,False,False,,,
S1_pareto_dominance_null,0.5,0.058,False,False,False,,,
S1_pareto_dominance_null,0.5,0.059,False,False,False,,,
S1_pareto_dominance_null,0.5,0.06,False,False,False,,,
S1_pareto_dominance_null,0.5,0.061,False,False,False,,,
S1_pareto_dominance_null,0.5,0.062,False,False,False,,,
S1_pareto_dominance_null,0.5,0.063,False,False,False,,,
S1_pareto_dominance_null,0.5,0.064,False,False,False,,,
S1_pareto_dominance_null,0.5,0.065,False,False,False,,,
S1_pareto_dominance_null,0.5,0.066,False,False,False,,,
S1_pareto_dominance_null,0.5,0.067,False,False,False,,,
S1_pareto_dominance_null,0.5,0.068,False,False,False,,,
S1_pareto_dominance_null,0.5,0.069,False,False,False,,,
S1_pareto_dominance_null,0.5,0.07,False,False,False,,,
S1_pareto_dominance_null,0.5,0.071,False,False,False,,,
S1_pareto_dominance_null,0.5,0.072,False,False,False,,,
S1_pareto_dominance_null,0.5,0.073,False,False,False,,,
S1_pareto_dominance_null,0.5,0.074,False,False,False,,,
S1_pareto_dominance_null,0.5,0.075,False,False,False,,,
S1_pareto_dominance_null,0.5,0.076,False,False,False,,,
S1_pareto_dominance_null,0.5,0.077,False,False,False,,,
S1_pareto_dominance_null,0.5,0.078,False,False,False,,,
S1_pareto_dominance_null,0.5,0.079,False,False,False,,,
S1_pareto_dominance_null,0.5,0.08,False,False,False,,,
S1_pareto_dominance_null,0.5,0.081,False,False,False,,,
S1_pareto_dominance_null,0.5,0.082,False,False,False,,,
S1_pareto_dominance_null,0.5,0.083,False,False,False,,,
S1_pareto_dominance_null,0.5,0.084,False,False,False,,,
S1_pareto_dominance_null,0.5,0.085,False,False,False,,,
S1_pareto_dominance_null,0.5,0.086,False,False,False,,,
S1_pareto_dominance_null,0.5,0.087,False,False,False,,,
S1_pareto_dominance_null,0.5,0.088,False,False,False,,,
S1_pareto_dominance_null,0.5,0.089,False,False,False,,,
S1_pareto_dominance_null,0.5,0.09,False,False,False,,,
S1_pareto_dominance_null,0.5,0.091,False,False,False,,,
S1_pareto_dominance_null,0.5,0.092,False,False,False,,,
S1_pareto_dominance_null,0.5,0.093,False,False,False,,,
S1_pareto_dominance_null,0.5,0.094,False,False,False,,,
S1_pareto_dominance_null,0.5,0.095,False,False,False,,,
S1_pareto_dominance_null,0.5,0.096,False,False,False,,,
S1_pareto_dominance_null,0.5,0.097,False,False,False,,,
S1_pareto_dominance_null,0.5,0.098,False,False,False,,,
S1_pareto_dominance_null,0.5,0.099,False,False,False,,,
S1_pareto_dominance_null,0.5,0.1,False,False,False,,,
S1_pareto_dominance_null,0.5,0.101,False,False,False,,,
S1_pareto_dominance_null,0.5,0.102,False,False,False,,,
S1_pareto_dominance_null,0.5,0.103,False,False,False,,,
S1_pareto_dominance_null,0.5,0.104,False,False,False,,,
S1_pareto_dominance_null,0.5,0.105,False,False,False,,,
S1_pareto_dominance_null,0.5,0.106,False,False,False,,,
S1_pareto_dominance_null,0.5,0.107,False,False,False,,,
S1_pareto_dominance_null,0.5,0.108,False,False,False,,,
S1_pareto_dominance_null,0.5,0.109,False,False,False,,,
S1_pareto_dominance_null,0.5,0.11,False,False,False,,,
S1_pareto_dominance_null,0.5,0.111,False,False,False,,,
S1_pareto_dominance_null,0.5,0.112,False,False,False,,,
S1_pareto_dominance_null,0.5,0.113,False,False,False,,,
S1_pareto_dominance_null,0.5,0.114,False,False,False,,,
S1_pareto_dominance_null,0.5,0.115,False,False,False,,,
S1_pareto_dominance_null,0.5,0.116,False,False,False,,,
S1_pareto_dominance_null,0.5,0.117,False,False,False,,,
S1_pareto_dominance_null,0.5,0.118,False,False,False,,,
S1_pareto_dominance_null,0.5,0.119,False,False,False,,,
S1_pareto_dominance_null,0.5,0.12,False,False,False,,,
S1_pareto_dominance_null,0.5,0.121,False,False,False,,,
S1_pareto_dominance_null,0.5,0.122,False,False,False,,,
S1_pareto_dominance_null,0.5,0.123,False,False,False,,,
S1_pareto_dominance_null,0.5,0.124,False,False,False,,,
S1_pareto_dominance_null,0.5,0.125,False,False,False,,,
S1_pareto_dominance_null,0.5,0.126,False,False,False,,,
S1_pareto_dominance_null,0.5,0.127,False,False,False,,,
S1_pareto_dominance_null,0.5,0.128,False,False,False,,,
S1_pareto_dominance_null,0.5,0.129,False,False,False,,,
S1_pareto_dominance_null,0.5,0.13,False,False,False,,,
S1_pareto_dominance_null,0.5,0.131,False,False,False,,,
S1_pareto_dominance_null,0.5,0.132,False,False,False,,,
S1_pareto_dominance_null,0.5,0.133,False,False,False,,,
S1_pareto_dominance_null,0.5,0.134,False,False,False,,,
S1_pareto_dominance_null,0.5,0.135,False,False,False,,,
S1_pareto_dominance_null,0.5,0.136,False,False,False,,,
S1_pareto_dominance_null,0.5,0.137,False,False,False,,,
S1_pareto_dominance_null,0.5,0.138,False,False,False,,,
S1_pareto_dominance_null,0.5,0.139,False,False,False,,,
S1_pareto_dominance_null,0.5,0.14,False,False,False,,,
S1_pareto_dominance_null,0.5,0.141,False,False,False,,,
S1_pareto_dominance_null,0.5,0.142,False,False,False,,,
S1_pareto_dominance_null,0.5,0.143,False,False,False,,,
S1_pareto_dominance_null,0.5,0.144,False,False,False,,,
S1_pareto_dominance_null,0.5,0.145,False,False,False,,,
S1_pareto_dominance_null,0.5,0.146,False,False,False,,,
S1_pareto_dominance_null,0.5,0.147,False,False,False,,,
S1_pareto_dominance_null,0.5,0.148,False,False,False,,,
S1_pareto_dominance_null,0.5,0.149,False,False,False,,,
S1_pareto_dominance_null,0.5,0.15,False,False,False,,,
S1_pareto_dominance_null,0.5,0.151,False,False,False,,,
S1_pareto_dominance_null,0.5,0.152,False,False,False,,,
S1_pareto_dominance_null,0.5,0.153,False,False,False,,,
S1_pareto_dominance_null,0.5,0.154,False,False,False,,,
S1_pareto_dominance_null,0.5,0.155,False,False,False,,,
S1_pareto_dominance_null,0.5,0.156,False,False,False,,,
S1_pareto_dominance_null,0.5,0.157,False,False,False,,,
S1_pareto_dominance_null,0.5,0.158,False,False,False,,,
S1_pareto_dominance_null,0.5,0.159,False,False,False,,,
S1_pareto_dominance_null,0.5,0.16,False,False,False,,,
S1_pareto_dominance_null,0.5,0.161,False,False,False,,,
S1_pareto_dominance_null,0.5,0.162,False,False,False,,,
S1_pareto_dominance_null,0.5,0.163,False,False,False,,,
S1_pareto_dominance_null,0.5,0.164,False,False,False,,,
S1_pareto_dominance_null,0.5,0.165,False,False,False,,,
S1_pareto_dominance_null,0.5,0.166,False,False,False,,,
S1_pareto_dominance_null,0.5,0.167,False,False,False,,,
S1_pareto_dominance_null,0.5,0.168,False,False,False,,,
S1_pareto_dominance_null,0.5,0.169,False,False,False,,,
S1_pareto_dominance_null,0.5,0.17,False,False,False,,,
S1_pareto_dominance_null,0.5,0.171,False,False,False,,,
S1_pareto_dominance_null,0.5,0.172,False,False,False,,,
S1_pareto_dominance_null,0.5,0.173,False,False,False,,,
S1_pareto_dominance_null,0.5,0.174,False,False,False,,,
S1_pareto_dominance_null,0.5,0.175,False,False,False,,,
S1_pareto_dominance_null,0.5,0.176,False,False,False,,,
S1_pareto_dominance_null,0.5,0.177,False,False,False,,,
S1_pareto_dominance_null,0.5,0.178,False,False,False,,,
S1_pareto_dominance_null,0.5,0.179,False,False,False,,,
S1_pareto_dominance_null,0.5,0.18,False,False,False,,,
S1_pareto_dominance_null,0.5,0.181,False,False,False,,,
S1_pareto_dominance_null,0.5,0.182,False,False,False,,,
S1_pareto_dominance_null,0.5,0.183,False,False,False,,,
S1_pareto_dominance_null,0.5,0.184,False,False,False,,,
S1_pareto_dominance_null,0.5,0.185,False,False,False,,,
S1_pareto_dominance_null,0.5,0.186,False,False,False,,,
S1_pareto_dominance_null,0.5,0.187,False,False,False,,,
S1_pareto_dominance_null,0.5,0.188,False,False,False,,,
S1_pareto_dominance_null,0.5,0.189,False,False,False,,,
S1_pareto_dominance_null,0.5,0.19,False,False,False,,,
S1_pareto_dominance_null,0.5,0.191,False,False,False,,,
S1_pareto_dominance_null,0.5,0.192,False,False,False,,,
S1_pareto_dominance_null,0.5,0.193,False,False,False,,,
S1_pareto_dominance_null,0.5,0.194,False,False,False,,,
S1_pareto_dominance_null,0.5,0.195,False,False,False,,,
S1_pareto_dominance_null,0.5,0.196,False,False,False,,,
S1_pareto_dominance_null,0.5,0.197,False,False,False,,,
S1_pareto_dominance_null,0.5,0.198,False,False,False,,,
S1_pareto_dominance_null,0.5,0.199,False,False,False,,,
S1_pareto_dominance_null,0.5,0.2,False,False,False,,,
S1_pareto_dominance_null,0.5,0.201,False,False,False,,,
S1_pareto_dominance_null,0.5,0.202,False,False,False,,,
S1_pareto_dominance_null,0.5,0.203,False,False,False,,,
S1_pareto_dominance_null,0.5,0.204,False,False,False,,,
S1_pareto_dominance_null,0.5,0.205,False,False,False,,,
S1_pareto_dominance_null,0.5,0.206,False,False,False,,,
S1_pareto_dominance_null,0.5,0.207,False,False,False,,,
S1_pareto_dominance_null,0.5,0.208,False,False,False,,,
S1_pareto_dominance_null,0.5,0.209,False,False,False,,,
S1_pareto_dominance_null,0.5,0.21,False,False,False,,,
S1_pareto_dominance_null,0.5,0.211,False,False,False,,,
S1_pareto_dominance_null,0.5,0.212,False,False,False,,,
S1_pareto_dominance_null,0.5,0.213,False,False,False,,,
S1_pareto_dominance_null,0.5,0.214,False,False,False,,,
S1_pareto_dominance_null,0.5,0.215,False,False,False,,,
S1_pareto_dominance_null,0.5,0.216,False,False,False,,,
S1_pareto_dominance_null,0.5,0.217,False,False,False,,,
S1_pareto_dominance_null,0.5,0.218,False,False,False,,,
S1_pareto_dominance_null,0.5,0.219,False,False,False,,,
S1_pareto_dominance_null,0.5,0.22,False,False,False,,,
S1_pareto_dominance_null,0.5,0.221,False,False,False,,,
S1_pareto_dominance_null,0.5,0.222,False,False,False,,,
S1_pareto_dominance_null,0.5,0.223,False,False,False,,,
S1_pareto_dominance_null,0.5,0.224,False,False,False,,,
S1_pareto_dominance_null,0.5,0.225,False,False,False,,,
S1_pareto_dominance_null,0.5,0.226,False,False,False,,,
S1_pareto_dominance_null,0.5,0.227,False,False,False,,,
S1_pareto_dominance_null,0.5,0.228,False,False,False,,,
S1_pareto_dominance_null,0.5,0.229,False,False,False,,,
S1_pareto_dominance_null,0.5,0.23,False,False,False,,,
S1_pareto_dominance_null,0.5,0.231,False,False,False,,,
S1_pareto_dominance_null,0.5,0.232,False,False,False,,,
S1_pareto_dominance_null,0.5,0.233,False,False,False,,,
S1_pareto_dominance_null,0.5,0.234,False,False,False,,,
S1_pareto_dominance_null,0.5,0.235,False,False,False,,,
S1_pareto_dominance_null,0.5,0.236,False,False,False,,,
S1_pareto_dominance_null,0.5,0.237,False,False,False,,,
S1_pareto_dominance_null,0.5,0.238,False,False,False,,,
S1_pareto_dominance_null,0.5,0.239,False,False,False,,,
S1_pareto_dominance_null,0.5,0.24,False,False,False,,,
S1_pareto_dominance_null,0.5,0.241,False,False,False,,,
S1_pareto_dominance_null,0.5,0.242,False,False,False,,,
S1_pareto_dominance_null,0.5,0.243,False,False,False,,,
S1_pareto_dominance_null,0.5,0.244,False,False,False,,,
S1_pareto_dominance_null,0.5,0.245,False,False,False,,,
S1_pareto_dominance_null,0.5,0.246,False,False,False,,,
S1_pareto_dominance_null,0.5,0.247,False,False,False,,,
S1_pareto_dominance_null,0.5,0.248,False,False,False,,,
S1_pareto_dominance_null,0.5,0.249,False,False,False,,,
S1_pareto_dominance_null,0.5,0.25,False,False,False,,,
S1_pareto_dominance_null,0.5,0.251,False,False,False,,,
S1_pareto_dominance_null,0.5,0.252,False,False,False,,,
S1_pareto_dominance_null,0.5,0.253,False,False,False,,,
S1_pareto_dominance_null,0.5,0.254,False,False,False,,,
S1_pareto_dominance_null,0.5,0.255,False,False,False,,,
S1_pareto_dominance_null,0.5,0.256,False,False,False,,,
S1_pareto_dominance_null,0.5,0.257,False,False,False,,,
S1_pareto_dominance_null,0.5,0.258,False,False,False,,,
S1_pareto_dominance_null,0.5,0.259,False,False,False,,,
S1_pareto_dominance_null,0.5,0.26,False,False,False,,,
S1_pareto_dominance_null,0.5,0.261,False,False,False,,,
S1_pareto_dominance_null,0.5,0.262,False,False,False,,,
S1_pareto_dominance_null,0.5,0.263,False,False,False,,,
S1_pareto_dominance_null,0.5,0.264,False,False,False,,,
S1_pareto_dominance_null,0.5,0.265,False,False,False,,,
S1_pareto_dominance_null,0.5,0.266,False,False,False,,,
S1_pareto_dominance_null,0.5,0.267,False,False,False,,,
S1_pareto_dominance_null,0.5,0.268,False,False,False,,,
S1_pareto_dominance_null,0.5,0.269,False,False,False,,,
S1_pareto_dominance_null,0.5,0.27,False,False,False,,,
S1_pareto_dominance_null,0.5,0.271,False,False,False,,,
S1_pareto_dominance_null,0.5,0.272,False,False,False,,,
S1_pareto_dominance_null,0.5,0.273,False,False,False,,,
S1_pareto_dominance_null,0.5,0.274,False,False,False,,,
S1_pareto_dominance_null,0.5,0.275,False,False,False,,,
S1_pareto_dominance_null,0.5,0.276,False,False,False,,,
S1_pareto_dominance_null,0.5,0.277,False,False,False,,,
S1_pareto_dominance_null,0.5,0.278,False,False,False,,,
S1_pareto_dominance_null,0.5,0.279,False,False,False,,,
S1_pareto_dominance_null,0.5,0.28,False,False,False,,,
S1_pareto_dominance_null,0.5,0.281,False,False,False,,,
S1_pareto_dominance_null,0.5,0.282,False,False,False,,,
S1_pareto_dominance_null,0.5,0.283,False,False,False,,,
S1_pareto_dominance_null,0.5,0.284,False,False,False,,,
S1_pareto_dominance_null,0.5,0.285,False,False,False,,,
S1_pareto_dominance_null,0.5,0.286,False,False,False,,,
S1_pareto_dominance_null,0.5,0.287,False,False,False,,,
S1_pareto_dominance_null,0.5,0.288,False,False,False,,,
S1_pareto_dominance_null,0.5,0.289,False,False,False,,,
S1_pareto_dominance_null,0.5,0.29,False,False,False,,,
S1_pareto_dominance_null,0.5,0.291,False,False,False,,,
S1_pareto_dominance_null,0.5,0.292,False,False,False,,,
S1_pareto_dominance_null,0.5,0.293,False,False,False,,,
S1_pareto_dominance_null,0.5,0.294,False,False,False,,,
S1_pareto_dominance_null,0.5,0.295,False,False,False,,,
S1_pareto_dominance_null,0.5,0.296,False,False,False,,,
S1_pareto_dominance_null,0.5,0.297,False,False,False,,,
S1_pareto_dominance_null,0.5,0.298,False,False,False,,,
S1_pareto_dominance_null,0.5,0.299,False,False,False,,,
S1_pareto_dominance_null,0.5,0.3,False,False,False,,,
S1_pareto_dominance_null,0.5,0.301,False,False,False,,,
S1_pareto_dominance_null,0.5,0.302,False,False,False,,,
S1_pareto_dominance_null,0.5,0.303,False,False,False,,,
S1_pareto_dominance_null,0.5,0.304,False,False,False,,,
S1_pareto_dominance_null,0.5,0.305,False,False,False,,,
S1_pareto_dominance_null,0.5,0.306,False,False,False,,,
S1_pareto_dominance_null,0.5,0.307,False,False,False,,,
S1_pareto_dominance_null,0.5,0.308,False,False,False,,,
S1_pareto_dominance_null,0.5,0.309,False,False,False,,,
S1_pareto_dominance_null,0.5,0.31,False,False,False,,,
S1_pareto_dominance_null,0.5,0.311,False,False,False,,,
S1_pareto_dominance_null,0.5,0.312,False,False,False,,,
S1_pareto_dominance_null,0.5,0.313,False,False,False,,,
S1_pareto_dominance_null,0.5,0.314,False,False,False,,,
S1_pareto_dominance_null,0.5,0.315,False,False,False,,,
S1_pareto_dominance_null,0.5,0.316,False,False,False,,,
S1_pareto_dominance_null,0.5,0.317,False,False,False,,,
S1_pareto_dominance_null,0.5,0.318,False,False,False,,,
S1_pareto_dominance_null,0.5,0.319,False,False,False,,,
S1_pareto_dominance_null,0.5,0.32,False,False,False,,,
S1_pareto_dominance_null,0.5,0.321,False,False,False,,,
S1_pareto_dominance_null,0.5,0.322,False,False,False,,,
S1_pareto_dominance_null,0.5,0.323,False,False,False,,,
S1_pareto_dominance_null,0.5,0.324,False,False,False,,,
S1_pareto_dominance_null,0.5,0.325,False,False,False,,,
S1_pareto_dominance_null,0.5,0.326,False,False,False,,,
S1_pareto_dominance_null,0.5,0.327,False,False,False,,,
S1_pareto_dominance_null,0.5,0.328,False,False,False,,,
S1_pareto_dominance_null,0.5,0.329,False,False,False,,,
S1_pareto_dominance_null,0.5,0.33,False,False,False,,,
S1_pareto_dominance_null,0.5,0.331,False,False,False,,,
S1_pareto_dominance_null,0.5,0.332,False,False,False,,,
S1_pareto_dominance_null,0.5,0.333,False,False,False,,,
S1_pareto_dominance_null,0.5,0.334,False,False,False,,,
S1_pareto_dominance_null,0.5,0.335,False,False,False,,,
S1_pareto_dominance_null,0.5,0.336,False,False,False,,,
S1_pareto_dominance_null,0.5,0.337,False,False,False,,,
S1_pareto_dominance_null,0.5,0.338,False,False,False,,,
S1_pareto_dominance_null,0.5,0.339,False,False,False,,,
S1_pareto_dominance_null,0.5,0.34,False,False,False,,,
S1_pareto_dominance_null,0.5,0.341,False,False,False,,,
S1_pareto_dominance_null,0.5,0.342,False,False,False,,,
S1_pareto_dominance_null,0.5,0.343,False,False,False,,,
S1_pareto_dominance_null,0.5,0.344,False,False,False,,,
S1_pareto_dominance_null,0.5,0.345,False,False,False,,,
S1_pareto_dominance_null,0.5,0.346,False,False,False,,,
S1_pareto_dominance_null,0.5,0.347,False,False,False,,,
S1_pareto_dominance_null,0.5,0.348,False,False,False,,,
S1_pareto_dominance_null,0.5,0.349,False,False,False,,,
S1_pareto_dominance_null,0.5,0.35,False,False,False,,,
S1_pareto_dominance_null,0.5,0.351,False,False,False,,,
S1_pareto_dominance_null,0.5,0.352,False,False,False,,,
S1_pareto_dominance_null,0.5,0.353,False,False,False,,,
S1_pareto_dominance_null,0.5,0.354,False,False,False,,,
S1_pareto_dominance_null,0.5,0.355,False,False,False,,,
S1_pareto_dominance_null,0.5,0.356,False,False,False,,,
S1_pareto_dominance_null,0.5,0.357,False,False,False,,,
S1_pareto_dominance_null,0.5,0.358,False,False,False,,,
S1_pareto_dominance_null,0.5,0.359,False,False,False,,,
S1_pareto_dominance_null,0.5,0.36,False,False,False,,,
S1_pareto_dominance_null,0.5,0.361,False,False,False,,,
S1_pareto_dominance_null,0.5,0.362,False,False,False,,,
S1_pareto_dominance_null,0.5,0.363,False,False,False,,,
S1_pareto_dominance_null,0.5,0.364,False,False,False,,,
S1_pareto_dominance_null,0.5,0.365,False,False,False,,,
S1_pareto_dominance_null,0.5,0.366,False,False,False,,,
S1_pareto_dominance_null,0.5,0.367,False,False,False,,,
S1_pareto_dominance_null,0.5,0.368,False,False,False,,,
S1_pareto_dominance_null,0.5,0.369,False,False,False,,,
S1_pareto_dominance_null,0.5,0.37,False,False,False,,,
S1_pareto_dominance_null,0.5,0.371,False,False,False,,,
S1_pareto_dominance_null,0.5,0.372,False,False,False,,,
S1_pareto_dominance_null,0.5,0.373,False,False,False,,,
S1_pareto_dominance_null,0.5,0.374,False,False,False,,,
S1_pareto_dominance_null,0.5,0.375,False,False,False,,,
S1_pareto_dominance_null,0.5,0.376,False,False,False,,,
S1_pareto_dominance_null,0.5,0.377,False,False,False,,,
S1_pareto_dominance_null,0.5,0.378,False,False,False,,,
S1_pareto_dominance_null,0.5,0.379,False,False,False,,,
S1_pareto_dominance_null,0.5,0.38,False,False,False,,,
S1_pareto_dominance_null,0.5,0.381,False,False,False,,,
S1_pareto_dominance_null,0.5,0.382,False,False,False,,,
S1_pareto_dominance_null,0.5,0.383,False,False,False,,,
S1_pareto_dominance_null,0.5,0.384,False,False,False,,,
S1_pareto_dominance_null,0.5,0.385,False,False,False,,,
S1_pareto_dominance_null,0.5,0.386,False,False,False,,,
S1_pareto_dominance_null,0.5,0.387,False,False,False,,,
S1_pareto_dominance_null,0.5,0.388,False,False,False,,,
S1_pareto_dominance_null,0.5,0.389,False,False,False,,,
S1_pareto_dominance_null,0.5,0.39,False,False,False,,,
S1_pareto_dominance_null,0.5,0.391,False,False,False,,,
S1_pareto_dominance_null,0.5,0.392,False,False,False,,,
S1_pareto_dominance_null,0.5,0.393,False,False,False,,,
S1_pareto_dominance_null,0.5,0.394,False,False,False,,,
S1_pareto_dominance_null,0.5,0.395,False,False,False,,,
S1_pareto_dominance_null,0.5,0.396,False,False,False,,,
S1_pareto_dominance_null,0.5,0.397,False,False,False,,,
S1_pareto_dominance_null,0.5,0.398,False,False,False,,,
S1_pareto_dominance_null,0.5,0.399,False,False,False,,,
S1_pareto_dominance_null,0.5,0.4,False,False,False,,,
S1_pareto_dominance_null,0.5,0.401,False,False,False,,,
S1_pareto_dominance_null,0.5,0.402,False,False,False,,,
S1_pareto_dominance_null,0.5,0.403,False,False,False,,,
S1_pareto_dominance_null,0.5,0.404,False,False,False,,,
S1_pareto_dominance_null,0.5,0.405,False,False,False,,,
S1_pareto_dominance_null,0.5,0.406,False,False,False,,,
S1_pareto_dominance_null,0.5,0.407,False,False,False,,,
S1_pareto_dominance_null,0.5,0.408,False,False,False,,,
S1_pareto_dominance_null,0.5,0.409,False,False,False,,,
S1_pareto_dominance_null,0.5,0.41,False,False,False,,,
S1_pareto_dominance_null,0.5,0.411,False,False,False,,,
S1_pareto_dominance_null,0.5,0.412,False,False,False,,,
S1_pareto_dominance_null,0.5,0.413,False,False,False,,,
S1_pareto_dominance_null,0.5,0.414,False,False,False,,,
S1_pareto_dominance_null,0.5,0.415,False,False,False,,,
S1_pareto_dominance_null,0.5,0.416,False,False,False,,,
S1_pareto_dominance_null,0.5,0.417,False,False,False,,,
S1_pareto_dominance_null,0.5,0.418,False,False,False,,,
S1_pareto_dominance_null,0.5,0.419,False,False,False,,,
S1_pareto_dominance_null,0.5,0.42,False,False,False,,,
S1_pareto_dominance_null,0.5,0.421,False,False,False,,,
S1_pareto_dominance_null,0.5,0.422,False,False,False,,,
S1_pareto_dominance_null,0.5,0.423,False,False,False,,,
S1_pareto_dominance_null,0.5,0.424,False,False,False,,,
S1_pareto_dominance_null,0.5,0.425,False,False,False,,,
S1_pareto_dominance_null,0.5,0.426,False,False,False,,,
S1_pareto_dominance_null,0.5,0.427,False,False,False,,,
S1_pareto_dominance_null,0.5,0.428,False,False,False,,,
S1_pareto_dominance_null,0.5,0.429,False,False,False,,,
S1_pareto_dominance_null,0.5,0.43,False,False,False,,,
S1_pareto_dominance_null,0.5,0.431,False,False,False,,,
S1_pareto_dominance_null,0.5,0.432,False,False,False,,,
S1_pareto_dominance_null,0.5,0.433,False,False,False,,,
S1_pareto_dominance_null,0.5,0.434,False,False,False,,,
S1_pareto_dominance_null,0.5,0.435,False,False,False,,,
S1_pareto_dominance_null,0.5,0.436,False,False,False,,,
S1_pareto_dominance_null,0.5,0.437,False,False,False,,,
S1_pareto_dominance_null,0.5,0.438,False,False,False,,,
S1_pareto_dominance_null,0.5,0.439,False,False,False,,,
S1_pareto_dominance_null,0.5,0.44,False,False,False,,,
S1_pareto_dominance_null,0.5,0.441,False,False,False,,,
S1_pareto_dominance_null,0.5,0.442,False,False,False,,,
S1_pareto_dominance_null,0.5,0.443,False,False,False,,,
S1_pareto_dominance_null,0.5,0.444,False,False,False,,,
S1_pareto_dominance_null,0.5,0.445,False,False,False,,,
S1_pareto_dominance_null,0.5,0.446,False,False,False,,,
S1_pareto_dominance_null,0.5,0.447,False,False,False,,,
S1_pareto_dominance_null,0.5,0.448,False,False,False,,,
S1_pareto_dominance_null,0.5,0.449,False,False,False,,,
S1_pareto_dominance_null,0.5,0.45,True,True,True,0.8500000000000001,0.8500000000000001,0.0
S1_pareto_dominance_null,0.5,0.451,True,True,True,0.8500000000000001,0.8500000000000001,0.0
S1_pareto_dominance_null,0.5,0.452,True,True,True,0.8500000000000001,0.8500000000000001,0.0
S1_pareto_dominance_null,0.5,0.453,True,True,True,0.8500000000000001,0.8500000000000001,0.0
S1_pareto_dominance_null,0.5,0.454,True,True,True,0.8500000000000001,0.8500000000000001,0.0
S1_pareto_dominance_null,0.5,0.455,True,True,True,0.8500000000000001,0.8500000000000001,0.0
S1_pareto_dominance_null,0.5,0.456,True,True,True,0.8500000000000001,0.8500000000000001,0.0
S1_pareto_dominance_null,0.5,0.457,True,True,True,0.8500000000000001,0.8500000000000001,0.0
S1_pareto_dominance_null,0.5,0.458,True,True,True,0.8500000000000001,0.8500000000000001,0.0
S1_pareto_dominance_null,0.5,0.459,True,True,True,0.8500000000000001,0.8500000000000001,0.0
S1_pareto_dominance_null,0.5,0.46,True,True,True,0.8500000000000001,0.8500000000000001,0.0
S1_pareto_dominance_null,0.5,0.461,True,True,True,0.8500000000000001,0.8500000000000001,0.0
S1_pareto_dominance_null,0.5,0.462,True,True,True,0.8500000000000001,0.8500000000000001,0.0
S1_pareto_dominance_null,0.5,0.463,True,True,True,0.8500000000000001,0.8500000000000001,0.0
S1_pareto_dominance_null,0.5,0.464,True,True,True,0.8500000000000001,0.8500000000000001,0.0
S1_pareto_dominance_null,0.5,0.465,True,True,True,0.8500000000000001,0.8500000000000001,0.0
S1_pareto_dominance_null,0.5,0.466,True,True,True,0.8500000000000001,0.8500000000000001,0.0
S1_pareto_dominance_null,0.5,0.467,True,True,True,0.8500000000000001,0.8500000000000001,0.0
S1_pareto_dominance_null,0.5,0.468,True,True,True,0.8500000000000001,0.8500000000000001,0.0
S1_pareto_dominance_null,0.5,0.469,True,True,True,0.8500000000000001,0.8500000000000001,0.0
S1_pareto_dominance_null,0.5,0.47,True,True,True,0.8500000000000001,0.8500000000000001,0.0
S1_pareto_dominance_null,0.5,0.471,True,True,True,0.8500000000000001,0.8500000000000001,0.0
S1_pareto_dominance_null,0.5,0.472,True,True,True,0.8500000000000001,0.8500000000000001,0.0
S1_pareto_dominance_null,0.5,0.473,True,True,True,0.8500000000000001,0.8500000000000001,0.0
S1_pareto_dominance_null,0.5,0.474,True,True,True,0.8500000000000001,0.8500000000000001,0.0
S1_pareto_dominance_null,0.5,0.475,True,True,True,0.8500000000000001,0.8500000000000001,0.0
S1_pareto_dominance_null,0.5,0.476,True,True,True,0.8500000000000001,0.8500000000000001,0.0
S1_pareto_dominance_null,0.5,0.477,True,True,True,0.8500000000000001,0.8500000000000001,0.0
S1_pareto_dominance_null,0.5,0.478,True,True,True,0.8500000000000001,0.8500000000000001,0.0
S1_pareto_dominance_null,0.5,0.479,True,True,True,0.8500000000000001,0.8500000000000001,0.0
S1_pareto_dominance_null,0.5,0.48,True,True,True,0.8500000000000001,0.8500000000000001,0.0
S1_pareto_dominance_null,0.5,0.481,True,True,True,0.8500000000000001,0.8500000000000001,0.0
S1_pareto_dominance_null,0.5,0.482,True,True,True,0.8500000000000001,0.8500000000000001,0.0
S1_pareto_dominance_null,0.5,0.483,True,True,True,0.8500000000000001,0.8500000000000001,0.0
S1_pareto_dominance_null,0.5,0.484,True,True,True,0.8500000000000001,0.8500000000000001,0.0
S1_pareto_dominance_null,0.5,0.485,True,True,True,0.8500000000000001,0.8500000000000001,0.0
S1_pareto_dominance_null,0.5,0.486,True,True,True,0.8500000000000001,0.8500000000000001,0.0
S1_pareto_dominance_null,0.5,0.487,True,True,True,0.8500000000000001,0.8500000000000001,0.0
S1_pareto_dominance_null,0.5,0.488,True,True,True,0.8500000000000001,0.8500000000000001,0.0
S1_pareto_dominance_null,0.5,0.489,True,True,True,0.8500000000000001,0.8500000000000001,0.0
S1_pareto_dominance_null,0.5,0.49,True,True,True,0.8500000000000001,0.8500000000000001,0.0
S1_pareto_dominance_null,0.5,0.491,True,True,True,0.8500000000000001,0.8500000000000001,0.0
S1_pareto_dominance_null,0.5,0.492,True,True,True,0.8500000000000001,0.8500000000000001,0.0
S1_pareto_dominance_null,0.5,0.493,True,True,True,0.8500000000000001,0.8500000000000001,0.0
S1_pareto_dominance_null,0.5,0.494,True,True,True,0.8500000000000001,0.8500000000000001,0.0
S1_pareto_dominance_null,0.5,0.495,True,True,True,0.8500000000000001,0.8500000000000001,0.0
S1_pareto_dominance_null,0.5,0.496,True,True,True,0.8500000000000001,0.8500000000000001,0.0
S1_pareto_dominance_null,0.5,0.497,True,True,True,0.8500000000000001,0.8500000000000001,0.0
S1_pareto_dominance_null,0.5,0.498,True,True,True,0.8500000000000001,0.8500000000000001,0.0
S1_pareto_dominance_null,0.5,0.499,True,True,True,0.8500000000000001,0.8500000000000001,0.0
S1_pareto_dominance_null,0.5,0.5,True,True,True,0.8500000000000001,0.8500000000000001,0.0
S1_pareto_dominance_null,0.5,0.501,True,True,True,0.8500000000000001,0.8500000000000001,0.0
S1_pareto_dominance_null,0.5,0.502,True,True,True,0.8500000000000001,0.8500000000000001,0.0
S1_pareto_dominance_null,0.5,0.503,True,True,True,0.8500000000000001,0.8500000000000001,0.0
S1_pareto_dominance_null,0.5,0.504,True,True,True,0.8500000000000001,0.8500000000000001,0.0
S1_pareto_dominance_null,0.5,0.505,True,True,True,0.8500000000000001,0.8500000000000001,0.0
S1_pareto_dominance_null,0.5,0.506,True,True,True,0.8500000000000001,0.8500000000000001,0.0
S1_pareto_dominance_null,0.5,0.507,True,True,True,0.8500000000000001,0.8500000000000001,0.0
S1_pareto_dominance_null,0.5,0.508,True,True,True,0.8500000000000001,0.8500000000000001,0.0
S1_pareto_dominance_null,0.5,0.509,True,True,True,0.8500000000000001,0.8500000000000001,0.0
S1_pareto_dominance_null,0.5,0.51,True,True,True,0.8500000000000001,0.8500000000000001,0.0
S1_pareto_dominance_null,0.5,0.511,True,True,True,0.8500000000000001,0.8500000000000001,0.0
S1_pareto_dominance_null,0.5,0.512,True,True,True,0.8500000000000001,0.8500000000000001,0.0
S1_pareto_dominance_null,0.5,0.513,True,True,True,0.8500000000000001,0.8500000000000001,0.0
S1_pareto_dominance_null,0.5,0.514,True,True,True,0.8500000000000001,0.8500000000000001,0.0
S1_pareto_dominance_null,0.5,0.515,True,True,True,0.8500000000000001,0.8500000000000001,0.0
S1_pareto_dominance_null,0.5,0.516,True,True,True,0.8500000000000001,0.8500000000000001,0.0
S1_pareto_dominance_null,0.5,0.517,True,True,True,0.8500000000000001,0.8500000000000001,0.0
S1_pareto_dominance_null,0.5,0.518,True,True,True,0.8500000000000001,0.8500000000000001,0.0
S1_pareto_dominance_null,0.5,0.519,True,True,True,0.8500000000000001,0.8500000000000001,0.0
S1_pareto_dominance_null,0.5,0.52,True,True,True,0.8500000000000001,0.8500000000000001,0.0
S1_pareto_dominance_null,0.5,0.521,True,True,True,0.8500000000000001,0.8500000000000001,0.0
S1_pareto_dominance_null,0.5,0.522,True,True,True,0.8500000000000001,0.8500000000000001,0.0
S1_pareto_dominance_null,0.5,0.523,True,True,True,0.8500000000000001,0.8500000000000001,0.0
S1_pareto_dominance_null,0.5,0.524,True,True,True,0.8500000000000001,0.8500000000000001,0.0
S1_pareto_dominance_null,0.5,0.525,True,True,True,0.8500000000000001,0.8500000000000001,0.0
S1_pareto_dominance_null,0.5,0.526,True,True,True,0.8500000000000001,0.8500000000000001,0.0
S1_pareto_dominance_null,0.5,0.527,True,True,True,0.8500000000000001,0.8500000000000001,0.0
S1_pareto_dominance_null,0.5,0.528,True,True,True,0.8500000000000001,0.8500000000000001,0.0
S1_pareto_dominance_null,0.5,0.529,True,True,True,0.8500000000000001,0.8500000000000001,0.0
S1_pareto_dominance_null,0.5,0.53,True,True,True,0.8500000000000001,0.8500000000000001,0.0
S1_pareto_dominance_null,0.5,0.531,True,True,True,0.8500000000000001,0.8500000000000001,0.0
S1_pareto_dominance_null,0.5,0.532,True,True,True,0.8500000000000001,0.8500000000000001,0.0
S1_pareto_dominance_null,0.5,0.533,True,True,True,0.8500000000000001,0.8500000000000001,0.0
S1_pareto_dominance_null,0.5,0.534,True,True,True,0.8500000000000001,0.8500000000000001,0.0
S1_pareto_dominance_null,0.5,0.535,True,True,True,0.8500000000000001,0.8500000000000001,0.0
S1_pareto_dominance_null,0.5,0.536,True,True,True,0.8500000000000001,0.8500000000000001,0.0
S1_pareto_dominance_null,0.5,0.537,True,True,True,0.8500000000000001,0.8500000000000001,0.0
S1_pareto_dominance_null,0.5,0.538,True,True,True,0.8500000000000001,0.8500000000000001,0.0
S1_pareto_dominance_null,0.5,0.539,True,True,True,0.8500000000000001,0.8500000000000001,0.0
S1_pareto_dominance_null,0.5,0.54,True,True,True,0.8500000000000001,0.8500000000000001,0.0
S1_pareto_dominance_null,0.5,0.541,True,True,True,0.8500000000000001,0.8500000000000001,0.0
S1_pareto_dominance_null,0.5,0.542,True,True,True,0.8500000000000001,0.8500000000000001,0.0
S1_pareto_dominance_null,0.5,0.543,True,True,True,0.8500000000000001,0.8500000000000001,0.0
S1_pareto_dominance_null,0.5,0.544,True,True,True,0.8500000000000001,0.8500000000000001,0.0
S1_pareto_dominance_null,0.5,0.545,True,True,True,0.8500000000000001,0.8500000000000001,0.0
S1_pareto_dominance_null,0.5,0.546,True,True,True,0.8500000000000001,0.8500000000000001,0.0
S1_pareto_dominance_null,0.5,0.547,True,True,True,0.8500000000000001,0.8500000000000001,0.0
S1_pareto_dominance_null,0.5,0.548,True,True,True,0.8500000000000001,0.8500000000000001,0.0
S1_pareto_dominance_null,0.5,0.549,True,True,True,0.8500000000000001,0.8500000000000001,0.0
S1_pareto_dominance_null,0.5,0.55,True,True,True,0.8500000000000001,0.8500000000000001,0.0
S1_pareto_dominance_null,0.5,0.551,True,True,True,0.8500000000000001,0.8500000000000001,0.0
S1_pareto_dominance_null,0.5,0.552,True,True,True,0.8500000000000001,0.8500000000000001,0.0
S1_pareto_dominance_null,0.5,0.553,True,True,True,0.8500000000000001,0.8500000000000001,0.0
S1_pareto_dominance_null,0.5,0.554,True,True,True,0.8500000000000001,0.8500000000000001,0.0
S1_pareto_dominance_null,0.5,0.555,True,True,True,0.8500000000000001,0.8500000000000001,0.0
S1_pareto_dominance_null,0.5,0.556,True,True,True,0.8500000000000001,0.8500000000000001,0.0
S1_pareto_dominance_null,0.5,0.557,True,True,True,0.8500000000000001,0.8500000000000001,0.0
S1_pareto_dominance_null,0.5,0.558,True,True,True,0.8500000000000001,0.8500000000000001,0.0
S1_pareto_dominance_null,0.5,0.559,True,True,True,0.8500000000000001,0.8500000000000001,0.0
S1_pareto_dominance_null,0.5,0.56,True,True,True,0.8500000000000001,0.8500000000000001,0.0
S1_pareto_dominance_null,0.5,0.561,True,True,True,0.8500000000000001,0.8500000000000001,0.0
S1_pareto_dominance_null,0.5,0.562,True,True,True,0.8500000000000001,0.8500000000000001,0.0
S1_pareto_dominance_null,0.5,0.563,True,True,True,0.8500000000000001,0.8500000000000001,0.0
S1_pareto_dominance_null,0.5,0.564,True,True,True,0.8500000000000001,0.8500000000000001,0.0
S1_pareto_dominance_null,0.5,0.565,True,True,True,0.8500000000000001,0.8500000000000001,0.0
S1_pareto_dominance_null,0.5,0.566,True,True,True,0.8500000000000001,0.8500000000000001,0.0
S1_pareto_dominance_null,0.5,0.567,True,True,True,0.8500000000000001,0.8500000000000001,0.0
S1_pareto_dominance_null,0.5,0.568,True,True,True,0.8500000000000001,0.8500000000000001,0.0
S1_pareto_dominance_null,0.5,0.569,True,True,True,0.8500000000000001,0.8500000000000001,0.0
S1_pareto_dominance_null,0.5,0.57,True,True,True,0.8500000000000001,0.8500000000000001,0.0
S1_pareto_dominance_null,0.5,0.571,True,True,True,0.8500000000000001,0.8500000000000001,0.0
S1_pareto_dominance_null,0.5,0.572,True,True,True,0.8500000000000001,0.8500000000000001,0.0
S1_pareto_dominance_null,0.5,0.573,True,True,True,0.8500000000000001,0.8500000000000001,0.0
S1_pareto_dominance_null,0.5,0.574,True,True,True,0.8500000000000001,0.8500000000000001,0.0
S1_pareto_dominance_null,0.5,0.575,True,True,True,0.8500000000000001,0.8500000000000001,0.0
S1_pareto_dominance_null,0.5,0.576,True,True,True,0.8500000000000001,0.8500000000000001,0.0
S1_pareto_dominance_null,0.5,0.577,True,True,True,0.8500000000000001,0.8500000000000001,0.0
S1_pareto_dominance_null,0.5,0.578,True,True,True,0.8500000000000001,0.8500000000000001,0.0
S1_pareto_dominance_null,0.5,0.579,True,True,True,0.8500000000000001,0.8500000000000001,0.0
S1_pareto_dominance_null,0.5,0.58,True,True,True,0.8500000000000001,0.8500000000000001,0.0
S1_pareto_dominance_null,0.5,0.581,True,True,True,0.8500000000000001,0.8500000000000001,0.0
S1_pareto_dominance_null,0.5,0.582,True,True,True,0.8500000000000001,0.8500000000000001,0.0
S1_pareto_dominance_null,0.5,0.583,True,True,True,0.8500000000000001,0.8500000000000001,0.0
S1_pareto_dominance_null,0.5,0.584,True,True,True,0.8500000000000001,0.8500000000000001,0.0
S1_pareto_dominance_null,0.5,0.585,True,True,True,0.8500000000000001,0.8500000000000001,0.0
S1_pareto_dominance_null,0.5,0.586,True,True,True,0.8500000000000001,0.8500000000000001,0.0
S1_pareto_dominance_null,0.5,0.587,True,True,True,0.8500000000000001,0.8500000000000001,0.0
S1_pareto_dominance_null,0.5,0.588,True,True,True,0.8500000000000001,0.8500000000000001,0.0
S1_pareto_dominance_null,0.5,0.589,True,True,True,0.8500000000000001,0.8500000000000001,0.0
S1_pareto_dominance_null,0.5,0.59,True,True,True,0.8500000000000001,0.8500000000000001,0.0
S1_pareto_dominance_null,0.5,0.591,True,True,True,0.8500000000000001,0.8500000000000001,0.0
S1_pareto_dominance_null,0.5,0.592,True,True,True,0.8500000000000001,0.8500000000000001,0.0
S1_pareto_dominance_null,0.5,0.593,True,True,True,0.8500000000000001,0.8500000000000001,0.0
S1_pareto_dominance_null,0.5,0.594,True,True,True,0.8500000000000001,0.8500000000000001,0.0
S1_pareto_dominance_null,0.5,0.595,True,True,True,0.8500000000000001,0.8500000000000001,0.0
S1_pareto_dominance_null,0.5,0.596,True,True,True,0.8500000000000001,0.8500000000000001,0.0
S1_pareto_dominance_null,0.5,0.597,True,True,True,0.8500000000000001,0.8500000000000001,0.0
S1_pareto_dominance_null,0.5,0.598,True,True,True,0.8500000000000001,0.8500000000000001,0.0
S1_pareto_dominance_null,0.5,0.599,True,True,True,0.8500000000000001,0.8500000000000001,0.0
S1_pareto_dominance_null,0.5,0.6,True,True,True,0.8500000000000001,0.8500000000000001,0.0
S1_pareto_dominance_null,0.5,0.601,True,True,True,0.8500000000000001,0.8500000000000001,0.0
S1_pareto_dominance_null,0.5,0.602,True,True,True,0.8500000000000001,0.8500000000000001,0.0
S1_pareto_dominance_null,0.5,0.603,True,True,True,0.8500000000000001,0.8500000000000001,0.0
S1_pareto_dominance_null,0.5,0.604,True,True,True,0.8500000000000001,0.8500000000000001,0.0
S1_pareto_dominance_null,0.5,0.605,True,True,True,0.8500000000000001,0.8500000000000001,0.0
S1_pareto_dominance_null,0.5,0.606,True,True,True,0.8500000000000001,0.8500000000000001,0.0
S1_pareto_dominance_null,0.5,0.607,True,True,True,0.8500000000000001,0.8500000000000001,0.0
S1_pareto_dominance_null,0.5,0.608,True,True,True,0.8500000000000001,0.8500000000000001,0.0
S1_pareto_dominance_null,0.5,0.609,True,True,True,0.8500000000000001,0.8500000000000001,0.0
S1_pareto_dominance_null,0.5,0.61,True,True,True,0.8500000000000001,0.8500000000000001,0.0
S1_pareto_dominance_null,0.5,0.611,True,True,True,0.8500000000000001,0.8500000000000001,0.0
S1_pareto_dominance_null,0.5,0.612,True,True,True,0.8500000000000001,0.8500000000000001,0.0
S1_pareto_dominance_null,0.5,0.613,True,True,True,0.8500000000000001,0.8500000000000001,0.0
S1_pareto_dominance_null,0.5,0.614,True,True,True,0.8500000000000001,0.8500000000000001,0.0
S1_pareto_dominance_null,0.5,0.615,True,True,True,0.8500000000000001,0.8500000000000001,0.0
S1_pareto_dominance_null,0.5,0.616,True,True,True,0.8500000000000001,0.8500000000000001,0.0
S1_pareto_dominance_null,0.5,0.617,True,True,True,0.8500000000000001,0.8500000000000001,0.0
S1_pareto_dominance_null,0.5,0.618,True,True,True,0.8500000000000001,0.8500000000000001,0.0
S1_pareto_dominance_null,0.5,0.619,True,True,True,0.8500000000000001,0.8500000000000001,0.0
S1_pareto_dominance_null,0.5,0.62,True,True,True,0.8500000000000001,0.8500000000000001,0.0
S1_pareto_dominance_null,0.5,0.621,True,True,True,0.8500000000000001,0.8500000000000001,0.0
S1_pareto_dominance_null,0.5,0.622,True,True,True,0.8500000000000001,0.8500000000000001,0.0
S1_pareto_dominance_null,0.5,0.623,True,True,True,0.8500000000000001,0.8500000000000001,0.0
S1_pareto_dominance_null,0.5,0.624,True,True,True,0.8500000000000001,0.8500000000000001,0.0
S1_pareto_dominance_null,0.5,0.625,True,True,True,0.8500000000000001,0.8500000000000001,0.0
S1_pareto_dominance_null,0.5,0.626,True,True,True,0.8500000000000001,0.8500000000000001,0.0
S1_pareto_dominance_null,0.5,0.627,True,True,True,0.8500000000000001,0.8500000000000001,0.0
S1_pareto_dominance_null,0.5,0.628,True,True,True,0.8500000000000001,0.8500000000000001,0.0
S1_pareto_dominance_null,0.5,0.629,True,True,True,0.8500000000000001,0.8500000000000001,0.0
S1_pareto_dominance_null,0.5,0.63,True,True,True,0.8500000000000001,0.8500000000000001,0.0
S1_pareto_dominance_null,0.5,0.631,True,True,True,0.8500000000000001,0.8500000000000001,0.0
S1_pareto_dominance_null,0.5,0.632,True,True,True,0.8500000000000001,0.8500000000000001,0.0
S1_pareto_dominance_null,0.5,0.633,True,True,True,0.8500000000000001,0.8500000000000001,0.0
S1_pareto_dominance_null,0.5,0.634,True,True,True,0.8500000000000001,0.8500000000000001,0.0
S1_pareto_dominance_null,0.5,0.635,True,True,True,0.8500000000000001,0.8500000000000001,0.0
S1_pareto_dominance_null,0.5,0.636,True,True,True,0.8500000000000001,0.8500000000000001,0.0
S1_pareto_dominance_null,0.5,0.637,True,True,True,0.8500000000000001,0.8500000000000001,0.0
S1_pareto_dominance_null,0.5,0.638,True,True,True,0.8500000000000001,0.8500000000000001,0.0
S1_pareto_dominance_null,0.5,0.639,True,True,True,0.8500000000000001,0.8500000000000001,0.0
S1_pareto_dominance_null,0.5,0.64,True,True,True,0.8500000000000001,0.8500000000000001,0.0
S1_pareto_dominance_null,0.5,0.641,True,True,True,0.8500000000000001,0.8500000000000001,0.0
S1_pareto_dominance_null,0.5,0.642,True,True,True,0.8500000000000001,0.8500000000000001,0.0
S1_pareto_dominance_null,0.5,0.643,True,True,True,0.8500000000000001,0.8500000000000001,0.0
S1_pareto_dominance_null,0.5,0.644,True,True,True,0.8500000000000001,0.8500000000000001,0.0
S1_pareto_dominance_null,0.5,0.645,True,True,True,0.8500000000000001,0.8500000000000001,0.0
S1_pareto_dominance_null,0.5,0.646,True,True,True,0.8500000000000001,0.8500000000000001,0.0
S1_pareto_dominance_null,0.5,0.647,True,True,True,0.8500000000000001,0.8500000000000001,0.0
S1_pareto_dominance_null,0.5,0.648,True,True,True,0.8500000000000001,0.8500000000000001,0.0
S1_pareto_dominance_null,0.5,0.649,True,True,True,0.8500000000000001,0.8500000000000001,0.0
S1_pareto_dominance_null,0.5,0.65,True,True,True,0.8500000000000001,0.8500000000000001,0.0
S1_pareto_dominance_null,0.5,0.651,True,True,True,0.8500000000000001,0.8500000000000001,0.0
S1_pareto_dominance_null,0.5,0.652,True,True,True,0.8500000000000001,0.8500000000000001,0.0
S1_pareto_dominance_null,0.5,0.653,True,True,True,0.8500000000000001,0.8500000000000001,0.0
S1_pareto_dominance_null,0.5,0.654,True,True,True,0.8500000000000001,0.8500000000000001,0.0
S1_pareto_dominance_null,0.5,0.655,True,True,True,0.8500000000000001,0.8500000000000001,0.0
S1_pareto_dominance_null,0.5,0.656,True,True,True,0.8500000000000001,0.8500000000000001,0.0
S1_pareto_dominance_null,0.5,0.657,True,True,True,0.8500000000000001,0.8500000000000001,0.0
S1_pareto_dominance_null,0.5,0.658,True,True,True,0.8500000000000001,0.8500000000000001,0.0
S1_pareto_dominance_null,0.5,0.659,True,True,True,0.8500000000000001,0.8500000000000001,0.0
S1_pareto_dominance_null,0.5,0.66,True,True,True,0.8500000000000001,0.8500000000000001,0.0
S1_pareto_dominance_null,0.5,0.661,True,True,True,0.8500000000000001,0.8500000000000001,0.0
S1_pareto_dominance_null,0.5,0.662,True,True,True,0.8500000000000001,0.8500000000000001,0.0
S1_pareto_dominance_null,0.5,0.663,True,True,True,0.8500000000000001,0.8500000000000001,0.0
S1_pareto_dominance_null,0.5,0.664,True,True,True,0.8500000000000001,0.8500000000000001,0.0
S1_pareto_dominance_null,0.5,0.665,True,True,True,0.8500000000000001,0.8500000000000001,0.0
S1_pareto_dominance_null,0.5,0.666,True,True,True,0.8500000000000001,0.8500000000000001,0.0
S1_pareto_dominance_null,0.5,0.667,True,True,True,0.8500000000000001,0.8500000000000001,0.0
S1_pareto_dominance_null,0.5,0.668,True,True,True,0.8500000000000001,0.8500000000000001,0.0
S1_pareto_dominance_null,0.5,0.669,True,True,True,0.8500000000000001,0.8500000000000001,0.0
S1_pareto_dominance_null,0.5,0.67,True,True,True,0.8500000000000001,0.8500000000000001,0.0
S1_pareto_dominance_null,0.5,0.671,True,True,True,0.8500000000000001,0.8500000000000001,0.0
S1_pareto_dominance_null,0.5,0.672,True,True,True,0.8500000000000001,0.8500000000000001,0.0
S1_pareto_dominance_null,0.5,0.673,True,True,True,0.8500000000000001,0.8500000000000001,0.0
S1_pareto_dominance_null,0.5,0.674,True,True,True,0.8500000000000001,0.8500000000000001,0.0
S1_pareto_dominance_null,0.5,0.675,True,True,True,0.8500000000000001,0.8500000000000001,0.0
S1_pareto_dominance_null,0.5,0.676,True,True,True,0.8500000000000001,0.8500000000000001,0.0
S1_pareto_dominance_null,0.5,0.677,True,True,True,0.8500000000000001,0.8500000000000001,0.0
S1_pareto_dominance_null,0.5,0.678,True,True,True,0.8500000000000001,0.8500000000000001,0.0
S1_pareto_dominance_null,0.5,0.679,True,True,True,0.8500000000000001,0.8500000000000001,0.0
S1_pareto_dominance_null,0.5,0.68,True,True,True,0.8500000000000001,0.8500000000000001,0.0
S1_pareto_dominance_null,0.5,0.681,True,True,True,0.8500000000000001,0.8500000000000001,0.0
S1_pareto_dominance_null,0.5,0.682,True,True,True,0.8500000000000001,0.8500000000000001,0.0
S1_pareto_dominance_null,0.5,0.683,True,True,True,0.8500000000000001,0.8500000000000001,0.0
S1_pareto_dominance_null,0.5,0.684,True,True,True,0.8500000000000001,0.8500000000000001,0.0
S1_pareto_dominance_null,0.5,0.685,True,True,True,0.8500000000000001,0.8500000000000001,0.0
S1_pareto_dominance_null,0.5,0.686,True,True,True,0.8500000000000001,0.8500000000000001,0.0
S1_pareto_dominance_null,0.5,0.687,True,True,True,0.8500000000000001,0.8500000000000001,0.0
S1_pareto_dominance_null,0.5,0.688,True,True,True,0.8500000000000001,0.8500000000000001,0.0
S1_pareto_dominance_null,0.5,0.689,True,True,True,0.8500000000000001,0.8500000000000001,0.0
S1_pareto_dominance_null,0.5,0.69,True,True,True,0.8500000000000001,0.8500000000000001,0.0
S1_pareto_dominance_null,0.5,0.691,True,True,True,0.8500000000000001,0.8500000000000001,0.0
S1_pareto_dominance_null,0.5,0.692,True,True,True,0.8500000000000001,0.8500000000000001,0.0
S1_pareto_dominance_null,0.5,0.693,True,True,True,0.8500000000000001,0.8500000000000001,0.0
S1_pareto_dominance_null,0.5,0.694,True,True,True,0.8500000000000001,0.8500000000000001,0.0
S1_pareto_dominance_null,0.5,0.695,True,True,True,0.8500000000000001,0.8500000000000001,0.0
S1_pareto_dominance_null,0.5,0.696,True,True,True,0.8500000000000001,0.8500000000000001,0.0
S1_pareto_dominance_null,0.5,0.697,True,True,True,0.8500000000000001,0.8500000000000001,0.0
S1_pareto_dominance_null,0.5,0.698,True,True,True,0.8500000000000001,0.8500000000000001,0.0
S1_pareto_dominance_null,0.5,0.699,True,True,True,0.8500000000000001,0.8500000000000001,0.0
S1_pareto_dominance_null,0.5,0.7,True,True,True,0.8500000000000001,0.8500000000000001,0.0
S1_pareto_dominance_null,0.5,0.701,True,True,True,0.8500000000000001,0.8500000000000001,0.0
S1_pareto_dominance_null,0.5,0.702,True,True,True,0.8500000000000001,0.8500000000000001,0.0
S1_pareto_dominance_null,0.5,0.703,True,True,True,0.8500000000000001,0.8500000000000001,0.0
S1_pareto_dominance_null,0.5,0.704,True,True,True,0.8500000000000001,0.8500000000000001,0.0
S1_pareto_dominance_null,0.5,0.705,True,True,True,0.8500000000000001,0.8500000000000001,0.0
S1_pareto_dominance_null,0.5,0.706,True,True,True,0.8500000000000001,0.8500000000000001,0.0
S1_pareto_dominance_null,0.5,0.707,True,True,True,0.8500000000000001,0.8500000000000001,0.0
S1_pareto_dominance_null,0.5,0.708,True,True,True,0.8500000000000001,0.8500000000000001,0.0
S1_pareto_dominance_null,0.5,0.709,True,True,True,0.8500000000000001,0.8500000000000001,0.0
S1_pareto_dominance_null,0.5,0.71,True,True,True,0.8500000000000001,0.8500000000000001,0.0
S1_pareto_dominance_null,0.5,0.711,True,True,True,0.8500000000000001,0.8500000000000001,0.0
S1_pareto_dominance_null,0.5,0.712,True,True,True,0.8500000000000001,0.8500000000000001,0.0
S1_pareto_dominance_null,0.5,0.713,True,True,True,0.8500000000000001,0.8500000000000001,0.0
S1_pareto_dominance_null,0.5,0.714,True,True,True,0.8500000000000001,0.8500000000000001,0.0
S1_pareto_dominance_null,0.5,0.715,True,True,True,0.8500000000000001,0.8500000000000001,0.0
S1_pareto_dominance_null,0.5,0.716,True,True,True,0.8500000000000001,0.8500000000000001,0.0
S1_pareto_dominance_null,0.5,0.717,True,True,True,0.8500000000000001,0.8500000000000001,0.0
S1_pareto_dominance_null,0.5,0.718,True,True,True,0.8500000000000001,0.8500000000000001,0.0
S1_pareto_dominance_null,0.5,0.719,True,True,True,0.8500000000000001,0.8500000000000001,0.0
S1_pareto_dominance_null,0.5,0.72,True,True,True,0.8500000000000001,0.8500000000000001,0.0
S1_pareto_dominance_null,0.5,0.721,True,True,True,0.8500000000000001,0.8500000000000001,0.0
S1_pareto_dominance_null,0.5,0.722,True,True,True,0.8500000000000001,0.8500000000000001,0.0
S1_pareto_dominance_null,0.5,0.723,True,True,True,0.8500000000000001,0.8500000000000001,0.0
S1_pareto_dominance_null,0.5,0.724,True,True,True,0.8500000000000001,0.8500000000000001,0.0
S1_pareto_dominance_null,0.5,0.725,True,True,True,0.8500000000000001,0.8500000000000001,0.0
S1_pareto_dominance_null,0.5,0.726,True,True,True,0.8500000000000001,0.8500000000000001,0.0
S1_pareto_dominance_null,0.5,0.727,True,True,True,0.8500000000000001,0.8500000000000001,0.0
S1_pareto_dominance_null,0.5,0.728,True,True,True,0.8500000000000001,0.8500000000000001,0.0
S1_pareto_dominance_null,0.5,0.729,True,True,True,0.8500000000000001,0.8500000000000001,0.0
S1_pareto_dominance_null,0.5,0.73,True,True,True,0.8500000000000001,0.8500000000000001,0.0
S1_pareto_dominance_null,0.5,0.731,True,True,True,0.8500000000000001,0.8500000000000001,0.0
S1_pareto_dominance_null,0.5,0.732,True,True,True,0.8500000000000001,0.8500000000000001,0.0
S1_pareto_dominance_null,0.5,0.733,True,True,True,0.8500000000000001,0.8500000000000001,0.0
S1_pareto_dominance_null,0.5,0.734,True,True,True,0.8500000000000001,0.8500000000000001,0.0
S1_pareto_dominance_null,0.5,0.735,True,True,True,0.8500000000000001,0.8500000000000001,0.0
S1_pareto_dominance_null,0.5,0.736,True,True,True,0.8500000000000001,0.8500000000000001,0.0
S1_pareto_dominance_null,0.5,0.737,True,True,True,0.8500000000000001,0.8500000000000001,0.0
S1_pareto_dominance_null,0.5,0.738,True,True,True,0.8500000000000001,0.8500000000000001,0.0
S1_pareto_dominance_null,0.5,0.739,True,True,True,0.8500000000000001,0.8500000000000001,0.0
S1_pareto_dominance_null,0.5,0.74,True,True,True,0.8500000000000001,0.8500000000000001,0.0
S1_pareto_dominance_null,0.5,0.741,True,True,True,0.8500000000000001,0.8500000000000001,0.0
S1_pareto_dominance_null,0.5,0.742,True,True,True,0.8500000000000001,0.8500000000000001,0.0
S1_pareto_dominance_null,0.5,0.743,True,True,True,0.8500000000000001,0.8500000000000001,0.0
S1_pareto_dominance_null,0.5,0.744,True,True,True,0.8500000000000001,0.8500000000000001,0.0
S1_pareto_dominance_null,0.5,0.745,True,True,True,0.8500000000000001,0.8500000000000001,0.0
S1_pareto_dominance_null,0.5,0.746,True,True,True,0.8500000000000001,0.8500000000000001,0.0
S1_pareto_dominance_null,0.5,0.747,True,True,True,0.8500000000000001,0.8500000000000001,0.0
S1_pareto_dominance_null,0.5,0.748,True,True,True,0.8500000000000001,0.8500000000000001,0.0
S1_pareto_dominance_null,0.5,0.749,True,True,True,0.8500000000000001,0.8500000000000001,0.0
S1_pareto_dominance_null,0.5,0.75,True,True,True,0.8500000000000001,0.8500000000000001,0.0
S1_pareto_dominance_null,0.5,0.751,True,True,True,0.8500000000000001,0.8500000000000001,0.0
S1_pareto_dominance_null,0.5,0.752,True,True,True,0.8500000000000001,0.8500000000000001,0.0
S1_pareto_dominance_null,0.5,0.753,True,True,True,0.8500000000000001,0.8500000000000001,0.0
S1_pareto_dominance_null,0.5,0.754,True,True,True,0.8500000000000001,0.8500000000000001,0.0
S1_pareto_dominance_null,0.5,0.755,True,True,True,0.8500000000000001,0.8500000000000001,0.0
S1_pareto_dominance_null,0.5,0.756,True,True,True,0.8500000000000001,0.8500000000000001,0.0
S1_pareto_dominance_null,0.5,0.757,True,True,True,0.8500000000000001,0.8500000000000001,0.0
S1_pareto_dominance_null,0.5,0.758,True,True,True,0.8500000000000001,0.8500000000000001,0.0
S1_pareto_dominance_null,0.5,0.759,True,True,True,0.8500000000000001,0.8500000000000001,0.0
S1_pareto_dominance_null,0.5,0.76,True,True,True,0.8500000000000001,0.8500000000000001,0.0
S1_pareto_dominance_null,0.5,0.761,True,True,True,0.8500000000000001,0.8500000000000001,0.0
S1_pareto_dominance_null,0.5,0.762,True,True,True,0.8500000000000001,0.8500000000000001,0.0
S1_pareto_dominance_null,0.5,0.763,True,True,True,0.8500000000000001,0.8500000000000001,0.0
S1_pareto_dominance_null,0.5,0.764,True,True,True,0.8500000000000001,0.8500000000000001,0.0
S1_pareto_dominance_null,0.5,0.765,True,True,True,0.8500000000000001,0.8500000000000001,0.0
S1_pareto_dominance_null,0.5,0.766,True,True,True,0.8500000000000001,0.8500000000000001,0.0
S1_pareto_dominance_null,0.5,0.767,True,True,True,0.8500000000000001,0.8500000000000001,0.0
S1_pareto_dominance_null,0.5,0.768,True,True,True,0.8500000000000001,0.8500000000000001,0.0
S1_pareto_dominance_null,0.5,0.769,True,True,True,0.8500000000000001,0.8500000000000001,0.0
S1_pareto_dominance_null,0.5,0.77,True,True,True,0.8500000000000001,0.8500000000000001,0.0
S1_pareto_dominance_null,0.5,0.771,True,True,True,0.8500000000000001,0.8500000000000001,0.0
S1_pareto_dominance_null,0.5,0.772,True,True,True,0.8500000000000001,0.8500000000000001,0.0
S1_pareto_dominance_null,0.5,0.773,True,True,True,0.8500000000000001,0.8500000000000001,0.0
S1_pareto_dominance_null,0.5,0.774,True,True,True,0.8500000000000001,0.8500000000000001,0.0
S1_pareto_dominance_null,0.5,0.775,True,True,True,0.8500000000000001,0.8500000000000001,0.0
S1_pareto_dominance_null,0.5,0.776,True,True,True,0.8500000000000001,0.8500000000000001,0.0
S1_pareto_dominance_null,0.5,0.777,True,True,True,0.8500000000000001,0.8500000000000001,0.0
S1_pareto_dominance_null,0.5,0.778,True,True,True,0.8500000000000001,0.8500000000000001,0.0
S1_pareto_dominance_null,0.5,0.779,True,True,True,0.8500000000000001,0.8500000000000001,0.0
S1_pareto_dominance_null,0.5,0.78,True,True,True,0.8500000000000001,0.8500000000000001,0.0
S1_pareto_dominance_null,0.5,0.781,True,True,True,0.8500000000000001,0.8500000000000001,0.0
S1_pareto_dominance_null,0.5,0.782,True,True,True,0.8500000000000001,0.8500000000000001,0.0
S1_pareto_dominance_null,0.5,0.783,True,True,True,0.8500000000000001,0.8500000000000001,0.0
S1_pareto_dominance_null,0.5,0.784,True,True,True,0.8500000000000001,0.8500000000000001,0.0
S1_pareto_dominance_null,0.5,0.785,True,True,True,0.8500000000000001,0.8500000000000001,0.0
S1_pareto_dominance_null,0.5,0.786,True,True,True,0.8500000000000001,0.8500000000000001,0.0
S1_pareto_dominance_null,0.5,0.787,True,True,True,0.8500000000000001,0.8500000000000001,0.0
S1_pareto_dominance_null,0.5,0.788,True,True,True,0.8500000000000001,0.8500000000000001,0.0
S1_pareto_dominance_null,0.5,0.789,True,True,True,0.8500000000000001,0.8500000000000001,0.0
S1_pareto_dominance_null,0.5,0.79,True,True,True,0.8500000000000001,0.8500000000000001,0.0
S1_pareto_dominance_null,0.5,0.791,True,True,True,0.8500000000000001,0.8500000000000001,0.0
S1_pareto_dominance_null,0.5,0.792,True,True,True,0.8500000000000001,0.8500000000000001,0.0
S1_pareto_dominance_null,0.5,0.793,True,True,True,0.8500000000000001,0.8500000000000001,0.0
S1_pareto_dominance_null,0.5,0.794,True,True,True,0.8500000000000001,0.8500000000000001,0.0
S1_pareto_dominance_null,0.5,0.795,True,True,True,0.8500000000000001,0.8500000000000001,0.0
S1_pareto_dominance_null,0.5,0.796,True,True,True,0.8500000000000001,0.8500000000000001,0.0
S1_pareto_dominance_null,0.5,0.797,True,True,True,0.8500000000000001,0.8500000000000001,0.0
S1_pareto_dominance_null,0.5,0.798,True,True,True,0.8500000000000001,0.8500000000000001,0.0
S1_pareto_dominance_null,0.5,0.799,True,True,True,0.8500000000000001,0.8500000000000001,0.0
S1_pareto_dominance_null,0.5,0.8,True,True,True,0.8500000000000001,0.8500000000000001,0.0
S1_pareto_dominance_null,0.5,0.801,True,True,True,0.8500000000000001,0.8500000000000001,0.0
S1_pareto_dominance_null,0.5,0.802,True,True,True,0.8500000000000001,0.8500000000000001,0.0
S1_pareto_dominance_null,0.5,0.803,True,True,True,0.8500000000000001,0.8500000000000001,0.0
S1_pareto_dominance_null,0.5,0.804,True,True,True,0.8500000000000001,0.8500000000000001,0.0
S1_pareto_dominance_null,0.5,0.805,True,True,True,0.8500000000000001,0.8500000000000001,0.0
S1_pareto_dominance_null,0.5,0.806,True,True,True,0.8500000000000001,0.8500000000000001,0.0
S1_pareto_dominance_null,0.5,0.807,True,True,True,0.8500000000000001,0.8500000000000001,0.0
S1_pareto_dominance_null,0.5,0.808,True,True,True,0.8500000000000001,0.8500000000000001,0.0
S1_pareto_dominance_null,0.5,0.809,True,True,True,0.8500000000000001,0.8500000000000001,0.0
S1_pareto_dominance_null,0.5,0.81,True,True,True,0.8500000000000001,0.8500000000000001,0.0
S1_pareto_dominance_null,0.5,0.811,True,True,True,0.8500000000000001,0.8500000000000001,0.0
S1_pareto_dominance_null,0.5,0.812,True,True,True,0.8500000000000001,0.8500000000000001,0.0
S1_pareto_dominance_null,0.5,0.813,True,True,True,0.8500000000000001,0.8500000000000001,0.0
S1_pareto_dominance_null,0.5,0.814,True,True,True,0.8500000000000001,0.8500000000000001,0.0
S1_pareto_dominance_null,0.5,0.815,True,True,True,0.8500000000000001,0.8500000000000001,0.0
S1_pareto_dominance_null,0.5,0.816,True,True,True,0.8500000000000001,0.8500000000000001,0.0
S1_pareto_dominance_null,0.5,0.817,True,True,True,0.8500000000000001,0.8500000000000001,0.0
S1_pareto_dominance_null,0.5,0.818,True,True,True,0.8500000000000001,0.8500000000000001,0.0
S1_pareto_dominance_null,0.5,0.819,True,True,True,0.8500000000000001,0.8500000000000001,0.0
S1_pareto_dominance_null,0.5,0.82,True,True,True,0.8500000000000001,0.8500000000000001,0.0
S1_pareto_dominance_null,0.5,0.821,True,True,True,0.8500000000000001,0.8500000000000001,0.0
S1_pareto_dominance_null,0.5,0.822,True,True,True,0.8500000000000001,0.8500000000000001,0.0
S1_pareto_dominance_null,0.5,0.823,True,True,True,0.8500000000000001,0.8500000000000001,0.0
S1_pareto_dominance_null,0.5,0.824,True,True,True,0.8500000000000001,0.8500000000000001,0.0
S1_pareto_dominance_null,0.5,0.825,True,True,True,0.8500000000000001,0.8500000000000001,0.0
S1_pareto_dominance_null,0.5,0.826,True,True,True,0.8500000000000001,0.8500000000000001,0.0
S1_pareto_dominance_null,0.5,0.827,True,True,True,0.8500000000000001,0.8500000000000001,0.0
S1_pareto_dominance_null,0.5,0.828,True,True,True,0.8500000000000001,0.8500000000000001,0.0
S1_pareto_dominance_null,0.5,0.829,True,True,True,0.8500000000000001,0.8500000000000001,0.0
S1_pareto_dominance_null,0.5,0.83,True,True,True,0.8500000000000001,0.8500000000000001,0.0
S1_pareto_dominance_null,0.5,0.831,True,True,True,0.8500000000000001,0.8500000000000001,0.0
S1_pareto_dominance_null,0.5,0.832,True,True,True,0.8500000000000001,0.8500000000000001,0.0
S1_pareto_dominance_null,0.5,0.833,True,True,True,0.8500000000000001,0.8500000000000001,0.0
S1_pareto_dominance_null,0.5,0.834,True,True,True,0.8500000000000001,0.8500000000000001,0.0
S1_pareto_dominance_null,0.5,0.835,True,True,True,0.8500000000000001,0.8500000000000001,0.0
S1_pareto_dominance_null,0.5,0.836,True,True,True,0.8500000000000001,0.8500000000000001,0.0
S1_pareto_dominance_null,0.5,0.837,True,True,True,0.8500000000000001,0.8500000000000001,0.0
S1_pareto_dominance_null,0.5,0.838,True,True,True,0.8500000000000001,0.8500000000000001,0.0
S1_pareto_dominance_null,0.5,0.839,True,True,True,0.8500000000000001,0.8500000000000001,0.0
S1_pareto_dominance_null,0.5,0.84,True,True,True,0.8500000000000001,0.8500000000000001,0.0
S1_pareto_dominance_null,0.5,0.841,True,True,True,0.8500000000000001,0.8500000000000001,0.0
S1_pareto_dominance_null,0.5,0.842,True,True,True,0.8500000000000001,0.8500000000000001,0.0
S1_pareto_dominance_null,0.5,0.843,True,True,True,0.8500000000000001,0.8500000000000001,0.0
S1_pareto_dominance_null,0.5,0.844,True,True,True,0.8500000000000001,0.8500000000000001,0.0
S1_pareto_dominance_null,0.5,0.845,True,True,True,0.8500000000000001,0.8500000000000001,0.0
S1_pareto_dominance_null,0.5,0.846,True,True,True,0.8500000000000001,0.8500000000000001,0.0
S1_pareto_dominance_null,0.5,0.847,True,True,True,0.8500000000000001,0.8500000000000001,0.0
S1_pareto_dominance_null,0.5,0.848,True,True,True,0.8500000000000001,0.8500000000000001,0.0
S1_pareto_dominance_null,0.5,0.849,True,True,True,0.8500000000000001,0.8500000000000001,0.0
S1_pareto_dominance_null,0.5,0.85,True,True,True,0.8500000000000001,0.8500000000000001,0.0
S1_pareto_dominance_null,0.5,0.851,True,True,True,0.8500000000000001,0.8500000000000001,0.0
S1_pareto_dominance_null,0.5,0.852,True,True,True,0.8500000000000001,0.8500000000000001,0.0
S1_pareto_dominance_null,0.5,0.853,True,True,True,0.8500000000000001,0.8500000000000001,0.0
S1_pareto_dominance_null,0.5,0.854,True,True,True,0.8500000000000001,0.8500000000000001,0.0
S1_pareto_dominance_null,0.5,0.855,True,True,True,0.8500000000000001,0.8500000000000001,0.0
S1_pareto_dominance_null,0.5,0.856,True,True,True,0.8500000000000001,0.8500000000000001,0.0
S1_pareto_dominance_null,0.5,0.857,True,True,True,0.8500000000000001,0.8500000000000001,0.0
S1_pareto_dominance_null,0.5,0.858,True,True,True,0.8500000000000001,0.8500000000000001,0.0
S1_pareto_dominance_null,0.5,0.859,True,True,True,0.8500000000000001,0.8500000000000001,0.0
S1_pareto_dominance_null,0.5,0.86,True,True,True,0.8500000000000001,0.8500000000000001,0.0
S1_pareto_dominance_null,0.5,0.861,True,True,True,0.8500000000000001,0.8500000000000001,0.0
S1_pareto_dominance_null,0.5,0.862,True,True,True,0.8500000000000001,0.8500000000000001,0.0
S1_pareto_dominance_null,0.5,0.863,True,True,True,0.8500000000000001,0.8500000000000001,0.0
S1_pareto_dominance_null,0.5,0.864,True,True,True,0.8500000000000001,0.8500000000000001,0.0
S1_pareto_dominance_null,0.5,0.865,True,True,True,0.8500000000000001,0.8500000000000001,0.0
S1_pareto_dominance_null,0.5,0.866,True,True,True,0.8500000000000001,0.8500000000000001,0.0
S1_pareto_dominance_null,0.5,0.867,True,True,True,0.8500000000000001,0.8500000000000001,0.0
S1_pareto_dominance_null,0.5,0.868,True,True,True,0.8500000000000001,0.8500000000000001,0.0
S1_pareto_dominance_null,0.5,0.869,True,True,True,0.8500000000000001,0.8500000000000001,0.0
S1_pareto_dominance_null,0.5,0.87,True,True,True,0.8500000000000001,0.8500000000000001,0.0
S1_pareto_dominance_null,0.5,0.871,True,True,True,0.8500000000000001,0.8500000000000001,0.0
S1_pareto_dominance_null,0.5,0.872,True,True,True,0.8500000000000001,0.8500000000000001,0.0
S1_pareto_dominance_null,0.5,0.873,True,True,True,0.8500000000000001,0.8500000000000001,0.0
S1_pareto_dominance_null,0.5,0.874,True,True,True,0.8500000000000001,0.8500000000000001,0.0
S1_pareto_dominance_null,0.5,0.875,True,True,True,0.8500000000000001,0.8500000000000001,0.0
S1_pareto_dominance_null,0.5,0.876,True,True,True,0.8500000000000001,0.8500000000000001,0.0
S1_pareto_dominance_null,0.5,0.877,True,True,True,0.8500000000000001,0.8500000000000001,0.0
S1_pareto_dominance_null,0.5,0.878,True,True,True,0.8500000000000001,0.8500000000000001,0.0
S1_pareto_dominance_null,0.5,0.879,True,True,True,0.8500000000000001,0.8500000000000001,0.0
S1_pareto_dominance_null,0.5,0.88,True,True,True,0.8500000000000001,0.8500000000000001,0.0
S1_pareto_dominance_null,0.5,0.881,True,True,True,0.8500000000000001,0.8500000000000001,0.0
S1_pareto_dominance_null,0.5,0.882,True,True,True,0.8500000000000001,0.8500000000000001,0.0
S1_pareto_dominance_null,0.5,0.883,True,True,True,0.8500000000000001,0.8500000000000001,0.0
S1_pareto_dominance_null,0.5,0.884,True,True,True,0.8500000000000001,0.8500000000000001,0.0
S1_pareto_dominance_null,0.5,0.885,True,True,True,0.8500000000000001,0.8500000000000001,0.0
S1_pareto_dominance_null,0.5,0.886,True,True,True,0.8500000000000001,0.8500000000000001,0.0
S1_pareto_dominance_null,0.5,0.887,True,True,True,0.8500000000000001,0.8500000000000001,0.0
S1_pareto_dominance_null,0.5,0.888,True,True,True,0.8500000000000001,0.8500000000000001,0.0
S1_pareto_dominance_null,0.5,0.889,True,True,True,0.8500000000000001,0.8500000000000001,0.0
S1_pareto_dominance_null,0.5,0.89,True,True,True,0.8500000000000001,0.8500000000000001,0.0
S1_pareto_dominance_null,0.5,0.891,True,True,True,0.8500000000000001,0.8500000000000001,0.0
S1_pareto_dominance_null,0.5,0.892,True,True,True,0.8500000000000001,0.8500000000000001,0.0
S1_pareto_dominance_null,0.5,0.893,True,True,True,0.8500000000000001,0.8500000000000001,0.0
S1_pareto_dominance_null,0.5,0.894,True,True,True,0.8500000000000001,0.8500000000000001,0.0
S1_pareto_dominance_null,0.5,0.895,True,True,True,0.8500000000000001,0.8500000000000001,0.0
S1_pareto_dominance_null,0.5,0.896,True,True,True,0.8500000000000001,0.8500000000000001,0.0
S1_pareto_dominance_null,0.5,0.897,True,True,True,0.8500000000000001,0.8500000000000001,0.0
S1_pareto_dominance_null,0.5,0.898,True,True,True,0.8500000000000001,0.8500000000000001,0.0
S1_pareto_dominance_null,0.5,0.899,True,True,True,0.8500000000000001,0.8500000000000001,0.0
S1_pareto_dominance_null,0.5,0.9,True,True,True,0.8500000000000001,0.8500000000000001,0.0
S1_pareto_dominance_null,0.5,0.901,True,True,True,0.8500000000000001,0.8500000000000001,0.0
S1_pareto_dominance_null,0.5,0.902,True,True,True,0.8500000000000001,0.8500000000000001,0.0
S1_pareto_dominance_null,0.5,0.903,True,True,True,0.8500000000000001,0.8500000000000001,0.0
S1_pareto_dominance_null,0.5,0.904,True,True,True,0.8500000000000001,0.8500000000000001,0.0
S1_pareto_dominance_null,0.5,0.905,True,True,True,0.8500000000000001,0.8500000000000001,0.0
S1_pareto_dominance_null,0.5,0.906,True,True,True,0.8500000000000001,0.8500000000000001,0.0
S1_pareto_dominance_null,0.5,0.907,True,True,True,0.8500000000000001,0.8500000000000001,0.0
S1_pareto_dominance_null,0.5,0.908,True,True,True,0.8500000000000001,0.8500000000000001,0.0
S1_pareto_dominance_null,0.5,0.909,True,True,True,0.8500000000000001,0.8500000000000001,0.0
S1_pareto_dominance_null,0.5,0.91,True,True,True,0.8500000000000001,0.8500000000000001,0.0
S1_pareto_dominance_null,0.5,0.911,True,True,True,0.8500000000000001,0.8500000000000001,0.0
S1_pareto_dominance_null,0.5,0.912,True,True,True,0.8500000000000001,0.8500000000000001,0.0
S1_pareto_dominance_null,0.5,0.913,True,True,True,0.8500000000000001,0.8500000000000001,0.0
S1_pareto_dominance_null,0.5,0.914,True,True,True,0.8500000000000001,0.8500000000000001,0.0
S1_pareto_dominance_null,0.5,0.915,True,True,True,0.8500000000000001,0.8500000000000001,0.0
S1_pareto_dominance_null,0.5,0.916,True,True,True,0.8500000000000001,0.8500000000000001,0.0
S1_pareto_dominance_null,0.5,0.917,True,True,True,0.8500000000000001,0.8500000000000001,0.0
S1_pareto_dominance_null,0.5,0.918,True,True,True,0.8500000000000001,0.8500000000000001,0.0
S1_pareto_dominance_null,0.5,0.919,True,True,True,0.8500000000000001,0.8500000000000001,0.0
S1_pareto_dominance_null,0.5,0.92,True,True,True,0.8500000000000001,0.8500000000000001,0.0
S1_pareto_dominance_null,0.5,0.921,True,True,True,0.8500000000000001,0.8500000000000001,0.0
S1_pareto_dominance_null,0.5,0.922,True,True,True,0.8500000000000001,0.8500000000000001,0.0
S1_pareto_dominance_null,0.5,0.923,True,True,True,0.8500000000000001,0.8500000000000001,0.0
S1_pareto_dominance_null,0.5,0.924,True,True,True,0.8500000000000001,0.8500000000000001,0.0
S1_pareto_dominance_null,0.5,0.925,True,True,True,0.8500000000000001,0.8500000000000001,0.0
S1_pareto_dominance_null,0.5,0.926,True,True,True,0.8500000000000001,0.8500000000000001,0.0
S1_pareto_dominance_null,0.5,0.927,True,True,True,0.8500000000000001,0.8500000000000001,0.0
S1_pareto_dominance_null,0.5,0.928,True,True,True,0.8500000000000001,0.8500000000000001,0.0
S1_pareto_dominance_null,0.5,0.929,True,True,True,0.8500000000000001,0.8500000000000001,0.0
S1_pareto_dominance_null,0.5,0.93,True,True,True,0.8500000000000001,0.8500000000000001,0.0
S1_pareto_dominance_null,0.5,0.931,True,True,True,0.8500000000000001,0.8500000000000001,0.0
S1_pareto_dominance_null,0.5,0.932,True,True,True,0.8500000000000001,0.8500000000000001,0.0
S1_pareto_dominance_null,0.5,0.933,True,True,True,0.8500000000000001,0.8500000000000001,0.0
S1_pareto_dominance_null,0.5,0.934,True,True,True,0.8500000000000001,0.8500000000000001,0.0
S1_pareto_dominance_null,0.5,0.935,True,True,True,0.8500000000000001,0.8500000000000001,0.0
S1_pareto_dominance_null,0.5,0.936,True,True,True,0.8500000000000001,0.8500000000000001,0.0
S1_pareto_dominance_null,0.5,0.937,True,True,True,0.8500000000000001,0.8500000000000001,0.0
S1_pareto_dominance_null,0.5,0.938,True,True,True,0.8500000000000001,0.8500000000000001,0.0
S1_pareto_dominance_null,0.5,0.939,True,True,True,0.8500000000000001,0.8500000000000001,0.0
S1_pareto_dominance_null,0.5,0.94,True,True,True,0.8500000000000001,0.8500000000000001,0.0
S1_pareto_dominance_null,0.5,0.941,True,True,True,0.8500000000000001,0.8500000000000001,0.0
S1_pareto_dominance_null,0.5,0.942,True,True,True,0.8500000000000001,0.8500000000000001,0.0
S1_pareto_dominance_null,0.5,0.943,True,True,True,0.8500000000000001,0.8500000000000001,0.0
S1_pareto_dominance_null,0.5,0.944,True,True,True,0.8500000000000001,0.8500000000000001,0.0
S1_pareto_dominance_null,0.5,0.945,True,True,True,0.8500000000000001,0.8500000000000001,0.0
S1_pareto_dominance_null,0.5,0.946,True,True,True,0.8500000000000001,0.8500000000000001,0.0
S1_pareto_dominance_null,0.5,0.947,True,True,True,0.8500000000000001,0.8500000000000001,0.0
S1_pareto_dominance_null,0.5,0.948,True,True,True,0.8500000000000001,0.8500000000000001,0.0
S1_pareto_dominance_null,0.5,0.949,True,True,True,0.8500000000000001,0.8500000000000001,0.0
S1_pareto_dominance_null,0.5,0.95,True,True,True,0.8500000000000001,0.8500000000000001,0.0
S1_pareto_dominance_null,0.5,0.951,True,True,True,0.8500000000000001,0.8500000000000001,0.0
S1_pareto_dominance_null,0.5,0.952,True,True,True,0.8500000000000001,0.8500000000000001,0.0
S1_pareto_dominance_null,0.5,0.953,True,True,True,0.8500000000000001,0.8500000000000001,0.0
S1_pareto_dominance_null,0.5,0.954,True,True,True,0.8500000000000001,0.8500000000000001,0.0
S1_pareto_dominance_null,0.5,0.955,True,True,True,0.8500000000000001,0.8500000000000001,0.0
S1_pareto_dominance_null,0.5,0.956,True,True,True,0.8500000000000001,0.8500000000000001,0.0
S1_pareto_dominance_null,0.5,0.957,True,True,True,0.8500000000000001,0.8500000000000001,0.0
S1_pareto_dominance_null,0.5,0.958,True,True,True,0.8500000000000001,0.8500000000000001,0.0
S1_pareto_dominance_null,0.5,0.959,True,True,True,0.8500000000000001,0.8500000000000001,0.0
S1_pareto_dominance_null,0.5,0.96,True,True,True,0.8500000000000001,0.8500000000000001,0.0
S1_pareto_dominance_null,0.5,0.961,True,True,True,0.8500000000000001,0.8500000000000001,0.0
S1_pareto_dominance_null,0.5,0.962,True,True,True,0.8500000000000001,0.8500000000000001,0.0
S1_pareto_dominance_null,0.5,0.963,True,True,True,0.8500000000000001,0.8500000000000001,0.0
S1_pareto_dominance_null,0.5,0.964,True,True,True,0.8500000000000001,0.8500000000000001,0.0
S1_pareto_dominance_null,0.5,0.965,True,True,True,0.8500000000000001,0.8500000000000001,0.0
S1_pareto_dominance_null,0.5,0.966,True,True,True,0.8500000000000001,0.8500000000000001,0.0
S1_pareto_dominance_null,0.5,0.967,True,True,True,0.8500000000000001,0.8500000000000001,0.0
S1_pareto_dominance_null,0.5,0.968,True,True,True,0.8500000000000001,0.8500000000000001,0.0
S1_pareto_dominance_null,0.5,0.969,True,True,True,0.8500000000000001,0.8500000000000001,0.0
S1_pareto_dominance_null,0.5,0.97,True,True,True,0.8500000000000001,0.8500000000000001,0.0
S1_pareto_dominance_null,0.5,0.971,True,True,True,0.8500000000000001,0.8500000000000001,0.0
S1_pareto_dominance_null,0.5,0.972,True,True,True,0.8500000000000001,0.8500000000000001,0.0
S1_pareto_dominance_null,0.5,0.973,True,True,True,0.8500000000000001,0.8500000000000001,0.0
S1_pareto_dominance_null,0.5,0.974,True,True,True,0.8500000000000001,0.8500000000000001,0.0
S1_pareto_dominance_null,0.5,0.975,True,True,True,0.8500000000000001,0.8500000000000001,0.0
S1_pareto_dominance_null,0.5,0.976,True,True,True,0.8500000000000001,0.8500000000000001,0.0
S1_pareto_dominance_null,0.5,0.977,True,True,True,0.8500000000000001,0.8500000000000001,0.0
S1_pareto_dominance_null,0.5,0.978,True,True,True,0.8500000000000001,0.8500000000000001,0.0
S1_pareto_dominance_null,0.5,0.979,True,True,True,0.8500000000000001,0.8500000000000001,0.0
S1_pareto_dominance_null,0.5,0.98,True,True,True,0.8500000000000001,0.8500000000000001,0.0
S1_pareto_dominance_null,0.5,0.981,True,True,True,0.8500000000000001,0.8500000000000001,0.0
S1_pareto_dominance_null,0.5,0.982,True,True,True,0.8500000000000001,0.8500000000000001,0.0
S1_pareto_dominance_null,0.5,0.983,True,True,True,0.8500000000000001,0.8500000000000001,0.0
S1_pareto_dominance_null,0.5,0.984,True,True,True,0.8500000000000001,0.8500000000000001,0.0
S1_pareto_dominance_null,0.5,0.985,True,True,True,0.8500000000000001,0.8500000000000001,0.0
S1_pareto_dominance_null,0.5,0.986,True,True,True,0.8500000000000001,0.8500000000000001,0.0
S1_pareto_dominance_null,0.5,0.987,True,True,True,0.8500000000000001,0.8500000000000001,0.0
S1_pareto_dominance_null,0.5,0.988,True,True,True,0.8500000000000001,0.8500000000000001,0.0
S1_pareto_dominance_null,0.5,0.989,True,True,True,0.8500000000000001,0.8500000000000001,0.0
S1_pareto_dominance_null,0.5,0.99,True,True,True,0.8500000000000001,0.8500000000000001,0.0
S1_pareto_dominance_null,0.5,0.991,True,True,True,0.8500000000000001,0.8500000000000001,0.0
S1_pareto_dominance_null,0.5,0.992,True,True,True,0.8500000000000001,0.8500000000000001,0.0
S1_pareto_dominance_null,0.5,0.993,True,True,True,0.8500000000000001,0.8500000000000001,0.0
S1_pareto_dominance_null,0.5,0.994,True,True,True,0.8500000000000001,0.8500000000000001,0.0
S1_pareto_dominance_null,0.5,0.995,True,True,True,0.8500000000000001,0.8500000000000001,0.0
S1_pareto_dominance_null,0.5,0.996,True,True,True,0.8500000000000001,0.8500000000000001,0.0
S1_pareto_dominance_null,0.5,0.997,True,True,True,0.8500000000000001,0.8500000000000001,0.0
S1_pareto_dominance_null,0.5,0.998,True,True,True,0.8500000000000001,0.8500000000000001,0.0
S1_pareto_dominance_null,0.5,0.999,True,True,True,0.8500000000000001,0.8500000000000001,0.0
S1_pareto_dominance_null,0.5,1.0,True,True,True,0.8500000000000001,0.8500000000000001,0.0
S2_g11_embedded_equal_resource,0.5,0.0,False,False,False,,,
S2_g11_embedded_equal_resource,0.5,0.001,False,False,False,,,
S2_g11_embedded_equal_resource,0.5,0.002,False,False,False,,,
S2_g11_embedded_equal_resource,0.5,0.003,False,False,False,,,
S2_g11_embedded_equal_resource,0.5,0.004,False,False,False,,,
S2_g11_embedded_equal_resource,0.5,0.005,False,False,False,,,
S2_g11_embedded_equal_resource,0.5,0.006,False,False,False,,,
S2_g11_embedded_equal_resource,0.5,0.007,False,False,False,,,
S2_g11_embedded_equal_resource,0.5,0.008,False,False,False,,,
S2_g11_embedded_equal_resource,0.5,0.009,False,False,False,,,
S2_g11_embedded_equal_resource,0.5,0.01,False,False,False,,,
S2_g11_embedded_equal_resource,0.5,0.011,False,False,False,,,
S2_g11_embedded_equal_resource,0.5,0.012,False,False,False,,,
S2_g11_embedded_equal_resource,0.5,0.013,False,False,False,,,
S2_g11_embedded_equal_resource,0.5,0.014,False,False,False,,,
S2_g11_embedded_equal_resource,0.5,0.015,False,False,False,,,
S2_g11_embedded_equal_resource,0.5,0.016,False,False,False,,,
S2_g11_embedded_equal_resource,0.5,0.017,False,False,False,,,
S2_g11_embedded_equal_resource,0.5,0.018,False,False,False,,,
S2_g11_embedded_equal_resource,0.5,0.019,False,False,False,,,
S2_g11_embedded_equal_resource,0.5,0.02,False,False,False,,,
S2_g11_embedded_equal_resource,0.5,0.021,False,False,False,,,
S2_g11_embedded_equal_resource,0.5,0.022,False,False,False,,,
S2_g11_embedded_equal_resource,0.5,0.023,False,False,False,,,
S2_g11_embedded_equal_resource,0.5,0.024,False,False,False,,,
S2_g11_embedded_equal_resource,0.5,0.025,False,False,False,,,
S2_g11_embedded_equal_resource,0.5,0.026,False,False,False,,,
S2_g11_embedded_equal_resource,0.5,0.027,False,False,False,,,
S2_g11_embedded_equal_resource,0.5,0.028,False,False,False,,,
S2_g11_embedded_equal_resource,0.5,0.029,False,False,False,,,
S2_g11_embedded_equal_resource,0.5,0.03,False,False,False,,,
S2_g11_embedded_equal_resource,0.5,0.031,False,False,False,,,
S2_g11_embedded_equal_resource,0.5,0.032,False,False,False,,,
S2_g11_embedded_equal_resource,0.5,0.033,False,False,False,,,
S2_g11_embedded_equal_resource,0.5,0.034,False,False,False,,,
S2_g11_embedded_equal_resource,0.5,0.035,False,False,False,,,
S2_g11_embedded_equal_resource,0.5,0.036,False,False,False,,,
S2_g11_embedded_equal_resource,0.5,0.037,False,False,False,,,
S2_g11_embedded_equal_resource,0.5,0.038,False,False,False,,,
S2_g11_embedded_equal_resource,0.5,0.039,False,False,False,,,
S2_g11_embedded_equal_resource,0.5,0.04,False,False,False,,,
S2_g11_embedded_equal_resource,0.5,0.041,False,False,False,,,
S2_g11_embedded_equal_resource,0.5,0.042,False,False,False,,,
S2_g11_embedded_equal_resource,0.5,0.043,False,False,False,,,
S2_g11_embedded_equal_resource,0.5,0.044,False,False,False,,,
S2_g11_embedded_equal_resource,0.5,0.045,False,False,False,,,
S2_g11_embedded_equal_resource,0.5,0.046,False,False,False,,,
S2_g11_embedded_equal_resource,0.5,0.047,False,False,False,,,
S2_g11_embedded_equal_resource,0.5,0.048,False,False,False,,,
S2_g11_embedded_equal_resource,0.5,0.049,False,False,False,,,
S2_g11_embedded_equal_resource,0.5,0.05,False,False,False,,,
S2_g11_embedded_equal_resource,0.5,0.051,False,False,False,,,
S2_g11_embedded_equal_resource,0.5,0.052,False,False,False,,,
S2_g11_embedded_equal_resource,0.5,0.053,False,False,False,,,
S2_g11_embedded_equal_resource,0.5,0.054,False,False,False,,,
S2_g11_embedded_equal_resource,0.5,0.055,False,False,False,,,
S2_g11_embedded_equal_resource,0.5,0.056,False,False,False,,,
S2_g11_embedded_equal_resource,0.5,0.057,False,False,False,,,
S2_g11_embedded_equal_resource,0.5,0.058,False,False,False,,,
S2_g11_embedded_equal_resource,0.5,0.059,False,False,False,,,
S2_g11_embedded_equal_resource,0.5,0.06,False,False,False,,,
S2_g11_embedded_equal_resource,0.5,0.061,False,False,False,,,
S2_g11_embedded_equal_resource,0.5,0.062,False,False,False,,,
S2_g11_embedded_equal_resource,0.5,0.063,False,False,False,,,
S2_g11_embedded_equal_resource,0.5,0.064,False,False,False,,,
S2_g11_embedded_equal_resource,0.5,0.065,False,False,False,,,
S2_g11_embedded_equal_resource,0.5,0.066,False,False,False,,,
S2_g11_embedded_equal_resource,0.5,0.067,False,False,False,,,
S2_g11_embedded_equal_resource,0.5,0.068,False,False,False,,,
S2_g11_embedded_equal_resource,0.5,0.069,False,False,False,,,
S2_g11_embedded_equal_resource,0.5,0.07,False,False,False,,,
S2_g11_embedded_equal_resource,0.5,0.071,False,False,False,,,
S2_g11_embedded_equal_resource,0.5,0.072,False,False,False,,,
S2_g11_embedded_equal_resource,0.5,0.073,False,False,False,,,
S2_g11_embedded_equal_resource,0.5,0.074,False,False,False,,,
S2_g11_embedded_equal_resource,0.5,0.075,False,False,False,,,
S2_g11_embedded_equal_resource,0.5,0.076,False,False,False,,,
S2_g11_embedded_equal_resource,0.5,0.077,False,False,False,,,
S2_g11_embedded_equal_resource,0.5,0.078,False,False,False,,,
S2_g11_embedded_equal_resource,0.5,0.079,False,False,False,,,
S2_g11_embedded_equal_resource,0.5,0.08,False,False,False,,,
S2_g11_embedded_equal_resource,0.5,0.081,False,False,False,,,
S2_g11_embedded_equal_resource,0.5,0.082,False,False,False,,,
S2_g11_embedded_equal_resource,0.5,0.083,False,False,False,,,
S2_g11_embedded_equal_resource,0.5,0.084,False,False,False,,,
S2_g11_embedded_equal_resource,0.5,0.085,False,False,False,,,
S2_g11_embedded_equal_resource,0.5,0.086,False,False,False,,,
S2_g11_embedded_equal_resource,0.5,0.087,False,False,False,,,
S2_g11_embedded_equal_resource,0.5,0.088,False,False,False,,,
S2_g11_embedded_equal_resource,0.5,0.089,False,False,False,,,
S2_g11_embedded_equal_resource,0.5,0.09,False,False,False,,,
S2_g11_embedded_equal_resource,0.5,0.091,False,False,False,,,
S2_g11_embedded_equal_resource,0.5,0.092,False,False,False,,,
S2_g11_embedded_equal_resource,0.5,0.093,False,False,False,,,
S2_g11_embedded_equal_resource,0.5,0.094,False,False,False,,,
S2_g11_embedded_equal_resource,0.5,0.095,False,False,False,,,
S2_g11_embedded_equal_resource,0.5,0.096,False,False,False,,,
S2_g11_embedded_equal_resource,0.5,0.097,False,False,False,,,
S2_g11_embedded_equal_resource,0.5,0.098,False,False,False,,,
S2_g11_embedded_equal_resource,0.5,0.099,False,False,False,,,
S2_g11_embedded_equal_resource,0.5,0.1,False,False,False,,,
S2_g11_embedded_equal_resource,0.5,0.101,False,False,False,,,
S2_g11_embedded_equal_resource,0.5,0.102,False,False,False,,,
S2_g11_embedded_equal_resource,0.5,0.103,False,False,False,,,
S2_g11_embedded_equal_resource,0.5,0.104,False,False,False,,,
S2_g11_embedded_equal_resource,0.5,0.105,False,False,False,,,
S2_g11_embedded_equal_resource,0.5,0.106,False,False,False,,,
S2_g11_embedded_equal_resource,0.5,0.107,False,False,False,,,
S2_g11_embedded_equal_resource,0.5,0.108,False,False,False,,,
S2_g11_embedded_equal_resource,0.5,0.109,False,False,False,,,
S2_g11_embedded_equal_resource,0.5,0.11,False,False,False,,,
S2_g11_embedded_equal_resource,0.5,0.111,False,False,False,,,
S2_g11_embedded_equal_resource,0.5,0.112,False,False,False,,,
S2_g11_embedded_equal_resource,0.5,0.113,False,False,False,,,
S2_g11_embedded_equal_resource,0.5,0.114,False,False,False,,,
S2_g11_embedded_equal_resource,0.5,0.115,False,False,False,,,
S2_g11_embedded_equal_resource,0.5,0.116,False,False,False,,,
S2_g11_embedded_equal_resource,0.5,0.117,False,False,False,,,
S2_g11_embedded_equal_resource,0.5,0.118,False,False,False,,,
S2_g11_embedded_equal_resource,0.5,0.119,False,False,False,,,
S2_g11_embedded_equal_resource,0.5,0.12,False,False,False,,,
S2_g11_embedded_equal_resource,0.5,0.121,False,False,False,,,
S2_g11_embedded_equal_resource,0.5,0.122,False,False,False,,,
S2_g11_embedded_equal_resource,0.5,0.123,False,False,False,,,
S2_g11_embedded_equal_resource,0.5,0.124,False,False,False,,,
S2_g11_embedded_equal_resource,0.5,0.125,False,False,False,,,
S2_g11_embedded_equal_resource,0.5,0.126,False,False,False,,,
S2_g11_embedded_equal_resource,0.5,0.127,False,False,False,,,
S2_g11_embedded_equal_resource,0.5,0.128,False,False,False,,,
S2_g11_embedded_equal_resource,0.5,0.129,False,False,False,,,
S2_g11_embedded_equal_resource,0.5,0.13,False,False,False,,,
S2_g11_embedded_equal_resource,0.5,0.131,False,False,False,,,
S2_g11_embedded_equal_resource,0.5,0.132,False,False,False,,,
S2_g11_embedded_equal_resource,0.5,0.133,False,False,False,,,
S2_g11_embedded_equal_resource,0.5,0.134,False,False,False,,,
S2_g11_embedded_equal_resource,0.5,0.135,False,False,False,,,
S2_g11_embedded_equal_resource,0.5,0.136,False,False,False,,,
S2_g11_embedded_equal_resource,0.5,0.137,False,False,False,,,
S2_g11_embedded_equal_resource,0.5,0.138,False,False,False,,,
S2_g11_embedded_equal_resource,0.5,0.139,False,False,False,,,
S2_g11_embedded_equal_resource,0.5,0.14,False,False,False,,,
S2_g11_embedded_equal_resource,0.5,0.141,False,False,False,,,
S2_g11_embedded_equal_resource,0.5,0.142,False,False,False,,,
S2_g11_embedded_equal_resource,0.5,0.143,False,False,False,,,
S2_g11_embedded_equal_resource,0.5,0.144,False,False,False,,,
S2_g11_embedded_equal_resource,0.5,0.145,False,False,False,,,
S2_g11_embedded_equal_resource,0.5,0.146,False,False,False,,,
S2_g11_embedded_equal_resource,0.5,0.147,False,False,False,,,
S2_g11_embedded_equal_resource,0.5,0.148,False,False,False,,,
S2_g11_embedded_equal_resource,0.5,0.149,False,False,False,,,
S2_g11_embedded_equal_resource,0.5,0.15,False,False,False,,,
S2_g11_embedded_equal_resource,0.5,0.151,False,False,False,,,
S2_g11_embedded_equal_resource,0.5,0.152,False,False,False,,,
S2_g11_embedded_equal_resource,0.5,0.153,False,False,False,,,
S2_g11_embedded_equal_resource,0.5,0.154,False,False,False,,,
S2_g11_embedded_equal_resource,0.5,0.155,False,False,False,,,
S2_g11_embedded_equal_resource,0.5,0.156,False,False,False,,,
S2_g11_embedded_equal_resource,0.5,0.157,False,False,False,,,
S2_g11_embedded_equal_resource,0.5,0.158,False,False,False,,,
S2_g11_embedded_equal_resource,0.5,0.159,False,False,False,,,
S2_g11_embedded_equal_resource,0.5,0.16,False,False,False,,,
S2_g11_embedded_equal_resource,0.5,0.161,False,False,False,,,
S2_g11_embedded_equal_resource,0.5,0.162,False,False,False,,,
S2_g11_embedded_equal_resource,0.5,0.163,False,False,False,,,
S2_g11_embedded_equal_resource,0.5,0.164,False,False,False,,,
S2_g11_embedded_equal_resource,0.5,0.165,False,False,False,,,
S2_g11_embedded_equal_resource,0.5,0.166,False,False,False,,,
S2_g11_embedded_equal_resource,0.5,0.167,False,False,False,,,
S2_g11_embedded_equal_resource,0.5,0.168,False,False,False,,,
S2_g11_embedded_equal_resource,0.5,0.169,False,False,False,,,
S2_g11_embedded_equal_resource,0.5,0.17,False,False,False,,,
S2_g11_embedded_equal_resource,0.5,0.171,False,False,False,,,
S2_g11_embedded_equal_resource,0.5,0.172,False,False,False,,,
S2_g11_embedded_equal_resource,0.5,0.173,False,False,False,,,
S2_g11_embedded_equal_resource,0.5,0.174,False,False,False,,,
S2_g11_embedded_equal_resource,0.5,0.175,False,False,False,,,
S2_g11_embedded_equal_resource,0.5,0.176,False,False,False,,,
S2_g11_embedded_equal_resource,0.5,0.177,False,False,False,,,
S2_g11_embedded_equal_resource,0.5,0.178,False,False,False,,,
S2_g11_embedded_equal_resource,0.5,0.179,False,False,False,,,
S2_g11_embedded_equal_resource,0.5,0.18,False,False,False,,,
S2_g11_embedded_equal_resource,0.5,0.181,False,False,False,,,
S2_g11_embedded_equal_resource,0.5,0.182,False,False,False,,,
S2_g11_embedded_equal_resource,0.5,0.183,False,False,False,,,
S2_g11_embedded_equal_resource,0.5,0.184,False,False,False,,,
S2_g11_embedded_equal_resource,0.5,0.185,False,False,False,,,
S2_g11_embedded_equal_resource,0.5,0.186,False,False,False,,,
S2_g11_embedded_equal_resource,0.5,0.187,False,False,False,,,
S2_g11_embedded_equal_resource,0.5,0.188,False,False,False,,,
S2_g11_embedded_equal_resource,0.5,0.189,False,False,False,,,
S2_g11_embedded_equal_resource,0.5,0.19,False,False,False,,,
S2_g11_embedded_equal_resource,0.5,0.191,False,False,False,,,
S2_g11_embedded_equal_resource,0.5,0.192,False,False,False,,,
S2_g11_embedded_equal_resource,0.5,0.193,False,False,False,,,
S2_g11_embedded_equal_resource,0.5,0.194,False,False,False,,,
S2_g11_embedded_equal_resource,0.5,0.195,False,False,False,,,
S2_g11_embedded_equal_resource,0.5,0.196,False,False,False,,,
S2_g11_embedded_equal_resource,0.5,0.197,False,False,False,,,
S2_g11_embedded_equal_resource,0.5,0.198,False,False,False,,,
S2_g11_embedded_equal_resource,0.5,0.199,False,False,False,,,
S2_g11_embedded_equal_resource,0.5,0.2,False,False,False,,,
S2_g11_embedded_equal_resource,0.5,0.201,False,False,False,,,
S2_g11_embedded_equal_resource,0.5,0.202,False,False,False,,,
S2_g11_embedded_equal_resource,0.5,0.203,False,False,False,,,
S2_g11_embedded_equal_resource,0.5,0.204,False,False,False,,,
S2_g11_embedded_equal_resource,0.5,0.205,False,False,False,,,
S2_g11_embedded_equal_resource,0.5,0.206,False,False,False,,,
S2_g11_embedded_equal_resource,0.5,0.207,False,False,False,,,
S2_g11_embedded_equal_resource,0.5,0.208,False,False,False,,,
S2_g11_embedded_equal_resource,0.5,0.209,False,False,False,,,
S2_g11_embedded_equal_resource,0.5,0.21,False,False,False,,,
S2_g11_embedded_equal_resource,0.5,0.211,False,False,False,,,
S2_g11_embedded_equal_resource,0.5,0.212,False,False,False,,,
S2_g11_embedded_equal_resource,0.5,0.213,False,False,False,,,
S2_g11_embedded_equal_resource,0.5,0.214,False,False,False,,,
S2_g11_embedded_equal_resource,0.5,0.215,False,False,False,,,
S2_g11_embedded_equal_resource,0.5,0.216,False,False,False,,,
S2_g11_embedded_equal_resource,0.5,0.217,False,False,False,,,
S2_g11_embedded_equal_resource,0.5,0.218,False,False,False,,,
S2_g11_embedded_equal_resource,0.5,0.219,False,False,False,,,
S2_g11_embedded_equal_resource,0.5,0.22,False,False,False,,,
S2_g11_embedded_equal_resource,0.5,0.221,False,False,False,,,
S2_g11_embedded_equal_resource,0.5,0.222,False,False,False,,,
S2_g11_embedded_equal_resource,0.5,0.223,False,False,False,,,
S2_g11_embedded_equal_resource,0.5,0.224,False,False,False,,,
S2_g11_embedded_equal_resource,0.5,0.225,False,False,False,,,
S2_g11_embedded_equal_resource,0.5,0.226,False,False,False,,,
S2_g11_embedded_equal_resource,0.5,0.227,False,False,False,,,
S2_g11_embedded_equal_resource,0.5,0.228,False,False,False,,,
S2_g11_embedded_equal_resource,0.5,0.229,False,False,False,,,
S2_g11_embedded_equal_resource,0.5,0.23,False,False,False,,,
S2_g11_embedded_equal_resource,0.5,0.231,False,False,False,,,
S2_g11_embedded_equal_resource,0.5,0.232,False,False,False,,,
S2_g11_embedded_equal_resource,0.5,0.233,False,False,False,,,
S2_g11_embedded_equal_resource,0.5,0.234,False,False,False,,,
S2_g11_embedded_equal_resource,0.5,0.235,False,False,False,,,
S2_g11_embedded_equal_resource,0.5,0.236,False,False,False,,,
S2_g11_embedded_equal_resource,0.5,0.237,False,False,False,,,
S2_g11_embedded_equal_resource,0.5,0.238,False,False,False,,,
S2_g11_embedded_equal_resource,0.5,0.239,False,False,False,,,
S2_g11_embedded_equal_resource,0.5,0.24,False,False,False,,,
S2_g11_embedded_equal_resource,0.5,0.241,False,False,False,,,
S2_g11_embedded_equal_resource,0.5,0.242,False,False,False,,,
S2_g11_embedded_equal_resource,0.5,0.243,False,False,False,,,
S2_g11_embedded_equal_resource,0.5,0.244,False,False,False,,,
S2_g11_embedded_equal_resource,0.5,0.245,False,False,False,,,
S2_g11_embedded_equal_resource,0.5,0.246,False,False,False,,,
S2_g11_embedded_equal_resource,0.5,0.247,False,False,False,,,
S2_g11_embedded_equal_resource,0.5,0.248,False,False,False,,,
S2_g11_embedded_equal_resource,0.5,0.249,False,False,False,,,
S2_g11_embedded_equal_resource,0.5,0.25,False,False,False,,,
S2_g11_embedded_equal_resource,0.5,0.251,False,False,False,,,
S2_g11_embedded_equal_resource,0.5,0.252,False,False,False,,,
S2_g11_embedded_equal_resource,0.5,0.253,False,False,False,,,
S2_g11_embedded_equal_resource,0.5,0.254,False,False,False,,,
S2_g11_embedded_equal_resource,0.5,0.255,False,False,False,,,
S2_g11_embedded_equal_resource,0.5,0.256,False,False,False,,,
S2_g11_embedded_equal_resource,0.5,0.257,False,False,False,,,
S2_g11_embedded_equal_resource,0.5,0.258,False,False,False,,,
S2_g11_embedded_equal_resource,0.5,0.259,False,False,False,,,
S2_g11_embedded_equal_resource,0.5,0.26,False,False,False,,,
S2_g11_embedded_equal_resource,0.5,0.261,False,False,False,,,
S2_g11_embedded_equal_resource,0.5,0.262,False,False,False,,,
S2_g11_embedded_equal_resource,0.5,0.263,False,False,False,,,
S2_g11_embedded_equal_resource,0.5,0.264,False,False,False,,,
S2_g11_embedded_equal_resource,0.5,0.265,False,False,False,,,
S2_g11_embedded_equal_resource,0.5,0.266,False,False,False,,,
S2_g11_embedded_equal_resource,0.5,0.267,False,False,False,,,
S2_g11_embedded_equal_resource,0.5,0.268,False,False,False,,,
S2_g11_embedded_equal_resource,0.5,0.269,False,False,False,,,
S2_g11_embedded_equal_resource,0.5,0.27,False,False,False,,,
S2_g11_embedded_equal_resource,0.5,0.271,False,False,False,,,
S2_g11_embedded_equal_resource,0.5,0.272,False,False,False,,,
S2_g11_embedded_equal_resource,0.5,0.273,False,False,False,,,
S2_g11_embedded_equal_resource,0.5,0.274,False,False,False,,,
S2_g11_embedded_equal_resource,0.5,0.275,False,False,False,,,
S2_g11_embedded_equal_resource,0.5,0.276,False,False,False,,,
S2_g11_embedded_equal_resource,0.5,0.277,False,False,False,,,
S2_g11_embedded_equal_resource,0.5,0.278,False,False,False,,,
S2_g11_embedded_equal_resource,0.5,0.279,False,False,False,,,
S2_g11_embedded_equal_resource,0.5,0.28,False,False,False,,,
S2_g11_embedded_equal_resource,0.5,0.281,False,False,False,,,
S2_g11_embedded_equal_resource,0.5,0.282,False,False,False,,,
S2_g11_embedded_equal_resource,0.5,0.283,False,False,False,,,
S2_g11_embedded_equal_resource,0.5,0.284,False,False,False,,,
S2_g11_embedded_equal_resource,0.5,0.285,False,False,False,,,
S2_g11_embedded_equal_resource,0.5,0.286,False,False,False,,,
S2_g11_embedded_equal_resource,0.5,0.287,False,False,False,,,
S2_g11_embedded_equal_resource,0.5,0.288,False,False,False,,,
S2_g11_embedded_equal_resource,0.5,0.289,False,False,False,,,
S2_g11_embedded_equal_resource,0.5,0.29,False,False,False,,,
S2_g11_embedded_equal_resource,0.5,0.291,False,False,False,,,
S2_g11_embedded_equal_resource,0.5,0.292,False,False,False,,,
S2_g11_embedded_equal_resource,0.5,0.293,False,False,False,,,
S2_g11_embedded_equal_resource,0.5,0.294,False,False,False,,,
S2_g11_embedded_equal_resource,0.5,0.295,False,False,False,,,
S2_g11_embedded_equal_resource,0.5,0.296,False,False,False,,,
S2_g11_embedded_equal_resource,0.5,0.297,False,False,False,,,
S2_g11_embedded_equal_resource,0.5,0.298,False,False,False,,,
S2_g11_embedded_equal_resource,0.5,0.299,False,False,False,,,
S2_g11_embedded_equal_resource,0.5,0.3,False,False,False,,,
S2_g11_embedded_equal_resource,0.5,0.301,False,False,False,,,
S2_g11_embedded_equal_resource,0.5,0.302,False,False,False,,,
S2_g11_embedded_equal_resource,0.5,0.303,False,False,False,,,
S2_g11_embedded_equal_resource,0.5,0.304,False,False,False,,,
S2_g11_embedded_equal_resource,0.5,0.305,False,False,False,,,
S2_g11_embedded_equal_resource,0.5,0.306,False,False,False,,,
S2_g11_embedded_equal_resource,0.5,0.307,False,False,False,,,
S2_g11_embedded_equal_resource,0.5,0.308,False,False,False,,,
S2_g11_embedded_equal_resource,0.5,0.309,False,False,False,,,
S2_g11_embedded_equal_resource,0.5,0.31,False,False,False,,,
S2_g11_embedded_equal_resource,0.5,0.311,False,False,False,,,
S2_g11_embedded_equal_resource,0.5,0.312,False,False,False,,,
S2_g11_embedded_equal_resource,0.5,0.313,False,False,False,,,
S2_g11_embedded_equal_resource,0.5,0.314,False,False,False,,,
S2_g11_embedded_equal_resource,0.5,0.315,False,False,False,,,
S2_g11_embedded_equal_resource,0.5,0.316,False,False,False,,,
S2_g11_embedded_equal_resource,0.5,0.317,False,False,False,,,
S2_g11_embedded_equal_resource,0.5,0.318,False,False,False,,,
S2_g11_embedded_equal_resource,0.5,0.319,False,False,False,,,
S2_g11_embedded_equal_resource,0.5,0.32,False,False,False,,,
S2_g11_embedded_equal_resource,0.5,0.321,False,False,False,,,
S2_g11_embedded_equal_resource,0.5,0.322,False,False,False,,,
S2_g11_embedded_equal_resource,0.5,0.323,False,False,False,,,
S2_g11_embedded_equal_resource,0.5,0.324,False,False,False,,,
S2_g11_embedded_equal_resource,0.5,0.325,False,False,False,,,
S2_g11_embedded_equal_resource,0.5,0.326,False,False,False,,,
S2_g11_embedded_equal_resource,0.5,0.327,False,False,False,,,
S2_g11_embedded_equal_resource,0.5,0.328,False,False,False,,,
S2_g11_embedded_equal_resource,0.5,0.329,False,False,False,,,
S2_g11_embedded_equal_resource,0.5,0.33,False,False,False,,,
S2_g11_embedded_equal_resource,0.5,0.331,False,False,False,,,
S2_g11_embedded_equal_resource,0.5,0.332,False,False,False,,,
S2_g11_embedded_equal_resource,0.5,0.333,False,False,False,,,
S2_g11_embedded_equal_resource,0.5,0.334,False,False,False,,,
S2_g11_embedded_equal_resource,0.5,0.335,False,False,False,,,
S2_g11_embedded_equal_resource,0.5,0.336,False,False,False,,,
S2_g11_embedded_equal_resource,0.5,0.337,False,False,False,,,
S2_g11_embedded_equal_resource,0.5,0.338,False,False,False,,,
S2_g11_embedded_equal_resource,0.5,0.339,False,False,False,,,
S2_g11_embedded_equal_resource,0.5,0.34,False,False,False,,,
S2_g11_embedded_equal_resource,0.5,0.341,False,False,False,,,
S2_g11_embedded_equal_resource,0.5,0.342,False,False,False,,,
S2_g11_embedded_equal_resource,0.5,0.343,False,False,False,,,
S2_g11_embedded_equal_resource,0.5,0.344,False,False,False,,,
S2_g11_embedded_equal_resource,0.5,0.345,False,False,False,,,
S2_g11_embedded_equal_resource,0.5,0.346,False,False,False,,,
S2_g11_embedded_equal_resource,0.5,0.347,False,False,False,,,
S2_g11_embedded_equal_resource,0.5,0.348,False,False,False,,,
S2_g11_embedded_equal_resource,0.5,0.349,False,False,False,,,
S2_g11_embedded_equal_resource,0.5,0.35,False,False,False,,,
S2_g11_embedded_equal_resource,0.5,0.351,False,False,False,,,
S2_g11_embedded_equal_resource,0.5,0.352,False,False,False,,,
S2_g11_embedded_equal_resource,0.5,0.353,False,False,False,,,
S2_g11_embedded_equal_resource,0.5,0.354,False,False,False,,,
S2_g11_embedded_equal_resource,0.5,0.355,False,False,False,,,
S2_g11_embedded_equal_resource,0.5,0.356,False,False,False,,,
S2_g11_embedded_equal_resource,0.5,0.357,False,False,False,,,
S2_g11_embedded_equal_resource,0.5,0.358,False,False,False,,,
S2_g11_embedded_equal_resource,0.5,0.359,False,False,False,,,
S2_g11_embedded_equal_resource,0.5,0.36,False,False,False,,,
S2_g11_embedded_equal_resource,0.5,0.361,False,False,False,,,
S2_g11_embedded_equal_resource,0.5,0.362,False,False,False,,,
S2_g11_embedded_equal_resource,0.5,0.363,False,False,False,,,
S2_g11_embedded_equal_resource,0.5,0.364,False,False,False,,,
S2_g11_embedded_equal_resource,0.5,0.365,False,False,False,,,
S2_g11_embedded_equal_resource,0.5,0.366,False,False,False,,,
S2_g11_embedded_equal_resource,0.5,0.367,False,False,False,,,
S2_g11_embedded_equal_resource,0.5,0.368,False,False,False,,,
S2_g11_embedded_equal_resource,0.5,0.369,False,False,False,,,
S2_g11_embedded_equal_resource,0.5,0.37,False,False,False,,,
S2_g11_embedded_equal_resource,0.5,0.371,False,False,False,,,
S2_g11_embedded_equal_resource,0.5,0.372,False,False,False,,,
S2_g11_embedded_equal_resource,0.5,0.373,False,False,False,,,
S2_g11_embedded_equal_resource,0.5,0.374,False,False,False,,,
S2_g11_embedded_equal_resource,0.5,0.375,False,False,False,,,
S2_g11_embedded_equal_resource,0.5,0.376,False,False,False,,,
S2_g11_embedded_equal_resource,0.5,0.377,False,False,False,,,
S2_g11_embedded_equal_resource,0.5,0.378,False,False,False,,,
S2_g11_embedded_equal_resource,0.5,0.379,False,False,False,,,
S2_g11_embedded_equal_resource,0.5,0.38,False,False,False,,,
S2_g11_embedded_equal_resource,0.5,0.381,False,False,False,,,
S2_g11_embedded_equal_resource,0.5,0.382,False,False,False,,,
S2_g11_embedded_equal_resource,0.5,0.383,False,False,False,,,
S2_g11_embedded_equal_resource,0.5,0.384,False,False,False,,,
S2_g11_embedded_equal_resource,0.5,0.385,False,False,False,,,
S2_g11_embedded_equal_resource,0.5,0.386,False,False,False,,,
S2_g11_embedded_equal_resource,0.5,0.387,False,False,False,,,
S2_g11_embedded_equal_resource,0.5,0.388,False,False,False,,,
S2_g11_embedded_equal_resource,0.5,0.389,False,False,False,,,
S2_g11_embedded_equal_resource,0.5,0.39,False,False,False,,,
S2_g11_embedded_equal_resource,0.5,0.391,False,False,False,,,
S2_g11_embedded_equal_resource,0.5,0.392,False,False,False,,,
S2_g11_embedded_equal_resource,0.5,0.393,False,False,False,,,
S2_g11_embedded_equal_resource,0.5,0.394,False,False,False,,,
S2_g11_embedded_equal_resource,0.5,0.395,False,False,False,,,
S2_g11_embedded_equal_resource,0.5,0.396,False,False,False,,,
S2_g11_embedded_equal_resource,0.5,0.397,False,False,False,,,
S2_g11_embedded_equal_resource,0.5,0.398,False,False,False,,,
S2_g11_embedded_equal_resource,0.5,0.399,False,False,False,,,
S2_g11_embedded_equal_resource,0.5,0.4,False,False,False,,,
S2_g11_embedded_equal_resource,0.5,0.401,False,False,False,,,
S2_g11_embedded_equal_resource,0.5,0.402,False,False,False,,,
S2_g11_embedded_equal_resource,0.5,0.403,False,False,False,,,
S2_g11_embedded_equal_resource,0.5,0.404,False,False,False,,,
S2_g11_embedded_equal_resource,0.5,0.405,False,False,False,,,
S2_g11_embedded_equal_resource,0.5,0.406,False,False,False,,,
S2_g11_embedded_equal_resource,0.5,0.407,False,False,False,,,
S2_g11_embedded_equal_resource,0.5,0.408,False,False,False,,,
S2_g11_embedded_equal_resource,0.5,0.409,False,False,False,,,
S2_g11_embedded_equal_resource,0.5,0.41,False,False,False,,,
S2_g11_embedded_equal_resource,0.5,0.411,False,False,False,,,
S2_g11_embedded_equal_resource,0.5,0.412,False,False,False,,,
S2_g11_embedded_equal_resource,0.5,0.413,False,False,False,,,
S2_g11_embedded_equal_resource,0.5,0.414,False,False,False,,,
S2_g11_embedded_equal_resource,0.5,0.415,False,False,False,,,
S2_g11_embedded_equal_resource,0.5,0.416,False,False,False,,,
S2_g11_embedded_equal_resource,0.5,0.417,False,False,False,,,
S2_g11_embedded_equal_resource,0.5,0.418,False,False,False,,,
S2_g11_embedded_equal_resource,0.5,0.419,False,False,False,,,
S2_g11_embedded_equal_resource,0.5,0.42,False,False,False,,,
S2_g11_embedded_equal_resource,0.5,0.421,False,False,False,,,
S2_g11_embedded_equal_resource,0.5,0.422,False,False,False,,,
S2_g11_embedded_equal_resource,0.5,0.423,False,False,False,,,
S2_g11_embedded_equal_resource,0.5,0.424,False,False,False,,,
S2_g11_embedded_equal_resource,0.5,0.425,False,False,False,,,
S2_g11_embedded_equal_resource,0.5,0.426,False,False,False,,,
S2_g11_embedded_equal_resource,0.5,0.427,False,False,False,,,
S2_g11_embedded_equal_resource,0.5,0.428,False,False,False,,,
S2_g11_embedded_equal_resource,0.5,0.429,False,False,False,,,
S2_g11_embedded_equal_resource,0.5,0.43,False,False,False,,,
S2_g11_embedded_equal_resource,0.5,0.431,False,False,False,,,
S2_g11_embedded_equal_resource,0.5,0.432,False,False,False,,,
S2_g11_embedded_equal_resource,0.5,0.433,False,False,False,,,
S2_g11_embedded_equal_resource,0.5,0.434,False,False,False,,,
S2_g11_embedded_equal_resource,0.5,0.435,False,False,False,,,
S2_g11_embedded_equal_resource,0.5,0.436,False,False,False,,,
S2_g11_embedded_equal_resource,0.5,0.437,False,False,False,,,
S2_g11_embedded_equal_resource,0.5,0.438,False,False,False,,,
S2_g11_embedded_equal_resource,0.5,0.439,False,False,False,,,
S2_g11_embedded_equal_resource,0.5,0.44,False,False,False,,,
S2_g11_embedded_equal_resource,0.5,0.441,False,False,False,,,
S2_g11_embedded_equal_resource,0.5,0.442,False,False,False,,,
S2_g11_embedded_equal_resource,0.5,0.443,False,False,False,,,
S2_g11_embedded_equal_resource,0.5,0.444,False,False,False,,,
S2_g11_embedded_equal_resource,0.5,0.445,False,False,False,,,
S2_g11_embedded_equal_resource,0.5,0.446,False,False,False,,,
S2_g11_embedded_equal_resource,0.5,0.447,False,False,False,,,
S2_g11_embedded_equal_resource,0.5,0.448,False,False,False,,,
S2_g11_embedded_equal_resource,0.5,0.449,False,False,False,,,
S2_g11_embedded_equal_resource,0.5,0.45,False,False,False,,,
S2_g11_embedded_equal_resource,0.5,0.451,False,False,False,,,
S2_g11_embedded_equal_resource,0.5,0.452,False,False,False,,,
S2_g11_embedded_equal_resource,0.5,0.453,False,False,False,,,
S2_g11_embedded_equal_resource,0.5,0.454,False,False,False,,,
S2_g11_embedded_equal_resource,0.5,0.455,False,False,False,,,
S2_g11_embedded_equal_resource,0.5,0.456,False,False,False,,,
S2_g11_embedded_equal_resource,0.5,0.457,False,False,False,,,
S2_g11_embedded_equal_resource,0.5,0.458,False,False,False,,,
S2_g11_embedded_equal_resource,0.5,0.459,False,False,False,,,
S2_g11_embedded_equal_resource,0.5,0.46,False,False,False,,,
S2_g11_embedded_equal_resource,0.5,0.461,False,False,False,,,
S2_g11_embedded_equal_resource,0.5,0.462,False,False,False,,,
S2_g11_embedded_equal_resource,0.5,0.463,False,False,False,,,
S2_g11_embedded_equal_resource,0.5,0.464,False,False,False,,,
S2_g11_embedded_equal_resource,0.5,0.465,False,False,False,,,
S2_g11_embedded_equal_resource,0.5,0.466,False,False,False,,,
S2_g11_embedded_equal_resource,0.5,0.467,False,False,False,,,
S2_g11_embedded_equal_resource,0.5,0.468,False,False,False,,,
S2_g11_embedded_equal_resource,0.5,0.469,False,False,False,,,
S2_g11_embedded_equal_resource,0.5,0.47,False,False,False,,,
S2_g11_embedded_equal_resource,0.5,0.471,False,False,False,,,
S2_g11_embedded_equal_resource,0.5,0.472,False,False,False,,,
S2_g11_embedded_equal_resource,0.5,0.473,False,False,False,,,
S2_g11_embedded_equal_resource,0.5,0.474,False,False,False,,,
S2_g11_embedded_equal_resource,0.5,0.475,False,False,False,,,
S2_g11_embedded_equal_resource,0.5,0.476,False,False,False,,,
S2_g11_embedded_equal_resource,0.5,0.477,False,False,False,,,
S2_g11_embedded_equal_resource,0.5,0.478,False,False,False,,,
S2_g11_embedded_equal_resource,0.5,0.479,False,False,False,,,
S2_g11_embedded_equal_resource,0.5,0.48,False,False,False,,,
S2_g11_embedded_equal_resource,0.5,0.481,False,False,False,,,
S2_g11_embedded_equal_resource,0.5,0.482,False,False,False,,,
S2_g11_embedded_equal_resource,0.5,0.483,False,False,False,,,
S2_g11_embedded_equal_resource,0.5,0.484,False,False,False,,,
S2_g11_embedded_equal_resource,0.5,0.485,False,False,False,,,
S2_g11_embedded_equal_resource,0.5,0.486,False,False,False,,,
S2_g11_embedded_equal_resource,0.5,0.487,False,False,False,,,
S2_g11_embedded_equal_resource,0.5,0.488,False,False,False,,,
S2_g11_embedded_equal_resource,0.5,0.489,False,False,False,,,
S2_g11_embedded_equal_resource,0.5,0.49,False,False,False,,,
S2_g11_embedded_equal_resource,0.5,0.491,False,False,False,,,
S2_g11_embedded_equal_resource,0.5,0.492,False,False,False,,,
S2_g11_embedded_equal_resource,0.5,0.493,False,False,False,,,
S2_g11_embedded_equal_resource,0.5,0.494,False,False,False,,,
S2_g11_embedded_equal_resource,0.5,0.495,False,False,False,,,
S2_g11_embedded_equal_resource,0.5,0.496,False,False,False,,,
S2_g11_embedded_equal_resource,0.5,0.497,False,False,False,,,
S2_g11_embedded_equal_resource,0.5,0.498,False,False,False,,,
S2_g11_embedded_equal_resource,0.5,0.499,False,False,False,,,
S2_g11_embedded_equal_resource,0.5,0.5,True,True,True,0.6,1.0,0.4
S2_g11_embedded_equal_resource,0.5,0.501,True,True,True,0.6,1.0,0.4
S2_g11_embedded_equal_resource,0.5,0.502,True,True,True,0.6,1.0,0.4
S2_g11_embedded_equal_resource,0.5,0.503,True,True,True,0.6,1.0,0.4
S2_g11_embedded_equal_resource,0.5,0.504,True,True,True,0.6,1.0,0.4
S2_g11_embedded_equal_resource,0.5,0.505,True,True,True,0.6,1.0,0.4
S2_g11_embedded_equal_resource,0.5,0.506,True,True,True,0.6,1.0,0.4
S2_g11_embedded_equal_resource,0.5,0.507,True,True,True,0.6,1.0,0.4
S2_g11_embedded_equal_resource,0.5,0.508,True,True,True,0.6,1.0,0.4
S2_g11_embedded_equal_resource,0.5,0.509,True,True,True,0.6,1.0,0.4
S2_g11_embedded_equal_resource,0.5,0.51,True,True,True,0.6,1.0,0.4
S2_g11_embedded_equal_resource,0.5,0.511,True,True,True,0.6,1.0,0.4
S2_g11_embedded_equal_resource,0.5,0.512,True,True,True,0.6,1.0,0.4
S2_g11_embedded_equal_resource,0.5,0.513,True,True,True,0.6,1.0,0.4
S2_g11_embedded_equal_resource,0.5,0.514,True,True,True,0.6,1.0,0.4
S2_g11_embedded_equal_resource,0.5,0.515,True,True,True,0.6,1.0,0.4
S2_g11_embedded_equal_resource,0.5,0.516,True,True,True,0.6,1.0,0.4
S2_g11_embedded_equal_resource,0.5,0.517,True,True,True,0.6,1.0,0.4
S2_g11_embedded_equal_resource,0.5,0.518,True,True,True,0.6,1.0,0.4
S2_g11_embedded_equal_resource,0.5,0.519,True,True,True,0.6,1.0,0.4
S2_g11_embedded_equal_resource,0.5,0.52,True,True,True,0.6,1.0,0.4
S2_g11_embedded_equal_resource,0.5,0.521,True,True,True,0.6,1.0,0.4
S2_g11_embedded_equal_resource,0.5,0.522,True,True,True,0.6,1.0,0.4
S2_g11_embedded_equal_resource,0.5,0.523,True,True,True,0.6,1.0,0.4
S2_g11_embedded_equal_resource,0.5,0.524,True,True,True,0.6,1.0,0.4
S2_g11_embedded_equal_resource,0.5,0.525,True,True,True,0.6,1.0,0.4
S2_g11_embedded_equal_resource,0.5,0.526,True,True,True,0.6,1.0,0.4
S2_g11_embedded_equal_resource,0.5,0.527,True,True,True,0.6,1.0,0.4
S2_g11_embedded_equal_resource,0.5,0.528,True,True,True,0.6,1.0,0.4
S2_g11_embedded_equal_resource,0.5,0.529,True,True,True,0.6,1.0,0.4
S2_g11_embedded_equal_resource,0.5,0.53,True,True,True,0.6,1.0,0.4
S2_g11_embedded_equal_resource,0.5,0.531,True,True,True,0.6,1.0,0.4
S2_g11_embedded_equal_resource,0.5,0.532,True,True,True,0.6,1.0,0.4
S2_g11_embedded_equal_resource,0.5,0.533,True,True,True,0.6,1.0,0.4
S2_g11_embedded_equal_resource,0.5,0.534,True,True,True,0.6,1.0,0.4
S2_g11_embedded_equal_resource,0.5,0.535,True,True,True,0.6,1.0,0.4
S2_g11_embedded_equal_resource,0.5,0.536,True,True,True,0.6,1.0,0.4
S2_g11_embedded_equal_resource,0.5,0.537,True,True,True,0.6,1.0,0.4
S2_g11_embedded_equal_resource,0.5,0.538,True,True,True,0.6,1.0,0.4
S2_g11_embedded_equal_resource,0.5,0.539,True,True,True,0.6,1.0,0.4
S2_g11_embedded_equal_resource,0.5,0.54,True,True,True,0.6,1.0,0.4
S2_g11_embedded_equal_resource,0.5,0.541,True,True,True,0.6,1.0,0.4
S2_g11_embedded_equal_resource,0.5,0.542,True,True,True,0.6,1.0,0.4
S2_g11_embedded_equal_resource,0.5,0.543,True,True,True,0.6,1.0,0.4
S2_g11_embedded_equal_resource,0.5,0.544,True,True,True,0.6,1.0,0.4
S2_g11_embedded_equal_resource,0.5,0.545,True,True,True,0.6,1.0,0.4
S2_g11_embedded_equal_resource,0.5,0.546,True,True,True,0.6,1.0,0.4
S2_g11_embedded_equal_resource,0.5,0.547,True,True,True,0.6,1.0,0.4
S2_g11_embedded_equal_resource,0.5,0.548,True,True,True,0.6,1.0,0.4
S2_g11_embedded_equal_resource,0.5,0.549,True,True,True,0.6,1.0,0.4
S2_g11_embedded_equal_resource,0.5,0.55,True,True,True,0.6,1.0,0.4
S2_g11_embedded_equal_resource,0.5,0.551,True,True,True,0.6,1.0,0.4
S2_g11_embedded_equal_resource,0.5,0.552,True,True,True,0.6,1.0,0.4
S2_g11_embedded_equal_resource,0.5,0.553,True,True,True,0.6,1.0,0.4
S2_g11_embedded_equal_resource,0.5,0.554,True,True,True,0.6,1.0,0.4
S2_g11_embedded_equal_resource,0.5,0.555,True,True,True,0.6,1.0,0.4
S2_g11_embedded_equal_resource,0.5,0.556,True,True,True,0.6,1.0,0.4
S2_g11_embedded_equal_resource,0.5,0.557,True,True,True,0.6,1.0,0.4
S2_g11_embedded_equal_resource,0.5,0.558,True,True,True,0.6,1.0,0.4
S2_g11_embedded_equal_resource,0.5,0.559,True,True,True,0.6,1.0,0.4
S2_g11_embedded_equal_resource,0.5,0.56,True,True,True,0.6,1.0,0.4
S2_g11_embedded_equal_resource,0.5,0.561,True,True,True,0.6,1.0,0.4
S2_g11_embedded_equal_resource,0.5,0.562,True,True,True,0.6,1.0,0.4
S2_g11_embedded_equal_resource,0.5,0.563,True,True,True,0.6,1.0,0.4
S2_g11_embedded_equal_resource,0.5,0.564,True,True,True,0.6,1.0,0.4
S2_g11_embedded_equal_resource,0.5,0.565,True,True,True,0.6,1.0,0.4
S2_g11_embedded_equal_resource,0.5,0.566,True,True,True,0.6,1.0,0.4
S2_g11_embedded_equal_resource,0.5,0.567,True,True,True,0.6,1.0,0.4
S2_g11_embedded_equal_resource,0.5,0.568,True,True,True,0.6,1.0,0.4
S2_g11_embedded_equal_resource,0.5,0.569,True,True,True,0.6,1.0,0.4
S2_g11_embedded_equal_resource,0.5,0.57,True,True,True,0.6,1.0,0.4
S2_g11_embedded_equal_resource,0.5,0.571,True,True,True,0.6,1.0,0.4
S2_g11_embedded_equal_resource,0.5,0.572,True,True,True,0.6,1.0,0.4
S2_g11_embedded_equal_resource,0.5,0.573,True,True,True,0.6,1.0,0.4
S2_g11_embedded_equal_resource,0.5,0.574,True,True,True,0.6,1.0,0.4
S2_g11_embedded_equal_resource,0.5,0.575,True,True,True,0.6,1.0,0.4
S2_g11_embedded_equal_resource,0.5,0.576,True,True,True,0.6,1.0,0.4
S2_g11_embedded_equal_resource,0.5,0.577,True,True,True,0.6,1.0,0.4
S2_g11_embedded_equal_resource,0.5,0.578,True,True,True,0.6,1.0,0.4
S2_g11_embedded_equal_resource,0.5,0.579,True,True,True,0.6,1.0,0.4
S2_g11_embedded_equal_resource,0.5,0.58,True,True,True,0.6,1.0,0.4
S2_g11_embedded_equal_resource,0.5,0.581,True,True,True,0.6,1.0,0.4
S2_g11_embedded_equal_resource,0.5,0.582,True,True,True,0.6,1.0,0.4
S2_g11_embedded_equal_resource,0.5,0.583,True,True,True,0.6,1.0,0.4
S2_g11_embedded_equal_resource,0.5,0.584,True,True,True,0.6,1.0,0.4
S2_g11_embedded_equal_resource,0.5,0.585,True,True,True,0.6,1.0,0.4
S2_g11_embedded_equal_resource,0.5,0.586,True,True,True,0.6,1.0,0.4
S2_g11_embedded_equal_resource,0.5,0.587,True,True,True,0.6,1.0,0.4
S2_g11_embedded_equal_resource,0.5,0.588,True,True,True,0.6,1.0,0.4
S2_g11_embedded_equal_resource,0.5,0.589,True,True,True,0.6,1.0,0.4
S2_g11_embedded_equal_resource,0.5,0.59,True,True,True,0.6,1.0,0.4
S2_g11_embedded_equal_resource,0.5,0.591,True,True,True,0.6,1.0,0.4
S2_g11_embedded_equal_resource,0.5,0.592,True,True,True,0.6,1.0,0.4
S2_g11_embedded_equal_resource,0.5,0.593,True,True,True,0.6,1.0,0.4
S2_g11_embedded_equal_resource,0.5,0.594,True,True,True,0.6,1.0,0.4
S2_g11_embedded_equal_resource,0.5,0.595,True,True,True,0.6,1.0,0.4
S2_g11_embedded_equal_resource,0.5,0.596,True,True,True,0.6,1.0,0.4
S2_g11_embedded_equal_resource,0.5,0.597,True,True,True,0.6,1.0,0.4
S2_g11_embedded_equal_resource,0.5,0.598,True,True,True,0.6,1.0,0.4
S2_g11_embedded_equal_resource,0.5,0.599,True,True,True,0.6,1.0,0.4
S2_g11_embedded_equal_resource,0.5,0.6,True,True,True,0.6,1.0,0.4
S2_g11_embedded_equal_resource,0.5,0.601,True,True,True,0.6,1.0,0.4
S2_g11_embedded_equal_resource,0.5,0.602,True,True,True,0.6,1.0,0.4
S2_g11_embedded_equal_resource,0.5,0.603,True,True,True,0.6,1.0,0.4
S2_g11_embedded_equal_resource,0.5,0.604,True,True,True,0.6,1.0,0.4
S2_g11_embedded_equal_resource,0.5,0.605,True,True,True,0.6,1.0,0.4
S2_g11_embedded_equal_resource,0.5,0.606,True,True,True,0.6,1.0,0.4
S2_g11_embedded_equal_resource,0.5,0.607,True,True,True,0.6,1.0,0.4
S2_g11_embedded_equal_resource,0.5,0.608,True,True,True,0.6,1.0,0.4
S2_g11_embedded_equal_resource,0.5,0.609,True,True,True,0.6,1.0,0.4
S2_g11_embedded_equal_resource,0.5,0.61,True,True,True,0.6,1.0,0.4
S2_g11_embedded_equal_resource,0.5,0.611,True,True,True,0.6,1.0,0.4
S2_g11_embedded_equal_resource,0.5,0.612,True,True,True,0.6,1.0,0.4
S2_g11_embedded_equal_resource,0.5,0.613,True,True,True,0.6,1.0,0.4
S2_g11_embedded_equal_resource,0.5,0.614,True,True,True,0.6,1.0,0.4
S2_g11_embedded_equal_resource,0.5,0.615,True,True,True,0.6,1.0,0.4
S2_g11_embedded_equal_resource,0.5,0.616,True,True,True,0.6,1.0,0.4
S2_g11_embedded_equal_resource,0.5,0.617,True,True,True,0.6,1.0,0.4
S2_g11_embedded_equal_resource,0.5,0.618,True,True,True,0.6,1.0,0.4
S2_g11_embedded_equal_resource,0.5,0.619,True,True,True,0.6,1.0,0.4
S2_g11_embedded_equal_resource,0.5,0.62,True,True,True,0.6,1.0,0.4
S2_g11_embedded_equal_resource,0.5,0.621,True,True,True,0.6,1.0,0.4
S2_g11_embedded_equal_resource,0.5,0.622,True,True,True,0.6,1.0,0.4
S2_g11_embedded_equal_resource,0.5,0.623,True,True,True,0.6,1.0,0.4
S2_g11_embedded_equal_resource,0.5,0.624,True,True,True,0.6,1.0,0.4
S2_g11_embedded_equal_resource,0.5,0.625,True,True,True,0.6,1.0,0.4
S2_g11_embedded_equal_resource,0.5,0.626,True,True,True,0.6,1.0,0.4
S2_g11_embedded_equal_resource,0.5,0.627,True,True,True,0.6,1.0,0.4
S2_g11_embedded_equal_resource,0.5,0.628,True,True,True,0.6,1.0,0.4
S2_g11_embedded_equal_resource,0.5,0.629,True,True,True,0.6,1.0,0.4
S2_g11_embedded_equal_resource,0.5,0.63,True,True,True,0.6,1.0,0.4
S2_g11_embedded_equal_resource,0.5,0.631,True,True,True,0.6,1.0,0.4
S2_g11_embedded_equal_resource,0.5,0.632,True,True,True,0.6,1.0,0.4
S2_g11_embedded_equal_resource,0.5,0.633,True,True,True,0.6,1.0,0.4
S2_g11_embedded_equal_resource,0.5,0.634,True,True,True,0.6,1.0,0.4
S2_g11_embedded_equal_resource,0.5,0.635,True,True,True,0.6,1.0,0.4
S2_g11_embedded_equal_resource,0.5,0.636,True,True,True,0.6,1.0,0.4
S2_g11_embedded_equal_resource,0.5,0.637,True,True,True,0.6,1.0,0.4
S2_g11_embedded_equal_resource,0.5,0.638,True,True,True,0.6,1.0,0.4
S2_g11_embedded_equal_resource,0.5,0.639,True,True,True,0.6,1.0,0.4
S2_g11_embedded_equal_resource,0.5,0.64,True,True,True,0.6,1.0,0.4
S2_g11_embedded_equal_resource,0.5,0.641,True,True,True,0.6,1.0,0.4
S2_g11_embedded_equal_resource,0.5,0.642,True,True,True,0.6,1.0,0.4
S2_g11_embedded_equal_resource,0.5,0.643,True,True,True,0.6,1.0,0.4
S2_g11_embedded_equal_resource,0.5,0.644,True,True,True,0.6,1.0,0.4
S2_g11_embedded_equal_resource,0.5,0.645,True,True,True,0.6,1.0,0.4
S2_g11_embedded_equal_resource,0.5,0.646,True,True,True,0.6,1.0,0.4
S2_g11_embedded_equal_resource,0.5,0.647,True,True,True,0.6,1.0,0.4
S2_g11_embedded_equal_resource,0.5,0.648,True,True,True,0.6,1.0,0.4
S2_g11_embedded_equal_resource,0.5,0.649,True,True,True,0.6,1.0,0.4
S2_g11_embedded_equal_resource,0.5,0.65,True,True,True,0.6,1.0,0.4
S2_g11_embedded_equal_resource,0.5,0.651,True,True,True,0.6,1.0,0.4
S2_g11_embedded_equal_resource,0.5,0.652,True,True,True,0.6,1.0,0.4
S2_g11_embedded_equal_resource,0.5,0.653,True,True,True,0.6,1.0,0.4
S2_g11_embedded_equal_resource,0.5,0.654,True,True,True,0.6,1.0,0.4
S2_g11_embedded_equal_resource,0.5,0.655,True,True,True,0.6,1.0,0.4
S2_g11_embedded_equal_resource,0.5,0.656,True,True,True,0.6,1.0,0.4
S2_g11_embedded_equal_resource,0.5,0.657,True,True,True,0.6,1.0,0.4
S2_g11_embedded_equal_resource,0.5,0.658,True,True,True,0.6,1.0,0.4
S2_g11_embedded_equal_resource,0.5,0.659,True,True,True,0.6,1.0,0.4
S2_g11_embedded_equal_resource,0.5,0.66,True,True,True,0.6,1.0,0.4
S2_g11_embedded_equal_resource,0.5,0.661,True,True,True,0.6,1.0,0.4
S2_g11_embedded_equal_resource,0.5,0.662,True,True,True,0.6,1.0,0.4
S2_g11_embedded_equal_resource,0.5,0.663,True,True,True,0.6,1.0,0.4
S2_g11_embedded_equal_resource,0.5,0.664,True,True,True,0.6,1.0,0.4
S2_g11_embedded_equal_resource,0.5,0.665,True,True,True,0.6,1.0,0.4
S2_g11_embedded_equal_resource,0.5,0.666,True,True,True,0.6,1.0,0.4
S2_g11_embedded_equal_resource,0.5,0.667,True,True,True,0.6,1.0,0.4
S2_g11_embedded_equal_resource,0.5,0.668,True,True,True,0.6,1.0,0.4
S2_g11_embedded_equal_resource,0.5,0.669,True,True,True,0.6,1.0,0.4
S2_g11_embedded_equal_resource,0.5,0.67,True,True,True,0.6,1.0,0.4
S2_g11_embedded_equal_resource,0.5,0.671,True,True,True,0.6,1.0,0.4
S2_g11_embedded_equal_resource,0.5,0.672,True,True,True,0.6,1.0,0.4
S2_g11_embedded_equal_resource,0.5,0.673,True,True,True,0.6,1.0,0.4
S2_g11_embedded_equal_resource,0.5,0.674,True,True,True,0.6,1.0,0.4
S2_g11_embedded_equal_resource,0.5,0.675,True,True,True,0.6,1.0,0.4
S2_g11_embedded_equal_resource,0.5,0.676,True,True,True,0.6,1.0,0.4
S2_g11_embedded_equal_resource,0.5,0.677,True,True,True,0.6,1.0,0.4
S2_g11_embedded_equal_resource,0.5,0.678,True,True,True,0.6,1.0,0.4
S2_g11_embedded_equal_resource,0.5,0.679,True,True,True,0.6,1.0,0.4
S2_g11_embedded_equal_resource,0.5,0.68,True,True,True,0.6,1.0,0.4
S2_g11_embedded_equal_resource,0.5,0.681,True,True,True,0.6,1.0,0.4
S2_g11_embedded_equal_resource,0.5,0.682,True,True,True,0.6,1.0,0.4
S2_g11_embedded_equal_resource,0.5,0.683,True,True,True,0.6,1.0,0.4
S2_g11_embedded_equal_resource,0.5,0.684,True,True,True,0.6,1.0,0.4
S2_g11_embedded_equal_resource,0.5,0.685,True,True,True,0.6,1.0,0.4
S2_g11_embedded_equal_resource,0.5,0.686,True,True,True,0.6,1.0,0.4
S2_g11_embedded_equal_resource,0.5,0.687,True,True,True,0.6,1.0,0.4
S2_g11_embedded_equal_resource,0.5,0.688,True,True,True,0.6,1.0,0.4
S2_g11_embedded_equal_resource,0.5,0.689,True,True,True,0.6,1.0,0.4
S2_g11_embedded_equal_resource,0.5,0.69,True,True,True,0.6,1.0,0.4
S2_g11_embedded_equal_resource,0.5,0.691,True,True,True,0.6,1.0,0.4
S2_g11_embedded_equal_resource,0.5,0.692,True,True,True,0.6,1.0,0.4
S2_g11_embedded_equal_resource,0.5,0.693,True,True,True,0.6,1.0,0.4
S2_g11_embedded_equal_resource,0.5,0.694,True,True,True,0.6,1.0,0.4
S2_g11_embedded_equal_resource,0.5,0.695,True,True,True,0.6,1.0,0.4
S2_g11_embedded_equal_resource,0.5,0.696,True,True,True,0.6,1.0,0.4
S2_g11_embedded_equal_resource,0.5,0.697,True,True,True,0.6,1.0,0.4
S2_g11_embedded_equal_resource,0.5,0.698,True,True,True,0.6,1.0,0.4
S2_g11_embedded_equal_resource,0.5,0.699,True,True,True,0.6,1.0,0.4
S2_g11_embedded_equal_resource,0.5,0.7,True,True,True,0.6,1.0,0.4
S2_g11_embedded_equal_resource,0.5,0.701,True,True,True,0.6,1.0,0.4
S2_g11_embedded_equal_resource,0.5,0.702,True,True,True,0.6,1.0,0.4
S2_g11_embedded_equal_resource,0.5,0.703,True,True,True,0.6,1.0,0.4
S2_g11_embedded_equal_resource,0.5,0.704,True,True,True,0.6,1.0,0.4
S2_g11_embedded_equal_resource,0.5,0.705,True,True,True,0.6,1.0,0.4
S2_g11_embedded_equal_resource,0.5,0.706,True,True,True,0.6,1.0,0.4
S2_g11_embedded_equal_resource,0.5,0.707,True,True,True,0.6,1.0,0.4
S2_g11_embedded_equal_resource,0.5,0.708,True,True,True,0.6,1.0,0.4
S2_g11_embedded_equal_resource,0.5,0.709,True,True,True,0.6,1.0,0.4
S2_g11_embedded_equal_resource,0.5,0.71,True,True,True,0.6,1.0,0.4
S2_g11_embedded_equal_resource,0.5,0.711,True,True,True,0.6,1.0,0.4
S2_g11_embedded_equal_resource,0.5,0.712,True,True,True,0.6,1.0,0.4
S2_g11_embedded_equal_resource,0.5,0.713,True,True,True,0.6,1.0,0.4
S2_g11_embedded_equal_resource,0.5,0.714,True,True,True,0.6,1.0,0.4
S2_g11_embedded_equal_resource,0.5,0.715,True,True,True,0.6,1.0,0.4
S2_g11_embedded_equal_resource,0.5,0.716,True,True,True,0.6,1.0,0.4
S2_g11_embedded_equal_resource,0.5,0.717,True,True,True,0.6,1.0,0.4
S2_g11_embedded_equal_resource,0.5,0.718,True,True,True,0.6,1.0,0.4
S2_g11_embedded_equal_resource,0.5,0.719,True,True,True,0.6,1.0,0.4
S2_g11_embedded_equal_resource,0.5,0.72,True,True,True,0.6,1.0,0.4
S2_g11_embedded_equal_resource,0.5,0.721,True,True,True,0.6,1.0,0.4
S2_g11_embedded_equal_resource,0.5,0.722,True,True,True,0.6,1.0,0.4
S2_g11_embedded_equal_resource,0.5,0.723,True,True,True,0.6,1.0,0.4
S2_g11_embedded_equal_resource,0.5,0.724,True,True,True,0.6,1.0,0.4
S2_g11_embedded_equal_resource,0.5,0.725,True,True,True,0.6,1.0,0.4
S2_g11_embedded_equal_resource,0.5,0.726,True,True,True,0.6,1.0,0.4
S2_g11_embedded_equal_resource,0.5,0.727,True,True,True,0.6,1.0,0.4
S2_g11_embedded_equal_resource,0.5,0.728,True,True,True,0.6,1.0,0.4
S2_g11_embedded_equal_resource,0.5,0.729,True,True,True,0.6,1.0,0.4
S2_g11_embedded_equal_resource,0.5,0.73,True,True,True,0.6,1.0,0.4
S2_g11_embedded_equal_resource,0.5,0.731,True,True,True,0.6,1.0,0.4
S2_g11_embedded_equal_resource,0.5,0.732,True,True,True,0.6,1.0,0.4
S2_g11_embedded_equal_resource,0.5,0.733,True,True,True,0.6,1.0,0.4
S2_g11_embedded_equal_resource,0.5,0.734,True,True,True,0.6,1.0,0.4
S2_g11_embedded_equal_resource,0.5,0.735,True,True,True,0.6,1.0,0.4
S2_g11_embedded_equal_resource,0.5,0.736,True,True,True,0.6,1.0,0.4
S2_g11_embedded_equal_resource,0.5,0.737,True,True,True,0.6,1.0,0.4
S2_g11_embedded_equal_resource,0.5,0.738,True,True,True,0.6,1.0,0.4
S2_g11_embedded_equal_resource,0.5,0.739,True,True,True,0.6,1.0,0.4
S2_g11_embedded_equal_resource,0.5,0.74,True,True,True,0.6,1.0,0.4
S2_g11_embedded_equal_resource,0.5,0.741,True,True,True,0.6,1.0,0.4
S2_g11_embedded_equal_resource,0.5,0.742,True,True,True,0.6,1.0,0.4
S2_g11_embedded_equal_resource,0.5,0.743,True,True,True,0.6,1.0,0.4
S2_g11_embedded_equal_resource,0.5,0.744,True,True,True,0.6,1.0,0.4
S2_g11_embedded_equal_resource,0.5,0.745,True,True,True,0.6,1.0,0.4
S2_g11_embedded_equal_resource,0.5,0.746,True,True,True,0.6,1.0,0.4
S2_g11_embedded_equal_resource,0.5,0.747,True,True,True,0.6,1.0,0.4
S2_g11_embedded_equal_resource,0.5,0.748,True,True,True,0.6,1.0,0.4
S2_g11_embedded_equal_resource,0.5,0.749,True,True,True,0.6,1.0,0.4
S2_g11_embedded_equal_resource,0.5,0.75,True,True,True,0.6,1.0,0.4
S2_g11_embedded_equal_resource,0.5,0.751,True,True,True,0.6,1.0,0.4
S2_g11_embedded_equal_resource,0.5,0.752,True,True,True,0.6,1.0,0.4
S2_g11_embedded_equal_resource,0.5,0.753,True,True,True,0.6,1.0,0.4
S2_g11_embedded_equal_resource,0.5,0.754,True,True,True,0.6,1.0,0.4
S2_g11_embedded_equal_resource,0.5,0.755,True,True,True,0.6,1.0,0.4
S2_g11_embedded_equal_resource,0.5,0.756,True,True,True,0.6,1.0,0.4
S2_g11_embedded_equal_resource,0.5,0.757,True,True,True,0.6,1.0,0.4
S2_g11_embedded_equal_resource,0.5,0.758,True,True,True,0.6,1.0,0.4
S2_g11_embedded_equal_resource,0.5,0.759,True,True,True,0.6,1.0,0.4
S2_g11_embedded_equal_resource,0.5,0.76,True,True,True,0.6,1.0,0.4
S2_g11_embedded_equal_resource,0.5,0.761,True,True,True,0.6,1.0,0.4
S2_g11_embedded_equal_resource,0.5,0.762,True,True,True,0.6,1.0,0.4
S2_g11_embedded_equal_resource,0.5,0.763,True,True,True,0.6,1.0,0.4
S2_g11_embedded_equal_resource,0.5,0.764,True,True,True,0.6,1.0,0.4
S2_g11_embedded_equal_resource,0.5,0.765,True,True,True,0.6,1.0,0.4
S2_g11_embedded_equal_resource,0.5,0.766,True,True,True,0.6,1.0,0.4
S2_g11_embedded_equal_resource,0.5,0.767,True,True,True,0.6,1.0,0.4
S2_g11_embedded_equal_resource,0.5,0.768,True,True,True,0.6,1.0,0.4
S2_g11_embedded_equal_resource,0.5,0.769,True,True,True,0.6,1.0,0.4
S2_g11_embedded_equal_resource,0.5,0.77,True,True,True,0.6,1.0,0.4
S2_g11_embedded_equal_resource,0.5,0.771,True,True,True,0.6,1.0,0.4
S2_g11_embedded_equal_resource,0.5,0.772,True,True,True,0.6,1.0,0.4
S2_g11_embedded_equal_resource,0.5,0.773,True,True,True,0.6,1.0,0.4
S2_g11_embedded_equal_resource,0.5,0.774,True,True,True,0.6,1.0,0.4
S2_g11_embedded_equal_resource,0.5,0.775,True,True,True,0.6,1.0,0.4
S2_g11_embedded_equal_resource,0.5,0.776,True,True,True,0.6,1.0,0.4
S2_g11_embedded_equal_resource,0.5,0.777,True,True,True,0.6,1.0,0.4
S2_g11_embedded_equal_resource,0.5,0.778,True,True,True,0.6,1.0,0.4
S2_g11_embedded_equal_resource,0.5,0.779,True,True,True,0.6,1.0,0.4
S2_g11_embedded_equal_resource,0.5,0.78,True,True,True,0.6,1.0,0.4
S2_g11_embedded_equal_resource,0.5,0.781,True,True,True,0.6,1.0,0.4
S2_g11_embedded_equal_resource,0.5,0.782,True,True,True,0.6,1.0,0.4
S2_g11_embedded_equal_resource,0.5,0.783,True,True,True,0.6,1.0,0.4
S2_g11_embedded_equal_resource,0.5,0.784,True,True,True,0.6,1.0,0.4
S2_g11_embedded_equal_resource,0.5,0.785,True,True,True,0.6,1.0,0.4
S2_g11_embedded_equal_resource,0.5,0.786,True,True,True,0.6,1.0,0.4
S2_g11_embedded_equal_resource,0.5,0.787,True,True,True,0.6,1.0,0.4
S2_g11_embedded_equal_resource,0.5,0.788,True,True,True,0.6,1.0,0.4
S2_g11_embedded_equal_resource,0.5,0.789,True,True,True,0.6,1.0,0.4
S2_g11_embedded_equal_resource,0.5,0.79,True,True,True,0.6,1.0,0.4
S2_g11_embedded_equal_resource,0.5,0.791,True,True,True,0.6,1.0,0.4
S2_g11_embedded_equal_resource,0.5,0.792,True,True,True,0.6,1.0,0.4
S2_g11_embedded_equal_resource,0.5,0.793,True,True,True,0.6,1.0,0.4
S2_g11_embedded_equal_resource,0.5,0.794,True,True,True,0.6,1.0,0.4
S2_g11_embedded_equal_resource,0.5,0.795,True,True,True,0.6,1.0,0.4
S2_g11_embedded_equal_resource,0.5,0.796,True,True,True,0.6,1.0,0.4
S2_g11_embedded_equal_resource,0.5,0.797,True,True,True,0.6,1.0,0.4
S2_g11_embedded_equal_resource,0.5,0.798,True,True,True,0.6,1.0,0.4
S2_g11_embedded_equal_resource,0.5,0.799,True,True,True,0.6,1.0,0.4
S2_g11_embedded_equal_resource,0.5,0.8,True,True,True,0.6,1.0,0.4
S2_g11_embedded_equal_resource,0.5,0.801,True,True,True,0.6,1.0,0.4
S2_g11_embedded_equal_resource,0.5,0.802,True,True,True,0.6,1.0,0.4
S2_g11_embedded_equal_resource,0.5,0.803,True,True,True,0.6,1.0,0.4
S2_g11_embedded_equal_resource,0.5,0.804,True,True,True,0.6,1.0,0.4
S2_g11_embedded_equal_resource,0.5,0.805,True,True,True,0.6,1.0,0.4
S2_g11_embedded_equal_resource,0.5,0.806,True,True,True,0.6,1.0,0.4
S2_g11_embedded_equal_resource,0.5,0.807,True,True,True,0.6,1.0,0.4
S2_g11_embedded_equal_resource,0.5,0.808,True,True,True,0.6,1.0,0.4
S2_g11_embedded_equal_resource,0.5,0.809,True,True,True,0.6,1.0,0.4
S2_g11_embedded_equal_resource,0.5,0.81,True,True,True,0.6,1.0,0.4
S2_g11_embedded_equal_resource,0.5,0.811,True,True,True,0.6,1.0,0.4
S2_g11_embedded_equal_resource,0.5,0.812,True,True,True,0.6,1.0,0.4
S2_g11_embedded_equal_resource,0.5,0.813,True,True,True,0.6,1.0,0.4
S2_g11_embedded_equal_resource,0.5,0.814,True,True,True,0.6,1.0,0.4
S2_g11_embedded_equal_resource,0.5,0.815,True,True,True,0.6,1.0,0.4
S2_g11_embedded_equal_resource,0.5,0.816,True,True,True,0.6,1.0,0.4
S2_g11_embedded_equal_resource,0.5,0.817,True,True,True,0.6,1.0,0.4
S2_g11_embedded_equal_resource,0.5,0.818,True,True,True,0.6,1.0,0.4
S2_g11_embedded_equal_resource,0.5,0.819,True,True,True,0.6,1.0,0.4
S2_g11_embedded_equal_resource,0.5,0.82,True,True,True,0.6,1.0,0.4
S2_g11_embedded_equal_resource,0.5,0.821,True,True,True,0.6,1.0,0.4
S2_g11_embedded_equal_resource,0.5,0.822,True,True,True,0.6,1.0,0.4
S2_g11_embedded_equal_resource,0.5,0.823,True,True,True,0.6,1.0,0.4
S2_g11_embedded_equal_resource,0.5,0.824,True,True,True,0.6,1.0,0.4
S2_g11_embedded_equal_resource,0.5,0.825,True,True,True,0.6,1.0,0.4
S2_g11_embedded_equal_resource,0.5,0.826,True,True,True,0.6,1.0,0.4
S2_g11_embedded_equal_resource,0.5,0.827,True,True,True,0.6,1.0,0.4
S2_g11_embedded_equal_resource,0.5,0.828,True,True,True,0.6,1.0,0.4
S2_g11_embedded_equal_resource,0.5,0.829,True,True,True,0.6,1.0,0.4
S2_g11_embedded_equal_resource,0.5,0.83,True,True,True,0.6,1.0,0.4
S2_g11_embedded_equal_resource,0.5,0.831,True,True,True,0.6,1.0,0.4
S2_g11_embedded_equal_resource,0.5,0.832,True,True,True,0.6,1.0,0.4
S2_g11_embedded_equal_resource,0.5,0.833,True,True,True,0.6,1.0,0.4
S2_g11_embedded_equal_resource,0.5,0.834,True,True,True,0.6,1.0,0.4
S2_g11_embedded_equal_resource,0.5,0.835,True,True,True,0.6,1.0,0.4
S2_g11_embedded_equal_resource,0.5,0.836,True,True,True,0.6,1.0,0.4
S2_g11_embedded_equal_resource,0.5,0.837,True,True,True,0.6,1.0,0.4
S2_g11_embedded_equal_resource,0.5,0.838,True,True,True,0.6,1.0,0.4
S2_g11_embedded_equal_resource,0.5,0.839,True,True,True,0.6,1.0,0.4
S2_g11_embedded_equal_resource,0.5,0.84,True,True,True,0.6,1.0,0.4
S2_g11_embedded_equal_resource,0.5,0.841,True,True,True,0.6,1.0,0.4
S2_g11_embedded_equal_resource,0.5,0.842,True,True,True,0.6,1.0,0.4
S2_g11_embedded_equal_resource,0.5,0.843,True,True,True,0.6,1.0,0.4
S2_g11_embedded_equal_resource,0.5,0.844,True,True,True,0.6,1.0,0.4
S2_g11_embedded_equal_resource,0.5,0.845,True,True,True,0.6,1.0,0.4
S2_g11_embedded_equal_resource,0.5,0.846,True,True,True,0.6,1.0,0.4
S2_g11_embedded_equal_resource,0.5,0.847,True,True,True,0.6,1.0,0.4
S2_g11_embedded_equal_resource,0.5,0.848,True,True,True,0.6,1.0,0.4
S2_g11_embedded_equal_resource,0.5,0.849,True,True,True,0.6,1.0,0.4
S2_g11_embedded_equal_resource,0.5,0.85,True,True,True,0.6,1.0,0.4
S2_g11_embedded_equal_resource,0.5,0.851,True,True,True,0.6,1.0,0.4
S2_g11_embedded_equal_resource,0.5,0.852,True,True,True,0.6,1.0,0.4
S2_g11_embedded_equal_resource,0.5,0.853,True,True,True,0.6,1.0,0.4
S2_g11_embedded_equal_resource,0.5,0.854,True,True,True,0.6,1.0,0.4
S2_g11_embedded_equal_resource,0.5,0.855,True,True,True,0.6,1.0,0.4
S2_g11_embedded_equal_resource,0.5,0.856,True,True,True,0.6,1.0,0.4
S2_g11_embedded_equal_resource,0.5,0.857,True,True,True,0.6,1.0,0.4
S2_g11_embedded_equal_resource,0.5,0.858,True,True,True,0.6,1.0,0.4
S2_g11_embedded_equal_resource,0.5,0.859,True,True,True,0.6,1.0,0.4
S2_g11_embedded_equal_resource,0.5,0.86,True,True,True,0.6,1.0,0.4
S2_g11_embedded_equal_resource,0.5,0.861,True,True,True,0.6,1.0,0.4
S2_g11_embedded_equal_resource,0.5,0.862,True,True,True,0.6,1.0,0.4
S2_g11_embedded_equal_resource,0.5,0.863,True,True,True,0.6,1.0,0.4
S2_g11_embedded_equal_resource,0.5,0.864,True,True,True,0.6,1.0,0.4
S2_g11_embedded_equal_resource,0.5,0.865,True,True,True,0.6,1.0,0.4
S2_g11_embedded_equal_resource,0.5,0.866,True,True,True,0.6,1.0,0.4
S2_g11_embedded_equal_resource,0.5,0.867,True,True,True,0.6,1.0,0.4
S2_g11_embedded_equal_resource,0.5,0.868,True,True,True,0.6,1.0,0.4
S2_g11_embedded_equal_resource,0.5,0.869,True,True,True,0.6,1.0,0.4
S2_g11_embedded_equal_resource,0.5,0.87,True,True,True,0.6,1.0,0.4
S2_g11_embedded_equal_resource,0.5,0.871,True,True,True,0.6,1.0,0.4
S2_g11_embedded_equal_resource,0.5,0.872,True,True,True,0.6,1.0,0.4
S2_g11_embedded_equal_resource,0.5,0.873,True,True,True,0.6,1.0,0.4
S2_g11_embedded_equal_resource,0.5,0.874,True,True,True,0.6,1.0,0.4
S2_g11_embedded_equal_resource,0.5,0.875,True,True,True,0.6,1.0,0.4
S2_g11_embedded_equal_resource,0.5,0.876,True,True,True,0.6,1.0,0.4
S2_g11_embedded_equal_resource,0.5,0.877,True,True,True,0.6,1.0,0.4
S2_g11_embedded_equal_resource,0.5,0.878,True,True,True,0.6,1.0,0.4
S2_g11_embedded_equal_resource,0.5,0.879,True,True,True,0.6,1.0,0.4
S2_g11_embedded_equal_resource,0.5,0.88,True,True,True,0.6,1.0,0.4
S2_g11_embedded_equal_resource,0.5,0.881,True,True,True,0.6,1.0,0.4
S2_g11_embedded_equal_resource,0.5,0.882,True,True,True,0.6,1.0,0.4
S2_g11_embedded_equal_resource,0.5,0.883,True,True,True,0.6,1.0,0.4
S2_g11_embedded_equal_resource,0.5,0.884,True,True,True,0.6,1.0,0.4
S2_g11_embedded_equal_resource,0.5,0.885,True,True,True,0.6,1.0,0.4
S2_g11_embedded_equal_resource,0.5,0.886,True,True,True,0.6,1.0,0.4
S2_g11_embedded_equal_resource,0.5,0.887,True,True,True,0.6,1.0,0.4
S2_g11_embedded_equal_resource,0.5,0.888,True,True,True,0.6,1.0,0.4
S2_g11_embedded_equal_resource,0.5,0.889,True,True,True,0.6,1.0,0.4
S2_g11_embedded_equal_resource,0.5,0.89,True,True,True,0.6,1.0,0.4
S2_g11_embedded_equal_resource,0.5,0.891,True,True,True,0.6,1.0,0.4
S2_g11_embedded_equal_resource,0.5,0.892,True,True,True,0.6,1.0,0.4
S2_g11_embedded_equal_resource,0.5,0.893,True,True,True,0.6,1.0,0.4
S2_g11_embedded_equal_resource,0.5,0.894,True,True,True,0.6,1.0,0.4
S2_g11_embedded_equal_resource,0.5,0.895,True,True,True,0.6,1.0,0.4
S2_g11_embedded_equal_resource,0.5,0.896,True,True,True,0.6,1.0,0.4
S2_g11_embedded_equal_resource,0.5,0.897,True,True,True,0.6,1.0,0.4
S2_g11_embedded_equal_resource,0.5,0.898,True,True,True,0.6,1.0,0.4
S2_g11_embedded_equal_resource,0.5,0.899,True,True,True,0.6,1.0,0.4
S2_g11_embedded_equal_resource,0.5,0.9,True,True,True,0.6,1.0,0.4
S2_g11_embedded_equal_resource,0.5,0.901,True,True,True,0.6,1.0,0.4
S2_g11_embedded_equal_resource,0.5,0.902,True,True,True,0.6,1.0,0.4
S2_g11_embedded_equal_resource,0.5,0.903,True,True,True,0.6,1.0,0.4
S2_g11_embedded_equal_resource,0.5,0.904,True,True,True,0.6,1.0,0.4
S2_g11_embedded_equal_resource,0.5,0.905,True,True,True,0.6,1.0,0.4
S2_g11_embedded_equal_resource,0.5,0.906,True,True,True,0.6,1.0,0.4
S2_g11_embedded_equal_resource,0.5,0.907,True,True,True,0.6,1.0,0.4
S2_g11_embedded_equal_resource,0.5,0.908,True,True,True,0.6,1.0,0.4
S2_g11_embedded_equal_resource,0.5,0.909,True,True,True,0.6,1.0,0.4
S2_g11_embedded_equal_resource,0.5,0.91,True,True,True,0.6,1.0,0.4
S2_g11_embedded_equal_resource,0.5,0.911,True,True,True,0.6,1.0,0.4
S2_g11_embedded_equal_resource,0.5,0.912,True,True,True,0.6,1.0,0.4
S2_g11_embedded_equal_resource,0.5,0.913,True,True,True,0.6,1.0,0.4
S2_g11_embedded_equal_resource,0.5,0.914,True,True,True,0.6,1.0,0.4
S2_g11_embedded_equal_resource,0.5,0.915,True,True,True,0.6,1.0,0.4
S2_g11_embedded_equal_resource,0.5,0.916,True,True,True,0.6,1.0,0.4
S2_g11_embedded_equal_resource,0.5,0.917,True,True,True,0.6,1.0,0.4
S2_g11_embedded_equal_resource,0.5,0.918,True,True,True,0.6,1.0,0.4
S2_g11_embedded_equal_resource,0.5,0.919,True,True,True,0.6,1.0,0.4
S2_g11_embedded_equal_resource,0.5,0.92,True,True,True,0.6,1.0,0.4
S2_g11_embedded_equal_resource,0.5,0.921,True,True,True,0.6,1.0,0.4
S2_g11_embedded_equal_resource,0.5,0.922,True,True,True,0.6,1.0,0.4
S2_g11_embedded_equal_resource,0.5,0.923,True,True,True,0.6,1.0,0.4
S2_g11_embedded_equal_resource,0.5,0.924,True,True,True,0.6,1.0,0.4
S2_g11_embedded_equal_resource,0.5,0.925,True,True,True,0.6,1.0,0.4
S2_g11_embedded_equal_resource,0.5,0.926,True,True,True,0.6,1.0,0.4
S2_g11_embedded_equal_resource,0.5,0.927,True,True,True,0.6,1.0,0.4
S2_g11_embedded_equal_resource,0.5,0.928,True,True,True,0.6,1.0,0.4
S2_g11_embedded_equal_resource,0.5,0.929,True,True,True,0.6,1.0,0.4
S2_g11_embedded_equal_resource,0.5,0.93,True,True,True,0.6,1.0,0.4
S2_g11_embedded_equal_resource,0.5,0.931,True,True,True,0.6,1.0,0.4
S2_g11_embedded_equal_resource,0.5,0.932,True,True,True,0.6,1.0,0.4
S2_g11_embedded_equal_resource,0.5,0.933,True,True,True,0.6,1.0,0.4
S2_g11_embedded_equal_resource,0.5,0.934,True,True,True,0.6,1.0,0.4
S2_g11_embedded_equal_resource,0.5,0.935,True,True,True,0.6,1.0,0.4
S2_g11_embedded_equal_resource,0.5,0.936,True,True,True,0.6,1.0,0.4
S2_g11_embedded_equal_resource,0.5,0.937,True,True,True,0.6,1.0,0.4
S2_g11_embedded_equal_resource,0.5,0.938,True,True,True,0.6,1.0,0.4
S2_g11_embedded_equal_resource,0.5,0.939,True,True,True,0.6,1.0,0.4
S2_g11_embedded_equal_resource,0.5,0.94,True,True,True,0.6,1.0,0.4
S2_g11_embedded_equal_resource,0.5,0.941,True,True,True,0.6,1.0,0.4
S2_g11_embedded_equal_resource,0.5,0.942,True,True,True,0.6,1.0,0.4
S2_g11_embedded_equal_resource,0.5,0.943,True,True,True,0.6,1.0,0.4
S2_g11_embedded_equal_resource,0.5,0.944,True,True,True,0.6,1.0,0.4
S2_g11_embedded_equal_resource,0.5,0.945,True,True,True,0.6,1.0,0.4
S2_g11_embedded_equal_resource,0.5,0.946,True,True,True,0.6,1.0,0.4
S2_g11_embedded_equal_resource,0.5,0.947,True,True,True,0.6,1.0,0.4
S2_g11_embedded_equal_resource,0.5,0.948,True,True,True,0.6,1.0,0.4
S2_g11_embedded_equal_resource,0.5,0.949,True,True,True,0.6,1.0,0.4
S2_g11_embedded_equal_resource,0.5,0.95,True,True,True,0.6,1.0,0.4
S2_g11_embedded_equal_resource,0.5,0.951,True,True,True,0.6,1.0,0.4
S2_g11_embedded_equal_resource,0.5,0.952,True,True,True,0.6,1.0,0.4
S2_g11_embedded_equal_resource,0.5,0.953,True,True,True,0.6,1.0,0.4
S2_g11_embedded_equal_resource,0.5,0.954,True,True,True,0.6,1.0,0.4
S2_g11_embedded_equal_resource,0.5,0.955,True,True,True,0.6,1.0,0.4
S2_g11_embedded_equal_resource,0.5,0.956,True,True,True,0.6,1.0,0.4
S2_g11_embedded_equal_resource,0.5,0.957,True,True,True,0.6,1.0,0.4
S2_g11_embedded_equal_resource,0.5,0.958,True,True,True,0.6,1.0,0.4
S2_g11_embedded_equal_resource,0.5,0.959,True,True,True,0.6,1.0,0.4
S2_g11_embedded_equal_resource,0.5,0.96,True,True,True,0.6,1.0,0.4
S2_g11_embedded_equal_resource,0.5,0.961,True,True,True,0.6,1.0,0.4
S2_g11_embedded_equal_resource,0.5,0.962,True,True,True,0.6,1.0,0.4
S2_g11_embedded_equal_resource,0.5,0.963,True,True,True,0.6,1.0,0.4
S2_g11_embedded_equal_resource,0.5,0.964,True,True,True,0.6,1.0,0.4
S2_g11_embedded_equal_resource,0.5,0.965,True,True,True,0.6,1.0,0.4
S2_g11_embedded_equal_resource,0.5,0.966,True,True,True,0.6,1.0,0.4
S2_g11_embedded_equal_resource,0.5,0.967,True,True,True,0.6,1.0,0.4
S2_g11_embedded_equal_resource,0.5,0.968,True,True,True,0.6,1.0,0.4
S2_g11_embedded_equal_resource,0.5,0.969,True,True,True,0.6,1.0,0.4
S2_g11_embedded_equal_resource,0.5,0.97,True,True,True,0.6,1.0,0.4
S2_g11_embedded_equal_resource,0.5,0.971,True,True,True,0.6,1.0,0.4
S2_g11_embedded_equal_resource,0.5,0.972,True,True,True,0.6,1.0,0.4
S2_g11_embedded_equal_resource,0.5,0.973,True,True,True,0.6,1.0,0.4
S2_g11_embedded_equal_resource,0.5,0.974,True,True,True,0.6,1.0,0.4
S2_g11_embedded_equal_resource,0.5,0.975,True,True,True,0.6,1.0,0.4
S2_g11_embedded_equal_resource,0.5,0.976,True,True,True,0.6,1.0,0.4
S2_g11_embedded_equal_resource,0.5,0.977,True,True,True,0.6,1.0,0.4
S2_g11_embedded_equal_resource,0.5,0.978,True,True,True,0.6,1.0,0.4
S2_g11_embedded_equal_resource,0.5,0.979,True,True,True,0.6,1.0,0.4
S2_g11_embedded_equal_resource,0.5,0.98,True,True,True,0.6,1.0,0.4
S2_g11_embedded_equal_resource,0.5,0.981,True,True,True,0.6,1.0,0.4
S2_g11_embedded_equal_resource,0.5,0.982,True,True,True,0.6,1.0,0.4
S2_g11_embedded_equal_resource,0.5,0.983,True,True,True,0.6,1.0,0.4
S2_g11_embedded_equal_resource,0.5,0.984,True,True,True,0.6,1.0,0.4
S2_g11_embedded_equal_resource,0.5,0.985,True,True,True,0.6,1.0,0.4
S2_g11_embedded_equal_resource,0.5,0.986,True,True,True,0.6,1.0,0.4
S2_g11_embedded_equal_resource,0.5,0.987,True,True,True,0.6,1.0,0.4
S2_g11_embedded_equal_resource,0.5,0.988,True,True,True,0.6,1.0,0.4
S2_g11_embedded_equal_resource,0.5,0.989,True,True,True,0.6,1.0,0.4
S2_g11_embedded_equal_resource,0.5,0.99,True,True,True,0.6,1.0,0.4
S2_g11_embedded_equal_resource,0.5,0.991,True,True,True,0.6,1.0,0.4
S2_g11_embedded_equal_resource,0.5,0.992,True,True,True,0.6,1.0,0.4
S2_g11_embedded_equal_resource,0.5,0.993,True,True,True,0.6,1.0,0.4
S2_g11_embedded_equal_resource,0.5,0.994,True,True,True,0.6,1.0,0.4
S2_g11_embedded_equal_resource,0.5,0.995,True,True,True,0.6,1.0,0.4
S2_g11_embedded_equal_resource,0.5,0.996,True,True,True,0.6,1.0,0.4
S2_g11_embedded_equal_resource,0.5,0.997,True,True,True,0.6,1.0,0.4
S2_g11_embedded_equal_resource,0.5,0.998,True,True,True,0.6,1.0,0.4
S2_g11_embedded_equal_resource,0.5,0.999,True,True,True,0.6,1.0,0.4
S2_g11_embedded_equal_resource,0.5,1.0,True,True,True,0.6,1.0,0.4
S3_bicriterion_tradeoff,0.5,0.0,False,False,False,,,
S3_bicriterion_tradeoff,0.5,0.001,False,False,False,,,
S3_bicriterion_tradeoff,0.5,0.002,False,False,False,,,
S3_bicriterion_tradeoff,0.5,0.003,False,False,False,,,
S3_bicriterion_tradeoff,0.5,0.004,False,False,False,,,
S3_bicriterion_tradeoff,0.5,0.005,False,False,False,,,
S3_bicriterion_tradeoff,0.5,0.006,False,False,False,,,
S3_bicriterion_tradeoff,0.5,0.007,False,False,False,,,
S3_bicriterion_tradeoff,0.5,0.008,False,False,False,,,
S3_bicriterion_tradeoff,0.5,0.009,False,False,False,,,
S3_bicriterion_tradeoff,0.5,0.01,False,False,False,,,
S3_bicriterion_tradeoff,0.5,0.011,False,False,False,,,
S3_bicriterion_tradeoff,0.5,0.012,False,False,False,,,
S3_bicriterion_tradeoff,0.5,0.013,False,False,False,,,
S3_bicriterion_tradeoff,0.5,0.014,False,False,False,,,
S3_bicriterion_tradeoff,0.5,0.015,False,False,False,,,
S3_bicriterion_tradeoff,0.5,0.016,False,False,False,,,
S3_bicriterion_tradeoff,0.5,0.017,False,False,False,,,
S3_bicriterion_tradeoff,0.5,0.018,False,False,False,,,
S3_bicriterion_tradeoff,0.5,0.019,False,False,False,,,
S3_bicriterion_tradeoff,0.5,0.02,False,False,False,,,
S3_bicriterion_tradeoff,0.5,0.021,False,False,False,,,
S3_bicriterion_tradeoff,0.5,0.022,False,False,False,,,
S3_bicriterion_tradeoff,0.5,0.023,False,False,False,,,
S3_bicriterion_tradeoff,0.5,0.024,False,False,False,,,
S3_bicriterion_tradeoff,0.5,0.025,False,False,False,,,
S3_bicriterion_tradeoff,0.5,0.026,False,False,False,,,
S3_bicriterion_tradeoff,0.5,0.027,False,False,False,,,
S3_bicriterion_tradeoff,0.5,0.028,False,False,False,,,
S3_bicriterion_tradeoff,0.5,0.029,False,False,False,,,
S3_bicriterion_tradeoff,0.5,0.03,False,False,False,,,
S3_bicriterion_tradeoff,0.5,0.031,False,False,False,,,
S3_bicriterion_tradeoff,0.5,0.032,False,False,False,,,
S3_bicriterion_tradeoff,0.5,0.033,False,False,False,,,
S3_bicriterion_tradeoff,0.5,0.034,False,False,False,,,
S3_bicriterion_tradeoff,0.5,0.035,False,False,False,,,
S3_bicriterion_tradeoff,0.5,0.036,False,False,False,,,
S3_bicriterion_tradeoff,0.5,0.037,False,False,False,,,
S3_bicriterion_tradeoff,0.5,0.038,False,False,False,,,
S3_bicriterion_tradeoff,0.5,0.039,False,False,False,,,
S3_bicriterion_tradeoff,0.5,0.04,False,False,False,,,
S3_bicriterion_tradeoff,0.5,0.041,False,False,False,,,
S3_bicriterion_tradeoff,0.5,0.042,False,False,False,,,
S3_bicriterion_tradeoff,0.5,0.043,False,False,False,,,
S3_bicriterion_tradeoff,0.5,0.044,False,False,False,,,
S3_bicriterion_tradeoff,0.5,0.045,False,False,False,,,
S3_bicriterion_tradeoff,0.5,0.046,False,False,False,,,
S3_bicriterion_tradeoff,0.5,0.047,False,False,False,,,
S3_bicriterion_tradeoff,0.5,0.048,False,False,False,,,
S3_bicriterion_tradeoff,0.5,0.049,False,False,False,,,
S3_bicriterion_tradeoff,0.5,0.05,False,False,False,,,
S3_bicriterion_tradeoff,0.5,0.051,False,False,False,,,
S3_bicriterion_tradeoff,0.5,0.052,False,False,False,,,
S3_bicriterion_tradeoff,0.5,0.053,False,False,False,,,
S3_bicriterion_tradeoff,0.5,0.054,False,False,False,,,
S3_bicriterion_tradeoff,0.5,0.055,False,False,False,,,
S3_bicriterion_tradeoff,0.5,0.056,False,False,False,,,
S3_bicriterion_tradeoff,0.5,0.057,False,False,False,,,
S3_bicriterion_tradeoff,0.5,0.058,False,False,False,,,
S3_bicriterion_tradeoff,0.5,0.059,False,False,False,,,
S3_bicriterion_tradeoff,0.5,0.06,False,False,False,,,
S3_bicriterion_tradeoff,0.5,0.061,False,False,False,,,
S3_bicriterion_tradeoff,0.5,0.062,False,False,False,,,
S3_bicriterion_tradeoff,0.5,0.063,False,False,False,,,
S3_bicriterion_tradeoff,0.5,0.064,False,False,False,,,
S3_bicriterion_tradeoff,0.5,0.065,False,False,False,,,
S3_bicriterion_tradeoff,0.5,0.066,False,False,False,,,
S3_bicriterion_tradeoff,0.5,0.067,False,False,False,,,
S3_bicriterion_tradeoff,0.5,0.068,False,False,False,,,
S3_bicriterion_tradeoff,0.5,0.069,False,False,False,,,
S3_bicriterion_tradeoff,0.5,0.07,False,False,False,,,
S3_bicriterion_tradeoff,0.5,0.071,False,False,False,,,
S3_bicriterion_tradeoff,0.5,0.072,False,False,False,,,
S3_bicriterion_tradeoff,0.5,0.073,False,False,False,,,
S3_bicriterion_tradeoff,0.5,0.074,False,False,False,,,
S3_bicriterion_tradeoff,0.5,0.075,False,False,False,,,
S3_bicriterion_tradeoff,0.5,0.076,False,False,False,,,
S3_bicriterion_tradeoff,0.5,0.077,False,False,False,,,
S3_bicriterion_tradeoff,0.5,0.078,False,False,False,,,
S3_bicriterion_tradeoff,0.5,0.079,False,False,False,,,
S3_bicriterion_tradeoff,0.5,0.08,False,False,False,,,
S3_bicriterion_tradeoff,0.5,0.081,False,False,False,,,
S3_bicriterion_tradeoff,0.5,0.082,False,False,False,,,
S3_bicriterion_tradeoff,0.5,0.083,False,False,False,,,
S3_bicriterion_tradeoff,0.5,0.084,False,False,False,,,
S3_bicriterion_tradeoff,0.5,0.085,False,False,False,,,
S3_bicriterion_tradeoff,0.5,0.086,False,False,False,,,
S3_bicriterion_tradeoff,0.5,0.087,False,False,False,,,
S3_bicriterion_tradeoff,0.5,0.088,False,False,False,,,
S3_bicriterion_tradeoff,0.5,0.089,False,False,False,,,
S3_bicriterion_tradeoff,0.5,0.09,False,False,False,,,
S3_bicriterion_tradeoff,0.5,0.091,False,False,False,,,
S3_bicriterion_tradeoff,0.5,0.092,False,False,False,,,
S3_bicriterion_tradeoff,0.5,0.093,False,False,False,,,
S3_bicriterion_tradeoff,0.5,0.094,False,False,False,,,
S3_bicriterion_tradeoff,0.5,0.095,False,False,False,,,
S3_bicriterion_tradeoff,0.5,0.096,False,False,False,,,
S3_bicriterion_tradeoff,0.5,0.097,False,False,False,,,
S3_bicriterion_tradeoff,0.5,0.098,False,False,False,,,
S3_bicriterion_tradeoff,0.5,0.099,False,False,False,,,
S3_bicriterion_tradeoff,0.5,0.1,False,False,False,,,
S3_bicriterion_tradeoff,0.5,0.101,False,False,False,,,
S3_bicriterion_tradeoff,0.5,0.102,False,False,False,,,
S3_bicriterion_tradeoff,0.5,0.103,False,False,False,,,
S3_bicriterion_tradeoff,0.5,0.104,False,False,False,,,
S3_bicriterion_tradeoff,0.5,0.105,False,False,False,,,
S3_bicriterion_tradeoff,0.5,0.106,False,False,False,,,
S3_bicriterion_tradeoff,0.5,0.107,False,False,False,,,
S3_bicriterion_tradeoff,0.5,0.108,False,False,False,,,
S3_bicriterion_tradeoff,0.5,0.109,False,False,False,,,
S3_bicriterion_tradeoff,0.5,0.11,False,False,False,,,
S3_bicriterion_tradeoff,0.5,0.111,False,False,False,,,
S3_bicriterion_tradeoff,0.5,0.112,False,False,False,,,
S3_bicriterion_tradeoff,0.5,0.113,False,False,False,,,
S3_bicriterion_tradeoff,0.5,0.114,False,False,False,,,
S3_bicriterion_tradeoff,0.5,0.115,False,False,False,,,
S3_bicriterion_tradeoff,0.5,0.116,False,False,False,,,
S3_bicriterion_tradeoff,0.5,0.117,False,False,False,,,
S3_bicriterion_tradeoff,0.5,0.118,False,False,False,,,
S3_bicriterion_tradeoff,0.5,0.119,False,False,False,,,
S3_bicriterion_tradeoff,0.5,0.12,False,False,False,,,
S3_bicriterion_tradeoff,0.5,0.121,False,False,False,,,
S3_bicriterion_tradeoff,0.5,0.122,False,False,False,,,
S3_bicriterion_tradeoff,0.5,0.123,False,False,False,,,
S3_bicriterion_tradeoff,0.5,0.124,False,False,False,,,
S3_bicriterion_tradeoff,0.5,0.125,False,False,False,,,
S3_bicriterion_tradeoff,0.5,0.126,False,False,False,,,
S3_bicriterion_tradeoff,0.5,0.127,False,False,False,,,
S3_bicriterion_tradeoff,0.5,0.128,False,False,False,,,
S3_bicriterion_tradeoff,0.5,0.129,False,False,False,,,
S3_bicriterion_tradeoff,0.5,0.13,False,False,False,,,
S3_bicriterion_tradeoff,0.5,0.131,False,False,False,,,
S3_bicriterion_tradeoff,0.5,0.132,False,False,False,,,
S3_bicriterion_tradeoff,0.5,0.133,False,False,False,,,
S3_bicriterion_tradeoff,0.5,0.134,False,False,False,,,
S3_bicriterion_tradeoff,0.5,0.135,False,False,False,,,
S3_bicriterion_tradeoff,0.5,0.136,False,False,False,,,
S3_bicriterion_tradeoff,0.5,0.137,False,False,False,,,
S3_bicriterion_tradeoff,0.5,0.138,False,False,False,,,
S3_bicriterion_tradeoff,0.5,0.139,False,False,False,,,
S3_bicriterion_tradeoff,0.5,0.14,False,False,False,,,
S3_bicriterion_tradeoff,0.5,0.141,False,False,False,,,
S3_bicriterion_tradeoff,0.5,0.142,False,False,False,,,
S3_bicriterion_tradeoff,0.5,0.143,False,False,False,,,
S3_bicriterion_tradeoff,0.5,0.144,False,False,False,,,
S3_bicriterion_tradeoff,0.5,0.145,False,False,False,,,
S3_bicriterion_tradeoff,0.5,0.146,False,False,False,,,
S3_bicriterion_tradeoff,0.5,0.147,False,False,False,,,
S3_bicriterion_tradeoff,0.5,0.148,False,False,False,,,
S3_bicriterion_tradeoff,0.5,0.149,False,False,False,,,
S3_bicriterion_tradeoff,0.5,0.15,False,False,False,,,
S3_bicriterion_tradeoff,0.5,0.151,False,False,False,,,
S3_bicriterion_tradeoff,0.5,0.152,False,False,False,,,
S3_bicriterion_tradeoff,0.5,0.153,False,False,False,,,
S3_bicriterion_tradeoff,0.5,0.154,False,False,False,,,
S3_bicriterion_tradeoff,0.5,0.155,False,False,False,,,
S3_bicriterion_tradeoff,0.5,0.156,False,False,False,,,
S3_bicriterion_tradeoff,0.5,0.157,False,False,False,,,
S3_bicriterion_tradeoff,0.5,0.158,False,False,False,,,
S3_bicriterion_tradeoff,0.5,0.159,False,False,False,,,
S3_bicriterion_tradeoff,0.5,0.16,False,False,False,,,
S3_bicriterion_tradeoff,0.5,0.161,False,False,False,,,
S3_bicriterion_tradeoff,0.5,0.162,False,False,False,,,
S3_bicriterion_tradeoff,0.5,0.163,False,False,False,,,
S3_bicriterion_tradeoff,0.5,0.164,False,False,False,,,
S3_bicriterion_tradeoff,0.5,0.165,False,False,False,,,
S3_bicriterion_tradeoff,0.5,0.166,False,False,False,,,
S3_bicriterion_tradeoff,0.5,0.167,False,False,False,,,
S3_bicriterion_tradeoff,0.5,0.168,False,False,False,,,
S3_bicriterion_tradeoff,0.5,0.169,False,False,False,,,
S3_bicriterion_tradeoff,0.5,0.17,False,False,False,,,
S3_bicriterion_tradeoff,0.5,0.171,False,False,False,,,
S3_bicriterion_tradeoff,0.5,0.172,False,False,False,,,
S3_bicriterion_tradeoff,0.5,0.173,False,False,False,,,
S3_bicriterion_tradeoff,0.5,0.174,False,False,False,,,
S3_bicriterion_tradeoff,0.5,0.175,False,False,False,,,
S3_bicriterion_tradeoff,0.5,0.176,False,False,False,,,
S3_bicriterion_tradeoff,0.5,0.177,False,False,False,,,
S3_bicriterion_tradeoff,0.5,0.178,False,False,False,,,
S3_bicriterion_tradeoff,0.5,0.179,False,False,False,,,
S3_bicriterion_tradeoff,0.5,0.18,False,False,False,,,
S3_bicriterion_tradeoff,0.5,0.181,False,False,False,,,
S3_bicriterion_tradeoff,0.5,0.182,False,False,False,,,
S3_bicriterion_tradeoff,0.5,0.183,False,False,False,,,
S3_bicriterion_tradeoff,0.5,0.184,False,False,False,,,
S3_bicriterion_tradeoff,0.5,0.185,False,False,False,,,
S3_bicriterion_tradeoff,0.5,0.186,False,False,False,,,
S3_bicriterion_tradeoff,0.5,0.187,False,False,False,,,
S3_bicriterion_tradeoff,0.5,0.188,False,False,False,,,
S3_bicriterion_tradeoff,0.5,0.189,False,False,False,,,
S3_bicriterion_tradeoff,0.5,0.19,False,False,False,,,
S3_bicriterion_tradeoff,0.5,0.191,False,False,False,,,
S3_bicriterion_tradeoff,0.5,0.192,False,False,False,,,
S3_bicriterion_tradeoff,0.5,0.193,False,False,False,,,
S3_bicriterion_tradeoff,0.5,0.194,False,False,False,,,
S3_bicriterion_tradeoff,0.5,0.195,False,False,False,,,
S3_bicriterion_tradeoff,0.5,0.196,False,False,False,,,
S3_bicriterion_tradeoff,0.5,0.197,False,False,False,,,
S3_bicriterion_tradeoff,0.5,0.198,False,False,False,,,
S3_bicriterion_tradeoff,0.5,0.199,False,False,False,,,
S3_bicriterion_tradeoff,0.5,0.2,False,False,False,,,
S3_bicriterion_tradeoff,0.5,0.201,False,False,False,,,
S3_bicriterion_tradeoff,0.5,0.202,False,False,False,,,
S3_bicriterion_tradeoff,0.5,0.203,False,False,False,,,
S3_bicriterion_tradeoff,0.5,0.204,False,False,False,,,
S3_bicriterion_tradeoff,0.5,0.205,False,False,False,,,
S3_bicriterion_tradeoff,0.5,0.206,False,False,False,,,
S3_bicriterion_tradeoff,0.5,0.207,False,False,False,,,
S3_bicriterion_tradeoff,0.5,0.208,False,False,False,,,
S3_bicriterion_tradeoff,0.5,0.209,False,False,False,,,
S3_bicriterion_tradeoff,0.5,0.21,False,False,False,,,
S3_bicriterion_tradeoff,0.5,0.211,False,False,False,,,
S3_bicriterion_tradeoff,0.5,0.212,False,False,False,,,
S3_bicriterion_tradeoff,0.5,0.213,False,False,False,,,
S3_bicriterion_tradeoff,0.5,0.214,False,False,False,,,
S3_bicriterion_tradeoff,0.5,0.215,False,False,False,,,
S3_bicriterion_tradeoff,0.5,0.216,False,False,False,,,
S3_bicriterion_tradeoff,0.5,0.217,False,False,False,,,
S3_bicriterion_tradeoff,0.5,0.218,False,False,False,,,
S3_bicriterion_tradeoff,0.5,0.219,False,False,False,,,
S3_bicriterion_tradeoff,0.5,0.22,False,False,False,,,
S3_bicriterion_tradeoff,0.5,0.221,False,False,False,,,
S3_bicriterion_tradeoff,0.5,0.222,False,False,False,,,
S3_bicriterion_tradeoff,0.5,0.223,False,False,False,,,
S3_bicriterion_tradeoff,0.5,0.224,False,False,False,,,
S3_bicriterion_tradeoff,0.5,0.225,False,False,False,,,
S3_bicriterion_tradeoff,0.5,0.226,False,False,False,,,
S3_bicriterion_tradeoff,0.5,0.227,False,False,False,,,
S3_bicriterion_tradeoff,0.5,0.228,False,False,False,,,
S3_bicriterion_tradeoff,0.5,0.229,False,False,False,,,
S3_bicriterion_tradeoff,0.5,0.23,False,False,False,,,
S3_bicriterion_tradeoff,0.5,0.231,False,False,False,,,
S3_bicriterion_tradeoff,0.5,0.232,False,False,False,,,
S3_bicriterion_tradeoff,0.5,0.233,False,False,False,,,
S3_bicriterion_tradeoff,0.5,0.234,False,False,False,,,
S3_bicriterion_tradeoff,0.5,0.235,False,False,False,,,
S3_bicriterion_tradeoff,0.5,0.236,False,False,False,,,
S3_bicriterion_tradeoff,0.5,0.237,False,False,False,,,
S3_bicriterion_tradeoff,0.5,0.238,False,False,False,,,
S3_bicriterion_tradeoff,0.5,0.239,False,False,False,,,
S3_bicriterion_tradeoff,0.5,0.24,False,False,False,,,
S3_bicriterion_tradeoff,0.5,0.241,False,False,False,,,
S3_bicriterion_tradeoff,0.5,0.242,False,False,False,,,
S3_bicriterion_tradeoff,0.5,0.243,False,False,False,,,
S3_bicriterion_tradeoff,0.5,0.244,False,False,False,,,
S3_bicriterion_tradeoff,0.5,0.245,False,False,False,,,
S3_bicriterion_tradeoff,0.5,0.246,False,False,False,,,
S3_bicriterion_tradeoff,0.5,0.247,False,False,False,,,
S3_bicriterion_tradeoff,0.5,0.248,False,False,False,,,
S3_bicriterion_tradeoff,0.5,0.249,False,False,False,,,
S3_bicriterion_tradeoff,0.5,0.25,False,False,False,,,
S3_bicriterion_tradeoff,0.5,0.251,False,False,False,,,
S3_bicriterion_tradeoff,0.5,0.252,False,False,False,,,
S3_bicriterion_tradeoff,0.5,0.253,False,False,False,,,
S3_bicriterion_tradeoff,0.5,0.254,False,False,False,,,
S3_bicriterion_tradeoff,0.5,0.255,False,False,False,,,
S3_bicriterion_tradeoff,0.5,0.256,False,False,False,,,
S3_bicriterion_tradeoff,0.5,0.257,False,False,False,,,
S3_bicriterion_tradeoff,0.5,0.258,False,False,False,,,
S3_bicriterion_tradeoff,0.5,0.259,False,False,False,,,
S3_bicriterion_tradeoff,0.5,0.26,False,False,False,,,
S3_bicriterion_tradeoff,0.5,0.261,False,False,False,,,
S3_bicriterion_tradeoff,0.5,0.262,False,False,False,,,
S3_bicriterion_tradeoff,0.5,0.263,False,False,False,,,
S3_bicriterion_tradeoff,0.5,0.264,False,False,False,,,
S3_bicriterion_tradeoff,0.5,0.265,False,False,False,,,
S3_bicriterion_tradeoff,0.5,0.266,False,False,False,,,
S3_bicriterion_tradeoff,0.5,0.267,False,False,False,,,
S3_bicriterion_tradeoff,0.5,0.268,False,False,False,,,
S3_bicriterion_tradeoff,0.5,0.269,False,False,False,,,
S3_bicriterion_tradeoff,0.5,0.27,False,False,False,,,
S3_bicriterion_tradeoff,0.5,0.271,False,False,False,,,
S3_bicriterion_tradeoff,0.5,0.272,False,False,False,,,
S3_bicriterion_tradeoff,0.5,0.273,False,False,False,,,
S3_bicriterion_tradeoff,0.5,0.274,False,False,False,,,
S3_bicriterion_tradeoff,0.5,0.275,False,False,False,,,
S3_bicriterion_tradeoff,0.5,0.276,False,False,False,,,
S3_bicriterion_tradeoff,0.5,0.277,False,False,False,,,
S3_bicriterion_tradeoff,0.5,0.278,False,False,False,,,
S3_bicriterion_tradeoff,0.5,0.279,False,False,False,,,
S3_bicriterion_tradeoff,0.5,0.28,False,False,False,,,
S3_bicriterion_tradeoff,0.5,0.281,False,False,False,,,
S3_bicriterion_tradeoff,0.5,0.282,False,False,False,,,
S3_bicriterion_tradeoff,0.5,0.283,False,False,False,,,
S3_bicriterion_tradeoff,0.5,0.284,False,False,False,,,
S3_bicriterion_tradeoff,0.5,0.285,False,False,False,,,
S3_bicriterion_tradeoff,0.5,0.286,False,False,False,,,
S3_bicriterion_tradeoff,0.5,0.287,False,False,False,,,
S3_bicriterion_tradeoff,0.5,0.288,False,False,False,,,
S3_bicriterion_tradeoff,0.5,0.289,False,False,False,,,
S3_bicriterion_tradeoff,0.5,0.29,False,False,False,,,
S3_bicriterion_tradeoff,0.5,0.291,False,False,False,,,
S3_bicriterion_tradeoff,0.5,0.292,False,False,False,,,
S3_bicriterion_tradeoff,0.5,0.293,False,False,False,,,
S3_bicriterion_tradeoff,0.5,0.294,False,False,False,,,
S3_bicriterion_tradeoff,0.5,0.295,False,False,False,,,
S3_bicriterion_tradeoff,0.5,0.296,False,False,False,,,
S3_bicriterion_tradeoff,0.5,0.297,False,False,False,,,
S3_bicriterion_tradeoff,0.5,0.298,False,False,False,,,
S3_bicriterion_tradeoff,0.5,0.299,False,False,False,,,
S3_bicriterion_tradeoff,0.5,0.3,False,False,False,,,
S3_bicriterion_tradeoff,0.5,0.301,False,False,False,,,
S3_bicriterion_tradeoff,0.5,0.302,False,False,False,,,
S3_bicriterion_tradeoff,0.5,0.303,False,False,False,,,
S3_bicriterion_tradeoff,0.5,0.304,False,False,False,,,
S3_bicriterion_tradeoff,0.5,0.305,False,False,False,,,
S3_bicriterion_tradeoff,0.5,0.306,False,False,False,,,
S3_bicriterion_tradeoff,0.5,0.307,False,False,False,,,
S3_bicriterion_tradeoff,0.5,0.308,False,False,False,,,
S3_bicriterion_tradeoff,0.5,0.309,False,False,False,,,
S3_bicriterion_tradeoff,0.5,0.31,False,False,False,,,
S3_bicriterion_tradeoff,0.5,0.311,False,False,False,,,
S3_bicriterion_tradeoff,0.5,0.312,False,False,False,,,
S3_bicriterion_tradeoff,0.5,0.313,False,False,False,,,
S3_bicriterion_tradeoff,0.5,0.314,False,False,False,,,
S3_bicriterion_tradeoff,0.5,0.315,False,False,False,,,
S3_bicriterion_tradeoff,0.5,0.316,False,False,False,,,
S3_bicriterion_tradeoff,0.5,0.317,False,False,False,,,
S3_bicriterion_tradeoff,0.5,0.318,False,False,False,,,
S3_bicriterion_tradeoff,0.5,0.319,False,False,False,,,
S3_bicriterion_tradeoff,0.5,0.32,False,False,False,,,
S3_bicriterion_tradeoff,0.5,0.321,False,False,False,,,
S3_bicriterion_tradeoff,0.5,0.322,False,False,False,,,
S3_bicriterion_tradeoff,0.5,0.323,False,False,False,,,
S3_bicriterion_tradeoff,0.5,0.324,False,False,False,,,
S3_bicriterion_tradeoff,0.5,0.325,False,False,False,,,
S3_bicriterion_tradeoff,0.5,0.326,False,False,False,,,
S3_bicriterion_tradeoff,0.5,0.327,False,False,False,,,
S3_bicriterion_tradeoff,0.5,0.328,False,False,False,,,
S3_bicriterion_tradeoff,0.5,0.329,False,False,False,,,
S3_bicriterion_tradeoff,0.5,0.33,False,False,False,,,
S3_bicriterion_tradeoff,0.5,0.331,False,False,False,,,
S3_bicriterion_tradeoff,0.5,0.332,False,False,False,,,
S3_bicriterion_tradeoff,0.5,0.333,False,False,False,,,
S3_bicriterion_tradeoff,0.5,0.334,False,False,False,,,
S3_bicriterion_tradeoff,0.5,0.335,False,False,False,,,
S3_bicriterion_tradeoff,0.5,0.336,False,False,False,,,
S3_bicriterion_tradeoff,0.5,0.337,False,False,False,,,
S3_bicriterion_tradeoff,0.5,0.338,False,False,False,,,
S3_bicriterion_tradeoff,0.5,0.339,False,False,False,,,
S3_bicriterion_tradeoff,0.5,0.34,False,False,False,,,
S3_bicriterion_tradeoff,0.5,0.341,False,False,False,,,
S3_bicriterion_tradeoff,0.5,0.342,False,False,False,,,
S3_bicriterion_tradeoff,0.5,0.343,False,False,False,,,
S3_bicriterion_tradeoff,0.5,0.344,False,False,False,,,
S3_bicriterion_tradeoff,0.5,0.345,False,False,False,,,
S3_bicriterion_tradeoff,0.5,0.346,False,False,False,,,
S3_bicriterion_tradeoff,0.5,0.347,False,False,False,,,
S3_bicriterion_tradeoff,0.5,0.348,False,False,False,,,
S3_bicriterion_tradeoff,0.5,0.349,False,False,False,,,
S3_bicriterion_tradeoff,0.5,0.35,False,False,False,,,
S3_bicriterion_tradeoff,0.5,0.351,False,False,False,,,
S3_bicriterion_tradeoff,0.5,0.352,False,False,False,,,
S3_bicriterion_tradeoff,0.5,0.353,False,False,False,,,
S3_bicriterion_tradeoff,0.5,0.354,False,False,False,,,
S3_bicriterion_tradeoff,0.5,0.355,False,False,False,,,
S3_bicriterion_tradeoff,0.5,0.356,False,False,False,,,
S3_bicriterion_tradeoff,0.5,0.357,False,False,False,,,
S3_bicriterion_tradeoff,0.5,0.358,False,False,False,,,
S3_bicriterion_tradeoff,0.5,0.359,False,False,False,,,
S3_bicriterion_tradeoff,0.5,0.36,False,False,False,,,
S3_bicriterion_tradeoff,0.5,0.361,False,False,False,,,
S3_bicriterion_tradeoff,0.5,0.362,False,False,False,,,
S3_bicriterion_tradeoff,0.5,0.363,False,False,False,,,
S3_bicriterion_tradeoff,0.5,0.364,False,False,False,,,
S3_bicriterion_tradeoff,0.5,0.365,False,False,False,,,
S3_bicriterion_tradeoff,0.5,0.366,False,False,False,,,
S3_bicriterion_tradeoff,0.5,0.367,False,False,False,,,
S3_bicriterion_tradeoff,0.5,0.368,False,False,False,,,
S3_bicriterion_tradeoff,0.5,0.369,False,False,False,,,
S3_bicriterion_tradeoff,0.5,0.37,False,False,False,,,
S3_bicriterion_tradeoff,0.5,0.371,False,False,False,,,
S3_bicriterion_tradeoff,0.5,0.372,False,False,False,,,
S3_bicriterion_tradeoff,0.5,0.373,False,False,False,,,
S3_bicriterion_tradeoff,0.5,0.374,False,False,False,,,
S3_bicriterion_tradeoff,0.5,0.375,False,False,False,,,
S3_bicriterion_tradeoff,0.5,0.376,False,False,False,,,
S3_bicriterion_tradeoff,0.5,0.377,False,False,False,,,
S3_bicriterion_tradeoff,0.5,0.378,False,False,False,,,
S3_bicriterion_tradeoff,0.5,0.379,False,False,False,,,
S3_bicriterion_tradeoff,0.5,0.38,False,False,False,,,
S3_bicriterion_tradeoff,0.5,0.381,False,False,False,,,
S3_bicriterion_tradeoff,0.5,0.382,False,False,False,,,
S3_bicriterion_tradeoff,0.5,0.383,False,False,False,,,
S3_bicriterion_tradeoff,0.5,0.384,False,False,False,,,
S3_bicriterion_tradeoff,0.5,0.385,False,False,False,,,
S3_bicriterion_tradeoff,0.5,0.386,False,False,False,,,
S3_bicriterion_tradeoff,0.5,0.387,False,False,False,,,
S3_bicriterion_tradeoff,0.5,0.388,False,False,False,,,
S3_bicriterion_tradeoff,0.5,0.389,False,False,False,,,
S3_bicriterion_tradeoff,0.5,0.39,False,False,False,,,
S3_bicriterion_tradeoff,0.5,0.391,False,False,False,,,
S3_bicriterion_tradeoff,0.5,0.392,False,False,False,,,
S3_bicriterion_tradeoff,0.5,0.393,False,False,False,,,
S3_bicriterion_tradeoff,0.5,0.394,False,False,False,,,
S3_bicriterion_tradeoff,0.5,0.395,False,False,False,,,
S3_bicriterion_tradeoff,0.5,0.396,False,False,False,,,
S3_bicriterion_tradeoff,0.5,0.397,False,False,False,,,
S3_bicriterion_tradeoff,0.5,0.398,False,False,False,,,
S3_bicriterion_tradeoff,0.5,0.399,False,False,False,,,
S3_bicriterion_tradeoff,0.5,0.4,False,True,False,,0.35,
S3_bicriterion_tradeoff,0.5,0.401,False,True,False,,0.3515,
S3_bicriterion_tradeoff,0.5,0.402,False,True,False,,0.353,
S3_bicriterion_tradeoff,0.5,0.403,False,True,False,,0.3545,
S3_bicriterion_tradeoff,0.5,0.404,False,True,False,,0.356,
S3_bicriterion_tradeoff,0.5,0.405,False,True,False,,0.3575,
S3_bicriterion_tradeoff,0.5,0.406,False,True,False,,0.359,
S3_bicriterion_tradeoff,0.5,0.407,False,True,False,,0.3604999999999999,
S3_bicriterion_tradeoff,0.5,0.408,False,True,False,,0.3619999999999999,
S3_bicriterion_tradeoff,0.5,0.409,False,True,False,,0.3634999999999999,
S3_bicriterion_tradeoff,0.5,0.41,False,True,False,,0.3649999999999999,
S3_bicriterion_tradeoff,0.5,0.411,False,True,False,,0.3664999999999999,
S3_bicriterion_tradeoff,0.5,0.412,False,True,False,,0.3679999999999999,
S3_bicriterion_tradeoff,0.5,0.413,False,True,False,,0.3694999999999999,
S3_bicriterion_tradeoff,0.5,0.414,False,True,False,,0.3709999999999999,
S3_bicriterion_tradeoff,0.5,0.415,False,True,False,,0.3724999999999999,
S3_bicriterion_tradeoff,0.5,0.416,False,True,False,,0.3739999999999999,
S3_bicriterion_tradeoff,0.5,0.417,False,True,False,,0.3754999999999999,
S3_bicriterion_tradeoff,0.5,0.418,False,True,False,,0.3769999999999999,
S3_bicriterion_tradeoff,0.5,0.419,False,True,False,,0.3784999999999999,
S3_bicriterion_tradeoff,0.5,0.42,False,True,False,,0.3799999999999999,
S3_bicriterion_tradeoff,0.5,0.421,False,True,False,,0.3814999999999999,
S3_bicriterion_tradeoff,0.5,0.422,False,True,False,,0.3829999999999999,
S3_bicriterion_tradeoff,0.5,0.423,False,True,False,,0.3844999999999999,
S3_bicriterion_tradeoff,0.5,0.424,False,True,False,,0.3859999999999999,
S3_bicriterion_tradeoff,0.5,0.425,False,True,False,,0.3874999999999999,
S3_bicriterion_tradeoff,0.5,0.426,False,True,False,,0.3889999999999999,
S3_bicriterion_tradeoff,0.5,0.427,False,True,False,,0.3904999999999999,
S3_bicriterion_tradeoff,0.5,0.428,False,True,False,,0.3919999999999999,
S3_bicriterion_tradeoff,0.5,0.429,False,True,False,,0.3934999999999999,
S3_bicriterion_tradeoff,0.5,0.43,False,True,False,,0.3949999999999999,
S3_bicriterion_tradeoff,0.5,0.431,False,True,False,,0.3964999999999999,
S3_bicriterion_tradeoff,0.5,0.432,False,True,False,,0.3979999999999999,
S3_bicriterion_tradeoff,0.5,0.433,False,True,False,,0.3994999999999999,
S3_bicriterion_tradeoff,0.5,0.434,False,True,False,,0.4009999999999999,
S3_bicriterion_tradeoff,0.5,0.435,False,True,False,,0.4024999999999999,
S3_bicriterion_tradeoff,0.5,0.436,False,True,False,,0.4039999999999999,
S3_bicriterion_tradeoff,0.5,0.437,False,True,False,,0.4054999999999999,
S3_bicriterion_tradeoff,0.5,0.438,False,True,False,,0.4069999999999999,
S3_bicriterion_tradeoff,0.5,0.439,False,True,False,,0.4084999999999999,
S3_bicriterion_tradeoff,0.5,0.44,False,True,False,,0.4099999999999999,
S3_bicriterion_tradeoff,0.5,0.441,False,True,False,,0.4114999999999999,
S3_bicriterion_tradeoff,0.5,0.442,False,True,False,,0.4129999999999999,
S3_bicriterion_tradeoff,0.5,0.443,False,True,False,,0.4144999999999999,
S3_bicriterion_tradeoff,0.5,0.444,False,True,False,,0.4159999999999999,
S3_bicriterion_tradeoff,0.5,0.445,False,True,False,,0.4174999999999999,
S3_bicriterion_tradeoff,0.5,0.446,False,True,False,,0.41899999999999993,
S3_bicriterion_tradeoff,0.5,0.447,False,True,False,,0.42049999999999993,
S3_bicriterion_tradeoff,0.5,0.448,False,True,False,,0.42199999999999993,
S3_bicriterion_tradeoff,0.5,0.449,False,True,False,,0.42349999999999993,
S3_bicriterion_tradeoff,0.5,0.45,False,True,False,,0.42499999999999993,
S3_bicriterion_tradeoff,0.5,0.451,False,True,False,,0.42649999999999993,
S3_bicriterion_tradeoff,0.5,0.452,False,True,False,,0.42799999999999994,
S3_bicriterion_tradeoff,0.5,0.453,False,True,False,,0.42949999999999994,
S3_bicriterion_tradeoff,0.5,0.454,False,True,False,,0.43099999999999994,
S3_bicriterion_tradeoff,0.5,0.455,False,True,False,,0.43249999999999994,
S3_bicriterion_tradeoff,0.5,0.456,False,True,False,,0.43399999999999994,
S3_bicriterion_tradeoff,0.5,0.457,False,True,False,,0.43549999999999994,
S3_bicriterion_tradeoff,0.5,0.458,False,True,False,,0.43699999999999994,
S3_bicriterion_tradeoff,0.5,0.459,False,True,False,,0.43849999999999995,
S3_bicriterion_tradeoff,0.5,0.46,False,True,False,,0.43999999999999995,
S3_bicriterion_tradeoff,0.5,0.461,False,True,False,,0.44149999999999995,
S3_bicriterion_tradeoff,0.5,0.462,False,True,False,,0.44299999999999995,
S3_bicriterion_tradeoff,0.5,0.463,False,True,False,,0.44449999999999995,
S3_bicriterion_tradeoff,0.5,0.464,False,True,False,,0.44599999999999995,
S3_bicriterion_tradeoff,0.5,0.465,False,True,False,,0.44749999999999995,
S3_bicriterion_tradeoff,0.5,0.466,False,True,False,,0.44899999999999995,
S3_bicriterion_tradeoff,0.5,0.467,False,True,False,,0.45049999999999996,
S3_bicriterion_tradeoff,0.5,0.468,False,True,False,,0.45199999999999996,
S3_bicriterion_tradeoff,0.5,0.469,False,True,False,,0.4534999999999999,
S3_bicriterion_tradeoff,0.5,0.47,False,True,False,,0.4549999999999999,
S3_bicriterion_tradeoff,0.5,0.471,False,True,False,,0.4564999999999999,
S3_bicriterion_tradeoff,0.5,0.472,False,True,False,,0.4579999999999999,
S3_bicriterion_tradeoff,0.5,0.473,False,True,False,,0.4594999999999999,
S3_bicriterion_tradeoff,0.5,0.474,False,True,False,,0.4609999999999999,
S3_bicriterion_tradeoff,0.5,0.475,False,True,False,,0.4624999999999999,
S3_bicriterion_tradeoff,0.5,0.476,False,True,False,,0.4639999999999999,
S3_bicriterion_tradeoff,0.5,0.477,False,True,False,,0.4654999999999999,
S3_bicriterion_tradeoff,0.5,0.478,False,True,False,,0.4669999999999999,
S3_bicriterion_tradeoff,0.5,0.479,False,True,False,,0.4684999999999999,
S3_bicriterion_tradeoff,0.5,0.48,False,True,False,,0.4699999999999999,
S3_bicriterion_tradeoff,0.5,0.481,False,True,False,,0.4714999999999999,
S3_bicriterion_tradeoff,0.5,0.482,False,True,False,,0.4729999999999999,
S3_bicriterion_tradeoff,0.5,0.483,False,True,False,,0.4744999999999999,
S3_bicriterion_tradeoff,0.5,0.484,False,True,False,,0.47599999999999987,
S3_bicriterion_tradeoff,0.5,0.485,False,True,False,,0.4774999999999999,
S3_bicriterion_tradeoff,0.5,0.486,False,True,False,,0.47899999999999987,
S3_bicriterion_tradeoff,0.5,0.487,False,True,False,,0.4804999999999999,
S3_bicriterion_tradeoff,0.5,0.488,False,True,False,,0.4819999999999999,
S3_bicriterion_tradeoff,0.5,0.489,False,True,False,,0.48349999999999993,
S3_bicriterion_tradeoff,0.5,0.49,False,True,False,,0.4849999999999999,
S3_bicriterion_tradeoff,0.5,0.491,False,True,False,,0.48649999999999993,
S3_bicriterion_tradeoff,0.5,0.492,False,True,False,,0.4879999999999999,
S3_bicriterion_tradeoff,0.5,0.493,False,True,False,,0.48949999999999994,
S3_bicriterion_tradeoff,0.5,0.494,False,True,False,,0.4909999999999999,
S3_bicriterion_tradeoff,0.5,0.495,False,True,False,,0.49249999999999994,
S3_bicriterion_tradeoff,0.5,0.496,False,True,False,,0.4939999999999999,
S3_bicriterion_tradeoff,0.5,0.497,False,True,False,,0.49549999999999994,
S3_bicriterion_tradeoff,0.5,0.498,False,True,False,,0.4969999999999999,
S3_bicriterion_tradeoff,0.5,0.499,False,True,False,,0.49849999999999994,
S3_bicriterion_tradeoff,0.5,0.5,False,True,False,,0.4999999999999999,
S3_bicriterion_tradeoff,0.5,0.501,False,True,False,,0.5015,
S3_bicriterion_tradeoff,0.5,0.502,False,True,False,,0.5029999999999999,
S3_bicriterion_tradeoff,0.5,0.503,False,True,False,,0.5045,
S3_bicriterion_tradeoff,0.5,0.504,False,True,False,,0.5059999999999999,
S3_bicriterion_tradeoff,0.5,0.505,False,True,False,,0.5075,
S3_bicriterion_tradeoff,0.5,0.506,False,True,False,,0.5089999999999999,
S3_bicriterion_tradeoff,0.5,0.507,False,True,False,,0.5105,
S3_bicriterion_tradeoff,0.5,0.508,False,True,False,,0.5119999999999999,
S3_bicriterion_tradeoff,0.5,0.509,False,True,False,,0.5135,
S3_bicriterion_tradeoff,0.5,0.51,False,True,False,,0.5149999999999999,
S3_bicriterion_tradeoff,0.5,0.511,False,True,False,,0.5165,
S3_bicriterion_tradeoff,0.5,0.512,False,True,False,,0.5179999999999999,
S3_bicriterion_tradeoff,0.5,0.513,False,True,False,,0.5195,
S3_bicriterion_tradeoff,0.5,0.514,False,True,False,,0.5209999999999999,
S3_bicriterion_tradeoff,0.5,0.515,False,True,False,,0.5225,
S3_bicriterion_tradeoff,0.5,0.516,False,True,False,,0.5239999999999999,
S3_bicriterion_tradeoff,0.5,0.517,False,True,False,,0.5255,
S3_bicriterion_tradeoff,0.5,0.518,False,True,False,,0.5269999999999999,
S3_bicriterion_tradeoff,0.5,0.519,False,True,False,,0.5285,
S3_bicriterion_tradeoff,0.5,0.52,False,True,False,,0.5299999999999999,
S3_bicriterion_tradeoff,0.5,0.521,False,True,False,,0.5315,
S3_bicriterion_tradeoff,0.5,0.522,False,True,False,,0.5329999999999999,
S3_bicriterion_tradeoff,0.5,0.523,False,True,False,,0.5345,
S3_bicriterion_tradeoff,0.5,0.524,False,True,False,,0.5359999999999999,
S3_bicriterion_tradeoff,0.5,0.525,False,True,False,,0.5375,
S3_bicriterion_tradeoff,0.5,0.526,False,True,False,,0.5389999999999999,
S3_bicriterion_tradeoff,0.5,0.527,False,True,False,,0.5405,
S3_bicriterion_tradeoff,0.5,0.528,False,True,False,,0.5419999999999999,
S3_bicriterion_tradeoff,0.5,0.529,False,True,False,,0.5435,
S3_bicriterion_tradeoff,0.5,0.53,False,True,False,,0.5449999999999999,
S3_bicriterion_tradeoff,0.5,0.531,False,True,False,,0.5465,
S3_bicriterion_tradeoff,0.5,0.532,False,True,False,,0.5479999999999999,
S3_bicriterion_tradeoff,0.5,0.533,False,True,False,,0.5495,
S3_bicriterion_tradeoff,0.5,0.534,False,True,False,,0.5509999999999999,
S3_bicriterion_tradeoff,0.5,0.535,False,True,False,,0.5525,
S3_bicriterion_tradeoff,0.5,0.536,False,True,False,,0.5539999999999999,
S3_bicriterion_tradeoff,0.5,0.537,False,True,False,,0.5555,
S3_bicriterion_tradeoff,0.5,0.538,False,True,False,,0.5569999999999999,
S3_bicriterion_tradeoff,0.5,0.539,False,True,False,,0.5585,
S3_bicriterion_tradeoff,0.5,0.54,False,True,False,,0.5599999999999999,
S3_bicriterion_tradeoff,0.5,0.541,False,True,False,,0.5615,
S3_bicriterion_tradeoff,0.5,0.542,False,True,False,,0.563,
S3_bicriterion_tradeoff,0.5,0.543,False,True,False,,0.5645,
S3_bicriterion_tradeoff,0.5,0.544,False,True,False,,0.566,
S3_bicriterion_tradeoff,0.5,0.545,False,True,False,,0.5675,
S3_bicriterion_tradeoff,0.5,0.546,False,True,False,,0.569,
S3_bicriterion_tradeoff,0.5,0.547,False,True,False,,0.5705,
S3_bicriterion_tradeoff,0.5,0.548,False,True,False,,0.572,
S3_bicriterion_tradeoff,0.5,0.549,False,True,False,,0.5735,
S3_bicriterion_tradeoff,0.5,0.55,False,True,False,,0.575,
S3_bicriterion_tradeoff,0.5,0.551,False,True,False,,0.5765,
S3_bicriterion_tradeoff,0.5,0.552,False,True,False,,0.578,
S3_bicriterion_tradeoff,0.5,0.553,False,True,False,,0.5795,
S3_bicriterion_tradeoff,0.5,0.554,False,True,False,,0.581,
S3_bicriterion_tradeoff,0.5,0.555,False,True,False,,0.5825,
S3_bicriterion_tradeoff,0.5,0.556,False,True,False,,0.584,
S3_bicriterion_tradeoff,0.5,0.557,False,True,False,,0.5855,
S3_bicriterion_tradeoff,0.5,0.558,False,True,False,,0.587,
S3_bicriterion_tradeoff,0.5,0.559,False,True,False,,0.5885,
S3_bicriterion_tradeoff,0.5,0.56,False,True,False,,0.59,
S3_bicriterion_tradeoff,0.5,0.561,False,True,False,,0.5915,
S3_bicriterion_tradeoff,0.5,0.562,False,True,False,,0.593,
S3_bicriterion_tradeoff,0.5,0.563,False,True,False,,0.5944999999999998,
S3_bicriterion_tradeoff,0.5,0.564,False,True,False,,0.5959999999999999,
S3_bicriterion_tradeoff,0.5,0.565,False,True,False,,0.5974999999999998,
S3_bicriterion_tradeoff,0.5,0.566,False,True,False,,0.5989999999999999,
S3_bicriterion_tradeoff,0.5,0.567,False,True,False,,0.6004999999999998,
S3_bicriterion_tradeoff,0.5,0.568,False,True,False,,0.6019999999999999,
S3_bicriterion_tradeoff,0.5,0.569,False,True,False,,0.6034999999999998,
S3_bicriterion_tradeoff,0.5,0.57,False,True,False,,0.6049999999999998,
S3_bicriterion_tradeoff,0.5,0.571,False,True,False,,0.6064999999999998,
S3_bicriterion_tradeoff,0.5,0.572,False,True,False,,0.6079999999999999,
S3_bicriterion_tradeoff,0.5,0.573,False,True,False,,0.6094999999999998,
S3_bicriterion_tradeoff,0.5,0.574,False,True,False,,0.6109999999999998,
S3_bicriterion_tradeoff,0.5,0.575,False,True,False,,0.6124999999999998,
S3_bicriterion_tradeoff,0.5,0.576,False,True,False,,0.6139999999999999,
S3_bicriterion_tradeoff,0.5,0.577,False,True,False,,0.6154999999999998,
S3_bicriterion_tradeoff,0.5,0.578,False,True,False,,0.6169999999999998,
S3_bicriterion_tradeoff,0.5,0.579,False,True,False,,0.6184999999999998,
S3_bicriterion_tradeoff,0.5,0.58,False,True,False,,0.6199999999999999,
S3_bicriterion_tradeoff,0.5,0.581,False,True,False,,0.6214999999999998,
S3_bicriterion_tradeoff,0.5,0.582,False,True,False,,0.6229999999999998,
S3_bicriterion_tradeoff,0.5,0.583,False,True,False,,0.6244999999999998,
S3_bicriterion_tradeoff,0.5,0.584,False,True,False,,0.6259999999999999,
S3_bicriterion_tradeoff,0.5,0.585,False,True,False,,0.6274999999999998,
S3_bicriterion_tradeoff,0.5,0.586,False,True,False,,0.6289999999999998,
S3_bicriterion_tradeoff,0.5,0.587,False,True,False,,0.6304999999999998,
S3_bicriterion_tradeoff,0.5,0.588,False,True,False,,0.6319999999999999,
S3_bicriterion_tradeoff,0.5,0.589,False,True,False,,0.6334999999999998,
S3_bicriterion_tradeoff,0.5,0.59,False,True,False,,0.6349999999999998,
S3_bicriterion_tradeoff,0.5,0.591,False,True,False,,0.6364999999999998,
S3_bicriterion_tradeoff,0.5,0.592,False,True,False,,0.6379999999999999,
S3_bicriterion_tradeoff,0.5,0.593,False,True,False,,0.6394999999999998,
S3_bicriterion_tradeoff,0.5,0.594,False,True,False,,0.6409999999999998,
S3_bicriterion_tradeoff,0.5,0.595,False,True,False,,0.6424999999999998,
S3_bicriterion_tradeoff,0.5,0.596,False,True,False,,0.6439999999999999,
S3_bicriterion_tradeoff,0.5,0.597,False,True,False,,0.6454999999999999,
S3_bicriterion_tradeoff,0.5,0.598,False,True,False,,0.6469999999999998,
S3_bicriterion_tradeoff,0.5,0.599,False,True,False,,0.6484999999999999,
S3_bicriterion_tradeoff,0.5,0.6,True,True,True,0.65,0.6499999999999999,-1.1102230246251565e-16
S3_bicriterion_tradeoff,0.5,0.601,True,True,True,0.65,0.6514999999999999,0.0014999999999998348
S3_bicriterion_tradeoff,0.5,0.602,True,True,True,0.65,0.6529999999999998,0.0029999999999997806
S3_bicriterion_tradeoff,0.5,0.603,True,True,True,0.65,0.6544999999999999,0.0044999999999998375
S3_bicriterion_tradeoff,0.5,0.604,True,True,True,0.65,0.6559999999999999,0.005999999999999894
S3_bicriterion_tradeoff,0.5,0.605,True,True,True,0.65,0.6574999999999999,0.00749999999999984
S3_bicriterion_tradeoff,0.5,0.606,True,True,True,0.65,0.6589999999999998,0.008999999999999786
S3_bicriterion_tradeoff,0.5,0.607,True,True,True,0.65,0.6604999999999999,0.010499999999999843
S3_bicriterion_tradeoff,0.5,0.608,True,True,True,0.65,0.6619999999999999,0.0119999999999999
S3_bicriterion_tradeoff,0.5,0.609,True,True,True,0.65,0.6634999999999999,0.013499999999999845
S3_bicriterion_tradeoff,0.5,0.61,True,True,True,0.65,0.6649999999999998,0.014999999999999791
S3_bicriterion_tradeoff,0.5,0.611,True,True,True,0.65,0.6664999999999999,0.016499999999999848
S3_bicriterion_tradeoff,0.5,0.612,True,True,True,0.65,0.6679999999999999,0.017999999999999905
S3_bicriterion_tradeoff,0.5,0.613,True,True,True,0.65,0.6694999999999999,0.01949999999999985
S3_bicriterion_tradeoff,0.5,0.614,True,True,True,0.65,0.6709999999999998,0.020999999999999797
S3_bicriterion_tradeoff,0.5,0.615,True,True,True,0.65,0.6724999999999999,0.022499999999999853
S3_bicriterion_tradeoff,0.5,0.616,True,True,True,0.65,0.6739999999999999,0.02399999999999991
S3_bicriterion_tradeoff,0.5,0.617,True,True,True,0.65,0.6754999999999999,0.025499999999999856
S3_bicriterion_tradeoff,0.5,0.618,True,True,True,0.65,0.6769999999999998,0.026999999999999802
S3_bicriterion_tradeoff,0.5,0.619,True,True,True,0.65,0.6784999999999999,0.02849999999999986
S3_bicriterion_tradeoff,0.5,0.62,True,True,True,0.65,0.6799999999999999,0.029999999999999916
S3_bicriterion_tradeoff,0.5,0.621,True,True,True,0.65,0.6814999999999999,0.03149999999999986
S3_bicriterion_tradeoff,0.5,0.622,True,True,True,0.65,0.6829999999999998,0.03299999999999981
S3_bicriterion_tradeoff,0.5,0.623,True,True,True,0.65,0.6844999999999999,0.034499999999999864
S3_bicriterion_tradeoff,0.5,0.624,True,True,True,0.65,0.6859999999999999,0.03599999999999992
S3_bicriterion_tradeoff,0.5,0.625,True,True,True,0.65,0.6874999999999999,0.03749999999999987
S3_bicriterion_tradeoff,0.5,0.626,True,True,True,0.65,0.6889999999999998,0.03899999999999981
S3_bicriterion_tradeoff,0.5,0.627,True,True,True,0.65,0.6904999999999999,0.04049999999999987
S3_bicriterion_tradeoff,0.5,0.628,True,True,True,0.65,0.692,0.041999999999999926
S3_bicriterion_tradeoff,0.5,0.629,True,True,True,0.65,0.6934999999999999,0.04349999999999987
S3_bicriterion_tradeoff,0.5,0.63,True,True,True,0.65,0.6949999999999998,0.04499999999999982
S3_bicriterion_tradeoff,0.5,0.631,True,True,True,0.65,0.6964999999999999,0.046499999999999875
S3_bicriterion_tradeoff,0.5,0.632,True,True,True,0.65,0.698,0.04799999999999993
S3_bicriterion_tradeoff,0.5,0.633,True,True,True,0.65,0.6994999999999999,0.04949999999999988
S3_bicriterion_tradeoff,0.5,0.634,True,True,True,0.65,0.7009999999999998,0.05099999999999982
S3_bicriterion_tradeoff,0.5,0.635,True,True,True,0.65,0.7024999999999999,0.05249999999999988
S3_bicriterion_tradeoff,0.5,0.636,True,True,True,0.65,0.704,0.05399999999999994
S3_bicriterion_tradeoff,0.5,0.637,True,True,True,0.65,0.7054999999999999,0.05549999999999988
S3_bicriterion_tradeoff,0.5,0.638,True,True,True,0.65,0.7069999999999999,0.05699999999999983
S3_bicriterion_tradeoff,0.5,0.639,True,True,True,0.65,0.7084999999999999,0.058499999999999885
S3_bicriterion_tradeoff,0.5,0.64,True,True,True,0.65,0.71,0.05999999999999994
S3_bicriterion_tradeoff,0.5,0.641,True,True,True,0.65,0.7114999999999999,0.06149999999999989
S3_bicriterion_tradeoff,0.5,0.642,True,True,True,0.65,0.7129999999999999,0.06299999999999983
S3_bicriterion_tradeoff,0.5,0.643,True,True,True,0.65,0.7144999999999999,0.06449999999999989
S3_bicriterion_tradeoff,0.5,0.644,True,True,True,0.65,0.716,0.06599999999999995
S3_bicriterion_tradeoff,0.5,0.645,True,True,True,0.65,0.7174999999999999,0.0674999999999999
S3_bicriterion_tradeoff,0.5,0.646,True,True,True,0.65,0.7189999999999999,0.06899999999999984
S3_bicriterion_tradeoff,0.5,0.647,True,True,True,0.65,0.7204999999999999,0.0704999999999999
S3_bicriterion_tradeoff,0.5,0.648,True,True,True,0.65,0.722,0.07199999999999995
S3_bicriterion_tradeoff,0.5,0.649,True,True,True,0.65,0.7234999999999999,0.0734999999999999
S3_bicriterion_tradeoff,0.5,0.65,True,True,True,0.65,0.7249999999999999,0.07499999999999984
S3_bicriterion_tradeoff,0.5,0.651,True,True,True,0.65,0.7264999999999999,0.0764999999999999
S3_bicriterion_tradeoff,0.5,0.652,True,True,True,0.65,0.728,0.07799999999999996
S3_bicriterion_tradeoff,0.5,0.653,True,True,True,0.65,0.7294999999999999,0.0794999999999999
S3_bicriterion_tradeoff,0.5,0.654,True,True,True,0.65,0.7309999999999999,0.08099999999999985
S3_bicriterion_tradeoff,0.5,0.655,True,True,True,0.65,0.7324999999999999,0.0824999999999999
S3_bicriterion_tradeoff,0.5,0.656,True,True,True,0.65,0.734,0.08399999999999996
S3_bicriterion_tradeoff,0.5,0.657,True,True,True,0.65,0.7354999999999999,0.08549999999999991
S3_bicriterion_tradeoff,0.5,0.658,True,True,True,0.65,0.7369999999999999,0.08699999999999986
S3_bicriterion_tradeoff,0.5,0.659,True,True,True,0.65,0.7384999999999999,0.08849999999999991
S3_bicriterion_tradeoff,0.5,0.66,True,True,True,0.65,0.74,0.08999999999999997
S3_bicriterion_tradeoff,0.5,0.661,True,True,True,0.65,0.7414999999999999,0.09149999999999991
S3_bicriterion_tradeoff,0.5,0.662,True,True,True,0.65,0.7429999999999999,0.09299999999999986
S3_bicriterion_tradeoff,0.5,0.663,True,True,True,0.65,0.7444999999999999,0.09449999999999992
S3_bicriterion_tradeoff,0.5,0.664,True,True,True,0.65,0.746,0.09599999999999997
S3_bicriterion_tradeoff,0.5,0.665,True,True,True,0.65,0.7474999999999999,0.09749999999999992
S3_bicriterion_tradeoff,0.5,0.666,True,True,True,0.65,0.7489999999999999,0.09899999999999987
S3_bicriterion_tradeoff,0.5,0.667,True,True,True,0.65,0.7505,0.10049999999999992
S3_bicriterion_tradeoff,0.5,0.668,True,True,True,0.65,0.752,0.10199999999999998
S3_bicriterion_tradeoff,0.5,0.669,True,True,True,0.65,0.7535,0.10349999999999993
S3_bicriterion_tradeoff,0.5,0.67,True,True,True,0.65,0.7549999999999999,0.10499999999999987
S3_bicriterion_tradeoff,0.5,0.671,True,True,True,0.65,0.7565,0.10649999999999993
S3_bicriterion_tradeoff,0.5,0.672,True,True,True,0.65,0.758,0.10799999999999998
S3_bicriterion_tradeoff,0.5,0.673,True,True,True,0.65,0.7595,0.10949999999999993
S3_bicriterion_tradeoff,0.5,0.674,True,True,True,0.65,0.7609999999999999,0.11099999999999988
S3_bicriterion_tradeoff,0.5,0.675,True,True,True,0.65,0.7625,0.11249999999999993
S3_bicriterion_tradeoff,0.5,0.676,True,True,True,0.65,0.764,0.11399999999999999
S3_bicriterion_tradeoff,0.5,0.677,True,True,True,0.65,0.7655,0.11549999999999994
S3_bicriterion_tradeoff,0.5,0.678,True,True,True,0.65,0.7669999999999999,0.11699999999999988
S3_bicriterion_tradeoff,0.5,0.679,True,True,True,0.65,0.7685,0.11849999999999994
S3_bicriterion_tradeoff,0.5,0.68,True,True,True,0.65,0.77,0.12
S3_bicriterion_tradeoff,0.5,0.681,True,True,True,0.65,0.7715,0.12149999999999994
S3_bicriterion_tradeoff,0.5,0.682,True,True,True,0.65,0.7729999999999999,0.12299999999999989
S3_bicriterion_tradeoff,0.5,0.683,True,True,True,0.65,0.7745,0.12449999999999994
S3_bicriterion_tradeoff,0.5,0.684,True,True,True,0.65,0.776,0.126
S3_bicriterion_tradeoff,0.5,0.685,True,True,True,0.65,0.7775,0.12749999999999995
S3_bicriterion_tradeoff,0.5,0.686,True,True,True,0.65,0.7789999999999999,0.1289999999999999
S3_bicriterion_tradeoff,0.5,0.687,True,True,True,0.65,0.7805,0.13049999999999995
S3_bicriterion_tradeoff,0.5,0.688,True,True,True,0.65,0.7819999999999998,0.13199999999999978
S3_bicriterion_tradeoff,0.5,0.689,True,True,True,0.65,0.7834999999999999,0.13349999999999984
S3_bicriterion_tradeoff,0.5,0.69,True,True,True,0.65,0.7849999999999998,0.1349999999999998
S3_bicriterion_tradeoff,0.5,0.691,True,True,True,0.65,0.7864999999999998,0.13649999999999973
S3_bicriterion_tradeoff,0.5,0.692,True,True,True,0.65,0.7879999999999998,0.1379999999999998
S3_bicriterion_tradeoff,0.5,0.693,True,True,True,0.65,0.7894999999999999,0.13949999999999985
S3_bicriterion_tradeoff,0.5,0.694,True,True,True,0.65,0.7909999999999998,0.1409999999999998
S3_bicriterion_tradeoff,0.5,0.695,True,True,True,0.65,0.7924999999999998,0.14249999999999974
S3_bicriterion_tradeoff,0.5,0.696,True,True,True,0.65,0.7939999999999998,0.1439999999999998
S3_bicriterion_tradeoff,0.5,0.697,True,True,True,0.65,0.7954999999999999,0.14549999999999985
S3_bicriterion_tradeoff,0.5,0.698,True,True,True,0.65,0.7969999999999998,0.1469999999999998
S3_bicriterion_tradeoff,0.5,0.699,True,True,True,0.65,0.7984999999999998,0.14849999999999974
S3_bicriterion_tradeoff,0.5,0.7,True,True,True,0.65,0.7999999999999998,0.1499999999999998
S3_bicriterion_tradeoff,0.5,0.701,True,True,True,0.65,0.8014999999999999,0.15149999999999986
S3_bicriterion_tradeoff,0.5,0.702,True,True,True,0.65,0.8029999999999998,0.1529999999999998
S3_bicriterion_tradeoff,0.5,0.703,True,True,True,0.65,0.8044999999999998,0.15449999999999975
S3_bicriterion_tradeoff,0.5,0.704,True,True,True,0.65,0.8059999999999998,0.1559999999999998
S3_bicriterion_tradeoff,0.5,0.705,True,True,True,0.65,0.8074999999999999,0.15749999999999986
S3_bicriterion_tradeoff,0.5,0.706,True,True,True,0.65,0.8089999999999998,0.1589999999999998
S3_bicriterion_tradeoff,0.5,0.707,True,True,True,0.65,0.8104999999999998,0.16049999999999975
S3_bicriterion_tradeoff,0.5,0.708,True,True,True,0.65,0.8119999999999998,0.1619999999999998
S3_bicriterion_tradeoff,0.5,0.709,True,True,True,0.65,0.8134999999999999,0.16349999999999987
S3_bicriterion_tradeoff,0.5,0.71,True,True,True,0.65,0.8149999999999998,0.1649999999999998
S3_bicriterion_tradeoff,0.5,0.711,True,True,True,0.65,0.8164999999999998,0.16649999999999976
S3_bicriterion_tradeoff,0.5,0.712,True,True,True,0.65,0.8179999999999998,0.16799999999999982
S3_bicriterion_tradeoff,0.5,0.713,True,True,True,0.65,0.8194999999999999,0.16949999999999987
S3_bicriterion_tradeoff,0.5,0.714,True,True,True,0.65,0.8209999999999998,0.17099999999999982
S3_bicriterion_tradeoff,0.5,0.715,True,True,True,0.65,0.8224999999999998,0.17249999999999976
S3_bicriterion_tradeoff,0.5,0.716,True,True,True,0.65,0.8239999999999998,0.17399999999999982
S3_bicriterion_tradeoff,0.5,0.717,True,True,True,0.65,0.8254999999999999,0.17549999999999988
S3_bicriterion_tradeoff,0.5,0.718,True,True,True,0.65,0.8269999999999998,0.17699999999999982
S3_bicriterion_tradeoff,0.5,0.719,True,True,True,0.65,0.8284999999999998,0.17849999999999977
S3_bicriterion_tradeoff,0.5,0.72,True,True,True,0.65,0.8299999999999998,0.17999999999999983
S3_bicriterion_tradeoff,0.5,0.721,True,True,True,0.65,0.8314999999999999,0.18149999999999988
S3_bicriterion_tradeoff,0.5,0.722,True,True,True,0.65,0.8329999999999999,0.18299999999999983
S3_bicriterion_tradeoff,0.5,0.723,True,True,True,0.65,0.8344999999999998,0.18449999999999978
S3_bicriterion_tradeoff,0.5,0.724,True,True,True,0.65,0.8359999999999999,0.18599999999999983
S3_bicriterion_tradeoff,0.5,0.725,True,True,True,0.65,0.8374999999999999,0.1874999999999999
S3_bicriterion_tradeoff,0.5,0.726,True,True,True,0.65,0.8389999999999999,0.18899999999999983
S3_bicriterion_tradeoff,0.5,0.727,True,True,True,0.65,0.8404999999999998,0.19049999999999978
S3_bicriterion_tradeoff,0.5,0.728,True,True,True,0.65,0.8419999999999999,0.19199999999999984
S3_bicriterion_tradeoff,0.5,0.729,True,True,True,0.65,0.8434999999999999,0.1934999999999999
S3_bicriterion_tradeoff,0.5,0.73,True,True,True,0.65,0.8449999999999999,0.19499999999999984
S3_bicriterion_tradeoff,0.5,0.731,True,True,True,0.65,0.8464999999999998,0.19649999999999979
S3_bicriterion_tradeoff,0.5,0.732,True,True,True,0.65,0.8479999999999999,0.19799999999999984
S3_bicriterion_tradeoff,0.5,0.733,True,True,True,0.65,0.8494999999999999,0.1994999999999999
S3_bicriterion_tradeoff,0.5,0.734,True,True,True,0.65,0.8509999999999999,0.20099999999999985
S3_bicriterion_tradeoff,0.5,0.735,True,True,True,0.65,0.8524999999999998,0.2024999999999998
S3_bicriterion_tradeoff,0.5,0.736,True,True,True,0.65,0.8539999999999999,0.20399999999999985
S3_bicriterion_tradeoff,0.5,0.737,True,True,True,0.65,0.8554999999999998,0.2054999999999998
S3_bicriterion_tradeoff,0.5,0.738,True,True,True,0.65,0.8569999999999999,0.20699999999999985
S3_bicriterion_tradeoff,0.5,0.739,True,True,True,0.65,0.8584999999999998,0.2084999999999998
S3_bicriterion_tradeoff,0.5,0.74,True,True,True,0.65,0.8599999999999999,0.20999999999999985
S3_bicriterion_tradeoff,0.5,0.741,True,True,True,0.65,0.8614999999999998,0.2114999999999998
S3_bicriterion_tradeoff,0.5,0.742,True,True,True,0.65,0.8629999999999999,0.21299999999999986
S3_bicriterion_tradeoff,0.5,0.743,True,True,True,0.65,0.8644999999999998,0.2144999999999998
S3_bicriterion_tradeoff,0.5,0.744,True,True,True,0.65,0.8659999999999999,0.21599999999999986
S3_bicriterion_tradeoff,0.5,0.745,True,True,True,0.65,0.8674999999999998,0.2174999999999998
S3_bicriterion_tradeoff,0.5,0.746,True,True,True,0.65,0.8689999999999999,0.21899999999999986
S3_bicriterion_tradeoff,0.5,0.747,True,True,True,0.65,0.8704999999999998,0.2204999999999998
S3_bicriterion_tradeoff,0.5,0.748,True,True,True,0.65,0.8719999999999999,0.22199999999999986
S3_bicriterion_tradeoff,0.5,0.749,True,True,True,0.65,0.8734999999999998,0.2234999999999998
S3_bicriterion_tradeoff,0.5,0.75,True,True,True,0.65,0.8749999999999999,0.22499999999999987
S3_bicriterion_tradeoff,0.5,0.751,True,True,True,0.65,0.8764999999999998,0.2264999999999998
S3_bicriterion_tradeoff,0.5,0.752,True,True,True,0.65,0.8779999999999999,0.22799999999999987
S3_bicriterion_tradeoff,0.5,0.753,True,True,True,0.65,0.8794999999999998,0.22949999999999982
S3_bicriterion_tradeoff,0.5,0.754,True,True,True,0.65,0.8809999999999999,0.23099999999999987
S3_bicriterion_tradeoff,0.5,0.755,True,True,True,0.65,0.8824999999999998,0.23249999999999982
S3_bicriterion_tradeoff,0.5,0.756,True,True,True,0.65,0.8839999999999999,0.23399999999999987
S3_bicriterion_tradeoff,0.5,0.757,True,True,True,0.65,0.8854999999999998,0.23549999999999982
S3_bicriterion_tradeoff,0.5,0.758,True,True,True,0.65,0.8869999999999999,0.23699999999999988
S3_bicriterion_tradeoff,0.5,0.759,True,True,True,0.65,0.8884999999999998,0.23849999999999982
S3_bicriterion_tradeoff,0.5,0.76,True,True,True,0.65,0.8899999999999999,0.23999999999999988
S3_bicriterion_tradeoff,0.5,0.761,True,True,True,0.65,0.8914999999999998,0.24149999999999983
S3_bicriterion_tradeoff,0.5,0.762,True,True,True,0.65,0.8929999999999999,0.24299999999999988
S3_bicriterion_tradeoff,0.5,0.763,True,True,True,0.65,0.8944999999999999,0.24449999999999983
S3_bicriterion_tradeoff,0.5,0.764,True,True,True,0.65,0.8959999999999999,0.24599999999999989
S3_bicriterion_tradeoff,0.5,0.765,True,True,True,0.65,0.8974999999999999,0.24749999999999983
S3_bicriterion_tradeoff,0.5,0.766,True,True,True,0.65,0.8989999999999999,0.2489999999999999
S3_bicriterion_tradeoff,0.5,0.767,True,True,True,0.65,0.9004999999999999,0.25049999999999983
S3_bicriterion_tradeoff,0.5,0.768,True,True,True,0.65,0.9019999999999999,0.2519999999999999
S3_bicriterion_tradeoff,0.5,0.769,True,True,True,0.65,0.9034999999999999,0.25349999999999984
S3_bicriterion_tradeoff,0.5,0.77,True,True,True,0.65,0.9049999999999999,0.2549999999999999
S3_bicriterion_tradeoff,0.5,0.771,True,True,True,0.65,0.9064999999999999,0.25649999999999984
S3_bicriterion_tradeoff,0.5,0.772,True,True,True,0.65,0.9079999999999999,0.2579999999999999
S3_bicriterion_tradeoff,0.5,0.773,True,True,True,0.65,0.9094999999999999,0.25949999999999984
S3_bicriterion_tradeoff,0.5,0.774,True,True,True,0.65,0.9109999999999999,0.2609999999999999
S3_bicriterion_tradeoff,0.5,0.775,True,True,True,0.65,0.9124999999999999,0.26249999999999984
S3_bicriterion_tradeoff,0.5,0.776,True,True,True,0.65,0.9139999999999999,0.2639999999999999
S3_bicriterion_tradeoff,0.5,0.777,True,True,True,0.65,0.9154999999999999,0.26549999999999985
S3_bicriterion_tradeoff,0.5,0.778,True,True,True,0.65,0.9169999999999999,0.2669999999999999
S3_bicriterion_tradeoff,0.5,0.779,True,True,True,0.65,0.9184999999999999,0.26849999999999985
S3_bicriterion_tradeoff,0.5,0.78,True,True,True,0.65,0.9199999999999999,0.2699999999999999
S3_bicriterion_tradeoff,0.5,0.781,True,True,True,0.65,0.9214999999999999,0.27149999999999985
S3_bicriterion_tradeoff,0.5,0.782,True,True,True,0.65,0.9229999999999999,0.2729999999999999
S3_bicriterion_tradeoff,0.5,0.783,True,True,True,0.65,0.9244999999999999,0.27449999999999986
S3_bicriterion_tradeoff,0.5,0.784,True,True,True,0.65,0.9259999999999999,0.2759999999999999
S3_bicriterion_tradeoff,0.5,0.785,True,True,True,0.65,0.9274999999999999,0.27749999999999986
S3_bicriterion_tradeoff,0.5,0.786,True,True,True,0.65,0.9289999999999999,0.2789999999999999
S3_bicriterion_tradeoff,0.5,0.787,True,True,True,0.65,0.9304999999999999,0.28049999999999986
S3_bicriterion_tradeoff,0.5,0.788,True,True,True,0.65,0.9319999999999999,0.2819999999999999
S3_bicriterion_tradeoff,0.5,0.789,True,True,True,0.65,0.9334999999999999,0.28349999999999986
S3_bicriterion_tradeoff,0.5,0.79,True,True,True,0.65,0.9349999999999999,0.2849999999999999
S3_bicriterion_tradeoff,0.5,0.791,True,True,True,0.65,0.9364999999999999,0.28649999999999987
S3_bicriterion_tradeoff,0.5,0.792,True,True,True,0.65,0.938,0.2879999999999999
S3_bicriterion_tradeoff,0.5,0.793,True,True,True,0.65,0.9394999999999999,0.28949999999999987
S3_bicriterion_tradeoff,0.5,0.794,True,True,True,0.65,0.941,0.2909999999999999
S3_bicriterion_tradeoff,0.5,0.795,True,True,True,0.65,0.9424999999999999,0.29249999999999987
S3_bicriterion_tradeoff,0.5,0.796,True,True,True,0.65,0.944,0.29399999999999993
S3_bicriterion_tradeoff,0.5,0.797,True,True,True,0.65,0.9454999999999999,0.2954999999999999
S3_bicriterion_tradeoff,0.5,0.798,True,True,True,0.65,0.947,0.29699999999999993
S3_bicriterion_tradeoff,0.5,0.799,True,True,True,0.65,0.9484999999999999,0.2984999999999999
S3_bicriterion_tradeoff,0.5,0.8,True,True,True,0.65,0.95,0.29999999999999993
S3_bicriterion_tradeoff,0.5,0.801,True,True,True,0.65,0.95,0.29999999999999993
S3_bicriterion_tradeoff,0.5,0.802,True,True,True,0.65,0.95,0.29999999999999993
S3_bicriterion_tradeoff,0.5,0.803,True,True,True,0.65,0.95,0.29999999999999993
S3_bicriterion_tradeoff,0.5,0.804,True,True,True,0.65,0.95,0.29999999999999993
S3_bicriterion_tradeoff,0.5,0.805,True,True,True,0.65,0.95,0.29999999999999993
S3_bicriterion_tradeoff,0.5,0.806,True,True,True,0.65,0.95,0.29999999999999993
S3_bicriterion_tradeoff,0.5,0.807,True,True,True,0.65,0.95,0.29999999999999993
S3_bicriterion_tradeoff,0.5,0.808,True,True,True,0.65,0.95,0.29999999999999993
S3_bicriterion_tradeoff,0.5,0.809,True,True,True,0.65,0.95,0.29999999999999993
S3_bicriterion_tradeoff,0.5,0.81,True,True,True,0.65,0.95,0.29999999999999993
S3_bicriterion_tradeoff,0.5,0.811,True,True,True,0.65,0.95,0.29999999999999993
S3_bicriterion_tradeoff,0.5,0.812,True,True,True,0.65,0.95,0.29999999999999993
S3_bicriterion_tradeoff,0.5,0.813,True,True,True,0.65,0.95,0.29999999999999993
S3_bicriterion_tradeoff,0.5,0.814,True,True,True,0.65,0.95,0.29999999999999993
S3_bicriterion_tradeoff,0.5,0.815,True,True,True,0.65,0.95,0.29999999999999993
S3_bicriterion_tradeoff,0.5,0.816,True,True,True,0.65,0.95,0.29999999999999993
S3_bicriterion_tradeoff,0.5,0.817,True,True,True,0.65,0.95,0.29999999999999993
S3_bicriterion_tradeoff,0.5,0.818,True,True,True,0.65,0.95,0.29999999999999993
S3_bicriterion_tradeoff,0.5,0.819,True,True,True,0.65,0.95,0.29999999999999993
S3_bicriterion_tradeoff,0.5,0.82,True,True,True,0.65,0.95,0.29999999999999993
S3_bicriterion_tradeoff,0.5,0.821,True,True,True,0.65,0.95,0.29999999999999993
S3_bicriterion_tradeoff,0.5,0.822,True,True,True,0.65,0.95,0.29999999999999993
S3_bicriterion_tradeoff,0.5,0.823,True,True,True,0.65,0.95,0.29999999999999993
S3_bicriterion_tradeoff,0.5,0.824,True,True,True,0.65,0.95,0.29999999999999993
S3_bicriterion_tradeoff,0.5,0.825,True,True,True,0.65,0.95,0.29999999999999993
S3_bicriterion_tradeoff,0.5,0.826,True,True,True,0.65,0.95,0.29999999999999993
S3_bicriterion_tradeoff,0.5,0.827,True,True,True,0.65,0.95,0.29999999999999993
S3_bicriterion_tradeoff,0.5,0.828,True,True,True,0.65,0.95,0.29999999999999993
S3_bicriterion_tradeoff,0.5,0.829,True,True,True,0.65,0.95,0.29999999999999993
S3_bicriterion_tradeoff,0.5,0.83,True,True,True,0.65,0.95,0.29999999999999993
S3_bicriterion_tradeoff,0.5,0.831,True,True,True,0.65,0.95,0.29999999999999993
S3_bicriterion_tradeoff,0.5,0.832,True,True,True,0.65,0.95,0.29999999999999993
S3_bicriterion_tradeoff,0.5,0.833,True,True,True,0.65,0.95,0.29999999999999993
S3_bicriterion_tradeoff,0.5,0.834,True,True,True,0.65,0.95,0.29999999999999993
S3_bicriterion_tradeoff,0.5,0.835,True,True,True,0.65,0.95,0.29999999999999993
S3_bicriterion_tradeoff,0.5,0.836,True,True,True,0.65,0.95,0.29999999999999993
S3_bicriterion_tradeoff,0.5,0.837,True,True,True,0.65,0.95,0.29999999999999993
S3_bicriterion_tradeoff,0.5,0.838,True,True,True,0.65,0.95,0.29999999999999993
S3_bicriterion_tradeoff,0.5,0.839,True,True,True,0.65,0.95,0.29999999999999993
S3_bicriterion_tradeoff,0.5,0.84,True,True,True,0.65,0.95,0.29999999999999993
S3_bicriterion_tradeoff,0.5,0.841,True,True,True,0.65,0.95,0.29999999999999993
S3_bicriterion_tradeoff,0.5,0.842,True,True,True,0.65,0.95,0.29999999999999993
S3_bicriterion_tradeoff,0.5,0.843,True,True,True,0.65,0.95,0.29999999999999993
S3_bicriterion_tradeoff,0.5,0.844,True,True,True,0.65,0.95,0.29999999999999993
S3_bicriterion_tradeoff,0.5,0.845,True,True,True,0.65,0.95,0.29999999999999993
S3_bicriterion_tradeoff,0.5,0.846,True,True,True,0.65,0.95,0.29999999999999993
S3_bicriterion_tradeoff,0.5,0.847,True,True,True,0.65,0.95,0.29999999999999993
S3_bicriterion_tradeoff,0.5,0.848,True,True,True,0.65,0.95,0.29999999999999993
S3_bicriterion_tradeoff,0.5,0.849,True,True,True,0.65,0.95,0.29999999999999993
S3_bicriterion_tradeoff,0.5,0.85,True,True,True,0.65,0.95,0.29999999999999993
S3_bicriterion_tradeoff,0.5,0.851,True,True,True,0.65,0.95,0.29999999999999993
S3_bicriterion_tradeoff,0.5,0.852,True,True,True,0.65,0.95,0.29999999999999993
S3_bicriterion_tradeoff,0.5,0.853,True,True,True,0.65,0.95,0.29999999999999993
S3_bicriterion_tradeoff,0.5,0.854,True,True,True,0.65,0.95,0.29999999999999993
S3_bicriterion_tradeoff,0.5,0.855,True,True,True,0.65,0.95,0.29999999999999993
S3_bicriterion_tradeoff,0.5,0.856,True,True,True,0.65,0.95,0.29999999999999993
S3_bicriterion_tradeoff,0.5,0.857,True,True,True,0.65,0.95,0.29999999999999993
S3_bicriterion_tradeoff,0.5,0.858,True,True,True,0.65,0.95,0.29999999999999993
S3_bicriterion_tradeoff,0.5,0.859,True,True,True,0.65,0.95,0.29999999999999993
S3_bicriterion_tradeoff,0.5,0.86,True,True,True,0.65,0.95,0.29999999999999993
S3_bicriterion_tradeoff,0.5,0.861,True,True,True,0.65,0.95,0.29999999999999993
S3_bicriterion_tradeoff,0.5,0.862,True,True,True,0.65,0.95,0.29999999999999993
S3_bicriterion_tradeoff,0.5,0.863,True,True,True,0.65,0.95,0.29999999999999993
S3_bicriterion_tradeoff,0.5,0.864,True,True,True,0.65,0.95,0.29999999999999993
S3_bicriterion_tradeoff,0.5,0.865,True,True,True,0.65,0.95,0.29999999999999993
S3_bicriterion_tradeoff,0.5,0.866,True,True,True,0.65,0.95,0.29999999999999993
S3_bicriterion_tradeoff,0.5,0.867,True,True,True,0.65,0.95,0.29999999999999993
S3_bicriterion_tradeoff,0.5,0.868,True,True,True,0.65,0.95,0.29999999999999993
S3_bicriterion_tradeoff,0.5,0.869,True,True,True,0.65,0.95,0.29999999999999993
S3_bicriterion_tradeoff,0.5,0.87,True,True,True,0.65,0.95,0.29999999999999993
S3_bicriterion_tradeoff,0.5,0.871,True,True,True,0.65,0.95,0.29999999999999993
S3_bicriterion_tradeoff,0.5,0.872,True,True,True,0.65,0.95,0.29999999999999993
S3_bicriterion_tradeoff,0.5,0.873,True,True,True,0.65,0.95,0.29999999999999993
S3_bicriterion_tradeoff,0.5,0.874,True,True,True,0.65,0.95,0.29999999999999993
S3_bicriterion_tradeoff,0.5,0.875,True,True,True,0.65,0.95,0.29999999999999993
S3_bicriterion_tradeoff,0.5,0.876,True,True,True,0.65,0.95,0.29999999999999993
S3_bicriterion_tradeoff,0.5,0.877,True,True,True,0.65,0.95,0.29999999999999993
S3_bicriterion_tradeoff,0.5,0.878,True,True,True,0.65,0.95,0.29999999999999993
S3_bicriterion_tradeoff,0.5,0.879,True,True,True,0.65,0.95,0.29999999999999993
S3_bicriterion_tradeoff,0.5,0.88,True,True,True,0.65,0.95,0.29999999999999993
S3_bicriterion_tradeoff,0.5,0.881,True,True,True,0.65,0.95,0.29999999999999993
S3_bicriterion_tradeoff,0.5,0.882,True,True,True,0.65,0.95,0.29999999999999993
S3_bicriterion_tradeoff,0.5,0.883,True,True,True,0.65,0.95,0.29999999999999993
S3_bicriterion_tradeoff,0.5,0.884,True,True,True,0.65,0.95,0.29999999999999993
S3_bicriterion_tradeoff,0.5,0.885,True,True,True,0.65,0.95,0.29999999999999993
S3_bicriterion_tradeoff,0.5,0.886,True,True,True,0.65,0.95,0.29999999999999993
S3_bicriterion_tradeoff,0.5,0.887,True,True,True,0.65,0.95,0.29999999999999993
S3_bicriterion_tradeoff,0.5,0.888,True,True,True,0.65,0.95,0.29999999999999993
S3_bicriterion_tradeoff,0.5,0.889,True,True,True,0.65,0.95,0.29999999999999993
S3_bicriterion_tradeoff,0.5,0.89,True,True,True,0.65,0.95,0.29999999999999993
S3_bicriterion_tradeoff,0.5,0.891,True,True,True,0.65,0.95,0.29999999999999993
S3_bicriterion_tradeoff,0.5,0.892,True,True,True,0.65,0.95,0.29999999999999993
S3_bicriterion_tradeoff,0.5,0.893,True,True,True,0.65,0.95,0.29999999999999993
S3_bicriterion_tradeoff,0.5,0.894,True,True,True,0.65,0.95,0.29999999999999993
S3_bicriterion_tradeoff,0.5,0.895,True,True,True,0.65,0.95,0.29999999999999993
S3_bicriterion_tradeoff,0.5,0.896,True,True,True,0.65,0.95,0.29999999999999993
S3_bicriterion_tradeoff,0.5,0.897,True,True,True,0.65,0.95,0.29999999999999993
S3_bicriterion_tradeoff,0.5,0.898,True,True,True,0.65,0.95,0.29999999999999993
S3_bicriterion_tradeoff,0.5,0.899,True,True,True,0.65,0.95,0.29999999999999993
S3_bicriterion_tradeoff,0.5,0.9,True,True,True,0.65,0.95,0.29999999999999993
S3_bicriterion_tradeoff,0.5,0.901,True,True,True,0.65,0.95,0.29999999999999993
S3_bicriterion_tradeoff,0.5,0.902,True,True,True,0.65,0.95,0.29999999999999993
S3_bicriterion_tradeoff,0.5,0.903,True,True,True,0.65,0.95,0.29999999999999993
S3_bicriterion_tradeoff,0.5,0.904,True,True,True,0.65,0.95,0.29999999999999993
S3_bicriterion_tradeoff,0.5,0.905,True,True,True,0.65,0.95,0.29999999999999993
S3_bicriterion_tradeoff,0.5,0.906,True,True,True,0.65,0.95,0.29999999999999993
S3_bicriterion_tradeoff,0.5,0.907,True,True,True,0.65,0.95,0.29999999999999993
S3_bicriterion_tradeoff,0.5,0.908,True,True,True,0.65,0.95,0.29999999999999993
S3_bicriterion_tradeoff,0.5,0.909,True,True,True,0.65,0.95,0.29999999999999993
S3_bicriterion_tradeoff,0.5,0.91,True,True,True,0.65,0.95,0.29999999999999993
S3_bicriterion_tradeoff,0.5,0.911,True,True,True,0.65,0.95,0.29999999999999993
S3_bicriterion_tradeoff,0.5,0.912,True,True,True,0.65,0.95,0.29999999999999993
S3_bicriterion_tradeoff,0.5,0.913,True,True,True,0.65,0.95,0.29999999999999993
S3_bicriterion_tradeoff,0.5,0.914,True,True,True,0.65,0.95,0.29999999999999993
S3_bicriterion_tradeoff,0.5,0.915,True,True,True,0.65,0.95,0.29999999999999993
S3_bicriterion_tradeoff,0.5,0.916,True,True,True,0.65,0.95,0.29999999999999993
S3_bicriterion_tradeoff,0.5,0.917,True,True,True,0.65,0.95,0.29999999999999993
S3_bicriterion_tradeoff,0.5,0.918,True,True,True,0.65,0.95,0.29999999999999993
S3_bicriterion_tradeoff,0.5,0.919,True,True,True,0.65,0.95,0.29999999999999993
S3_bicriterion_tradeoff,0.5,0.92,True,True,True,0.65,0.95,0.29999999999999993
S3_bicriterion_tradeoff,0.5,0.921,True,True,True,0.65,0.95,0.29999999999999993
S3_bicriterion_tradeoff,0.5,0.922,True,True,True,0.65,0.95,0.29999999999999993
S3_bicriterion_tradeoff,0.5,0.923,True,True,True,0.65,0.95,0.29999999999999993
S3_bicriterion_tradeoff,0.5,0.924,True,True,True,0.65,0.95,0.29999999999999993
S3_bicriterion_tradeoff,0.5,0.925,True,True,True,0.65,0.95,0.29999999999999993
S3_bicriterion_tradeoff,0.5,0.926,True,True,True,0.65,0.95,0.29999999999999993
S3_bicriterion_tradeoff,0.5,0.927,True,True,True,0.65,0.95,0.29999999999999993
S3_bicriterion_tradeoff,0.5,0.928,True,True,True,0.65,0.95,0.29999999999999993
S3_bicriterion_tradeoff,0.5,0.929,True,True,True,0.65,0.95,0.29999999999999993
S3_bicriterion_tradeoff,0.5,0.93,True,True,True,0.65,0.95,0.29999999999999993
S3_bicriterion_tradeoff,0.5,0.931,True,True,True,0.65,0.95,0.29999999999999993
S3_bicriterion_tradeoff,0.5,0.932,True,True,True,0.65,0.95,0.29999999999999993
S3_bicriterion_tradeoff,0.5,0.933,True,True,True,0.65,0.95,0.29999999999999993
S3_bicriterion_tradeoff,0.5,0.934,True,True,True,0.65,0.95,0.29999999999999993
S3_bicriterion_tradeoff,0.5,0.935,True,True,True,0.65,0.95,0.29999999999999993
S3_bicriterion_tradeoff,0.5,0.936,True,True,True,0.65,0.95,0.29999999999999993
S3_bicriterion_tradeoff,0.5,0.937,True,True,True,0.65,0.95,0.29999999999999993
S3_bicriterion_tradeoff,0.5,0.938,True,True,True,0.65,0.95,0.29999999999999993
S3_bicriterion_tradeoff,0.5,0.939,True,True,True,0.65,0.95,0.29999999999999993
S3_bicriterion_tradeoff,0.5,0.94,True,True,True,0.65,0.95,0.29999999999999993
S3_bicriterion_tradeoff,0.5,0.941,True,True,True,0.65,0.95,0.29999999999999993
S3_bicriterion_tradeoff,0.5,0.942,True,True,True,0.65,0.95,0.29999999999999993
S3_bicriterion_tradeoff,0.5,0.943,True,True,True,0.65,0.95,0.29999999999999993
S3_bicriterion_tradeoff,0.5,0.944,True,True,True,0.65,0.95,0.29999999999999993
S3_bicriterion_tradeoff,0.5,0.945,True,True,True,0.65,0.95,0.29999999999999993
S3_bicriterion_tradeoff,0.5,0.946,True,True,True,0.65,0.95,0.29999999999999993
S3_bicriterion_tradeoff,0.5,0.947,True,True,True,0.65,0.95,0.29999999999999993
S3_bicriterion_tradeoff,0.5,0.948,True,True,True,0.65,0.95,0.29999999999999993
S3_bicriterion_tradeoff,0.5,0.949,True,True,True,0.65,0.95,0.29999999999999993
S3_bicriterion_tradeoff,0.5,0.95,True,True,True,0.65,0.95,0.29999999999999993
S3_bicriterion_tradeoff,0.5,0.951,True,True,True,0.65,0.95,0.29999999999999993
S3_bicriterion_tradeoff,0.5,0.952,True,True,True,0.65,0.95,0.29999999999999993
S3_bicriterion_tradeoff,0.5,0.953,True,True,True,0.65,0.95,0.29999999999999993
S3_bicriterion_tradeoff,0.5,0.954,True,True,True,0.65,0.95,0.29999999999999993
S3_bicriterion_tradeoff,0.5,0.955,True,True,True,0.65,0.95,0.29999999999999993
S3_bicriterion_tradeoff,0.5,0.956,True,True,True,0.65,0.95,0.29999999999999993
S3_bicriterion_tradeoff,0.5,0.957,True,True,True,0.65,0.95,0.29999999999999993
S3_bicriterion_tradeoff,0.5,0.958,True,True,True,0.65,0.95,0.29999999999999993
S3_bicriterion_tradeoff,0.5,0.959,True,True,True,0.65,0.95,0.29999999999999993
S3_bicriterion_tradeoff,0.5,0.96,True,True,True,0.65,0.95,0.29999999999999993
S3_bicriterion_tradeoff,0.5,0.961,True,True,True,0.65,0.95,0.29999999999999993
S3_bicriterion_tradeoff,0.5,0.962,True,True,True,0.65,0.95,0.29999999999999993
S3_bicriterion_tradeoff,0.5,0.963,True,True,True,0.65,0.95,0.29999999999999993
S3_bicriterion_tradeoff,0.5,0.964,True,True,True,0.65,0.95,0.29999999999999993
S3_bicriterion_tradeoff,0.5,0.965,True,True,True,0.65,0.95,0.29999999999999993
S3_bicriterion_tradeoff,0.5,0.966,True,True,True,0.65,0.95,0.29999999999999993
S3_bicriterion_tradeoff,0.5,0.967,True,True,True,0.65,0.95,0.29999999999999993
S3_bicriterion_tradeoff,0.5,0.968,True,True,True,0.65,0.95,0.29999999999999993
S3_bicriterion_tradeoff,0.5,0.969,True,True,True,0.65,0.95,0.29999999999999993
S3_bicriterion_tradeoff,0.5,0.97,True,True,True,0.65,0.95,0.29999999999999993
S3_bicriterion_tradeoff,0.5,0.971,True,True,True,0.65,0.95,0.29999999999999993
S3_bicriterion_tradeoff,0.5,0.972,True,True,True,0.65,0.95,0.29999999999999993
S3_bicriterion_tradeoff,0.5,0.973,True,True,True,0.65,0.95,0.29999999999999993
S3_bicriterion_tradeoff,0.5,0.974,True,True,True,0.65,0.95,0.29999999999999993
S3_bicriterion_tradeoff,0.5,0.975,True,True,True,0.65,0.95,0.29999999999999993
S3_bicriterion_tradeoff,0.5,0.976,True,True,True,0.65,0.95,0.29999999999999993
S3_bicriterion_tradeoff,0.5,0.977,True,True,True,0.65,0.95,0.29999999999999993
S3_bicriterion_tradeoff,0.5,0.978,True,True,True,0.65,0.95,0.29999999999999993
S3_bicriterion_tradeoff,0.5,0.979,True,True,True,0.65,0.95,0.29999999999999993
S3_bicriterion_tradeoff,0.5,0.98,True,True,True,0.65,0.95,0.29999999999999993
S3_bicriterion_tradeoff,0.5,0.981,True,True,True,0.65,0.95,0.29999999999999993
S3_bicriterion_tradeoff,0.5,0.982,True,True,True,0.65,0.95,0.29999999999999993
S3_bicriterion_tradeoff,0.5,0.983,True,True,True,0.65,0.95,0.29999999999999993
S3_bicriterion_tradeoff,0.5,0.984,True,True,True,0.65,0.95,0.29999999999999993
S3_bicriterion_tradeoff,0.5,0.985,True,True,True,0.65,0.95,0.29999999999999993
S3_bicriterion_tradeoff,0.5,0.986,True,True,True,0.65,0.95,0.29999999999999993
S3_bicriterion_tradeoff,0.5,0.987,True,True,True,0.65,0.95,0.29999999999999993
S3_bicriterion_tradeoff,0.5,0.988,True,True,True,0.65,0.95,0.29999999999999993
S3_bicriterion_tradeoff,0.5,0.989,True,True,True,0.65,0.95,0.29999999999999993
S3_bicriterion_tradeoff,0.5,0.99,True,True,True,0.65,0.95,0.29999999999999993
S3_bicriterion_tradeoff,0.5,0.991,True,True,True,0.65,0.95,0.29999999999999993
S3_bicriterion_tradeoff,0.5,0.992,True,True,True,0.65,0.95,0.29999999999999993
S3_bicriterion_tradeoff,0.5,0.993,True,True,True,0.65,0.95,0.29999999999999993
S3_bicriterion_tradeoff,0.5,0.994,True,True,True,0.65,0.95,0.29999999999999993
S3_bicriterion_tradeoff,0.5,0.995,True,True,True,0.65,0.95,0.29999999999999993
S3_bicriterion_tradeoff,0.5,0.996,True,True,True,0.65,0.95,0.29999999999999993
S3_bicriterion_tradeoff,0.5,0.997,True,True,True,0.65,0.95,0.29999999999999993
S3_bicriterion_tradeoff,0.5,0.998,True,True,True,0.65,0.95,0.29999999999999993
S3_bicriterion_tradeoff,0.5,0.999,True,True,True,0.65,0.95,0.29999999999999993
S3_bicriterion_tradeoff,0.5,1.0,True,True,True,0.65,0.95,0.29999999999999993
S4_geometric_expansion_null,0.5,0.0,False,False,False,,,
S4_geometric_expansion_null,0.5,0.001,False,False,False,,,
S4_geometric_expansion_null,0.5,0.002,False,False,False,,,
S4_geometric_expansion_null,0.5,0.003,False,False,False,,,
S4_geometric_expansion_null,0.5,0.004,False,False,False,,,
S4_geometric_expansion_null,0.5,0.005,False,False,False,,,
S4_geometric_expansion_null,0.5,0.006,False,False,False,,,
S4_geometric_expansion_null,0.5,0.007,False,False,False,,,
S4_geometric_expansion_null,0.5,0.008,False,False,False,,,
S4_geometric_expansion_null,0.5,0.009,False,False,False,,,
S4_geometric_expansion_null,0.5,0.01,False,False,False,,,
S4_geometric_expansion_null,0.5,0.011,False,False,False,,,
S4_geometric_expansion_null,0.5,0.012,False,False,False,,,
S4_geometric_expansion_null,0.5,0.013,False,False,False,,,
S4_geometric_expansion_null,0.5,0.014,False,False,False,,,
S4_geometric_expansion_null,0.5,0.015,False,False,False,,,
S4_geometric_expansion_null,0.5,0.016,False,False,False,,,
S4_geometric_expansion_null,0.5,0.017,False,False,False,,,
S4_geometric_expansion_null,0.5,0.018,False,False,False,,,
S4_geometric_expansion_null,0.5,0.019,False,False,False,,,
S4_geometric_expansion_null,0.5,0.02,False,False,False,,,
S4_geometric_expansion_null,0.5,0.021,False,False,False,,,
S4_geometric_expansion_null,0.5,0.022,False,False,False,,,
S4_geometric_expansion_null,0.5,0.023,False,False,False,,,
S4_geometric_expansion_null,0.5,0.024,False,False,False,,,
S4_geometric_expansion_null,0.5,0.025,False,False,False,,,
S4_geometric_expansion_null,0.5,0.026,False,False,False,,,
S4_geometric_expansion_null,0.5,0.027,False,False,False,,,
S4_geometric_expansion_null,0.5,0.028,False,False,False,,,
S4_geometric_expansion_null,0.5,0.029,False,False,False,,,
S4_geometric_expansion_null,0.5,0.03,False,False,False,,,
S4_geometric_expansion_null,0.5,0.031,False,False,False,,,
S4_geometric_expansion_null,0.5,0.032,False,False,False,,,
S4_geometric_expansion_null,0.5,0.033,False,False,False,,,
S4_geometric_expansion_null,0.5,0.034,False,False,False,,,
S4_geometric_expansion_null,0.5,0.035,False,False,False,,,
S4_geometric_expansion_null,0.5,0.036,False,False,False,,,
S4_geometric_expansion_null,0.5,0.037,False,False,False,,,
S4_geometric_expansion_null,0.5,0.038,False,False,False,,,
S4_geometric_expansion_null,0.5,0.039,False,False,False,,,
S4_geometric_expansion_null,0.5,0.04,False,False,False,,,
S4_geometric_expansion_null,0.5,0.041,False,False,False,,,
S4_geometric_expansion_null,0.5,0.042,False,False,False,,,
S4_geometric_expansion_null,0.5,0.043,False,False,False,,,
S4_geometric_expansion_null,0.5,0.044,False,False,False,,,
S4_geometric_expansion_null,0.5,0.045,False,False,False,,,
S4_geometric_expansion_null,0.5,0.046,False,False,False,,,
S4_geometric_expansion_null,0.5,0.047,False,False,False,,,
S4_geometric_expansion_null,0.5,0.048,False,False,False,,,
S4_geometric_expansion_null,0.5,0.049,False,False,False,,,
S4_geometric_expansion_null,0.5,0.05,False,False,False,,,
S4_geometric_expansion_null,0.5,0.051,False,False,False,,,
S4_geometric_expansion_null,0.5,0.052,False,False,False,,,
S4_geometric_expansion_null,0.5,0.053,False,False,False,,,
S4_geometric_expansion_null,0.5,0.054,False,False,False,,,
S4_geometric_expansion_null,0.5,0.055,False,False,False,,,
S4_geometric_expansion_null,0.5,0.056,False,False,False,,,
S4_geometric_expansion_null,0.5,0.057,False,False,False,,,
S4_geometric_expansion_null,0.5,0.058,False,False,False,,,
S4_geometric_expansion_null,0.5,0.059,False,False,False,,,
S4_geometric_expansion_null,0.5,0.06,False,False,False,,,
S4_geometric_expansion_null,0.5,0.061,False,False,False,,,
S4_geometric_expansion_null,0.5,0.062,False,False,False,,,
S4_geometric_expansion_null,0.5,0.063,False,False,False,,,
S4_geometric_expansion_null,0.5,0.064,False,False,False,,,
S4_geometric_expansion_null,0.5,0.065,False,False,False,,,
S4_geometric_expansion_null,0.5,0.066,False,False,False,,,
S4_geometric_expansion_null,0.5,0.067,False,False,False,,,
S4_geometric_expansion_null,0.5,0.068,False,False,False,,,
S4_geometric_expansion_null,0.5,0.069,False,False,False,,,
S4_geometric_expansion_null,0.5,0.07,False,False,False,,,
S4_geometric_expansion_null,0.5,0.071,False,False,False,,,
S4_geometric_expansion_null,0.5,0.072,False,False,False,,,
S4_geometric_expansion_null,0.5,0.073,False,False,False,,,
S4_geometric_expansion_null,0.5,0.074,False,False,False,,,
S4_geometric_expansion_null,0.5,0.075,False,False,False,,,
S4_geometric_expansion_null,0.5,0.076,False,False,False,,,
S4_geometric_expansion_null,0.5,0.077,False,False,False,,,
S4_geometric_expansion_null,0.5,0.078,False,False,False,,,
S4_geometric_expansion_null,0.5,0.079,False,False,False,,,
S4_geometric_expansion_null,0.5,0.08,False,False,False,,,
S4_geometric_expansion_null,0.5,0.081,False,False,False,,,
S4_geometric_expansion_null,0.5,0.082,False,False,False,,,
S4_geometric_expansion_null,0.5,0.083,False,False,False,,,
S4_geometric_expansion_null,0.5,0.084,False,False,False,,,
S4_geometric_expansion_null,0.5,0.085,False,False,False,,,
S4_geometric_expansion_null,0.5,0.086,False,False,False,,,
S4_geometric_expansion_null,0.5,0.087,False,False,False,,,
S4_geometric_expansion_null,0.5,0.088,False,False,False,,,
S4_geometric_expansion_null,0.5,0.089,False,False,False,,,
S4_geometric_expansion_null,0.5,0.09,False,False,False,,,
S4_geometric_expansion_null,0.5,0.091,False,False,False,,,
S4_geometric_expansion_null,0.5,0.092,False,False,False,,,
S4_geometric_expansion_null,0.5,0.093,False,False,False,,,
S4_geometric_expansion_null,0.5,0.094,False,False,False,,,
S4_geometric_expansion_null,0.5,0.095,False,False,False,,,
S4_geometric_expansion_null,0.5,0.096,False,False,False,,,
S4_geometric_expansion_null,0.5,0.097,False,False,False,,,
S4_geometric_expansion_null,0.5,0.098,False,False,False,,,
S4_geometric_expansion_null,0.5,0.099,False,False,False,,,
S4_geometric_expansion_null,0.5,0.1,False,False,False,,,
S4_geometric_expansion_null,0.5,0.101,False,False,False,,,
S4_geometric_expansion_null,0.5,0.102,False,False,False,,,
S4_geometric_expansion_null,0.5,0.103,False,False,False,,,
S4_geometric_expansion_null,0.5,0.104,False,False,False,,,
S4_geometric_expansion_null,0.5,0.105,False,False,False,,,
S4_geometric_expansion_null,0.5,0.106,False,False,False,,,
S4_geometric_expansion_null,0.5,0.107,False,False,False,,,
S4_geometric_expansion_null,0.5,0.108,False,False,False,,,
S4_geometric_expansion_null,0.5,0.109,False,False,False,,,
S4_geometric_expansion_null,0.5,0.11,False,False,False,,,
S4_geometric_expansion_null,0.5,0.111,False,False,False,,,
S4_geometric_expansion_null,0.5,0.112,False,False,False,,,
S4_geometric_expansion_null,0.5,0.113,False,False,False,,,
S4_geometric_expansion_null,0.5,0.114,False,False,False,,,
S4_geometric_expansion_null,0.5,0.115,False,False,False,,,
S4_geometric_expansion_null,0.5,0.116,False,False,False,,,
S4_geometric_expansion_null,0.5,0.117,False,False,False,,,
S4_geometric_expansion_null,0.5,0.118,False,False,False,,,
S4_geometric_expansion_null,0.5,0.119,False,False,False,,,
S4_geometric_expansion_null,0.5,0.12,False,False,False,,,
S4_geometric_expansion_null,0.5,0.121,False,False,False,,,
S4_geometric_expansion_null,0.5,0.122,False,False,False,,,
S4_geometric_expansion_null,0.5,0.123,False,False,False,,,
S4_geometric_expansion_null,0.5,0.124,False,False,False,,,
S4_geometric_expansion_null,0.5,0.125,False,False,False,,,
S4_geometric_expansion_null,0.5,0.126,False,False,False,,,
S4_geometric_expansion_null,0.5,0.127,False,False,False,,,
S4_geometric_expansion_null,0.5,0.128,False,False,False,,,
S4_geometric_expansion_null,0.5,0.129,False,False,False,,,
S4_geometric_expansion_null,0.5,0.13,False,False,False,,,
S4_geometric_expansion_null,0.5,0.131,False,False,False,,,
S4_geometric_expansion_null,0.5,0.132,False,False,False,,,
S4_geometric_expansion_null,0.5,0.133,False,False,False,,,
S4_geometric_expansion_null,0.5,0.134,False,False,False,,,
S4_geometric_expansion_null,0.5,0.135,False,False,False,,,
S4_geometric_expansion_null,0.5,0.136,False,False,False,,,
S4_geometric_expansion_null,0.5,0.137,False,False,False,,,
S4_geometric_expansion_null,0.5,0.138,False,False,False,,,
S4_geometric_expansion_null,0.5,0.139,False,False,False,,,
S4_geometric_expansion_null,0.5,0.14,False,False,False,,,
S4_geometric_expansion_null,0.5,0.141,False,False,False,,,
S4_geometric_expansion_null,0.5,0.142,False,False,False,,,
S4_geometric_expansion_null,0.5,0.143,False,False,False,,,
S4_geometric_expansion_null,0.5,0.144,False,False,False,,,
S4_geometric_expansion_null,0.5,0.145,False,False,False,,,
S4_geometric_expansion_null,0.5,0.146,False,False,False,,,
S4_geometric_expansion_null,0.5,0.147,False,False,False,,,
S4_geometric_expansion_null,0.5,0.148,False,False,False,,,
S4_geometric_expansion_null,0.5,0.149,False,False,False,,,
S4_geometric_expansion_null,0.5,0.15,False,False,False,,,
S4_geometric_expansion_null,0.5,0.151,False,False,False,,,
S4_geometric_expansion_null,0.5,0.152,False,False,False,,,
S4_geometric_expansion_null,0.5,0.153,False,False,False,,,
S4_geometric_expansion_null,0.5,0.154,False,False,False,,,
S4_geometric_expansion_null,0.5,0.155,False,False,False,,,
S4_geometric_expansion_null,0.5,0.156,False,False,False,,,
S4_geometric_expansion_null,0.5,0.157,False,False,False,,,
S4_geometric_expansion_null,0.5,0.158,False,False,False,,,
S4_geometric_expansion_null,0.5,0.159,False,False,False,,,
S4_geometric_expansion_null,0.5,0.16,False,False,False,,,
S4_geometric_expansion_null,0.5,0.161,False,False,False,,,
S4_geometric_expansion_null,0.5,0.162,False,False,False,,,
S4_geometric_expansion_null,0.5,0.163,False,False,False,,,
S4_geometric_expansion_null,0.5,0.164,False,False,False,,,
S4_geometric_expansion_null,0.5,0.165,False,False,False,,,
S4_geometric_expansion_null,0.5,0.166,False,False,False,,,
S4_geometric_expansion_null,0.5,0.167,False,False,False,,,
S4_geometric_expansion_null,0.5,0.168,False,False,False,,,
S4_geometric_expansion_null,0.5,0.169,False,False,False,,,
S4_geometric_expansion_null,0.5,0.17,False,False,False,,,
S4_geometric_expansion_null,0.5,0.171,False,False,False,,,
S4_geometric_expansion_null,0.5,0.172,False,False,False,,,
S4_geometric_expansion_null,0.5,0.173,False,False,False,,,
S4_geometric_expansion_null,0.5,0.174,False,False,False,,,
S4_geometric_expansion_null,0.5,0.175,False,False,False,,,
S4_geometric_expansion_null,0.5,0.176,False,False,False,,,
S4_geometric_expansion_null,0.5,0.177,False,False,False,,,
S4_geometric_expansion_null,0.5,0.178,False,False,False,,,
S4_geometric_expansion_null,0.5,0.179,False,False,False,,,
S4_geometric_expansion_null,0.5,0.18,False,False,False,,,
S4_geometric_expansion_null,0.5,0.181,False,False,False,,,
S4_geometric_expansion_null,0.5,0.182,False,False,False,,,
S4_geometric_expansion_null,0.5,0.183,False,False,False,,,
S4_geometric_expansion_null,0.5,0.184,False,False,False,,,
S4_geometric_expansion_null,0.5,0.185,False,False,False,,,
S4_geometric_expansion_null,0.5,0.186,False,False,False,,,
S4_geometric_expansion_null,0.5,0.187,False,False,False,,,
S4_geometric_expansion_null,0.5,0.188,False,False,False,,,
S4_geometric_expansion_null,0.5,0.189,False,False,False,,,
S4_geometric_expansion_null,0.5,0.19,False,False,False,,,
S4_geometric_expansion_null,0.5,0.191,False,False,False,,,
S4_geometric_expansion_null,0.5,0.192,False,False,False,,,
S4_geometric_expansion_null,0.5,0.193,False,False,False,,,
S4_geometric_expansion_null,0.5,0.194,False,False,False,,,
S4_geometric_expansion_null,0.5,0.195,False,False,False,,,
S4_geometric_expansion_null,0.5,0.196,False,False,False,,,
S4_geometric_expansion_null,0.5,0.197,False,False,False,,,
S4_geometric_expansion_null,0.5,0.198,False,False,False,,,
S4_geometric_expansion_null,0.5,0.199,False,False,False,,,
S4_geometric_expansion_null,0.5,0.2,False,False,False,,,
S4_geometric_expansion_null,0.5,0.201,False,False,False,,,
S4_geometric_expansion_null,0.5,0.202,False,False,False,,,
S4_geometric_expansion_null,0.5,0.203,False,False,False,,,
S4_geometric_expansion_null,0.5,0.204,False,False,False,,,
S4_geometric_expansion_null,0.5,0.205,False,False,False,,,
S4_geometric_expansion_null,0.5,0.206,False,False,False,,,
S4_geometric_expansion_null,0.5,0.207,False,False,False,,,
S4_geometric_expansion_null,0.5,0.208,False,False,False,,,
S4_geometric_expansion_null,0.5,0.209,False,False,False,,,
S4_geometric_expansion_null,0.5,0.21,False,False,False,,,
S4_geometric_expansion_null,0.5,0.211,False,False,False,,,
S4_geometric_expansion_null,0.5,0.212,False,False,False,,,
S4_geometric_expansion_null,0.5,0.213,False,False,False,,,
S4_geometric_expansion_null,0.5,0.214,False,False,False,,,
S4_geometric_expansion_null,0.5,0.215,False,False,False,,,
S4_geometric_expansion_null,0.5,0.216,False,False,False,,,
S4_geometric_expansion_null,0.5,0.217,False,False,False,,,
S4_geometric_expansion_null,0.5,0.218,False,False,False,,,
S4_geometric_expansion_null,0.5,0.219,False,False,False,,,
S4_geometric_expansion_null,0.5,0.22,False,False,False,,,
S4_geometric_expansion_null,0.5,0.221,False,False,False,,,
S4_geometric_expansion_null,0.5,0.222,False,False,False,,,
S4_geometric_expansion_null,0.5,0.223,False,False,False,,,
S4_geometric_expansion_null,0.5,0.224,False,False,False,,,
S4_geometric_expansion_null,0.5,0.225,False,False,False,,,
S4_geometric_expansion_null,0.5,0.226,False,False,False,,,
S4_geometric_expansion_null,0.5,0.227,False,False,False,,,
S4_geometric_expansion_null,0.5,0.228,False,False,False,,,
S4_geometric_expansion_null,0.5,0.229,False,False,False,,,
S4_geometric_expansion_null,0.5,0.23,False,False,False,,,
S4_geometric_expansion_null,0.5,0.231,False,False,False,,,
S4_geometric_expansion_null,0.5,0.232,False,False,False,,,
S4_geometric_expansion_null,0.5,0.233,False,False,False,,,
S4_geometric_expansion_null,0.5,0.234,False,False,False,,,
S4_geometric_expansion_null,0.5,0.235,False,False,False,,,
S4_geometric_expansion_null,0.5,0.236,False,False,False,,,
S4_geometric_expansion_null,0.5,0.237,False,False,False,,,
S4_geometric_expansion_null,0.5,0.238,False,False,False,,,
S4_geometric_expansion_null,0.5,0.239,False,False,False,,,
S4_geometric_expansion_null,0.5,0.24,False,False,False,,,
S4_geometric_expansion_null,0.5,0.241,False,False,False,,,
S4_geometric_expansion_null,0.5,0.242,False,False,False,,,
S4_geometric_expansion_null,0.5,0.243,False,False,False,,,
S4_geometric_expansion_null,0.5,0.244,False,False,False,,,
S4_geometric_expansion_null,0.5,0.245,False,False,False,,,
S4_geometric_expansion_null,0.5,0.246,False,False,False,,,
S4_geometric_expansion_null,0.5,0.247,False,False,False,,,
S4_geometric_expansion_null,0.5,0.248,False,False,False,,,
S4_geometric_expansion_null,0.5,0.249,False,False,False,,,
S4_geometric_expansion_null,0.5,0.25,False,False,False,,,
S4_geometric_expansion_null,0.5,0.251,False,False,False,,,
S4_geometric_expansion_null,0.5,0.252,False,False,False,,,
S4_geometric_expansion_null,0.5,0.253,False,False,False,,,
S4_geometric_expansion_null,0.5,0.254,False,False,False,,,
S4_geometric_expansion_null,0.5,0.255,False,False,False,,,
S4_geometric_expansion_null,0.5,0.256,False,False,False,,,
S4_geometric_expansion_null,0.5,0.257,False,False,False,,,
S4_geometric_expansion_null,0.5,0.258,False,False,False,,,
S4_geometric_expansion_null,0.5,0.259,False,False,False,,,
S4_geometric_expansion_null,0.5,0.26,False,False,False,,,
S4_geometric_expansion_null,0.5,0.261,False,False,False,,,
S4_geometric_expansion_null,0.5,0.262,False,False,False,,,
S4_geometric_expansion_null,0.5,0.263,False,False,False,,,
S4_geometric_expansion_null,0.5,0.264,False,False,False,,,
S4_geometric_expansion_null,0.5,0.265,False,False,False,,,
S4_geometric_expansion_null,0.5,0.266,False,False,False,,,
S4_geometric_expansion_null,0.5,0.267,False,False,False,,,
S4_geometric_expansion_null,0.5,0.268,False,False,False,,,
S4_geometric_expansion_null,0.5,0.269,False,False,False,,,
S4_geometric_expansion_null,0.5,0.27,False,False,False,,,
S4_geometric_expansion_null,0.5,0.271,False,False,False,,,
S4_geometric_expansion_null,0.5,0.272,False,False,False,,,
S4_geometric_expansion_null,0.5,0.273,False,False,False,,,
S4_geometric_expansion_null,0.5,0.274,False,False,False,,,
S4_geometric_expansion_null,0.5,0.275,False,False,False,,,
S4_geometric_expansion_null,0.5,0.276,False,False,False,,,
S4_geometric_expansion_null,0.5,0.277,False,False,False,,,
S4_geometric_expansion_null,0.5,0.278,False,False,False,,,
S4_geometric_expansion_null,0.5,0.279,False,False,False,,,
S4_geometric_expansion_null,0.5,0.28,False,False,False,,,
S4_geometric_expansion_null,0.5,0.281,False,False,False,,,
S4_geometric_expansion_null,0.5,0.282,False,False,False,,,
S4_geometric_expansion_null,0.5,0.283,False,False,False,,,
S4_geometric_expansion_null,0.5,0.284,False,False,False,,,
S4_geometric_expansion_null,0.5,0.285,False,False,False,,,
S4_geometric_expansion_null,0.5,0.286,False,False,False,,,
S4_geometric_expansion_null,0.5,0.287,False,False,False,,,
S4_geometric_expansion_null,0.5,0.288,False,False,False,,,
S4_geometric_expansion_null,0.5,0.289,False,False,False,,,
S4_geometric_expansion_null,0.5,0.29,False,False,False,,,
S4_geometric_expansion_null,0.5,0.291,False,False,False,,,
S4_geometric_expansion_null,0.5,0.292,False,False,False,,,
S4_geometric_expansion_null,0.5,0.293,False,False,False,,,
S4_geometric_expansion_null,0.5,0.294,False,False,False,,,
S4_geometric_expansion_null,0.5,0.295,False,False,False,,,
S4_geometric_expansion_null,0.5,0.296,False,False,False,,,
S4_geometric_expansion_null,0.5,0.297,False,False,False,,,
S4_geometric_expansion_null,0.5,0.298,False,False,False,,,
S4_geometric_expansion_null,0.5,0.299,False,False,False,,,
S4_geometric_expansion_null,0.5,0.3,False,False,False,,,
S4_geometric_expansion_null,0.5,0.301,False,False,False,,,
S4_geometric_expansion_null,0.5,0.302,False,False,False,,,
S4_geometric_expansion_null,0.5,0.303,False,False,False,,,
S4_geometric_expansion_null,0.5,0.304,False,False,False,,,
S4_geometric_expansion_null,0.5,0.305,False,False,False,,,
S4_geometric_expansion_null,0.5,0.306,False,False,False,,,
S4_geometric_expansion_null,0.5,0.307,False,False,False,,,
S4_geometric_expansion_null,0.5,0.308,False,False,False,,,
S4_geometric_expansion_null,0.5,0.309,False,False,False,,,
S4_geometric_expansion_null,0.5,0.31,False,False,False,,,
S4_geometric_expansion_null,0.5,0.311,False,False,False,,,
S4_geometric_expansion_null,0.5,0.312,False,False,False,,,
S4_geometric_expansion_null,0.5,0.313,False,False,False,,,
S4_geometric_expansion_null,0.5,0.314,False,False,False,,,
S4_geometric_expansion_null,0.5,0.315,False,False,False,,,
S4_geometric_expansion_null,0.5,0.316,False,False,False,,,
S4_geometric_expansion_null,0.5,0.317,False,False,False,,,
S4_geometric_expansion_null,0.5,0.318,False,False,False,,,
S4_geometric_expansion_null,0.5,0.319,False,False,False,,,
S4_geometric_expansion_null,0.5,0.32,False,False,False,,,
S4_geometric_expansion_null,0.5,0.321,False,False,False,,,
S4_geometric_expansion_null,0.5,0.322,False,False,False,,,
S4_geometric_expansion_null,0.5,0.323,False,False,False,,,
S4_geometric_expansion_null,0.5,0.324,False,False,False,,,
S4_geometric_expansion_null,0.5,0.325,False,False,False,,,
S4_geometric_expansion_null,0.5,0.326,False,False,False,,,
S4_geometric_expansion_null,0.5,0.327,False,False,False,,,
S4_geometric_expansion_null,0.5,0.328,False,False,False,,,
S4_geometric_expansion_null,0.5,0.329,False,False,False,,,
S4_geometric_expansion_null,0.5,0.33,False,False,False,,,
S4_geometric_expansion_null,0.5,0.331,False,False,False,,,
S4_geometric_expansion_null,0.5,0.332,False,False,False,,,
S4_geometric_expansion_null,0.5,0.333,False,False,False,,,
S4_geometric_expansion_null,0.5,0.334,False,False,False,,,
S4_geometric_expansion_null,0.5,0.335,False,False,False,,,
S4_geometric_expansion_null,0.5,0.336,False,False,False,,,
S4_geometric_expansion_null,0.5,0.337,False,False,False,,,
S4_geometric_expansion_null,0.5,0.338,False,False,False,,,
S4_geometric_expansion_null,0.5,0.339,False,False,False,,,
S4_geometric_expansion_null,0.5,0.34,False,False,False,,,
S4_geometric_expansion_null,0.5,0.341,False,False,False,,,
S4_geometric_expansion_null,0.5,0.342,False,False,False,,,
S4_geometric_expansion_null,0.5,0.343,False,False,False,,,
S4_geometric_expansion_null,0.5,0.344,False,False,False,,,
S4_geometric_expansion_null,0.5,0.345,False,False,False,,,
S4_geometric_expansion_null,0.5,0.346,False,False,False,,,
S4_geometric_expansion_null,0.5,0.347,False,False,False,,,
S4_geometric_expansion_null,0.5,0.348,False,False,False,,,
S4_geometric_expansion_null,0.5,0.349,False,False,False,,,
S4_geometric_expansion_null,0.5,0.35,False,False,False,,,
S4_geometric_expansion_null,0.5,0.351,False,False,False,,,
S4_geometric_expansion_null,0.5,0.352,False,False,False,,,
S4_geometric_expansion_null,0.5,0.353,False,False,False,,,
S4_geometric_expansion_null,0.5,0.354,False,False,False,,,
S4_geometric_expansion_null,0.5,0.355,False,False,False,,,
S4_geometric_expansion_null,0.5,0.356,False,False,False,,,
S4_geometric_expansion_null,0.5,0.357,False,False,False,,,
S4_geometric_expansion_null,0.5,0.358,False,False,False,,,
S4_geometric_expansion_null,0.5,0.359,False,False,False,,,
S4_geometric_expansion_null,0.5,0.36,False,False,False,,,
S4_geometric_expansion_null,0.5,0.361,False,False,False,,,
S4_geometric_expansion_null,0.5,0.362,False,False,False,,,
S4_geometric_expansion_null,0.5,0.363,False,False,False,,,
S4_geometric_expansion_null,0.5,0.364,False,False,False,,,
S4_geometric_expansion_null,0.5,0.365,False,False,False,,,
S4_geometric_expansion_null,0.5,0.366,False,False,False,,,
S4_geometric_expansion_null,0.5,0.367,False,False,False,,,
S4_geometric_expansion_null,0.5,0.368,False,False,False,,,
S4_geometric_expansion_null,0.5,0.369,False,False,False,,,
S4_geometric_expansion_null,0.5,0.37,False,False,False,,,
S4_geometric_expansion_null,0.5,0.371,False,False,False,,,
S4_geometric_expansion_null,0.5,0.372,False,False,False,,,
S4_geometric_expansion_null,0.5,0.373,False,False,False,,,
S4_geometric_expansion_null,0.5,0.374,False,False,False,,,
S4_geometric_expansion_null,0.5,0.375,False,False,False,,,
S4_geometric_expansion_null,0.5,0.376,False,False,False,,,
S4_geometric_expansion_null,0.5,0.377,False,False,False,,,
S4_geometric_expansion_null,0.5,0.378,False,False,False,,,
S4_geometric_expansion_null,0.5,0.379,False,False,False,,,
S4_geometric_expansion_null,0.5,0.38,False,False,False,,,
S4_geometric_expansion_null,0.5,0.381,False,False,False,,,
S4_geometric_expansion_null,0.5,0.382,False,False,False,,,
S4_geometric_expansion_null,0.5,0.383,False,False,False,,,
S4_geometric_expansion_null,0.5,0.384,False,False,False,,,
S4_geometric_expansion_null,0.5,0.385,False,False,False,,,
S4_geometric_expansion_null,0.5,0.386,False,False,False,,,
S4_geometric_expansion_null,0.5,0.387,False,False,False,,,
S4_geometric_expansion_null,0.5,0.388,False,False,False,,,
S4_geometric_expansion_null,0.5,0.389,False,False,False,,,
S4_geometric_expansion_null,0.5,0.39,False,False,False,,,
S4_geometric_expansion_null,0.5,0.391,False,False,False,,,
S4_geometric_expansion_null,0.5,0.392,False,False,False,,,
S4_geometric_expansion_null,0.5,0.393,False,False,False,,,
S4_geometric_expansion_null,0.5,0.394,False,False,False,,,
S4_geometric_expansion_null,0.5,0.395,False,False,False,,,
S4_geometric_expansion_null,0.5,0.396,False,False,False,,,
S4_geometric_expansion_null,0.5,0.397,False,False,False,,,
S4_geometric_expansion_null,0.5,0.398,False,False,False,,,
S4_geometric_expansion_null,0.5,0.399,False,False,False,,,
S4_geometric_expansion_null,0.5,0.4,True,True,True,1.0,1.0,0.0
S4_geometric_expansion_null,0.5,0.401,True,True,True,1.0,1.0,0.0
S4_geometric_expansion_null,0.5,0.402,True,True,True,1.0,1.0,0.0
S4_geometric_expansion_null,0.5,0.403,True,True,True,1.0,1.0,0.0
S4_geometric_expansion_null,0.5,0.404,True,True,True,1.0,1.0,0.0
S4_geometric_expansion_null,0.5,0.405,True,True,True,1.0,1.0,0.0
S4_geometric_expansion_null,0.5,0.406,True,True,True,1.0,1.0,0.0
S4_geometric_expansion_null,0.5,0.407,True,True,True,1.0,1.0,0.0
S4_geometric_expansion_null,0.5,0.408,True,True,True,1.0,1.0,0.0
S4_geometric_expansion_null,0.5,0.409,True,True,True,1.0,1.0,0.0
S4_geometric_expansion_null,0.5,0.41,True,True,True,1.0,1.0,0.0
S4_geometric_expansion_null,0.5,0.411,True,True,True,1.0,1.0,0.0
S4_geometric_expansion_null,0.5,0.412,True,True,True,1.0,1.0,0.0
S4_geometric_expansion_null,0.5,0.413,True,True,True,1.0,1.0,0.0
S4_geometric_expansion_null,0.5,0.414,True,True,True,1.0,1.0,0.0
S4_geometric_expansion_null,0.5,0.415,True,True,True,1.0,1.0,0.0
S4_geometric_expansion_null,0.5,0.416,True,True,True,1.0,1.0,0.0
S4_geometric_expansion_null,0.5,0.417,True,True,True,1.0,1.0,0.0
S4_geometric_expansion_null,0.5,0.418,True,True,True,1.0,1.0,0.0
S4_geometric_expansion_null,0.5,0.419,True,True,True,1.0,1.0,0.0
S4_geometric_expansion_null,0.5,0.42,True,True,True,1.0,1.0,0.0
S4_geometric_expansion_null,0.5,0.421,True,True,True,1.0,1.0,0.0
S4_geometric_expansion_null,0.5,0.422,True,True,True,1.0,1.0,0.0
S4_geometric_expansion_null,0.5,0.423,True,True,True,1.0,1.0,0.0
S4_geometric_expansion_null,0.5,0.424,True,True,True,1.0,1.0,0.0
S4_geometric_expansion_null,0.5,0.425,True,True,True,1.0,1.0,0.0
S4_geometric_expansion_null,0.5,0.426,True,True,True,1.0,1.0,0.0
S4_geometric_expansion_null,0.5,0.427,True,True,True,1.0,1.0,0.0
S4_geometric_expansion_null,0.5,0.428,True,True,True,1.0,1.0,0.0
S4_geometric_expansion_null,0.5,0.429,True,True,True,1.0,1.0,0.0
S4_geometric_expansion_null,0.5,0.43,True,True,True,1.0,1.0,0.0
S4_geometric_expansion_null,0.5,0.431,True,True,True,1.0,1.0,0.0
S4_geometric_expansion_null,0.5,0.432,True,True,True,1.0,1.0,0.0
S4_geometric_expansion_null,0.5,0.433,True,True,True,1.0,1.0,0.0
S4_geometric_expansion_null,0.5,0.434,True,True,True,1.0,1.0,0.0
S4_geometric_expansion_null,0.5,0.435,True,True,True,1.0,1.0,0.0
S4_geometric_expansion_null,0.5,0.436,True,True,True,1.0,1.0,0.0
S4_geometric_expansion_null,0.5,0.437,True,True,True,1.0,1.0,0.0
S4_geometric_expansion_null,0.5,0.438,True,True,True,1.0,1.0,0.0
S4_geometric_expansion_null,0.5,0.439,True,True,True,1.0,1.0,0.0
S4_geometric_expansion_null,0.5,0.44,True,True,True,1.0,1.0,0.0
S4_geometric_expansion_null,0.5,0.441,True,True,True,1.0,1.0,0.0
S4_geometric_expansion_null,0.5,0.442,True,True,True,1.0,1.0,0.0
S4_geometric_expansion_null,0.5,0.443,True,True,True,1.0,1.0,0.0
S4_geometric_expansion_null,0.5,0.444,True,True,True,1.0,1.0,0.0
S4_geometric_expansion_null,0.5,0.445,True,True,True,1.0,1.0,0.0
S4_geometric_expansion_null,0.5,0.446,True,True,True,1.0,1.0,0.0
S4_geometric_expansion_null,0.5,0.447,True,True,True,1.0,1.0,0.0
S4_geometric_expansion_null,0.5,0.448,True,True,True,1.0,1.0,0.0
S4_geometric_expansion_null,0.5,0.449,True,True,True,1.0,1.0,0.0
S4_geometric_expansion_null,0.5,0.45,True,True,True,1.0,1.0,0.0
S4_geometric_expansion_null,0.5,0.451,True,True,True,1.0,1.0,0.0
S4_geometric_expansion_null,0.5,0.452,True,True,True,1.0,1.0,0.0
S4_geometric_expansion_null,0.5,0.453,True,True,True,1.0,1.0,0.0
S4_geometric_expansion_null,0.5,0.454,True,True,True,1.0,1.0,0.0
S4_geometric_expansion_null,0.5,0.455,True,True,True,1.0,1.0,0.0
S4_geometric_expansion_null,0.5,0.456,True,True,True,1.0,1.0,0.0
S4_geometric_expansion_null,0.5,0.457,True,True,True,1.0,1.0,0.0
S4_geometric_expansion_null,0.5,0.458,True,True,True,1.0,1.0,0.0
S4_geometric_expansion_null,0.5,0.459,True,True,True,1.0,1.0,0.0
S4_geometric_expansion_null,0.5,0.46,True,True,True,1.0,1.0,0.0
S4_geometric_expansion_null,0.5,0.461,True,True,True,1.0,1.0,0.0
S4_geometric_expansion_null,0.5,0.462,True,True,True,1.0,1.0,0.0
S4_geometric_expansion_null,0.5,0.463,True,True,True,1.0,1.0,0.0
S4_geometric_expansion_null,0.5,0.464,True,True,True,1.0,1.0,0.0
S4_geometric_expansion_null,0.5,0.465,True,True,True,1.0,1.0,0.0
S4_geometric_expansion_null,0.5,0.466,True,True,True,1.0,1.0,0.0
S4_geometric_expansion_null,0.5,0.467,True,True,True,1.0,1.0,0.0
S4_geometric_expansion_null,0.5,0.468,True,True,True,1.0,1.0,0.0
S4_geometric_expansion_null,0.5,0.469,True,True,True,1.0,1.0,0.0
S4_geometric_expansion_null,0.5,0.47,True,True,True,1.0,1.0,0.0
S4_geometric_expansion_null,0.5,0.471,True,True,True,1.0,1.0,0.0
S4_geometric_expansion_null,0.5,0.472,True,True,True,1.0,1.0,0.0
S4_geometric_expansion_null,0.5,0.473,True,True,True,1.0,1.0,0.0
S4_geometric_expansion_null,0.5,0.474,True,True,True,1.0,1.0,0.0
S4_geometric_expansion_null,0.5,0.475,True,True,True,1.0,1.0,0.0
S4_geometric_expansion_null,0.5,0.476,True,True,True,1.0,1.0,0.0
S4_geometric_expansion_null,0.5,0.477,True,True,True,1.0,1.0,0.0
S4_geometric_expansion_null,0.5,0.478,True,True,True,1.0,1.0,0.0
S4_geometric_expansion_null,0.5,0.479,True,True,True,1.0,1.0,0.0
S4_geometric_expansion_null,0.5,0.48,True,True,True,1.0,1.0,0.0
S4_geometric_expansion_null,0.5,0.481,True,True,True,1.0,1.0,0.0
S4_geometric_expansion_null,0.5,0.482,True,True,True,1.0,1.0,0.0
S4_geometric_expansion_null,0.5,0.483,True,True,True,1.0,1.0,0.0
S4_geometric_expansion_null,0.5,0.484,True,True,True,1.0,1.0,0.0
S4_geometric_expansion_null,0.5,0.485,True,True,True,1.0,1.0,0.0
S4_geometric_expansion_null,0.5,0.486,True,True,True,1.0,1.0,0.0
S4_geometric_expansion_null,0.5,0.487,True,True,True,1.0,1.0,0.0
S4_geometric_expansion_null,0.5,0.488,True,True,True,1.0,1.0,0.0
S4_geometric_expansion_null,0.5,0.489,True,True,True,1.0,1.0,0.0
S4_geometric_expansion_null,0.5,0.49,True,True,True,1.0,1.0,0.0
S4_geometric_expansion_null,0.5,0.491,True,True,True,1.0,1.0,0.0
S4_geometric_expansion_null,0.5,0.492,True,True,True,1.0,1.0,0.0
S4_geometric_expansion_null,0.5,0.493,True,True,True,1.0,1.0,0.0
S4_geometric_expansion_null,0.5,0.494,True,True,True,1.0,1.0,0.0
S4_geometric_expansion_null,0.5,0.495,True,True,True,1.0,1.0,0.0
S4_geometric_expansion_null,0.5,0.496,True,True,True,1.0,1.0,0.0
S4_geometric_expansion_null,0.5,0.497,True,True,True,1.0,1.0,0.0
S4_geometric_expansion_null,0.5,0.498,True,True,True,1.0,1.0,0.0
S4_geometric_expansion_null,0.5,0.499,True,True,True,1.0,1.0,0.0
S4_geometric_expansion_null,0.5,0.5,True,True,True,1.0,1.0,0.0
S4_geometric_expansion_null,0.5,0.501,True,True,True,1.0,1.0,0.0
S4_geometric_expansion_null,0.5,0.502,True,True,True,1.0,1.0,0.0
S4_geometric_expansion_null,0.5,0.503,True,True,True,1.0,1.0,0.0
S4_geometric_expansion_null,0.5,0.504,True,True,True,1.0,1.0,0.0
S4_geometric_expansion_null,0.5,0.505,True,True,True,1.0,1.0,0.0
S4_geometric_expansion_null,0.5,0.506,True,True,True,1.0,1.0,0.0
S4_geometric_expansion_null,0.5,0.507,True,True,True,1.0,1.0,0.0
S4_geometric_expansion_null,0.5,0.508,True,True,True,1.0,1.0,0.0
S4_geometric_expansion_null,0.5,0.509,True,True,True,1.0,1.0,0.0
S4_geometric_expansion_null,0.5,0.51,True,True,True,1.0,1.0,0.0
S4_geometric_expansion_null,0.5,0.511,True,True,True,1.0,1.0,0.0
S4_geometric_expansion_null,0.5,0.512,True,True,True,1.0,1.0,0.0
S4_geometric_expansion_null,0.5,0.513,True,True,True,1.0,1.0,0.0
S4_geometric_expansion_null,0.5,0.514,True,True,True,1.0,1.0,0.0
S4_geometric_expansion_null,0.5,0.515,True,True,True,1.0,1.0,0.0
S4_geometric_expansion_null,0.5,0.516,True,True,True,1.0,1.0,0.0
S4_geometric_expansion_null,0.5,0.517,True,True,True,1.0,1.0,0.0
S4_geometric_expansion_null,0.5,0.518,True,True,True,1.0,1.0,0.0
S4_geometric_expansion_null,0.5,0.519,True,True,True,1.0,1.0,0.0
S4_geometric_expansion_null,0.5,0.52,True,True,True,1.0,1.0,0.0
S4_geometric_expansion_null,0.5,0.521,True,True,True,1.0,1.0,0.0
S4_geometric_expansion_null,0.5,0.522,True,True,True,1.0,1.0,0.0
S4_geometric_expansion_null,0.5,0.523,True,True,True,1.0,1.0,0.0
S4_geometric_expansion_null,0.5,0.524,True,True,True,1.0,1.0,0.0
S4_geometric_expansion_null,0.5,0.525,True,True,True,1.0,1.0,0.0
S4_geometric_expansion_null,0.5,0.526,True,True,True,1.0,1.0,0.0
S4_geometric_expansion_null,0.5,0.527,True,True,True,1.0,1.0,0.0
S4_geometric_expansion_null,0.5,0.528,True,True,True,1.0,1.0,0.0
S4_geometric_expansion_null,0.5,0.529,True,True,True,1.0,1.0,0.0
S4_geometric_expansion_null,0.5,0.53,True,True,True,1.0,1.0,0.0
S4_geometric_expansion_null,0.5,0.531,True,True,True,1.0,1.0,0.0
S4_geometric_expansion_null,0.5,0.532,True,True,True,1.0,1.0,0.0
S4_geometric_expansion_null,0.5,0.533,True,True,True,1.0,1.0,0.0
S4_geometric_expansion_null,0.5,0.534,True,True,True,1.0,1.0,0.0
S4_geometric_expansion_null,0.5,0.535,True,True,True,1.0,1.0,0.0
S4_geometric_expansion_null,0.5,0.536,True,True,True,1.0,1.0,0.0
S4_geometric_expansion_null,0.5,0.537,True,True,True,1.0,1.0,0.0
S4_geometric_expansion_null,0.5,0.538,True,True,True,1.0,1.0,0.0
S4_geometric_expansion_null,0.5,0.539,True,True,True,1.0,1.0,0.0
S4_geometric_expansion_null,0.5,0.54,True,True,True,1.0,1.0,0.0
S4_geometric_expansion_null,0.5,0.541,True,True,True,1.0,1.0,0.0
S4_geometric_expansion_null,0.5,0.542,True,True,True,1.0,1.0,0.0
S4_geometric_expansion_null,0.5,0.543,True,True,True,1.0,1.0,0.0
S4_geometric_expansion_null,0.5,0.544,True,True,True,1.0,1.0,0.0
S4_geometric_expansion_null,0.5,0.545,True,True,True,1.0,1.0,0.0
S4_geometric_expansion_null,0.5,0.546,True,True,True,1.0,1.0,0.0
S4_geometric_expansion_null,0.5,0.547,True,True,True,1.0,1.0,0.0
S4_geometric_expansion_null,0.5,0.548,True,True,True,1.0,1.0,0.0
S4_geometric_expansion_null,0.5,0.549,True,True,True,1.0,1.0,0.0
S4_geometric_expansion_null,0.5,0.55,True,True,True,1.0,1.0,0.0
S4_geometric_expansion_null,0.5,0.551,True,True,True,1.0,1.0,0.0
S4_geometric_expansion_null,0.5,0.552,True,True,True,1.0,1.0,0.0
S4_geometric_expansion_null,0.5,0.553,True,True,True,1.0,1.0,0.0
S4_geometric_expansion_null,0.5,0.554,True,True,True,1.0,1.0,0.0
S4_geometric_expansion_null,0.5,0.555,True,True,True,1.0,1.0,0.0
S4_geometric_expansion_null,0.5,0.556,True,True,True,1.0,1.0,0.0
S4_geometric_expansion_null,0.5,0.557,True,True,True,1.0,1.0,0.0
S4_geometric_expansion_null,0.5,0.558,True,True,True,1.0,1.0,0.0
S4_geometric_expansion_null,0.5,0.559,True,True,True,1.0,1.0,0.0
S4_geometric_expansion_null,0.5,0.56,True,True,True,1.0,1.0,0.0
S4_geometric_expansion_null,0.5,0.561,True,True,True,1.0,1.0,0.0
S4_geometric_expansion_null,0.5,0.562,True,True,True,1.0,1.0,0.0
S4_geometric_expansion_null,0.5,0.563,True,True,True,1.0,1.0,0.0
S4_geometric_expansion_null,0.5,0.564,True,True,True,1.0,1.0,0.0
S4_geometric_expansion_null,0.5,0.565,True,True,True,1.0,1.0,0.0
S4_geometric_expansion_null,0.5,0.566,True,True,True,1.0,1.0,0.0
S4_geometric_expansion_null,0.5,0.567,True,True,True,1.0,1.0,0.0
S4_geometric_expansion_null,0.5,0.568,True,True,True,1.0,1.0,0.0
S4_geometric_expansion_null,0.5,0.569,True,True,True,1.0,1.0,0.0
S4_geometric_expansion_null,0.5,0.57,True,True,True,1.0,1.0,0.0
S4_geometric_expansion_null,0.5,0.571,True,True,True,1.0,1.0,0.0
S4_geometric_expansion_null,0.5,0.572,True,True,True,1.0,1.0,0.0
S4_geometric_expansion_null,0.5,0.573,True,True,True,1.0,1.0,0.0
S4_geometric_expansion_null,0.5,0.574,True,True,True,1.0,1.0,0.0
S4_geometric_expansion_null,0.5,0.575,True,True,True,1.0,1.0,0.0
S4_geometric_expansion_null,0.5,0.576,True,True,True,1.0,1.0,0.0
S4_geometric_expansion_null,0.5,0.577,True,True,True,1.0,1.0,0.0
S4_geometric_expansion_null,0.5,0.578,True,True,True,1.0,1.0,0.0
S4_geometric_expansion_null,0.5,0.579,True,True,True,1.0,1.0,0.0
S4_geometric_expansion_null,0.5,0.58,True,True,True,1.0,1.0,0.0
S4_geometric_expansion_null,0.5,0.581,True,True,True,1.0,1.0,0.0
S4_geometric_expansion_null,0.5,0.582,True,True,True,1.0,1.0,0.0
S4_geometric_expansion_null,0.5,0.583,True,True,True,1.0,1.0,0.0
S4_geometric_expansion_null,0.5,0.584,True,True,True,1.0,1.0,0.0
S4_geometric_expansion_null,0.5,0.585,True,True,True,1.0,1.0,0.0
S4_geometric_expansion_null,0.5,0.586,True,True,True,1.0,1.0,0.0
S4_geometric_expansion_null,0.5,0.587,True,True,True,1.0,1.0,0.0
S4_geometric_expansion_null,0.5,0.588,True,True,True,1.0,1.0,0.0
S4_geometric_expansion_null,0.5,0.589,True,True,True,1.0,1.0,0.0
S4_geometric_expansion_null,0.5,0.59,True,True,True,1.0,1.0,0.0
S4_geometric_expansion_null,0.5,0.591,True,True,True,1.0,1.0,0.0
S4_geometric_expansion_null,0.5,0.592,True,True,True,1.0,1.0,0.0
S4_geometric_expansion_null,0.5,0.593,True,True,True,1.0,1.0,0.0
S4_geometric_expansion_null,0.5,0.594,True,True,True,1.0,1.0,0.0
S4_geometric_expansion_null,0.5,0.595,True,True,True,1.0,1.0,0.0
S4_geometric_expansion_null,0.5,0.596,True,True,True,1.0,1.0,0.0
S4_geometric_expansion_null,0.5,0.597,True,True,True,1.0,1.0,0.0
S4_geometric_expansion_null,0.5,0.598,True,True,True,1.0,1.0,0.0
S4_geometric_expansion_null,0.5,0.599,True,True,True,1.0,1.0,0.0
S4_geometric_expansion_null,0.5,0.6,True,True,True,1.0,1.0,0.0
S4_geometric_expansion_null,0.5,0.601,True,True,True,1.0,1.0,0.0
S4_geometric_expansion_null,0.5,0.602,True,True,True,1.0,1.0,0.0
S4_geometric_expansion_null,0.5,0.603,True,True,True,1.0,1.0,0.0
S4_geometric_expansion_null,0.5,0.604,True,True,True,1.0,1.0,0.0
S4_geometric_expansion_null,0.5,0.605,True,True,True,1.0,1.0,0.0
S4_geometric_expansion_null,0.5,0.606,True,True,True,1.0,1.0,0.0
S4_geometric_expansion_null,0.5,0.607,True,True,True,1.0,1.0,0.0
S4_geometric_expansion_null,0.5,0.608,True,True,True,1.0,1.0,0.0
S4_geometric_expansion_null,0.5,0.609,True,True,True,1.0,1.0,0.0
S4_geometric_expansion_null,0.5,0.61,True,True,True,1.0,1.0,0.0
S4_geometric_expansion_null,0.5,0.611,True,True,True,1.0,1.0,0.0
S4_geometric_expansion_null,0.5,0.612,True,True,True,1.0,1.0,0.0
S4_geometric_expansion_null,0.5,0.613,True,True,True,1.0,1.0,0.0
S4_geometric_expansion_null,0.5,0.614,True,True,True,1.0,1.0,0.0
S4_geometric_expansion_null,0.5,0.615,True,True,True,1.0,1.0,0.0
S4_geometric_expansion_null,0.5,0.616,True,True,True,1.0,1.0,0.0
S4_geometric_expansion_null,0.5,0.617,True,True,True,1.0,1.0,0.0
S4_geometric_expansion_null,0.5,0.618,True,True,True,1.0,1.0,0.0
S4_geometric_expansion_null,0.5,0.619,True,True,True,1.0,1.0,0.0
S4_geometric_expansion_null,0.5,0.62,True,True,True,1.0,1.0,0.0
S4_geometric_expansion_null,0.5,0.621,True,True,True,1.0,1.0,0.0
S4_geometric_expansion_null,0.5,0.622,True,True,True,1.0,1.0,0.0
S4_geometric_expansion_null,0.5,0.623,True,True,True,1.0,1.0,0.0
S4_geometric_expansion_null,0.5,0.624,True,True,True,1.0,1.0,0.0
S4_geometric_expansion_null,0.5,0.625,True,True,True,1.0,1.0,0.0
S4_geometric_expansion_null,0.5,0.626,True,True,True,1.0,1.0,0.0
S4_geometric_expansion_null,0.5,0.627,True,True,True,1.0,1.0,0.0
S4_geometric_expansion_null,0.5,0.628,True,True,True,1.0,1.0,0.0
S4_geometric_expansion_null,0.5,0.629,True,True,True,1.0,1.0,0.0
S4_geometric_expansion_null,0.5,0.63,True,True,True,1.0,1.0,0.0
S4_geometric_expansion_null,0.5,0.631,True,True,True,1.0,1.0,0.0
S4_geometric_expansion_null,0.5,0.632,True,True,True,1.0,1.0,0.0
S4_geometric_expansion_null,0.5,0.633,True,True,True,1.0,1.0,0.0
S4_geometric_expansion_null,0.5,0.634,True,True,True,1.0,1.0,0.0
S4_geometric_expansion_null,0.5,0.635,True,True,True,1.0,1.0,0.0
S4_geometric_expansion_null,0.5,0.636,True,True,True,1.0,1.0,0.0
S4_geometric_expansion_null,0.5,0.637,True,True,True,1.0,1.0,0.0
S4_geometric_expansion_null,0.5,0.638,True,True,True,1.0,1.0,0.0
S4_geometric_expansion_null,0.5,0.639,True,True,True,1.0,1.0,0.0
S4_geometric_expansion_null,0.5,0.64,True,True,True,1.0,1.0,0.0
S4_geometric_expansion_null,0.5,0.641,True,True,True,1.0,1.0,0.0
S4_geometric_expansion_null,0.5,0.642,True,True,True,1.0,1.0,0.0
S4_geometric_expansion_null,0.5,0.643,True,True,True,1.0,1.0,0.0
S4_geometric_expansion_null,0.5,0.644,True,True,True,1.0,1.0,0.0
S4_geometric_expansion_null,0.5,0.645,True,True,True,1.0,1.0,0.0
S4_geometric_expansion_null,0.5,0.646,True,True,True,1.0,1.0,0.0
S4_geometric_expansion_null,0.5,0.647,True,True,True,1.0,1.0,0.0
S4_geometric_expansion_null,0.5,0.648,True,True,True,1.0,1.0,0.0
S4_geometric_expansion_null,0.5,0.649,True,True,True,1.0,1.0,0.0
S4_geometric_expansion_null,0.5,0.65,True,True,True,1.0,1.0,0.0
S4_geometric_expansion_null,0.5,0.651,True,True,True,1.0,1.0,0.0
S4_geometric_expansion_null,0.5,0.652,True,True,True,1.0,1.0,0.0
S4_geometric_expansion_null,0.5,0.653,True,True,True,1.0,1.0,0.0
S4_geometric_expansion_null,0.5,0.654,True,True,True,1.0,1.0,0.0
S4_geometric_expansion_null,0.5,0.655,True,True,True,1.0,1.0,0.0
S4_geometric_expansion_null,0.5,0.656,True,True,True,1.0,1.0,0.0
S4_geometric_expansion_null,0.5,0.657,True,True,True,1.0,1.0,0.0
S4_geometric_expansion_null,0.5,0.658,True,True,True,1.0,1.0,0.0
S4_geometric_expansion_null,0.5,0.659,True,True,True,1.0,1.0,0.0
S4_geometric_expansion_null,0.5,0.66,True,True,True,1.0,1.0,0.0
S4_geometric_expansion_null,0.5,0.661,True,True,True,1.0,1.0,0.0
S4_geometric_expansion_null,0.5,0.662,True,True,True,1.0,1.0,0.0
S4_geometric_expansion_null,0.5,0.663,True,True,True,1.0,1.0,0.0
S4_geometric_expansion_null,0.5,0.664,True,True,True,1.0,1.0,0.0
S4_geometric_expansion_null,0.5,0.665,True,True,True,1.0,1.0,0.0
S4_geometric_expansion_null,0.5,0.666,True,True,True,1.0,1.0,0.0
S4_geometric_expansion_null,0.5,0.667,True,True,True,1.0,1.0,0.0
S4_geometric_expansion_null,0.5,0.668,True,True,True,1.0,1.0,0.0
S4_geometric_expansion_null,0.5,0.669,True,True,True,1.0,1.0,0.0
S4_geometric_expansion_null,0.5,0.67,True,True,True,1.0,1.0,0.0
S4_geometric_expansion_null,0.5,0.671,True,True,True,1.0,1.0,0.0
S4_geometric_expansion_null,0.5,0.672,True,True,True,1.0,1.0,0.0
S4_geometric_expansion_null,0.5,0.673,True,True,True,1.0,1.0,0.0
S4_geometric_expansion_null,0.5,0.674,True,True,True,1.0,1.0,0.0
S4_geometric_expansion_null,0.5,0.675,True,True,True,1.0,1.0,0.0
S4_geometric_expansion_null,0.5,0.676,True,True,True,1.0,1.0,0.0
S4_geometric_expansion_null,0.5,0.677,True,True,True,1.0,1.0,0.0
S4_geometric_expansion_null,0.5,0.678,True,True,True,1.0,1.0,0.0
S4_geometric_expansion_null,0.5,0.679,True,True,True,1.0,1.0,0.0
S4_geometric_expansion_null,0.5,0.68,True,True,True,1.0,1.0,0.0
S4_geometric_expansion_null,0.5,0.681,True,True,True,1.0,1.0,0.0
S4_geometric_expansion_null,0.5,0.682,True,True,True,1.0,1.0,0.0
S4_geometric_expansion_null,0.5,0.683,True,True,True,1.0,1.0,0.0
S4_geometric_expansion_null,0.5,0.684,True,True,True,1.0,1.0,0.0
S4_geometric_expansion_null,0.5,0.685,True,True,True,1.0,1.0,0.0
S4_geometric_expansion_null,0.5,0.686,True,True,True,1.0,1.0,0.0
S4_geometric_expansion_null,0.5,0.687,True,True,True,1.0,1.0,0.0
S4_geometric_expansion_null,0.5,0.688,True,True,True,1.0,1.0,0.0
S4_geometric_expansion_null,0.5,0.689,True,True,True,1.0,1.0,0.0
S4_geometric_expansion_null,0.5,0.69,True,True,True,1.0,1.0,0.0
S4_geometric_expansion_null,0.5,0.691,True,True,True,1.0,1.0,0.0
S4_geometric_expansion_null,0.5,0.692,True,True,True,1.0,1.0,0.0
S4_geometric_expansion_null,0.5,0.693,True,True,True,1.0,1.0,0.0
S4_geometric_expansion_null,0.5,0.694,True,True,True,1.0,1.0,0.0
S4_geometric_expansion_null,0.5,0.695,True,True,True,1.0,1.0,0.0
S4_geometric_expansion_null,0.5,0.696,True,True,True,1.0,1.0,0.0
S4_geometric_expansion_null,0.5,0.697,True,True,True,1.0,1.0,0.0
S4_geometric_expansion_null,0.5,0.698,True,True,True,1.0,1.0,0.0
S4_geometric_expansion_null,0.5,0.699,True,True,True,1.0,1.0,0.0
S4_geometric_expansion_null,0.5,0.7,True,True,True,1.0,1.0,0.0
S4_geometric_expansion_null,0.5,0.701,True,True,True,1.0,1.0,0.0
S4_geometric_expansion_null,0.5,0.702,True,True,True,1.0,1.0,0.0
S4_geometric_expansion_null,0.5,0.703,True,True,True,1.0,1.0,0.0
S4_geometric_expansion_null,0.5,0.704,True,True,True,1.0,1.0,0.0
S4_geometric_expansion_null,0.5,0.705,True,True,True,1.0,1.0,0.0
S4_geometric_expansion_null,0.5,0.706,True,True,True,1.0,1.0,0.0
S4_geometric_expansion_null,0.5,0.707,True,True,True,1.0,1.0,0.0
S4_geometric_expansion_null,0.5,0.708,True,True,True,1.0,1.0,0.0
S4_geometric_expansion_null,0.5,0.709,True,True,True,1.0,1.0,0.0
S4_geometric_expansion_null,0.5,0.71,True,True,True,1.0,1.0,0.0
S4_geometric_expansion_null,0.5,0.711,True,True,True,1.0,1.0,0.0
S4_geometric_expansion_null,0.5,0.712,True,True,True,1.0,1.0,0.0
S4_geometric_expansion_null,0.5,0.713,True,True,True,1.0,1.0,0.0
S4_geometric_expansion_null,0.5,0.714,True,True,True,1.0,1.0,0.0
S4_geometric_expansion_null,0.5,0.715,True,True,True,1.0,1.0,0.0
S4_geometric_expansion_null,0.5,0.716,True,True,True,1.0,1.0,0.0
S4_geometric_expansion_null,0.5,0.717,True,True,True,1.0,1.0,0.0
S4_geometric_expansion_null,0.5,0.718,True,True,True,1.0,1.0,0.0
S4_geometric_expansion_null,0.5,0.719,True,True,True,1.0,1.0,0.0
S4_geometric_expansion_null,0.5,0.72,True,True,True,1.0,1.0,0.0
S4_geometric_expansion_null,0.5,0.721,True,True,True,1.0,1.0,0.0
S4_geometric_expansion_null,0.5,0.722,True,True,True,1.0,1.0,0.0
S4_geometric_expansion_null,0.5,0.723,True,True,True,1.0,1.0,0.0
S4_geometric_expansion_null,0.5,0.724,True,True,True,1.0,1.0,0.0
S4_geometric_expansion_null,0.5,0.725,True,True,True,1.0,1.0,0.0
S4_geometric_expansion_null,0.5,0.726,True,True,True,1.0,1.0,0.0
S4_geometric_expansion_null,0.5,0.727,True,True,True,1.0,1.0,0.0
S4_geometric_expansion_null,0.5,0.728,True,True,True,1.0,1.0,0.0
S4_geometric_expansion_null,0.5,0.729,True,True,True,1.0,1.0,0.0
S4_geometric_expansion_null,0.5,0.73,True,True,True,1.0,1.0,0.0
S4_geometric_expansion_null,0.5,0.731,True,True,True,1.0,1.0,0.0
S4_geometric_expansion_null,0.5,0.732,True,True,True,1.0,1.0,0.0
S4_geometric_expansion_null,0.5,0.733,True,True,True,1.0,1.0,0.0
S4_geometric_expansion_null,0.5,0.734,True,True,True,1.0,1.0,0.0
S4_geometric_expansion_null,0.5,0.735,True,True,True,1.0,1.0,0.0
S4_geometric_expansion_null,0.5,0.736,True,True,True,1.0,1.0,0.0
S4_geometric_expansion_null,0.5,0.737,True,True,True,1.0,1.0,0.0
S4_geometric_expansion_null,0.5,0.738,True,True,True,1.0,1.0,0.0
S4_geometric_expansion_null,0.5,0.739,True,True,True,1.0,1.0,0.0
S4_geometric_expansion_null,0.5,0.74,True,True,True,1.0,1.0,0.0
S4_geometric_expansion_null,0.5,0.741,True,True,True,1.0,1.0,0.0
S4_geometric_expansion_null,0.5,0.742,True,True,True,1.0,1.0,0.0
S4_geometric_expansion_null,0.5,0.743,True,True,True,1.0,1.0,0.0
S4_geometric_expansion_null,0.5,0.744,True,True,True,1.0,1.0,0.0
S4_geometric_expansion_null,0.5,0.745,True,True,True,1.0,1.0,0.0
S4_geometric_expansion_null,0.5,0.746,True,True,True,1.0,1.0,0.0
S4_geometric_expansion_null,0.5,0.747,True,True,True,1.0,1.0,0.0
S4_geometric_expansion_null,0.5,0.748,True,True,True,1.0,1.0,0.0
S4_geometric_expansion_null,0.5,0.749,True,True,True,1.0,1.0,0.0
S4_geometric_expansion_null,0.5,0.75,True,True,True,1.0,1.0,0.0
S4_geometric_expansion_null,0.5,0.751,True,True,True,1.0,1.0,0.0
S4_geometric_expansion_null,0.5,0.752,True,True,True,1.0,1.0,0.0
S4_geometric_expansion_null,0.5,0.753,True,True,True,1.0,1.0,0.0
S4_geometric_expansion_null,0.5,0.754,True,True,True,1.0,1.0,0.0
S4_geometric_expansion_null,0.5,0.755,True,True,True,1.0,1.0,0.0
S4_geometric_expansion_null,0.5,0.756,True,True,True,1.0,1.0,0.0
S4_geometric_expansion_null,0.5,0.757,True,True,True,1.0,1.0,0.0
S4_geometric_expansion_null,0.5,0.758,True,True,True,1.0,1.0,0.0
S4_geometric_expansion_null,0.5,0.759,True,True,True,1.0,1.0,0.0
S4_geometric_expansion_null,0.5,0.76,True,True,True,1.0,1.0,0.0
S4_geometric_expansion_null,0.5,0.761,True,True,True,1.0,1.0,0.0
S4_geometric_expansion_null,0.5,0.762,True,True,True,1.0,1.0,0.0
S4_geometric_expansion_null,0.5,0.763,True,True,True,1.0,1.0,0.0
S4_geometric_expansion_null,0.5,0.764,True,True,True,1.0,1.0,0.0
S4_geometric_expansion_null,0.5,0.765,True,True,True,1.0,1.0,0.0
S4_geometric_expansion_null,0.5,0.766,True,True,True,1.0,1.0,0.0
S4_geometric_expansion_null,0.5,0.767,True,True,True,1.0,1.0,0.0
S4_geometric_expansion_null,0.5,0.768,True,True,True,1.0,1.0,0.0
S4_geometric_expansion_null,0.5,0.769,True,True,True,1.0,1.0,0.0
S4_geometric_expansion_null,0.5,0.77,True,True,True,1.0,1.0,0.0
S4_geometric_expansion_null,0.5,0.771,True,True,True,1.0,1.0,0.0
S4_geometric_expansion_null,0.5,0.772,True,True,True,1.0,1.0,0.0
S4_geometric_expansion_null,0.5,0.773,True,True,True,1.0,1.0,0.0
S4_geometric_expansion_null,0.5,0.774,True,True,True,1.0,1.0,0.0
S4_geometric_expansion_null,0.5,0.775,True,True,True,1.0,1.0,0.0
S4_geometric_expansion_null,0.5,0.776,True,True,True,1.0,1.0,0.0
S4_geometric_expansion_null,0.5,0.777,True,True,True,1.0,1.0,0.0
S4_geometric_expansion_null,0.5,0.778,True,True,True,1.0,1.0,0.0
S4_geometric_expansion_null,0.5,0.779,True,True,True,1.0,1.0,0.0
S4_geometric_expansion_null,0.5,0.78,True,True,True,1.0,1.0,0.0
S4_geometric_expansion_null,0.5,0.781,True,True,True,1.0,1.0,0.0
S4_geometric_expansion_null,0.5,0.782,True,True,True,1.0,1.0,0.0
S4_geometric_expansion_null,0.5,0.783,True,True,True,1.0,1.0,0.0
S4_geometric_expansion_null,0.5,0.784,True,True,True,1.0,1.0,0.0
S4_geometric_expansion_null,0.5,0.785,True,True,True,1.0,1.0,0.0
S4_geometric_expansion_null,0.5,0.786,True,True,True,1.0,1.0,0.0
S4_geometric_expansion_null,0.5,0.787,True,True,True,1.0,1.0,0.0
S4_geometric_expansion_null,0.5,0.788,True,True,True,1.0,1.0,0.0
S4_geometric_expansion_null,0.5,0.789,True,True,True,1.0,1.0,0.0
S4_geometric_expansion_null,0.5,0.79,True,True,True,1.0,1.0,0.0
S4_geometric_expansion_null,0.5,0.791,True,True,True,1.0,1.0,0.0
S4_geometric_expansion_null,0.5,0.792,True,True,True,1.0,1.0,0.0
S4_geometric_expansion_null,0.5,0.793,True,True,True,1.0,1.0,0.0
S4_geometric_expansion_null,0.5,0.794,True,True,True,1.0,1.0,0.0
S4_geometric_expansion_null,0.5,0.795,True,True,True,1.0,1.0,0.0
S4_geometric_expansion_null,0.5,0.796,True,True,True,1.0,1.0,0.0
S4_geometric_expansion_null,0.5,0.797,True,True,True,1.0,1.0,0.0
S4_geometric_expansion_null,0.5,0.798,True,True,True,1.0,1.0,0.0
S4_geometric_expansion_null,0.5,0.799,True,True,True,1.0,1.0,0.0
S4_geometric_expansion_null,0.5,0.8,True,True,True,1.0,1.0,0.0
S4_geometric_expansion_null,0.5,0.801,True,True,True,1.0,1.0,0.0
S4_geometric_expansion_null,0.5,0.802,True,True,True,1.0,1.0,0.0
S4_geometric_expansion_null,0.5,0.803,True,True,True,1.0,1.0,0.0
S4_geometric_expansion_null,0.5,0.804,True,True,True,1.0,1.0,0.0
S4_geometric_expansion_null,0.5,0.805,True,True,True,1.0,1.0,0.0
S4_geometric_expansion_null,0.5,0.806,True,True,True,1.0,1.0,0.0
S4_geometric_expansion_null,0.5,0.807,True,True,True,1.0,1.0,0.0
S4_geometric_expansion_null,0.5,0.808,True,True,True,1.0,1.0,0.0
S4_geometric_expansion_null,0.5,0.809,True,True,True,1.0,1.0,0.0
S4_geometric_expansion_null,0.5,0.81,True,True,True,1.0,1.0,0.0
S4_geometric_expansion_null,0.5,0.811,True,True,True,1.0,1.0,0.0
S4_geometric_expansion_null,0.5,0.812,True,True,True,1.0,1.0,0.0
S4_geometric_expansion_null,0.5,0.813,True,True,True,1.0,1.0,0.0
S4_geometric_expansion_null,0.5,0.814,True,True,True,1.0,1.0,0.0
S4_geometric_expansion_null,0.5,0.815,True,True,True,1.0,1.0,0.0
S4_geometric_expansion_null,0.5,0.816,True,True,True,1.0,1.0,0.0
S4_geometric_expansion_null,0.5,0.817,True,True,True,1.0,1.0,0.0
S4_geometric_expansion_null,0.5,0.818,True,True,True,1.0,1.0,0.0
S4_geometric_expansion_null,0.5,0.819,True,True,True,1.0,1.0,0.0
S4_geometric_expansion_null,0.5,0.82,True,True,True,1.0,1.0,0.0
S4_geometric_expansion_null,0.5,0.821,True,True,True,1.0,1.0,0.0
S4_geometric_expansion_null,0.5,0.822,True,True,True,1.0,1.0,0.0
S4_geometric_expansion_null,0.5,0.823,True,True,True,1.0,1.0,0.0
S4_geometric_expansion_null,0.5,0.824,True,True,True,1.0,1.0,0.0
S4_geometric_expansion_null,0.5,0.825,True,True,True,1.0,1.0,0.0
S4_geometric_expansion_null,0.5,0.826,True,True,True,1.0,1.0,0.0
S4_geometric_expansion_null,0.5,0.827,True,True,True,1.0,1.0,0.0
S4_geometric_expansion_null,0.5,0.828,True,True,True,1.0,1.0,0.0
S4_geometric_expansion_null,0.5,0.829,True,True,True,1.0,1.0,0.0
S4_geometric_expansion_null,0.5,0.83,True,True,True,1.0,1.0,0.0
S4_geometric_expansion_null,0.5,0.831,True,True,True,1.0,1.0,0.0
S4_geometric_expansion_null,0.5,0.832,True,True,True,1.0,1.0,0.0
S4_geometric_expansion_null,0.5,0.833,True,True,True,1.0,1.0,0.0
S4_geometric_expansion_null,0.5,0.834,True,True,True,1.0,1.0,0.0
S4_geometric_expansion_null,0.5,0.835,True,True,True,1.0,1.0,0.0
S4_geometric_expansion_null,0.5,0.836,True,True,True,1.0,1.0,0.0
S4_geometric_expansion_null,0.5,0.837,True,True,True,1.0,1.0,0.0
S4_geometric_expansion_null,0.5,0.838,True,True,True,1.0,1.0,0.0
S4_geometric_expansion_null,0.5,0.839,True,True,True,1.0,1.0,0.0
S4_geometric_expansion_null,0.5,0.84,True,True,True,1.0,1.0,0.0
S4_geometric_expansion_null,0.5,0.841,True,True,True,1.0,1.0,0.0
S4_geometric_expansion_null,0.5,0.842,True,True,True,1.0,1.0,0.0
S4_geometric_expansion_null,0.5,0.843,True,True,True,1.0,1.0,0.0
S4_geometric_expansion_null,0.5,0.844,True,True,True,1.0,1.0,0.0
S4_geometric_expansion_null,0.5,0.845,True,True,True,1.0,1.0,0.0
S4_geometric_expansion_null,0.5,0.846,True,True,True,1.0,1.0,0.0
S4_geometric_expansion_null,0.5,0.847,True,True,True,1.0,1.0,0.0
S4_geometric_expansion_null,0.5,0.848,True,True,True,1.0,1.0,0.0
S4_geometric_expansion_null,0.5,0.849,True,True,True,1.0,1.0,0.0
S4_geometric_expansion_null,0.5,0.85,True,True,True,1.0,1.0,0.0
S4_geometric_expansion_null,0.5,0.851,True,True,True,1.0,1.0,0.0
S4_geometric_expansion_null,0.5,0.852,True,True,True,1.0,1.0,0.0
S4_geometric_expansion_null,0.5,0.853,True,True,True,1.0,1.0,0.0
S4_geometric_expansion_null,0.5,0.854,True,True,True,1.0,1.0,0.0
S4_geometric_expansion_null,0.5,0.855,True,True,True,1.0,1.0,0.0
S4_geometric_expansion_null,0.5,0.856,True,True,True,1.0,1.0,0.0
S4_geometric_expansion_null,0.5,0.857,True,True,True,1.0,1.0,0.0
S4_geometric_expansion_null,0.5,0.858,True,True,True,1.0,1.0,0.0
S4_geometric_expansion_null,0.5,0.859,True,True,True,1.0,1.0,0.0
S4_geometric_expansion_null,0.5,0.86,True,True,True,1.0,1.0,0.0
S4_geometric_expansion_null,0.5,0.861,True,True,True,1.0,1.0,0.0
S4_geometric_expansion_null,0.5,0.862,True,True,True,1.0,1.0,0.0
S4_geometric_expansion_null,0.5,0.863,True,True,True,1.0,1.0,0.0
S4_geometric_expansion_null,0.5,0.864,True,True,True,1.0,1.0,0.0
S4_geometric_expansion_null,0.5,0.865,True,True,True,1.0,1.0,0.0
S4_geometric_expansion_null,0.5,0.866,True,True,True,1.0,1.0,0.0
S4_geometric_expansion_null,0.5,0.867,True,True,True,1.0,1.0,0.0
S4_geometric_expansion_null,0.5,0.868,True,True,True,1.0,1.0,0.0
S4_geometric_expansion_null,0.5,0.869,True,True,True,1.0,1.0,0.0
S4_geometric_expansion_null,0.5,0.87,True,True,True,1.0,1.0,0.0
S4_geometric_expansion_null,0.5,0.871,True,True,True,1.0,1.0,0.0
S4_geometric_expansion_null,0.5,0.872,True,True,True,1.0,1.0,0.0
S4_geometric_expansion_null,0.5,0.873,True,True,True,1.0,1.0,0.0
S4_geometric_expansion_null,0.5,0.874,True,True,True,1.0,1.0,0.0
S4_geometric_expansion_null,0.5,0.875,True,True,True,1.0,1.0,0.0
S4_geometric_expansion_null,0.5,0.876,True,True,True,1.0,1.0,0.0
S4_geometric_expansion_null,0.5,0.877,True,True,True,1.0,1.0,0.0
S4_geometric_expansion_null,0.5,0.878,True,True,True,1.0,1.0,0.0
S4_geometric_expansion_null,0.5,0.879,True,True,True,1.0,1.0,0.0
S4_geometric_expansion_null,0.5,0.88,True,True,True,1.0,1.0,0.0
S4_geometric_expansion_null,0.5,0.881,True,True,True,1.0,1.0,0.0
S4_geometric_expansion_null,0.5,0.882,True,True,True,1.0,1.0,0.0
S4_geometric_expansion_null,0.5,0.883,True,True,True,1.0,1.0,0.0
S4_geometric_expansion_null,0.5,0.884,True,True,True,1.0,1.0,0.0
S4_geometric_expansion_null,0.5,0.885,True,True,True,1.0,1.0,0.0
S4_geometric_expansion_null,0.5,0.886,True,True,True,1.0,1.0,0.0
S4_geometric_expansion_null,0.5,0.887,True,True,True,1.0,1.0,0.0
S4_geometric_expansion_null,0.5,0.888,True,True,True,1.0,1.0,0.0
S4_geometric_expansion_null,0.5,0.889,True,True,True,1.0,1.0,0.0
S4_geometric_expansion_null,0.5,0.89,True,True,True,1.0,1.0,0.0
S4_geometric_expansion_null,0.5,0.891,True,True,True,1.0,1.0,0.0
S4_geometric_expansion_null,0.5,0.892,True,True,True,1.0,1.0,0.0
S4_geometric_expansion_null,0.5,0.893,True,True,True,1.0,1.0,0.0
S4_geometric_expansion_null,0.5,0.894,True,True,True,1.0,1.0,0.0
S4_geometric_expansion_null,0.5,0.895,True,True,True,1.0,1.0,0.0
S4_geometric_expansion_null,0.5,0.896,True,True,True,1.0,1.0,0.0
S4_geometric_expansion_null,0.5,0.897,True,True,True,1.0,1.0,0.0
S4_geometric_expansion_null,0.5,0.898,True,True,True,1.0,1.0,0.0
S4_geometric_expansion_null,0.5,0.899,True,True,True,1.0,1.0,0.0
S4_geometric_expansion_null,0.5,0.9,True,True,True,1.0,1.0,0.0
S4_geometric_expansion_null,0.5,0.901,True,True,True,1.0,1.0,0.0
S4_geometric_expansion_null,0.5,0.902,True,True,True,1.0,1.0,0.0
S4_geometric_expansion_null,0.5,0.903,True,True,True,1.0,1.0,0.0
S4_geometric_expansion_null,0.5,0.904,True,True,True,1.0,1.0,0.0
S4_geometric_expansion_null,0.5,0.905,True,True,True,1.0,1.0,0.0
S4_geometric_expansion_null,0.5,0.906,True,True,True,1.0,1.0,0.0
S4_geometric_expansion_null,0.5,0.907,True,True,True,1.0,1.0,0.0
S4_geometric_expansion_null,0.5,0.908,True,True,True,1.0,1.0,0.0
S4_geometric_expansion_null,0.5,0.909,True,True,True,1.0,1.0,0.0
S4_geometric_expansion_null,0.5,0.91,True,True,True,1.0,1.0,0.0
S4_geometric_expansion_null,0.5,0.911,True,True,True,1.0,1.0,0.0
S4_geometric_expansion_null,0.5,0.912,True,True,True,1.0,1.0,0.0
S4_geometric_expansion_null,0.5,0.913,True,True,True,1.0,1.0,0.0
S4_geometric_expansion_null,0.5,0.914,True,True,True,1.0,1.0,0.0
S4_geometric_expansion_null,0.5,0.915,True,True,True,1.0,1.0,0.0
S4_geometric_expansion_null,0.5,0.916,True,True,True,1.0,1.0,0.0
S4_geometric_expansion_null,0.5,0.917,True,True,True,1.0,1.0,0.0
S4_geometric_expansion_null,0.5,0.918,True,True,True,1.0,1.0,0.0
S4_geometric_expansion_null,0.5,0.919,True,True,True,1.0,1.0,0.0
S4_geometric_expansion_null,0.5,0.92,True,True,True,1.0,1.0,0.0
S4_geometric_expansion_null,0.5,0.921,True,True,True,1.0,1.0,0.0
S4_geometric_expansion_null,0.5,0.922,True,True,True,1.0,1.0,0.0
S4_geometric_expansion_null,0.5,0.923,True,True,True,1.0,1.0,0.0
S4_geometric_expansion_null,0.5,0.924,True,True,True,1.0,1.0,0.0
S4_geometric_expansion_null,0.5,0.925,True,True,True,1.0,1.0,0.0
S4_geometric_expansion_null,0.5,0.926,True,True,True,1.0,1.0,0.0
S4_geometric_expansion_null,0.5,0.927,True,True,True,1.0,1.0,0.0
S4_geometric_expansion_null,0.5,0.928,True,True,True,1.0,1.0,0.0
S4_geometric_expansion_null,0.5,0.929,True,True,True,1.0,1.0,0.0
S4_geometric_expansion_null,0.5,0.93,True,True,True,1.0,1.0,0.0
S4_geometric_expansion_null,0.5,0.931,True,True,True,1.0,1.0,0.0
S4_geometric_expansion_null,0.5,0.932,True,True,True,1.0,1.0,0.0
S4_geometric_expansion_null,0.5,0.933,True,True,True,1.0,1.0,0.0
S4_geometric_expansion_null,0.5,0.934,True,True,True,1.0,1.0,0.0
S4_geometric_expansion_null,0.5,0.935,True,True,True,1.0,1.0,0.0
S4_geometric_expansion_null,0.5,0.936,True,True,True,1.0,1.0,0.0
S4_geometric_expansion_null,0.5,0.937,True,True,True,1.0,1.0,0.0
S4_geometric_expansion_null,0.5,0.938,True,True,True,1.0,1.0,0.0
S4_geometric_expansion_null,0.5,0.939,True,True,True,1.0,1.0,0.0
S4_geometric_expansion_null,0.5,0.94,True,True,True,1.0,1.0,0.0
S4_geometric_expansion_null,0.5,0.941,True,True,True,1.0,1.0,0.0
S4_geometric_expansion_null,0.5,0.942,True,True,True,1.0,1.0,0.0
S4_geometric_expansion_null,0.5,0.943,True,True,True,1.0,1.0,0.0
S4_geometric_expansion_null,0.5,0.944,True,True,True,1.0,1.0,0.0
S4_geometric_expansion_null,0.5,0.945,True,True,True,1.0,1.0,0.0
S4_geometric_expansion_null,0.5,0.946,True,True,True,1.0,1.0,0.0
S4_geometric_expansion_null,0.5,0.947,True,True,True,1.0,1.0,0.0
S4_geometric_expansion_null,0.5,0.948,True,True,True,1.0,1.0,0.0
S4_geometric_expansion_null,0.5,0.949,True,True,True,1.0,1.0,0.0
S4_geometric_expansion_null,0.5,0.95,True,True,True,1.0,1.0,0.0
S4_geometric_expansion_null,0.5,0.951,True,True,True,1.0,1.0,0.0
S4_geometric_expansion_null,0.5,0.952,True,True,True,1.0,1.0,0.0
S4_geometric_expansion_null,0.5,0.953,True,True,True,1.0,1.0,0.0
S4_geometric_expansion_null,0.5,0.954,True,True,True,1.0,1.0,0.0
S4_geometric_expansion_null,0.5,0.955,True,True,True,1.0,1.0,0.0
S4_geometric_expansion_null,0.5,0.956,True,True,True,1.0,1.0,0.0
S4_geometric_expansion_null,0.5,0.957,True,True,True,1.0,1.0,0.0
S4_geometric_expansion_null,0.5,0.958,True,True,True,1.0,1.0,0.0
S4_geometric_expansion_null,0.5,0.959,True,True,True,1.0,1.0,0.0
S4_geometric_expansion_null,0.5,0.96,True,True,True,1.0,1.0,0.0
S4_geometric_expansion_null,0.5,0.961,True,True,True,1.0,1.0,0.0
S4_geometric_expansion_null,0.5,0.962,True,True,True,1.0,1.0,0.0
S4_geometric_expansion_null,0.5,0.963,True,True,True,1.0,1.0,0.0
S4_geometric_expansion_null,0.5,0.964,True,True,True,1.0,1.0,0.0
S4_geometric_expansion_null,0.5,0.965,True,True,True,1.0,1.0,0.0
S4_geometric_expansion_null,0.5,0.966,True,True,True,1.0,1.0,0.0
S4_geometric_expansion_null,0.5,0.967,True,True,True,1.0,1.0,0.0
S4_geometric_expansion_null,0.5,0.968,True,True,True,1.0,1.0,0.0
S4_geometric_expansion_null,0.5,0.969,True,True,True,1.0,1.0,0.0
S4_geometric_expansion_null,0.5,0.97,True,True,True,1.0,1.0,0.0
S4_geometric_expansion_null,0.5,0.971,True,True,True,1.0,1.0,0.0
S4_geometric_expansion_null,0.5,0.972,True,True,True,1.0,1.0,0.0
S4_geometric_expansion_null,0.5,0.973,True,True,True,1.0,1.0,0.0
S4_geometric_expansion_null,0.5,0.974,True,True,True,1.0,1.0,0.0
S4_geometric_expansion_null,0.5,0.975,True,True,True,1.0,1.0,0.0
S4_geometric_expansion_null,0.5,0.976,True,True,True,1.0,1.0,0.0
S4_geometric_expansion_null,0.5,0.977,True,True,True,1.0,1.0,0.0
S4_geometric_expansion_null,0.5,0.978,True,True,True,1.0,1.0,0.0
S4_geometric_expansion_null,0.5,0.979,True,True,True,1.0,1.0,0.0
S4_geometric_expansion_null,0.5,0.98,True,True,True,1.0,1.0,0.0
S4_geometric_expansion_null,0.5,0.981,True,True,True,1.0,1.0,0.0
S4_geometric_expansion_null,0.5,0.982,True,True,True,1.0,1.0,0.0
S4_geometric_expansion_null,0.5,0.983,True,True,True,1.0,1.0,0.0
S4_geometric_expansion_null,0.5,0.984,True,True,True,1.0,1.0,0.0
S4_geometric_expansion_null,0.5,0.985,True,True,True,1.0,1.0,0.0
S4_geometric_expansion_null,0.5,0.986,True,True,True,1.0,1.0,0.0
S4_geometric_expansion_null,0.5,0.987,True,True,True,1.0,1.0,0.0
S4_geometric_expansion_null,0.5,0.988,True,True,True,1.0,1.0,0.0
S4_geometric_expansion_null,0.5,0.989,True,True,True,1.0,1.0,0.0
S4_geometric_expansion_null,0.5,0.99,True,True,True,1.0,1.0,0.0
S4_geometric_expansion_null,0.5,0.991,True,True,True,1.0,1.0,0.0
S4_geometric_expansion_null,0.5,0.992,True,True,True,1.0,1.0,0.0
S4_geometric_expansion_null,0.5,0.993,True,True,True,1.0,1.0,0.0
S4_geometric_expansion_null,0.5,0.994,True,True,True,1.0,1.0,0.0
S4_geometric_expansion_null,0.5,0.995,True,True,True,1.0,1.0,0.0
S4_geometric_expansion_null,0.5,0.996,True,True,True,1.0,1.0,0.0
S4_geometric_expansion_null,0.5,0.997,True,True,True,1.0,1.0,0.0
S4_geometric_expansion_null,0.5,0.998,True,True,True,1.0,1.0,0.0
S4_geometric_expansion_null,0.5,0.999,True,True,True,1.0,1.0,0.0
S4_geometric_expansion_null,0.5,1.0,True,True,True,1.0,1.0,0.0
S5_bounded_gain_window,0.5,0.0,False,False,False,,,
S5_bounded_gain_window,0.5,0.001,False,False,False,,,
S5_bounded_gain_window,0.5,0.002,False,False,False,,,
S5_bounded_gain_window,0.5,0.003,False,False,False,,,
S5_bounded_gain_window,0.5,0.004,False,False,False,,,
S5_bounded_gain_window,0.5,0.005,False,False,False,,,
S5_bounded_gain_window,0.5,0.006,False,False,False,,,
S5_bounded_gain_window,0.5,0.007,False,False,False,,,
S5_bounded_gain_window,0.5,0.008,False,False,False,,,
S5_bounded_gain_window,0.5,0.009,False,False,False,,,
S5_bounded_gain_window,0.5,0.01,False,False,False,,,
S5_bounded_gain_window,0.5,0.011,False,False,False,,,
S5_bounded_gain_window,0.5,0.012,False,False,False,,,
S5_bounded_gain_window,0.5,0.013,False,False,False,,,
S5_bounded_gain_window,0.5,0.014,False,False,False,,,
S5_bounded_gain_window,0.5,0.015,False,False,False,,,
S5_bounded_gain_window,0.5,0.016,False,False,False,,,
S5_bounded_gain_window,0.5,0.017,False,False,False,,,
S5_bounded_gain_window,0.5,0.018,False,False,False,,,
S5_bounded_gain_window,0.5,0.019,False,False,False,,,
S5_bounded_gain_window,0.5,0.02,False,False,False,,,
S5_bounded_gain_window,0.5,0.021,False,False,False,,,
S5_bounded_gain_window,0.5,0.022,False,False,False,,,
S5_bounded_gain_window,0.5,0.023,False,False,False,,,
S5_bounded_gain_window,0.5,0.024,False,False,False,,,
S5_bounded_gain_window,0.5,0.025,False,False,False,,,
S5_bounded_gain_window,0.5,0.026,False,False,False,,,
S5_bounded_gain_window,0.5,0.027,False,False,False,,,
S5_bounded_gain_window,0.5,0.028,False,False,False,,,
S5_bounded_gain_window,0.5,0.029,False,False,False,,,
S5_bounded_gain_window,0.5,0.03,False,False,False,,,
S5_bounded_gain_window,0.5,0.031,False,False,False,,,
S5_bounded_gain_window,0.5,0.032,False,False,False,,,
S5_bounded_gain_window,0.5,0.033,False,False,False,,,
S5_bounded_gain_window,0.5,0.034,False,False,False,,,
S5_bounded_gain_window,0.5,0.035,False,False,False,,,
S5_bounded_gain_window,0.5,0.036,False,False,False,,,
S5_bounded_gain_window,0.5,0.037,False,False,False,,,
S5_bounded_gain_window,0.5,0.038,False,False,False,,,
S5_bounded_gain_window,0.5,0.039,False,False,False,,,
S5_bounded_gain_window,0.5,0.04,False,False,False,,,
S5_bounded_gain_window,0.5,0.041,False,False,False,,,
S5_bounded_gain_window,0.5,0.042,False,False,False,,,
S5_bounded_gain_window,0.5,0.043,False,False,False,,,
S5_bounded_gain_window,0.5,0.044,False,False,False,,,
S5_bounded_gain_window,0.5,0.045,False,False,False,,,
S5_bounded_gain_window,0.5,0.046,False,False,False,,,
S5_bounded_gain_window,0.5,0.047,False,False,False,,,
S5_bounded_gain_window,0.5,0.048,False,False,False,,,
S5_bounded_gain_window,0.5,0.049,False,False,False,,,
S5_bounded_gain_window,0.5,0.05,False,False,False,,,
S5_bounded_gain_window,0.5,0.051,False,False,False,,,
S5_bounded_gain_window,0.5,0.052,False,False,False,,,
S5_bounded_gain_window,0.5,0.053,False,False,False,,,
S5_bounded_gain_window,0.5,0.054,False,False,False,,,
S5_bounded_gain_window,0.5,0.055,False,False,False,,,
S5_bounded_gain_window,0.5,0.056,False,False,False,,,
S5_bounded_gain_window,0.5,0.057,False,False,False,,,
S5_bounded_gain_window,0.5,0.058,False,False,False,,,
S5_bounded_gain_window,0.5,0.059,False,False,False,,,
S5_bounded_gain_window,0.5,0.06,False,False,False,,,
S5_bounded_gain_window,0.5,0.061,False,False,False,,,
S5_bounded_gain_window,0.5,0.062,False,False,False,,,
S5_bounded_gain_window,0.5,0.063,False,False,False,,,
S5_bounded_gain_window,0.5,0.064,False,False,False,,,
S5_bounded_gain_window,0.5,0.065,False,False,False,,,
S5_bounded_gain_window,0.5,0.066,False,False,False,,,
S5_bounded_gain_window,0.5,0.067,False,False,False,,,
S5_bounded_gain_window,0.5,0.068,False,False,False,,,
S5_bounded_gain_window,0.5,0.069,False,False,False,,,
S5_bounded_gain_window,0.5,0.07,False,False,False,,,
S5_bounded_gain_window,0.5,0.071,False,False,False,,,
S5_bounded_gain_window,0.5,0.072,False,False,False,,,
S5_bounded_gain_window,0.5,0.073,False,False,False,,,
S5_bounded_gain_window,0.5,0.074,False,False,False,,,
S5_bounded_gain_window,0.5,0.075,False,False,False,,,
S5_bounded_gain_window,0.5,0.076,False,False,False,,,
S5_bounded_gain_window,0.5,0.077,False,False,False,,,
S5_bounded_gain_window,0.5,0.078,False,False,False,,,
S5_bounded_gain_window,0.5,0.079,False,False,False,,,
S5_bounded_gain_window,0.5,0.08,False,False,False,,,
S5_bounded_gain_window,0.5,0.081,False,False,False,,,
S5_bounded_gain_window,0.5,0.082,False,False,False,,,
S5_bounded_gain_window,0.5,0.083,False,False,False,,,
S5_bounded_gain_window,0.5,0.084,False,False,False,,,
S5_bounded_gain_window,0.5,0.085,False,False,False,,,
S5_bounded_gain_window,0.5,0.086,False,False,False,,,
S5_bounded_gain_window,0.5,0.087,False,False,False,,,
S5_bounded_gain_window,0.5,0.088,False,False,False,,,
S5_bounded_gain_window,0.5,0.089,False,False,False,,,
S5_bounded_gain_window,0.5,0.09,False,False,False,,,
S5_bounded_gain_window,0.5,0.091,False,False,False,,,
S5_bounded_gain_window,0.5,0.092,False,False,False,,,
S5_bounded_gain_window,0.5,0.093,False,False,False,,,
S5_bounded_gain_window,0.5,0.094,False,False,False,,,
S5_bounded_gain_window,0.5,0.095,False,False,False,,,
S5_bounded_gain_window,0.5,0.096,False,False,False,,,
S5_bounded_gain_window,0.5,0.097,False,False,False,,,
S5_bounded_gain_window,0.5,0.098,False,False,False,,,
S5_bounded_gain_window,0.5,0.099,False,False,False,,,
S5_bounded_gain_window,0.5,0.1,False,False,False,,,
S5_bounded_gain_window,0.5,0.101,False,False,False,,,
S5_bounded_gain_window,0.5,0.102,False,False,False,,,
S5_bounded_gain_window,0.5,0.103,False,False,False,,,
S5_bounded_gain_window,0.5,0.104,False,False,False,,,
S5_bounded_gain_window,0.5,0.105,False,False,False,,,
S5_bounded_gain_window,0.5,0.106,False,False,False,,,
S5_bounded_gain_window,0.5,0.107,False,False,False,,,
S5_bounded_gain_window,0.5,0.108,False,False,False,,,
S5_bounded_gain_window,0.5,0.109,False,False,False,,,
S5_bounded_gain_window,0.5,0.11,False,False,False,,,
S5_bounded_gain_window,0.5,0.111,False,False,False,,,
S5_bounded_gain_window,0.5,0.112,False,False,False,,,
S5_bounded_gain_window,0.5,0.113,False,False,False,,,
S5_bounded_gain_window,0.5,0.114,False,False,False,,,
S5_bounded_gain_window,0.5,0.115,False,False,False,,,
S5_bounded_gain_window,0.5,0.116,False,False,False,,,
S5_bounded_gain_window,0.5,0.117,False,False,False,,,
S5_bounded_gain_window,0.5,0.118,False,False,False,,,
S5_bounded_gain_window,0.5,0.119,False,False,False,,,
S5_bounded_gain_window,0.5,0.12,False,False,False,,,
S5_bounded_gain_window,0.5,0.121,False,False,False,,,
S5_bounded_gain_window,0.5,0.122,False,False,False,,,
S5_bounded_gain_window,0.5,0.123,False,False,False,,,
S5_bounded_gain_window,0.5,0.124,False,False,False,,,
S5_bounded_gain_window,0.5,0.125,False,False,False,,,
S5_bounded_gain_window,0.5,0.126,False,False,False,,,
S5_bounded_gain_window,0.5,0.127,False,False,False,,,
S5_bounded_gain_window,0.5,0.128,False,False,False,,,
S5_bounded_gain_window,0.5,0.129,False,False,False,,,
S5_bounded_gain_window,0.5,0.13,False,False,False,,,
S5_bounded_gain_window,0.5,0.131,False,False,False,,,
S5_bounded_gain_window,0.5,0.132,False,False,False,,,
S5_bounded_gain_window,0.5,0.133,False,False,False,,,
S5_bounded_gain_window,0.5,0.134,False,False,False,,,
S5_bounded_gain_window,0.5,0.135,False,False,False,,,
S5_bounded_gain_window,0.5,0.136,False,False,False,,,
S5_bounded_gain_window,0.5,0.137,False,False,False,,,
S5_bounded_gain_window,0.5,0.138,False,False,False,,,
S5_bounded_gain_window,0.5,0.139,False,False,False,,,
S5_bounded_gain_window,0.5,0.14,False,False,False,,,
S5_bounded_gain_window,0.5,0.141,False,False,False,,,
S5_bounded_gain_window,0.5,0.142,False,False,False,,,
S5_bounded_gain_window,0.5,0.143,False,False,False,,,
S5_bounded_gain_window,0.5,0.144,False,False,False,,,
S5_bounded_gain_window,0.5,0.145,False,False,False,,,
S5_bounded_gain_window,0.5,0.146,False,False,False,,,
S5_bounded_gain_window,0.5,0.147,False,False,False,,,
S5_bounded_gain_window,0.5,0.148,False,False,False,,,
S5_bounded_gain_window,0.5,0.149,False,False,False,,,
S5_bounded_gain_window,0.5,0.15,False,False,False,,,
S5_bounded_gain_window,0.5,0.151,False,False,False,,,
S5_bounded_gain_window,0.5,0.152,False,False,False,,,
S5_bounded_gain_window,0.5,0.153,False,False,False,,,
S5_bounded_gain_window,0.5,0.154,False,False,False,,,
S5_bounded_gain_window,0.5,0.155,False,False,False,,,
S5_bounded_gain_window,0.5,0.156,False,False,False,,,
S5_bounded_gain_window,0.5,0.157,False,False,False,,,
S5_bounded_gain_window,0.5,0.158,False,False,False,,,
S5_bounded_gain_window,0.5,0.159,False,False,False,,,
S5_bounded_gain_window,0.5,0.16,False,False,False,,,
S5_bounded_gain_window,0.5,0.161,False,False,False,,,
S5_bounded_gain_window,0.5,0.162,False,False,False,,,
S5_bounded_gain_window,0.5,0.163,False,False,False,,,
S5_bounded_gain_window,0.5,0.164,False,False,False,,,
S5_bounded_gain_window,0.5,0.165,False,False,False,,,
S5_bounded_gain_window,0.5,0.166,False,False,False,,,
S5_bounded_gain_window,0.5,0.167,False,False,False,,,
S5_bounded_gain_window,0.5,0.168,False,False,False,,,
S5_bounded_gain_window,0.5,0.169,False,False,False,,,
S5_bounded_gain_window,0.5,0.17,False,False,False,,,
S5_bounded_gain_window,0.5,0.171,False,False,False,,,
S5_bounded_gain_window,0.5,0.172,False,False,False,,,
S5_bounded_gain_window,0.5,0.173,False,False,False,,,
S5_bounded_gain_window,0.5,0.174,False,False,False,,,
S5_bounded_gain_window,0.5,0.175,False,False,False,,,
S5_bounded_gain_window,0.5,0.176,False,False,False,,,
S5_bounded_gain_window,0.5,0.177,False,False,False,,,
S5_bounded_gain_window,0.5,0.178,False,False,False,,,
S5_bounded_gain_window,0.5,0.179,False,False,False,,,
S5_bounded_gain_window,0.5,0.18,False,False,False,,,
S5_bounded_gain_window,0.5,0.181,False,False,False,,,
S5_bounded_gain_window,0.5,0.182,False,False,False,,,
S5_bounded_gain_window,0.5,0.183,False,False,False,,,
S5_bounded_gain_window,0.5,0.184,False,False,False,,,
S5_bounded_gain_window,0.5,0.185,False,False,False,,,
S5_bounded_gain_window,0.5,0.186,False,False,False,,,
S5_bounded_gain_window,0.5,0.187,False,False,False,,,
S5_bounded_gain_window,0.5,0.188,False,False,False,,,
S5_bounded_gain_window,0.5,0.189,False,False,False,,,
S5_bounded_gain_window,0.5,0.19,False,False,False,,,
S5_bounded_gain_window,0.5,0.191,False,False,False,,,
S5_bounded_gain_window,0.5,0.192,False,False,False,,,
S5_bounded_gain_window,0.5,0.193,False,False,False,,,
S5_bounded_gain_window,0.5,0.194,False,False,False,,,
S5_bounded_gain_window,0.5,0.195,False,False,False,,,
S5_bounded_gain_window,0.5,0.196,False,False,False,,,
S5_bounded_gain_window,0.5,0.197,False,False,False,,,
S5_bounded_gain_window,0.5,0.198,False,False,False,,,
S5_bounded_gain_window,0.5,0.199,False,False,False,,,
S5_bounded_gain_window,0.5,0.2,False,False,False,,,
S5_bounded_gain_window,0.5,0.201,False,False,False,,,
S5_bounded_gain_window,0.5,0.202,False,False,False,,,
S5_bounded_gain_window,0.5,0.203,False,False,False,,,
S5_bounded_gain_window,0.5,0.204,False,False,False,,,
S5_bounded_gain_window,0.5,0.205,False,False,False,,,
S5_bounded_gain_window,0.5,0.206,False,False,False,,,
S5_bounded_gain_window,0.5,0.207,False,False,False,,,
S5_bounded_gain_window,0.5,0.208,False,False,False,,,
S5_bounded_gain_window,0.5,0.209,False,False,False,,,
S5_bounded_gain_window,0.5,0.21,False,False,False,,,
S5_bounded_gain_window,0.5,0.211,False,False,False,,,
S5_bounded_gain_window,0.5,0.212,False,False,False,,,
S5_bounded_gain_window,0.5,0.213,False,False,False,,,
S5_bounded_gain_window,0.5,0.214,False,False,False,,,
S5_bounded_gain_window,0.5,0.215,False,False,False,,,
S5_bounded_gain_window,0.5,0.216,False,False,False,,,
S5_bounded_gain_window,0.5,0.217,False,False,False,,,
S5_bounded_gain_window,0.5,0.218,False,False,False,,,
S5_bounded_gain_window,0.5,0.219,False,False,False,,,
S5_bounded_gain_window,0.5,0.22,False,False,False,,,
S5_bounded_gain_window,0.5,0.221,False,False,False,,,
S5_bounded_gain_window,0.5,0.222,False,False,False,,,
S5_bounded_gain_window,0.5,0.223,False,False,False,,,
S5_bounded_gain_window,0.5,0.224,False,False,False,,,
S5_bounded_gain_window,0.5,0.225,False,False,False,,,
S5_bounded_gain_window,0.5,0.226,False,False,False,,,
S5_bounded_gain_window,0.5,0.227,False,False,False,,,
S5_bounded_gain_window,0.5,0.228,False,False,False,,,
S5_bounded_gain_window,0.5,0.229,False,False,False,,,
S5_bounded_gain_window,0.5,0.23,False,False,False,,,
S5_bounded_gain_window,0.5,0.231,False,False,False,,,
S5_bounded_gain_window,0.5,0.232,False,False,False,,,
S5_bounded_gain_window,0.5,0.233,False,False,False,,,
S5_bounded_gain_window,0.5,0.234,False,False,False,,,
S5_bounded_gain_window,0.5,0.235,False,False,False,,,
S5_bounded_gain_window,0.5,0.236,False,False,False,,,
S5_bounded_gain_window,0.5,0.237,False,False,False,,,
S5_bounded_gain_window,0.5,0.238,False,False,False,,,
S5_bounded_gain_window,0.5,0.239,False,False,False,,,
S5_bounded_gain_window,0.5,0.24,False,False,False,,,
S5_bounded_gain_window,0.5,0.241,False,False,False,,,
S5_bounded_gain_window,0.5,0.242,False,False,False,,,
S5_bounded_gain_window,0.5,0.243,False,False,False,,,
S5_bounded_gain_window,0.5,0.244,False,False,False,,,
S5_bounded_gain_window,0.5,0.245,False,False,False,,,
S5_bounded_gain_window,0.5,0.246,False,False,False,,,
S5_bounded_gain_window,0.5,0.247,False,False,False,,,
S5_bounded_gain_window,0.5,0.248,False,False,False,,,
S5_bounded_gain_window,0.5,0.249,False,False,False,,,
S5_bounded_gain_window,0.5,0.25,True,True,True,0.7,0.7,0.0
S5_bounded_gain_window,0.5,0.251,True,True,True,0.7002499999999999,0.7006666666666667,0.0004166666666667318
S5_bounded_gain_window,0.5,0.252,True,True,True,0.7005,0.7013333333333333,0.0008333333333332416
S5_bounded_gain_window,0.5,0.253,True,True,True,0.70075,0.702,0.0012499999999999734
S5_bounded_gain_window,0.5,0.254,True,True,True,0.701,0.7026666666666667,0.0016666666666667052
S5_bounded_gain_window,0.5,0.255,True,True,True,0.7012499999999999,0.7033333333333333,0.002083333333333326
S5_bounded_gain_window,0.5,0.256,True,True,True,0.7015,0.704,0.0024999999999999467
S5_bounded_gain_window,0.5,0.257,True,True,True,0.70175,0.7046666666666667,0.0029166666666666785
S5_bounded_gain_window,0.5,0.258,True,True,True,0.702,0.7053333333333333,0.0033333333333332993
S5_bounded_gain_window,0.5,0.259,True,True,True,0.7022499999999999,0.706,0.003750000000000031
S5_bounded_gain_window,0.5,0.26,True,True,True,0.7025,0.7066666666666667,0.004166666666666652
S5_bounded_gain_window,0.5,0.261,True,True,True,0.70275,0.7073333333333333,0.004583333333333273
S5_bounded_gain_window,0.5,0.262,True,True,True,0.703,0.708,0.0050000000000000044
S5_bounded_gain_window,0.5,0.263,True,True,True,0.7032499999999999,0.7086666666666667,0.005416666666666736
S5_bounded_gain_window,0.5,0.264,True,True,True,0.7035,0.7093333333333333,0.005833333333333246
S5_bounded_gain_window,0.5,0.265,True,True,True,0.70375,0.71,0.006249999999999978
S5_bounded_gain_window,0.5,0.266,True,True,True,0.704,0.7106666666666667,0.00666666666666671
S5_bounded_gain_window,0.5,0.267,True,True,True,0.7042499999999999,0.7113333333333333,0.00708333333333333
S5_bounded_gain_window,0.5,0.268,True,True,True,0.7045,0.712,0.007499999999999951
S5_bounded_gain_window,0.5,0.269,True,True,True,0.70475,0.7126666666666667,0.007916666666666683
S5_bounded_gain_window,0.5,0.27,True,True,True,0.705,0.7133333333333333,0.008333333333333304
S5_bounded_gain_window,0.5,0.271,True,True,True,0.7052499999999999,0.714,0.008750000000000036
S5_bounded_gain_window,0.5,0.272,True,True,True,0.7055,0.7146666666666667,0.009166666666666656
S5_bounded_gain_window,0.5,0.273,True,True,True,0.70575,0.7153333333333333,0.009583333333333277
S5_bounded_gain_window,0.5,0.274,True,True,True,0.706,0.716,0.010000000000000009
S5_bounded_gain_window,0.5,0.275,True,True,True,0.7062499999999999,0.7166666666666667,0.01041666666666674
S5_bounded_gain_window,0.5,0.276,True,True,True,0.7065,0.7173333333333333,0.01083333333333325
S5_bounded_gain_window,0.5,0.277,True,True,True,0.70675,0.718,0.011249999999999982
S5_bounded_gain_window,0.5,0.278,True,True,True,0.707,0.7186666666666667,0.011666666666666714
S5_bounded_gain_window,0.5,0.279,True,True,True,0.7072499999999999,0.7193333333333333,0.012083333333333335
S5_bounded_gain_window,0.5,0.28,True,True,True,0.7075,0.72,0.012499999999999956
S5_bounded_gain_window,0.5,0.281,True,True,True,0.70775,0.7206666666666667,0.012916666666666687
S5_bounded_gain_window,0.5,0.282,True,True,True,0.708,0.7213333333333333,0.013333333333333308
S5_bounded_gain_window,0.5,0.283,True,True,True,0.7082499999999999,0.722,0.01375000000000004
S5_bounded_gain_window,0.5,0.284,True,True,True,0.7084999999999999,0.7226666666666666,0.01416666666666666
S5_bounded_gain_window,0.5,0.285,True,True,True,0.70875,0.7233333333333333,0.014583333333333282
S5_bounded_gain_window,0.5,0.286,True,True,True,0.709,0.724,0.015000000000000013
S5_bounded_gain_window,0.5,0.287,True,True,True,0.7092499999999999,0.7246666666666666,0.015416666666666634
S5_bounded_gain_window,0.5,0.288,True,True,True,0.7094999999999999,0.7253333333333333,0.015833333333333366
S5_bounded_gain_window,0.5,0.289,True,True,True,0.70975,0.726,0.016249999999999987
S5_bounded_gain_window,0.5,0.29,True,True,True,0.71,0.7266666666666667,0.01666666666666672
S5_bounded_gain_window,0.5,0.291,True,True,True,0.7102499999999999,0.7273333333333333,0.01708333333333334
S5_bounded_gain_window,0.5,0.292,True,True,True,0.7104999999999999,0.728,0.01750000000000007
S5_bounded_gain_window,0.5,0.293,True,True,True,0.71075,0.7286666666666667,0.017916666666666692
S5_bounded_gain_window,0.5,0.294,True,True,True,0.711,0.7293333333333333,0.018333333333333313
S5_bounded_gain_window,0.5,0.295,True,True,True,0.7112499999999999,0.73,0.018750000000000044
S5_bounded_gain_window,0.5,0.296,True,True,True,0.7114999999999999,0.7306666666666667,0.019166666666666776
S5_bounded_gain_window,0.5,0.297,True,True,True,0.71175,0.7313333333333333,0.019583333333333286
S5_bounded_gain_window,0.5,0.298,True,True,True,0.712,0.732,0.020000000000000018
S5_bounded_gain_window,0.5,0.299,True,True,True,0.7122499999999999,0.7326666666666667,0.02041666666666675
S5_bounded_gain_window,0.5,0.3,True,True,True,0.7124999999999999,0.7333333333333333,0.02083333333333337
S5_bounded_gain_window,0.5,0.301,True,True,True,0.71275,0.734,0.02124999999999999
S5_bounded_gain_window,0.5,0.302,True,True,True,0.713,0.7346666666666667,0.021666666666666723
S5_bounded_gain_window,0.5,0.303,True,True,True,0.7132499999999999,0.7353333333333333,0.022083333333333344
S5_bounded_gain_window,0.5,0.304,True,True,True,0.7135,0.736,0.022499999999999964
S5_bounded_gain_window,0.5,0.305,True,True,True,0.71375,0.7366666666666667,0.022916666666666696
S5_bounded_gain_window,0.5,0.306,True,True,True,0.714,0.7373333333333333,0.023333333333333317
S5_bounded_gain_window,0.5,0.307,True,True,True,0.7142499999999999,0.738,0.02375000000000005
S5_bounded_gain_window,0.5,0.308,True,True,True,0.7145,0.7386666666666667,0.02416666666666667
S5_bounded_gain_window,0.5,0.309,True,True,True,0.71475,0.7393333333333333,0.02458333333333329
S5_bounded_gain_window,0.5,0.31,True,True,True,0.715,0.74,0.025000000000000022
S5_bounded_gain_window,0.5,0.311,True,True,True,0.7152499999999999,0.7406666666666667,0.025416666666666754
S5_bounded_gain_window,0.5,0.312,True,True,True,0.7155,0.7413333333333333,0.025833333333333264
S5_bounded_gain_window,0.5,0.313,True,True,True,0.71575,0.742,0.026249999999999996
S5_bounded_gain_window,0.5,0.314,True,True,True,0.716,0.7426666666666667,0.026666666666666727
S5_bounded_gain_window,0.5,0.315,True,True,True,0.7162499999999999,0.7433333333333333,0.027083333333333348
S5_bounded_gain_window,0.5,0.316,True,True,True,0.7165,0.744,0.02749999999999997
S5_bounded_gain_window,0.5,0.317,True,True,True,0.71675,0.7446666666666667,0.0279166666666667
S5_bounded_gain_window,0.5,0.318,True,True,True,0.717,0.7453333333333333,0.02833333333333332
S5_bounded_gain_window,0.5,0.319,True,True,True,0.7172499999999999,0.746,0.028750000000000053
S5_bounded_gain_window,0.5,0.32,True,True,True,0.7175,0.7466666666666667,0.029166666666666674
S5_bounded_gain_window,0.5,0.321,True,True,True,0.71775,0.7473333333333333,0.029583333333333295
S5_bounded_gain_window,0.5,0.322,True,True,True,0.718,0.748,0.030000000000000027
S5_bounded_gain_window,0.5,0.323,True,True,True,0.7182499999999999,0.7486666666666667,0.03041666666666676
S5_bounded_gain_window,0.5,0.324,True,True,True,0.7185,0.7493333333333333,0.030833333333333268
S5_bounded_gain_window,0.5,0.325,True,True,True,0.71875,0.75,0.03125
S5_bounded_gain_window,0.5,0.326,True,True,True,0.719,0.7506666666666667,0.03166666666666673
S5_bounded_gain_window,0.5,0.327,True,True,True,0.71925,0.7513333333333333,0.03208333333333335
S5_bounded_gain_window,0.5,0.328,True,True,True,0.7195,0.752,0.03249999999999997
S5_bounded_gain_window,0.5,0.329,True,True,True,0.71975,0.7526666666666667,0.032916666666666705
S5_bounded_gain_window,0.5,0.33,True,True,True,0.72,0.7533333333333333,0.033333333333333326
S5_bounded_gain_window,0.5,0.331,True,True,True,0.72025,0.754,0.03375000000000006
S5_bounded_gain_window,0.5,0.332,True,True,True,0.7205,0.7546666666666667,0.03416666666666668
S5_bounded_gain_window,0.5,0.333,True,True,True,0.72075,0.7553333333333333,0.0345833333333333
S5_bounded_gain_window,0.5,0.334,True,True,True,0.721,0.756,0.03500000000000003
S5_bounded_gain_window,0.5,0.335,True,True,True,0.72125,0.7566666666666667,0.03541666666666676
S5_bounded_gain_window,0.5,0.336,True,True,True,0.7215,0.7573333333333333,0.03583333333333327
S5_bounded_gain_window,0.5,0.337,True,True,True,0.72175,0.758,0.036250000000000004
S5_bounded_gain_window,0.5,0.338,True,True,True,0.722,0.7586666666666667,0.036666666666666736
S5_bounded_gain_window,0.5,0.339,True,True,True,0.72225,0.7593333333333333,0.03708333333333336
S5_bounded_gain_window,0.5,0.34,True,True,True,0.7225,0.76,0.03749999999999998
S5_bounded_gain_window,0.5,0.341,True,True,True,0.72275,0.7606666666666667,0.03791666666666671
S5_bounded_gain_window,0.5,0.342,True,True,True,0.723,0.7613333333333333,0.03833333333333333
S5_bounded_gain_window,0.5,0.343,True,True,True,0.72325,0.762,0.03875000000000006
S5_bounded_gain_window,0.5,0.344,True,True,True,0.7235,0.7626666666666666,0.03916666666666657
S5_bounded_gain_window,0.5,0.345,True,True,True,0.72375,0.7633333333333333,0.039583333333333304
S5_bounded_gain_window,0.5,0.346,True,True,True,0.724,0.764,0.040000000000000036
S5_bounded_gain_window,0.5,0.347,True,True,True,0.72425,0.7646666666666666,0.040416666666666656
S5_bounded_gain_window,0.5,0.348,True,True,True,0.7244999999999999,0.7653333333333333,0.04083333333333339
S5_bounded_gain_window,0.5,0.349,True,True,True,0.72475,0.766,0.04125000000000001
S5_bounded_gain_window,0.5,0.35,True,True,True,0.725,0.7666666666666666,0.04166666666666663
S5_bounded_gain_window,0.5,0.351,True,True,True,0.72525,0.7673333333333333,0.04208333333333336
S5_bounded_gain_window,0.5,0.352,True,True,True,0.7255,0.768,0.04249999999999998
S5_bounded_gain_window,0.5,0.353,True,True,True,0.72575,0.7686666666666666,0.0429166666666666
S5_bounded_gain_window,0.5,0.354,True,True,True,0.726,0.7693333333333333,0.043333333333333335
S5_bounded_gain_window,0.5,0.355,True,True,True,0.72625,0.77,0.04375000000000007
S5_bounded_gain_window,0.5,0.356,True,True,True,0.7264999999999999,0.7706666666666666,0.04416666666666669
S5_bounded_gain_window,0.5,0.357,True,True,True,0.72675,0.7713333333333333,0.04458333333333331
S5_bounded_gain_window,0.5,0.358,True,True,True,0.727,0.772,0.04500000000000004
S5_bounded_gain_window,0.5,0.359,True,True,True,0.72725,0.7726666666666666,0.04541666666666666
S5_bounded_gain_window,0.5,0.36,True,True,True,0.7275,0.7733333333333333,0.04583333333333328
S5_bounded_gain_window,0.5,0.361,True,True,True,0.72775,0.774,0.04625000000000001
S5_bounded_gain_window,0.5,0.362,True,True,True,0.728,0.7746666666666666,0.046666666666666634
S5_bounded_gain_window,0.5,0.363,True,True,True,0.72825,0.7753333333333333,0.047083333333333366
S5_bounded_gain_window,0.5,0.364,True,True,True,0.7285,0.776,0.04749999999999999
S5_bounded_gain_window,0.5,0.365,True,True,True,0.72875,0.7766666666666666,0.04791666666666661
S5_bounded_gain_window,0.5,0.366,True,True,True,0.729,0.7773333333333333,0.04833333333333334
S5_bounded_gain_window,0.5,0.367,True,True,True,0.72925,0.778,0.04875000000000007
S5_bounded_gain_window,0.5,0.368,True,True,True,0.7295,0.7786666666666666,0.04916666666666658
S5_bounded_gain_window,0.5,0.369,True,True,True,0.72975,0.7793333333333333,0.04958333333333331
S5_bounded_gain_window,0.5,0.37,True,True,True,0.73,0.78,0.050000000000000044
S5_bounded_gain_window,0.5,0.371,True,True,True,0.73025,0.7806666666666667,0.050416666666666776
S5_bounded_gain_window,0.5,0.372,True,True,True,0.7305,0.7813333333333333,0.050833333333333286
S5_bounded_gain_window,0.5,0.373,True,True,True,0.73075,0.782,0.05125000000000002
S5_bounded_gain_window,0.5,0.374,True,True,True,0.731,0.7826666666666667,0.05166666666666675
S5_bounded_gain_window,0.5,0.375,True,True,True,0.73125,0.7833333333333333,0.05208333333333337
S5_bounded_gain_window,0.5,0.376,True,True,True,0.7315,0.784,0.05249999999999999
S5_bounded_gain_window,0.5,0.377,True,True,True,0.73175,0.7846666666666667,0.05291666666666672
S5_bounded_gain_window,0.5,0.378,True,True,True,0.732,0.7853333333333333,0.053333333333333344
S5_bounded_gain_window,0.5,0.379,True,True,True,0.73225,0.786,0.053750000000000075
S5_bounded_gain_window,0.5,0.38,True,True,True,0.7325,0.7866666666666667,0.054166666666666696
S5_bounded_gain_window,0.5,0.381,True,True,True,0.73275,0.7873333333333333,0.05458333333333332
S5_bounded_gain_window,0.5,0.382,True,True,True,0.733,0.788,0.05500000000000005
S5_bounded_gain_window,0.5,0.383,True,True,True,0.73325,0.7886666666666667,0.05541666666666678
S5_bounded_gain_window,0.5,0.384,True,True,True,0.7335,0.7893333333333333,0.05583333333333329
S5_bounded_gain_window,0.5,0.385,True,True,True,0.73375,0.79,0.05625000000000002
S5_bounded_gain_window,0.5,0.386,True,True,True,0.734,0.7906666666666667,0.056666666666666754
S5_bounded_gain_window,0.5,0.387,True,True,True,0.73425,0.7913333333333333,0.057083333333333375
S5_bounded_gain_window,0.5,0.388,True,True,True,0.7345,0.792,0.057499999999999996
S5_bounded_gain_window,0.5,0.389,True,True,True,0.73475,0.7926666666666667,0.05791666666666673
S5_bounded_gain_window,0.5,0.39,True,True,True,0.735,0.7933333333333333,0.05833333333333335
S5_bounded_gain_window,0.5,0.391,True,True,True,0.73525,0.794,0.05875000000000008
S5_bounded_gain_window,0.5,0.392,True,True,True,0.7355,0.7946666666666667,0.0591666666666667
S5_bounded_gain_window,0.5,0.393,True,True,True,0.73575,0.7953333333333333,0.05958333333333332
S5_bounded_gain_window,0.5,0.394,True,True,True,0.736,0.796,0.06000000000000005
S5_bounded_gain_window,0.5,0.395,True,True,True,0.73625,0.7966666666666667,0.060416666666666785
S5_bounded_gain_window,0.5,0.396,True,True,True,0.7365,0.7973333333333333,0.060833333333333295
S5_bounded_gain_window,0.5,0.397,True,True,True,0.73675,0.798,0.06125000000000003
S5_bounded_gain_window,0.5,0.398,True,True,True,0.737,0.7986666666666667,0.06166666666666676
S5_bounded_gain_window,0.5,0.399,True,True,True,0.73725,0.7993333333333333,0.06208333333333338
S5_bounded_gain_window,0.5,0.4,True,True,True,0.7375,0.8,0.0625
S5_bounded_gain_window,0.5,0.401,True,True,True,0.73775,0.8,0.06225000000000003
S5_bounded_gain_window,0.5,0.402,True,True,True,0.738,0.8,0.062000000000000055
S5_bounded_gain_window,0.5,0.403,True,True,True,0.73825,0.8,0.06175000000000008
S5_bounded_gain_window,0.5,0.404,True,True,True,0.7385,0.8,0.0615
S5_bounded_gain_window,0.5,0.405,True,True,True,0.73875,0.8,0.06125000000000003
S5_bounded_gain_window,0.5,0.406,True,True,True,0.739,0.8,0.061000000000000054
S5_bounded_gain_window,0.5,0.407,True,True,True,0.73925,0.8,0.06075000000000008
S5_bounded_gain_window,0.5,0.408,True,True,True,0.7395,0.8,0.0605
S5_bounded_gain_window,0.5,0.409,True,True,True,0.73975,0.8,0.060250000000000026
S5_bounded_gain_window,0.5,0.41,True,True,True,0.74,0.8,0.06000000000000005
S5_bounded_gain_window,0.5,0.411,True,True,True,0.74025,0.8,0.05975000000000008
S5_bounded_gain_window,0.5,0.412,True,True,True,0.7404999999999999,0.8,0.05950000000000011
S5_bounded_gain_window,0.5,0.413,True,True,True,0.74075,0.8,0.059250000000000025
S5_bounded_gain_window,0.5,0.414,True,True,True,0.741,0.8,0.05900000000000005
S5_bounded_gain_window,0.5,0.415,True,True,True,0.74125,0.8,0.05875000000000008
S5_bounded_gain_window,0.5,0.416,True,True,True,0.7415,0.8,0.058499999999999996
S5_bounded_gain_window,0.5,0.417,True,True,True,0.74175,0.8,0.058250000000000024
S5_bounded_gain_window,0.5,0.418,True,True,True,0.742,0.8,0.05800000000000005
S5_bounded_gain_window,0.5,0.419,True,True,True,0.74225,0.8,0.05775000000000008
S5_bounded_gain_window,0.5,0.42,True,True,True,0.7425,0.8,0.057499999999999996
S5_bounded_gain_window,0.5,0.421,True,True,True,0.74275,0.8,0.05725000000000002
S5_bounded_gain_window,0.5,0.422,True,True,True,0.743,0.8,0.05700000000000005
S5_bounded_gain_window,0.5,0.423,True,True,True,0.74325,0.8,0.05675000000000008
S5_bounded_gain_window,0.5,0.424,True,True,True,0.7435,0.8,0.056499999999999995
S5_bounded_gain_window,0.5,0.425,True,True,True,0.74375,0.8,0.05625000000000002
S5_bounded_gain_window,0.5,0.426,True,True,True,0.744,0.8,0.05600000000000005
S5_bounded_gain_window,0.5,0.427,True,True,True,0.74425,0.8,0.05575000000000008
S5_bounded_gain_window,0.5,0.428,True,True,True,0.7445,0.8,0.055499999999999994
S5_bounded_gain_window,0.5,0.429,True,True,True,0.74475,0.8,0.05525000000000002
S5_bounded_gain_window,0.5,0.43,True,True,True,0.745,0.8,0.05500000000000005
S5_bounded_gain_window,0.5,0.431,True,True,True,0.74525,0.8,0.054750000000000076
S5_bounded_gain_window,0.5,0.432,True,True,True,0.7455,0.8,0.05449999999999999
S5_bounded_gain_window,0.5,0.433,True,True,True,0.74575,0.8,0.05425000000000002
S5_bounded_gain_window,0.5,0.434,True,True,True,0.746,0.8,0.05400000000000005
S5_bounded_gain_window,0.5,0.435,True,True,True,0.74625,0.8,0.053750000000000075
S5_bounded_gain_window,0.5,0.436,True,True,True,0.7465,0.8,0.05349999999999999
S5_bounded_gain_window,0.5,0.437,True,True,True,0.74675,0.8,0.05325000000000002
S5_bounded_gain_window,0.5,0.438,True,True,True,0.747,0.8,0.05300000000000005
S5_bounded_gain_window,0.5,0.439,True,True,True,0.74725,0.8,0.052750000000000075
S5_bounded_gain_window,0.5,0.44,True,True,True,0.7475,0.8,0.05249999999999999
S5_bounded_gain_window,0.5,0.441,True,True,True,0.74775,0.8,0.05225000000000002
S5_bounded_gain_window,0.5,0.442,True,True,True,0.748,0.8,0.052000000000000046
S5_bounded_gain_window,0.5,0.443,True,True,True,0.74825,0.8,0.051750000000000074
S5_bounded_gain_window,0.5,0.444,True,True,True,0.7485,0.8,0.05149999999999999
S5_bounded_gain_window,0.5,0.445,True,True,True,0.74875,0.8,0.05125000000000002
S5_bounded_gain_window,0.5,0.446,True,True,True,0.749,0.8,0.051000000000000045
S5_bounded_gain_window,0.5,0.447,True,True,True,0.74925,0.8,0.05075000000000007
S5_bounded_gain_window,0.5,0.448,True,True,True,0.7495,0.8,0.05049999999999999
S5_bounded_gain_window,0.5,0.449,True,True,True,0.74975,0.8,0.05025000000000002
S5_bounded_gain_window,0.5,0.45,True,True,True,0.75,0.8,0.050000000000000044
S5_bounded_gain_window,0.5,0.451,True,True,True,0.75025,0.8,0.04975000000000007
S5_bounded_gain_window,0.5,0.452,True,True,True,0.7505000000000001,0.8,0.04949999999999999
S5_bounded_gain_window,0.5,0.453,True,True,True,0.75075,0.8,0.049250000000000016
S5_bounded_gain_window,0.5,0.454,True,True,True,0.751,0.8,0.049000000000000044
S5_bounded_gain_window,0.5,0.455,True,True,True,0.75125,0.8,0.04875000000000007
S5_bounded_gain_window,0.5,0.456,True,True,True,0.7515000000000001,0.8,0.04849999999999999
S5_bounded_gain_window,0.5,0.457,True,True,True,0.75175,0.8,0.048250000000000015
S5_bounded_gain_window,0.5,0.458,True,True,True,0.752,0.8,0.04800000000000004
S5_bounded_gain_window,0.5,0.459,True,True,True,0.75225,0.8,0.04775000000000007
S5_bounded_gain_window,0.5,0.46,True,True,True,0.7525000000000001,0.8,0.04749999999999999
S5_bounded_gain_window,0.5,0.461,True,True,True,0.75275,0.8,0.047250000000000014
S5_bounded_gain_window,0.5,0.462,True,True,True,0.753,0.8,0.04700000000000004
S5_bounded_gain_window,0.5,0.463,True,True,True,0.75325,0.8,0.04675000000000007
S5_bounded_gain_window,0.5,0.464,True,True,True,0.7535000000000001,0.8,0.046499999999999986
S5_bounded_gain_window,0.5,0.465,True,True,True,0.75375,0.8,0.04625000000000001
S5_bounded_gain_window,0.5,0.466,True,True,True,0.754,0.8,0.04600000000000004
S5_bounded_gain_window,0.5,0.467,True,True,True,0.75425,0.8,0.04575000000000007
S5_bounded_gain_window,0.5,0.468,True,True,True,0.7545000000000001,0.8,0.045499999999999985
S5_bounded_gain_window,0.5,0.469,True,True,True,0.75475,0.8,0.04525000000000001
S5_bounded_gain_window,0.5,0.47,True,True,True,0.755,0.8,0.04500000000000004
S5_bounded_gain_window,0.5,0.471,True,True,True,0.75525,0.8,0.04475000000000007
S5_bounded_gain_window,0.5,0.472,True,True,True,0.7555000000000001,0.8,0.044499999999999984
S5_bounded_gain_window,0.5,0.473,True,True,True,0.75575,0.8,0.04425000000000001
S5_bounded_gain_window,0.5,0.474,True,True,True,0.756,0.8,0.04400000000000004
S5_bounded_gain_window,0.5,0.475,True,True,True,0.75625,0.8,0.04375000000000007
S5_bounded_gain_window,0.5,0.476,True,True,True,0.7565000000000001,0.8,0.04349999999999998
S5_bounded_gain_window,0.5,0.477,True,True,True,0.75675,0.8,0.04325000000000001
S5_bounded_gain_window,0.5,0.478,True,True,True,0.757,0.8,0.04300000000000004
S5_bounded_gain_window,0.5,0.479,True,True,True,0.75725,0.8,0.042750000000000066
S5_bounded_gain_window,0.5,0.48,True,True,True,0.7575000000000001,0.8,0.04249999999999998
S5_bounded_gain_window,0.5,0.481,True,True,True,0.75775,0.8,0.04225000000000001
S5_bounded_gain_window,0.5,0.482,True,True,True,0.758,0.8,0.04200000000000004
S5_bounded_gain_window,0.5,0.483,True,True,True,0.75825,0.8,0.041750000000000065
S5_bounded_gain_window,0.5,0.484,True,True,True,0.7585000000000001,0.8,0.04149999999999998
S5_bounded_gain_window,0.5,0.485,True,True,True,0.75875,0.8,0.04125000000000001
S5_bounded_gain_window,0.5,0.486,True,True,True,0.759,0.8,0.041000000000000036
S5_bounded_gain_window,0.5,0.487,True,True,True,0.75925,0.8,0.040750000000000064
S5_bounded_gain_window,0.5,0.488,True,True,True,0.7595000000000001,0.8,0.04049999999999998
S5_bounded_gain_window,0.5,0.489,True,True,True,0.75975,0.8,0.04025000000000001
S5_bounded_gain_window,0.5,0.49,True,True,True,0.76,0.8,0.040000000000000036
S5_bounded_gain_window,0.5,0.491,True,True,True,0.76025,0.8,0.03975000000000006
S5_bounded_gain_window,0.5,0.492,True,True,True,0.7605000000000001,0.8,0.03949999999999998
S5_bounded_gain_window,0.5,0.493,True,True,True,0.76075,0.8,0.03925000000000001
S5_bounded_gain_window,0.5,0.494,True,True,True,0.761,0.8,0.039000000000000035
S5_bounded_gain_window,0.5,0.495,True,True,True,0.76125,0.8,0.03875000000000006
S5_bounded_gain_window,0.5,0.496,True,True,True,0.7615000000000001,0.8,0.03849999999999998
S5_bounded_gain_window,0.5,0.497,True,True,True,0.76175,0.8,0.038250000000000006
S5_bounded_gain_window,0.5,0.498,True,True,True,0.762,0.8,0.038000000000000034
S5_bounded_gain_window,0.5,0.499,True,True,True,0.76225,0.8,0.03775000000000006
S5_bounded_gain_window,0.5,0.5,True,True,True,0.7625000000000001,0.8,0.03749999999999998
S5_bounded_gain_window,0.5,0.501,True,True,True,0.76275,0.8,0.037250000000000005
S5_bounded_gain_window,0.5,0.502,True,True,True,0.763,0.8,0.03700000000000003
S5_bounded_gain_window,0.5,0.503,True,True,True,0.76325,0.8,0.03675000000000006
S5_bounded_gain_window,0.5,0.504,True,True,True,0.7635000000000001,0.8,0.03649999999999998
S5_bounded_gain_window,0.5,0.505,True,True,True,0.76375,0.8,0.036250000000000004
S5_bounded_gain_window,0.5,0.506,True,True,True,0.764,0.8,0.03600000000000003
S5_bounded_gain_window,0.5,0.507,True,True,True,0.76425,0.8,0.03575000000000006
S5_bounded_gain_window,0.5,0.508,True,True,True,0.7645000000000001,0.8,0.035499999999999976
S5_bounded_gain_window,0.5,0.509,True,True,True,0.76475,0.8,0.035250000000000004
S5_bounded_gain_window,0.5,0.51,True,True,True,0.765,0.8,0.03500000000000003
S5_bounded_gain_window,0.5,0.511,True,True,True,0.76525,0.8,0.03475000000000006
S5_bounded_gain_window,0.5,0.512,True,True,True,0.7655000000000001,0.8,0.034499999999999975
S5_bounded_gain_window,0.5,0.513,True,True,True,0.76575,0.8,0.03425
S5_bounded_gain_window,0.5,0.514,True,True,True,0.766,0.8,0.03400000000000003
S5_bounded_gain_window,0.5,0.515,True,True,True,0.76625,0.8,0.03375000000000006
S5_bounded_gain_window,0.5,0.516,True,True,True,0.7665000000000001,0.8,0.033499999999999974
S5_bounded_gain_window,0.5,0.517,True,True,True,0.76675,0.8,0.03325
S5_bounded_gain_window,0.5,0.518,True,True,True,0.767,0.8,0.03300000000000003
S5_bounded_gain_window,0.5,0.519,True,True,True,0.76725,0.8,0.03275000000000006
S5_bounded_gain_window,0.5,0.52,True,True,True,0.7675000000000001,0.8,0.03249999999999997
S5_bounded_gain_window,0.5,0.521,True,True,True,0.76775,0.8,0.03225
S5_bounded_gain_window,0.5,0.522,True,True,True,0.768,0.8,0.03200000000000003
S5_bounded_gain_window,0.5,0.523,True,True,True,0.76825,0.8,0.031750000000000056
S5_bounded_gain_window,0.5,0.524,True,True,True,0.7685000000000001,0.8,0.03149999999999997
S5_bounded_gain_window,0.5,0.525,True,True,True,0.76875,0.8,0.03125
S5_bounded_gain_window,0.5,0.526,True,True,True,0.769,0.8,0.031000000000000028
S5_bounded_gain_window,0.5,0.527,True,True,True,0.76925,0.8,0.030750000000000055
S5_bounded_gain_window,0.5,0.528,True,True,True,0.7695000000000001,0.8,0.03049999999999997
S5_bounded_gain_window,0.5,0.529,True,True,True,0.76975,0.8,0.03025
S5_bounded_gain_window,0.5,0.53,True,True,True,0.77,0.8,0.030000000000000027
S5_bounded_gain_window,0.5,0.531,True,True,True,0.7702500000000001,0.8,0.029749999999999943
S5_bounded_gain_window,0.5,0.532,True,True,True,0.7705000000000001,0.8,0.02949999999999997
S5_bounded_gain_window,0.5,0.533,True,True,True,0.77075,0.8,0.029249999999999998
S5_bounded_gain_window,0.5,0.534,True,True,True,0.771,0.8,0.029000000000000026
S5_bounded_gain_window,0.5,0.535,True,True,True,0.77125,0.8,0.028750000000000053
S5_bounded_gain_window,0.5,0.536,True,True,True,0.7715000000000001,0.8,0.02849999999999997
S5_bounded_gain_window,0.5,0.537,True,True,True,0.77175,0.8,0.028249999999999997
S5_bounded_gain_window,0.5,0.538,True,True,True,0.772,0.8,0.028000000000000025
S5_bounded_gain_window,0.5,0.539,True,True,True,0.7722500000000001,0.8,0.02774999999999994
S5_bounded_gain_window,0.5,0.54,True,True,True,0.7725000000000001,0.8,0.02749999999999997
S5_bounded_gain_window,0.5,0.541,True,True,True,0.77275,0.8,0.027249999999999996
S5_bounded_gain_window,0.5,0.542,True,True,True,0.773,0.8,0.027000000000000024
S5_bounded_gain_window,0.5,0.543,True,True,True,0.77325,0.8,0.02675000000000005
S5_bounded_gain_window,0.5,0.544,True,True,True,0.7735000000000001,0.8,0.026499999999999968
S5_bounded_gain_window,0.5,0.545,True,True,True,0.77375,0.8,0.026249999999999996
S5_bounded_gain_window,0.5,0.546,True,True,True,0.774,0.8,0.026000000000000023
S5_bounded_gain_window,0.5,0.547,True,True,True,0.7742500000000001,0.8,0.02574999999999994
S5_bounded_gain_window,0.5,0.548,True,True,True,0.7745000000000001,0.8,0.025499999999999967
S5_bounded_gain_window,0.5,0.549,True,True,True,0.77475,0.8,0.025249999999999995
S5_bounded_gain_window,0.5,0.55,True,True,True,0.775,0.8,0.025000000000000022
S5_bounded_gain_window,0.5,0.551,True,True,True,0.77525,0.8,0.02475000000000005
S5_bounded_gain_window,0.5,0.552,True,True,True,0.7755000000000001,0.8,0.024499999999999966
S5_bounded_gain_window,0.5,0.553,True,True,True,0.77575,0.8,0.024249999999999994
S5_bounded_gain_window,0.5,0.554,True,True,True,0.776,0.8,0.02400000000000002
S5_bounded_gain_window,0.5,0.555,True,True,True,0.7762500000000001,0.8,0.023749999999999938
S5_bounded_gain_window,0.5,0.556,True,True,True,0.7765000000000001,0.8,0.023499999999999965
S5_bounded_gain_window,0.5,0.557,True,True,True,0.77675,0.8,0.023249999999999993
S5_bounded_gain_window,0.5,0.558,True,True,True,0.777,0.8,0.02300000000000002
S5_bounded_gain_window,0.5,0.559,True,True,True,0.77725,0.8,0.022750000000000048
S5_bounded_gain_window,0.5,0.56,True,True,True,0.7775000000000001,0.8,0.022499999999999964
S5_bounded_gain_window,0.5,0.561,True,True,True,0.77775,0.8,0.022249999999999992
S5_bounded_gain_window,0.5,0.562,True,True,True,0.778,0.8,0.02200000000000002
S5_bounded_gain_window,0.5,0.563,True,True,True,0.77825,0.8,0.021750000000000047
S5_bounded_gain_window,0.5,0.564,True,True,True,0.7785,0.8,0.021500000000000075
S5_bounded_gain_window,0.5,0.565,True,True,True,0.77875,0.8,0.02124999999999999
S5_bounded_gain_window,0.5,0.566,True,True,True,0.779,0.8,0.02100000000000002
S5_bounded_gain_window,0.5,0.567,True,True,True,0.77925,0.8,0.020750000000000046
S5_bounded_gain_window,0.5,0.568,True,True,True,0.7795000000000001,0.8,0.020499999999999963
S5_bounded_gain_window,0.5,0.569,True,True,True,0.77975,0.8,0.02024999999999999
S5_bounded_gain_window,0.5,0.57,True,True,True,0.78,0.8,0.020000000000000018
S5_bounded_gain_window,0.5,0.571,True,True,True,0.78025,0.8,0.019750000000000045
S5_bounded_gain_window,0.5,0.572,True,True,True,0.7805,0.8,0.019500000000000073
S5_bounded_gain_window,0.5,0.573,True,True,True,0.78075,0.8,0.01924999999999999
S5_bounded_gain_window,0.5,0.574,True,True,True,0.781,0.8,0.019000000000000017
S5_bounded_gain_window,0.5,0.575,True,True,True,0.78125,0.8,0.018750000000000044
S5_bounded_gain_window,0.5,0.576,True,True,True,0.7815000000000001,0.8,0.01849999999999996
S5_bounded_gain_window,0.5,0.577,True,True,True,0.7817500000000001,0.8,0.01824999999999999
S5_bounded_gain_window,0.5,0.578,True,True,True,0.782,0.8,0.018000000000000016
S5_bounded_gain_window,0.5,0.579,True,True,True,0.78225,0.8,0.017750000000000044
S5_bounded_gain_window,0.5,0.58,True,True,True,0.7825000000000001,0.8,0.01749999999999996
S5_bounded_gain_window,0.5,0.581,True,True,True,0.7827500000000001,0.8,0.017249999999999988
S5_bounded_gain_window,0.5,0.582,True,True,True,0.783,0.8,0.017000000000000015
S5_bounded_gain_window,0.5,0.583,True,True,True,0.78325,0.8,0.016750000000000043
S5_bounded_gain_window,0.5,0.584,True,True,True,0.7835000000000001,0.8,0.01649999999999996
S5_bounded_gain_window,0.5,0.585,True,True,True,0.7837500000000001,0.8,0.016249999999999987
S5_bounded_gain_window,0.5,0.586,True,True,True,0.784,0.8,0.016000000000000014
S5_bounded_gain_window,0.5,0.587,True,True,True,0.78425,0.8,0.015750000000000042
S5_bounded_gain_window,0.5,0.588,True,True,True,0.7845000000000001,0.8,0.015499999999999958
S5_bounded_gain_window,0.5,0.589,True,True,True,0.7847500000000001,0.8,0.015249999999999986
S5_bounded_gain_window,0.5,0.59,True,True,True,0.785,0.8,0.015000000000000013
S5_bounded_gain_window,0.5,0.591,True,True,True,0.78525,0.8,0.01475000000000004
S5_bounded_gain_window,0.5,0.592,True,True,True,0.7855000000000001,0.8,0.014499999999999957
S5_bounded_gain_window,0.5,0.593,True,True,True,0.7857500000000001,0.8,0.014249999999999985
S5_bounded_gain_window,0.5,0.594,True,True,True,0.786,0.8,0.014000000000000012
S5_bounded_gain_window,0.5,0.595,True,True,True,0.78625,0.8,0.01375000000000004
S5_bounded_gain_window,0.5,0.596,True,True,True,0.7865000000000001,0.8,0.013499999999999956
S5_bounded_gain_window,0.5,0.597,True,True,True,0.7867500000000001,0.8,0.013249999999999984
S5_bounded_gain_window,0.5,0.598,True,True,True,0.787,0.8,0.013000000000000012
S5_bounded_gain_window,0.5,0.599,True,True,True,0.78725,0.8,0.012750000000000039
S5_bounded_gain_window,0.5,0.6,True,True,True,0.7875000000000001,0.8,0.012499999999999956
S5_bounded_gain_window,0.5,0.601,True,True,True,0.7877500000000001,0.8,0.012249999999999983
S5_bounded_gain_window,0.5,0.602,True,True,True,0.788,0.8,0.01200000000000001
S5_bounded_gain_window,0.5,0.603,True,True,True,0.78825,0.8,0.011750000000000038
S5_bounded_gain_window,0.5,0.604,True,True,True,0.7885000000000001,0.8,0.011499999999999955
S5_bounded_gain_window,0.5,0.605,True,True,True,0.7887500000000001,0.8,0.011249999999999982
S5_bounded_gain_window,0.5,0.606,True,True,True,0.789,0.8,0.01100000000000001
S5_bounded_gain_window,0.5,0.607,True,True,True,0.78925,0.8,0.010750000000000037
S5_bounded_gain_window,0.5,0.608,True,True,True,0.7895000000000001,0.8,0.010499999999999954
S5_bounded_gain_window,0.5,0.609,True,True,True,0.7897500000000001,0.8,0.010249999999999981
S5_bounded_gain_window,0.5,0.61,True,True,True,0.79,0.8,0.010000000000000009
S5_bounded_gain_window,0.5,0.611,True,True,True,0.79025,0.8,0.009750000000000036
S5_bounded_gain_window,0.5,0.612,True,True,True,0.7905000000000001,0.8,0.009499999999999953
S5_bounded_gain_window,0.5,0.613,True,True,True,0.7907500000000001,0.8,0.00924999999999998
S5_bounded_gain_window,0.5,0.614,True,True,True,0.791,0.8,0.009000000000000008
S5_bounded_gain_window,0.5,0.615,True,True,True,0.79125,0.8,0.008750000000000036
S5_bounded_gain_window,0.5,0.616,True,True,True,0.7915000000000001,0.8,0.008499999999999952
S5_bounded_gain_window,0.5,0.617,True,True,True,0.7917500000000001,0.8,0.00824999999999998
S5_bounded_gain_window,0.5,0.618,True,True,True,0.792,0.8,0.008000000000000007
S5_bounded_gain_window,0.5,0.619,True,True,True,0.79225,0.8,0.007750000000000035
S5_bounded_gain_window,0.5,0.62,True,True,True,0.7925000000000001,0.8,0.007499999999999951
S5_bounded_gain_window,0.5,0.621,True,True,True,0.7927500000000001,0.8,0.007249999999999979
S5_bounded_gain_window,0.5,0.622,True,True,True,0.793,0.8,0.007000000000000006
S5_bounded_gain_window,0.5,0.623,True,True,True,0.79325,0.8,0.006750000000000034
S5_bounded_gain_window,0.5,0.624,True,True,True,0.7935000000000001,0.8,0.00649999999999995
S5_bounded_gain_window,0.5,0.625,True,True,True,0.7937500000000001,0.8,0.006249999999999978
S5_bounded_gain_window,0.5,0.626,True,True,True,0.794,0.8,0.006000000000000005
S5_bounded_gain_window,0.5,0.627,True,True,True,0.7942500000000001,0.8,0.005749999999999922
S5_bounded_gain_window,0.5,0.628,True,True,True,0.7945000000000001,0.8,0.005499999999999949
S5_bounded_gain_window,0.5,0.629,True,True,True,0.7947500000000001,0.8,0.005249999999999977
S5_bounded_gain_window,0.5,0.63,True,True,True,0.795,0.8,0.0050000000000000044
S5_bounded_gain_window,0.5,0.631,True,True,True,0.79525,0.8,0.004750000000000032
S5_bounded_gain_window,0.5,0.632,True,True,True,0.7955000000000001,0.8,0.0044999999999999485
S5_bounded_gain_window,0.5,0.633,True,True,True,0.7957500000000001,0.8,0.004249999999999976
S5_bounded_gain_window,0.5,0.634,True,True,True,0.796,0.8,0.0040000000000000036
S5_bounded_gain_window,0.5,0.635,True,True,True,0.7962500000000001,0.8,0.00374999999999992
S5_bounded_gain_window,0.5,0.636,True,True,True,0.7965000000000001,0.8,0.0034999999999999476
S5_bounded_gain_window,0.5,0.637,True,True,True,0.7967500000000001,0.8,0.003249999999999975
S5_bounded_gain_window,0.5,0.638,True,True,True,0.797,0.8,0.0030000000000000027
S5_bounded_gain_window,0.5,0.639,True,True,True,0.79725,0.8,0.00275000000000003
S5_bounded_gain_window,0.5,0.64,True,True,True,0.7975000000000001,0.8,0.0024999999999999467
S5_bounded_gain_window,0.5,0.641,True,True,True,0.7977500000000001,0.8,0.0022499999999999742
S5_bounded_gain_window,0.5,0.642,True,True,True,0.798,0.8,0.0020000000000000018
S5_bounded_gain_window,0.5,0.643,True,True,True,0.7982500000000001,0.8,0.0017499999999999183
S5_bounded_gain_window,0.5,0.644,True,True,True,0.7985000000000001,0.8,0.0014999999999999458
S5_bounded_gain_window,0.5,0.645,True,True,True,0.7987500000000001,0.8,0.0012499999999999734
S5_bounded_gain_window,0.5,0.646,True,True,True,0.799,0.8,0.0010000000000000009
S5_bounded_gain_window,0.5,0.647,True,True,True,0.79925,0.8,0.0007500000000000284
S5_bounded_gain_window,0.5,0.648,True,True,True,0.7995000000000001,0.8,0.0004999999999999449
S5_bounded_gain_window,0.5,0.649,True,True,True,0.7997500000000001,0.8,0.00024999999999997247
S5_bounded_gain_window,0.5,0.65,True,True,True,0.8,0.8,0.0
S5_bounded_gain_window,0.5,0.651,True,True,True,0.8,0.8,0.0
S5_bounded_gain_window,0.5,0.652,True,True,True,0.8,0.8,0.0
S5_bounded_gain_window,0.5,0.653,True,True,True,0.8,0.8,0.0
S5_bounded_gain_window,0.5,0.654,True,True,True,0.8,0.8,0.0
S5_bounded_gain_window,0.5,0.655,True,True,True,0.8,0.8,0.0
S5_bounded_gain_window,0.5,0.656,True,True,True,0.8,0.8,0.0
S5_bounded_gain_window,0.5,0.657,True,True,True,0.8,0.8,0.0
S5_bounded_gain_window,0.5,0.658,True,True,True,0.8,0.8,0.0
S5_bounded_gain_window,0.5,0.659,True,True,True,0.8,0.8,0.0
S5_bounded_gain_window,0.5,0.66,True,True,True,0.8,0.8,0.0
S5_bounded_gain_window,0.5,0.661,True,True,True,0.8,0.8,0.0
S5_bounded_gain_window,0.5,0.662,True,True,True,0.8,0.8,0.0
S5_bounded_gain_window,0.5,0.663,True,True,True,0.8,0.8,0.0
S5_bounded_gain_window,0.5,0.664,True,True,True,0.8,0.8,0.0
S5_bounded_gain_window,0.5,0.665,True,True,True,0.8,0.8,0.0
S5_bounded_gain_window,0.5,0.666,True,True,True,0.8,0.8,0.0
S5_bounded_gain_window,0.5,0.667,True,True,True,0.8,0.8,0.0
S5_bounded_gain_window,0.5,0.668,True,True,True,0.8,0.8,0.0
S5_bounded_gain_window,0.5,0.669,True,True,True,0.8,0.8,0.0
S5_bounded_gain_window,0.5,0.67,True,True,True,0.8,0.8,0.0
S5_bounded_gain_window,0.5,0.671,True,True,True,0.8,0.8,0.0
S5_bounded_gain_window,0.5,0.672,True,True,True,0.8,0.8,0.0
S5_bounded_gain_window,0.5,0.673,True,True,True,0.8,0.8,0.0
S5_bounded_gain_window,0.5,0.674,True,True,True,0.8,0.8,0.0
S5_bounded_gain_window,0.5,0.675,True,True,True,0.8,0.8,0.0
S5_bounded_gain_window,0.5,0.676,True,True,True,0.8,0.8,0.0
S5_bounded_gain_window,0.5,0.677,True,True,True,0.8,0.8,0.0
S5_bounded_gain_window,0.5,0.678,True,True,True,0.8,0.8,0.0
S5_bounded_gain_window,0.5,0.679,True,True,True,0.8,0.8,0.0
S5_bounded_gain_window,0.5,0.68,True,True,True,0.8,0.8,0.0
S5_bounded_gain_window,0.5,0.681,True,True,True,0.8,0.8,0.0
S5_bounded_gain_window,0.5,0.682,True,True,True,0.8,0.8,0.0
S5_bounded_gain_window,0.5,0.683,True,True,True,0.8,0.8,0.0
S5_bounded_gain_window,0.5,0.684,True,True,True,0.8,0.8,0.0
S5_bounded_gain_window,0.5,0.685,True,True,True,0.8,0.8,0.0
S5_bounded_gain_window,0.5,0.686,True,True,True,0.8,0.8,0.0
S5_bounded_gain_window,0.5,0.687,True,True,True,0.8,0.8,0.0
S5_bounded_gain_window,0.5,0.688,True,True,True,0.8,0.8,0.0
S5_bounded_gain_window,0.5,0.689,True,True,True,0.8,0.8,0.0
S5_bounded_gain_window,0.5,0.69,True,True,True,0.8,0.8,0.0
S5_bounded_gain_window,0.5,0.691,True,True,True,0.8,0.8,0.0
S5_bounded_gain_window,0.5,0.692,True,True,True,0.8,0.8,0.0
S5_bounded_gain_window,0.5,0.693,True,True,True,0.8,0.8,0.0
S5_bounded_gain_window,0.5,0.694,True,True,True,0.8,0.8,0.0
S5_bounded_gain_window,0.5,0.695,True,True,True,0.8,0.8,0.0
S5_bounded_gain_window,0.5,0.696,True,True,True,0.8,0.8,0.0
S5_bounded_gain_window,0.5,0.697,True,True,True,0.8,0.8,0.0
S5_bounded_gain_window,0.5,0.698,True,True,True,0.8,0.8,0.0
S5_bounded_gain_window,0.5,0.699,True,True,True,0.8,0.8,0.0
S5_bounded_gain_window,0.5,0.7,True,True,True,0.8,0.8,0.0
S5_bounded_gain_window,0.5,0.701,True,True,True,0.8,0.8,0.0
S5_bounded_gain_window,0.5,0.702,True,True,True,0.8,0.8,0.0
S5_bounded_gain_window,0.5,0.703,True,True,True,0.8,0.8,0.0
S5_bounded_gain_window,0.5,0.704,True,True,True,0.8,0.8,0.0
S5_bounded_gain_window,0.5,0.705,True,True,True,0.8,0.8,0.0
S5_bounded_gain_window,0.5,0.706,True,True,True,0.8,0.8,0.0
S5_bounded_gain_window,0.5,0.707,True,True,True,0.8,0.8,0.0
S5_bounded_gain_window,0.5,0.708,True,True,True,0.8,0.8,0.0
S5_bounded_gain_window,0.5,0.709,True,True,True,0.8,0.8,0.0
S5_bounded_gain_window,0.5,0.71,True,True,True,0.8,0.8,0.0
S5_bounded_gain_window,0.5,0.711,True,True,True,0.8,0.8,0.0
S5_bounded_gain_window,0.5,0.712,True,True,True,0.8,0.8,0.0
S5_bounded_gain_window,0.5,0.713,True,True,True,0.8,0.8,0.0
S5_bounded_gain_window,0.5,0.714,True,True,True,0.8,0.8,0.0
S5_bounded_gain_window,0.5,0.715,True,True,True,0.8,0.8,0.0
S5_bounded_gain_window,0.5,0.716,True,True,True,0.8,0.8,0.0
S5_bounded_gain_window,0.5,0.717,True,True,True,0.8,0.8,0.0
S5_bounded_gain_window,0.5,0.718,True,True,True,0.8,0.8,0.0
S5_bounded_gain_window,0.5,0.719,True,True,True,0.8,0.8,0.0
S5_bounded_gain_window,0.5,0.72,True,True,True,0.8,0.8,0.0
S5_bounded_gain_window,0.5,0.721,True,True,True,0.8,0.8,0.0
S5_bounded_gain_window,0.5,0.722,True,True,True,0.8,0.8,0.0
S5_bounded_gain_window,0.5,0.723,True,True,True,0.8,0.8,0.0
S5_bounded_gain_window,0.5,0.724,True,True,True,0.8,0.8,0.0
S5_bounded_gain_window,0.5,0.725,True,True,True,0.8,0.8,0.0
S5_bounded_gain_window,0.5,0.726,True,True,True,0.8,0.8,0.0
S5_bounded_gain_window,0.5,0.727,True,True,True,0.8,0.8,0.0
S5_bounded_gain_window,0.5,0.728,True,True,True,0.8,0.8,0.0
S5_bounded_gain_window,0.5,0.729,True,True,True,0.8,0.8,0.0
S5_bounded_gain_window,0.5,0.73,True,True,True,0.8,0.8,0.0
S5_bounded_gain_window,0.5,0.731,True,True,True,0.8,0.8,0.0
S5_bounded_gain_window,0.5,0.732,True,True,True,0.8,0.8,0.0
S5_bounded_gain_window,0.5,0.733,True,True,True,0.8,0.8,0.0
S5_bounded_gain_window,0.5,0.734,True,True,True,0.8,0.8,0.0
S5_bounded_gain_window,0.5,0.735,True,True,True,0.8,0.8,0.0
S5_bounded_gain_window,0.5,0.736,True,True,True,0.8,0.8,0.0
S5_bounded_gain_window,0.5,0.737,True,True,True,0.8,0.8,0.0
S5_bounded_gain_window,0.5,0.738,True,True,True,0.8,0.8,0.0
S5_bounded_gain_window,0.5,0.739,True,True,True,0.8,0.8,0.0
S5_bounded_gain_window,0.5,0.74,True,True,True,0.8,0.8,0.0
S5_bounded_gain_window,0.5,0.741,True,True,True,0.8,0.8,0.0
S5_bounded_gain_window,0.5,0.742,True,True,True,0.8,0.8,0.0
S5_bounded_gain_window,0.5,0.743,True,True,True,0.8,0.8,0.0
S5_bounded_gain_window,0.5,0.744,True,True,True,0.8,0.8,0.0
S5_bounded_gain_window,0.5,0.745,True,True,True,0.8,0.8,0.0
S5_bounded_gain_window,0.5,0.746,True,True,True,0.8,0.8,0.0
S5_bounded_gain_window,0.5,0.747,True,True,True,0.8,0.8,0.0
S5_bounded_gain_window,0.5,0.748,True,True,True,0.8,0.8,0.0
S5_bounded_gain_window,0.5,0.749,True,True,True,0.8,0.8,0.0
S5_bounded_gain_window,0.5,0.75,True,True,True,0.8,0.8,0.0
S5_bounded_gain_window,0.5,0.751,True,True,True,0.8,0.8,0.0
S5_bounded_gain_window,0.5,0.752,True,True,True,0.8,0.8,0.0
S5_bounded_gain_window,0.5,0.753,True,True,True,0.8,0.8,0.0
S5_bounded_gain_window,0.5,0.754,True,True,True,0.8,0.8,0.0
S5_bounded_gain_window,0.5,0.755,True,True,True,0.8,0.8,0.0
S5_bounded_gain_window,0.5,0.756,True,True,True,0.8,0.8,0.0
S5_bounded_gain_window,0.5,0.757,True,True,True,0.8,0.8,0.0
S5_bounded_gain_window,0.5,0.758,True,True,True,0.8,0.8,0.0
S5_bounded_gain_window,0.5,0.759,True,True,True,0.8,0.8,0.0
S5_bounded_gain_window,0.5,0.76,True,True,True,0.8,0.8,0.0
S5_bounded_gain_window,0.5,0.761,True,True,True,0.8,0.8,0.0
S5_bounded_gain_window,0.5,0.762,True,True,True,0.8,0.8,0.0
S5_bounded_gain_window,0.5,0.763,True,True,True,0.8,0.8,0.0
S5_bounded_gain_window,0.5,0.764,True,True,True,0.8,0.8,0.0
S5_bounded_gain_window,0.5,0.765,True,True,True,0.8,0.8,0.0
S5_bounded_gain_window,0.5,0.766,True,True,True,0.8,0.8,0.0
S5_bounded_gain_window,0.5,0.767,True,True,True,0.8,0.8,0.0
S5_bounded_gain_window,0.5,0.768,True,True,True,0.8,0.8,0.0
S5_bounded_gain_window,0.5,0.769,True,True,True,0.8,0.8,0.0
S5_bounded_gain_window,0.5,0.77,True,True,True,0.8,0.8,0.0
S5_bounded_gain_window,0.5,0.771,True,True,True,0.8,0.8,0.0
S5_bounded_gain_window,0.5,0.772,True,True,True,0.8,0.8,0.0
S5_bounded_gain_window,0.5,0.773,True,True,True,0.8,0.8,0.0
S5_bounded_gain_window,0.5,0.774,True,True,True,0.8,0.8,0.0
S5_bounded_gain_window,0.5,0.775,True,True,True,0.8,0.8,0.0
S5_bounded_gain_window,0.5,0.776,True,True,True,0.8,0.8,0.0
S5_bounded_gain_window,0.5,0.777,True,True,True,0.8,0.8,0.0
S5_bounded_gain_window,0.5,0.778,True,True,True,0.8,0.8,0.0
S5_bounded_gain_window,0.5,0.779,True,True,True,0.8,0.8,0.0
S5_bounded_gain_window,0.5,0.78,True,True,True,0.8,0.8,0.0
S5_bounded_gain_window,0.5,0.781,True,True,True,0.8,0.8,0.0
S5_bounded_gain_window,0.5,0.782,True,True,True,0.8,0.8,0.0
S5_bounded_gain_window,0.5,0.783,True,True,True,0.8,0.8,0.0
S5_bounded_gain_window,0.5,0.784,True,True,True,0.8,0.8,0.0
S5_bounded_gain_window,0.5,0.785,True,True,True,0.8,0.8,0.0
S5_bounded_gain_window,0.5,0.786,True,True,True,0.8,0.8,0.0
S5_bounded_gain_window,0.5,0.787,True,True,True,0.8,0.8,0.0
S5_bounded_gain_window,0.5,0.788,True,True,True,0.8,0.8,0.0
S5_bounded_gain_window,0.5,0.789,True,True,True,0.8,0.8,0.0
S5_bounded_gain_window,0.5,0.79,True,True,True,0.8,0.8,0.0
S5_bounded_gain_window,0.5,0.791,True,True,True,0.8,0.8,0.0
S5_bounded_gain_window,0.5,0.792,True,True,True,0.8,0.8,0.0
S5_bounded_gain_window,0.5,0.793,True,True,True,0.8,0.8,0.0
S5_bounded_gain_window,0.5,0.794,True,True,True,0.8,0.8,0.0
S5_bounded_gain_window,0.5,0.795,True,True,True,0.8,0.8,0.0
S5_bounded_gain_window,0.5,0.796,True,True,True,0.8,0.8,0.0
S5_bounded_gain_window,0.5,0.797,True,True,True,0.8,0.8,0.0
S5_bounded_gain_window,0.5,0.798,True,True,True,0.8,0.8,0.0
S5_bounded_gain_window,0.5,0.799,True,True,True,0.8,0.8,0.0
S5_bounded_gain_window,0.5,0.8,True,True,True,0.8,0.8,0.0
S5_bounded_gain_window,0.5,0.801,True,True,True,0.8,0.8,0.0
S5_bounded_gain_window,0.5,0.802,True,True,True,0.8,0.8,0.0
S5_bounded_gain_window,0.5,0.803,True,True,True,0.8,0.8,0.0
S5_bounded_gain_window,0.5,0.804,True,True,True,0.8,0.8,0.0
S5_bounded_gain_window,0.5,0.805,True,True,True,0.8,0.8,0.0
S5_bounded_gain_window,0.5,0.806,True,True,True,0.8,0.8,0.0
S5_bounded_gain_window,0.5,0.807,True,True,True,0.8,0.8,0.0
S5_bounded_gain_window,0.5,0.808,True,True,True,0.8,0.8,0.0
S5_bounded_gain_window,0.5,0.809,True,True,True,0.8,0.8,0.0
S5_bounded_gain_window,0.5,0.81,True,True,True,0.8,0.8,0.0
S5_bounded_gain_window,0.5,0.811,True,True,True,0.8,0.8,0.0
S5_bounded_gain_window,0.5,0.812,True,True,True,0.8,0.8,0.0
S5_bounded_gain_window,0.5,0.813,True,True,True,0.8,0.8,0.0
S5_bounded_gain_window,0.5,0.814,True,True,True,0.8,0.8,0.0
S5_bounded_gain_window,0.5,0.815,True,True,True,0.8,0.8,0.0
S5_bounded_gain_window,0.5,0.816,True,True,True,0.8,0.8,0.0
S5_bounded_gain_window,0.5,0.817,True,True,True,0.8,0.8,0.0
S5_bounded_gain_window,0.5,0.818,True,True,True,0.8,0.8,0.0
S5_bounded_gain_window,0.5,0.819,True,True,True,0.8,0.8,0.0
S5_bounded_gain_window,0.5,0.82,True,True,True,0.8,0.8,0.0
S5_bounded_gain_window,0.5,0.821,True,True,True,0.8,0.8,0.0
S5_bounded_gain_window,0.5,0.822,True,True,True,0.8,0.8,0.0
S5_bounded_gain_window,0.5,0.823,True,True,True,0.8,0.8,0.0
S5_bounded_gain_window,0.5,0.824,True,True,True,0.8,0.8,0.0
S5_bounded_gain_window,0.5,0.825,True,True,True,0.8,0.8,0.0
S5_bounded_gain_window,0.5,0.826,True,True,True,0.8,0.8,0.0
S5_bounded_gain_window,0.5,0.827,True,True,True,0.8,0.8,0.0
S5_bounded_gain_window,0.5,0.828,True,True,True,0.8,0.8,0.0
S5_bounded_gain_window,0.5,0.829,True,True,True,0.8,0.8,0.0
S5_bounded_gain_window,0.5,0.83,True,True,True,0.8,0.8,0.0
S5_bounded_gain_window,0.5,0.831,True,True,True,0.8,0.8,0.0
S5_bounded_gain_window,0.5,0.832,True,True,True,0.8,0.8,0.0
S5_bounded_gain_window,0.5,0.833,True,True,True,0.8,0.8,0.0
S5_bounded_gain_window,0.5,0.834,True,True,True,0.8,0.8,0.0
S5_bounded_gain_window,0.5,0.835,True,True,True,0.8,0.8,0.0
S5_bounded_gain_window,0.5,0.836,True,True,True,0.8,0.8,0.0
S5_bounded_gain_window,0.5,0.837,True,True,True,0.8,0.8,0.0
S5_bounded_gain_window,0.5,0.838,True,True,True,0.8,0.8,0.0
S5_bounded_gain_window,0.5,0.839,True,True,True,0.8,0.8,0.0
S5_bounded_gain_window,0.5,0.84,True,True,True,0.8,0.8,0.0
S5_bounded_gain_window,0.5,0.841,True,True,True,0.8,0.8,0.0
S5_bounded_gain_window,0.5,0.842,True,True,True,0.8,0.8,0.0
S5_bounded_gain_window,0.5,0.843,True,True,True,0.8,0.8,0.0
S5_bounded_gain_window,0.5,0.844,True,True,True,0.8,0.8,0.0
S5_bounded_gain_window,0.5,0.845,True,True,True,0.8,0.8,0.0
S5_bounded_gain_window,0.5,0.846,True,True,True,0.8,0.8,0.0
S5_bounded_gain_window,0.5,0.847,True,True,True,0.8,0.8,0.0
S5_bounded_gain_window,0.5,0.848,True,True,True,0.8,0.8,0.0
S5_bounded_gain_window,0.5,0.849,True,True,True,0.8,0.8,0.0
S5_bounded_gain_window,0.5,0.85,True,True,True,0.8,0.8,0.0
S5_bounded_gain_window,0.5,0.851,True,True,True,0.8,0.8,0.0
S5_bounded_gain_window,0.5,0.852,True,True,True,0.8,0.8,0.0
S5_bounded_gain_window,0.5,0.853,True,True,True,0.8,0.8,0.0
S5_bounded_gain_window,0.5,0.854,True,True,True,0.8,0.8,0.0
S5_bounded_gain_window,0.5,0.855,True,True,True,0.8,0.8,0.0
S5_bounded_gain_window,0.5,0.856,True,True,True,0.8,0.8,0.0
S5_bounded_gain_window,0.5,0.857,True,True,True,0.8,0.8,0.0
S5_bounded_gain_window,0.5,0.858,True,True,True,0.8,0.8,0.0
S5_bounded_gain_window,0.5,0.859,True,True,True,0.8,0.8,0.0
S5_bounded_gain_window,0.5,0.86,True,True,True,0.8,0.8,0.0
S5_bounded_gain_window,0.5,0.861,True,True,True,0.8,0.8,0.0
S5_bounded_gain_window,0.5,0.862,True,True,True,0.8,0.8,0.0
S5_bounded_gain_window,0.5,0.863,True,True,True,0.8,0.8,0.0
S5_bounded_gain_window,0.5,0.864,True,True,True,0.8,0.8,0.0
S5_bounded_gain_window,0.5,0.865,True,True,True,0.8,0.8,0.0
S5_bounded_gain_window,0.5,0.866,True,True,True,0.8,0.8,0.0
S5_bounded_gain_window,0.5,0.867,True,True,True,0.8,0.8,0.0
S5_bounded_gain_window,0.5,0.868,True,True,True,0.8,0.8,0.0
S5_bounded_gain_window,0.5,0.869,True,True,True,0.8,0.8,0.0
S5_bounded_gain_window,0.5,0.87,True,True,True,0.8,0.8,0.0
S5_bounded_gain_window,0.5,0.871,True,True,True,0.8,0.8,0.0
S5_bounded_gain_window,0.5,0.872,True,True,True,0.8,0.8,0.0
S5_bounded_gain_window,0.5,0.873,True,True,True,0.8,0.8,0.0
S5_bounded_gain_window,0.5,0.874,True,True,True,0.8,0.8,0.0
S5_bounded_gain_window,0.5,0.875,True,True,True,0.8,0.8,0.0
S5_bounded_gain_window,0.5,0.876,True,True,True,0.8,0.8,0.0
S5_bounded_gain_window,0.5,0.877,True,True,True,0.8,0.8,0.0
S5_bounded_gain_window,0.5,0.878,True,True,True,0.8,0.8,0.0
S5_bounded_gain_window,0.5,0.879,True,True,True,0.8,0.8,0.0
S5_bounded_gain_window,0.5,0.88,True,True,True,0.8,0.8,0.0
S5_bounded_gain_window,0.5,0.881,True,True,True,0.8,0.8,0.0
S5_bounded_gain_window,0.5,0.882,True,True,True,0.8,0.8,0.0
S5_bounded_gain_window,0.5,0.883,True,True,True,0.8,0.8,0.0
S5_bounded_gain_window,0.5,0.884,True,True,True,0.8,0.8,0.0
S5_bounded_gain_window,0.5,0.885,True,True,True,0.8,0.8,0.0
S5_bounded_gain_window,0.5,0.886,True,True,True,0.8,0.8,0.0
S5_bounded_gain_window,0.5,0.887,True,True,True,0.8,0.8,0.0
S5_bounded_gain_window,0.5,0.888,True,True,True,0.8,0.8,0.0
S5_bounded_gain_window,0.5,0.889,True,True,True,0.8,0.8,0.0
S5_bounded_gain_window,0.5,0.89,True,True,True,0.8,0.8,0.0
S5_bounded_gain_window,0.5,0.891,True,True,True,0.8,0.8,0.0
S5_bounded_gain_window,0.5,0.892,True,True,True,0.8,0.8,0.0
S5_bounded_gain_window,0.5,0.893,True,True,True,0.8,0.8,0.0
S5_bounded_gain_window,0.5,0.894,True,True,True,0.8,0.8,0.0
S5_bounded_gain_window,0.5,0.895,True,True,True,0.8,0.8,0.0
S5_bounded_gain_window,0.5,0.896,True,True,True,0.8,0.8,0.0
S5_bounded_gain_window,0.5,0.897,True,True,True,0.8,0.8,0.0
S5_bounded_gain_window,0.5,0.898,True,True,True,0.8,0.8,0.0
S5_bounded_gain_window,0.5,0.899,True,True,True,0.8,0.8,0.0
S5_bounded_gain_window,0.5,0.9,True,True,True,0.8,0.8,0.0
S5_bounded_gain_window,0.5,0.901,True,True,True,0.8,0.8,0.0
S5_bounded_gain_window,0.5,0.902,True,True,True,0.8,0.8,0.0
S5_bounded_gain_window,0.5,0.903,True,True,True,0.8,0.8,0.0
S5_bounded_gain_window,0.5,0.904,True,True,True,0.8,0.8,0.0
S5_bounded_gain_window,0.5,0.905,True,True,True,0.8,0.8,0.0
S5_bounded_gain_window,0.5,0.906,True,True,True,0.8,0.8,0.0
S5_bounded_gain_window,0.5,0.907,True,True,True,0.8,0.8,0.0
S5_bounded_gain_window,0.5,0.908,True,True,True,0.8,0.8,0.0
S5_bounded_gain_window,0.5,0.909,True,True,True,0.8,0.8,0.0
S5_bounded_gain_window,0.5,0.91,True,True,True,0.8,0.8,0.0
S5_bounded_gain_window,0.5,0.911,True,True,True,0.8,0.8,0.0
S5_bounded_gain_window,0.5,0.912,True,True,True,0.8,0.8,0.0
S5_bounded_gain_window,0.5,0.913,True,True,True,0.8,0.8,0.0
S5_bounded_gain_window,0.5,0.914,True,True,True,0.8,0.8,0.0
S5_bounded_gain_window,0.5,0.915,True,True,True,0.8,0.8,0.0
S5_bounded_gain_window,0.5,0.916,True,True,True,0.8,0.8,0.0
S5_bounded_gain_window,0.5,0.917,True,True,True,0.8,0.8,0.0
S5_bounded_gain_window,0.5,0.918,True,True,True,0.8,0.8,0.0
S5_bounded_gain_window,0.5,0.919,True,True,True,0.8,0.8,0.0
S5_bounded_gain_window,0.5,0.92,True,True,True,0.8,0.8,0.0
S5_bounded_gain_window,0.5,0.921,True,True,True,0.8,0.8,0.0
S5_bounded_gain_window,0.5,0.922,True,True,True,0.8,0.8,0.0
S5_bounded_gain_window,0.5,0.923,True,True,True,0.8,0.8,0.0
S5_bounded_gain_window,0.5,0.924,True,True,True,0.8,0.8,0.0
S5_bounded_gain_window,0.5,0.925,True,True,True,0.8,0.8,0.0
S5_bounded_gain_window,0.5,0.926,True,True,True,0.8,0.8,0.0
S5_bounded_gain_window,0.5,0.927,True,True,True,0.8,0.8,0.0
S5_bounded_gain_window,0.5,0.928,True,True,True,0.8,0.8,0.0
S5_bounded_gain_window,0.5,0.929,True,True,True,0.8,0.8,0.0
S5_bounded_gain_window,0.5,0.93,True,True,True,0.8,0.8,0.0
S5_bounded_gain_window,0.5,0.931,True,True,True,0.8,0.8,0.0
S5_bounded_gain_window,0.5,0.932,True,True,True,0.8,0.8,0.0
S5_bounded_gain_window,0.5,0.933,True,True,True,0.8,0.8,0.0
S5_bounded_gain_window,0.5,0.934,True,True,True,0.8,0.8,0.0
S5_bounded_gain_window,0.5,0.935,True,True,True,0.8,0.8,0.0
S5_bounded_gain_window,0.5,0.936,True,True,True,0.8,0.8,0.0
S5_bounded_gain_window,0.5,0.937,True,True,True,0.8,0.8,0.0
S5_bounded_gain_window,0.5,0.938,True,True,True,0.8,0.8,0.0
S5_bounded_gain_window,0.5,0.939,True,True,True,0.8,0.8,0.0
S5_bounded_gain_window,0.5,0.94,True,True,True,0.8,0.8,0.0
S5_bounded_gain_window,0.5,0.941,True,True,True,0.8,0.8,0.0
S5_bounded_gain_window,0.5,0.942,True,True,True,0.8,0.8,0.0
S5_bounded_gain_window,0.5,0.943,True,True,True,0.8,0.8,0.0
S5_bounded_gain_window,0.5,0.944,True,True,True,0.8,0.8,0.0
S5_bounded_gain_window,0.5,0.945,True,True,True,0.8,0.8,0.0
S5_bounded_gain_window,0.5,0.946,True,True,True,0.8,0.8,0.0
S5_bounded_gain_window,0.5,0.947,True,True,True,0.8,0.8,0.0
S5_bounded_gain_window,0.5,0.948,True,True,True,0.8,0.8,0.0
S5_bounded_gain_window,0.5,0.949,True,True,True,0.8,0.8,0.0
S5_bounded_gain_window,0.5,0.95,True,True,True,0.8,0.8,0.0
S5_bounded_gain_window,0.5,0.951,True,True,True,0.8,0.8,0.0
S5_bounded_gain_window,0.5,0.952,True,True,True,0.8,0.8,0.0
S5_bounded_gain_window,0.5,0.953,True,True,True,0.8,0.8,0.0
S5_bounded_gain_window,0.5,0.954,True,True,True,0.8,0.8,0.0
S5_bounded_gain_window,0.5,0.955,True,True,True,0.8,0.8,0.0
S5_bounded_gain_window,0.5,0.956,True,True,True,0.8,0.8,0.0
S5_bounded_gain_window,0.5,0.957,True,True,True,0.8,0.8,0.0
S5_bounded_gain_window,0.5,0.958,True,True,True,0.8,0.8,0.0
S5_bounded_gain_window,0.5,0.959,True,True,True,0.8,0.8,0.0
S5_bounded_gain_window,0.5,0.96,True,True,True,0.8,0.8,0.0
S5_bounded_gain_window,0.5,0.961,True,True,True,0.8,0.8,0.0
S5_bounded_gain_window,0.5,0.962,True,True,True,0.8,0.8,0.0
S5_bounded_gain_window,0.5,0.963,True,True,True,0.8,0.8,0.0
S5_bounded_gain_window,0.5,0.964,True,True,True,0.8,0.8,0.0
S5_bounded_gain_window,0.5,0.965,True,True,True,0.8,0.8,0.0
S5_bounded_gain_window,0.5,0.966,True,True,True,0.8,0.8,0.0
S5_bounded_gain_window,0.5,0.967,True,True,True,0.8,0.8,0.0
S5_bounded_gain_window,0.5,0.968,True,True,True,0.8,0.8,0.0
S5_bounded_gain_window,0.5,0.969,True,True,True,0.8,0.8,0.0
S5_bounded_gain_window,0.5,0.97,True,True,True,0.8,0.8,0.0
S5_bounded_gain_window,0.5,0.971,True,True,True,0.8,0.8,0.0
S5_bounded_gain_window,0.5,0.972,True,True,True,0.8,0.8,0.0
S5_bounded_gain_window,0.5,0.973,True,True,True,0.8,0.8,0.0
S5_bounded_gain_window,0.5,0.974,True,True,True,0.8,0.8,0.0
S5_bounded_gain_window,0.5,0.975,True,True,True,0.8,0.8,0.0
S5_bounded_gain_window,0.5,0.976,True,True,True,0.8,0.8,0.0
S5_bounded_gain_window,0.5,0.977,True,True,True,0.8,0.8,0.0
S5_bounded_gain_window,0.5,0.978,True,True,True,0.8,0.8,0.0
S5_bounded_gain_window,0.5,0.979,True,True,True,0.8,0.8,0.0
S5_bounded_gain_window,0.5,0.98,True,True,True,0.8,0.8,0.0
S5_bounded_gain_window,0.5,0.981,True,True,True,0.8,0.8,0.0
S5_bounded_gain_window,0.5,0.982,True,True,True,0.8,0.8,0.0
S5_bounded_gain_window,0.5,0.983,True,True,True,0.8,0.8,0.0
S5_bounded_gain_window,0.5,0.984,True,True,True,0.8,0.8,0.0
S5_bounded_gain_window,0.5,0.985,True,True,True,0.8,0.8,0.0
S5_bounded_gain_window,0.5,0.986,True,True,True,0.8,0.8,0.0
S5_bounded_gain_window,0.5,0.987,True,True,True,0.8,0.8,0.0
S5_bounded_gain_window,0.5,0.988,True,True,True,0.8,0.8,0.0
S5_bounded_gain_window,0.5,0.989,True,True,True,0.8,0.8,0.0
S5_bounded_gain_window,0.5,0.99,True,True,True,0.8,0.8,0.0
S5_bounded_gain_window,0.5,0.991,True,True,True,0.8,0.8,0.0
S5_bounded_gain_window,0.5,0.992,True,True,True,0.8,0.8,0.0
S5_bounded_gain_window,0.5,0.993,True,True,True,0.8,0.8,0.0
S5_bounded_gain_window,0.5,0.994,True,True,True,0.8,0.8,0.0
S5_bounded_gain_window,0.5,0.995,True,True,True,0.8,0.8,0.0
S5_bounded_gain_window,0.5,0.996,True,True,True,0.8,0.8,0.0
S5_bounded_gain_window,0.5,0.997,True,True,True,0.8,0.8,0.0
S5_bounded_gain_window,0.5,0.998,True,True,True,0.8,0.8,0.0
S5_bounded_gain_window,0.5,0.999,True,True,True,0.8,0.8,0.0
S5_bounded_gain_window,0.5,1.0,True,True,True,0.8,0.8,0.0
