seed,target_domain,N,c,action,V0,V_action,DeltaV,evaluation_split,test_metrics_used
0,photo,25,0.0,0,0.8415327641275345,0.8415327641275345,0.0,validation,False
0,photo,25,0.0,STD,0.8415327641275345,0.8273321212075867,-0.014200642919947826,validation,False
0,photo,25,0.0,O50,0.8415327641275345,0.8259178712970962,-0.015614892830438376,validation,False
0,photo,25,0.0,REP,0.8415327641275345,0.8376186317269554,-0.00391413240057914,validation,False
0,photo,25,0.02,0,0.8315327641275345,0.8315327641275345,0.0,validation,False
0,photo,25,0.02,STD,0.8315327641275345,0.8123321212075867,-0.01920064291994783,validation,False
0,photo,25,0.02,O50,0.8315327641275345,0.8109178712970961,-0.02061489283043838,validation,False
0,photo,25,0.02,REP,0.8315327641275345,0.8226186317269554,-0.008914132400579144,validation,False
0,photo,25,0.05,0,0.8201570968646186,0.8201570968646186,0.0,validation,False
0,photo,25,0.05,STD,0.8201570968646186,0.7937469018028057,-0.026410195061812858,validation,False
0,photo,25,0.05,O50,0.8201570968646186,0.7923326518923152,-0.027824444972303408,validation,False
0,photo,25,0.05,REP,0.8201570968646186,0.8021144156018715,-0.018042681262747107,validation,False
0,photo,25,0.1,0,0.818672464573932,0.818672464573932,0.0,validation,False
0,photo,25,0.1,STD,0.818672464573932,0.7724921183137993,-0.046180346260132676,validation,False
0,photo,25,0.1,O50,0.818672464573932,0.771145844448159,-0.04752662012577291,validation,False
0,photo,25,0.1,REP,0.818672464573932,0.7920495560723882,-0.026622908501543696,validation,False
0,photo,25,0.15,0,0.818672464573932,0.818672464573932,0.0,validation,False
0,photo,25,0.15,STD,0.818672464573932,0.7599921183137992,-0.05868034626013274,validation,False
0,photo,25,0.15,O50,0.818672464573932,0.7674125007903603,-0.05125996378357167,validation,False
0,photo,25,0.15,REP,0.818672464573932,0.7920495560723882,-0.026622908501543696,validation,False
0,photo,50,0.0,0,0.8415327641275345,0.8415327641275345,0.0,validation,False
0,photo,50,0.0,STD,0.8415327641275345,0.825797612405375,-0.015735151722159557,validation,False
0,photo,50,0.0,O50,0.8415327641275345,0.825797612405375,-0.015735151722159557,validation,False
0,photo,50,0.0,REP,0.8415327641275345,0.8377086088018387,-0.0038241553256957994,validation,False
0,photo,50,0.02,0,0.8315327641275345,0.8315327641275345,0.0,validation,False
0,photo,50,0.02,STD,0.8315327641275345,0.8091287057749039,-0.022404058352630596,validation,False
0,photo,50,0.02,O50,0.8315327641275345,0.8093748568669198,-0.02215790726061473,validation,False
0,photo,50,0.02,REP,0.8315327641275345,0.8227086088018387,-0.008824155325695804,validation,False
0,photo,50,0.05,0,0.8201570968646186,0.8201570968646186,0.0,validation,False
0,photo,50,0.05,STD,0.8201570968646186,0.7891767519368862,-0.030980344927732384,validation,False
0,photo,50,0.05,O50,0.8201570968646186,0.7919771814452493,-0.02817991541936926,validation,False
0,photo,50,0.05,REP,0.8201570968646186,0.8008956995122402,-0.019261397352378418,validation,False
0,photo,50,0.1,0,0.818672464573932,0.818672464573932,0.0,validation,False
0,photo,50,0.1,STD,0.818672464573932,0.7641767519368863,-0.05449571263704567,validation,False
0,photo,50,0.1,O50,0.818672464573932,0.7669771814452494,-0.051695283128682545,validation,False
0,photo,50,0.1,REP,0.818672464573932,0.7915883827069059,-0.027084081867026044,validation,False
0,photo,50,0.15,0,0.818672464573932,0.818672464573932,0.0,validation,False
0,photo,50,0.15,STD,0.818672464573932,0.7405919805873074,-0.0780804839866246,validation,False
0,photo,50,0.15,O50,0.818672464573932,0.7419771814452494,-0.07669528312868257,validation,False
0,photo,50,0.15,REP,0.818672464573932,0.7915883827069059,-0.027084081867026044,validation,False
0,photo,100,0.0,0,0.8415327641275345,0.8415327641275345,0.0,validation,False
0,photo,100,0.0,STD,0.8415327641275345,0.825797612405375,-0.015735151722159557,validation,False
0,photo,100,0.0,O50,0.8415327641275345,0.825797612405375,-0.015735151722159557,validation,False
0,photo,100,0.0,REP,0.8415327641275345,0.8326809810971827,-0.008851783030351834,validation,False
0,photo,100,0.02,0,0.8315327641275345,0.8315327641275345,0.0,validation,False
0,photo,100,0.02,STD,0.8315327641275345,0.805797612405375,-0.025735151722159566,validation,False
0,photo,100,0.02,O50,0.8315327641275345,0.805797612405375,-0.025735151722159566,validation,False
0,photo,100,0.02,REP,0.8315327641275345,0.8176809810971827,-0.013851783030351839,validation,False
0,photo,100,0.05,0,0.8201570968646186,0.8201570968646186,0.0,validation,False
0,photo,100,0.05,STD,0.8201570968646186,0.7797134825670996,-0.04044361429751897,validation,False
0,photo,100,0.05,O50,0.8201570968646186,0.7804884439618781,-0.039668652902740464,validation,False
0,photo,100,0.05,REP,0.8201570968646186,0.8009892142493654,-0.01916788261525315,validation,False
0,photo,100,0.1,0,0.818672464573932,0.818672464573932,0.0,validation,False
0,photo,100,0.1,STD,0.818672464573932,0.7547134825670997,-0.06395898200683225,validation,False
0,photo,100,0.1,O50,0.818672464573932,0.7553147921256648,-0.06335767244826718,validation,False
0,photo,100,0.1,REP,0.818672464573932,0.8008984861638873,-0.01777397841004469,validation,False
0,photo,100,0.15,0,0.818672464573932,0.818672464573932,0.0,validation,False
0,photo,100,0.15,STD,0.818672464573932,0.7297134825670997,-0.08895898200683228,validation,False
0,photo,100,0.15,O50,0.818672464573932,0.7303147921256647,-0.0883576724482672,validation,False
0,photo,100,0.15,REP,0.818672464573932,0.8008984861638873,-0.01777397841004469,validation,False
0,art_painting,25,0.0,0,0.8415327641275345,0.8415327641275345,0.0,validation,False
0,art_painting,25,0.0,STD,0.8415327641275345,0.8331947254794604,-0.008338038648074142,validation,False
0,art_painting,25,0.0,O50,0.8415327641275345,0.8362972534767813,-0.005235510650753228,validation,False
0,art_painting,25,0.0,REP,0.8415327641275345,0.8390462189964797,-0.0024865451310548403,validation,False
0,art_painting,25,0.02,0,0.8315327641275345,0.8315327641275345,0.0,validation,False
0,art_painting,25,0.02,STD,0.8315327641275345,0.8181947254794604,-0.013338038648074146,validation,False
0,art_painting,25,0.02,O50,0.8315327641275345,0.8212972534767813,-0.010235510650753232,validation,False
0,art_painting,25,0.02,REP,0.8315327641275345,0.8240462189964797,-0.007486545131054845,validation,False
0,art_painting,25,0.05,0,0.8201570968646186,0.8201570968646186,0.0,validation,False
0,art_painting,25,0.05,STD,0.8201570968646186,0.7956947254794603,-0.024462371385158277,validation,False
0,art_painting,25,0.05,O50,0.8201570968646186,0.7987972534767812,-0.021359843387837363,validation,False
0,art_painting,25,0.05,REP,0.8201570968646186,0.8034582193464922,-0.016698877518126376,validation,False
0,art_painting,25,0.1,0,0.818672464573932,0.818672464573932,0.0,validation,False
0,art_painting,25,0.1,STD,0.818672464573932,0.7750537518166803,-0.0436187127572516,validation,False
0,art_painting,25,0.1,O50,0.818672464573932,0.7768578579485674,-0.041814606625364514,validation,False
0,art_painting,25,0.1,REP,0.818672464573932,0.7907920951825647,-0.027880369391367288,validation,False
0,art_painting,25,0.15,0,0.818672464573932,0.818672464573932,0.0,validation,False
0,art_painting,25,0.15,STD,0.818672464573932,0.774105532851884,-0.04456693172204795,validation,False
0,art_painting,25,0.15,O50,0.818672464573932,0.7643578579485675,-0.05431460662536447,validation,False
0,art_painting,25,0.15,REP,0.818672464573932,0.7907920951825647,-0.027880369391367288,validation,False
0,art_painting,50,0.0,0,0.8415327641275345,0.8415327641275345,0.0,validation,False
0,art_painting,50,0.0,STD,0.8415327641275345,0.8407890488857016,-0.0007437152418329207,validation,False
0,art_painting,50,0.0,O50,0.8415327641275345,0.8428000287162303,0.001267264588695749,validation,False
0,art_painting,50,0.0,REP,0.8415327641275345,0.8359624390063479,-0.005570325121186603,validation,False
0,art_painting,50,0.02,0,0.8315327641275345,0.8315327641275345,0.0,validation,False
0,art_painting,50,0.02,STD,0.8315327641275345,0.8257890488857016,-0.005743715241832925,validation,False
0,art_painting,50,0.02,O50,0.8315327641275345,0.8278000287162303,-0.0037327354113042555,validation,False
0,art_painting,50,0.02,REP,0.8315327641275345,0.8209624390063479,-0.010570325121186608,validation,False
0,art_painting,50,0.05,0,0.8201570968646186,0.8201570968646186,0.0,validation,False
0,art_painting,50,0.05,STD,0.8201570968646186,0.8032890488857015,-0.016868047978917056,validation,False
0,art_painting,50,0.05,O50,0.8201570968646186,0.8053000287162302,-0.014857068148388386,validation,False
0,art_painting,50,0.05,REP,0.8201570968646186,0.7984624390063478,-0.02169465785827074,validation,False
0,art_painting,50,0.1,0,0.818672464573932,0.818672464573932,0.0,validation,False
0,art_painting,50,0.1,STD,0.818672464573932,0.7758262784605126,-0.04284618611341939,validation,False
0,art_painting,50,0.1,O50,0.818672464573932,0.7802424544692649,-0.03843001010466707,validation,False
0,art_painting,50,0.1,REP,0.818672464573932,0.7809368225529616,-0.03773564202097035,validation,False
0,art_painting,50,0.15,0,0.818672464573932,0.818672464573932,0.0,validation,False
0,art_painting,50,0.15,STD,0.818672464573932,0.762723660481273,-0.0559488040926589,validation,False
0,art_painting,50,0.15,O50,0.818672464573932,0.7677424544692648,-0.050930010104667134,validation,False
0,art_painting,50,0.15,REP,0.818672464573932,0.7684368225529616,-0.050235642020970306,validation,False
0,art_painting,100,0.0,0,0.8415327641275345,0.8415327641275345,0.0,validation,False
0,art_painting,100,0.0,STD,0.8415327641275345,0.8276574503442164,-0.013875313783318077,validation,False
0,art_painting,100,0.0,O50,0.8415327641275345,0.8311259430044384,-0.0104068211230961,validation,False
0,art_painting,100,0.0,REP,0.8415327641275345,0.829108060700954,-0.01242470342658053,validation,False
0,art_painting,100,0.02,0,0.8315327641275345,0.8315327641275345,0.0,validation,False
0,art_painting,100,0.02,STD,0.8315327641275345,0.8126574503442164,-0.018875313783318082,validation,False
0,art_painting,100,0.02,O50,0.8315327641275345,0.8161259430044384,-0.015406821123096104,validation,False
0,art_painting,100,0.02,REP,0.8315327641275345,0.814108060700954,-0.017424703426580535,validation,False
0,art_painting,100,0.05,0,0.8201570968646186,0.8201570968646186,0.0,validation,False
0,art_painting,100,0.05,STD,0.8201570968646186,0.7901574503442163,-0.029999646520402323,validation,False
0,art_painting,100,0.05,O50,0.8201570968646186,0.7936259430044382,-0.026531153860180345,validation,False
0,art_painting,100,0.05,REP,0.8201570968646186,0.7917003550332293,-0.028456741831389243,validation,False
0,art_painting,100,0.1,0,0.818672464573932,0.818672464573932,0.0,validation,False
0,art_painting,100,0.1,STD,0.818672464573932,0.764193363683721,-0.05447910089021091,validation,False
0,art_painting,100,0.1,O50,0.818672464573932,0.7650398954349965,-0.05363256913893544,validation,False
0,art_painting,100,0.1,REP,0.818672464573932,0.7764076130415756,-0.04226485153235637,validation,False
0,art_painting,100,0.15,0,0.818672464573932,0.818672464573932,0.0,validation,False
0,art_painting,100,0.15,STD,0.818672464573932,0.7407553288632596,-0.07791713571067238,validation,False
0,art_painting,100,0.15,O50,0.818672464573932,0.7400398954349965,-0.07863256913893546,validation,False
0,art_painting,100,0.15,REP,0.818672464573932,0.7764076130415756,-0.04226485153235637,validation,False
0,cartoon,25,0.0,0,0.8415327641275345,0.8415327641275345,0.0,validation,False
0,cartoon,25,0.0,STD,0.8415327641275345,0.830512602617223,-0.011020161510311488,validation,False
0,cartoon,25,0.0,O50,0.8415327641275345,0.8325534189437537,-0.008979345183780851,validation,False
0,cartoon,25,0.0,REP,0.8415327641275345,0.8379208264461628,-0.003611937681371691,validation,False
0,cartoon,25,0.02,0,0.8315327641275345,0.8315327641275345,0.0,validation,False
0,cartoon,25,0.02,STD,0.8315327641275345,0.8196345343306328,-0.011898229796901694,validation,False
0,cartoon,25,0.02,O50,0.8315327641275345,0.8205313672863059,-0.011001396841228583,validation,False
0,cartoon,25,0.02,REP,0.8315327641275345,0.8253110918017091,-0.006221672325825378,validation,False
0,cartoon,25,0.05,0,0.8201570968646186,0.8201570968646186,0.0,validation,False
0,cartoon,25,0.05,STD,0.8201570968646186,0.8046345343306328,-0.015522562533985762,validation,False
0,cartoon,25,0.05,O50,0.8201570968646186,0.8055313672863058,-0.014625729578312763,validation,False
0,cartoon,25,0.05,REP,0.8201570968646186,0.8168728990892217,-0.003284197775396902,validation,False
0,cartoon,25,0.1,0,0.818672464573932,0.818672464573932,0.0,validation,False
0,cartoon,25,0.1,STD,0.818672464573932,0.7893711338276804,-0.02930133074625152,validation,False
0,cartoon,25,0.1,O50,0.818672464573932,0.7914994938769495,-0.027172970696982435,validation,False
0,cartoon,25,0.1,REP,0.818672464573932,0.8168728990892217,-0.0017995654847102749,validation,False
0,cartoon,25,0.15,0,0.818672464573932,0.818672464573932,0.0,validation,False
0,cartoon,25,0.15,STD,0.818672464573932,0.78406024024496,-0.03461222432897193,validation,False
0,cartoon,25,0.15,O50,0.818672464573932,0.7913819663174239,-0.02729049825650809,validation,False
0,cartoon,25,0.15,REP,0.818672464573932,0.8168728990892217,-0.0017995654847102749,validation,False
0,cartoon,50,0.0,0,0.8415327641275345,0.8415327641275345,0.0,validation,False
0,cartoon,50,0.0,STD,0.8415327641275345,0.825797612405375,-0.015735151722159557,validation,False
0,cartoon,50,0.0,O50,0.8415327641275345,0.825797612405375,-0.015735151722159557,validation,False
0,cartoon,50,0.0,REP,0.8415327641275345,0.8370819554584871,-0.004450808669047457,validation,False
0,cartoon,50,0.02,0,0.8315327641275345,0.8315327641275345,0.0,validation,False
0,cartoon,50,0.02,STD,0.8315327641275345,0.8115597728091551,-0.019972991318379374,validation,False
0,cartoon,50,0.02,O50,0.8315327641275345,0.805797612405375,-0.025735151722159566,validation,False
0,cartoon,50,0.02,REP,0.8315327641275345,0.8270819554584871,-0.004450808669047457,validation,False
0,cartoon,50,0.05,0,0.8201570968646186,0.8201570968646186,0.0,validation,False
0,cartoon,50,0.05,STD,0.8201570968646186,0.796559772809155,-0.023597324055463553,validation,False
0,cartoon,50,0.05,O50,0.8201570968646186,0.788648332723973,-0.03150876414064563,validation,False
0,cartoon,50,0.05,REP,0.8201570968646186,0.8130250480702129,-0.007132048794405654,validation,False
0,cartoon,50,0.1,0,0.818672464573932,0.818672464573932,0.0,validation,False
0,cartoon,50,0.1,STD,0.818672464573932,0.7787676185597077,-0.03990484601422428,validation,False
0,cartoon,50,0.1,O50,0.818672464573932,0.7797305547612244,-0.03894190981270751,validation,False
0,cartoon,50,0.1,REP,0.818672464573932,0.8103443589363218,-0.008328105637610106,validation,False
0,cartoon,50,0.15,0,0.818672464573932,0.818672464573932,0.0,validation,False
0,cartoon,50,0.15,STD,0.818672464573932,0.7748287287039262,-0.043843735870005784,validation,False
0,cartoon,50,0.15,O50,0.818672464573932,0.7797305547612244,-0.03894190981270751,validation,False
0,cartoon,50,0.15,REP,0.818672464573932,0.8103443589363218,-0.008328105637610106,validation,False
0,cartoon,100,0.0,0,0.8415327641275345,0.8415327641275345,0.0,validation,False
0,cartoon,100,0.0,STD,0.8415327641275345,0.825797612405375,-0.015735151722159557,validation,False
0,cartoon,100,0.0,O50,0.8415327641275345,0.825797612405375,-0.015735151722159557,validation,False
0,cartoon,100,0.0,REP,0.8415327641275345,0.8309808574761187,-0.01055190665141581,validation,False
0,cartoon,100,0.02,0,0.8315327641275345,0.8315327641275345,0.0,validation,False
0,cartoon,100,0.02,STD,0.8315327641275345,0.805797612405375,-0.025735151722159566,validation,False
0,cartoon,100,0.02,O50,0.8315327641275345,0.805797612405375,-0.025735151722159566,validation,False
0,cartoon,100,0.02,REP,0.8315327641275345,0.8196780313340968,-0.011854732793437739,validation,False
0,cartoon,100,0.05,0,0.8201570968646186,0.8201570968646186,0.0,validation,False
0,cartoon,100,0.05,STD,0.8201570968646186,0.7814908519606346,-0.03866624490398396,validation,False
0,cartoon,100,0.05,O50,0.8201570968646186,0.7757976124053748,-0.04435948445924376,validation,False
0,cartoon,100,0.05,REP,0.8201570968646186,0.8121780313340967,-0.007979065530521856,validation,False
0,cartoon,100,0.1,0,0.818672464573932,0.818672464573932,0.0,validation,False
0,cartoon,100,0.1,STD,0.818672464573932,0.761882907158665,-0.05678955741526692,validation,False
0,cartoon,100,0.1,O50,0.818672464573932,0.73592400453941,-0.08274846003452196,validation,False
0,cartoon,100,0.1,REP,0.818672464573932,0.8107728524042872,-0.007899612169644743,validation,False
0,cartoon,100,0.15,0,0.818672464573932,0.818672464573932,0.0,validation,False
0,cartoon,100,0.15,STD,0.818672464573932,0.7567532153115888,-0.06191924926234316,validation,False
0,cartoon,100,0.15,O50,0.818672464573932,0.7120047369743376,-0.10666772759959431,validation,False
0,cartoon,100,0.15,REP,0.818672464573932,0.8107728524042872,-0.007899612169644743,validation,False
0,sketch,25,0.0,0,0.8415327641275345,0.8415327641275345,0.0,validation,False
0,sketch,25,0.0,STD,0.8415327641275345,0.825797612405375,-0.015735151722159557,validation,False
0,sketch,25,0.0,O50,0.8415327641275345,0.825797612405375,-0.015735151722159557,validation,False
0,sketch,25,0.0,REP,0.8415327641275345,0.835205705309989,-0.006327058817545472,validation,False
0,sketch,25,0.02,0,0.8315327641275345,0.8315327641275345,0.0,validation,False
0,sketch,25,0.02,STD,0.8315327641275345,0.8088565125513207,-0.02267625157621378,validation,False
0,sketch,25,0.02,O50,0.8315327641275345,0.8076998082505517,-0.023832955876982864,validation,False
0,sketch,25,0.02,REP,0.8315327641275345,0.8251882388894454,-0.006344525238089149,validation,False
0,sketch,25,0.05,0,0.8201570968646186,0.8201570968646186,0.0,validation,False
0,sketch,25,0.05,STD,0.8201570968646186,0.7863565125513207,-0.03380058431329791,validation,False
0,sketch,25,0.05,O50,0.8201570968646186,0.7851998082505516,-0.034957288614066995,validation,False
0,sketch,25,0.05,REP,0.8201570968646186,0.8101882388894452,-0.009968857975173329,validation,False
0,sketch,25,0.1,0,0.818672464573932,0.818672464573932,0.0,validation,False
0,sketch,25,0.1,STD,0.818672464573932,0.7488565125513207,-0.06981595202261126,validation,False
0,sketch,25,0.1,O50,0.818672464573932,0.7527426685783348,-0.06592979599559712,validation,False
0,sketch,25,0.1,REP,0.818672464573932,0.7969750813201963,-0.021697383253735603,validation,False
0,sketch,25,0.15,0,0.818672464573932,0.818672464573932,0.0,validation,False
0,sketch,25,0.15,STD,0.818672464573932,0.7180112008083595,-0.1006612637655725,validation,False
0,sketch,25,0.15,O50,0.818672464573932,0.7349807798479803,-0.08369168472595168,validation,False
0,sketch,25,0.15,REP,0.818672464573932,0.7969750813201963,-0.021697383253735603,validation,False
0,sketch,50,0.0,0,0.8415327641275345,0.8415327641275345,0.0,validation,False
0,sketch,50,0.0,STD,0.8415327641275345,0.825797612405375,-0.015735151722159557,validation,False
0,sketch,50,0.0,O50,0.8415327641275345,0.825797612405375,-0.015735151722159557,validation,False
0,sketch,50,0.0,REP,0.8415327641275345,0.8308008142621848,-0.010731949865349755,validation,False
0,sketch,50,0.02,0,0.8315327641275345,0.8315327641275345,0.0,validation,False
0,sketch,50,0.02,STD,0.8315327641275345,0.805797612405375,-0.025735151722159566,validation,False
0,sketch,50,0.02,O50,0.8315327641275345,0.805797612405375,-0.025735151722159566,validation,False
0,sketch,50,0.02,REP,0.8315327641275345,0.8201456641704354,-0.011387099957099078,validation,False
0,sketch,50,0.05,0,0.8201570968646186,0.8201570968646186,0.0,validation,False
0,sketch,50,0.05,STD,0.8201570968646186,0.7757976124053748,-0.04435948445924376,validation,False
0,sketch,50,0.05,O50,0.8201570968646186,0.7757976124053748,-0.04435948445924376,validation,False
0,sketch,50,0.05,REP,0.8201570968646186,0.8051456641704354,-0.015011432694183147,validation,False
0,sketch,50,0.1,0,0.818672464573932,0.818672464573932,0.0,validation,False
0,sketch,50,0.1,STD,0.818672464573932,0.7257976124053749,-0.09287485216855706,validation,False
0,sketch,50,0.1,O50,0.818672464573932,0.7257976124053749,-0.09287485216855706,validation,False
0,sketch,50,0.1,REP,0.818672464573932,0.7813442853813719,-0.03732817919256004,validation,False
0,sketch,50,0.15,0,0.818672464573932,0.818672464573932,0.0,validation,False
0,sketch,50,0.15,STD,0.818672464573932,0.6879747550964874,-0.13069770947744452,validation,False
0,sketch,50,0.15,O50,0.818672464573932,0.687972025610704,-0.13070043896322792,validation,False
0,sketch,50,0.15,REP,0.818672464573932,0.768844285381372,-0.049828179192559996,validation,False
0,sketch,100,0.0,0,0.8415327641275345,0.8415327641275345,0.0,validation,False
0,sketch,100,0.0,STD,0.8415327641275345,0.825797612405375,-0.015735151722159557,validation,False
0,sketch,100,0.0,O50,0.8415327641275345,0.825797612405375,-0.015735151722159557,validation,False
0,sketch,100,0.0,REP,0.8415327641275345,0.8314820215447836,-0.01005074258275096,validation,False
0,sketch,100,0.02,0,0.8315327641275345,0.8315327641275345,0.0,validation,False
0,sketch,100,0.02,STD,0.8315327641275345,0.805797612405375,-0.025735151722159566,validation,False
0,sketch,100,0.02,O50,0.8315327641275345,0.805797612405375,-0.025735151722159566,validation,False
0,sketch,100,0.02,REP,0.8315327641275345,0.821406432880874,-0.010126331246660514,validation,False
0,sketch,100,0.05,0,0.8201570968646186,0.8201570968646186,0.0,validation,False
0,sketch,100,0.05,STD,0.8201570968646186,0.7757976124053748,-0.04435948445924376,validation,False
0,sketch,100,0.05,O50,0.8201570968646186,0.7757976124053748,-0.04435948445924376,validation,False
0,sketch,100,0.05,REP,0.8201570968646186,0.806406432880874,-0.013750663983744582,validation,False
0,sketch,100,0.1,0,0.818672464573932,0.818672464573932,0.0,validation,False
0,sketch,100,0.1,STD,0.818672464573932,0.7257976124053749,-0.09287485216855706,validation,False
0,sketch,100,0.1,O50,0.818672464573932,0.7257976124053749,-0.09287485216855706,validation,False
0,sketch,100,0.1,REP,0.818672464573932,0.7840040007672548,-0.0346684638066771,validation,False
0,sketch,100,0.15,0,0.818672464573932,0.818672464573932,0.0,validation,False
0,sketch,100,0.15,STD,0.818672464573932,0.6757976124053748,-0.1428748521685571,validation,False
0,sketch,100,0.15,O50,0.818672464573932,0.6757976124053748,-0.1428748521685571,validation,False
0,sketch,100,0.15,REP,0.818672464573932,0.7715040007672549,-0.04716846380667705,validation,False
1,photo,25,0.0,0,0.8188822188869986,0.8188822188869986,0.0,validation,False
1,photo,25,0.0,STD,0.8188822188869986,0.8063775990177904,-0.012504619869208256,validation,False
1,photo,25,0.0,O50,0.8188822188869986,0.8063775990177904,-0.012504619869208256,validation,False
1,photo,25,0.0,REP,0.8188822188869986,0.8103911665501695,-0.008491052336829119,validation,False
1,photo,25,0.02,0,0.8038822188869986,0.8038822188869986,0.0,validation,False
1,photo,25,0.02,STD,0.8038822188869986,0.7863775990177905,-0.01750461986920815,validation,False
1,photo,25,0.02,O50,0.8038822188869986,0.7863775990177905,-0.01750461986920815,validation,False
1,photo,25,0.02,REP,0.8038822188869986,0.7953911665501695,-0.008491052336829119,validation,False
1,photo,25,0.05,0,0.7851922296373651,0.7851922296373651,0.0,validation,False
1,photo,25,0.05,STD,0.7851922296373651,0.7603433881231447,-0.0248488415142204,validation,False
1,photo,25,0.05,O50,0.7851922296373651,0.7592192881027996,-0.02597294153456553,validation,False
1,photo,25,0.05,REP,0.7851922296373651,0.7850366996161158,-0.00015553002124935045,validation,False
1,photo,25,0.1,0,0.7789813096653946,0.7789813096653946,0.0,validation,False
1,photo,25,0.1,STD,0.7789813096653946,0.7464065125405503,-0.032574797124844235,validation,False
1,photo,25,0.1,O50,0.7789813096653946,0.7458720915270092,-0.03310921813838541,validation,False
1,photo,25,0.1,REP,0.7789813096653946,0.7740649776009629,-0.00491633206443165,validation,False
1,photo,25,0.15,0,0.7789813096653946,0.7789813096653946,0.0,validation,False
1,photo,25,0.15,STD,0.7789813096653946,0.7339065125405503,-0.0450747971248443,validation,False
1,photo,25,0.15,O50,0.7789813096653946,0.7333720915270091,-0.04560921813838548,validation,False
1,photo,25,0.15,REP,0.7789813096653946,0.7740649776009629,-0.00491633206443165,validation,False
1,photo,50,0.0,0,0.8188822188869986,0.8188822188869986,0.0,validation,False
1,photo,50,0.0,STD,0.8188822188869986,0.8063775990177904,-0.012504619869208256,validation,False
1,photo,50,0.0,O50,0.8188822188869986,0.8063775990177904,-0.012504619869208256,validation,False
1,photo,50,0.0,REP,0.8188822188869986,0.8063775990177904,-0.012504619869208256,validation,False
1,photo,50,0.02,0,0.8038822188869986,0.8038822188869986,0.0,validation,False
1,photo,50,0.02,STD,0.8038822188869986,0.7863775990177905,-0.01750461986920815,validation,False
1,photo,50,0.02,O50,0.8038822188869986,0.7863775990177905,-0.01750461986920815,validation,False
1,photo,50,0.02,REP,0.8038822188869986,0.7866910195335214,-0.017191199353477238,validation,False
1,photo,50,0.05,0,0.7851922296373651,0.7851922296373651,0.0,validation,False
1,photo,50,0.05,STD,0.7851922296373651,0.7583501305648492,-0.02684209907251589,validation,False
1,photo,50,0.05,O50,0.7851922296373651,0.7583501305648492,-0.02684209907251589,validation,False
1,photo,50,0.05,REP,0.7851922296373651,0.774301762948249,-0.010890466689116085,validation,False
1,photo,50,0.1,0,0.7789813096653946,0.7789813096653946,0.0,validation,False
1,photo,50,0.1,STD,0.7789813096653946,0.729765767447325,-0.04921554221806956,validation,False
1,photo,50,0.1,O50,0.7789813096653946,0.7330028619550399,-0.04597844771035464,validation,False
1,photo,50,0.1,REP,0.7789813096653946,0.761801762948249,-0.01717954671714561,validation,False
1,photo,50,0.15,0,0.7789813096653946,0.7789813096653946,0.0,validation,False
1,photo,50,0.15,STD,0.7789813096653946,0.7165561219026079,-0.062425187762786716,validation,False
1,photo,50,0.15,O50,0.7789813096653946,0.7197428755268929,-0.05923843413850172,validation,False
1,photo,50,0.15,REP,0.7789813096653946,0.7522753838847271,-0.02670592578066744,validation,False
1,photo,100,0.0,0,0.8188822188869986,0.8188822188869986,0.0,validation,False
1,photo,100,0.0,STD,0.8188822188869986,0.8063775990177904,-0.012504619869208256,validation,False
1,photo,100,0.0,O50,0.8188822188869986,0.8063775990177904,-0.012504619869208256,validation,False
1,photo,100,0.0,REP,0.8188822188869986,0.8063775990177904,-0.012504619869208256,validation,False
1,photo,100,0.02,0,0.8038822188869986,0.8038822188869986,0.0,validation,False
1,photo,100,0.02,STD,0.8038822188869986,0.7863775990177905,-0.01750461986920815,validation,False
1,photo,100,0.02,O50,0.8038822188869986,0.7863775990177905,-0.01750461986920815,validation,False
1,photo,100,0.02,REP,0.8038822188869986,0.7863775990177905,-0.01750461986920815,validation,False
1,photo,100,0.05,0,0.7851922296373651,0.7851922296373651,0.0,validation,False
1,photo,100,0.05,STD,0.7851922296373651,0.762088694956123,-0.023103534681242155,validation,False
1,photo,100,0.05,O50,0.7851922296373651,0.7595816576584453,-0.025610571978919805,validation,False
1,photo,100,0.05,REP,0.7851922296373651,0.7732842185108577,-0.011908011126507412,validation,False
1,photo,100,0.1,0,0.7789813096653946,0.7789813096653946,0.0,validation,False
1,photo,100,0.1,STD,0.7789813096653946,0.7292127135432209,-0.04976859612217366,validation,False
1,photo,100,0.1,O50,0.7789813096653946,0.7246428016936104,-0.05433850797178419,validation,False
1,photo,100,0.1,REP,0.7789813096653946,0.7607842185108578,-0.018197091154536826,validation,False
1,photo,100,0.15,0,0.7789813096653946,0.7789813096653946,0.0,validation,False
1,photo,100,0.15,STD,0.7789813096653946,0.7107446113053567,-0.06823669836003787,validation,False
1,photo,100,0.15,O50,0.7789813096653946,0.7033639910731774,-0.07561731859221721,validation,False
1,photo,100,0.15,REP,0.7789813096653946,0.7539291630519427,-0.025052146613451898,validation,False
1,art_painting,25,0.0,0,0.8188822188869986,0.8188822188869986,0.0,validation,False
1,art_painting,25,0.0,STD,0.8188822188869986,0.8063775990177904,-0.012504619869208256,validation,False
1,art_painting,25,0.0,O50,0.8188822188869986,0.8063775990177904,-0.012504619869208256,validation,False
1,art_painting,25,0.0,REP,0.8188822188869986,0.8134476327824726,-0.0054345861045260735,validation,False
1,art_painting,25,0.02,0,0.8038822188869986,0.8038822188869986,0.0,validation,False
1,art_painting,25,0.02,STD,0.8038822188869986,0.7892031368573468,-0.014679082029651846,validation,False
1,art_painting,25,0.02,O50,0.8038822188869986,0.7881510506296909,-0.015731168257307693,validation,False
1,art_painting,25,0.02,REP,0.8038822188869986,0.7984476327824725,-0.0054345861045260735,validation,False
1,art_painting,25,0.05,0,0.7851922296373651,0.7851922296373651,0.0,validation,False
1,art_painting,25,0.05,STD,0.7851922296373651,0.7746665362914577,-0.010525693345907472,validation,False
1,art_painting,25,0.05,O50,0.7851922296373651,0.7704499856161596,-0.014742244021205497,validation,False
1,art_painting,25,0.05,REP,0.7851922296373651,0.7848391046168579,-0.0003531250205072167,validation,False
1,art_painting,25,0.1,0,0.7789813096653946,0.7789813096653946,0.0,validation,False
1,art_painting,25,0.1,STD,0.7789813096653946,0.7621665362914576,-0.016814773373936998,validation,False
1,art_painting,25,0.1,O50,0.7789813096653946,0.7579499856161596,-0.021031324049235023,validation,False
1,art_painting,25,0.1,REP,0.7789813096653946,0.7829131164726714,0.003931806807276783,validation,False
1,art_painting,25,0.15,0,0.7789813096653946,0.7789813096653946,0.0,validation,False
1,art_painting,25,0.15,STD,0.7789813096653946,0.7588834999446921,-0.02009780972070252,validation,False
1,art_painting,25,0.15,O50,0.7789813096653946,0.7536450423056679,-0.025336267359726716,validation,False
1,art_painting,25,0.15,REP,0.7789813096653946,0.7829131164726714,0.003931806807276783,validation,False
1,art_painting,50,0.0,0,0.8188822188869986,0.8188822188869986,0.0,validation,False
1,art_painting,50,0.0,STD,0.8188822188869986,0.8063775990177904,-0.012504619869208256,validation,False
1,art_painting,50,0.0,O50,0.8188822188869986,0.8063775990177904,-0.012504619869208256,validation,False
1,art_painting,50,0.0,REP,0.8188822188869986,0.8067017431020872,-0.012180475784911438,validation,False
1,art_painting,50,0.02,0,0.8038822188869986,0.8038822188869986,0.0,validation,False
1,art_painting,50,0.02,STD,0.8038822188869986,0.7863775990177905,-0.01750461986920815,validation,False
1,art_painting,50,0.02,O50,0.8038822188869986,0.7863775990177905,-0.01750461986920815,validation,False
1,art_painting,50,0.02,REP,0.8038822188869986,0.7917017431020872,-0.012180475784911438,validation,False
1,art_painting,50,0.05,0,0.7851922296373651,0.7851922296373651,0.0,validation,False
1,art_painting,50,0.05,STD,0.7851922296373651,0.7571625865817389,-0.028029643055626274,validation,False
1,art_painting,50,0.05,O50,0.7851922296373651,0.7621974322475664,-0.022994797389798705,validation,False
1,art_painting,50,0.05,REP,0.7851922296373651,0.7790880670815885,-0.0061041625557766155,validation,False
1,art_painting,50,0.1,0,0.7789813096653946,0.7789813096653946,0.0,validation,False
1,art_painting,50,0.1,STD,0.7789813096653946,0.7399364031373656,-0.039044906528028944,validation,False
1,art_painting,50,0.1,O50,0.7789813096653946,0.7421805679539322,-0.036800741711462415,validation,False
1,art_painting,50,0.1,REP,0.7789813096653946,0.7681259494776995,-0.010855360187695062,validation,False
1,art_painting,50,0.15,0,0.7789813096653946,0.7789813096653946,0.0,validation,False
1,art_painting,50,0.15,STD,0.7789813096653946,0.7274364031373656,-0.05154490652802901,validation,False
1,art_painting,50,0.15,O50,0.7789813096653946,0.7296805679539322,-0.04930074171146237,validation,False
1,art_painting,50,0.15,REP,0.7789813096653946,0.7681259494776995,-0.010855360187695062,validation,False
1,art_painting,100,0.0,0,0.8188822188869986,0.8188822188869986,0.0,validation,False
1,art_painting,100,0.0,STD,0.8188822188869986,0.8063775990177904,-0.012504619869208256,validation,False
1,art_painting,100,0.0,O50,0.8188822188869986,0.8063775990177904,-0.012504619869208256,validation,False
1,art_painting,100,0.0,REP,0.8188822188869986,0.8088423553956934,-0.010039863491305256,validation,False
1,art_painting,100,0.02,0,0.8038822188869986,0.8038822188869986,0.0,validation,False
1,art_painting,100,0.02,STD,0.8038822188869986,0.7863775990177905,-0.01750461986920815,validation,False
1,art_painting,100,0.02,O50,0.8038822188869986,0.7863775990177905,-0.01750461986920815,validation,False
1,art_painting,100,0.02,REP,0.8038822188869986,0.7938423553956934,-0.010039863491305256,validation,False
1,art_painting,100,0.05,0,0.7851922296373651,0.7851922296373651,0.0,validation,False
1,art_painting,100,0.05,STD,0.7851922296373651,0.7600621336836965,-0.025130095953668663,validation,False
1,art_painting,100,0.05,O50,0.7851922296373651,0.7600661415712191,-0.025126088066146024,validation,False
1,art_painting,100,0.05,REP,0.7851922296373651,0.7829192435785586,-0.0022729860588065476,validation,False
1,art_painting,100,0.1,0,0.7789813096653946,0.7789813096653946,0.0,validation,False
1,art_painting,100,0.1,STD,0.7789813096653946,0.7365357426338626,-0.04244556703153202,validation,False
1,art_painting,100,0.1,O50,0.7789813096653946,0.7396549925198241,-0.039326317145570444,validation,False
1,art_painting,100,0.1,REP,0.7789813096653946,0.7829192435785586,0.0039379339131639934,validation,False
1,art_painting,100,0.15,0,0.7789813096653946,0.7789813096653946,0.0,validation,False
1,art_painting,100,0.15,STD,0.7789813096653946,0.7240357426338626,-0.05494556703153197,validation,False
1,art_painting,100,0.15,O50,0.7789813096653946,0.7271549925198241,-0.05182631714557051,validation,False
1,art_painting,100,0.15,REP,0.7789813096653946,0.7829192435785586,0.0039379339131639934,validation,False
1,cartoon,25,0.0,0,0.8188822188869986,0.8188822188869986,0.0,validation,False
1,cartoon,25,0.0,STD,0.8188822188869986,0.8106291517680555,-0.008253067118943136,validation,False
1,cartoon,25,0.0,O50,0.8188822188869986,0.8139341067187348,-0.004948112168263852,validation,False
1,cartoon,25,0.0,REP,0.8188822188869986,0.8133393031175858,-0.005542915769412793,validation,False
1,cartoon,25,0.02,0,0.8038822188869986,0.8038822188869986,0.0,validation,False
1,cartoon,25,0.02,STD,0.8038822188869986,0.7956291517680555,-0.008253067118943136,validation,False
1,cartoon,25,0.02,O50,0.8038822188869986,0.7989341067187348,-0.004948112168263852,validation,False
1,cartoon,25,0.02,REP,0.8038822188869986,0.7983393031175858,-0.005542915769412793,validation,False
1,cartoon,25,0.05,0,0.7851922296373651,0.7851922296373651,0.0,validation,False
1,cartoon,25,0.05,STD,0.7851922296373651,0.7731291517680555,-0.012063077869309602,validation,False
1,cartoon,25,0.05,O50,0.7851922296373651,0.7764341067187348,-0.008758122918630318,validation,False
1,cartoon,25,0.05,REP,0.7851922296373651,0.7797254383023863,-0.005466791334978849,validation,False
1,cartoon,25,0.1,0,0.7789813096653946,0.7789813096653946,0.0,validation,False
1,cartoon,25,0.1,STD,0.7789813096653946,0.7396651061439414,-0.03931620352145315,validation,False
1,cartoon,25,0.1,O50,0.7789813096653946,0.7453800589337956,-0.03360125073159903,validation,False
1,cartoon,25,0.1,REP,0.7789813096653946,0.7730966798418777,-0.005884629823516896,validation,False
1,cartoon,25,0.15,0,0.7789813096653946,0.7789813096653946,0.0,validation,False
1,cartoon,25,0.15,STD,0.7789813096653946,0.7356776866181614,-0.04330362304723323,validation,False
1,cartoon,25,0.15,O50,0.7789813096653946,0.7425606007515778,-0.03642070891381677,validation,False
1,cartoon,25,0.15,REP,0.7789813096653946,0.7730966798418777,-0.005884629823516896,validation,False
1,cartoon,50,0.0,0,0.8188822188869986,0.8188822188869986,0.0,validation,False
1,cartoon,50,0.0,STD,0.8188822188869986,0.8134265074088187,-0.005455711478179914,validation,False
1,cartoon,50,0.0,O50,0.8188822188869986,0.8065314869666325,-0.012350731920366176,validation,False
1,cartoon,50,0.0,REP,0.8188822188869986,0.8139593413942195,-0.0049228774927790875,validation,False
1,cartoon,50,0.02,0,0.8038822188869986,0.8038822188869986,0.0,validation,False
1,cartoon,50,0.02,STD,0.8038822188869986,0.7984265074088187,-0.005455711478179914,validation,False
1,cartoon,50,0.02,O50,0.8038822188869986,0.7915314869666324,-0.012350731920366176,validation,False
1,cartoon,50,0.02,REP,0.8038822188869986,0.8008210355028548,-0.0030611833841438507,validation,False
1,cartoon,50,0.05,0,0.7851922296373651,0.7851922296373651,0.0,validation,False
1,cartoon,50,0.05,STD,0.7851922296373651,0.7759265074088187,-0.00926572222854638,validation,False
1,cartoon,50,0.05,O50,0.7851922296373651,0.7690314869666324,-0.016160742670732753,validation,False
1,cartoon,50,0.05,REP,0.7851922296373651,0.7858210355028548,0.0006288058654896345,validation,False
1,cartoon,50,0.1,0,0.7789813096653946,0.7789813096653946,0.0,validation,False
1,cartoon,50,0.1,STD,0.7789813096653946,0.7384265074088188,-0.04055480225657582,validation,False
1,cartoon,50,0.1,O50,0.7789813096653946,0.7315314869666325,-0.04744982269876208,validation,False
1,cartoon,50,0.1,REP,0.7789813096653946,0.7720560686069262,-0.006925241058468368,validation,False
1,cartoon,50,0.15,0,0.7789813096653946,0.7789813096653946,0.0,validation,False
1,cartoon,50,0.15,STD,0.7789813096653946,0.7169672123723532,-0.062014097293041415,validation,False
1,cartoon,50,0.15,O50,0.7789813096653946,0.7046862845235434,-0.07429502514185116,validation,False
1,cartoon,50,0.15,REP,0.7789813096653946,0.7717447888328949,-0.007236520832499704,validation,False
1,cartoon,100,0.0,0,0.8188822188869986,0.8188822188869986,0.0,validation,False
1,cartoon,100,0.0,STD,0.8188822188869986,0.8063775990177904,-0.012504619869208256,validation,False
1,cartoon,100,0.0,O50,0.8188822188869986,0.8063775990177904,-0.012504619869208256,validation,False
1,cartoon,100,0.0,REP,0.8188822188869986,0.8063775990177904,-0.012504619869208256,validation,False
1,cartoon,100,0.02,0,0.8038822188869986,0.8038822188869986,0.0,validation,False
1,cartoon,100,0.02,STD,0.8038822188869986,0.7863775990177905,-0.01750461986920815,validation,False
1,cartoon,100,0.02,O50,0.8038822188869986,0.7863775990177905,-0.01750461986920815,validation,False
1,cartoon,100,0.02,REP,0.8038822188869986,0.7906420082849756,-0.013240210602023073,validation,False
1,cartoon,100,0.05,0,0.7851922296373651,0.7851922296373651,0.0,validation,False
1,cartoon,100,0.05,STD,0.7851922296373651,0.7605156554678543,-0.024676574169510856,validation,False
1,cartoon,100,0.05,O50,0.7851922296373651,0.7630615564196027,-0.02213067321776241,validation,False
1,cartoon,100,0.05,REP,0.7851922296373651,0.7681420082849757,-0.017050221352389427,validation,False
1,cartoon,100,0.1,0,0.7789813096653946,0.7789813096653946,0.0,validation,False
1,cartoon,100,0.1,STD,0.7789813096653946,0.7230156554678544,-0.05596565419754018,validation,False
1,cartoon,100,0.1,O50,0.7789813096653946,0.7255615564196027,-0.053419753245791846,validation,False
1,cartoon,100,0.1,REP,0.7789813096653946,0.7540288873412354,-0.024952422324159174,validation,False
1,cartoon,100,0.15,0,0.7789813096653946,0.7789813096653946,0.0,validation,False
1,cartoon,100,0.15,STD,0.7789813096653946,0.6855156554678543,-0.09346565419754027,validation,False
1,cartoon,100,0.15,O50,0.7789813096653946,0.6880615564196028,-0.09091975324579182,validation,False
1,cartoon,100,0.15,REP,0.7789813096653946,0.7540288873412354,-0.024952422324159174,validation,False
1,sketch,25,0.0,0,0.8188822188869986,0.8188822188869986,0.0,validation,False
1,sketch,25,0.0,STD,0.8188822188869986,0.8063775990177904,-0.012504619869208256,validation,False
1,sketch,25,0.0,O50,0.8188822188869986,0.807724347050514,-0.011157871836484645,validation,False
1,sketch,25,0.0,REP,0.8188822188869986,0.8158442858603988,-0.003037933026599826,validation,False
1,sketch,25,0.02,0,0.8038822188869986,0.8038822188869986,0.0,validation,False
1,sketch,25,0.02,STD,0.8038822188869986,0.7895459729734505,-0.014336245913548096,validation,False
1,sketch,25,0.02,O50,0.8038822188869986,0.792724347050514,-0.011157871836484645,validation,False
1,sketch,25,0.02,REP,0.8038822188869986,0.8008442858603988,-0.003037933026599826,validation,False
1,sketch,25,0.05,0,0.7851922296373651,0.7851922296373651,0.0,validation,False
1,sketch,25,0.05,STD,0.7851922296373651,0.7670459729734506,-0.01814625666391456,validation,False
1,sketch,25,0.05,O50,0.7851922296373651,0.770224347050514,-0.014967882586851111,validation,False
1,sketch,25,0.05,REP,0.7851922296373651,0.7846292855568746,-0.0005629440804905128,validation,False
1,sketch,25,0.1,0,0.7789813096653946,0.7789813096653946,0.0,validation,False
1,sketch,25,0.1,STD,0.7789813096653946,0.737509151087593,-0.04147215857780162,validation,False
1,sketch,25,0.1,O50,0.7789813096653946,0.732724347050514,-0.04625696261488055,validation,False
1,sketch,25,0.1,REP,0.7789813096653946,0.780356215414982,0.0013749057495874295,validation,False
1,sketch,25,0.15,0,0.7789813096653946,0.7789813096653946,0.0,validation,False
1,sketch,25,0.15,STD,0.7789813096653946,0.7202905238359895,-0.05869078582940512,validation,False
1,sketch,25,0.15,O50,0.7789813096653946,0.7074308763174645,-0.0715504333479301,validation,False
1,sketch,25,0.15,REP,0.7789813096653946,0.780356215414982,0.0013749057495874295,validation,False
1,sketch,50,0.0,0,0.8188822188869986,0.8188822188869986,0.0,validation,False
1,sketch,50,0.0,STD,0.8188822188869986,0.8063775990177904,-0.012504619869208256,validation,False
1,sketch,50,0.0,O50,0.8188822188869986,0.8063775990177904,-0.012504619869208256,validation,False
1,sketch,50,0.0,REP,0.8188822188869986,0.8080640881174095,-0.010818130769589152,validation,False
1,sketch,50,0.02,0,0.8038822188869986,0.8038822188869986,0.0,validation,False
1,sketch,50,0.02,STD,0.8038822188869986,0.7863775990177905,-0.01750461986920815,validation,False
1,sketch,50,0.02,O50,0.8038822188869986,0.7863775990177905,-0.01750461986920815,validation,False
1,sketch,50,0.02,REP,0.8038822188869986,0.7978507064078391,-0.006031512479159562,validation,False
1,sketch,50,0.05,0,0.7851922296373651,0.7851922296373651,0.0,validation,False
1,sketch,50,0.05,STD,0.7851922296373651,0.7598645939768681,-0.025327635660497005,validation,False
1,sketch,50,0.05,O50,0.7851922296373651,0.7574420626411876,-0.027750166996177494,validation,False
1,sketch,50,0.05,REP,0.7851922296373651,0.782850706407839,-0.002341523229526077,validation,False
1,sketch,50,0.1,0,0.7789813096653946,0.7789813096653946,0.0,validation,False
1,sketch,50,0.1,STD,0.7789813096653946,0.7223645939768681,-0.05661671568852644,validation,False
1,sketch,50,0.1,O50,0.7789813096653946,0.7199420626411877,-0.05903924702420693,validation,False
1,sketch,50,0.1,REP,0.7789813096653946,0.7789411278645824,-4.0181800812222335e-05,validation,False
1,sketch,50,0.15,0,0.7789813096653946,0.7789813096653946,0.0,validation,False
1,sketch,50,0.15,STD,0.7789813096653946,0.6912420301998998,-0.08773927946549476,validation,False
1,sketch,50,0.15,O50,0.7789813096653946,0.6824420626411877,-0.09653924702420691,validation,False
1,sketch,50,0.15,REP,0.7789813096653946,0.7789411278645824,-4.0181800812222335e-05,validation,False
1,sketch,100,0.0,0,0.8188822188869986,0.8188822188869986,0.0,validation,False
1,sketch,100,0.0,STD,0.8188822188869986,0.8063775990177904,-0.012504619869208256,validation,False
1,sketch,100,0.0,O50,0.8188822188869986,0.8063775990177904,-0.012504619869208256,validation,False
1,sketch,100,0.0,REP,0.8188822188869986,0.8088801948249096,-0.010002024062089054,validation,False
1,sketch,100,0.02,0,0.8038822188869986,0.8038822188869986,0.0,validation,False
1,sketch,100,0.02,STD,0.8038822188869986,0.7863775990177905,-0.01750461986920815,validation,False
1,sketch,100,0.02,O50,0.8038822188869986,0.7863775990177905,-0.01750461986920815,validation,False
1,sketch,100,0.02,REP,0.8038822188869986,0.7938801948249096,-0.010002024062089054,validation,False
1,sketch,100,0.05,0,0.7851922296373651,0.7851922296373651,0.0,validation,False
1,sketch,100,0.05,STD,0.7851922296373651,0.7563775990177904,-0.028814630619574677,validation,False
1,sketch,100,0.05,O50,0.7851922296373651,0.7563775990177904,-0.028814630619574677,validation,False
1,sketch,100,0.05,REP,0.7851922296373651,0.7723768568997068,-0.012815372737658315,validation,False
1,sketch,100,0.1,0,0.7789813096653946,0.7789813096653946,0.0,validation,False
1,sketch,100,0.1,STD,0.7789813096653946,0.7063775990177905,-0.07260371064760407,validation,False
1,sketch,100,0.1,O50,0.7789813096653946,0.7127855623965138,-0.06619574726888078,validation,False
1,sketch,100,0.1,REP,0.7789813096653946,0.7678577386703527,-0.01112357099504191,validation,False
1,sketch,100,0.15,0,0.7789813096653946,0.7789813096653946,0.0,validation,False
1,sketch,100,0.15,STD,0.7789813096653946,0.6563775990177905,-0.12260371064760411,validation,False
1,sketch,100,0.15,O50,0.7789813096653946,0.6752855623965137,-0.10369574726888087,validation,False
1,sketch,100,0.15,REP,0.7789813096653946,0.7678577386703527,-0.01112357099504191,validation,False
2,photo,25,0.0,0,0.8143105174795101,0.8143105174795101,0.0,validation,False
2,photo,25,0.0,STD,0.8143105174795101,0.8024878950318891,-0.011822622447621,validation,False
2,photo,25,0.0,O50,0.8143105174795101,0.804799376540037,-0.00951114093947314,validation,False
2,photo,25,0.0,REP,0.8143105174795101,0.8247633160445688,0.010452798565058652,validation,False
2,photo,25,0.02,0,0.8043105174795102,0.8043105174795102,0.0,validation,False
2,photo,25,0.02,STD,0.8043105174795102,0.7874878950318891,-0.016822622447621116,validation,False
2,photo,25,0.02,O50,0.8043105174795102,0.789799376540037,-0.014511140939473255,validation,False
2,photo,25,0.02,REP,0.8043105174795102,0.8147633160445686,0.01045279856505843,validation,False
2,photo,25,0.05,0,0.7909124801036402,0.7909124801036402,0.0,validation,False
2,photo,25,0.05,STD,0.7909124801036402,0.7736535236894,-0.017258956414240245,validation,False
2,photo,25,0.05,O50,0.7909124801036402,0.777765428589064,-0.013147051514576291,validation,False
2,photo,25,0.05,REP,0.7909124801036402,0.8051156139282507,0.01420313382461047,validation,False
2,photo,25,0.1,0,0.7784124801036403,0.7784124801036403,0.0,validation,False
2,photo,25,0.1,STD,0.7784124801036403,0.7611535236894,-0.017258956414240245,validation,False
2,photo,25,0.1,O50,0.7784124801036403,0.765265428589064,-0.013147051514576291,validation,False
2,photo,25,0.1,REP,0.7784124801036403,0.7926156139282508,0.01420313382461047,validation,False
2,photo,25,0.15,0,0.7750601093420804,0.7750601093420804,0.0,validation,False
2,photo,25,0.15,STD,0.7750601093420804,0.7486535236894001,-0.02640658565268028,validation,False
2,photo,25,0.15,O50,0.7750601093420804,0.7527654285890639,-0.022294680753016438,validation,False
2,photo,25,0.15,REP,0.7750601093420804,0.7801156139282508,0.005055504586170434,validation,False
2,photo,50,0.0,0,0.8143105174795101,0.8143105174795101,0.0,validation,False
2,photo,50,0.0,STD,0.8143105174795101,0.8026017616534237,-0.011708755826086437,validation,False
2,photo,50,0.0,O50,0.8143105174795101,0.8037456096454969,-0.010564907834013204,validation,False
2,photo,50,0.0,REP,0.8143105174795101,0.8170323289936308,0.0027218115141206534,validation,False
2,photo,50,0.02,0,0.8043105174795102,0.8043105174795102,0.0,validation,False
2,photo,50,0.02,STD,0.8043105174795102,0.7891046577074082,-0.015205859772101982,validation,False
2,photo,50,0.02,O50,0.8043105174795102,0.7902485056994815,-0.01406201178002875,validation,False
2,photo,50,0.02,REP,0.8043105174795102,0.8073916641749904,0.003081146695480208,validation,False
2,photo,50,0.05,0,0.7909124801036402,0.7909124801036402,0.0,validation,False
2,photo,50,0.05,STD,0.7909124801036402,0.7741046577074081,-0.01680782239623213,validation,False
2,photo,50,0.05,O50,0.7909124801036402,0.7752485056994813,-0.015663974404158898,validation,False
2,photo,50,0.05,REP,0.7909124801036402,0.7998916641749904,0.008979184071350121,validation,False
2,photo,50,0.1,0,0.7784124801036403,0.7784124801036403,0.0,validation,False
2,photo,50,0.1,STD,0.7784124801036403,0.7529712608316957,-0.025441219271944537,validation,False
2,photo,50,0.1,O50,0.7784124801036403,0.7531558075504463,-0.02525667255319397,validation,False
2,photo,50,0.1,REP,0.7784124801036403,0.7945161491055988,0.016103669001958476,validation,False
2,photo,50,0.15,0,0.7750601093420804,0.7750601093420804,0.0,validation,False
2,photo,50,0.15,STD,0.7750601093420804,0.7404712608316957,-0.034588848510384684,validation,False
2,photo,50,0.15,O50,0.7750601093420804,0.7406558075504464,-0.03440430179163401,validation,False
2,photo,50,0.15,REP,0.7750601093420804,0.7945161491055988,0.019456039763518396,validation,False
2,photo,100,0.0,0,0.8143105174795101,0.8143105174795101,0.0,validation,False
2,photo,100,0.0,STD,0.8143105174795101,0.7994978392986553,-0.014812678180854855,validation,False
2,photo,100,0.0,O50,0.8143105174795101,0.7976737058397749,-0.016636811639735183,validation,False
2,photo,100,0.0,REP,0.8143105174795101,0.8219256611259426,0.007615143646432454,validation,False
2,photo,100,0.02,0,0.8043105174795102,0.8043105174795102,0.0,validation,False
2,photo,100,0.02,STD,0.8043105174795102,0.7860007353526398,-0.0183097821268704,validation,False
2,photo,100,0.02,O50,0.8043105174795102,0.784426732844669,-0.019883784634841195,validation,False
2,photo,100,0.02,REP,0.8043105174795102,0.8122442712050006,0.007933753725490433,validation,False
2,photo,100,0.05,0,0.7909124801036402,0.7909124801036402,0.0,validation,False
2,photo,100,0.05,STD,0.7909124801036402,0.7710007353526397,-0.01991174475100055,validation,False
2,photo,100,0.05,O50,0.7909124801036402,0.7694267328446689,-0.021485747258971344,validation,False
2,photo,100,0.05,REP,0.7909124801036402,0.8047442712050006,0.013831791101360347,validation,False
2,photo,100,0.1,0,0.7784124801036403,0.7784124801036403,0.0,validation,False
2,photo,100,0.1,STD,0.7784124801036403,0.7554579629811341,-0.02295451712250618,validation,False
2,photo,100,0.1,O50,0.7784124801036403,0.7498318961328746,-0.028580583970765683,validation,False
2,photo,100,0.1,REP,0.7784124801036403,0.7922442712050006,0.013831791101360347,validation,False
2,photo,100,0.15,0,0.7750601093420804,0.7750601093420804,0.0,validation,False
2,photo,100,0.15,STD,0.7750601093420804,0.742957962981134,-0.032102146360946326,validation,False
2,photo,100,0.15,O50,0.7750601093420804,0.7373318961328745,-0.03772821320920583,validation,False
2,photo,100,0.15,REP,0.7750601093420804,0.7846060075840685,0.009545898241988149,validation,False
2,art_painting,25,0.0,0,0.8143105174795101,0.8143105174795101,0.0,validation,False
2,art_painting,25,0.0,STD,0.8143105174795101,0.8211753549068623,0.006864837427352222,validation,False
2,art_painting,25,0.0,O50,0.8143105174795101,0.8212218439786352,0.00691132649912507,validation,False
2,art_painting,25,0.0,REP,0.8143105174795101,0.8202257595926727,0.005915242113162633,validation,False
2,art_painting,25,0.02,0,0.8043105174795102,0.8043105174795102,0.0,validation,False
2,art_painting,25,0.02,STD,0.8043105174795102,0.8115819312068917,0.007271413727381493,validation,False
2,art_painting,25,0.02,O50,0.8043105174795102,0.8112218439786352,0.006911326499124959,validation,False
2,art_painting,25,0.02,REP,0.8043105174795102,0.8102257595926727,0.005915242113162522,validation,False
2,art_painting,25,0.05,0,0.7909124801036402,0.7909124801036402,0.0,validation,False
2,art_painting,25,0.05,STD,0.7909124801036402,0.8040819312068916,0.013169451103251406,validation,False
2,art_painting,25,0.05,O50,0.7909124801036402,0.8013949514121906,0.0104824713085504,validation,False
2,art_painting,25,0.05,REP,0.7909124801036402,0.8018535676804363,0.010941087576796016,validation,False
2,art_painting,25,0.1,0,0.7784124801036403,0.7784124801036403,0.0,validation,False
2,art_painting,25,0.1,STD,0.7784124801036403,0.7915819312068917,0.013169451103251406,validation,False
2,art_painting,25,0.1,O50,0.7784124801036403,0.7888949514121907,0.0104824713085504,validation,False
2,art_painting,25,0.1,REP,0.7784124801036403,0.7893535676804363,0.010941087576796016,validation,False
2,art_painting,25,0.15,0,0.7750601093420804,0.7750601093420804,0.0,validation,False
2,art_painting,25,0.15,STD,0.7750601093420804,0.7790819312068917,0.00402182186481137,validation,False
2,art_painting,25,0.15,O50,0.7750601093420804,0.7797518072093202,0.004691697867239886,validation,False
2,art_painting,25,0.15,REP,0.7750601093420804,0.7798325825631122,0.004772473221031803,validation,False
2,art_painting,50,0.0,0,0.8143105174795101,0.8143105174795101,0.0,validation,False
2,art_painting,50,0.0,STD,0.8143105174795101,0.8143047642181179,-5.753261392182907e-06,validation,False
2,art_painting,50,0.0,O50,0.8143105174795101,0.8126729074911834,-0.001637609988326738,validation,False
2,art_painting,50,0.0,REP,0.8143105174795101,0.8200955693330253,0.0057850518535151885,validation,False
2,art_painting,50,0.02,0,0.8043105174795102,0.8043105174795102,0.0,validation,False
2,art_painting,50,0.02,STD,0.8043105174795102,0.8043047642181179,-5.753261392293929e-06,validation,False
2,art_painting,50,0.02,O50,0.8043105174795102,0.7987230132881817,-0.005587504191328474,validation,False
2,art_painting,50,0.02,REP,0.8043105174795102,0.8104109214038995,0.006100403924389264,validation,False
2,art_painting,50,0.05,0,0.7909124801036402,0.7909124801036402,0.0,validation,False
2,art_painting,50,0.05,STD,0.7909124801036402,0.7947482863309551,0.003835806227314831,validation,False
2,art_painting,50,0.05,O50,0.7909124801036402,0.7879704785578145,-0.00294200154582569,validation,False
2,art_painting,50,0.05,REP,0.7909124801036402,0.8029109214038994,0.011998441300259177,validation,False
2,art_painting,50,0.1,0,0.7784124801036403,0.7784124801036403,0.0,validation,False
2,art_painting,50,0.1,STD,0.7784124801036403,0.7822482863309551,0.003835806227314831,validation,False
2,art_painting,50,0.1,O50,0.7784124801036403,0.7754704785578146,-0.00294200154582569,validation,False
2,art_painting,50,0.1,REP,0.7784124801036403,0.7904109214038995,0.011998441300259177,validation,False
2,art_painting,50,0.15,0,0.7750601093420804,0.7750601093420804,0.0,validation,False
2,art_painting,50,0.15,STD,0.7750601093420804,0.7814462731143487,0.006386163772268305,validation,False
2,art_painting,50,0.15,O50,0.7750601093420804,0.7629704785578146,-0.012089630784265726,validation,False
2,art_painting,50,0.15,REP,0.7750601093420804,0.790011695153217,0.014951585811136647,validation,False
2,art_painting,100,0.0,0,0.8143105174795101,0.8143105174795101,0.0,validation,False
2,art_painting,100,0.0,STD,0.8143105174795101,0.8101271668181477,-0.004183350661362439,validation,False
2,art_painting,100,0.0,O50,0.8143105174795101,0.8080701066512523,-0.00624041082825777,validation,False
2,art_painting,100,0.0,REP,0.8143105174795101,0.8123293011491249,-0.0019812163303851715,validation,False
2,art_painting,100,0.02,0,0.8043105174795102,0.8043105174795102,0.0,validation,False
2,art_painting,100,0.02,STD,0.8043105174795102,0.7951271668181477,-0.009183350661362555,validation,False
2,art_painting,100,0.02,O50,0.8043105174795102,0.7930701066512523,-0.011240410828257885,validation,False
2,art_painting,100,0.02,REP,0.8043105174795102,0.8016927078456375,-0.002617809633872703,validation,False
2,art_painting,100,0.05,0,0.7909124801036402,0.7909124801036402,0.0,validation,False
2,art_painting,100,0.05,STD,0.7909124801036402,0.7781973834105316,-0.012715096693108663,validation,False
2,art_painting,100,0.05,O50,0.7909124801036402,0.7736772690564442,-0.017235211047196053,validation,False
2,art_painting,100,0.05,REP,0.7909124801036402,0.7933677570520707,0.002455276948430507,validation,False
2,art_painting,100,0.1,0,0.7784124801036403,0.7784124801036403,0.0,validation,False
2,art_painting,100,0.1,STD,0.7784124801036403,0.7581898022215913,-0.02022267788204901,validation,False
2,art_painting,100,0.1,O50,0.7784124801036403,0.7486772690564443,-0.02973521104719601,validation,False
2,art_painting,100,0.1,REP,0.7784124801036403,0.7857314006633633,0.007318920559723052,validation,False
2,art_painting,100,0.15,0,0.7750601093420804,0.7750601093420804,0.0,validation,False
2,art_painting,100,0.15,STD,0.7750601093420804,0.7456898022215912,-0.02937030712048916,validation,False
2,art_painting,100,0.15,O50,0.7750601093420804,0.7321022824403005,-0.04295782690177985,validation,False
2,art_painting,100,0.15,REP,0.7750601093420804,0.7857314006633633,0.010671291321282972,validation,False
2,cartoon,25,0.0,0,0.8143105174795101,0.8143105174795101,0.0,validation,False
2,cartoon,25,0.0,STD,0.8143105174795101,0.8054529420949746,-0.008857575384535465,validation,False
2,cartoon,25,0.0,O50,0.8143105174795101,0.8081811758125376,-0.006129341666972543,validation,False
2,cartoon,25,0.0,REP,0.8143105174795101,0.820713409167971,0.0064028916884608655,validation,False
2,cartoon,25,0.02,0,0.8043105174795102,0.8043105174795102,0.0,validation,False
2,cartoon,25,0.02,STD,0.8043105174795102,0.7952046968947891,-0.009105820584721092,validation,False
2,cartoon,25,0.02,O50,0.8043105174795102,0.7981811758125376,-0.006129341666972654,validation,False
2,cartoon,25,0.02,REP,0.8043105174795102,0.8107134091679709,0.0064028916884606435,validation,False
2,cartoon,25,0.05,0,0.7909124801036402,0.7909124801036402,0.0,validation,False
2,cartoon,25,0.05,STD,0.7909124801036402,0.781933353998466,-0.008979126105174262,validation,False
2,cartoon,25,0.05,O50,0.7909124801036402,0.7849977991371856,-0.005914680966454644,validation,False
2,cartoon,25,0.05,REP,0.7909124801036402,0.7997429557289015,0.008830475625261291,validation,False
2,cartoon,25,0.1,0,0.7784124801036403,0.7784124801036403,0.0,validation,False
2,cartoon,25,0.1,STD,0.7784124801036403,0.769433353998466,-0.008979126105174262,validation,False
2,cartoon,25,0.1,O50,0.7784124801036403,0.7724977991371856,-0.005914680966454644,validation,False
2,cartoon,25,0.1,REP,0.7784124801036403,0.79962418656806,0.021211706464419722,validation,False
2,cartoon,25,0.15,0,0.7750601093420804,0.7750601093420804,0.0,validation,False
2,cartoon,25,0.15,STD,0.7750601093420804,0.756933353998466,-0.01812675534361441,validation,False
2,cartoon,25,0.15,O50,0.7750601093420804,0.7639249021174641,-0.01113520722461625,validation,False
2,cartoon,25,0.15,REP,0.7750601093420804,0.79962418656806,0.02456407722597964,validation,False
2,cartoon,50,0.0,0,0.8143105174795101,0.8143105174795101,0.0,validation,False
2,cartoon,50,0.0,STD,0.8143105174795101,0.7985556157365133,-0.015754901742996763,validation,False
2,cartoon,50,0.0,O50,0.8143105174795101,0.8023972614644922,-0.011913256015017915,validation,False
2,cartoon,50,0.0,REP,0.8143105174795101,0.8185240654001414,0.004213547920631333,validation,False
2,cartoon,50,0.02,0,0.8043105174795102,0.8043105174795102,0.0,validation,False
2,cartoon,50,0.02,STD,0.8043105174795102,0.7835556157365133,-0.02075490174299688,validation,False
2,cartoon,50,0.02,O50,0.8043105174795102,0.7873972614644922,-0.01691325601501803,validation,False
2,cartoon,50,0.02,REP,0.8043105174795102,0.8085240654001414,0.004213547920631222,validation,False
2,cartoon,50,0.05,0,0.7909124801036402,0.7909124801036402,0.0,validation,False
2,cartoon,50,0.05,STD,0.7909124801036402,0.7630689476818057,-0.02784353242183457,validation,False
2,cartoon,50,0.05,O50,0.7909124801036402,0.7654266810386594,-0.02548579906498083,validation,False
2,cartoon,50,0.05,REP,0.7909124801036402,0.8021530207799563,0.01124054067631608,validation,False
2,cartoon,50,0.1,0,0.7784124801036403,0.7784124801036403,0.0,validation,False
2,cartoon,50,0.1,STD,0.7784124801036403,0.7472040768292502,-0.031208403274390117,validation,False
2,cartoon,50,0.1,O50,0.7784124801036403,0.7521483008446586,-0.026264179258981724,validation,False
2,cartoon,50,0.1,REP,0.7784124801036403,0.8021530207799563,0.023740540676316035,validation,False
2,cartoon,50,0.15,0,0.7750601093420804,0.7750601093420804,0.0,validation,False
2,cartoon,50,0.15,STD,0.7750601093420804,0.7349123240345768,-0.040147785307503514,validation,False
2,cartoon,50,0.15,O50,0.7750601093420804,0.740601680294626,-0.03445842904745433,validation,False
2,cartoon,50,0.15,REP,0.7750601093420804,0.8021530207799563,0.027092911437875955,validation,False
2,cartoon,100,0.0,0,0.8143105174795101,0.8143105174795101,0.0,validation,False
2,cartoon,100,0.0,STD,0.8143105174795101,0.7968275913965692,-0.017482926082940886,validation,False
2,cartoon,100,0.0,O50,0.8143105174795101,0.7968275913965692,-0.017482926082940886,validation,False
2,cartoon,100,0.0,REP,0.8143105174795101,0.8111753077466518,-0.0031352097328583017,validation,False
2,cartoon,100,0.02,0,0.8043105174795102,0.8043105174795102,0.0,validation,False
2,cartoon,100,0.02,STD,0.8043105174795102,0.7768275913965692,-0.027482926082941006,validation,False
2,cartoon,100,0.02,O50,0.8043105174795102,0.7810238786951902,-0.023286638784320024,validation,False
2,cartoon,100,0.02,REP,0.8043105174795102,0.8011753077466518,-0.0031352097328584128,validation,False
2,cartoon,100,0.05,0,0.7909124801036402,0.7909124801036402,0.0,validation,False
2,cartoon,100,0.05,STD,0.7909124801036402,0.7508033930517156,-0.04010908705192462,validation,False
2,cartoon,100,0.05,O50,0.7909124801036402,0.7585238786951902,-0.03238860140845001,validation,False
2,cartoon,100,0.05,REP,0.7909124801036402,0.787865236591753,-0.003047243511887232,validation,False
2,cartoon,100,0.1,0,0.7784124801036403,0.7784124801036403,0.0,validation,False
2,cartoon,100,0.1,STD,0.7784124801036403,0.7133033930517158,-0.06510908705192453,validation,False
2,cartoon,100,0.1,O50,0.7784124801036403,0.7265990154793773,-0.05181346462426295,validation,False
2,cartoon,100,0.1,REP,0.7784124801036403,0.775365236591753,-0.003047243511887232,validation,False
2,cartoon,100,0.15,0,0.7750601093420804,0.7750601093420804,0.0,validation,False
2,cartoon,100,0.15,STD,0.7750601093420804,0.6878607443551752,-0.08719936498690517,validation,False
2,cartoon,100,0.15,O50,0.7750601093420804,0.7132584914066904,-0.06180161793538996,validation,False
2,cartoon,100,0.15,REP,0.7750601093420804,0.762865236591753,-0.012194872750327379,validation,False
2,sketch,25,0.0,0,0.8143105174795101,0.8143105174795101,0.0,validation,False
2,sketch,25,0.0,STD,0.8143105174795101,0.8017832593644946,-0.012527258115015538,validation,False
2,sketch,25,0.0,O50,0.8143105174795101,0.7968275913965692,-0.017482926082940886,validation,False
2,sketch,25,0.0,REP,0.8143105174795101,0.8156462038163405,0.001335686336830344,validation,False
2,sketch,25,0.02,0,0.8043105174795102,0.8043105174795102,0.0,validation,False
2,sketch,25,0.02,STD,0.8043105174795102,0.7867832593644946,-0.017527258115015654,validation,False
2,sketch,25,0.02,O50,0.8043105174795102,0.7788092743537496,-0.02550124312576063,validation,False
2,sketch,25,0.02,REP,0.8043105174795102,0.8056462038163406,0.001335686336830344,validation,False
2,sketch,25,0.05,0,0.7909124801036402,0.7909124801036402,0.0,validation,False
2,sketch,25,0.05,STD,0.7909124801036402,0.7642832593644945,-0.026629220739145754,validation,False
2,sketch,25,0.05,O50,0.7909124801036402,0.7563092743537496,-0.03460320574989062,validation,False
2,sketch,25,0.05,REP,0.7909124801036402,0.7934977236456097,0.0025852435419694286,validation,False
2,sketch,25,0.1,0,0.7784124801036403,0.7784124801036403,0.0,validation,False
2,sketch,25,0.1,STD,0.7784124801036403,0.7348424350723002,-0.0435700450313401,validation,False
2,sketch,25,0.1,O50,0.7784124801036403,0.7240529592425884,-0.05435952086105189,validation,False
2,sketch,25,0.1,REP,0.7784124801036403,0.7934977236456097,0.015085243541969384,validation,False
2,sketch,25,0.15,0,0.7750601093420804,0.7750601093420804,0.0,validation,False
2,sketch,25,0.15,STD,0.7750601093420804,0.7290069236082262,-0.046053185733854196,validation,False
2,sketch,25,0.15,O50,0.7750601093420804,0.7199787097372545,-0.05508139960482583,validation,False
2,sketch,25,0.15,REP,0.7750601093420804,0.7934977236456097,0.018437614303529304,validation,False
2,sketch,50,0.0,0,0.8143105174795101,0.8143105174795101,0.0,validation,False
2,sketch,50,0.0,STD,0.8143105174795101,0.7968275913965692,-0.017482926082940886,validation,False
2,sketch,50,0.0,O50,0.8143105174795101,0.7968275913965692,-0.017482926082940886,validation,False
2,sketch,50,0.0,REP,0.8143105174795101,0.8184053119347324,0.004094794455222317,validation,False
2,sketch,50,0.02,0,0.8043105174795102,0.8043105174795102,0.0,validation,False
2,sketch,50,0.02,STD,0.8043105174795102,0.7768275913965692,-0.027482926082941006,validation,False
2,sketch,50,0.02,O50,0.8043105174795102,0.7768275913965692,-0.027482926082941006,validation,False
2,sketch,50,0.02,REP,0.8043105174795102,0.8084053119347323,0.004094794455222095,validation,False
2,sketch,50,0.05,0,0.7909124801036402,0.7909124801036402,0.0,validation,False
2,sketch,50,0.05,STD,0.7909124801036402,0.7540610149741312,-0.03685146512950899,validation,False
2,sketch,50,0.05,O50,0.7909124801036402,0.7514384711573245,-0.0394740089463157,validation,False
2,sketch,50,0.05,REP,0.7909124801036402,0.7975725670444991,0.006660086940858845,validation,False
2,sketch,50,0.1,0,0.7784124801036403,0.7784124801036403,0.0,validation,False
2,sketch,50,0.1,STD,0.7784124801036403,0.7248681122493854,-0.05354436785425487,validation,False
2,sketch,50,0.1,O50,0.7784124801036403,0.7139384711573247,-0.06447400894631561,validation,False
2,sketch,50,0.1,REP,0.7784124801036403,0.7975725670444991,0.0191600869408588,validation,False
2,sketch,50,0.15,0,0.7750601093420804,0.7750601093420804,0.0,validation,False
2,sketch,50,0.15,STD,0.7750601093420804,0.6998681122493855,-0.07519199709269486,validation,False
2,sketch,50,0.15,O50,0.7750601093420804,0.6777930576324561,-0.09726705170962424,validation,False
2,sketch,50,0.15,REP,0.7750601093420804,0.7975725670444991,0.02251245770241872,validation,False
2,sketch,100,0.0,0,0.8143105174795101,0.8143105174795101,0.0,validation,False
2,sketch,100,0.0,STD,0.8143105174795101,0.7968275913965692,-0.017482926082940886,validation,False
2,sketch,100,0.0,O50,0.8143105174795101,0.7968275913965692,-0.017482926082940886,validation,False
2,sketch,100,0.0,REP,0.8143105174795101,0.8112167386031487,-0.0030937788763614193,validation,False
2,sketch,100,0.02,0,0.8043105174795102,0.8043105174795102,0.0,validation,False
2,sketch,100,0.02,STD,0.8043105174795102,0.7768275913965692,-0.027482926082941006,validation,False
2,sketch,100,0.02,O50,0.8043105174795102,0.7768275913965692,-0.027482926082941006,validation,False
2,sketch,100,0.02,REP,0.8043105174795102,0.8012167386031487,-0.0030937788763615304,validation,False
2,sketch,100,0.05,0,0.7909124801036402,0.7909124801036402,0.0,validation,False
2,sketch,100,0.05,STD,0.7909124801036402,0.7468275913965692,-0.04408488870707106,validation,False
2,sketch,100,0.05,O50,0.7909124801036402,0.7468275913965692,-0.04408488870707106,validation,False
2,sketch,100,0.05,REP,0.7909124801036402,0.7930753152610684,0.002162835157428211,validation,False
2,sketch,100,0.1,0,0.7784124801036403,0.7784124801036403,0.0,validation,False
2,sketch,100,0.1,STD,0.7784124801036403,0.6968275913965692,-0.08158488870707103,validation,False
2,sketch,100,0.1,O50,0.7784124801036403,0.6968275913965692,-0.08158488870707103,validation,False
2,sketch,100,0.1,REP,0.7784124801036403,0.7930753152610684,0.014662835157428167,validation,False
2,sketch,100,0.15,0,0.7750601093420804,0.7750601093420804,0.0,validation,False
2,sketch,100,0.15,STD,0.7750601093420804,0.6535574680676022,-0.12150264127447818,validation,False
2,sketch,100,0.15,O50,0.7750601093420804,0.6468275913965692,-0.12823251794551116,validation,False
2,sketch,100,0.15,REP,0.7750601093420804,0.7930753152610684,0.018015205918988086,validation,False
3,photo,25,0.0,0,0.8416302193526375,0.8416302193526375,0.0,validation,False
3,photo,25,0.0,STD,0.8416302193526375,0.8151254370328948,-0.026504782319742737,validation,False
3,photo,25,0.0,O50,0.8416302193526375,0.8151254370328948,-0.026504782319742737,validation,False
3,photo,25,0.0,REP,0.8416302193526375,0.8151254370328948,-0.026504782319742737,validation,False
3,photo,25,0.02,0,0.8316302193526375,0.8316302193526375,0.0,validation,False
3,photo,25,0.02,STD,0.8316302193526375,0.7971914390827999,-0.0344387802698376,validation,False
3,photo,25,0.02,O50,0.8316302193526375,0.7991288543681887,-0.03250136498444878,validation,False
3,photo,25,0.02,REP,0.8316302193526375,0.7985997063439767,-0.03303051300866078,validation,False
3,photo,25,0.05,0,0.819201807251176,0.819201807251176,0.0,validation,False
3,photo,25,0.05,STD,0.819201807251176,0.7824849796341695,-0.03671682761700645,validation,False
3,photo,25,0.05,O50,0.819201807251176,0.7847841120642318,-0.03441769518694415,validation,False
3,photo,25,0.05,REP,0.819201807251176,0.7849846738425322,-0.03421713340864374,validation,False
3,photo,25,0.1,0,0.817369289745614,0.817369289745614,0.0,validation,False
3,photo,25,0.1,STD,0.817369289745614,0.7699849796341696,-0.047384310111444394,validation,False
3,photo,25,0.1,O50,0.817369289745614,0.7770712469946404,-0.040298042750973595,validation,False
3,photo,25,0.1,REP,0.817369289745614,0.7849846738425322,-0.032384615903081726,validation,False
3,photo,25,0.15,0,0.817369289745614,0.817369289745614,0.0,validation,False
3,photo,25,0.15,STD,0.817369289745614,0.7609921054781877,-0.05637718426742622,validation,False
3,photo,25,0.15,O50,0.817369289745614,0.7770712469946404,-0.040298042750973595,validation,False
3,photo,25,0.15,REP,0.817369289745614,0.7849846738425322,-0.032384615903081726,validation,False
3,photo,50,0.0,0,0.8416302193526375,0.8416302193526375,0.0,validation,False
3,photo,50,0.0,STD,0.8416302193526375,0.8215180169297652,-0.02011220242287226,validation,False
3,photo,50,0.0,O50,0.8416302193526375,0.8190549627425731,-0.02257525661006443,validation,False
3,photo,50,0.0,REP,0.8416302193526375,0.8151254370328948,-0.026504782319742737,validation,False
3,photo,50,0.02,0,0.8316302193526375,0.8316302193526375,0.0,validation,False
3,photo,50,0.02,STD,0.8316302193526375,0.8065180169297652,-0.025112202422872265,validation,False
3,photo,50,0.02,O50,0.8316302193526375,0.804054962742573,-0.027575256610064436,validation,False
3,photo,50,0.02,REP,0.8316302193526375,0.8018778758718003,-0.029752343480837218,validation,False
3,photo,50,0.05,0,0.819201807251176,0.819201807251176,0.0,validation,False
3,photo,50,0.05,STD,0.819201807251176,0.7840180169297651,-0.035183790321410835,validation,False
3,photo,50,0.05,O50,0.819201807251176,0.7815549627425731,-0.037646844508602895,validation,False
3,photo,50,0.05,REP,0.819201807251176,0.7943778758718003,-0.024823931379375663,validation,False
3,photo,50,0.1,0,0.817369289745614,0.817369289745614,0.0,validation,False
3,photo,50,0.1,STD,0.817369289745614,0.762746688451011,-0.054622601294602946,validation,False
3,photo,50,0.1,O50,0.817369289745614,0.7614276059394545,-0.05594168380615949,validation,False
3,photo,50,0.1,REP,0.817369289745614,0.7918917765600864,-0.0254775131855276,validation,False
3,photo,50,0.15,0,0.817369289745614,0.817369289745614,0.0,validation,False
3,photo,50,0.15,STD,0.817369289745614,0.750246688451011,-0.06712260129460301,validation,False
3,photo,50,0.15,O50,0.817369289745614,0.7489276059394544,-0.06844168380615956,validation,False
3,photo,50,0.15,REP,0.817369289745614,0.7918917765600864,-0.0254775131855276,validation,False
3,photo,100,0.0,0,0.8416302193526375,0.8416302193526375,0.0,validation,False
3,photo,100,0.0,STD,0.8416302193526375,0.8240605244778344,-0.017569694874803088,validation,False
3,photo,100,0.0,O50,0.8416302193526375,0.821632940541034,-0.019997278811603514,validation,False
3,photo,100,0.0,REP,0.8416302193526375,0.8240605244778344,-0.017569694874803088,validation,False
3,photo,100,0.02,0,0.8316302193526375,0.8316302193526375,0.0,validation,False
3,photo,100,0.02,STD,0.8316302193526375,0.8090605244778344,-0.022569694874803092,validation,False
3,photo,100,0.02,O50,0.8316302193526375,0.806632940541034,-0.02499727881160352,validation,False
3,photo,100,0.02,REP,0.8316302193526375,0.8135146084341128,-0.01811561091852465,validation,False
3,photo,100,0.05,0,0.819201807251176,0.819201807251176,0.0,validation,False
3,photo,100,0.05,STD,0.819201807251176,0.7865605244778345,-0.03264128277334144,validation,False
3,photo,100,0.05,O50,0.819201807251176,0.7841329405410339,-0.03506886671014209,validation,False
3,photo,100,0.05,REP,0.819201807251176,0.8060146084341129,-0.013187198817063095,validation,False
3,photo,100,0.1,0,0.817369289745614,0.817369289745614,0.0,validation,False
3,photo,100,0.1,STD,0.817369289745614,0.7496127668463712,-0.06775652289924272,validation,False
3,photo,100,0.1,O50,0.817369289745614,0.7553091059902952,-0.06206018375531874,validation,False
3,photo,100,0.1,REP,0.817369289745614,0.7981724757491242,-0.01919681399648976,validation,False
3,photo,100,0.15,0,0.817369289745614,0.817369289745614,0.0,validation,False
3,photo,100,0.15,STD,0.817369289745614,0.7338476343212502,-0.08352165542436374,validation,False
3,photo,100,0.15,O50,0.817369289745614,0.7428091059902953,-0.0745601837553187,validation,False
3,photo,100,0.15,REP,0.817369289745614,0.7981724757491242,-0.01919681399648976,validation,False
3,art_painting,25,0.0,0,0.8416302193526375,0.8416302193526375,0.0,validation,False
3,art_painting,25,0.0,STD,0.8416302193526375,0.8151254370328948,-0.026504782319742737,validation,False
3,art_painting,25,0.0,O50,0.8416302193526375,0.8178949436056683,-0.02373527574696921,validation,False
3,art_painting,25,0.0,REP,0.8416302193526375,0.8199494159385582,-0.021680803414079297,validation,False
3,art_painting,25,0.02,0,0.8316302193526375,0.8316302193526375,0.0,validation,False
3,art_painting,25,0.02,STD,0.8316302193526375,0.8035112030657873,-0.028119016286850207,validation,False
3,art_painting,25,0.02,O50,0.8316302193526375,0.8136505265556069,-0.0179796927970306,validation,False
3,art_painting,25,0.02,REP,0.8316302193526375,0.8055485944731695,-0.02608162487946797,validation,False
3,art_painting,25,0.05,0,0.819201807251176,0.819201807251176,0.0,validation,False
3,art_painting,25,0.05,STD,0.819201807251176,0.802712391003649,-0.016489416247526978,validation,False
3,art_painting,25,0.05,O50,0.819201807251176,0.8136505265556069,-0.005551280695569094,validation,False
3,art_painting,25,0.05,REP,0.819201807251176,0.8046801342323044,-0.014521673018871528,validation,False
3,art_painting,25,0.1,0,0.817369289745614,0.817369289745614,0.0,validation,False
3,art_painting,25,0.1,STD,0.817369289745614,0.802712391003649,-0.014656898741964963,validation,False
3,art_painting,25,0.1,O50,0.817369289745614,0.8136505265556069,-0.0037187631900070794,validation,False
3,art_painting,25,0.1,REP,0.817369289745614,0.8046801342323044,-0.012689155513309514,validation,False
3,art_painting,25,0.15,0,0.817369289745614,0.817369289745614,0.0,validation,False
3,art_painting,25,0.15,STD,0.817369289745614,0.802712391003649,-0.014656898741964963,validation,False
3,art_painting,25,0.15,O50,0.817369289745614,0.8136505265556069,-0.0037187631900070794,validation,False
3,art_painting,25,0.15,REP,0.817369289745614,0.8046801342323044,-0.012689155513309514,validation,False
3,art_painting,50,0.0,0,0.8416302193526375,0.8416302193526375,0.0,validation,False
3,art_painting,50,0.0,STD,0.8416302193526375,0.8151254370328948,-0.026504782319742737,validation,False
3,art_painting,50,0.0,O50,0.8416302193526375,0.8151254370328948,-0.026504782319742737,validation,False
3,art_painting,50,0.0,REP,0.8416302193526375,0.8151254370328948,-0.026504782319742737,validation,False
3,art_painting,50,0.02,0,0.8316302193526375,0.8316302193526375,0.0,validation,False
3,art_painting,50,0.02,STD,0.8316302193526375,0.7951254370328948,-0.036504782319742635,validation,False
3,art_painting,50,0.02,O50,0.8316302193526375,0.7958408271428534,-0.035789392209784054,validation,False
3,art_painting,50,0.02,REP,0.8316302193526375,0.7988121104834994,-0.03281810886913805,validation,False
3,art_painting,50,0.05,0,0.819201807251176,0.819201807251176,0.0,validation,False
3,art_painting,50,0.05,STD,0.819201807251176,0.772991490672451,-0.046210316578724986,validation,False
3,art_painting,50,0.05,O50,0.819201807251176,0.7737165175252974,-0.04548528972587862,validation,False
3,art_painting,50,0.05,REP,0.819201807251176,0.7975595079563785,-0.02164229929479744,validation,False
3,art_painting,50,0.1,0,0.817369289745614,0.817369289745614,0.0,validation,False
3,art_painting,50,0.1,STD,0.817369289745614,0.763067292230083,-0.054301997515531,validation,False
3,art_painting,50,0.1,O50,0.817369289745614,0.7566302663332183,-0.060739023412395676,validation,False
3,art_painting,50,0.1,REP,0.817369289745614,0.7975595079563785,-0.019809781789235426,validation,False
3,art_painting,50,0.15,0,0.817369289745614,0.817369289745614,0.0,validation,False
3,art_painting,50,0.15,STD,0.817369289745614,0.763067292230083,-0.054301997515531,validation,False
3,art_painting,50,0.15,O50,0.817369289745614,0.7462796355764852,-0.07108965416912871,validation,False
3,art_painting,50,0.15,REP,0.817369289745614,0.7975595079563785,-0.019809781789235426,validation,False
3,art_painting,100,0.0,0,0.8416302193526375,0.8416302193526375,0.0,validation,False
3,art_painting,100,0.0,STD,0.8416302193526375,0.8151254370328948,-0.026504782319742737,validation,False
3,art_painting,100,0.0,O50,0.8416302193526375,0.8151254370328948,-0.026504782319742737,validation,False
3,art_painting,100,0.0,REP,0.8416302193526375,0.8184014362657804,-0.023228783086857052,validation,False
3,art_painting,100,0.02,0,0.8316302193526375,0.8316302193526375,0.0,validation,False
3,art_painting,100,0.02,STD,0.8316302193526375,0.8021513258103778,-0.029478893542259632,validation,False
3,art_painting,100,0.02,O50,0.8316302193526375,0.7996165895567103,-0.032013629795927145,validation,False
3,art_painting,100,0.02,REP,0.8316302193526375,0.8123608704905888,-0.019269348862048674,validation,False
3,art_painting,100,0.05,0,0.819201807251176,0.819201807251176,0.0,validation,False
3,art_painting,100,0.05,STD,0.819201807251176,0.7871513258103778,-0.03205048144079814,validation,False
3,art_painting,100,0.05,O50,0.819201807251176,0.7846165895567104,-0.03458521769446554,validation,False
3,art_painting,100,0.05,REP,0.819201807251176,0.8074270836689146,-0.011774723582261393,validation,False
3,art_painting,100,0.1,0,0.817369289745614,0.817369289745614,0.0,validation,False
3,art_painting,100,0.1,STD,0.817369289745614,0.7637651868975452,-0.05360410284806871,validation,False
3,art_painting,100,0.1,O50,0.817369289745614,0.7638253407832722,-0.053543948962341714,validation,False
3,art_painting,100,0.1,REP,0.817369289745614,0.8074270836689146,-0.009942206076699378,validation,False
3,art_painting,100,0.15,0,0.817369289745614,0.817369289745614,0.0,validation,False
3,art_painting,100,0.15,STD,0.817369289745614,0.7512651868975453,-0.06610410284806867,validation,False
3,art_painting,100,0.15,O50,0.817369289745614,0.7575839633240892,-0.05978532642152479,validation,False
3,art_painting,100,0.15,REP,0.817369289745614,0.8074270836689146,-0.009942206076699378,validation,False
3,cartoon,25,0.0,0,0.8416302193526375,0.8416302193526375,0.0,validation,False
3,cartoon,25,0.0,STD,0.8416302193526375,0.8365397022761066,-0.005090517076530854,validation,False
3,cartoon,25,0.0,O50,0.8416302193526375,0.8399242373698692,-0.0017059819827682787,validation,False
3,cartoon,25,0.0,REP,0.8416302193526375,0.8370900502061451,-0.004540169146492357,validation,False
3,cartoon,25,0.02,0,0.8316302193526375,0.8316302193526375,0.0,validation,False
3,cartoon,25,0.02,STD,0.8316302193526375,0.8265397022761066,-0.005090517076530854,validation,False
3,cartoon,25,0.02,O50,0.8316302193526375,0.8299242373698692,-0.0017059819827682787,validation,False
3,cartoon,25,0.02,REP,0.8316302193526375,0.8270900502061451,-0.004540169146492357,validation,False
3,cartoon,25,0.05,0,0.819201807251176,0.819201807251176,0.0,validation,False
3,cartoon,25,0.05,STD,0.819201807251176,0.8115397022761066,-0.0076621049750693615,validation,False
3,cartoon,25,0.05,O50,0.819201807251176,0.8149242373698692,-0.004277569881306786,validation,False
3,cartoon,25,0.05,REP,0.819201807251176,0.8220376563456353,0.0028358490944593306,validation,False
3,cartoon,25,0.1,0,0.817369289745614,0.817369289745614,0.0,validation,False
3,cartoon,25,0.1,STD,0.817369289745614,0.7976088293577946,-0.019760460387819312,validation,False
3,cartoon,25,0.1,O50,0.817369289745614,0.7986117582316312,-0.01875753151398274,validation,False
3,cartoon,25,0.1,REP,0.817369289745614,0.8220376563456353,0.004668366600021345,validation,False
3,cartoon,25,0.15,0,0.817369289745614,0.817369289745614,0.0,validation,False
3,cartoon,25,0.15,STD,0.817369289745614,0.7976088293577946,-0.019760460387819312,validation,False
3,cartoon,25,0.15,O50,0.817369289745614,0.7889083508147237,-0.0284609389308903,validation,False
3,cartoon,25,0.15,REP,0.817369289745614,0.8220376563456353,0.004668366600021345,validation,False
3,cartoon,50,0.0,0,0.8416302193526375,0.8416302193526375,0.0,validation,False
3,cartoon,50,0.0,STD,0.8416302193526375,0.8275594464799635,-0.014070772872673998,validation,False
3,cartoon,50,0.0,O50,0.8416302193526375,0.8403501934998148,-0.0012800258528227193,validation,False
3,cartoon,50,0.0,REP,0.8416302193526375,0.828963101207496,-0.012667118145141543,validation,False
3,cartoon,50,0.02,0,0.8316302193526375,0.8316302193526375,0.0,validation,False
3,cartoon,50,0.02,STD,0.8316302193526375,0.8125594464799635,-0.019070772872674002,validation,False
3,cartoon,50,0.02,O50,0.8316302193526375,0.8303501934998148,-0.0012800258528227193,validation,False
3,cartoon,50,0.02,REP,0.8316302193526375,0.8152480785527783,-0.016382140799859224,validation,False
3,cartoon,50,0.05,0,0.819201807251176,0.819201807251176,0.0,validation,False
3,cartoon,50,0.05,STD,0.819201807251176,0.7915757266531853,-0.027626080597990654,validation,False
3,cartoon,50,0.05,O50,0.819201807251176,0.8153501934998147,-0.003851613751361227,validation,False
3,cartoon,50,0.05,REP,0.819201807251176,0.8059536923590795,-0.01324811489209643,validation,False
3,cartoon,50,0.1,0,0.817369289745614,0.817369289745614,0.0,validation,False
3,cartoon,50,0.1,STD,0.817369289745614,0.7691528531656368,-0.04821643657997721,validation,False
3,cartoon,50,0.1,O50,0.817369289745614,0.7936093965564117,-0.02375989318920224,validation,False
3,cartoon,50,0.1,REP,0.817369289745614,0.8059536923590795,-0.011415597386534415,validation,False
3,cartoon,50,0.15,0,0.817369289745614,0.817369289745614,0.0,validation,False
3,cartoon,50,0.15,STD,0.817369289745614,0.7566528531656367,-0.06071643657997727,validation,False
3,cartoon,50,0.15,O50,0.817369289745614,0.7811093965564118,-0.0362598931892022,validation,False
3,cartoon,50,0.15,REP,0.817369289745614,0.8059536923590795,-0.011415597386534415,validation,False
3,cartoon,100,0.0,0,0.8416302193526375,0.8416302193526375,0.0,validation,False
3,cartoon,100,0.0,STD,0.8416302193526375,0.8234234689129954,-0.01820675043964204,validation,False
3,cartoon,100,0.0,O50,0.8416302193526375,0.8151254370328948,-0.026504782319742737,validation,False
3,cartoon,100,0.0,REP,0.8416302193526375,0.8315604140825353,-0.01006980527010215,validation,False
3,cartoon,100,0.02,0,0.8316302193526375,0.8316302193526375,0.0,validation,False
3,cartoon,100,0.02,STD,0.8316302193526375,0.8084234689129954,-0.023206750439642043,validation,False
3,cartoon,100,0.02,O50,0.8316302193526375,0.7982784257698068,-0.03335179358283069,validation,False
3,cartoon,100,0.02,REP,0.8316302193526375,0.8165698812237361,-0.015060338128901396,validation,False
3,cartoon,100,0.05,0,0.819201807251176,0.819201807251176,0.0,validation,False
3,cartoon,100,0.05,STD,0.819201807251176,0.7859234689129955,-0.0332783383381805,validation,False
3,cartoon,100,0.05,O50,0.819201807251176,0.7757784257698067,-0.04342338148136926,validation,False
3,cartoon,100,0.05,REP,0.819201807251176,0.803538322258694,-0.015663484992481935,validation,False
3,cartoon,100,0.1,0,0.817369289745614,0.817369289745614,0.0,validation,False
3,cartoon,100,0.1,STD,0.817369289745614,0.7539408912595806,-0.06342839848603332,validation,False
3,cartoon,100,0.1,O50,0.817369289745614,0.7382784257698067,-0.07909086397580722,validation,False
3,cartoon,100,0.1,REP,0.817369289745614,0.803538322258694,-0.01383096748691992,validation,False
3,cartoon,100,0.15,0,0.817369289745614,0.817369289745614,0.0,validation,False
3,cartoon,100,0.15,STD,0.817369289745614,0.7414408912595807,-0.07592839848603328,validation,False
3,cartoon,100,0.15,O50,0.817369289745614,0.7007784257698066,-0.11659086397580731,validation,False
3,cartoon,100,0.15,REP,0.817369289745614,0.803538322258694,-0.01383096748691992,validation,False
3,sketch,25,0.0,0,0.8416302193526375,0.8416302193526375,0.0,validation,False
3,sketch,25,0.0,STD,0.8416302193526375,0.8151254370328948,-0.026504782319742737,validation,False
3,sketch,25,0.0,O50,0.8416302193526375,0.8151254370328948,-0.026504782319742737,validation,False
3,sketch,25,0.0,REP,0.8416302193526375,0.8380088166944164,-0.0036214026582210845,validation,False
3,sketch,25,0.02,0,0.8316302193526375,0.8316302193526375,0.0,validation,False
3,sketch,25,0.02,STD,0.8316302193526375,0.7951254370328948,-0.036504782319742635,validation,False
3,sketch,25,0.02,O50,0.8316302193526375,0.7951254370328948,-0.036504782319742635,validation,False
3,sketch,25,0.02,REP,0.8316302193526375,0.8280088166944164,-0.0036214026582210845,validation,False
3,sketch,25,0.05,0,0.819201807251176,0.819201807251176,0.0,validation,False
3,sketch,25,0.05,STD,0.819201807251176,0.7691484539128546,-0.050053353338321394,validation,False
3,sketch,25,0.05,O50,0.819201807251176,0.7681516402563121,-0.051050166994863866,validation,False
3,sketch,25,0.05,REP,0.819201807251176,0.8143488774993588,-0.00485292975181717,validation,False
3,sketch,25,0.1,0,0.817369289745614,0.817369289745614,0.0,validation,False
3,sketch,25,0.1,STD,0.817369289745614,0.7377654890246972,-0.07960380072091677,validation,False
3,sketch,25,0.1,O50,0.817369289745614,0.7306516402563119,-0.08671764948930205,validation,False
3,sketch,25,0.1,REP,0.817369289745614,0.8051870247509276,-0.012182264994686332,validation,False
3,sketch,25,0.15,0,0.817369289745614,0.817369289745614,0.0,validation,False
3,sketch,25,0.15,STD,0.817369289745614,0.7127654890246972,-0.1046038007209168,validation,False
3,sketch,25,0.15,O50,0.817369289745614,0.693151640256312,-0.12421764948930192,validation,False
3,sketch,25,0.15,REP,0.817369289745614,0.8051870247509276,-0.012182264994686332,validation,False
3,sketch,50,0.0,0,0.8416302193526375,0.8416302193526375,0.0,validation,False
3,sketch,50,0.0,STD,0.8416302193526375,0.8151254370328948,-0.026504782319742737,validation,False
3,sketch,50,0.0,O50,0.8416302193526375,0.8151254370328948,-0.026504782319742737,validation,False
3,sketch,50,0.0,REP,0.8416302193526375,0.8273066758951159,-0.014323543457521626,validation,False
3,sketch,50,0.02,0,0.8316302193526375,0.8316302193526375,0.0,validation,False
3,sketch,50,0.02,STD,0.8316302193526375,0.7951254370328948,-0.036504782319742635,validation,False
3,sketch,50,0.02,O50,0.8316302193526375,0.7951254370328948,-0.036504782319742635,validation,False
3,sketch,50,0.02,REP,0.8316302193526375,0.8123066758951158,-0.01932354345752163,validation,False
3,sketch,50,0.05,0,0.819201807251176,0.819201807251176,0.0,validation,False
3,sketch,50,0.05,STD,0.819201807251176,0.7651254370328948,-0.054076370218281156,validation,False
3,sketch,50,0.05,O50,0.819201807251176,0.7651254370328948,-0.054076370218281156,validation,False
3,sketch,50,0.05,REP,0.819201807251176,0.7911907198105438,-0.028011087440632187,validation,False
3,sketch,50,0.1,0,0.817369289745614,0.817369289745614,0.0,validation,False
3,sketch,50,0.1,STD,0.817369289745614,0.7180847678828521,-0.09928452186276182,validation,False
3,sketch,50,0.1,O50,0.817369289745614,0.7151254370328948,-0.10224385271271919,validation,False
3,sketch,50,0.1,REP,0.817369289745614,0.7760125759351222,-0.041356713810491774,validation,False
3,sketch,50,0.15,0,0.817369289745614,0.817369289745614,0.0,validation,False
3,sketch,50,0.15,STD,0.817369289745614,0.6846337754887561,-0.1327355142568578,validation,False
3,sketch,50,0.15,O50,0.817369289745614,0.6651254370328947,-0.15224385271271923,validation,False
3,sketch,50,0.15,REP,0.817369289745614,0.7760125759351222,-0.041356713810491774,validation,False
3,sketch,100,0.0,0,0.8416302193526375,0.8416302193526375,0.0,validation,False
3,sketch,100,0.0,STD,0.8416302193526375,0.8151254370328948,-0.026504782319742737,validation,False
3,sketch,100,0.0,O50,0.8416302193526375,0.8151254370328948,-0.026504782319742737,validation,False
3,sketch,100,0.0,REP,0.8416302193526375,0.8287492271578294,-0.012880992194808094,validation,False
3,sketch,100,0.02,0,0.8316302193526375,0.8316302193526375,0.0,validation,False
3,sketch,100,0.02,STD,0.8316302193526375,0.7951254370328948,-0.036504782319742635,validation,False
3,sketch,100,0.02,O50,0.8316302193526375,0.7951254370328948,-0.036504782319742635,validation,False
3,sketch,100,0.02,REP,0.8316302193526375,0.8187492271578294,-0.012880992194808094,validation,False
3,sketch,100,0.05,0,0.819201807251176,0.819201807251176,0.0,validation,False
3,sketch,100,0.05,STD,0.819201807251176,0.7651254370328948,-0.054076370218281156,validation,False
3,sketch,100,0.05,O50,0.819201807251176,0.7651254370328948,-0.054076370218281156,validation,False
3,sketch,100,0.05,REP,0.819201807251176,0.8050098346018946,-0.014191972649281404,validation,False
3,sketch,100,0.1,0,0.817369289745614,0.817369289745614,0.0,validation,False
3,sketch,100,0.1,STD,0.817369289745614,0.7151254370328948,-0.10224385271271919,validation,False
3,sketch,100,0.1,O50,0.817369289745614,0.7151254370328948,-0.10224385271271919,validation,False
3,sketch,100,0.1,REP,0.817369289745614,0.7996790770042759,-0.017690212741338085,validation,False
3,sketch,100,0.15,0,0.817369289745614,0.817369289745614,0.0,validation,False
3,sketch,100,0.15,STD,0.817369289745614,0.6651254370328947,-0.15224385271271923,validation,False
3,sketch,100,0.15,O50,0.817369289745614,0.6651254370328947,-0.15224385271271923,validation,False
3,sketch,100,0.15,REP,0.817369289745614,0.7996790770042759,-0.017690212741338085,validation,False
4,photo,25,0.0,0,0.8146520991920625,0.8146520991920625,0.0,validation,False
4,photo,25,0.0,STD,0.8146520991920625,0.8146520991920625,0.0,validation,False
4,photo,25,0.0,O50,0.8146520991920625,0.8146520991920625,0.0,validation,False
4,photo,25,0.0,REP,0.8146520991920625,0.8146520991920625,0.0,validation,False
4,photo,25,0.02,0,0.7946665981949038,0.7946665981949038,0.0,validation,False
4,photo,25,0.02,STD,0.7946665981949038,0.7946520991920624,-1.4499002841450448e-05,validation,False
4,photo,25,0.02,O50,0.7946665981949038,0.7946520991920624,-1.4499002841450448e-05,validation,False
4,photo,25,0.02,REP,0.7946665981949038,0.7946520991920624,-1.4499002841450448e-05,validation,False
4,photo,25,0.05,0,0.7765821930688273,0.7765821930688273,0.0,validation,False
4,photo,25,0.05,STD,0.7765821930688273,0.7646520991920623,-0.011930093876764913,validation,False
4,photo,25,0.05,O50,0.7765821930688273,0.7690823807596393,-0.007499812309187948,validation,False
4,photo,25,0.05,REP,0.7765821930688273,0.7749412116209548,-0.0016409814478725027,validation,False
4,photo,25,0.1,0,0.769788268602489,0.769788268602489,0.0,validation,False
4,photo,25,0.1,STD,0.769788268602489,0.7383072506844851,-0.03148101791800384,validation,False
4,photo,25,0.1,O50,0.769788268602489,0.7455453157733395,-0.024242952829149456,validation,False
4,photo,25,0.1,REP,0.769788268602489,0.7624412116209548,-0.00734705698153415,validation,False
4,photo,25,0.15,0,0.769788268602489,0.769788268602489,0.0,validation,False
4,photo,25,0.15,STD,0.769788268602489,0.725807250684485,-0.043981017918003906,validation,False
4,photo,25,0.15,O50,0.769788268602489,0.7330453157733394,-0.03674295282914952,validation,False
4,photo,25,0.15,REP,0.769788268602489,0.7499412116209547,-0.019847056981534217,validation,False
4,photo,50,0.0,0,0.8146520991920625,0.8146520991920625,0.0,validation,False
4,photo,50,0.0,STD,0.8146520991920625,0.8146520991920625,0.0,validation,False
4,photo,50,0.0,O50,0.8146520991920625,0.8146520991920625,0.0,validation,False
4,photo,50,0.0,REP,0.8146520991920625,0.8146520991920625,0.0,validation,False
4,photo,50,0.02,0,0.7946665981949038,0.7946665981949038,0.0,validation,False
4,photo,50,0.02,STD,0.7946665981949038,0.7965964553549948,0.0019298571600909753,validation,False
4,photo,50,0.02,O50,0.7946665981949038,0.7946520991920624,-1.4499002841450448e-05,validation,False
4,photo,50,0.02,REP,0.7946665981949038,0.7946520991920624,-1.4499002841450448e-05,validation,False
4,photo,50,0.05,0,0.7765821930688273,0.7765821930688273,0.0,validation,False
4,photo,50,0.05,STD,0.7765821930688273,0.7740964553549947,-0.0024857377138325365,validation,False
4,photo,50,0.05,O50,0.7765821930688273,0.7690823807596393,-0.007499812309187948,validation,False
4,photo,50,0.05,REP,0.7765821930688273,0.7757677157830296,-0.0008144772857976434,validation,False
4,photo,50,0.1,0,0.769788268602489,0.769788268602489,0.0,validation,False
4,photo,50,0.1,STD,0.769788268602489,0.7365964553549947,-0.033191813247494206,validation,False
4,photo,50,0.1,O50,0.769788268602489,0.7315823807596393,-0.03820588784284962,validation,False
4,photo,50,0.1,REP,0.769788268602489,0.7658306124634943,-0.003957656138994681,validation,False
4,photo,50,0.15,0,0.769788268602489,0.769788268602489,0.0,validation,False
4,photo,50,0.15,STD,0.769788268602489,0.7097294053399048,-0.06005886326258414,validation,False
4,photo,50,0.15,O50,0.769788268602489,0.7056458360971862,-0.06414243250530272,validation,False
4,photo,50,0.15,REP,0.769788268602489,0.7658306124634943,-0.003957656138994681,validation,False
4,photo,100,0.0,0,0.8146520991920625,0.8146520991920625,0.0,validation,False
4,photo,100,0.0,STD,0.8146520991920625,0.8146520991920625,0.0,validation,False
4,photo,100,0.0,O50,0.8146520991920625,0.8146520991920625,0.0,validation,False
4,photo,100,0.0,REP,0.8146520991920625,0.8146520991920625,0.0,validation,False
4,photo,100,0.02,0,0.7946665981949038,0.7946665981949038,0.0,validation,False
4,photo,100,0.02,STD,0.7946665981949038,0.7946520991920624,-1.4499002841450448e-05,validation,False
4,photo,100,0.02,O50,0.7946665981949038,0.7946520991920624,-1.4499002841450448e-05,validation,False
4,photo,100,0.02,REP,0.7946665981949038,0.7988094828148181,0.0041428846199143,validation,False
4,photo,100,0.05,0,0.7765821930688273,0.7765821930688273,0.0,validation,False
4,photo,100,0.05,STD,0.7765821930688273,0.769205817231002,-0.007376375837825244,validation,False
4,photo,100,0.05,O50,0.7765821930688273,0.7654317825893368,-0.011150410479490502,validation,False
4,photo,100,0.05,REP,0.7765821930688273,0.7871224868899717,0.010540293821144409,validation,False
4,photo,100,0.1,0,0.769788268602489,0.769788268602489,0.0,validation,False
4,photo,100,0.1,STD,0.769788268602489,0.7317058172310021,-0.0380824513714868,validation,False
4,photo,100,0.1,O50,0.769788268602489,0.7279317825893368,-0.04185648601315217,validation,False
4,photo,100,0.1,REP,0.769788268602489,0.7824530422909761,0.012664773688487174,validation,False
4,photo,100,0.15,0,0.769788268602489,0.769788268602489,0.0,validation,False
4,photo,100,0.15,STD,0.769788268602489,0.6942058172310022,-0.07558245137148678,validation,False
4,photo,100,0.15,O50,0.769788268602489,0.6907316822900293,-0.0790565863124596,validation,False
4,photo,100,0.15,REP,0.769788268602489,0.7824530422909761,0.012664773688487174,validation,False
4,art_painting,25,0.0,0,0.8146520991920625,0.8146520991920625,0.0,validation,False
4,art_painting,25,0.0,STD,0.8146520991920625,0.8146520991920625,0.0,validation,False
4,art_painting,25,0.0,O50,0.8146520991920625,0.8154584562176312,0.0008063570255687491,validation,False
4,art_painting,25,0.0,REP,0.8146520991920625,0.8146520991920625,0.0,validation,False
4,art_painting,25,0.02,0,0.7946665981949038,0.7946665981949038,0.0,validation,False
4,art_painting,25,0.02,STD,0.7946665981949038,0.7966404384654804,0.0019738402705765656,validation,False
4,art_painting,25,0.02,O50,0.7946665981949038,0.8004584562176312,0.005791858022727414,validation,False
4,art_painting,25,0.02,REP,0.7946665981949038,0.7947621707722008,9.557257729697621e-05,validation,False
4,art_painting,25,0.05,0,0.7765821930688273,0.7765821930688273,0.0,validation,False
4,art_painting,25,0.05,STD,0.7765821930688273,0.7821571318798839,0.00557493881105664,validation,False
4,art_painting,25,0.05,O50,0.7765821930688273,0.7823198916563151,0.0057376985874878494,validation,False
4,art_painting,25,0.05,REP,0.7765821930688273,0.7902526280286057,0.013670434959778488,validation,False
4,art_painting,25,0.1,0,0.769788268602489,0.769788268602489,0.0,validation,False
4,art_painting,25,0.1,STD,0.769788268602489,0.7708779148681599,0.0010896462656709849,validation,False
4,art_painting,25,0.1,O50,0.769788268602489,0.7675011862924931,-0.002287082309995858,validation,False
4,art_painting,25,0.1,REP,0.769788268602489,0.7902526280286057,0.020464359426116796,validation,False
4,art_painting,25,0.15,0,0.769788268602489,0.769788268602489,0.0,validation,False
4,art_painting,25,0.15,STD,0.769788268602489,0.7708779148681599,0.0010896462656709849,validation,False
4,art_painting,25,0.15,O50,0.769788268602489,0.7633168085607083,-0.0064714600417806745,validation,False
4,art_painting,25,0.15,REP,0.769788268602489,0.7902526280286057,0.020464359426116796,validation,False
4,art_painting,50,0.0,0,0.8146520991920625,0.8146520991920625,0.0,validation,False
4,art_painting,50,0.0,STD,0.8146520991920625,0.8146520991920625,0.0,validation,False
4,art_painting,50,0.0,O50,0.8146520991920625,0.8146520991920625,0.0,validation,False
4,art_painting,50,0.0,REP,0.8146520991920625,0.8189856179165711,0.0043335187245086,validation,False
4,art_painting,50,0.02,0,0.7946665981949038,0.7946665981949038,0.0,validation,False
4,art_painting,50,0.02,STD,0.7946665981949038,0.7946520991920624,-1.4499002841450448e-05,validation,False
4,art_painting,50,0.02,O50,0.7946665981949038,0.7946520991920624,-1.4499002841450448e-05,validation,False
4,art_painting,50,0.02,REP,0.7946665981949038,0.8056886480139819,0.011022049819078061,validation,False
4,art_painting,50,0.05,0,0.7765821930688273,0.7765821930688273,0.0,validation,False
4,art_painting,50,0.05,STD,0.7765821930688273,0.7721309388372529,-0.004451254231574331,validation,False
4,art_painting,50,0.05,O50,0.7765821930688273,0.7771795124656813,0.0005973193968540347,validation,False
4,art_painting,50,0.05,REP,0.7765821930688273,0.7959073468385434,0.019325153769716108,validation,False
4,art_painting,50,0.1,0,0.769788268602489,0.769788268602489,0.0,validation,False
4,art_painting,50,0.1,STD,0.769788268602489,0.7471309388372529,-0.022657329765236045,validation,False
4,art_painting,50,0.1,O50,0.769788268602489,0.7534318079230451,-0.01635646067944385,validation,False
4,art_painting,50,0.1,REP,0.769788268602489,0.7834073468385434,0.01361907823605446,validation,False
4,art_painting,50,0.15,0,0.769788268602489,0.769788268602489,0.0,validation,False
4,art_painting,50,0.15,STD,0.769788268602489,0.7313828874827204,-0.038405381119768545,validation,False
4,art_painting,50,0.15,O50,0.769788268602489,0.7409318079230451,-0.028856460679443807,validation,False
4,art_painting,50,0.15,REP,0.769788268602489,0.780600327528274,0.010812058925785073,validation,False
4,art_painting,100,0.0,0,0.8146520991920625,0.8146520991920625,0.0,validation,False
4,art_painting,100,0.0,STD,0.8146520991920625,0.8146520991920625,0.0,validation,False
4,art_painting,100,0.0,O50,0.8146520991920625,0.8146520991920625,0.0,validation,False
4,art_painting,100,0.0,REP,0.8146520991920625,0.8154144731071458,0.0007623739150832698,validation,False
4,art_painting,100,0.02,0,0.7946665981949038,0.7946665981949038,0.0,validation,False
4,art_painting,100,0.02,STD,0.7946665981949038,0.7946520991920624,-1.4499002841450448e-05,validation,False
4,art_painting,100,0.02,O50,0.7946665981949038,0.7946520991920624,-1.4499002841450448e-05,validation,False
4,art_painting,100,0.02,REP,0.7946665981949038,0.8040507571818415,0.009384158986937674,validation,False
4,art_painting,100,0.05,0,0.7765821930688273,0.7765821930688273,0.0,validation,False
4,art_painting,100,0.05,STD,0.7765821930688273,0.7646520991920623,-0.011930093876764913,validation,False
4,art_painting,100,0.05,O50,0.7765821930688273,0.7646520991920623,-0.011930093876764913,validation,False
4,art_painting,100,0.05,REP,0.7765821930688273,0.8006437021333986,0.024061509064571385,validation,False
4,art_painting,100,0.1,0,0.769788268602489,0.769788268602489,0.0,validation,False
4,art_painting,100,0.1,STD,0.769788268602489,0.7285719636296142,-0.04121630497287476,validation,False
4,art_painting,100,0.1,O50,0.769788268602489,0.7319424749211142,-0.03784579368137475,validation,False
4,art_painting,100,0.1,REP,0.769788268602489,0.8006437021333986,0.030855433530909693,validation,False
4,art_painting,100,0.15,0,0.769788268602489,0.769788268602489,0.0,validation,False
4,art_painting,100,0.15,STD,0.769788268602489,0.7114159338294661,-0.05837233477302284,validation,False
4,art_painting,100,0.15,O50,0.769788268602489,0.7145433781589985,-0.05524489044349046,validation,False
4,art_painting,100,0.15,REP,0.769788268602489,0.8006437021333986,0.030855433530909693,validation,False
4,cartoon,25,0.0,0,0.8146520991920625,0.8146520991920625,0.0,validation,False
4,cartoon,25,0.0,STD,0.8146520991920625,0.8146520991920625,0.0,validation,False
4,cartoon,25,0.0,O50,0.8146520991920625,0.8146520991920625,0.0,validation,False
4,cartoon,25,0.0,REP,0.8146520991920625,0.8146520991920625,0.0,validation,False
4,cartoon,25,0.02,0,0.7946665981949038,0.7946665981949038,0.0,validation,False
4,cartoon,25,0.02,STD,0.7946665981949038,0.7982572686787983,0.003590670483894498,validation,False
4,cartoon,25,0.02,O50,0.7946665981949038,0.7989696602954643,0.0043030621005605285,validation,False
4,cartoon,25,0.02,REP,0.7946665981949038,0.7987480700017854,0.004081471806881565,validation,False
4,cartoon,25,0.05,0,0.7765821930688273,0.7765821930688273,0.0,validation,False
4,cartoon,25,0.05,STD,0.7765821930688273,0.7766078925768558,2.5699508028553808e-05,validation,False
4,cartoon,25,0.05,O50,0.7765821930688273,0.7797833383807139,0.003201145311886644,validation,False
4,cartoon,25,0.05,REP,0.7765821930688273,0.7818131115271711,0.005230918458343892,validation,False
4,cartoon,25,0.1,0,0.769788268602489,0.769788268602489,0.0,validation,False
4,cartoon,25,0.1,STD,0.769788268602489,0.7639632126869502,-0.005825055915538724,validation,False
4,cartoon,25,0.1,O50,0.769788268602489,0.7610039624026315,-0.008784306199857483,validation,False
4,cartoon,25,0.1,REP,0.769788268602489,0.7818131115271711,0.0120248429246822,validation,False
4,cartoon,25,0.15,0,0.769788268602489,0.769788268602489,0.0,validation,False
4,cartoon,25,0.15,STD,0.769788268602489,0.7639632126869502,-0.005825055915538724,validation,False
4,cartoon,25,0.15,O50,0.769788268602489,0.7551448437006842,-0.014643424901804702,validation,False
4,cartoon,25,0.15,REP,0.769788268602489,0.7818131115271711,0.0120248429246822,validation,False
4,cartoon,50,0.0,0,0.8146520991920625,0.8146520991920625,0.0,validation,False
4,cartoon,50,0.0,STD,0.8146520991920625,0.8146520991920625,0.0,validation,False
4,cartoon,50,0.0,O50,0.8146520991920625,0.8146520991920625,0.0,validation,False
4,cartoon,50,0.0,REP,0.8146520991920625,0.8146520991920625,0.0,validation,False
4,cartoon,50,0.02,0,0.7946665981949038,0.7946665981949038,0.0,validation,False
4,cartoon,50,0.02,STD,0.7946665981949038,0.7946520991920624,-1.4499002841450448e-05,validation,False
4,cartoon,50,0.02,O50,0.7946665981949038,0.7950496964177926,0.00038309822288873363,validation,False
4,cartoon,50,0.02,REP,0.7946665981949038,0.7946520991920624,-1.4499002841450448e-05,validation,False
4,cartoon,50,0.05,0,0.7765821930688273,0.7765821930688273,0.0,validation,False
4,cartoon,50,0.05,STD,0.7765821930688273,0.7688809322389494,-0.007701260829877876,validation,False
4,cartoon,50,0.05,O50,0.7765821930688273,0.7725496964177925,-0.004032496651034778,validation,False
4,cartoon,50,0.05,REP,0.7765821930688273,0.774852913471849,-0.001729279596978217,validation,False
4,cartoon,50,0.1,0,0.769788268602489,0.769788268602489,0.0,validation,False
4,cartoon,50,0.1,STD,0.769788268602489,0.7507155467684179,-0.01907272183407105,validation,False
4,cartoon,50,0.1,O50,0.769788268602489,0.7466292478618285,-0.023159020740660452,validation,False
4,cartoon,50,0.1,REP,0.769788268602489,0.7653355702141844,-0.004452698388304532,validation,False
4,cartoon,50,0.15,0,0.769788268602489,0.769788268602489,0.0,validation,False
4,cartoon,50,0.15,STD,0.769788268602489,0.7507155467684179,-0.01907272183407105,validation,False
4,cartoon,50,0.15,O50,0.769788268602489,0.7437252003182186,-0.026063068284270297,validation,False
4,cartoon,50,0.15,REP,0.769788268602489,0.7653355702141844,-0.004452698388304532,validation,False
4,cartoon,100,0.0,0,0.8146520991920625,0.8146520991920625,0.0,validation,False
4,cartoon,100,0.0,STD,0.8146520991920625,0.8146520991920625,0.0,validation,False
4,cartoon,100,0.0,O50,0.8146520991920625,0.8146520991920625,0.0,validation,False
4,cartoon,100,0.0,REP,0.8146520991920625,0.8146520991920625,0.0,validation,False
4,cartoon,100,0.02,0,0.7946665981949038,0.7946665981949038,0.0,validation,False
4,cartoon,100,0.02,STD,0.7946665981949038,0.7946520991920624,-1.4499002841450448e-05,validation,False
4,cartoon,100,0.02,O50,0.7946665981949038,0.7977364636899936,0.0030698654950898074,validation,False
4,cartoon,100,0.02,REP,0.7946665981949038,0.7948934139195907,0.0002268157246868574,validation,False
4,cartoon,100,0.05,0,0.7765821930688273,0.7765821930688273,0.0,validation,False
4,cartoon,100,0.05,STD,0.7765821930688273,0.7666253363891362,-0.00995685667969104,validation,False
4,cartoon,100,0.05,O50,0.7765821930688273,0.7756775127694447,-0.0009046802993825098,validation,False
4,cartoon,100,0.05,REP,0.7765821930688273,0.7723934139195906,-0.004188779149236654,validation,False
4,cartoon,100,0.1,0,0.769788268602489,0.769788268602489,0.0,validation,False
4,cartoon,100,0.1,STD,0.769788268602489,0.7291253363891362,-0.04066293221335271,validation,False
4,cartoon,100,0.1,O50,0.769788268602489,0.7506775127694447,-0.019110755833044224,validation,False
4,cartoon,100,0.1,REP,0.769788268602489,0.755204759238672,-0.014583509363816916,validation,False
4,cartoon,100,0.15,0,0.769788268602489,0.769788268602489,0.0,validation,False
4,cartoon,100,0.15,STD,0.769788268602489,0.6919391372708594,-0.07784913133162952,validation,False
4,cartoon,100,0.15,O50,0.769788268602489,0.7313438607931377,-0.03844440780935121,validation,False
4,cartoon,100,0.15,REP,0.769788268602489,0.742704759238672,-0.027083509363816982,validation,False
4,sketch,25,0.0,0,0.8146520991920625,0.8146520991920625,0.0,validation,False
4,sketch,25,0.0,STD,0.8146520991920625,0.8146520991920625,0.0,validation,False
4,sketch,25,0.0,O50,0.8146520991920625,0.8146520991920625,0.0,validation,False
4,sketch,25,0.0,REP,0.8146520991920625,0.8146520991920625,0.0,validation,False
4,sketch,25,0.02,0,0.7946665981949038,0.7946665981949038,0.0,validation,False
4,sketch,25,0.02,STD,0.7946665981949038,0.7946520991920624,-1.4499002841450448e-05,validation,False
4,sketch,25,0.02,O50,0.7946665981949038,0.7946520991920624,-1.4499002841450448e-05,validation,False
4,sketch,25,0.02,REP,0.7946665981949038,0.7946520991920624,-1.4499002841450448e-05,validation,False
4,sketch,25,0.05,0,0.7765821930688273,0.7765821930688273,0.0,validation,False
4,sketch,25,0.05,STD,0.7765821930688273,0.7698488257885332,-0.006733367280294056,validation,False
4,sketch,25,0.05,O50,0.7765821930688273,0.7646520991920623,-0.011930093876764913,validation,False
4,sketch,25,0.05,REP,0.7765821930688273,0.772039652433969,-0.004542540634858261,validation,False
4,sketch,25,0.1,0,0.769788268602489,0.769788268602489,0.0,validation,False
4,sketch,25,0.1,STD,0.769788268602489,0.7426197467684834,-0.027168521834005532,validation,False
4,sketch,25,0.1,O50,0.769788268602489,0.725580532528114,-0.04420773607437489,validation,False
4,sketch,25,0.1,REP,0.769788268602489,0.7573357098123261,-0.012452558790162827,validation,False
4,sketch,25,0.15,0,0.769788268602489,0.769788268602489,0.0,validation,False
4,sketch,25,0.15,STD,0.769788268602489,0.7296794084321154,-0.04010886017037352,validation,False
4,sketch,25,0.15,O50,0.769788268602489,0.7122579507852306,-0.05753031781725837,validation,False
4,sketch,25,0.15,REP,0.769788268602489,0.7573357098123261,-0.012452558790162827,validation,False
4,sketch,50,0.0,0,0.8146520991920625,0.8146520991920625,0.0,validation,False
4,sketch,50,0.0,STD,0.8146520991920625,0.8146520991920625,0.0,validation,False
4,sketch,50,0.0,O50,0.8146520991920625,0.8146520991920625,0.0,validation,False
4,sketch,50,0.0,REP,0.8146520991920625,0.8146520991920625,0.0,validation,False
4,sketch,50,0.02,0,0.7946665981949038,0.7946665981949038,0.0,validation,False
4,sketch,50,0.02,STD,0.7946665981949038,0.7946520991920624,-1.4499002841450448e-05,validation,False
4,sketch,50,0.02,O50,0.7946665981949038,0.7946520991920624,-1.4499002841450448e-05,validation,False
4,sketch,50,0.02,REP,0.7946665981949038,0.7980592904064984,0.00339269221159455,validation,False
4,sketch,50,0.05,0,0.7765821930688273,0.7765821930688273,0.0,validation,False
4,sketch,50,0.05,STD,0.7765821930688273,0.7646520991920623,-0.011930093876764913,validation,False
4,sketch,50,0.05,O50,0.7765821930688273,0.7646520991920623,-0.011930093876764913,validation,False
4,sketch,50,0.05,REP,0.7765821930688273,0.7816763942920634,0.005094201223236117,validation,False
4,sketch,50,0.1,0,0.769788268602489,0.769788268602489,0.0,validation,False
4,sketch,50,0.1,STD,0.769788268602489,0.7163002949531206,-0.0534879736493683,validation,False
4,sketch,50,0.1,O50,0.769788268602489,0.7146520991920624,-0.05513616941042654,validation,False
4,sketch,50,0.1,REP,0.769788268602489,0.7738978156748545,0.004109547072365549,validation,False
4,sketch,50,0.15,0,0.769788268602489,0.769788268602489,0.0,validation,False
4,sketch,50,0.15,STD,0.769788268602489,0.6788002949531207,-0.09098797364936828,validation,False
4,sketch,50,0.15,O50,0.769788268602489,0.669006845322708,-0.1007814232797809,validation,False
4,sketch,50,0.15,REP,0.769788268602489,0.7738978156748545,0.004109547072365549,validation,False
4,sketch,100,0.0,0,0.8146520991920625,0.8146520991920625,0.0,validation,False
4,sketch,100,0.0,STD,0.8146520991920625,0.8146520991920625,0.0,validation,False
4,sketch,100,0.0,O50,0.8146520991920625,0.8146520991920625,0.0,validation,False
4,sketch,100,0.0,REP,0.8146520991920625,0.8146520991920625,0.0,validation,False
4,sketch,100,0.02,0,0.7946665981949038,0.7946665981949038,0.0,validation,False
4,sketch,100,0.02,STD,0.7946665981949038,0.7946520991920624,-1.4499002841450448e-05,validation,False
4,sketch,100,0.02,O50,0.7946665981949038,0.7946520991920624,-1.4499002841450448e-05,validation,False
4,sketch,100,0.02,REP,0.7946665981949038,0.8015681332041867,0.006901535009282922,validation,False
4,sketch,100,0.05,0,0.7765821930688273,0.7765821930688273,0.0,validation,False
4,sketch,100,0.05,STD,0.7765821930688273,0.7646520991920623,-0.011930093876764913,validation,False
4,sketch,100,0.05,O50,0.7765821930688273,0.7646520991920623,-0.011930093876764913,validation,False
4,sketch,100,0.05,REP,0.7765821930688273,0.7873393037413671,0.010757110672539816,validation,False
4,sketch,100,0.1,0,0.769788268602489,0.769788268602489,0.0,validation,False
4,sketch,100,0.1,STD,0.769788268602489,0.7146520991920624,-0.05513616941042654,validation,False
4,sketch,100,0.1,O50,0.769788268602489,0.7146520991920624,-0.05513616941042654,validation,False
4,sketch,100,0.1,REP,0.769788268602489,0.7748393037413671,0.005051035138878168,validation,False
4,sketch,100,0.15,0,0.769788268602489,0.769788268602489,0.0,validation,False
4,sketch,100,0.15,STD,0.769788268602489,0.6646520991920624,-0.10513616941042658,validation,False
4,sketch,100,0.15,O50,0.769788268602489,0.6646520991920624,-0.10513616941042658,validation,False
4,sketch,100,0.15,REP,0.769788268602489,0.7649633385023235,-0.004824930100165492,validation,False
