seed,target_domain,N,c,h,chosen_action,rho,DeltaV_adaptive,DeltaV_REP,kappa_star_adaptive,kappa_star_REP,adaptive_divergence_positive_width,rep_divergence_positive_width,adaptive_divergence_interval,rep_divergence_interval,seeds_with_any_positive_kappa_region,common_4of5_kappa_lower,common_4of5_kappa_upper,common_4of5_positive_width,exact_domain_N_structures_supported_4of5,exact_adaptive_divergence_seeds
0,art_painting,25,0.0,1,0,0.05882225107901251,0.0,-0.0024865451310548403,-0.05882225107901251,-0.06130879621006735,False,False,empty,empty,0,0.0,0.0,False,0,0
0,art_painting,25,0.0,2,0,0.05882225107901251,0.0,-0.0024865451310548403,-0.05882225107901251,-0.06379534134112219,False,False,empty,empty,0,0.0,0.0,False,0,0
0,art_painting,25,0.0,5,0,0.05882225107901251,0.0,-0.0024865451310548403,-0.05882225107901251,-0.07125497673428671,False,False,empty,empty,1,0.0,0.0,False,0,1
0,art_painting,25,0.0,10,0,0.05882225107901251,0.0,-0.0024865451310548403,-0.05882225107901251,-0.08368770238956091,False,False,empty,empty,1,0.0,0.0,False,0,1
0,art_painting,25,0.02,1,0,0.07882225107901253,0.0,-0.007486545131054845,-0.07882225107901253,-0.08630879621006737,False,False,empty,empty,1,0.0,0.0,False,0,0
0,art_painting,25,0.02,2,0,0.07882225107901253,0.0,-0.007486545131054845,-0.07882225107901253,-0.09379534134112222,False,False,empty,empty,1,0.0,0.0,False,0,0
0,art_painting,25,0.02,5,0,0.07882225107901253,0.0,-0.007486545131054845,-0.07882225107901253,-0.11625497673428675,False,False,empty,empty,1,0.0,0.0,False,0,0
0,art_painting,25,0.02,10,0,0.07882225107901253,0.0,-0.007486545131054845,-0.07882225107901253,-0.15368770238956098,False,False,empty,empty,2,0.0,0.0,False,0,1
0,art_painting,25,0.05,1,0,0.10882225107901256,0.0,-0.016698877518126376,-0.10882225107901256,-0.12552112859713893,False,False,empty,empty,2,0.0,0.0,False,0,0
0,art_painting,25,0.05,2,0,0.10882225107901256,0.0,-0.016698877518126376,-0.10882225107901256,-0.1422200061152653,False,False,empty,empty,2,0.0,0.0,False,0,1
0,art_painting,25,0.05,5,0,0.10882225107901256,0.0,-0.016698877518126376,-0.10882225107901256,-0.19231663866964444,False,False,empty,empty,2,0.0,0.0,False,0,1
0,art_painting,25,0.05,10,0,0.10882225107901256,0.0,-0.016698877518126376,-0.10882225107901256,-0.2758110262602763,False,False,empty,empty,2,0.0,0.0,False,0,2
0,art_painting,25,0.1,1,0,0.1588222510790125,0.0,-0.027880369391367288,-0.1588222510790125,-0.18670262047037978,False,False,empty,empty,0,0.0,0.0,False,0,0
0,art_painting,25,0.1,2,0,0.1588222510790125,0.0,-0.027880369391367288,-0.1588222510790125,-0.21458298986174706,False,False,empty,empty,1,0.0,0.0,False,0,0
0,art_painting,25,0.1,5,0,0.1588222510790125,0.0,-0.027880369391367288,-0.1588222510790125,-0.29822409803584893,False,False,empty,empty,2,0.0,0.0,False,0,1
0,art_painting,25,0.1,10,0,0.1588222510790125,0.0,-0.027880369391367288,-0.1588222510790125,-0.43762594499268537,False,False,empty,empty,2,0.0,0.0,False,0,2
0,art_painting,25,0.15,1,0,0.20882225107901253,0.0,-0.027880369391367288,-0.20882225107901253,-0.23670262047037982,False,False,empty,empty,0,0.0,0.0,False,0,0
0,art_painting,25,0.15,2,0,0.20882225107901253,0.0,-0.027880369391367288,-0.20882225107901253,-0.2645829898617471,False,False,empty,empty,1,0.0,0.0,False,0,0
0,art_painting,25,0.15,5,0,0.20882225107901253,0.0,-0.027880369391367288,-0.20882225107901253,-0.348224098035849,False,False,empty,empty,2,0.0,0.0,False,0,0
0,art_painting,25,0.15,10,0,0.20882225107901253,0.0,-0.027880369391367288,-0.20882225107901253,-0.4876259449926854,False,False,empty,empty,2,0.0,0.0,False,0,1
0,art_painting,50,0.0,1,O50,0.05882225107901251,0.001267264588695749,-0.005570325121186603,-0.05755498649031676,-0.06439257620019911,False,False,empty,empty,0,0.0,0.0,False,0,0
0,art_painting,50,0.0,2,O50,0.05882225107901251,0.001267264588695749,-0.005570325121186603,-0.05628772190162101,-0.06996290132138572,False,False,empty,empty,0,0.0,0.0,False,0,0
0,art_painting,50,0.0,5,O50,0.05882225107901251,0.001267264588695749,-0.005570325121186603,-0.052485928135533766,-0.08667387668494553,False,False,empty,empty,1,0.0,0.0,False,0,1
0,art_painting,50,0.0,10,O50,0.05882225107901251,0.001267264588695749,-0.005570325121186603,-0.04614960519205502,-0.11452550229087854,False,False,empty,empty,1,0.0,0.0,False,0,1
0,art_painting,50,0.02,1,0,0.07882225107901253,0.0,-0.010570325121186608,-0.07882225107901253,-0.08939257620019914,False,False,empty,empty,1,0.0,0.0,False,0,0
0,art_painting,50,0.02,2,0,0.07882225107901253,0.0,-0.010570325121186608,-0.07882225107901253,-0.09996290132138574,False,False,empty,empty,1,0.0,0.0,False,0,0
0,art_painting,50,0.02,5,0,0.07882225107901253,0.0,-0.010570325121186608,-0.07882225107901253,-0.13167387668494557,False,False,empty,empty,1,0.0,0.0,False,0,0
0,art_painting,50,0.02,10,0,0.07882225107901253,0.0,-0.010570325121186608,-0.07882225107901253,-0.1845255022908786,False,False,empty,empty,2,0.0,0.0,False,0,1
0,art_painting,50,0.05,1,0,0.10882225107901256,0.0,-0.02169465785827074,-0.10882225107901256,-0.1305169089372833,False,False,empty,empty,2,0.0,0.0,False,0,1
0,art_painting,50,0.05,2,0,0.10882225107901256,0.0,-0.02169465785827074,-0.10882225107901256,-0.15221156679555403,False,False,empty,empty,2,0.0,0.0,False,0,1
0,art_painting,50,0.05,5,0,0.10882225107901256,0.0,-0.02169465785827074,-0.10882225107901256,-0.21729554037036625,False,False,empty,empty,2,0.0,0.0,False,0,1
0,art_painting,50,0.05,10,0,0.10882225107901256,0.0,-0.02169465785827074,-0.10882225107901256,-0.32576882966171994,False,False,empty,empty,2,0.0,0.0,False,0,2
0,art_painting,50,0.1,1,0,0.1588222510790125,0.0,-0.03773564202097035,-0.1588222510790125,-0.19655789309998284,False,False,empty,empty,0,0.0,0.0,False,0,0
0,art_painting,50,0.1,2,0,0.1588222510790125,0.0,-0.03773564202097035,-0.1588222510790125,-0.2342935351209532,False,False,empty,empty,1,0.0,0.0,False,0,0
0,art_painting,50,0.1,5,0,0.1588222510790125,0.0,-0.03773564202097035,-0.1588222510790125,-0.34750046118386424,False,False,empty,empty,2,0.0,0.0,False,0,1
0,art_painting,50,0.1,10,0,0.1588222510790125,0.0,-0.03773564202097035,-0.1588222510790125,-0.536178671288716,False,False,empty,empty,2,0.0,0.0,False,0,1
0,art_painting,50,0.15,1,0,0.20882225107901253,0.0,-0.050235642020970306,-0.20882225107901253,-0.25905789309998284,False,False,empty,empty,0,0.0,0.0,False,0,0
0,art_painting,50,0.15,2,0,0.20882225107901253,0.0,-0.050235642020970306,-0.20882225107901253,-0.30929353512095314,False,False,empty,empty,1,0.0,0.0,False,0,0
0,art_painting,50,0.15,5,0,0.20882225107901253,0.0,-0.050235642020970306,-0.20882225107901253,-0.46000046118386406,False,False,empty,empty,2,0.0,0.0,False,0,0
0,art_painting,50,0.15,10,0,0.20882225107901253,0.0,-0.050235642020970306,-0.20882225107901253,-0.7111786712887156,False,False,empty,empty,2,0.0,0.0,False,0,0
0,art_painting,100,0.0,1,0,0.05882225107901251,0.0,-0.01242470342658053,-0.05882225107901251,-0.07124695450559304,False,False,empty,empty,0,0.0,0.0,False,0,0
0,art_painting,100,0.0,2,0,0.05882225107901251,0.0,-0.01242470342658053,-0.05882225107901251,-0.08367165793217357,False,False,empty,empty,0,0.0,0.0,False,0,0
0,art_painting,100,0.0,5,0,0.05882225107901251,0.0,-0.01242470342658053,-0.05882225107901251,-0.12094576821191516,False,False,empty,empty,1,0.0,0.0,False,0,0
0,art_painting,100,0.0,10,0,0.05882225107901251,0.0,-0.01242470342658053,-0.05882225107901251,-0.1830692853448178,False,False,empty,empty,1,0.0,0.0,False,0,0
0,art_painting,100,0.02,1,0,0.07882225107901253,0.0,-0.017424703426580535,-0.07882225107901253,-0.09624695450559306,False,False,empty,empty,1,0.0,0.0,False,0,0
0,art_painting,100,0.02,2,0,0.07882225107901253,0.0,-0.017424703426580535,-0.07882225107901253,-0.1136716579321736,False,False,empty,empty,1,0.0,0.0,False,0,0
0,art_painting,100,0.02,5,0,0.07882225107901253,0.0,-0.017424703426580535,-0.07882225107901253,-0.1659457682119152,False,False,empty,empty,1,0.0,0.0,False,0,0
0,art_painting,100,0.02,10,0,0.07882225107901253,0.0,-0.017424703426580535,-0.07882225107901253,-0.2530692853448179,False,False,empty,empty,2,0.0,0.0,False,0,0
0,art_painting,100,0.05,1,0,0.10882225107901256,0.0,-0.028456741831389243,-0.10882225107901256,-0.1372789929104018,False,False,empty,empty,2,0.0,0.0,False,0,1
0,art_painting,100,0.05,2,0,0.10882225107901256,0.0,-0.028456741831389243,-0.10882225107901256,-0.16573573474179104,False,False,empty,empty,2,0.0,0.0,False,0,1
0,art_painting,100,0.05,5,0,0.10882225107901256,0.0,-0.028456741831389243,-0.10882225107901256,-0.25110596023595877,False,False,empty,empty,2,0.0,0.0,False,0,1
0,art_painting,100,0.05,10,0,0.10882225107901256,0.0,-0.028456741831389243,-0.10882225107901256,-0.393389669392905,False,False,empty,empty,2,0.0,0.0,False,0,1
0,art_painting,100,0.1,1,0,0.1588222510790125,0.0,-0.04226485153235637,-0.1588222510790125,-0.20108710261136886,False,False,empty,empty,0,0.0,0.0,False,0,0
0,art_painting,100,0.1,2,0,0.1588222510790125,0.0,-0.04226485153235637,-0.1588222510790125,-0.24335195414372524,False,False,empty,empty,1,0.0,0.0,False,0,0
0,art_painting,100,0.1,5,0,0.1588222510790125,0.0,-0.04226485153235637,-0.1588222510790125,-0.37014650874079436,False,False,empty,empty,2,0.0,0.0,False,0,1
0,art_painting,100,0.1,10,0,0.1588222510790125,0.0,-0.04226485153235637,-0.1588222510790125,-0.5814707664025762,False,False,empty,empty,2,0.0,0.0,False,0,1
0,art_painting,100,0.15,1,0,0.20882225107901253,0.0,-0.04226485153235637,-0.20882225107901253,-0.2510871026113689,False,False,empty,empty,0,0.0,0.0,False,0,0
0,art_painting,100,0.15,2,0,0.20882225107901253,0.0,-0.04226485153235637,-0.20882225107901253,-0.2933519541437253,False,False,empty,empty,1,0.0,0.0,False,0,0
0,art_painting,100,0.15,5,0,0.20882225107901253,0.0,-0.04226485153235637,-0.20882225107901253,-0.4201465087407944,False,False,empty,empty,2,0.0,0.0,False,0,1
0,art_painting,100,0.15,10,0,0.20882225107901253,0.0,-0.04226485153235637,-0.20882225107901253,-0.6314707664025763,False,False,empty,empty,2,0.0,0.0,False,0,1
0,cartoon,25,0.0,1,0,0.004118355809625829,0.0,-0.003611937681371691,-0.004118355809625829,-0.00773029349099752,False,False,empty,empty,0,0.0,0.0,False,0,0
0,cartoon,25,0.0,2,0,0.004118355809625829,0.0,-0.003611937681371691,-0.004118355809625829,-0.01134223117236921,False,False,empty,empty,0,0.0,0.0,False,0,0
0,cartoon,25,0.0,5,0,0.004118355809625829,0.0,-0.003611937681371691,-0.004118355809625829,-0.022178044216484283,False,False,empty,empty,1,0.0,0.0,False,0,0
0,cartoon,25,0.0,10,0,0.004118355809625829,0.0,-0.003611937681371691,-0.004118355809625829,-0.04023773262334274,False,False,empty,empty,1,0.0,0.0,False,0,1
0,cartoon,25,0.02,1,0,0.024118355809625847,0.0,-0.006221672325825378,-0.024118355809625847,-0.030340028135451225,False,False,empty,empty,1,0.0,0.0,False,0,1
0,cartoon,25,0.02,2,0,0.024118355809625847,0.0,-0.006221672325825378,-0.024118355809625847,-0.0365617004612766,False,False,empty,empty,1,0.0,0.0,False,0,1
0,cartoon,25,0.02,5,0,0.024118355809625847,0.0,-0.006221672325825378,-0.024118355809625847,-0.05522671743875274,False,False,empty,empty,1,0.0,0.0,False,0,1
0,cartoon,25,0.02,10,0,0.024118355809625847,0.0,-0.006221672325825378,-0.024118355809625847,-0.08633507906787963,False,False,empty,empty,2,0.0,0.0,False,0,1
0,cartoon,25,0.05,1,0,0.05411835580962587,0.0,-0.003284197775396902,-0.05411835580962587,-0.057402553585022775,False,False,empty,empty,2,0.0,0.0,False,0,0
0,cartoon,25,0.05,2,0,0.05411835580962587,0.0,-0.003284197775396902,-0.05411835580962587,-0.06068675136041968,False,False,empty,empty,2,0.0,0.0,False,0,0
0,cartoon,25,0.05,5,0,0.05411835580962587,0.0,-0.003284197775396902,-0.05411835580962587,-0.07053934468661038,False,False,empty,empty,2,0.0,0.0,False,0,0
0,cartoon,25,0.05,10,0,0.05411835580962587,0.0,-0.003284197775396902,-0.05411835580962587,-0.0869603335635949,False,False,empty,empty,2,0.0,0.0,False,0,1
0,cartoon,25,0.1,1,0,0.1041183558096258,0.0,-0.0017995654847102749,-0.1041183558096258,-0.10591792129433608,False,False,empty,empty,0,0.0,0.0,False,0,0
0,cartoon,25,0.1,2,0,0.1041183558096258,0.0,-0.0017995654847102749,-0.1041183558096258,-0.10771748677904636,False,False,empty,empty,1,0.0,0.0,False,0,0
0,cartoon,25,0.1,5,0,0.1041183558096258,0.0,-0.0017995654847102749,-0.1041183558096258,-0.11311618323317718,False,False,empty,empty,2,0.0,0.0,False,0,0
0,cartoon,25,0.1,10,0,0.1041183558096258,0.0,-0.0017995654847102749,-0.1041183558096258,-0.12211401065672856,False,False,empty,empty,2,0.0,0.0,False,0,2
0,cartoon,25,0.15,1,0,0.15411835580962585,0.0,-0.0017995654847102749,-0.15411835580962585,-0.15591792129433613,False,False,empty,empty,0,0.0,0.0,False,0,0
0,cartoon,25,0.15,2,0,0.15411835580962585,0.0,-0.0017995654847102749,-0.15411835580962585,-0.1577174867790464,False,False,empty,empty,1,0.0,0.0,False,0,0
0,cartoon,25,0.15,5,0,0.15411835580962585,0.0,-0.0017995654847102749,-0.15411835580962585,-0.16311618323317723,False,False,empty,empty,2,0.0,0.0,False,0,0
0,cartoon,25,0.15,10,0,0.15411835580962585,0.0,-0.0017995654847102749,-0.15411835580962585,-0.1721140106567286,False,False,empty,empty,2,0.0,0.0,False,0,1
0,cartoon,50,0.0,1,0,0.004118355809625829,0.0,-0.004450808669047457,-0.004118355809625829,-0.008569164478673286,False,False,empty,empty,0,0.0,0.0,False,0,0
0,cartoon,50,0.0,2,0,0.004118355809625829,0.0,-0.004450808669047457,-0.004118355809625829,-0.013019973147720743,False,False,empty,empty,0,0.0,0.0,False,0,0
0,cartoon,50,0.0,5,0,0.004118355809625829,0.0,-0.004450808669047457,-0.004118355809625829,-0.026372399154863113,False,False,empty,empty,1,0.0,0.0,False,0,0
0,cartoon,50,0.0,10,0,0.004118355809625829,0.0,-0.004450808669047457,-0.004118355809625829,-0.0486264425001004,False,False,empty,empty,1,0.0,0.0,False,0,0
0,cartoon,50,0.02,1,0,0.024118355809625847,0.0,-0.004450808669047457,-0.024118355809625847,-0.028569164478673303,False,False,empty,empty,1,0.0,0.0,False,0,1
0,cartoon,50,0.02,2,0,0.024118355809625847,0.0,-0.004450808669047457,-0.024118355809625847,-0.03301997314772076,False,False,empty,empty,1,0.0,0.0,False,0,1
0,cartoon,50,0.02,5,0,0.024118355809625847,0.0,-0.004450808669047457,-0.024118355809625847,-0.04637239915486313,False,False,empty,empty,1,0.0,0.0,False,0,1
0,cartoon,50,0.02,10,0,0.024118355809625847,0.0,-0.004450808669047457,-0.024118355809625847,-0.06862644250010042,False,False,empty,empty,2,0.0,0.0,False,0,1
0,cartoon,50,0.05,1,0,0.05411835580962587,0.0,-0.007132048794405654,-0.05411835580962587,-0.06125040460403153,False,False,empty,empty,2,0.0,0.0,False,0,0
0,cartoon,50,0.05,2,0,0.05411835580962587,0.0,-0.007132048794405654,-0.05411835580962587,-0.06838245339843718,False,False,empty,empty,2,0.0,0.0,False,0,0
0,cartoon,50,0.05,5,0,0.05411835580962587,0.0,-0.007132048794405654,-0.05411835580962587,-0.08977859978165414,False,False,empty,empty,2,0.0,0.0,False,0,0
0,cartoon,50,0.05,10,0,0.05411835580962587,0.0,-0.007132048794405654,-0.05411835580962587,-0.12543884375368242,False,False,empty,empty,2,0.0,0.0,False,0,1
0,cartoon,50,0.1,1,0,0.1041183558096258,0.0,-0.008328105637610106,-0.1041183558096258,-0.11244646144723591,False,False,empty,empty,0,0.0,0.0,False,0,0
0,cartoon,50,0.1,2,0,0.1041183558096258,0.0,-0.008328105637610106,-0.1041183558096258,-0.12077456708484602,False,False,empty,empty,1,0.0,0.0,False,0,0
0,cartoon,50,0.1,5,0,0.1041183558096258,0.0,-0.008328105637610106,-0.1041183558096258,-0.14575888399767634,False,False,empty,empty,2,0.0,0.0,False,0,0
0,cartoon,50,0.1,10,0,0.1041183558096258,0.0,-0.008328105637610106,-0.1041183558096258,-0.18739941218572687,False,False,empty,empty,2,0.0,0.0,False,0,1
0,cartoon,50,0.15,1,0,0.15411835580962585,0.0,-0.008328105637610106,-0.15411835580962585,-0.16244646144723596,False,False,empty,empty,0,0.0,0.0,False,0,0
0,cartoon,50,0.15,2,0,0.15411835580962585,0.0,-0.008328105637610106,-0.15411835580962585,-0.17077456708484606,False,False,empty,empty,1,0.0,0.0,False,0,0
0,cartoon,50,0.15,5,0,0.15411835580962585,0.0,-0.008328105637610106,-0.15411835580962585,-0.19575888399767638,False,False,empty,empty,2,0.0,0.0,False,0,0
0,cartoon,50,0.15,10,0,0.15411835580962585,0.0,-0.008328105637610106,-0.15411835580962585,-0.2373994121857269,False,False,empty,empty,2,0.0,0.0,False,0,1
0,cartoon,100,0.0,1,0,0.004118355809625829,0.0,-0.01055190665141581,-0.004118355809625829,-0.014670262461041639,False,False,empty,empty,0,0.0,0.0,False,0,0
0,cartoon,100,0.0,2,0,0.004118355809625829,0.0,-0.01055190665141581,-0.004118355809625829,-0.02522216911245745,False,False,empty,empty,0,0.0,0.0,False,0,0
0,cartoon,100,0.0,5,0,0.004118355809625829,0.0,-0.01055190665141581,-0.004118355809625829,-0.05687788906670488,False,False,empty,empty,1,0.0,0.0,False,0,0
0,cartoon,100,0.0,10,0,0.004118355809625829,0.0,-0.01055190665141581,-0.004118355809625829,-0.10963742232378393,False,False,empty,empty,1,0.0,0.0,False,0,0
0,cartoon,100,0.02,1,0,0.024118355809625847,0.0,-0.011854732793437739,-0.024118355809625847,-0.035973088603063585,False,False,empty,empty,1,0.0,0.0,False,0,1
0,cartoon,100,0.02,2,0,0.024118355809625847,0.0,-0.011854732793437739,-0.024118355809625847,-0.047827821396501324,False,False,empty,empty,1,0.0,0.0,False,0,1
0,cartoon,100,0.02,5,0,0.024118355809625847,0.0,-0.011854732793437739,-0.024118355809625847,-0.08339201977681454,False,False,empty,empty,1,0.0,0.0,False,0,1
0,cartoon,100,0.02,10,0,0.024118355809625847,0.0,-0.011854732793437739,-0.024118355809625847,-0.14266568374400324,False,False,empty,empty,2,0.0,0.0,False,0,1
0,cartoon,100,0.05,1,0,0.05411835580962587,0.0,-0.007979065530521856,-0.05411835580962587,-0.06209742134014773,False,False,empty,empty,2,0.0,0.0,False,0,0
0,cartoon,100,0.05,2,0,0.05411835580962587,0.0,-0.007979065530521856,-0.05411835580962587,-0.07007648687066959,False,False,empty,empty,2,0.0,0.0,False,0,0
0,cartoon,100,0.05,5,0,0.05411835580962587,0.0,-0.007979065530521856,-0.05411835580962587,-0.09401368346223515,False,False,empty,empty,2,0.0,0.0,False,0,0
0,cartoon,100,0.05,10,0,0.05411835580962587,0.0,-0.007979065530521856,-0.05411835580962587,-0.13390901111484443,False,False,empty,empty,2,0.0,0.0,False,0,0
0,cartoon,100,0.1,1,0,0.1041183558096258,0.0,-0.007899612169644743,-0.1041183558096258,-0.11201796797927055,False,False,empty,empty,0,0.0,0.0,False,0,0
0,cartoon,100,0.1,2,0,0.1041183558096258,0.0,-0.007899612169644743,-0.1041183558096258,-0.11991758014891529,False,False,empty,empty,1,0.0,0.0,False,0,0
0,cartoon,100,0.1,5,0,0.1041183558096258,0.0,-0.007899612169644743,-0.1041183558096258,-0.14361641665784952,False,False,empty,empty,2,0.0,0.0,False,0,0
0,cartoon,100,0.1,10,0,0.1041183558096258,0.0,-0.007899612169644743,-0.1041183558096258,-0.18311447750607324,False,False,empty,empty,2,0.0,0.0,False,0,0
0,cartoon,100,0.15,1,0,0.15411835580962585,0.0,-0.007899612169644743,-0.15411835580962585,-0.1620179679792706,False,False,empty,empty,0,0.0,0.0,False,0,0
0,cartoon,100,0.15,2,0,0.15411835580962585,0.0,-0.007899612169644743,-0.15411835580962585,-0.16991758014891534,False,False,empty,empty,1,0.0,0.0,False,0,0
0,cartoon,100,0.15,5,0,0.15411835580962585,0.0,-0.007899612169644743,-0.15411835580962585,-0.19361641665784957,False,False,empty,empty,2,0.0,0.0,False,0,0
0,cartoon,100,0.15,10,0,0.15411835580962585,0.0,-0.007899612169644743,-0.15411835580962585,-0.23311447750607328,False,False,empty,empty,2,0.0,0.0,False,0,0
0,photo,25,0.0,1,0,-0.05593852916274655,0.0,-0.00391413240057914,0.0,-0.00391413240057914,False,False,empty,empty,0,0.0,0.0,False,0,0
0,photo,25,0.0,2,0,-0.05593852916274655,0.0,-0.00391413240057914,0.0,-0.00782826480115828,False,False,empty,empty,0,0.0,0.0,False,0,0
0,photo,25,0.0,5,0,-0.05593852916274655,0.0,-0.00391413240057914,0.0,-0.0195706620028957,False,False,empty,empty,1,0.0,0.0,False,0,0
0,photo,25,0.0,10,0,-0.05593852916274655,0.0,-0.00391413240057914,0.0,-0.0391413240057914,False,False,empty,empty,1,0.0,0.0,False,0,0
0,photo,25,0.02,1,0,-0.035938529162746535,0.0,-0.008914132400579144,0.0,-0.008914132400579144,False,False,empty,empty,1,0.0,0.0,False,0,0
0,photo,25,0.02,2,0,-0.035938529162746535,0.0,-0.008914132400579144,0.0,-0.01782826480115829,False,False,empty,empty,1,0.0,0.0,False,0,0
0,photo,25,0.02,5,0,-0.035938529162746535,0.0,-0.008914132400579144,0.0,-0.04457066200289572,False,False,empty,empty,1,0.0,0.0,False,0,0
0,photo,25,0.02,10,0,-0.035938529162746535,0.0,-0.008914132400579144,0.0,-0.08914132400579144,False,False,empty,empty,2,0.0,0.0,False,0,0
0,photo,25,0.05,1,0,-0.005938529162746509,0.0,-0.018042681262747107,0.0,-0.018042681262747107,False,False,empty,empty,2,0.0,0.0,False,0,1
0,photo,25,0.05,2,0,-0.005938529162746509,0.0,-0.018042681262747107,0.0,-0.03608536252549421,False,False,empty,empty,2,0.0,0.0,False,0,1
0,photo,25,0.05,5,0,-0.005938529162746509,0.0,-0.018042681262747107,0.0,-0.09021340631373553,False,False,empty,empty,2,0.0,0.0,False,0,1
0,photo,25,0.05,10,0,-0.005938529162746509,0.0,-0.018042681262747107,0.0,-0.18042681262747107,False,False,empty,empty,2,0.0,0.0,False,0,1
0,photo,25,0.1,1,0,0.044061470837253425,0.0,-0.026622908501543696,-0.044061470837253425,-0.07068437933879712,False,False,empty,empty,0,0.0,0.0,False,0,0
0,photo,25,0.1,2,0,0.044061470837253425,0.0,-0.026622908501543696,-0.044061470837253425,-0.09730728784034082,False,False,empty,empty,1,0.0,0.0,False,0,0
0,photo,25,0.1,5,0,0.044061470837253425,0.0,-0.026622908501543696,-0.044061470837253425,-0.1771760133449719,False,False,empty,empty,2,0.0,0.0,False,0,1
0,photo,25,0.1,10,0,0.044061470837253425,0.0,-0.026622908501543696,-0.044061470837253425,-0.3102905558526904,False,False,empty,empty,2,0.0,0.0,False,0,1
0,photo,25,0.15,1,0,0.09406147083725347,0.0,-0.026622908501543696,-0.09406147083725347,-0.12068437933879717,False,False,empty,empty,0,0.0,0.0,False,0,0
0,photo,25,0.15,2,0,0.09406147083725347,0.0,-0.026622908501543696,-0.09406147083725347,-0.14730728784034086,False,False,empty,empty,1,0.0,0.0,False,0,0
0,photo,25,0.15,5,0,0.09406147083725347,0.0,-0.026622908501543696,-0.09406147083725347,-0.22717601334497195,False,False,empty,empty,2,0.0,0.0,False,0,0
0,photo,25,0.15,10,0,0.09406147083725347,0.0,-0.026622908501543696,-0.09406147083725347,-0.36029055585269043,False,False,empty,empty,2,0.0,0.0,False,0,0
0,photo,50,0.0,1,0,-0.05593852916274655,0.0,-0.0038241553256957994,0.0,-0.0038241553256957994,False,False,empty,empty,0,0.0,0.0,False,0,0
0,photo,50,0.0,2,0,-0.05593852916274655,0.0,-0.0038241553256957994,0.0,-0.007648310651391599,False,False,empty,empty,0,0.0,0.0,False,0,0
0,photo,50,0.0,5,0,-0.05593852916274655,0.0,-0.0038241553256957994,0.0,-0.019120776628478997,False,False,empty,empty,1,0.0,0.0,False,0,0
0,photo,50,0.0,10,0,-0.05593852916274655,0.0,-0.0038241553256957994,0.0,-0.038241553256957994,False,False,empty,empty,1,0.0,0.0,False,0,0
0,photo,50,0.02,1,0,-0.035938529162746535,0.0,-0.008824155325695804,0.0,-0.008824155325695804,False,False,empty,empty,1,0.0,0.0,False,0,0
0,photo,50,0.02,2,0,-0.035938529162746535,0.0,-0.008824155325695804,0.0,-0.017648310651391608,False,False,empty,empty,1,0.0,0.0,False,0,0
0,photo,50,0.02,5,0,-0.035938529162746535,0.0,-0.008824155325695804,0.0,-0.04412077662847902,False,False,empty,empty,1,0.0,0.0,False,0,0
0,photo,50,0.02,10,0,-0.035938529162746535,0.0,-0.008824155325695804,0.0,-0.08824155325695804,False,False,empty,empty,2,0.0,0.0,False,0,0
0,photo,50,0.05,1,0,-0.005938529162746509,0.0,-0.019261397352378418,0.0,-0.019261397352378418,False,False,empty,empty,2,0.0,0.0,False,0,1
0,photo,50,0.05,2,0,-0.005938529162746509,0.0,-0.019261397352378418,0.0,-0.038522794704756835,False,False,empty,empty,2,0.0,0.0,False,0,1
0,photo,50,0.05,5,0,-0.005938529162746509,0.0,-0.019261397352378418,0.0,-0.09630698676189209,False,False,empty,empty,2,0.0,0.0,False,0,1
0,photo,50,0.05,10,0,-0.005938529162746509,0.0,-0.019261397352378418,0.0,-0.19261397352378418,False,False,empty,empty,2,0.0,0.0,False,0,1
0,photo,50,0.1,1,0,0.044061470837253425,0.0,-0.027084081867026044,-0.044061470837253425,-0.07114555270427947,False,False,empty,empty,0,0.0,0.0,False,0,0
0,photo,50,0.1,2,0,0.044061470837253425,0.0,-0.027084081867026044,-0.044061470837253425,-0.09822963457130551,False,False,empty,empty,1,0.0,0.0,False,0,0
0,photo,50,0.1,5,0,0.044061470837253425,0.0,-0.027084081867026044,-0.044061470837253425,-0.17948188017238365,False,False,empty,empty,2,0.0,0.0,False,0,1
0,photo,50,0.1,10,0,0.044061470837253425,0.0,-0.027084081867026044,-0.044061470837253425,-0.31490228950751387,False,False,empty,empty,2,0.0,0.0,False,0,1
0,photo,50,0.15,1,0,0.09406147083725347,0.0,-0.027084081867026044,-0.09406147083725347,-0.12114555270427951,False,False,empty,empty,0,0.0,0.0,False,0,0
0,photo,50,0.15,2,0,0.09406147083725347,0.0,-0.027084081867026044,-0.09406147083725347,-0.14822963457130556,False,False,empty,empty,1,0.0,0.0,False,0,0
0,photo,50,0.15,5,0,0.09406147083725347,0.0,-0.027084081867026044,-0.09406147083725347,-0.2294818801723837,False,False,empty,empty,2,0.0,0.0,False,0,0
0,photo,50,0.15,10,0,0.09406147083725347,0.0,-0.027084081867026044,-0.09406147083725347,-0.3649022895075139,False,False,empty,empty,2,0.0,0.0,False,0,1
0,photo,100,0.0,1,0,-0.05593852916274655,0.0,-0.008851783030351834,0.0,-0.008851783030351834,False,False,empty,empty,0,0.0,0.0,False,0,0
0,photo,100,0.0,2,0,-0.05593852916274655,0.0,-0.008851783030351834,0.0,-0.017703566060703668,False,False,empty,empty,0,0.0,0.0,False,0,0
0,photo,100,0.0,5,0,-0.05593852916274655,0.0,-0.008851783030351834,0.0,-0.04425891515175917,False,False,empty,empty,1,0.0,0.0,False,0,0
0,photo,100,0.0,10,0,-0.05593852916274655,0.0,-0.008851783030351834,0.0,-0.08851783030351834,False,False,empty,empty,1,0.0,0.0,False,0,0
0,photo,100,0.02,1,0,-0.035938529162746535,0.0,-0.013851783030351839,0.0,-0.013851783030351839,False,False,empty,empty,1,0.0,0.0,False,0,0
0,photo,100,0.02,2,0,-0.035938529162746535,0.0,-0.013851783030351839,0.0,-0.027703566060703677,False,False,empty,empty,1,0.0,0.0,False,0,0
0,photo,100,0.02,5,0,-0.035938529162746535,0.0,-0.013851783030351839,0.0,-0.06925891515175919,False,False,empty,empty,1,0.0,0.0,False,0,0
0,photo,100,0.02,10,0,-0.035938529162746535,0.0,-0.013851783030351839,0.0,-0.13851783030351839,False,False,empty,empty,2,0.0,0.0,False,0,0
0,photo,100,0.05,1,0,-0.005938529162746509,0.0,-0.01916788261525315,0.0,-0.01916788261525315,False,False,empty,empty,2,0.0,0.0,False,0,1
0,photo,100,0.05,2,0,-0.005938529162746509,0.0,-0.01916788261525315,0.0,-0.0383357652305063,False,False,empty,empty,2,0.0,0.0,False,0,1
0,photo,100,0.05,5,0,-0.005938529162746509,0.0,-0.01916788261525315,0.0,-0.09583941307626576,False,False,empty,empty,2,0.0,0.0,False,0,1
0,photo,100,0.05,10,0,-0.005938529162746509,0.0,-0.01916788261525315,0.0,-0.1916788261525315,False,False,empty,empty,2,0.0,0.0,False,0,1
0,photo,100,0.1,1,0,0.044061470837253425,0.0,-0.01777397841004469,-0.044061470837253425,-0.06183544924729811,False,False,empty,empty,0,0.0,0.0,False,0,0
0,photo,100,0.1,2,0,0.044061470837253425,0.0,-0.01777397841004469,-0.044061470837253425,-0.0796094276573428,False,False,empty,empty,1,0.0,0.0,False,0,1
0,photo,100,0.1,5,0,0.044061470837253425,0.0,-0.01777397841004469,-0.044061470837253425,-0.13293136288747687,False,False,empty,empty,2,0.0,0.0,False,0,2
0,photo,100,0.1,10,0,0.044061470837253425,0.0,-0.01777397841004469,-0.044061470837253425,-0.2218012549377003,False,False,empty,empty,2,0.0,0.0,False,0,2
0,photo,100,0.15,1,0,0.09406147083725347,0.0,-0.01777397841004469,-0.09406147083725347,-0.11183544924729816,False,False,empty,empty,0,0.0,0.0,False,0,0
0,photo,100,0.15,2,0,0.09406147083725347,0.0,-0.01777397841004469,-0.09406147083725347,-0.12960942765734285,False,False,empty,empty,1,0.0,0.0,False,0,0
0,photo,100,0.15,5,0,0.09406147083725347,0.0,-0.01777397841004469,-0.09406147083725347,-0.1829313628874769,False,False,empty,empty,2,0.0,0.0,False,0,0
0,photo,100,0.15,10,0,0.09406147083725347,0.0,-0.01777397841004469,-0.09406147083725347,-0.27180125493770035,False,False,empty,empty,2,0.0,0.0,False,0,1
0,sketch,25,0.0,1,0,-0.03550266905166399,0.0,-0.006327058817545472,0.0,-0.006327058817545472,False,False,empty,empty,0,0.0,0.0,False,0,0
0,sketch,25,0.0,2,0,-0.03550266905166399,0.0,-0.006327058817545472,0.0,-0.012654117635090945,False,False,empty,empty,0,0.0,0.0,False,0,0
0,sketch,25,0.0,5,0,-0.03550266905166399,0.0,-0.006327058817545472,0.0,-0.03163529408772736,False,False,empty,empty,1,0.0,0.0,False,0,0
0,sketch,25,0.0,10,0,-0.03550266905166399,0.0,-0.006327058817545472,0.0,-0.06327058817545472,False,False,empty,empty,1,0.0,0.0,False,0,0
0,sketch,25,0.02,1,0,-0.015502669051663975,0.0,-0.006344525238089149,0.0,-0.006344525238089149,False,False,empty,empty,1,0.0,0.0,False,0,0
0,sketch,25,0.02,2,0,-0.015502669051663975,0.0,-0.006344525238089149,0.0,-0.012689050476178299,False,False,empty,empty,1,0.0,0.0,False,0,0
0,sketch,25,0.02,5,0,-0.015502669051663975,0.0,-0.006344525238089149,0.0,-0.031722626190445746,False,False,empty,empty,1,0.0,0.0,False,0,0
0,sketch,25,0.02,10,0,-0.015502669051663975,0.0,-0.006344525238089149,0.0,-0.06344525238089149,False,False,empty,empty,2,0.0,0.0,False,0,0
0,sketch,25,0.05,1,0,0.014497330948336051,0.0,-0.009968857975173329,-0.014497330948336051,-0.02446618892350938,False,False,empty,empty,2,0.0,0.0,False,0,0
0,sketch,25,0.05,2,0,0.014497330948336051,0.0,-0.009968857975173329,-0.014497330948336051,-0.03443504689868271,False,False,empty,empty,2,0.0,0.0,False,0,0
0,sketch,25,0.05,5,0,0.014497330948336051,0.0,-0.009968857975173329,-0.014497330948336051,-0.0643416208242027,False,False,empty,empty,2,0.0,0.0,False,0,0
0,sketch,25,0.05,10,0,0.014497330948336051,0.0,-0.009968857975173329,-0.014497330948336051,-0.11418591070006934,False,False,empty,empty,2,0.0,0.0,False,0,0
0,sketch,25,0.1,1,0,0.06449733094833598,0.0,-0.021697383253735603,-0.06449733094833598,-0.08619471420207159,False,False,empty,empty,0,0.0,0.0,False,0,0
0,sketch,25,0.1,2,0,0.06449733094833598,0.0,-0.021697383253735603,-0.06449733094833598,-0.10789209745580719,False,False,empty,empty,1,0.0,0.0,False,0,0
0,sketch,25,0.1,5,0,0.06449733094833598,0.0,-0.021697383253735603,-0.06449733094833598,-0.172984247217014,False,False,empty,empty,2,0.0,0.0,False,0,0
0,sketch,25,0.1,10,0,0.06449733094833598,0.0,-0.021697383253735603,-0.06449733094833598,-0.281471163485692,False,False,empty,empty,2,0.0,0.0,False,0,0
0,sketch,25,0.15,1,0,0.11449733094833603,0.0,-0.021697383253735603,-0.11449733094833603,-0.13619471420207163,False,False,empty,empty,0,0.0,0.0,False,0,0
0,sketch,25,0.15,2,0,0.11449733094833603,0.0,-0.021697383253735603,-0.11449733094833603,-0.15789209745580723,False,False,empty,empty,1,0.0,0.0,False,0,1
0,sketch,25,0.15,5,0,0.11449733094833603,0.0,-0.021697383253735603,-0.11449733094833603,-0.22298424721701404,False,False,empty,empty,2,0.0,0.0,False,0,1
0,sketch,25,0.15,10,0,0.11449733094833603,0.0,-0.021697383253735603,-0.11449733094833603,-0.33147116348569206,False,False,empty,empty,2,0.0,0.0,False,0,1
0,sketch,50,0.0,1,0,-0.03550266905166399,0.0,-0.010731949865349755,0.0,-0.010731949865349755,False,False,empty,empty,0,0.0,0.0,False,0,0
0,sketch,50,0.0,2,0,-0.03550266905166399,0.0,-0.010731949865349755,0.0,-0.02146389973069951,False,False,empty,empty,0,0.0,0.0,False,0,0
0,sketch,50,0.0,5,0,-0.03550266905166399,0.0,-0.010731949865349755,0.0,-0.053659749326748774,False,False,empty,empty,1,0.0,0.0,False,0,0
0,sketch,50,0.0,10,0,-0.03550266905166399,0.0,-0.010731949865349755,0.0,-0.10731949865349755,False,False,empty,empty,1,0.0,0.0,False,0,0
0,sketch,50,0.02,1,0,-0.015502669051663975,0.0,-0.011387099957099078,0.0,-0.011387099957099078,False,False,empty,empty,1,0.0,0.0,False,0,0
0,sketch,50,0.02,2,0,-0.015502669051663975,0.0,-0.011387099957099078,0.0,-0.022774199914198157,False,False,empty,empty,1,0.0,0.0,False,0,0
0,sketch,50,0.02,5,0,-0.015502669051663975,0.0,-0.011387099957099078,0.0,-0.05693549978549539,False,False,empty,empty,1,0.0,0.0,False,0,0
0,sketch,50,0.02,10,0,-0.015502669051663975,0.0,-0.011387099957099078,0.0,-0.11387099957099078,False,False,empty,empty,2,0.0,0.0,False,0,0
0,sketch,50,0.05,1,0,0.014497330948336051,0.0,-0.015011432694183147,-0.014497330948336051,-0.029508763642519198,False,False,empty,empty,2,0.0,0.0,False,0,1
0,sketch,50,0.05,2,0,0.014497330948336051,0.0,-0.015011432694183147,-0.014497330948336051,-0.044520196336702345,False,False,empty,empty,2,0.0,0.0,False,0,1
0,sketch,50,0.05,5,0,0.014497330948336051,0.0,-0.015011432694183147,-0.014497330948336051,-0.08955449441925178,False,False,empty,empty,2,0.0,0.0,False,0,1
0,sketch,50,0.05,10,0,0.014497330948336051,0.0,-0.015011432694183147,-0.014497330948336051,-0.16461165789016752,False,False,empty,empty,2,0.0,0.0,False,0,1
0,sketch,50,0.1,1,0,0.06449733094833598,0.0,-0.03732817919256004,-0.06449733094833598,-0.10182551014089603,False,False,empty,empty,0,0.0,0.0,False,0,0
0,sketch,50,0.1,2,0,0.06449733094833598,0.0,-0.03732817919256004,-0.06449733094833598,-0.13915368933345607,False,False,empty,empty,1,0.0,0.0,False,0,0
0,sketch,50,0.1,5,0,0.06449733094833598,0.0,-0.03732817919256004,-0.06449733094833598,-0.2511382269111362,False,False,empty,empty,2,0.0,0.0,False,0,0
0,sketch,50,0.1,10,0,0.06449733094833598,0.0,-0.03732817919256004,-0.06449733094833598,-0.4377791228739364,False,False,empty,empty,2,0.0,0.0,False,0,0
0,sketch,50,0.15,1,0,0.11449733094833603,0.0,-0.049828179192559996,-0.11449733094833603,-0.16432551014089603,False,False,empty,empty,0,0.0,0.0,False,0,0
0,sketch,50,0.15,2,0,0.11449733094833603,0.0,-0.049828179192559996,-0.11449733094833603,-0.21415368933345602,False,False,empty,empty,1,0.0,0.0,False,0,1
0,sketch,50,0.15,5,0,0.11449733094833603,0.0,-0.049828179192559996,-0.11449733094833603,-0.363638226911136,False,False,empty,empty,2,0.0,0.0,False,0,1
0,sketch,50,0.15,10,0,0.11449733094833603,0.0,-0.049828179192559996,-0.11449733094833603,-0.612779122873936,False,False,empty,empty,2,0.0,0.0,False,0,1
0,sketch,100,0.0,1,0,-0.03550266905166399,0.0,-0.01005074258275096,0.0,-0.01005074258275096,False,False,empty,empty,0,0.0,0.0,False,0,0
0,sketch,100,0.0,2,0,-0.03550266905166399,0.0,-0.01005074258275096,0.0,-0.02010148516550192,False,False,empty,empty,0,0.0,0.0,False,0,0
0,sketch,100,0.0,5,0,-0.03550266905166399,0.0,-0.01005074258275096,0.0,-0.0502537129137548,False,False,empty,empty,1,0.0,0.0,False,0,0
0,sketch,100,0.0,10,0,-0.03550266905166399,0.0,-0.01005074258275096,0.0,-0.1005074258275096,False,False,empty,empty,1,0.0,0.0,False,0,0
0,sketch,100,0.02,1,0,-0.015502669051663975,0.0,-0.010126331246660514,0.0,-0.010126331246660514,False,False,empty,empty,1,0.0,0.0,False,0,0
0,sketch,100,0.02,2,0,-0.015502669051663975,0.0,-0.010126331246660514,0.0,-0.020252662493321028,False,False,empty,empty,1,0.0,0.0,False,0,0
0,sketch,100,0.02,5,0,-0.015502669051663975,0.0,-0.010126331246660514,0.0,-0.05063165623330257,False,False,empty,empty,1,0.0,0.0,False,0,0
0,sketch,100,0.02,10,0,-0.015502669051663975,0.0,-0.010126331246660514,0.0,-0.10126331246660514,False,False,empty,empty,2,0.0,0.0,False,0,0
0,sketch,100,0.05,1,0,0.014497330948336051,0.0,-0.013750663983744582,-0.014497330948336051,-0.028247994932080633,False,False,empty,empty,2,0.0,0.0,False,0,1
0,sketch,100,0.05,2,0,0.014497330948336051,0.0,-0.013750663983744582,-0.014497330948336051,-0.041998658915825215,False,False,empty,empty,2,0.0,0.0,False,0,1
0,sketch,100,0.05,5,0,0.014497330948336051,0.0,-0.013750663983744582,-0.014497330948336051,-0.08325065086705896,False,False,empty,empty,2,0.0,0.0,False,0,1
0,sketch,100,0.05,10,0,0.014497330948336051,0.0,-0.013750663983744582,-0.014497330948336051,-0.15200397078578187,False,False,empty,empty,2,0.0,0.0,False,0,1
0,sketch,100,0.1,1,0,0.06449733094833598,0.0,-0.0346684638066771,-0.06449733094833598,-0.09916579475501308,False,False,empty,empty,0,0.0,0.0,False,0,0
0,sketch,100,0.1,2,0,0.06449733094833598,0.0,-0.0346684638066771,-0.06449733094833598,-0.13383425856169018,False,False,empty,empty,1,0.0,0.0,False,0,0
0,sketch,100,0.1,5,0,0.06449733094833598,0.0,-0.0346684638066771,-0.06449733094833598,-0.23783964998172147,False,False,empty,empty,2,0.0,0.0,False,0,0
0,sketch,100,0.1,10,0,0.06449733094833598,0.0,-0.0346684638066771,-0.06449733094833598,-0.41118196901510695,False,False,empty,empty,2,0.0,0.0,False,0,0
0,sketch,100,0.15,1,0,0.11449733094833603,0.0,-0.04716846380667705,-0.11449733094833603,-0.16166579475501308,False,False,empty,empty,0,0.0,0.0,False,0,0
0,sketch,100,0.15,2,0,0.11449733094833603,0.0,-0.04716846380667705,-0.11449733094833603,-0.20883425856169013,False,False,empty,empty,1,0.0,0.0,False,0,0
0,sketch,100,0.15,5,0,0.11449733094833603,0.0,-0.04716846380667705,-0.11449733094833603,-0.3503396499817213,False,False,empty,empty,2,0.0,0.0,False,0,1
0,sketch,100,0.15,10,0,0.11449733094833603,0.0,-0.04716846380667705,-0.11449733094833603,-0.5861819690151066,False,False,empty,empty,2,0.0,0.0,False,0,1
1,art_painting,25,0.0,1,0,-0.04247415074482741,0.0,-0.0054345861045260735,0.0,-0.0054345861045260735,False,False,empty,empty,0,0.0,0.0,False,0,0
1,art_painting,25,0.0,2,0,-0.04247415074482741,0.0,-0.0054345861045260735,0.0,-0.010869172209052147,False,False,empty,empty,0,0.0,0.0,False,0,0
1,art_painting,25,0.0,5,0,-0.04247415074482741,0.0,-0.0054345861045260735,0.0,-0.027172930522630367,False,False,empty,empty,1,0.0,0.0,False,0,1
1,art_painting,25,0.0,10,0,-0.04247415074482741,0.0,-0.0054345861045260735,0.0,-0.054345861045260735,False,False,empty,empty,1,0.0,0.0,False,0,1
1,art_painting,25,0.02,1,0,-0.022474150744827393,0.0,-0.0054345861045260735,0.0,-0.0054345861045260735,False,False,empty,empty,1,0.0,0.0,False,0,0
1,art_painting,25,0.02,2,0,-0.022474150744827393,0.0,-0.0054345861045260735,0.0,-0.010869172209052147,False,False,empty,empty,1,0.0,0.0,False,0,0
1,art_painting,25,0.02,5,0,-0.022474150744827393,0.0,-0.0054345861045260735,0.0,-0.027172930522630367,False,False,empty,empty,1,0.0,0.0,False,0,0
1,art_painting,25,0.02,10,0,-0.022474150744827393,0.0,-0.0054345861045260735,0.0,-0.054345861045260735,False,False,empty,empty,2,0.0,0.0,False,0,1
1,art_painting,25,0.05,1,0,0.007525849255172634,0.0,-0.0003531250205072167,-0.007525849255172634,-0.007878974275679851,False,False,empty,empty,2,0.0,0.0,False,0,0
1,art_painting,25,0.05,2,0,0.007525849255172634,0.0,-0.0003531250205072167,-0.007525849255172634,-0.008232099296187068,False,False,empty,empty,2,0.0,0.0,False,0,1
1,art_painting,25,0.05,5,0,0.007525849255172634,0.0,-0.0003531250205072167,-0.007525849255172634,-0.009291474357708718,False,False,empty,empty,2,0.0,0.0,False,0,1
1,art_painting,25,0.05,10,0,0.007525849255172634,0.0,-0.0003531250205072167,-0.007525849255172634,-0.011057099460244801,False,False,empty,empty,2,0.0,0.0,False,0,2
1,art_painting,25,0.1,1,REP,0.05752584925517257,0.003931806807276783,0.003931806807276783,-0.053594042447895784,-0.053594042447895784,False,False,empty,empty,0,0.0,0.0,False,0,0
1,art_painting,25,0.1,2,REP,0.05752584925517257,0.003931806807276783,0.003931806807276783,-0.049662235640619,-0.049662235640619,False,False,empty,empty,1,0.0,0.0,False,0,0
1,art_painting,25,0.1,5,REP,0.05752584925517257,0.003931806807276783,0.003931806807276783,-0.03786681521878865,-0.03786681521878865,False,False,empty,empty,2,0.0,0.0,False,0,1
1,art_painting,25,0.1,10,REP,0.05752584925517257,0.003931806807276783,0.003931806807276783,-0.018207781182404736,-0.018207781182404736,False,False,empty,empty,2,0.0,0.0,False,0,2
1,art_painting,25,0.15,1,REP,0.10752584925517261,0.003931806807276783,0.003931806807276783,-0.10359404244789583,-0.10359404244789583,False,False,empty,empty,0,0.0,0.0,False,0,0
1,art_painting,25,0.15,2,REP,0.10752584925517261,0.003931806807276783,0.003931806807276783,-0.09966223564061905,-0.09966223564061905,False,False,empty,empty,1,0.0,0.0,False,0,0
1,art_painting,25,0.15,5,REP,0.10752584925517261,0.003931806807276783,0.003931806807276783,-0.0878668152187887,-0.0878668152187887,False,False,empty,empty,2,0.0,0.0,False,0,0
1,art_painting,25,0.15,10,REP,0.10752584925517261,0.003931806807276783,0.003931806807276783,-0.06820778118240478,-0.06820778118240478,False,False,empty,empty,2,0.0,0.0,False,0,1
1,art_painting,50,0.0,1,0,-0.04247415074482741,0.0,-0.012180475784911438,0.0,-0.012180475784911438,False,False,empty,empty,0,0.0,0.0,False,0,0
1,art_painting,50,0.0,2,0,-0.04247415074482741,0.0,-0.012180475784911438,0.0,-0.024360951569822875,False,False,empty,empty,0,0.0,0.0,False,0,0
1,art_painting,50,0.0,5,0,-0.04247415074482741,0.0,-0.012180475784911438,0.0,-0.06090237892455719,False,False,empty,empty,1,0.0,0.0,False,0,1
1,art_painting,50,0.0,10,0,-0.04247415074482741,0.0,-0.012180475784911438,0.0,-0.12180475784911438,False,False,empty,empty,1,0.0,0.0,False,0,1
1,art_painting,50,0.02,1,0,-0.022474150744827393,0.0,-0.012180475784911438,0.0,-0.012180475784911438,False,False,empty,empty,1,0.0,0.0,False,0,0
1,art_painting,50,0.02,2,0,-0.022474150744827393,0.0,-0.012180475784911438,0.0,-0.024360951569822875,False,False,empty,empty,1,0.0,0.0,False,0,0
1,art_painting,50,0.02,5,0,-0.022474150744827393,0.0,-0.012180475784911438,0.0,-0.06090237892455719,False,False,empty,empty,1,0.0,0.0,False,0,0
1,art_painting,50,0.02,10,0,-0.022474150744827393,0.0,-0.012180475784911438,0.0,-0.12180475784911438,False,False,empty,empty,2,0.0,0.0,False,0,1
1,art_painting,50,0.05,1,0,0.007525849255172634,0.0,-0.0061041625557766155,-0.007525849255172634,-0.01363001181094925,False,False,empty,empty,2,0.0,0.0,False,0,1
1,art_painting,50,0.05,2,0,0.007525849255172634,0.0,-0.0061041625557766155,-0.007525849255172634,-0.019734174366725865,False,False,empty,empty,2,0.0,0.0,False,0,1
1,art_painting,50,0.05,5,0,0.007525849255172634,0.0,-0.0061041625557766155,-0.007525849255172634,-0.03804666203405571,False,False,empty,empty,2,0.0,0.0,False,0,1
1,art_painting,50,0.05,10,0,0.007525849255172634,0.0,-0.0061041625557766155,-0.007525849255172634,-0.06856747481293879,False,False,empty,empty,2,0.0,0.0,False,0,2
1,art_painting,50,0.1,1,0,0.05752584925517257,0.0,-0.010855360187695062,-0.05752584925517257,-0.06838120944286763,False,False,empty,empty,0,0.0,0.0,False,0,0
1,art_painting,50,0.1,2,0,0.05752584925517257,0.0,-0.010855360187695062,-0.05752584925517257,-0.07923656963056269,False,False,empty,empty,1,0.0,0.0,False,0,0
1,art_painting,50,0.1,5,0,0.05752584925517257,0.0,-0.010855360187695062,-0.05752584925517257,-0.11180265019364788,False,False,empty,empty,2,0.0,0.0,False,0,1
1,art_painting,50,0.1,10,0,0.05752584925517257,0.0,-0.010855360187695062,-0.05752584925517257,-0.1660794511321232,False,False,empty,empty,2,0.0,0.0,False,0,1
1,art_painting,50,0.15,1,0,0.10752584925517261,0.0,-0.010855360187695062,-0.10752584925517261,-0.11838120944286767,False,False,empty,empty,0,0.0,0.0,False,0,0
1,art_painting,50,0.15,2,0,0.10752584925517261,0.0,-0.010855360187695062,-0.10752584925517261,-0.12923656963056274,False,False,empty,empty,1,0.0,0.0,False,0,0
1,art_painting,50,0.15,5,0,0.10752584925517261,0.0,-0.010855360187695062,-0.10752584925517261,-0.16180265019364792,False,False,empty,empty,2,0.0,0.0,False,0,0
1,art_painting,50,0.15,10,0,0.10752584925517261,0.0,-0.010855360187695062,-0.10752584925517261,-0.21607945113212323,False,False,empty,empty,2,0.0,0.0,False,0,0
1,art_painting,100,0.0,1,0,-0.04247415074482741,0.0,-0.010039863491305256,0.0,-0.010039863491305256,False,False,empty,empty,0,0.0,0.0,False,0,0
1,art_painting,100,0.0,2,0,-0.04247415074482741,0.0,-0.010039863491305256,0.0,-0.020079726982610513,False,False,empty,empty,0,0.0,0.0,False,0,0
1,art_painting,100,0.0,5,0,-0.04247415074482741,0.0,-0.010039863491305256,0.0,-0.05019931745652628,False,False,empty,empty,1,0.0,0.0,False,0,0
1,art_painting,100,0.0,10,0,-0.04247415074482741,0.0,-0.010039863491305256,0.0,-0.10039863491305256,False,False,empty,empty,1,0.0,0.0,False,0,0
1,art_painting,100,0.02,1,0,-0.022474150744827393,0.0,-0.010039863491305256,0.0,-0.010039863491305256,False,False,empty,empty,1,0.0,0.0,False,0,0
1,art_painting,100,0.02,2,0,-0.022474150744827393,0.0,-0.010039863491305256,0.0,-0.020079726982610513,False,False,empty,empty,1,0.0,0.0,False,0,0
1,art_painting,100,0.02,5,0,-0.022474150744827393,0.0,-0.010039863491305256,0.0,-0.05019931745652628,False,False,empty,empty,1,0.0,0.0,False,0,0
1,art_painting,100,0.02,10,0,-0.022474150744827393,0.0,-0.010039863491305256,0.0,-0.10039863491305256,False,False,empty,empty,2,0.0,0.0,False,0,0
1,art_painting,100,0.05,1,0,0.007525849255172634,0.0,-0.0022729860588065476,-0.007525849255172634,-0.009798835313979182,False,False,empty,empty,2,0.0,0.0,False,0,1
1,art_painting,100,0.05,2,0,0.007525849255172634,0.0,-0.0022729860588065476,-0.007525849255172634,-0.01207182137278573,False,False,empty,empty,2,0.0,0.0,False,0,1
1,art_painting,100,0.05,5,0,0.007525849255172634,0.0,-0.0022729860588065476,-0.007525849255172634,-0.018890779549205372,False,False,empty,empty,2,0.0,0.0,False,0,1
1,art_painting,100,0.05,10,0,0.007525849255172634,0.0,-0.0022729860588065476,-0.007525849255172634,-0.03025570984323811,False,False,empty,empty,2,0.0,0.0,False,0,1
1,art_painting,100,0.1,1,REP,0.05752584925517257,0.0039379339131639934,0.0039379339131639934,-0.053587915342008574,-0.053587915342008574,False,False,empty,empty,0,0.0,0.0,False,0,0
1,art_painting,100,0.1,2,REP,0.05752584925517257,0.0039379339131639934,0.0039379339131639934,-0.04964998142884458,-0.04964998142884458,False,False,empty,empty,1,0.0,0.0,False,0,0
1,art_painting,100,0.1,5,REP,0.05752584925517257,0.0039379339131639934,0.0039379339131639934,-0.0378361796893526,-0.0378361796893526,False,False,empty,empty,2,0.0,0.0,False,0,1
1,art_painting,100,0.1,10,REP,0.05752584925517257,0.0039379339131639934,0.0039379339131639934,-0.018146510123532633,-0.018146510123532633,False,False,empty,empty,2,0.0,0.0,False,0,1
1,art_painting,100,0.15,1,REP,0.10752584925517261,0.0039379339131639934,0.0039379339131639934,-0.10358791534200862,-0.10358791534200862,False,False,empty,empty,0,0.0,0.0,False,0,0
1,art_painting,100,0.15,2,REP,0.10752584925517261,0.0039379339131639934,0.0039379339131639934,-0.09964998142884463,-0.09964998142884463,False,False,empty,empty,1,0.0,0.0,False,0,0
1,art_painting,100,0.15,5,REP,0.10752584925517261,0.0039379339131639934,0.0039379339131639934,-0.08783617968935264,-0.08783617968935264,False,False,empty,empty,2,0.0,0.0,False,0,1
1,art_painting,100,0.15,10,REP,0.10752584925517261,0.0039379339131639934,0.0039379339131639934,-0.06814651012353268,-0.06814651012353268,False,False,empty,empty,2,0.0,0.0,False,0,1
1,cartoon,25,0.0,1,0,0.05001847947683291,0.0,-0.005542915769412793,-0.05001847947683291,-0.055561395246245704,False,False,empty,empty,0,0.0,0.0,False,0,0
1,cartoon,25,0.0,2,0,0.05001847947683291,0.0,-0.005542915769412793,-0.05001847947683291,-0.0611043110156585,False,False,empty,empty,0,0.0,0.0,False,0,0
1,cartoon,25,0.0,5,0,0.05001847947683291,0.0,-0.005542915769412793,-0.05001847947683291,-0.07773305832389688,False,False,empty,empty,1,0.0,0.0,False,0,0
1,cartoon,25,0.0,10,0,0.05001847947683291,0.0,-0.005542915769412793,-0.05001847947683291,-0.10544763717096084,False,False,empty,empty,1,0.0,0.0,False,0,1
1,cartoon,25,0.02,1,0,0.07001847947683293,0.0,-0.005542915769412793,-0.07001847947683293,-0.07556139524624572,False,False,empty,empty,1,0.0,0.0,False,0,1
1,cartoon,25,0.02,2,0,0.07001847947683293,0.0,-0.005542915769412793,-0.07001847947683293,-0.08110431101565851,False,False,empty,empty,1,0.0,0.0,False,0,1
1,cartoon,25,0.02,5,0,0.07001847947683293,0.0,-0.005542915769412793,-0.07001847947683293,-0.0977330583238969,False,False,empty,empty,1,0.0,0.0,False,0,1
1,cartoon,25,0.02,10,0,0.07001847947683293,0.0,-0.005542915769412793,-0.07001847947683293,-0.12544763717096086,False,False,empty,empty,2,0.0,0.0,False,0,1
1,cartoon,25,0.05,1,0,0.10001847947683296,0.0,-0.005466791334978849,-0.10001847947683296,-0.1054852708118118,False,False,empty,empty,2,0.0,0.0,False,0,0
1,cartoon,25,0.05,2,0,0.10001847947683296,0.0,-0.005466791334978849,-0.10001847947683296,-0.11095206214679065,False,False,empty,empty,2,0.0,0.0,False,0,0
1,cartoon,25,0.05,5,0,0.10001847947683296,0.0,-0.005466791334978849,-0.10001847947683296,-0.1273524361517272,False,False,empty,empty,2,0.0,0.0,False,0,0
1,cartoon,25,0.05,10,0,0.10001847947683296,0.0,-0.005466791334978849,-0.10001847947683296,-0.15468639282662144,False,False,empty,empty,2,0.0,0.0,False,0,1
1,cartoon,25,0.1,1,0,0.1500184794768329,0.0,-0.005884629823516896,-0.1500184794768329,-0.15590310930034978,False,False,empty,empty,0,0.0,0.0,False,0,0
1,cartoon,25,0.1,2,0,0.1500184794768329,0.0,-0.005884629823516896,-0.1500184794768329,-0.16178773912386668,False,False,empty,empty,1,0.0,0.0,False,0,0
1,cartoon,25,0.1,5,0,0.1500184794768329,0.0,-0.005884629823516896,-0.1500184794768329,-0.17944162859441737,False,False,empty,empty,2,0.0,0.0,False,0,0
1,cartoon,25,0.1,10,0,0.1500184794768329,0.0,-0.005884629823516896,-0.1500184794768329,-0.20886477771200185,False,False,empty,empty,2,0.0,0.0,False,0,2
1,cartoon,25,0.15,1,0,0.20001847947683293,0.0,-0.005884629823516896,-0.20001847947683293,-0.20590310930034983,False,False,empty,empty,0,0.0,0.0,False,0,0
1,cartoon,25,0.15,2,0,0.20001847947683293,0.0,-0.005884629823516896,-0.20001847947683293,-0.21178773912386673,False,False,empty,empty,1,0.0,0.0,False,0,0
1,cartoon,25,0.15,5,0,0.20001847947683293,0.0,-0.005884629823516896,-0.20001847947683293,-0.2294416285944174,False,False,empty,empty,2,0.0,0.0,False,0,0
1,cartoon,25,0.15,10,0,0.20001847947683293,0.0,-0.005884629823516896,-0.20001847947683293,-0.2588647777120019,False,False,empty,empty,2,0.0,0.0,False,0,1
1,cartoon,50,0.0,1,0,0.05001847947683291,0.0,-0.0049228774927790875,-0.05001847947683291,-0.054941356969612,False,False,empty,empty,0,0.0,0.0,False,0,0
1,cartoon,50,0.0,2,0,0.05001847947683291,0.0,-0.0049228774927790875,-0.05001847947683291,-0.059864234462391086,False,False,empty,empty,0,0.0,0.0,False,0,0
1,cartoon,50,0.0,5,0,0.05001847947683291,0.0,-0.0049228774927790875,-0.05001847947683291,-0.07463286694072835,False,False,empty,empty,1,0.0,0.0,False,0,0
1,cartoon,50,0.0,10,0,0.05001847947683291,0.0,-0.0049228774927790875,-0.05001847947683291,-0.09924725440462379,False,False,empty,empty,1,0.0,0.0,False,0,0
1,cartoon,50,0.02,1,0,0.07001847947683293,0.0,-0.0030611833841438507,-0.07001847947683293,-0.07307966286097678,False,False,empty,empty,1,0.0,0.0,False,0,1
1,cartoon,50,0.02,2,0,0.07001847947683293,0.0,-0.0030611833841438507,-0.07001847947683293,-0.07614084624512063,False,False,empty,empty,1,0.0,0.0,False,0,1
1,cartoon,50,0.02,5,0,0.07001847947683293,0.0,-0.0030611833841438507,-0.07001847947683293,-0.08532439639755218,False,False,empty,empty,1,0.0,0.0,False,0,1
1,cartoon,50,0.02,10,0,0.07001847947683293,0.0,-0.0030611833841438507,-0.07001847947683293,-0.10063031331827144,False,False,empty,empty,2,0.0,0.0,False,0,1
1,cartoon,50,0.05,1,REP,0.10001847947683296,0.0006288058654896345,0.0006288058654896345,-0.09938967361134332,-0.09938967361134332,False,False,empty,empty,2,0.0,0.0,False,0,0
1,cartoon,50,0.05,2,REP,0.10001847947683296,0.0006288058654896345,0.0006288058654896345,-0.09876086774585369,-0.09876086774585369,False,False,empty,empty,2,0.0,0.0,False,0,0
1,cartoon,50,0.05,5,REP,0.10001847947683296,0.0006288058654896345,0.0006288058654896345,-0.09687445014938478,-0.09687445014938478,False,False,empty,empty,2,0.0,0.0,False,0,0
1,cartoon,50,0.05,10,REP,0.10001847947683296,0.0006288058654896345,0.0006288058654896345,-0.09373042082193661,-0.09373042082193661,False,False,empty,empty,2,0.0,0.0,False,0,1
1,cartoon,50,0.1,1,0,0.1500184794768329,0.0,-0.006925241058468368,-0.1500184794768329,-0.15694372053530126,False,False,empty,empty,0,0.0,0.0,False,0,0
1,cartoon,50,0.1,2,0,0.1500184794768329,0.0,-0.006925241058468368,-0.1500184794768329,-0.16386896159376962,False,False,empty,empty,1,0.0,0.0,False,0,0
1,cartoon,50,0.1,5,0,0.1500184794768329,0.0,-0.006925241058468368,-0.1500184794768329,-0.18464468476917473,False,False,empty,empty,2,0.0,0.0,False,0,0
1,cartoon,50,0.1,10,0,0.1500184794768329,0.0,-0.006925241058468368,-0.1500184794768329,-0.21927089006151657,False,False,empty,empty,2,0.0,0.0,False,0,1
1,cartoon,50,0.15,1,0,0.20001847947683293,0.0,-0.007236520832499704,-0.20001847947683293,-0.20725500030933264,False,False,empty,empty,0,0.0,0.0,False,0,0
1,cartoon,50,0.15,2,0,0.20001847947683293,0.0,-0.007236520832499704,-0.20001847947683293,-0.21449152114183234,False,False,empty,empty,1,0.0,0.0,False,0,0
1,cartoon,50,0.15,5,0,0.20001847947683293,0.0,-0.007236520832499704,-0.20001847947683293,-0.23620108363933146,False,False,empty,empty,2,0.0,0.0,False,0,0
1,cartoon,50,0.15,10,0,0.20001847947683293,0.0,-0.007236520832499704,-0.20001847947683293,-0.27238368780183,False,False,empty,empty,2,0.0,0.0,False,0,1
1,cartoon,100,0.0,1,0,0.05001847947683291,0.0,-0.012504619869208256,-0.05001847947683291,-0.06252309934604117,False,False,empty,empty,0,0.0,0.0,False,0,0
1,cartoon,100,0.0,2,0,0.05001847947683291,0.0,-0.012504619869208256,-0.05001847947683291,-0.07502771921524942,False,False,empty,empty,0,0.0,0.0,False,0,0
1,cartoon,100,0.0,5,0,0.05001847947683291,0.0,-0.012504619869208256,-0.05001847947683291,-0.11254157882287419,False,False,empty,empty,1,0.0,0.0,False,0,0
1,cartoon,100,0.0,10,0,0.05001847947683291,0.0,-0.012504619869208256,-0.05001847947683291,-0.17506467816891547,False,False,empty,empty,1,0.0,0.0,False,0,0
1,cartoon,100,0.02,1,0,0.07001847947683293,0.0,-0.013240210602023073,-0.07001847947683293,-0.083258690078856,False,False,empty,empty,1,0.0,0.0,False,0,1
1,cartoon,100,0.02,2,0,0.07001847947683293,0.0,-0.013240210602023073,-0.07001847947683293,-0.09649890068087907,False,False,empty,empty,1,0.0,0.0,False,0,1
1,cartoon,100,0.02,5,0,0.07001847947683293,0.0,-0.013240210602023073,-0.07001847947683293,-0.1362195324869483,False,False,empty,empty,1,0.0,0.0,False,0,1
1,cartoon,100,0.02,10,0,0.07001847947683293,0.0,-0.013240210602023073,-0.07001847947683293,-0.20242058549706365,False,False,empty,empty,2,0.0,0.0,False,0,1
1,cartoon,100,0.05,1,0,0.10001847947683296,0.0,-0.017050221352389427,-0.10001847947683296,-0.11706870082922238,False,False,empty,empty,2,0.0,0.0,False,0,0
1,cartoon,100,0.05,2,0,0.10001847947683296,0.0,-0.017050221352389427,-0.10001847947683296,-0.1341189221816118,False,False,empty,empty,2,0.0,0.0,False,0,0
1,cartoon,100,0.05,5,0,0.10001847947683296,0.0,-0.017050221352389427,-0.10001847947683296,-0.1852695862387801,False,False,empty,empty,2,0.0,0.0,False,0,0
1,cartoon,100,0.05,10,0,0.10001847947683296,0.0,-0.017050221352389427,-0.10001847947683296,-0.27052069300072723,False,False,empty,empty,2,0.0,0.0,False,0,0
1,cartoon,100,0.1,1,0,0.1500184794768329,0.0,-0.024952422324159174,-0.1500184794768329,-0.17497090180099206,False,False,empty,empty,0,0.0,0.0,False,0,0
1,cartoon,100,0.1,2,0,0.1500184794768329,0.0,-0.024952422324159174,-0.1500184794768329,-0.19992332412515124,False,False,empty,empty,1,0.0,0.0,False,0,0
1,cartoon,100,0.1,5,0,0.1500184794768329,0.0,-0.024952422324159174,-0.1500184794768329,-0.27478059109762876,False,False,empty,empty,2,0.0,0.0,False,0,0
1,cartoon,100,0.1,10,0,0.1500184794768329,0.0,-0.024952422324159174,-0.1500184794768329,-0.3995427027184246,False,False,empty,empty,2,0.0,0.0,False,0,0
1,cartoon,100,0.15,1,0,0.20001847947683293,0.0,-0.024952422324159174,-0.20001847947683293,-0.2249709018009921,False,False,empty,empty,0,0.0,0.0,False,0,0
1,cartoon,100,0.15,2,0,0.20001847947683293,0.0,-0.024952422324159174,-0.20001847947683293,-0.24992332412515128,False,False,empty,empty,1,0.0,0.0,False,0,0
1,cartoon,100,0.15,5,0,0.20001847947683293,0.0,-0.024952422324159174,-0.20001847947683293,-0.3247805910976288,False,False,empty,empty,2,0.0,0.0,False,0,0
1,cartoon,100,0.15,10,0,0.20001847947683293,0.0,-0.024952422324159174,-0.20001847947683293,-0.44954270271842467,False,False,empty,empty,2,0.0,0.0,False,0,0
1,photo,25,0.0,1,0,-0.04228580625370704,0.0,-0.008491052336829119,0.0,-0.008491052336829119,False,False,empty,empty,0,0.0,0.0,False,0,0
1,photo,25,0.0,2,0,-0.04228580625370704,0.0,-0.008491052336829119,0.0,-0.016982104673658238,False,False,empty,empty,0,0.0,0.0,False,0,0
1,photo,25,0.0,5,0,-0.04228580625370704,0.0,-0.008491052336829119,0.0,-0.042455261684145595,False,False,empty,empty,1,0.0,0.0,False,0,0
1,photo,25,0.0,10,0,-0.04228580625370704,0.0,-0.008491052336829119,0.0,-0.08491052336829119,False,False,empty,empty,1,0.0,0.0,False,0,0
1,photo,25,0.02,1,0,-0.02228580625370702,0.0,-0.008491052336829119,0.0,-0.008491052336829119,False,False,empty,empty,1,0.0,0.0,False,0,0
1,photo,25,0.02,2,0,-0.02228580625370702,0.0,-0.008491052336829119,0.0,-0.016982104673658238,False,False,empty,empty,1,0.0,0.0,False,0,0
1,photo,25,0.02,5,0,-0.02228580625370702,0.0,-0.008491052336829119,0.0,-0.042455261684145595,False,False,empty,empty,1,0.0,0.0,False,0,0
1,photo,25,0.02,10,0,-0.02228580625370702,0.0,-0.008491052336829119,0.0,-0.08491052336829119,False,False,empty,empty,2,0.0,0.0,False,0,0
1,photo,25,0.05,1,0,0.007714193746293008,0.0,-0.00015553002124935045,-0.007714193746293008,-0.007869723767542358,False,False,empty,empty,2,0.0,0.0,False,0,1
1,photo,25,0.05,2,0,0.007714193746293008,0.0,-0.00015553002124935045,-0.007714193746293008,-0.008025253788791709,False,False,empty,empty,2,0.0,0.0,False,0,1
1,photo,25,0.05,5,0,0.007714193746293008,0.0,-0.00015553002124935045,-0.007714193746293008,-0.00849184385253976,False,False,empty,empty,2,0.0,0.0,False,0,1
1,photo,25,0.05,10,0,0.007714193746293008,0.0,-0.00015553002124935045,-0.007714193746293008,-0.009269493958786512,False,False,empty,empty,2,0.0,0.0,False,0,1
1,photo,25,0.1,1,0,0.05771419374629294,0.0,-0.00491633206443165,-0.05771419374629294,-0.06263052581072459,False,False,empty,empty,0,0.0,0.0,False,0,0
1,photo,25,0.1,2,0,0.05771419374629294,0.0,-0.00491633206443165,-0.05771419374629294,-0.06754685787515624,False,False,empty,empty,1,0.0,0.0,False,0,0
1,photo,25,0.1,5,0,0.05771419374629294,0.0,-0.00491633206443165,-0.05771419374629294,-0.08229585406845119,False,False,empty,empty,2,0.0,0.0,False,0,1
1,photo,25,0.1,10,0,0.05771419374629294,0.0,-0.00491633206443165,-0.05771419374629294,-0.10687751439060944,False,False,empty,empty,2,0.0,0.0,False,0,1
1,photo,25,0.15,1,0,0.10771419374629299,0.0,-0.00491633206443165,-0.10771419374629299,-0.11263052581072464,False,False,empty,empty,0,0.0,0.0,False,0,0
1,photo,25,0.15,2,0,0.10771419374629299,0.0,-0.00491633206443165,-0.10771419374629299,-0.11754685787515629,False,False,empty,empty,1,0.0,0.0,False,0,0
1,photo,25,0.15,5,0,0.10771419374629299,0.0,-0.00491633206443165,-0.10771419374629299,-0.13229585406845124,False,False,empty,empty,2,0.0,0.0,False,0,0
1,photo,25,0.15,10,0,0.10771419374629299,0.0,-0.00491633206443165,-0.10771419374629299,-0.15687751439060948,False,False,empty,empty,2,0.0,0.0,False,0,0
1,photo,50,0.0,1,0,-0.04228580625370704,0.0,-0.012504619869208256,0.0,-0.012504619869208256,False,False,empty,empty,0,0.0,0.0,False,0,0
1,photo,50,0.0,2,0,-0.04228580625370704,0.0,-0.012504619869208256,0.0,-0.02500923973841651,False,False,empty,empty,0,0.0,0.0,False,0,0
1,photo,50,0.0,5,0,-0.04228580625370704,0.0,-0.012504619869208256,0.0,-0.06252309934604128,False,False,empty,empty,1,0.0,0.0,False,0,0
1,photo,50,0.0,10,0,-0.04228580625370704,0.0,-0.012504619869208256,0.0,-0.12504619869208256,False,False,empty,empty,1,0.0,0.0,False,0,0
1,photo,50,0.02,1,0,-0.02228580625370702,0.0,-0.017191199353477238,0.0,-0.017191199353477238,False,False,empty,empty,1,0.0,0.0,False,0,0
1,photo,50,0.02,2,0,-0.02228580625370702,0.0,-0.017191199353477238,0.0,-0.034382398706954476,False,False,empty,empty,1,0.0,0.0,False,0,0
1,photo,50,0.02,5,0,-0.02228580625370702,0.0,-0.017191199353477238,0.0,-0.08595599676738619,False,False,empty,empty,1,0.0,0.0,False,0,0
1,photo,50,0.02,10,0,-0.02228580625370702,0.0,-0.017191199353477238,0.0,-0.17191199353477238,False,False,empty,empty,2,0.0,0.0,False,0,0
1,photo,50,0.05,1,0,0.007714193746293008,0.0,-0.010890466689116085,-0.007714193746293008,-0.018604660435409093,False,False,empty,empty,2,0.0,0.0,False,0,1
1,photo,50,0.05,2,0,0.007714193746293008,0.0,-0.010890466689116085,-0.007714193746293008,-0.029495127124525178,False,False,empty,empty,2,0.0,0.0,False,0,1
1,photo,50,0.05,5,0,0.007714193746293008,0.0,-0.010890466689116085,-0.007714193746293008,-0.06216652719187343,False,False,empty,empty,2,0.0,0.0,False,0,1
1,photo,50,0.05,10,0,0.007714193746293008,0.0,-0.010890466689116085,-0.007714193746293008,-0.11661886063745386,False,False,empty,empty,2,0.0,0.0,False,0,1
1,photo,50,0.1,1,0,0.05771419374629294,0.0,-0.01717954671714561,-0.05771419374629294,-0.07489374046343855,False,False,empty,empty,0,0.0,0.0,False,0,0
1,photo,50,0.1,2,0,0.05771419374629294,0.0,-0.01717954671714561,-0.05771419374629294,-0.09207328718058416,False,False,empty,empty,1,0.0,0.0,False,0,0
1,photo,50,0.1,5,0,0.05771419374629294,0.0,-0.01717954671714561,-0.05771419374629294,-0.143611927332021,False,False,empty,empty,2,0.0,0.0,False,0,1
1,photo,50,0.1,10,0,0.05771419374629294,0.0,-0.01717954671714561,-0.05771419374629294,-0.22950966091774905,False,False,empty,empty,2,0.0,0.0,False,0,1
1,photo,50,0.15,1,0,0.10771419374629299,0.0,-0.02670592578066744,-0.10771419374629299,-0.13442011952696042,False,False,empty,empty,0,0.0,0.0,False,0,0
1,photo,50,0.15,2,0,0.10771419374629299,0.0,-0.02670592578066744,-0.10771419374629299,-0.16112604530762786,False,False,empty,empty,1,0.0,0.0,False,0,0
1,photo,50,0.15,5,0,0.10771419374629299,0.0,-0.02670592578066744,-0.10771419374629299,-0.24124382264963018,False,False,empty,empty,2,0.0,0.0,False,0,0
1,photo,50,0.15,10,0,0.10771419374629299,0.0,-0.02670592578066744,-0.10771419374629299,-0.3747734515529674,False,False,empty,empty,2,0.0,0.0,False,0,1
1,photo,100,0.0,1,0,-0.04228580625370704,0.0,-0.012504619869208256,0.0,-0.012504619869208256,False,False,empty,empty,0,0.0,0.0,False,0,0
1,photo,100,0.0,2,0,-0.04228580625370704,0.0,-0.012504619869208256,0.0,-0.02500923973841651,False,False,empty,empty,0,0.0,0.0,False,0,0
1,photo,100,0.0,5,0,-0.04228580625370704,0.0,-0.012504619869208256,0.0,-0.06252309934604128,False,False,empty,empty,1,0.0,0.0,False,0,0
1,photo,100,0.0,10,0,-0.04228580625370704,0.0,-0.012504619869208256,0.0,-0.12504619869208256,False,False,empty,empty,1,0.0,0.0,False,0,0
1,photo,100,0.02,1,0,-0.02228580625370702,0.0,-0.01750461986920815,0.0,-0.01750461986920815,False,False,empty,empty,1,0.0,0.0,False,0,0
1,photo,100,0.02,2,0,-0.02228580625370702,0.0,-0.01750461986920815,0.0,-0.0350092397384163,False,False,empty,empty,1,0.0,0.0,False,0,0
1,photo,100,0.02,5,0,-0.02228580625370702,0.0,-0.01750461986920815,0.0,-0.08752309934604074,False,False,empty,empty,1,0.0,0.0,False,0,0
1,photo,100,0.02,10,0,-0.02228580625370702,0.0,-0.01750461986920815,0.0,-0.1750461986920815,False,False,empty,empty,2,0.0,0.0,False,0,0
1,photo,100,0.05,1,0,0.007714193746293008,0.0,-0.011908011126507412,-0.007714193746293008,-0.01962220487280042,False,False,empty,empty,2,0.0,0.0,False,0,1
1,photo,100,0.05,2,0,0.007714193746293008,0.0,-0.011908011126507412,-0.007714193746293008,-0.03153021599930783,False,False,empty,empty,2,0.0,0.0,False,0,1
1,photo,100,0.05,5,0,0.007714193746293008,0.0,-0.011908011126507412,-0.007714193746293008,-0.06725424937883007,False,False,empty,empty,2,0.0,0.0,False,0,1
1,photo,100,0.05,10,0,0.007714193746293008,0.0,-0.011908011126507412,-0.007714193746293008,-0.12679430501136713,False,False,empty,empty,2,0.0,0.0,False,0,1
1,photo,100,0.1,1,0,0.05771419374629294,0.0,-0.018197091154536826,-0.05771419374629294,-0.07591128490082977,False,False,empty,empty,0,0.0,0.0,False,0,0
1,photo,100,0.1,2,0,0.05771419374629294,0.0,-0.018197091154536826,-0.05771419374629294,-0.0941083760553666,False,False,empty,empty,1,0.0,0.0,False,0,1
1,photo,100,0.1,5,0,0.05771419374629294,0.0,-0.018197091154536826,-0.05771419374629294,-0.14869964951897707,False,False,empty,empty,2,0.0,0.0,False,0,2
1,photo,100,0.1,10,0,0.05771419374629294,0.0,-0.018197091154536826,-0.05771419374629294,-0.2396851052916612,False,False,empty,empty,2,0.0,0.0,False,0,2
1,photo,100,0.15,1,0,0.10771419374629299,0.0,-0.025052146613451898,-0.10771419374629299,-0.13276634035974488,False,False,empty,empty,0,0.0,0.0,False,0,0
1,photo,100,0.15,2,0,0.10771419374629299,0.0,-0.025052146613451898,-0.10771419374629299,-0.15781848697319678,False,False,empty,empty,1,0.0,0.0,False,0,0
1,photo,100,0.15,5,0,0.10771419374629299,0.0,-0.025052146613451898,-0.10771419374629299,-0.23297492681355247,False,False,empty,empty,2,0.0,0.0,False,0,0
1,photo,100,0.15,10,0,0.10771419374629299,0.0,-0.025052146613451898,-0.10771419374629299,-0.35823565988081196,False,False,empty,empty,2,0.0,0.0,False,0,1
1,sketch,25,0.0,1,0,-0.07484367988788232,0.0,-0.003037933026599826,0.0,-0.003037933026599826,False,False,empty,empty,0,0.0,0.0,False,0,0
1,sketch,25,0.0,2,0,-0.07484367988788232,0.0,-0.003037933026599826,0.0,-0.006075866053199652,False,False,empty,empty,0,0.0,0.0,False,0,0
1,sketch,25,0.0,5,0,-0.07484367988788232,0.0,-0.003037933026599826,0.0,-0.01518966513299913,False,False,empty,empty,1,0.0,0.0,False,0,0
1,sketch,25,0.0,10,0,-0.07484367988788232,0.0,-0.003037933026599826,0.0,-0.03037933026599826,False,False,empty,empty,1,0.0,0.0,False,0,0
1,sketch,25,0.02,1,0,-0.0548436798878823,0.0,-0.003037933026599826,0.0,-0.003037933026599826,False,False,empty,empty,1,0.0,0.0,False,0,0
1,sketch,25,0.02,2,0,-0.0548436798878823,0.0,-0.003037933026599826,0.0,-0.006075866053199652,False,False,empty,empty,1,0.0,0.0,False,0,0
1,sketch,25,0.02,5,0,-0.0548436798878823,0.0,-0.003037933026599826,0.0,-0.01518966513299913,False,False,empty,empty,1,0.0,0.0,False,0,0
1,sketch,25,0.02,10,0,-0.0548436798878823,0.0,-0.003037933026599826,0.0,-0.03037933026599826,False,False,empty,empty,2,0.0,0.0,False,0,0
1,sketch,25,0.05,1,0,-0.024843679887882275,0.0,-0.0005629440804905128,0.0,-0.0005629440804905128,False,False,empty,empty,2,0.0,0.0,False,0,0
1,sketch,25,0.05,2,0,-0.024843679887882275,0.0,-0.0005629440804905128,0.0,-0.0011258881609810256,False,False,empty,empty,2,0.0,0.0,False,0,0
1,sketch,25,0.05,5,0,-0.024843679887882275,0.0,-0.0005629440804905128,0.0,-0.002814720402452564,False,False,empty,empty,2,0.0,0.0,False,0,0
1,sketch,25,0.05,10,0,-0.024843679887882275,0.0,-0.0005629440804905128,0.0,-0.005629440804905128,False,False,empty,empty,2,0.0,0.0,False,0,0
1,sketch,25,0.1,1,REP,0.02515632011211766,0.0013749057495874295,0.0013749057495874295,-0.02378141436253023,-0.02378141436253023,False,False,empty,empty,0,0.0,0.0,False,0,0
1,sketch,25,0.1,2,REP,0.02515632011211766,0.0013749057495874295,0.0013749057495874295,-0.0224065086129428,-0.0224065086129428,False,False,empty,empty,1,0.0,0.0,False,0,0
1,sketch,25,0.1,5,REP,0.02515632011211766,0.0013749057495874295,0.0013749057495874295,-0.01828179136418051,-0.01828179136418051,False,False,empty,empty,2,0.0,0.0,False,0,0
1,sketch,25,0.1,10,REP,0.02515632011211766,0.0013749057495874295,0.0013749057495874295,-0.011407262616243363,-0.011407262616243363,False,False,empty,empty,2,0.0,0.0,False,0,0
1,sketch,25,0.15,1,REP,0.0751563201121177,0.0013749057495874295,0.0013749057495874295,-0.07378141436253027,-0.07378141436253027,False,False,empty,empty,0,0.0,0.0,False,0,0
1,sketch,25,0.15,2,REP,0.0751563201121177,0.0013749057495874295,0.0013749057495874295,-0.07240650861294284,-0.07240650861294284,False,False,empty,empty,1,0.0,0.0,False,0,1
1,sketch,25,0.15,5,REP,0.0751563201121177,0.0013749057495874295,0.0013749057495874295,-0.06828179136418056,-0.06828179136418056,False,False,empty,empty,2,0.0,0.0,False,0,1
1,sketch,25,0.15,10,REP,0.0751563201121177,0.0013749057495874295,0.0013749057495874295,-0.06140726261624341,-0.06140726261624341,False,False,empty,empty,2,0.0,0.0,False,0,1
1,sketch,50,0.0,1,0,-0.07484367988788232,0.0,-0.010818130769589152,0.0,-0.010818130769589152,False,False,empty,empty,0,0.0,0.0,False,0,0
1,sketch,50,0.0,2,0,-0.07484367988788232,0.0,-0.010818130769589152,0.0,-0.021636261539178303,False,False,empty,empty,0,0.0,0.0,False,0,0
1,sketch,50,0.0,5,0,-0.07484367988788232,0.0,-0.010818130769589152,0.0,-0.05409065384794576,False,False,empty,empty,1,0.0,0.0,False,0,0
1,sketch,50,0.0,10,0,-0.07484367988788232,0.0,-0.010818130769589152,0.0,-0.10818130769589152,False,False,empty,empty,1,0.0,0.0,False,0,0
1,sketch,50,0.02,1,0,-0.0548436798878823,0.0,-0.006031512479159562,0.0,-0.006031512479159562,False,False,empty,empty,1,0.0,0.0,False,0,0
1,sketch,50,0.02,2,0,-0.0548436798878823,0.0,-0.006031512479159562,0.0,-0.012063024958319124,False,False,empty,empty,1,0.0,0.0,False,0,0
1,sketch,50,0.02,5,0,-0.0548436798878823,0.0,-0.006031512479159562,0.0,-0.03015756239579781,False,False,empty,empty,1,0.0,0.0,False,0,0
1,sketch,50,0.02,10,0,-0.0548436798878823,0.0,-0.006031512479159562,0.0,-0.06031512479159562,False,False,empty,empty,2,0.0,0.0,False,0,0
1,sketch,50,0.05,1,0,-0.024843679887882275,0.0,-0.002341523229526077,0.0,-0.002341523229526077,False,False,empty,empty,2,0.0,0.0,False,0,1
1,sketch,50,0.05,2,0,-0.024843679887882275,0.0,-0.002341523229526077,0.0,-0.004683046459052154,False,False,empty,empty,2,0.0,0.0,False,0,1
1,sketch,50,0.05,5,0,-0.024843679887882275,0.0,-0.002341523229526077,0.0,-0.011707616147630384,False,False,empty,empty,2,0.0,0.0,False,0,1
1,sketch,50,0.05,10,0,-0.024843679887882275,0.0,-0.002341523229526077,0.0,-0.02341523229526077,False,False,empty,empty,2,0.0,0.0,False,0,1
1,sketch,50,0.1,1,0,0.02515632011211766,0.0,-4.0181800812222335e-05,-0.02515632011211766,-0.02519650191292988,False,False,empty,empty,0,0.0,0.0,False,0,0
1,sketch,50,0.1,2,0,0.02515632011211766,0.0,-4.0181800812222335e-05,-0.02515632011211766,-0.025236683713742103,False,False,empty,empty,1,0.0,0.0,False,0,0
1,sketch,50,0.1,5,0,0.02515632011211766,0.0,-4.0181800812222335e-05,-0.02515632011211766,-0.02535722911617877,False,False,empty,empty,2,0.0,0.0,False,0,0
1,sketch,50,0.1,10,0,0.02515632011211766,0.0,-4.0181800812222335e-05,-0.02515632011211766,-0.02555813812023988,False,False,empty,empty,2,0.0,0.0,False,0,0
1,sketch,50,0.15,1,0,0.0751563201121177,0.0,-4.0181800812222335e-05,-0.0751563201121177,-0.07519650191292993,False,False,empty,empty,0,0.0,0.0,False,0,0
1,sketch,50,0.15,2,0,0.0751563201121177,0.0,-4.0181800812222335e-05,-0.0751563201121177,-0.07523668371374215,False,False,empty,empty,1,0.0,0.0,False,0,1
1,sketch,50,0.15,5,0,0.0751563201121177,0.0,-4.0181800812222335e-05,-0.0751563201121177,-0.07535722911617881,False,False,empty,empty,2,0.0,0.0,False,0,1
1,sketch,50,0.15,10,0,0.0751563201121177,0.0,-4.0181800812222335e-05,-0.0751563201121177,-0.07555813812023993,False,False,empty,empty,2,0.0,0.0,False,0,1
1,sketch,100,0.0,1,0,-0.07484367988788232,0.0,-0.010002024062089054,0.0,-0.010002024062089054,False,False,empty,empty,0,0.0,0.0,False,0,0
1,sketch,100,0.0,2,0,-0.07484367988788232,0.0,-0.010002024062089054,0.0,-0.02000404812417811,False,False,empty,empty,0,0.0,0.0,False,0,0
1,sketch,100,0.0,5,0,-0.07484367988788232,0.0,-0.010002024062089054,0.0,-0.05001012031044527,False,False,empty,empty,1,0.0,0.0,False,0,0
1,sketch,100,0.0,10,0,-0.07484367988788232,0.0,-0.010002024062089054,0.0,-0.10002024062089054,False,False,empty,empty,1,0.0,0.0,False,0,0
1,sketch,100,0.02,1,0,-0.0548436798878823,0.0,-0.010002024062089054,0.0,-0.010002024062089054,False,False,empty,empty,1,0.0,0.0,False,0,0
1,sketch,100,0.02,2,0,-0.0548436798878823,0.0,-0.010002024062089054,0.0,-0.02000404812417811,False,False,empty,empty,1,0.0,0.0,False,0,0
1,sketch,100,0.02,5,0,-0.0548436798878823,0.0,-0.010002024062089054,0.0,-0.05001012031044527,False,False,empty,empty,1,0.0,0.0,False,0,0
1,sketch,100,0.02,10,0,-0.0548436798878823,0.0,-0.010002024062089054,0.0,-0.10002024062089054,False,False,empty,empty,2,0.0,0.0,False,0,0
1,sketch,100,0.05,1,0,-0.024843679887882275,0.0,-0.012815372737658315,0.0,-0.012815372737658315,False,False,empty,empty,2,0.0,0.0,False,0,1
1,sketch,100,0.05,2,0,-0.024843679887882275,0.0,-0.012815372737658315,0.0,-0.02563074547531663,False,False,empty,empty,2,0.0,0.0,False,0,1
1,sketch,100,0.05,5,0,-0.024843679887882275,0.0,-0.012815372737658315,0.0,-0.06407686368829157,False,False,empty,empty,2,0.0,0.0,False,0,1
1,sketch,100,0.05,10,0,-0.024843679887882275,0.0,-0.012815372737658315,0.0,-0.12815372737658315,False,False,empty,empty,2,0.0,0.0,False,0,1
1,sketch,100,0.1,1,0,0.02515632011211766,0.0,-0.01112357099504191,-0.02515632011211766,-0.03627989110715957,False,False,empty,empty,0,0.0,0.0,False,0,0
1,sketch,100,0.1,2,0,0.02515632011211766,0.0,-0.01112357099504191,-0.02515632011211766,-0.04740346210220148,False,False,empty,empty,1,0.0,0.0,False,0,0
1,sketch,100,0.1,5,0,0.02515632011211766,0.0,-0.01112357099504191,-0.02515632011211766,-0.0807741750873272,False,False,empty,empty,2,0.0,0.0,False,0,0
1,sketch,100,0.1,10,0,0.02515632011211766,0.0,-0.01112357099504191,-0.02515632011211766,-0.13639203006253675,False,False,empty,empty,2,0.0,0.0,False,0,0
1,sketch,100,0.15,1,0,0.0751563201121177,0.0,-0.01112357099504191,-0.0751563201121177,-0.08627989110715961,False,False,empty,empty,0,0.0,0.0,False,0,0
1,sketch,100,0.15,2,0,0.0751563201121177,0.0,-0.01112357099504191,-0.0751563201121177,-0.09740346210220152,False,False,empty,empty,1,0.0,0.0,False,0,0
1,sketch,100,0.15,5,0,0.0751563201121177,0.0,-0.01112357099504191,-0.0751563201121177,-0.13077417508732725,False,False,empty,empty,2,0.0,0.0,False,0,1
1,sketch,100,0.15,10,0,0.0751563201121177,0.0,-0.01112357099504191,-0.0751563201121177,-0.1863920300625368,False,False,empty,empty,2,0.0,0.0,False,0,1
2,art_painting,25,0.0,1,O50,0.024761213165705898,0.00691132649912507,0.005915242113162633,-0.017849886666580828,-0.018845971052543264,False,False,empty,empty,0,0.0,0.0,False,0,0
2,art_painting,25,0.0,2,O50,0.024761213165705898,0.00691132649912507,0.005915242113162633,-0.010938560167455758,-0.012930728939380631,False,False,empty,empty,0,0.0,0.0,False,0,0
2,art_painting,25,0.0,5,O50,0.024761213165705898,0.00691132649912507,0.005915242113162633,0.009795419329919453,0.004814997400107268,True,True,"[0,0.0097954193299194525)","[0,0.0048149974001072682)",1,0.0,0.0,False,0,1
2,art_painting,25,0.0,10,O50,0.024761213165705898,0.00691132649912507,0.005915242113162633,0.0443520518255448,0.034391207965920434,True,True,"[0,0.044352051825544803)","[0,0.034391207965920434)",1,0.0,0.0,False,0,1
2,art_painting,25,0.02,1,STD,0.044761213165705915,0.007271413727381493,0.005915242113162522,-0.03748979943832442,-0.03884597105254339,False,False,empty,empty,1,0.0,0.0,False,0,0
2,art_painting,25,0.02,2,STD,0.044761213165705915,0.007271413727381493,0.005915242113162522,-0.03021838571094293,-0.03293072893938087,False,False,empty,empty,1,0.0,0.0,False,0,0
2,art_painting,25,0.02,5,STD,0.044761213165705915,0.007271413727381493,0.005915242113162522,-0.008404144528798452,-0.015185002599893305,False,False,empty,empty,1,0.0,0.0,False,0,0
2,art_painting,25,0.02,10,STD,0.044761213165705915,0.007271413727381493,0.005915242113162522,0.027952924108109012,0.014391207965919306,True,True,"[0,0.027952924108109012)","[0,0.014391207965919306)",2,0.0,0.0,False,0,1
2,art_painting,25,0.05,1,STD,0.07476121316570594,0.013169451103251406,0.010941087576796016,-0.061591762062454536,-0.06382012558890993,False,False,empty,empty,2,0.0,0.0,False,0,0
2,art_painting,25,0.05,2,STD,0.07476121316570594,0.013169451103251406,0.010941087576796016,-0.04842231095920313,-0.05287903801211391,False,False,empty,empty,2,0.0,0.0,False,0,1
2,art_painting,25,0.05,5,STD,0.07476121316570594,0.013169451103251406,0.010941087576796016,-0.008913957649448911,-0.020055775281725863,False,False,empty,empty,2,0.0,0.0,False,0,1
2,art_painting,25,0.05,10,STD,0.07476121316570594,0.013169451103251406,0.010941087576796016,0.05693329786680812,0.034649662602254216,True,True,"[0,0.056933297866808119)","[0,0.034649662602254216)",2,0.0,0.0,False,0,2
2,art_painting,25,0.1,1,STD,0.12476121316570588,0.013169451103251406,0.010941087576796016,-0.11159176206245447,-0.11382012558890986,False,False,empty,empty,0,0.0,0.0,False,0,0
2,art_painting,25,0.1,2,STD,0.12476121316570588,0.013169451103251406,0.010941087576796016,-0.09842231095920306,-0.10287903801211384,False,False,empty,empty,1,0.0,0.0,False,0,0
2,art_painting,25,0.1,5,STD,0.12476121316570588,0.013169451103251406,0.010941087576796016,-0.058913957649448845,-0.0700557752817258,False,False,empty,empty,2,0.0,0.0,False,0,1
2,art_painting,25,0.1,10,STD,0.12476121316570588,0.013169451103251406,0.010941087576796016,0.006933297866808186,-0.015350337397745717,True,False,"[0,0.0069332978668081857)",empty,2,0.0,0.0,False,0,2
2,art_painting,25,0.15,1,REP,0.17476121316570592,0.004772473221031803,0.004772473221031803,-0.16998873994467412,-0.16998873994467412,False,False,empty,empty,0,0.0,0.0,False,0,0
2,art_painting,25,0.15,2,REP,0.17476121316570592,0.004772473221031803,0.004772473221031803,-0.1652162667236423,-0.1652162667236423,False,False,empty,empty,1,0.0,0.0,False,0,0
2,art_painting,25,0.15,5,REP,0.17476121316570592,0.004772473221031803,0.004772473221031803,-0.1508988470605469,-0.1508988470605469,False,False,empty,empty,2,0.0,0.0,False,0,0
2,art_painting,25,0.15,10,REP,0.17476121316570592,0.004772473221031803,0.004772473221031803,-0.1270364809553879,-0.1270364809553879,False,False,empty,empty,2,0.0,0.0,False,0,1
2,art_painting,50,0.0,1,REP,0.024761213165705898,0.0057850518535151885,0.0057850518535151885,-0.01897616131219071,-0.01897616131219071,False,False,empty,empty,0,0.0,0.0,False,0,0
2,art_painting,50,0.0,2,REP,0.024761213165705898,0.0057850518535151885,0.0057850518535151885,-0.01319110945867552,-0.01319110945867552,False,False,empty,empty,0,0.0,0.0,False,0,0
2,art_painting,50,0.0,5,REP,0.024761213165705898,0.0057850518535151885,0.0057850518535151885,0.004164046101870045,0.004164046101870045,True,True,"[0,0.0041640461018700448)","[0,0.0041640461018700448)",1,0.0,0.0,False,0,1
2,art_painting,50,0.0,10,REP,0.024761213165705898,0.0057850518535151885,0.0057850518535151885,0.03308930536944599,0.03308930536944599,True,True,"[0,0.033089305369445987)","[0,0.033089305369445987)",1,0.0,0.0,False,0,1
2,art_painting,50,0.02,1,REP,0.044761213165705915,0.006100403924389264,0.006100403924389264,-0.03866080924131665,-0.03866080924131665,False,False,empty,empty,1,0.0,0.0,False,0,0
2,art_painting,50,0.02,2,REP,0.044761213165705915,0.006100403924389264,0.006100403924389264,-0.03256040531692739,-0.03256040531692739,False,False,empty,empty,1,0.0,0.0,False,0,0
2,art_painting,50,0.02,5,REP,0.044761213165705915,0.006100403924389264,0.006100403924389264,-0.014259193543759596,-0.014259193543759596,False,False,empty,empty,1,0.0,0.0,False,0,0
2,art_painting,50,0.02,10,REP,0.044761213165705915,0.006100403924389264,0.006100403924389264,0.016242826078186723,0.016242826078186723,True,True,"[0,0.016242826078186723)","[0,0.016242826078186723)",2,0.0,0.0,False,0,1
2,art_painting,50,0.05,1,REP,0.07476121316570594,0.011998441300259177,0.011998441300259177,-0.06276277186544676,-0.06276277186544676,False,False,empty,empty,2,0.0,0.0,False,0,1
2,art_painting,50,0.05,2,REP,0.07476121316570594,0.011998441300259177,0.011998441300259177,-0.05076433056518759,-0.05076433056518759,False,False,empty,empty,2,0.0,0.0,False,0,1
2,art_painting,50,0.05,5,REP,0.07476121316570594,0.011998441300259177,0.011998441300259177,-0.014769006664410056,-0.014769006664410056,False,False,empty,empty,2,0.0,0.0,False,0,1
2,art_painting,50,0.05,10,REP,0.07476121316570594,0.011998441300259177,0.011998441300259177,0.04522319983688583,0.04522319983688583,True,True,"[0,0.04522319983688583)","[0,0.04522319983688583)",2,0.0,0.0,False,0,2
2,art_painting,50,0.1,1,REP,0.12476121316570588,0.011998441300259177,0.011998441300259177,-0.1127627718654467,-0.1127627718654467,False,False,empty,empty,0,0.0,0.0,False,0,0
2,art_painting,50,0.1,2,REP,0.12476121316570588,0.011998441300259177,0.011998441300259177,-0.10076433056518752,-0.10076433056518752,False,False,empty,empty,1,0.0,0.0,False,0,0
2,art_painting,50,0.1,5,REP,0.12476121316570588,0.011998441300259177,0.011998441300259177,-0.06476900666440999,-0.06476900666440999,False,False,empty,empty,2,0.0,0.0,False,0,1
2,art_painting,50,0.1,10,REP,0.12476121316570588,0.011998441300259177,0.011998441300259177,-0.004776800163114103,-0.004776800163114103,False,False,empty,empty,2,0.0,0.0,False,0,1
2,art_painting,50,0.15,1,REP,0.17476121316570592,0.014951585811136647,0.014951585811136647,-0.15980962735456927,-0.15980962735456927,False,False,empty,empty,0,0.0,0.0,False,0,0
2,art_painting,50,0.15,2,REP,0.17476121316570592,0.014951585811136647,0.014951585811136647,-0.14485804154343263,-0.14485804154343263,False,False,empty,empty,1,0.0,0.0,False,0,0
2,art_painting,50,0.15,5,REP,0.17476121316570592,0.014951585811136647,0.014951585811136647,-0.10000328411002268,-0.10000328411002268,False,False,empty,empty,2,0.0,0.0,False,0,0
2,art_painting,50,0.15,10,REP,0.17476121316570592,0.014951585811136647,0.014951585811136647,-0.025245355054339447,-0.025245355054339447,False,False,empty,empty,2,0.0,0.0,False,0,0
2,art_painting,100,0.0,1,0,0.024761213165705898,0.0,-0.0019812163303851715,-0.024761213165705898,-0.02674242949609107,False,False,empty,empty,0,0.0,0.0,False,0,0
2,art_painting,100,0.0,2,0,0.024761213165705898,0.0,-0.0019812163303851715,-0.024761213165705898,-0.02872364582647624,False,False,empty,empty,0,0.0,0.0,False,0,0
2,art_painting,100,0.0,5,0,0.024761213165705898,0.0,-0.0019812163303851715,-0.024761213165705898,-0.034667294817631755,False,False,empty,empty,1,0.0,0.0,False,0,0
2,art_painting,100,0.0,10,0,0.024761213165705898,0.0,-0.0019812163303851715,-0.024761213165705898,-0.04457337646955761,False,False,empty,empty,1,0.0,0.0,False,0,0
2,art_painting,100,0.02,1,0,0.044761213165705915,0.0,-0.002617809633872703,-0.044761213165705915,-0.04737902279957862,False,False,empty,empty,1,0.0,0.0,False,0,0
2,art_painting,100,0.02,2,0,0.044761213165705915,0.0,-0.002617809633872703,-0.044761213165705915,-0.04999683243345132,False,False,empty,empty,1,0.0,0.0,False,0,0
2,art_painting,100,0.02,5,0,0.044761213165705915,0.0,-0.002617809633872703,-0.044761213165705915,-0.05785026133506943,False,False,empty,empty,1,0.0,0.0,False,0,0
2,art_painting,100,0.02,10,0,0.044761213165705915,0.0,-0.002617809633872703,-0.044761213165705915,-0.07093930950443295,False,False,empty,empty,2,0.0,0.0,False,0,0
2,art_painting,100,0.05,1,REP,0.07476121316570594,0.002455276948430507,0.002455276948430507,-0.07230593621727543,-0.07230593621727543,False,False,empty,empty,2,0.0,0.0,False,0,1
2,art_painting,100,0.05,2,REP,0.07476121316570594,0.002455276948430507,0.002455276948430507,-0.06985065926884493,-0.06985065926884493,False,False,empty,empty,2,0.0,0.0,False,0,1
2,art_painting,100,0.05,5,REP,0.07476121316570594,0.002455276948430507,0.002455276948430507,-0.06248482842355341,-0.06248482842355341,False,False,empty,empty,2,0.0,0.0,False,0,1
2,art_painting,100,0.05,10,REP,0.07476121316570594,0.002455276948430507,0.002455276948430507,-0.05020844368140087,-0.05020844368140087,False,False,empty,empty,2,0.0,0.0,False,0,1
2,art_painting,100,0.1,1,REP,0.12476121316570588,0.007318920559723052,0.007318920559723052,-0.11744229260598282,-0.11744229260598282,False,False,empty,empty,0,0.0,0.0,False,0,0
2,art_painting,100,0.1,2,REP,0.12476121316570588,0.007318920559723052,0.007318920559723052,-0.11012337204625977,-0.11012337204625977,False,False,empty,empty,1,0.0,0.0,False,0,0
2,art_painting,100,0.1,5,REP,0.12476121316570588,0.007318920559723052,0.007318920559723052,-0.08816661036709061,-0.08816661036709061,False,False,empty,empty,2,0.0,0.0,False,0,1
2,art_painting,100,0.1,10,REP,0.12476121316570588,0.007318920559723052,0.007318920559723052,-0.05157200756847535,-0.05157200756847535,False,False,empty,empty,2,0.0,0.0,False,0,1
2,art_painting,100,0.15,1,REP,0.17476121316570592,0.010671291321282972,0.010671291321282972,-0.16408992184442295,-0.16408992184442295,False,False,empty,empty,0,0.0,0.0,False,0,0
2,art_painting,100,0.15,2,REP,0.17476121316570592,0.010671291321282972,0.010671291321282972,-0.15341863052313998,-0.15341863052313998,False,False,empty,empty,1,0.0,0.0,False,0,0
2,art_painting,100,0.15,5,REP,0.17476121316570592,0.010671291321282972,0.010671291321282972,-0.12140475655929106,-0.12140475655929106,False,False,empty,empty,2,0.0,0.0,False,0,1
2,art_painting,100,0.15,10,REP,0.17476121316570592,0.010671291321282972,0.010671291321282972,-0.0680482999528762,-0.0680482999528762,False,False,empty,empty,2,0.0,0.0,False,0,1
2,cartoon,25,0.0,1,REP,0.04517049116605765,0.0064028916884608655,0.0064028916884608655,-0.03876759947759678,-0.03876759947759678,False,False,empty,empty,0,0.0,0.0,False,0,0
2,cartoon,25,0.0,2,REP,0.04517049116605765,0.0064028916884608655,0.0064028916884608655,-0.032364707789135916,-0.032364707789135916,False,False,empty,empty,0,0.0,0.0,False,0,0
2,cartoon,25,0.0,5,REP,0.04517049116605765,0.0064028916884608655,0.0064028916884608655,-0.01315603272375332,-0.01315603272375332,False,False,empty,empty,1,0.0,0.0,False,0,0
2,cartoon,25,0.0,10,REP,0.04517049116605765,0.0064028916884608655,0.0064028916884608655,0.01885842571855101,0.01885842571855101,True,True,"[0,0.018858425718551008)","[0,0.018858425718551008)",1,0.0,0.0,False,0,1
2,cartoon,25,0.02,1,REP,0.06517049116605766,0.0064028916884606435,0.0064028916884606435,-0.05876759947759702,-0.05876759947759702,False,False,empty,empty,1,0.0,0.0,False,0,1
2,cartoon,25,0.02,2,REP,0.06517049116605766,0.0064028916884606435,0.0064028916884606435,-0.05236470778913638,-0.05236470778913638,False,False,empty,empty,1,0.0,0.0,False,0,1
2,cartoon,25,0.02,5,REP,0.06517049116605766,0.0064028916884606435,0.0064028916884606435,-0.03315603272375445,-0.03315603272375445,False,False,empty,empty,1,0.0,0.0,False,0,1
2,cartoon,25,0.02,10,REP,0.06517049116605766,0.0064028916884606435,0.0064028916884606435,-0.0011415742814512297,-0.0011415742814512297,False,False,empty,empty,2,0.0,0.0,False,0,1
2,cartoon,25,0.05,1,REP,0.09517049116605769,0.008830475625261291,0.008830475625261291,-0.0863400155407964,-0.0863400155407964,False,False,empty,empty,2,0.0,0.0,False,0,0
2,cartoon,25,0.05,2,REP,0.09517049116605769,0.008830475625261291,0.008830475625261291,-0.07750953991553511,-0.07750953991553511,False,False,empty,empty,2,0.0,0.0,False,0,0
2,cartoon,25,0.05,5,REP,0.09517049116605769,0.008830475625261291,0.008830475625261291,-0.051018113039751234,-0.051018113039751234,False,False,empty,empty,2,0.0,0.0,False,0,0
2,cartoon,25,0.05,10,REP,0.09517049116605769,0.008830475625261291,0.008830475625261291,-0.0068657349134447765,-0.0068657349134447765,False,False,empty,empty,2,0.0,0.0,False,0,1
2,cartoon,25,0.1,1,REP,0.14517049116605762,0.021211706464419722,0.021211706464419722,-0.1239587847016379,-0.1239587847016379,False,False,empty,empty,0,0.0,0.0,False,0,0
2,cartoon,25,0.1,2,REP,0.14517049116605762,0.021211706464419722,0.021211706464419722,-0.10274707823721818,-0.10274707823721818,False,False,empty,empty,1,0.0,0.0,False,0,0
2,cartoon,25,0.1,5,REP,0.14517049116605762,0.021211706464419722,0.021211706464419722,-0.039111958843959016,-0.039111958843959016,False,False,empty,empty,2,0.0,0.0,False,0,0
2,cartoon,25,0.1,10,REP,0.14517049116605762,0.021211706464419722,0.021211706464419722,0.06694657347813959,0.06694657347813959,True,True,"[0,0.066946573478139593)","[0,0.066946573478139593)",2,0.0,0.0,False,0,2
2,cartoon,25,0.15,1,REP,0.19517049116605767,0.02456407722597964,0.02456407722597964,-0.17060641394007803,-0.17060641394007803,False,False,empty,empty,0,0.0,0.0,False,0,0
2,cartoon,25,0.15,2,REP,0.19517049116605767,0.02456407722597964,0.02456407722597964,-0.1460423367140984,-0.1460423367140984,False,False,empty,empty,1,0.0,0.0,False,0,0
2,cartoon,25,0.15,5,REP,0.19517049116605767,0.02456407722597964,0.02456407722597964,-0.07235010503615946,-0.07235010503615946,False,False,empty,empty,2,0.0,0.0,False,0,0
2,cartoon,25,0.15,10,REP,0.19517049116605767,0.02456407722597964,0.02456407722597964,0.050470281093738745,0.050470281093738745,True,True,"[0,0.050470281093738745)","[0,0.050470281093738745)",2,0.0,0.0,False,0,1
2,cartoon,50,0.0,1,REP,0.04517049116605765,0.004213547920631333,0.004213547920631333,-0.040956943245426314,-0.040956943245426314,False,False,empty,empty,0,0.0,0.0,False,0,0
2,cartoon,50,0.0,2,REP,0.04517049116605765,0.004213547920631333,0.004213547920631333,-0.03674339532479498,-0.03674339532479498,False,False,empty,empty,0,0.0,0.0,False,0,0
2,cartoon,50,0.0,5,REP,0.04517049116605765,0.004213547920631333,0.004213547920631333,-0.02410275156290098,-0.02410275156290098,False,False,empty,empty,1,0.0,0.0,False,0,0
2,cartoon,50,0.0,10,REP,0.04517049116605765,0.004213547920631333,0.004213547920631333,-0.003035011959744316,-0.003035011959744316,False,False,empty,empty,1,0.0,0.0,False,0,0
2,cartoon,50,0.02,1,REP,0.06517049116605766,0.004213547920631222,0.004213547920631222,-0.06095694324542644,-0.06095694324542644,False,False,empty,empty,1,0.0,0.0,False,0,1
2,cartoon,50,0.02,2,REP,0.06517049116605766,0.004213547920631222,0.004213547920631222,-0.05674339532479522,-0.05674339532479522,False,False,empty,empty,1,0.0,0.0,False,0,1
2,cartoon,50,0.02,5,REP,0.06517049116605766,0.004213547920631222,0.004213547920631222,-0.044102751562901554,-0.044102751562901554,False,False,empty,empty,1,0.0,0.0,False,0,1
2,cartoon,50,0.02,10,REP,0.06517049116605766,0.004213547920631222,0.004213547920631222,-0.023035011959745444,-0.023035011959745444,False,False,empty,empty,2,0.0,0.0,False,0,1
2,cartoon,50,0.05,1,REP,0.09517049116605769,0.01124054067631608,0.01124054067631608,-0.08392995048974161,-0.08392995048974161,False,False,empty,empty,2,0.0,0.0,False,0,0
2,cartoon,50,0.05,2,REP,0.09517049116605769,0.01124054067631608,0.01124054067631608,-0.07268940981342553,-0.07268940981342553,False,False,empty,empty,2,0.0,0.0,False,0,0
2,cartoon,50,0.05,5,REP,0.09517049116605769,0.01124054067631608,0.01124054067631608,-0.03896778778447729,-0.03896778778447729,False,False,empty,empty,2,0.0,0.0,False,0,0
2,cartoon,50,0.05,10,REP,0.09517049116605769,0.01124054067631608,0.01124054067631608,0.017234915597103106,0.017234915597103106,True,True,"[0,0.017234915597103106)","[0,0.017234915597103106)",2,0.0,0.0,False,0,1
2,cartoon,50,0.1,1,REP,0.14517049116605762,0.023740540676316035,0.023740540676316035,-0.12142995048974159,-0.12142995048974159,False,False,empty,empty,0,0.0,0.0,False,0,0
2,cartoon,50,0.1,2,REP,0.14517049116605762,0.023740540676316035,0.023740540676316035,-0.09768940981342555,-0.09768940981342555,False,False,empty,empty,1,0.0,0.0,False,0,0
2,cartoon,50,0.1,5,REP,0.14517049116605762,0.023740540676316035,0.023740540676316035,-0.026467787784477448,-0.026467787784477448,False,False,empty,empty,2,0.0,0.0,False,0,0
2,cartoon,50,0.1,10,REP,0.14517049116605762,0.023740540676316035,0.023740540676316035,0.09223491559710273,0.09223491559710273,True,True,"[0,0.092234915597102729)","[0,0.092234915597102729)",2,0.0,0.0,False,0,1
2,cartoon,50,0.15,1,REP,0.19517049116605767,0.027092911437875955,0.027092911437875955,-0.16807757972818171,-0.16807757972818171,False,False,empty,empty,0,0.0,0.0,False,0,0
2,cartoon,50,0.15,2,REP,0.19517049116605767,0.027092911437875955,0.027092911437875955,-0.14098466829030576,-0.14098466829030576,False,False,empty,empty,1,0.0,0.0,False,0,0
2,cartoon,50,0.15,5,REP,0.19517049116605767,0.027092911437875955,0.027092911437875955,-0.059705933976677894,-0.059705933976677894,False,False,empty,empty,2,0.0,0.0,False,0,0
2,cartoon,50,0.15,10,REP,0.19517049116605767,0.027092911437875955,0.027092911437875955,0.07575862321270188,0.07575862321270188,True,True,"[0,0.075758623212701881)","[0,0.075758623212701881)",2,0.0,0.0,False,0,1
2,cartoon,100,0.0,1,0,0.04517049116605765,0.0,-0.0031352097328583017,-0.04517049116605765,-0.04830570089891595,False,False,empty,empty,0,0.0,0.0,False,0,0
2,cartoon,100,0.0,2,0,0.04517049116605765,0.0,-0.0031352097328583017,-0.04517049116605765,-0.05144091063177425,False,False,empty,empty,0,0.0,0.0,False,0,0
2,cartoon,100,0.0,5,0,0.04517049116605765,0.0,-0.0031352097328583017,-0.04517049116605765,-0.060846539830349156,False,False,empty,empty,1,0.0,0.0,False,0,0
2,cartoon,100,0.0,10,0,0.04517049116605765,0.0,-0.0031352097328583017,-0.04517049116605765,-0.07652258849464066,False,False,empty,empty,1,0.0,0.0,False,0,0
2,cartoon,100,0.02,1,0,0.06517049116605766,0.0,-0.0031352097328584128,-0.06517049116605766,-0.06830570089891608,False,False,empty,empty,1,0.0,0.0,False,0,1
2,cartoon,100,0.02,2,0,0.06517049116605766,0.0,-0.0031352097328584128,-0.06517049116605766,-0.07144091063177449,False,False,empty,empty,1,0.0,0.0,False,0,1
2,cartoon,100,0.02,5,0,0.06517049116605766,0.0,-0.0031352097328584128,-0.06517049116605766,-0.08084653983034973,False,False,empty,empty,1,0.0,0.0,False,0,1
2,cartoon,100,0.02,10,0,0.06517049116605766,0.0,-0.0031352097328584128,-0.06517049116605766,-0.09652258849464179,False,False,empty,empty,2,0.0,0.0,False,0,1
2,cartoon,100,0.05,1,0,0.09517049116605769,0.0,-0.003047243511887232,-0.09517049116605769,-0.09821773467794492,False,False,empty,empty,2,0.0,0.0,False,0,0
2,cartoon,100,0.05,2,0,0.09517049116605769,0.0,-0.003047243511887232,-0.09517049116605769,-0.10126497818983216,False,False,empty,empty,2,0.0,0.0,False,0,0
2,cartoon,100,0.05,5,0,0.09517049116605769,0.0,-0.003047243511887232,-0.09517049116605769,-0.11040670872549385,False,False,empty,empty,2,0.0,0.0,False,0,0
2,cartoon,100,0.05,10,0,0.09517049116605769,0.0,-0.003047243511887232,-0.09517049116605769,-0.12564292628493,False,False,empty,empty,2,0.0,0.0,False,0,0
2,cartoon,100,0.1,1,0,0.14517049116605762,0.0,-0.003047243511887232,-0.14517049116605762,-0.14821773467794486,False,False,empty,empty,0,0.0,0.0,False,0,0
2,cartoon,100,0.1,2,0,0.14517049116605762,0.0,-0.003047243511887232,-0.14517049116605762,-0.1512649781898321,False,False,empty,empty,1,0.0,0.0,False,0,0
2,cartoon,100,0.1,5,0,0.14517049116605762,0.0,-0.003047243511887232,-0.14517049116605762,-0.16040670872549379,False,False,empty,empty,2,0.0,0.0,False,0,0
2,cartoon,100,0.1,10,0,0.14517049116605762,0.0,-0.003047243511887232,-0.14517049116605762,-0.17564292628492995,False,False,empty,empty,2,0.0,0.0,False,0,0
2,cartoon,100,0.15,1,0,0.19517049116605767,0.0,-0.012194872750327379,-0.19517049116605767,-0.20736536391638505,False,False,empty,empty,0,0.0,0.0,False,0,0
2,cartoon,100,0.15,2,0,0.19517049116605767,0.0,-0.012194872750327379,-0.19517049116605767,-0.21956023666671243,False,False,empty,empty,1,0.0,0.0,False,0,0
2,cartoon,100,0.15,5,0,0.19517049116605767,0.0,-0.012194872750327379,-0.19517049116605767,-0.25614485491769456,False,False,empty,empty,2,0.0,0.0,False,0,0
2,cartoon,100,0.15,10,0,0.19517049116605767,0.0,-0.012194872750327379,-0.19517049116605767,-0.31711921866933146,False,False,empty,empty,2,0.0,0.0,False,0,0
2,photo,25,0.0,1,REP,-0.04359214950347967,0.010452798565058652,0.010452798565058652,0.010452798565058652,0.010452798565058652,False,False,empty,empty,0,0.0,0.0,False,0,0
2,photo,25,0.0,2,REP,-0.04359214950347967,0.010452798565058652,0.010452798565058652,0.020905597130117304,0.020905597130117304,False,False,empty,empty,0,0.0,0.0,False,0,0
2,photo,25,0.0,5,REP,-0.04359214950347967,0.010452798565058652,0.010452798565058652,0.05226399282529326,0.05226399282529326,False,False,empty,empty,1,0.0,0.0,False,0,0
2,photo,25,0.0,10,REP,-0.04359214950347967,0.010452798565058652,0.010452798565058652,0.10452798565058652,0.10452798565058652,False,False,empty,empty,1,0.0,0.0,False,0,0
2,photo,25,0.02,1,REP,-0.023592149503479654,0.01045279856505843,0.01045279856505843,0.01045279856505843,0.01045279856505843,False,False,empty,empty,1,0.0,0.0,False,0,0
2,photo,25,0.02,2,REP,-0.023592149503479654,0.01045279856505843,0.01045279856505843,0.02090559713011686,0.02090559713011686,False,False,empty,empty,1,0.0,0.0,False,0,0
2,photo,25,0.02,5,REP,-0.023592149503479654,0.01045279856505843,0.01045279856505843,0.05226399282529215,0.05226399282529215,False,False,empty,empty,1,0.0,0.0,False,0,0
2,photo,25,0.02,10,REP,-0.023592149503479654,0.01045279856505843,0.01045279856505843,0.1045279856505843,0.1045279856505843,False,False,empty,empty,2,0.0,0.0,False,0,0
2,photo,25,0.05,1,REP,0.006407850496520373,0.01420313382461047,0.01420313382461047,0.007795283328090097,0.007795283328090097,True,True,"[0,0.0077952833280900968)","[0,0.0077952833280900968)",2,0.0,0.0,False,0,1
2,photo,25,0.05,2,REP,0.006407850496520373,0.01420313382461047,0.01420313382461047,0.021998417152700567,0.021998417152700567,True,True,"[0,0.021998417152700567)","[0,0.021998417152700567)",2,0.0,0.0,False,0,1
2,photo,25,0.05,5,REP,0.006407850496520373,0.01420313382461047,0.01420313382461047,0.06460781862653198,0.06460781862653198,True,True,"[0,0.064607818626531976)","[0,0.064607818626531976)",2,0.0,0.0,False,0,1
2,photo,25,0.05,10,REP,0.006407850496520373,0.01420313382461047,0.01420313382461047,0.13562348774958433,0.13562348774958433,True,True,"[0,0.13562348774958433)","[0,0.13562348774958433)",2,0.0,0.0,False,0,1
2,photo,25,0.1,1,REP,0.056407850496520306,0.01420313382461047,0.01420313382461047,-0.04220471667190984,-0.04220471667190984,False,False,empty,empty,0,0.0,0.0,False,0,0
2,photo,25,0.1,2,REP,0.056407850496520306,0.01420313382461047,0.01420313382461047,-0.028001582847299367,-0.028001582847299367,False,False,empty,empty,1,0.0,0.0,False,0,0
2,photo,25,0.1,5,REP,0.056407850496520306,0.01420313382461047,0.01420313382461047,0.014607818626532043,0.014607818626532043,True,True,"[0,0.014607818626532043)","[0,0.014607818626532043)",2,0.0,0.0,False,0,1
2,photo,25,0.1,10,REP,0.056407850496520306,0.01420313382461047,0.01420313382461047,0.08562348774958439,0.08562348774958439,True,True,"[0,0.085623487749584393)","[0,0.085623487749584393)",2,0.0,0.0,False,0,1
2,photo,25,0.15,1,REP,0.10640785049652035,0.005055504586170434,0.005055504586170434,-0.10135234591034992,-0.10135234591034992,False,False,empty,empty,0,0.0,0.0,False,0,0
2,photo,25,0.15,2,REP,0.10640785049652035,0.005055504586170434,0.005055504586170434,-0.09629684132417948,-0.09629684132417948,False,False,empty,empty,1,0.0,0.0,False,0,0
2,photo,25,0.15,5,REP,0.10640785049652035,0.005055504586170434,0.005055504586170434,-0.08113032756566818,-0.08113032756566818,False,False,empty,empty,2,0.0,0.0,False,0,0
2,photo,25,0.15,10,REP,0.10640785049652035,0.005055504586170434,0.005055504586170434,-0.05585280463481601,-0.05585280463481601,False,False,empty,empty,2,0.0,0.0,False,0,0
2,photo,50,0.0,1,REP,-0.04359214950347967,0.0027218115141206534,0.0027218115141206534,0.0027218115141206534,0.0027218115141206534,False,False,empty,empty,0,0.0,0.0,False,0,0
2,photo,50,0.0,2,REP,-0.04359214950347967,0.0027218115141206534,0.0027218115141206534,0.005443623028241307,0.005443623028241307,False,False,empty,empty,0,0.0,0.0,False,0,0
2,photo,50,0.0,5,REP,-0.04359214950347967,0.0027218115141206534,0.0027218115141206534,0.013609057570603267,0.013609057570603267,False,False,empty,empty,1,0.0,0.0,False,0,0
2,photo,50,0.0,10,REP,-0.04359214950347967,0.0027218115141206534,0.0027218115141206534,0.027218115141206534,0.027218115141206534,False,False,empty,empty,1,0.0,0.0,False,0,0
2,photo,50,0.02,1,REP,-0.023592149503479654,0.003081146695480208,0.003081146695480208,0.003081146695480208,0.003081146695480208,False,False,empty,empty,1,0.0,0.0,False,0,0
2,photo,50,0.02,2,REP,-0.023592149503479654,0.003081146695480208,0.003081146695480208,0.006162293390960416,0.006162293390960416,False,False,empty,empty,1,0.0,0.0,False,0,0
2,photo,50,0.02,5,REP,-0.023592149503479654,0.003081146695480208,0.003081146695480208,0.01540573347740104,0.01540573347740104,False,False,empty,empty,1,0.0,0.0,False,0,0
2,photo,50,0.02,10,REP,-0.023592149503479654,0.003081146695480208,0.003081146695480208,0.03081146695480208,0.03081146695480208,False,False,empty,empty,2,0.0,0.0,False,0,0
2,photo,50,0.05,1,REP,0.006407850496520373,0.008979184071350121,0.008979184071350121,0.0025713335748297483,0.0025713335748297483,True,True,"[0,0.0025713335748297483)","[0,0.0025713335748297483)",2,0.0,0.0,False,0,1
2,photo,50,0.05,2,REP,0.006407850496520373,0.008979184071350121,0.008979184071350121,0.01155051764617987,0.01155051764617987,True,True,"[0,0.01155051764617987)","[0,0.01155051764617987)",2,0.0,0.0,False,0,1
2,photo,50,0.05,5,REP,0.006407850496520373,0.008979184071350121,0.008979184071350121,0.038488069860230234,0.038488069860230234,True,True,"[0,0.038488069860230234)","[0,0.038488069860230234)",2,0.0,0.0,False,0,1
2,photo,50,0.05,10,REP,0.006407850496520373,0.008979184071350121,0.008979184071350121,0.08338399021698084,0.08338399021698084,True,True,"[0,0.083383990216980841)","[0,0.083383990216980841)",2,0.0,0.0,False,0,1
2,photo,50,0.1,1,REP,0.056407850496520306,0.016103669001958476,0.016103669001958476,-0.04030418149456183,-0.04030418149456183,False,False,empty,empty,0,0.0,0.0,False,0,0
2,photo,50,0.1,2,REP,0.056407850496520306,0.016103669001958476,0.016103669001958476,-0.024200512492603354,-0.024200512492603354,False,False,empty,empty,1,0.0,0.0,False,0,0
2,photo,50,0.1,5,REP,0.056407850496520306,0.016103669001958476,0.016103669001958476,0.024110494513272074,0.024110494513272074,True,True,"[0,0.024110494513272074)","[0,0.024110494513272074)",2,0.0,0.0,False,0,1
2,photo,50,0.1,10,REP,0.056407850496520306,0.016103669001958476,0.016103669001958476,0.10462883952306445,0.10462883952306445,True,True,"[0,0.10462883952306445)","[0,0.10462883952306445)",2,0.0,0.0,False,0,1
2,photo,50,0.15,1,REP,0.10640785049652035,0.019456039763518396,0.019456039763518396,-0.08695181073300196,-0.08695181073300196,False,False,empty,empty,0,0.0,0.0,False,0,0
2,photo,50,0.15,2,REP,0.10640785049652035,0.019456039763518396,0.019456039763518396,-0.06749577096948356,-0.06749577096948356,False,False,empty,empty,1,0.0,0.0,False,0,0
2,photo,50,0.15,5,REP,0.10640785049652035,0.019456039763518396,0.019456039763518396,-0.009127651678928372,-0.009127651678928372,False,False,empty,empty,2,0.0,0.0,False,0,0
2,photo,50,0.15,10,REP,0.10640785049652035,0.019456039763518396,0.019456039763518396,0.0881525471386636,0.0881525471386636,True,True,"[0,0.088152547138663606)","[0,0.088152547138663606)",2,0.0,0.0,False,0,1
2,photo,100,0.0,1,REP,-0.04359214950347967,0.007615143646432454,0.007615143646432454,0.007615143646432454,0.007615143646432454,False,False,empty,empty,0,0.0,0.0,False,0,0
2,photo,100,0.0,2,REP,-0.04359214950347967,0.007615143646432454,0.007615143646432454,0.015230287292864908,0.015230287292864908,False,False,empty,empty,0,0.0,0.0,False,0,0
2,photo,100,0.0,5,REP,-0.04359214950347967,0.007615143646432454,0.007615143646432454,0.03807571823216227,0.03807571823216227,False,False,empty,empty,1,0.0,0.0,False,0,0
2,photo,100,0.0,10,REP,-0.04359214950347967,0.007615143646432454,0.007615143646432454,0.07615143646432454,0.07615143646432454,False,False,empty,empty,1,0.0,0.0,False,0,0
2,photo,100,0.02,1,REP,-0.023592149503479654,0.007933753725490433,0.007933753725490433,0.007933753725490433,0.007933753725490433,False,False,empty,empty,1,0.0,0.0,False,0,0
2,photo,100,0.02,2,REP,-0.023592149503479654,0.007933753725490433,0.007933753725490433,0.015867507450980867,0.015867507450980867,False,False,empty,empty,1,0.0,0.0,False,0,0
2,photo,100,0.02,5,REP,-0.023592149503479654,0.007933753725490433,0.007933753725490433,0.03966876862745217,0.03966876862745217,False,False,empty,empty,1,0.0,0.0,False,0,0
2,photo,100,0.02,10,REP,-0.023592149503479654,0.007933753725490433,0.007933753725490433,0.07933753725490433,0.07933753725490433,False,False,empty,empty,2,0.0,0.0,False,0,0
2,photo,100,0.05,1,REP,0.006407850496520373,0.013831791101360347,0.013831791101360347,0.007423940604839974,0.007423940604839974,True,True,"[0,0.0074239406048399736)","[0,0.0074239406048399736)",2,0.0,0.0,False,0,1
2,photo,100,0.05,2,REP,0.006407850496520373,0.013831791101360347,0.013831791101360347,0.02125573170620032,0.02125573170620032,True,True,"[0,0.02125573170620032)","[0,0.02125573170620032)",2,0.0,0.0,False,0,1
2,photo,100,0.05,5,REP,0.006407850496520373,0.013831791101360347,0.013831791101360347,0.06275110501028136,0.06275110501028136,True,True,"[0,0.062751105010281361)","[0,0.062751105010281361)",2,0.0,0.0,False,0,1
2,photo,100,0.05,10,REP,0.006407850496520373,0.013831791101360347,0.013831791101360347,0.1319100605170831,0.1319100605170831,True,True,"[0,0.13191006051708309)","[0,0.13191006051708309)",2,0.0,0.0,False,0,1
2,photo,100,0.1,1,REP,0.056407850496520306,0.013831791101360347,0.013831791101360347,-0.04257605939515996,-0.04257605939515996,False,False,empty,empty,0,0.0,0.0,False,0,0
2,photo,100,0.1,2,REP,0.056407850496520306,0.013831791101360347,0.013831791101360347,-0.028744268293799613,-0.028744268293799613,False,False,empty,empty,1,0.0,0.0,False,0,1
2,photo,100,0.1,5,REP,0.056407850496520306,0.013831791101360347,0.013831791101360347,0.012751105010281427,0.012751105010281427,True,True,"[0,0.012751105010281427)","[0,0.012751105010281427)",2,0.0,0.0,False,0,2
2,photo,100,0.1,10,REP,0.056407850496520306,0.013831791101360347,0.013831791101360347,0.08191006051708316,0.08191006051708316,True,True,"[0,0.081910060517083161)","[0,0.081910060517083161)",2,0.0,0.0,False,0,2
2,photo,100,0.15,1,REP,0.10640785049652035,0.009545898241988149,0.009545898241988149,-0.0968619522545322,-0.0968619522545322,False,False,empty,empty,0,0.0,0.0,False,0,0
2,photo,100,0.15,2,REP,0.10640785049652035,0.009545898241988149,0.009545898241988149,-0.08731605401254405,-0.08731605401254405,False,False,empty,empty,1,0.0,0.0,False,0,0
2,photo,100,0.15,5,REP,0.10640785049652035,0.009545898241988149,0.009545898241988149,-0.05867835928657961,-0.05867835928657961,False,False,empty,empty,2,0.0,0.0,False,0,0
2,photo,100,0.15,10,REP,0.10640785049652035,0.009545898241988149,0.009545898241988149,-0.010948868076638862,-0.010948868076638862,False,False,empty,empty,2,0.0,0.0,False,0,1
2,sketch,25,0.0,1,REP,-0.11340948304623966,0.001335686336830344,0.001335686336830344,0.001335686336830344,0.001335686336830344,False,False,empty,empty,0,0.0,0.0,False,0,0
2,sketch,25,0.0,2,REP,-0.11340948304623966,0.001335686336830344,0.001335686336830344,0.002671372673660688,0.002671372673660688,False,False,empty,empty,0,0.0,0.0,False,0,0
2,sketch,25,0.0,5,REP,-0.11340948304623966,0.001335686336830344,0.001335686336830344,0.00667843168415172,0.00667843168415172,False,False,empty,empty,1,0.0,0.0,False,0,0
2,sketch,25,0.0,10,REP,-0.11340948304623966,0.001335686336830344,0.001335686336830344,0.01335686336830344,0.01335686336830344,False,False,empty,empty,1,0.0,0.0,False,0,0
2,sketch,25,0.02,1,REP,-0.09340948304623964,0.001335686336830344,0.001335686336830344,0.001335686336830344,0.001335686336830344,False,False,empty,empty,1,0.0,0.0,False,0,0
2,sketch,25,0.02,2,REP,-0.09340948304623964,0.001335686336830344,0.001335686336830344,0.002671372673660688,0.002671372673660688,False,False,empty,empty,1,0.0,0.0,False,0,0
2,sketch,25,0.02,5,REP,-0.09340948304623964,0.001335686336830344,0.001335686336830344,0.00667843168415172,0.00667843168415172,False,False,empty,empty,1,0.0,0.0,False,0,0
2,sketch,25,0.02,10,REP,-0.09340948304623964,0.001335686336830344,0.001335686336830344,0.01335686336830344,0.01335686336830344,False,False,empty,empty,2,0.0,0.0,False,0,0
2,sketch,25,0.05,1,REP,-0.06340948304623961,0.0025852435419694286,0.0025852435419694286,0.0025852435419694286,0.0025852435419694286,False,False,empty,empty,2,0.0,0.0,False,0,0
2,sketch,25,0.05,2,REP,-0.06340948304623961,0.0025852435419694286,0.0025852435419694286,0.005170487083938857,0.005170487083938857,False,False,empty,empty,2,0.0,0.0,False,0,0
2,sketch,25,0.05,5,REP,-0.06340948304623961,0.0025852435419694286,0.0025852435419694286,0.012926217709847143,0.012926217709847143,False,False,empty,empty,2,0.0,0.0,False,0,0
2,sketch,25,0.05,10,REP,-0.06340948304623961,0.0025852435419694286,0.0025852435419694286,0.025852435419694286,0.025852435419694286,False,False,empty,empty,2,0.0,0.0,False,0,0
2,sketch,25,0.1,1,REP,-0.013409483046239679,0.015085243541969384,0.015085243541969384,0.015085243541969384,0.015085243541969384,False,False,empty,empty,0,0.0,0.0,False,0,0
2,sketch,25,0.1,2,REP,-0.013409483046239679,0.015085243541969384,0.015085243541969384,0.03017048708393877,0.03017048708393877,False,False,empty,empty,1,0.0,0.0,False,0,0
2,sketch,25,0.1,5,REP,-0.013409483046239679,0.015085243541969384,0.015085243541969384,0.07542621770984692,0.07542621770984692,False,False,empty,empty,2,0.0,0.0,False,0,0
2,sketch,25,0.1,10,REP,-0.013409483046239679,0.015085243541969384,0.015085243541969384,0.15085243541969384,0.15085243541969384,False,False,empty,empty,2,0.0,0.0,False,0,0
2,sketch,25,0.15,1,REP,0.036590516953760366,0.018437614303529304,0.018437614303529304,-0.018152902650231062,-0.018152902650231062,False,False,empty,empty,0,0.0,0.0,False,0,0
2,sketch,25,0.15,2,REP,0.036590516953760366,0.018437614303529304,0.018437614303529304,0.0002847116532982419,0.0002847116532982419,True,True,"[0,0.00028471165329824188)","[0,0.00028471165329824188)",1,0.0,0.0,False,0,1
2,sketch,25,0.15,5,REP,0.036590516953760366,0.018437614303529304,0.018437614303529304,0.05559755456388615,0.05559755456388615,True,True,"[0,0.055597554563886153)","[0,0.055597554563886153)",2,0.0,0.0,False,0,1
2,sketch,25,0.15,10,REP,0.036590516953760366,0.018437614303529304,0.018437614303529304,0.14778562608153267,0.14778562608153267,True,True,"[0,0.14778562608153267)","[0,0.14778562608153267)",2,0.0,0.0,False,0,1
2,sketch,50,0.0,1,REP,-0.11340948304623966,0.004094794455222317,0.004094794455222317,0.004094794455222317,0.004094794455222317,False,False,empty,empty,0,0.0,0.0,False,0,0
2,sketch,50,0.0,2,REP,-0.11340948304623966,0.004094794455222317,0.004094794455222317,0.008189588910444634,0.008189588910444634,False,False,empty,empty,0,0.0,0.0,False,0,0
2,sketch,50,0.0,5,REP,-0.11340948304623966,0.004094794455222317,0.004094794455222317,0.020473972276111585,0.020473972276111585,False,False,empty,empty,1,0.0,0.0,False,0,0
2,sketch,50,0.0,10,REP,-0.11340948304623966,0.004094794455222317,0.004094794455222317,0.04094794455222317,0.04094794455222317,False,False,empty,empty,1,0.0,0.0,False,0,0
2,sketch,50,0.02,1,REP,-0.09340948304623964,0.004094794455222095,0.004094794455222095,0.004094794455222095,0.004094794455222095,False,False,empty,empty,1,0.0,0.0,False,0,0
2,sketch,50,0.02,2,REP,-0.09340948304623964,0.004094794455222095,0.004094794455222095,0.00818958891044419,0.00818958891044419,False,False,empty,empty,1,0.0,0.0,False,0,0
2,sketch,50,0.02,5,REP,-0.09340948304623964,0.004094794455222095,0.004094794455222095,0.020473972276110475,0.020473972276110475,False,False,empty,empty,1,0.0,0.0,False,0,0
2,sketch,50,0.02,10,REP,-0.09340948304623964,0.004094794455222095,0.004094794455222095,0.04094794455222095,0.04094794455222095,False,False,empty,empty,2,0.0,0.0,False,0,0
2,sketch,50,0.05,1,REP,-0.06340948304623961,0.006660086940858845,0.006660086940858845,0.006660086940858845,0.006660086940858845,False,False,empty,empty,2,0.0,0.0,False,0,1
2,sketch,50,0.05,2,REP,-0.06340948304623961,0.006660086940858845,0.006660086940858845,0.01332017388171769,0.01332017388171769,False,False,empty,empty,2,0.0,0.0,False,0,1
2,sketch,50,0.05,5,REP,-0.06340948304623961,0.006660086940858845,0.006660086940858845,0.033300434704294224,0.033300434704294224,False,False,empty,empty,2,0.0,0.0,False,0,1
2,sketch,50,0.05,10,REP,-0.06340948304623961,0.006660086940858845,0.006660086940858845,0.06660086940858845,0.06660086940858845,False,False,empty,empty,2,0.0,0.0,False,0,1
2,sketch,50,0.1,1,REP,-0.013409483046239679,0.0191600869408588,0.0191600869408588,0.0191600869408588,0.0191600869408588,False,False,empty,empty,0,0.0,0.0,False,0,0
2,sketch,50,0.1,2,REP,-0.013409483046239679,0.0191600869408588,0.0191600869408588,0.0383201738817176,0.0383201738817176,False,False,empty,empty,1,0.0,0.0,False,0,0
2,sketch,50,0.1,5,REP,-0.013409483046239679,0.0191600869408588,0.0191600869408588,0.095800434704294,0.095800434704294,False,False,empty,empty,2,0.0,0.0,False,0,0
2,sketch,50,0.1,10,REP,-0.013409483046239679,0.0191600869408588,0.0191600869408588,0.191600869408588,0.191600869408588,False,False,empty,empty,2,0.0,0.0,False,0,0
2,sketch,50,0.15,1,REP,0.036590516953760366,0.02251245770241872,0.02251245770241872,-0.014078059251341646,-0.014078059251341646,False,False,empty,empty,0,0.0,0.0,False,0,0
2,sketch,50,0.15,2,REP,0.036590516953760366,0.02251245770241872,0.02251245770241872,0.008434398451077074,0.008434398451077074,True,True,"[0,0.0084343984510770742)","[0,0.0084343984510770742)",1,0.0,0.0,False,0,1
2,sketch,50,0.15,5,REP,0.036590516953760366,0.02251245770241872,0.02251245770241872,0.07597177155833323,0.07597177155833323,True,True,"[0,0.075971771558333234)","[0,0.075971771558333234)",2,0.0,0.0,False,0,1
2,sketch,50,0.15,10,REP,0.036590516953760366,0.02251245770241872,0.02251245770241872,0.18853406007042683,0.18853406007042683,True,True,"[0,0.18853406007042683)","[0,0.18853406007042683)",2,0.0,0.0,False,0,1
2,sketch,100,0.0,1,0,-0.11340948304623966,0.0,-0.0030937788763614193,0.0,-0.0030937788763614193,False,False,empty,empty,0,0.0,0.0,False,0,0
2,sketch,100,0.0,2,0,-0.11340948304623966,0.0,-0.0030937788763614193,0.0,-0.006187557752722839,False,False,empty,empty,0,0.0,0.0,False,0,0
2,sketch,100,0.0,5,0,-0.11340948304623966,0.0,-0.0030937788763614193,0.0,-0.015468894381807097,False,False,empty,empty,1,0.0,0.0,False,0,0
2,sketch,100,0.0,10,0,-0.11340948304623966,0.0,-0.0030937788763614193,0.0,-0.030937788763614193,False,False,empty,empty,1,0.0,0.0,False,0,0
2,sketch,100,0.02,1,0,-0.09340948304623964,0.0,-0.0030937788763615304,0.0,-0.0030937788763615304,False,False,empty,empty,1,0.0,0.0,False,0,0
2,sketch,100,0.02,2,0,-0.09340948304623964,0.0,-0.0030937788763615304,0.0,-0.006187557752723061,False,False,empty,empty,1,0.0,0.0,False,0,0
2,sketch,100,0.02,5,0,-0.09340948304623964,0.0,-0.0030937788763615304,0.0,-0.015468894381807652,False,False,empty,empty,1,0.0,0.0,False,0,0
2,sketch,100,0.02,10,0,-0.09340948304623964,0.0,-0.0030937788763615304,0.0,-0.030937788763615304,False,False,empty,empty,2,0.0,0.0,False,0,0
2,sketch,100,0.05,1,REP,-0.06340948304623961,0.002162835157428211,0.002162835157428211,0.002162835157428211,0.002162835157428211,False,False,empty,empty,2,0.0,0.0,False,0,1
2,sketch,100,0.05,2,REP,-0.06340948304623961,0.002162835157428211,0.002162835157428211,0.004325670314856422,0.004325670314856422,False,False,empty,empty,2,0.0,0.0,False,0,1
2,sketch,100,0.05,5,REP,-0.06340948304623961,0.002162835157428211,0.002162835157428211,0.010814175787141056,0.010814175787141056,False,False,empty,empty,2,0.0,0.0,False,0,1
2,sketch,100,0.05,10,REP,-0.06340948304623961,0.002162835157428211,0.002162835157428211,0.021628351574282112,0.021628351574282112,False,False,empty,empty,2,0.0,0.0,False,0,1
2,sketch,100,0.1,1,REP,-0.013409483046239679,0.014662835157428167,0.014662835157428167,0.014662835157428167,0.014662835157428167,False,False,empty,empty,0,0.0,0.0,False,0,0
2,sketch,100,0.1,2,REP,-0.013409483046239679,0.014662835157428167,0.014662835157428167,0.029325670314856334,0.029325670314856334,False,False,empty,empty,1,0.0,0.0,False,0,0
2,sketch,100,0.1,5,REP,-0.013409483046239679,0.014662835157428167,0.014662835157428167,0.07331417578714083,0.07331417578714083,False,False,empty,empty,2,0.0,0.0,False,0,0
2,sketch,100,0.1,10,REP,-0.013409483046239679,0.014662835157428167,0.014662835157428167,0.14662835157428167,0.14662835157428167,False,False,empty,empty,2,0.0,0.0,False,0,0
2,sketch,100,0.15,1,REP,0.036590516953760366,0.018015205918988086,0.018015205918988086,-0.01857531103477228,-0.01857531103477228,False,False,empty,empty,0,0.0,0.0,False,0,0
2,sketch,100,0.15,2,REP,0.036590516953760366,0.018015205918988086,0.018015205918988086,-0.000560105115784193,-0.000560105115784193,False,False,empty,empty,1,0.0,0.0,False,0,0
2,sketch,100,0.15,5,REP,0.036590516953760366,0.018015205918988086,0.018015205918988086,0.053485512641180066,0.053485512641180066,True,True,"[0,0.053485512641180066)","[0,0.053485512641180066)",2,0.0,0.0,False,0,1
2,sketch,100,0.15,10,REP,0.036590516953760366,0.018015205918988086,0.018015205918988086,0.1435615422361205,0.1435615422361205,True,True,"[0,0.1435615422361205)","[0,0.1435615422361205)",2,0.0,0.0,False,0,1
3,art_painting,25,0.0,1,0,-0.0573300700222481,0.0,-0.021680803414079297,0.0,-0.021680803414079297,False,False,empty,empty,0,0.0,0.0,False,0,0
3,art_painting,25,0.0,2,0,-0.0573300700222481,0.0,-0.021680803414079297,0.0,-0.043361606828158594,False,False,empty,empty,0,0.0,0.0,False,0,0
3,art_painting,25,0.0,5,0,-0.0573300700222481,0.0,-0.021680803414079297,0.0,-0.10840401707039649,False,False,empty,empty,1,0.0,0.0,False,0,1
3,art_painting,25,0.0,10,0,-0.0573300700222481,0.0,-0.021680803414079297,0.0,-0.21680803414079297,False,False,empty,empty,1,0.0,0.0,False,0,1
3,art_painting,25,0.02,1,0,-0.037330070022248085,0.0,-0.02608162487946797,0.0,-0.02608162487946797,False,False,empty,empty,1,0.0,0.0,False,0,0
3,art_painting,25,0.02,2,0,-0.037330070022248085,0.0,-0.02608162487946797,0.0,-0.05216324975893594,False,False,empty,empty,1,0.0,0.0,False,0,0
3,art_painting,25,0.02,5,0,-0.037330070022248085,0.0,-0.02608162487946797,0.0,-0.13040812439733984,False,False,empty,empty,1,0.0,0.0,False,0,0
3,art_painting,25,0.02,10,0,-0.037330070022248085,0.0,-0.02608162487946797,0.0,-0.2608162487946797,False,False,empty,empty,2,0.0,0.0,False,0,1
3,art_painting,25,0.05,1,0,-0.007330070022248059,0.0,-0.014521673018871528,0.0,-0.014521673018871528,False,False,empty,empty,2,0.0,0.0,False,0,0
3,art_painting,25,0.05,2,0,-0.007330070022248059,0.0,-0.014521673018871528,0.0,-0.029043346037743056,False,False,empty,empty,2,0.0,0.0,False,0,1
3,art_painting,25,0.05,5,0,-0.007330070022248059,0.0,-0.014521673018871528,0.0,-0.07260836509435764,False,False,empty,empty,2,0.0,0.0,False,0,1
3,art_painting,25,0.05,10,0,-0.007330070022248059,0.0,-0.014521673018871528,0.0,-0.14521673018871528,False,False,empty,empty,2,0.0,0.0,False,0,2
3,art_painting,25,0.1,1,0,0.042669929977751875,0.0,-0.012689155513309514,-0.042669929977751875,-0.05535908549106139,False,False,empty,empty,0,0.0,0.0,False,0,0
3,art_painting,25,0.1,2,0,0.042669929977751875,0.0,-0.012689155513309514,-0.042669929977751875,-0.0680482410043709,False,False,empty,empty,1,0.0,0.0,False,0,0
3,art_painting,25,0.1,5,0,0.042669929977751875,0.0,-0.012689155513309514,-0.042669929977751875,-0.10611570754429944,False,False,empty,empty,2,0.0,0.0,False,0,1
3,art_painting,25,0.1,10,0,0.042669929977751875,0.0,-0.012689155513309514,-0.042669929977751875,-0.169561485110847,False,False,empty,empty,2,0.0,0.0,False,0,2
3,art_painting,25,0.15,1,0,0.09266992997775192,0.0,-0.012689155513309514,-0.09266992997775192,-0.10535908549106143,False,False,empty,empty,0,0.0,0.0,False,0,0
3,art_painting,25,0.15,2,0,0.09266992997775192,0.0,-0.012689155513309514,-0.09266992997775192,-0.11804824100437095,False,False,empty,empty,1,0.0,0.0,False,0,0
3,art_painting,25,0.15,5,0,0.09266992997775192,0.0,-0.012689155513309514,-0.09266992997775192,-0.1561157075442995,False,False,empty,empty,2,0.0,0.0,False,0,0
3,art_painting,25,0.15,10,0,0.09266992997775192,0.0,-0.012689155513309514,-0.09266992997775192,-0.21956148511084705,False,False,empty,empty,2,0.0,0.0,False,0,1
3,art_painting,50,0.0,1,0,-0.0573300700222481,0.0,-0.026504782319742737,0.0,-0.026504782319742737,False,False,empty,empty,0,0.0,0.0,False,0,0
3,art_painting,50,0.0,2,0,-0.0573300700222481,0.0,-0.026504782319742737,0.0,-0.053009564639485474,False,False,empty,empty,0,0.0,0.0,False,0,0
3,art_painting,50,0.0,5,0,-0.0573300700222481,0.0,-0.026504782319742737,0.0,-0.13252391159871368,False,False,empty,empty,1,0.0,0.0,False,0,1
3,art_painting,50,0.0,10,0,-0.0573300700222481,0.0,-0.026504782319742737,0.0,-0.26504782319742737,False,False,empty,empty,1,0.0,0.0,False,0,1
3,art_painting,50,0.02,1,0,-0.037330070022248085,0.0,-0.03281810886913805,0.0,-0.03281810886913805,False,False,empty,empty,1,0.0,0.0,False,0,0
3,art_painting,50,0.02,2,0,-0.037330070022248085,0.0,-0.03281810886913805,0.0,-0.0656362177382761,False,False,empty,empty,1,0.0,0.0,False,0,0
3,art_painting,50,0.02,5,0,-0.037330070022248085,0.0,-0.03281810886913805,0.0,-0.16409054434569026,False,False,empty,empty,1,0.0,0.0,False,0,0
3,art_painting,50,0.02,10,0,-0.037330070022248085,0.0,-0.03281810886913805,0.0,-0.3281810886913805,False,False,empty,empty,2,0.0,0.0,False,0,1
3,art_painting,50,0.05,1,0,-0.007330070022248059,0.0,-0.02164229929479744,0.0,-0.02164229929479744,False,False,empty,empty,2,0.0,0.0,False,0,1
3,art_painting,50,0.05,2,0,-0.007330070022248059,0.0,-0.02164229929479744,0.0,-0.04328459858959488,False,False,empty,empty,2,0.0,0.0,False,0,1
3,art_painting,50,0.05,5,0,-0.007330070022248059,0.0,-0.02164229929479744,0.0,-0.1082114964739872,False,False,empty,empty,2,0.0,0.0,False,0,1
3,art_painting,50,0.05,10,0,-0.007330070022248059,0.0,-0.02164229929479744,0.0,-0.2164229929479744,False,False,empty,empty,2,0.0,0.0,False,0,2
3,art_painting,50,0.1,1,0,0.042669929977751875,0.0,-0.019809781789235426,-0.042669929977751875,-0.0624797117669873,False,False,empty,empty,0,0.0,0.0,False,0,0
3,art_painting,50,0.1,2,0,0.042669929977751875,0.0,-0.019809781789235426,-0.042669929977751875,-0.08228949355622273,False,False,empty,empty,1,0.0,0.0,False,0,0
3,art_painting,50,0.1,5,0,0.042669929977751875,0.0,-0.019809781789235426,-0.042669929977751875,-0.141718838923929,False,False,empty,empty,2,0.0,0.0,False,0,1
3,art_painting,50,0.1,10,0,0.042669929977751875,0.0,-0.019809781789235426,-0.042669929977751875,-0.24076774787010613,False,False,empty,empty,2,0.0,0.0,False,0,1
3,art_painting,50,0.15,1,0,0.09266992997775192,0.0,-0.019809781789235426,-0.09266992997775192,-0.11247971176698734,False,False,empty,empty,0,0.0,0.0,False,0,0
3,art_painting,50,0.15,2,0,0.09266992997775192,0.0,-0.019809781789235426,-0.09266992997775192,-0.13228949355622277,False,False,empty,empty,1,0.0,0.0,False,0,0
3,art_painting,50,0.15,5,0,0.09266992997775192,0.0,-0.019809781789235426,-0.09266992997775192,-0.19171883892392905,False,False,empty,empty,2,0.0,0.0,False,0,0
3,art_painting,50,0.15,10,0,0.09266992997775192,0.0,-0.019809781789235426,-0.09266992997775192,-0.2907677478701062,False,False,empty,empty,2,0.0,0.0,False,0,0
3,art_painting,100,0.0,1,0,-0.0573300700222481,0.0,-0.023228783086857052,0.0,-0.023228783086857052,False,False,empty,empty,0,0.0,0.0,False,0,0
3,art_painting,100,0.0,2,0,-0.0573300700222481,0.0,-0.023228783086857052,0.0,-0.046457566173714104,False,False,empty,empty,0,0.0,0.0,False,0,0
3,art_painting,100,0.0,5,0,-0.0573300700222481,0.0,-0.023228783086857052,0.0,-0.11614391543428526,False,False,empty,empty,1,0.0,0.0,False,0,0
3,art_painting,100,0.0,10,0,-0.0573300700222481,0.0,-0.023228783086857052,0.0,-0.23228783086857052,False,False,empty,empty,1,0.0,0.0,False,0,0
3,art_painting,100,0.02,1,0,-0.037330070022248085,0.0,-0.019269348862048674,0.0,-0.019269348862048674,False,False,empty,empty,1,0.0,0.0,False,0,0
3,art_painting,100,0.02,2,0,-0.037330070022248085,0.0,-0.019269348862048674,0.0,-0.03853869772409735,False,False,empty,empty,1,0.0,0.0,False,0,0
3,art_painting,100,0.02,5,0,-0.037330070022248085,0.0,-0.019269348862048674,0.0,-0.09634674431024337,False,False,empty,empty,1,0.0,0.0,False,0,0
3,art_painting,100,0.02,10,0,-0.037330070022248085,0.0,-0.019269348862048674,0.0,-0.19269348862048674,False,False,empty,empty,2,0.0,0.0,False,0,0
3,art_painting,100,0.05,1,0,-0.007330070022248059,0.0,-0.011774723582261393,0.0,-0.011774723582261393,False,False,empty,empty,2,0.0,0.0,False,0,1
3,art_painting,100,0.05,2,0,-0.007330070022248059,0.0,-0.011774723582261393,0.0,-0.023549447164522785,False,False,empty,empty,2,0.0,0.0,False,0,1
3,art_painting,100,0.05,5,0,-0.007330070022248059,0.0,-0.011774723582261393,0.0,-0.058873617911306964,False,False,empty,empty,2,0.0,0.0,False,0,1
3,art_painting,100,0.05,10,0,-0.007330070022248059,0.0,-0.011774723582261393,0.0,-0.11774723582261393,False,False,empty,empty,2,0.0,0.0,False,0,1
3,art_painting,100,0.1,1,0,0.042669929977751875,0.0,-0.009942206076699378,-0.042669929977751875,-0.05261213605445125,False,False,empty,empty,0,0.0,0.0,False,0,0
3,art_painting,100,0.1,2,0,0.042669929977751875,0.0,-0.009942206076699378,-0.042669929977751875,-0.06255434213115063,False,False,empty,empty,1,0.0,0.0,False,0,0
3,art_painting,100,0.1,5,0,0.042669929977751875,0.0,-0.009942206076699378,-0.042669929977751875,-0.09238096036124877,False,False,empty,empty,2,0.0,0.0,False,0,1
3,art_painting,100,0.1,10,0,0.042669929977751875,0.0,-0.009942206076699378,-0.042669929977751875,-0.14209199074474566,False,False,empty,empty,2,0.0,0.0,False,0,1
3,art_painting,100,0.15,1,0,0.09266992997775192,0.0,-0.009942206076699378,-0.09266992997775192,-0.1026121360544513,False,False,empty,empty,0,0.0,0.0,False,0,0
3,art_painting,100,0.15,2,0,0.09266992997775192,0.0,-0.009942206076699378,-0.09266992997775192,-0.11255434213115068,False,False,empty,empty,1,0.0,0.0,False,0,0
3,art_painting,100,0.15,5,0,0.09266992997775192,0.0,-0.009942206076699378,-0.09266992997775192,-0.1423809603612488,False,False,empty,empty,2,0.0,0.0,False,0,1
3,art_painting,100,0.15,10,0,0.09266992997775192,0.0,-0.009942206076699378,-0.09266992997775192,-0.1920919907447457,False,False,empty,empty,2,0.0,0.0,False,0,1
3,cartoon,25,0.0,1,0,0.04695709552371585,0.0,-0.004540169146492357,-0.04695709552371585,-0.05149726467020821,False,False,empty,empty,0,0.0,0.0,False,0,0
3,cartoon,25,0.0,2,0,0.04695709552371585,0.0,-0.004540169146492357,-0.04695709552371585,-0.056037433816700566,False,False,empty,empty,0,0.0,0.0,False,0,0
3,cartoon,25,0.0,5,0,0.04695709552371585,0.0,-0.004540169146492357,-0.04695709552371585,-0.06965794125617764,False,False,empty,empty,1,0.0,0.0,False,0,0
3,cartoon,25,0.0,10,0,0.04695709552371585,0.0,-0.004540169146492357,-0.04695709552371585,-0.09235878698863942,False,False,empty,empty,1,0.0,0.0,False,0,1
3,cartoon,25,0.02,1,0,0.06695709552371587,0.0,-0.004540169146492357,-0.06695709552371587,-0.07149726467020823,False,False,empty,empty,1,0.0,0.0,False,0,1
3,cartoon,25,0.02,2,0,0.06695709552371587,0.0,-0.004540169146492357,-0.06695709552371587,-0.07603743381670058,False,False,empty,empty,1,0.0,0.0,False,0,1
3,cartoon,25,0.02,5,0,0.06695709552371587,0.0,-0.004540169146492357,-0.06695709552371587,-0.08965794125617765,False,False,empty,empty,1,0.0,0.0,False,0,1
3,cartoon,25,0.02,10,0,0.06695709552371587,0.0,-0.004540169146492357,-0.06695709552371587,-0.11235878698863944,False,False,empty,empty,2,0.0,0.0,False,0,1
3,cartoon,25,0.05,1,REP,0.0969570955237159,0.0028358490944593306,0.0028358490944593306,-0.09412124642925657,-0.09412124642925657,False,False,empty,empty,2,0.0,0.0,False,0,0
3,cartoon,25,0.05,2,REP,0.0969570955237159,0.0028358490944593306,0.0028358490944593306,-0.09128539733479724,-0.09128539733479724,False,False,empty,empty,2,0.0,0.0,False,0,0
3,cartoon,25,0.05,5,REP,0.0969570955237159,0.0028358490944593306,0.0028358490944593306,-0.08277785005141924,-0.08277785005141924,False,False,empty,empty,2,0.0,0.0,False,0,0
3,cartoon,25,0.05,10,REP,0.0969570955237159,0.0028358490944593306,0.0028358490944593306,-0.06859860457912259,-0.06859860457912259,False,False,empty,empty,2,0.0,0.0,False,0,1
3,cartoon,25,0.1,1,REP,0.14695709552371583,0.004668366600021345,0.004668366600021345,-0.14228872892369449,-0.14228872892369449,False,False,empty,empty,0,0.0,0.0,False,0,0
3,cartoon,25,0.1,2,REP,0.14695709552371583,0.004668366600021345,0.004668366600021345,-0.13762036232367314,-0.13762036232367314,False,False,empty,empty,1,0.0,0.0,False,0,0
3,cartoon,25,0.1,5,REP,0.14695709552371583,0.004668366600021345,0.004668366600021345,-0.1236152625236091,-0.1236152625236091,False,False,empty,empty,2,0.0,0.0,False,0,0
3,cartoon,25,0.1,10,REP,0.14695709552371583,0.004668366600021345,0.004668366600021345,-0.10027342952350238,-0.10027342952350238,False,False,empty,empty,2,0.0,0.0,False,0,2
3,cartoon,25,0.15,1,REP,0.19695709552371587,0.004668366600021345,0.004668366600021345,-0.19228872892369453,-0.19228872892369453,False,False,empty,empty,0,0.0,0.0,False,0,0
3,cartoon,25,0.15,2,REP,0.19695709552371587,0.004668366600021345,0.004668366600021345,-0.18762036232367318,-0.18762036232367318,False,False,empty,empty,1,0.0,0.0,False,0,0
3,cartoon,25,0.15,5,REP,0.19695709552371587,0.004668366600021345,0.004668366600021345,-0.17361526252360915,-0.17361526252360915,False,False,empty,empty,2,0.0,0.0,False,0,0
3,cartoon,25,0.15,10,REP,0.19695709552371587,0.004668366600021345,0.004668366600021345,-0.15027342952350242,-0.15027342952350242,False,False,empty,empty,2,0.0,0.0,False,0,1
3,cartoon,50,0.0,1,0,0.04695709552371585,0.0,-0.012667118145141543,-0.04695709552371585,-0.059624213668857395,False,False,empty,empty,0,0.0,0.0,False,0,0
3,cartoon,50,0.0,2,0,0.04695709552371585,0.0,-0.012667118145141543,-0.04695709552371585,-0.07229133181399894,False,False,empty,empty,0,0.0,0.0,False,0,0
3,cartoon,50,0.0,5,0,0.04695709552371585,0.0,-0.012667118145141543,-0.04695709552371585,-0.11029268624942357,False,False,empty,empty,1,0.0,0.0,False,0,0
3,cartoon,50,0.0,10,0,0.04695709552371585,0.0,-0.012667118145141543,-0.04695709552371585,-0.17362827697513128,False,False,empty,empty,1,0.0,0.0,False,0,0
3,cartoon,50,0.02,1,0,0.06695709552371587,0.0,-0.016382140799859224,-0.06695709552371587,-0.0833392363235751,False,False,empty,empty,1,0.0,0.0,False,0,1
3,cartoon,50,0.02,2,0,0.06695709552371587,0.0,-0.016382140799859224,-0.06695709552371587,-0.09972137712343432,False,False,empty,empty,1,0.0,0.0,False,0,1
3,cartoon,50,0.02,5,0,0.06695709552371587,0.0,-0.016382140799859224,-0.06695709552371587,-0.148867799523012,False,False,empty,empty,1,0.0,0.0,False,0,1
3,cartoon,50,0.02,10,0,0.06695709552371587,0.0,-0.016382140799859224,-0.06695709552371587,-0.2307785035223081,False,False,empty,empty,2,0.0,0.0,False,0,1
3,cartoon,50,0.05,1,0,0.0969570955237159,0.0,-0.01324811489209643,-0.0969570955237159,-0.11020521041581233,False,False,empty,empty,2,0.0,0.0,False,0,0
3,cartoon,50,0.05,2,0,0.0969570955237159,0.0,-0.01324811489209643,-0.0969570955237159,-0.12345332530790876,False,False,empty,empty,2,0.0,0.0,False,0,0
3,cartoon,50,0.05,5,0,0.0969570955237159,0.0,-0.01324811489209643,-0.0969570955237159,-0.16319766998419805,False,False,empty,empty,2,0.0,0.0,False,0,0
3,cartoon,50,0.05,10,0,0.0969570955237159,0.0,-0.01324811489209643,-0.0969570955237159,-0.2294382444446802,False,False,empty,empty,2,0.0,0.0,False,0,1
3,cartoon,50,0.1,1,0,0.14695709552371583,0.0,-0.011415597386534415,-0.14695709552371583,-0.15837269291025025,False,False,empty,empty,0,0.0,0.0,False,0,0
3,cartoon,50,0.1,2,0,0.14695709552371583,0.0,-0.011415597386534415,-0.14695709552371583,-0.16978829029678466,False,False,empty,empty,1,0.0,0.0,False,0,0
3,cartoon,50,0.1,5,0,0.14695709552371583,0.0,-0.011415597386534415,-0.14695709552371583,-0.2040350824563879,False,False,empty,empty,2,0.0,0.0,False,0,0
3,cartoon,50,0.1,10,0,0.14695709552371583,0.0,-0.011415597386534415,-0.14695709552371583,-0.26111306938906,False,False,empty,empty,2,0.0,0.0,False,0,1
3,cartoon,50,0.15,1,0,0.19695709552371587,0.0,-0.011415597386534415,-0.19695709552371587,-0.2083726929102503,False,False,empty,empty,0,0.0,0.0,False,0,0
3,cartoon,50,0.15,2,0,0.19695709552371587,0.0,-0.011415597386534415,-0.19695709552371587,-0.2197882902967847,False,False,empty,empty,1,0.0,0.0,False,0,0
3,cartoon,50,0.15,5,0,0.19695709552371587,0.0,-0.011415597386534415,-0.19695709552371587,-0.25403508245638795,False,False,empty,empty,2,0.0,0.0,False,0,0
3,cartoon,50,0.15,10,0,0.19695709552371587,0.0,-0.011415597386534415,-0.19695709552371587,-0.31111306938906,False,False,empty,empty,2,0.0,0.0,False,0,1
3,cartoon,100,0.0,1,0,0.04695709552371585,0.0,-0.01006980527010215,-0.04695709552371585,-0.057026900793818,False,False,empty,empty,0,0.0,0.0,False,0,0
3,cartoon,100,0.0,2,0,0.04695709552371585,0.0,-0.01006980527010215,-0.04695709552371585,-0.06709670606392015,False,False,empty,empty,0,0.0,0.0,False,0,0
3,cartoon,100,0.0,5,0,0.04695709552371585,0.0,-0.01006980527010215,-0.04695709552371585,-0.0973061218742266,False,False,empty,empty,1,0.0,0.0,False,0,0
3,cartoon,100,0.0,10,0,0.04695709552371585,0.0,-0.01006980527010215,-0.04695709552371585,-0.14765514822473735,False,False,empty,empty,1,0.0,0.0,False,0,0
3,cartoon,100,0.02,1,0,0.06695709552371587,0.0,-0.015060338128901396,-0.06695709552371587,-0.08201743365261727,False,False,empty,empty,1,0.0,0.0,False,0,1
3,cartoon,100,0.02,2,0,0.06695709552371587,0.0,-0.015060338128901396,-0.06695709552371587,-0.09707777178151866,False,False,empty,empty,1,0.0,0.0,False,0,1
3,cartoon,100,0.02,5,0,0.06695709552371587,0.0,-0.015060338128901396,-0.06695709552371587,-0.14225878616822285,False,False,empty,empty,1,0.0,0.0,False,0,1
3,cartoon,100,0.02,10,0,0.06695709552371587,0.0,-0.015060338128901396,-0.06695709552371587,-0.21756047681272983,False,False,empty,empty,2,0.0,0.0,False,0,1
3,cartoon,100,0.05,1,0,0.0969570955237159,0.0,-0.015663484992481935,-0.0969570955237159,-0.11262058051619783,False,False,empty,empty,2,0.0,0.0,False,0,0
3,cartoon,100,0.05,2,0,0.0969570955237159,0.0,-0.015663484992481935,-0.0969570955237159,-0.12828406550867977,False,False,empty,empty,2,0.0,0.0,False,0,0
3,cartoon,100,0.05,5,0,0.0969570955237159,0.0,-0.015663484992481935,-0.0969570955237159,-0.17527452048612557,False,False,empty,empty,2,0.0,0.0,False,0,0
3,cartoon,100,0.05,10,0,0.0969570955237159,0.0,-0.015663484992481935,-0.0969570955237159,-0.25359194544853525,False,False,empty,empty,2,0.0,0.0,False,0,0
3,cartoon,100,0.1,1,0,0.14695709552371583,0.0,-0.01383096748691992,-0.14695709552371583,-0.16078806301063575,False,False,empty,empty,0,0.0,0.0,False,0,0
3,cartoon,100,0.1,2,0,0.14695709552371583,0.0,-0.01383096748691992,-0.14695709552371583,-0.17461903049755567,False,False,empty,empty,1,0.0,0.0,False,0,0
3,cartoon,100,0.1,5,0,0.14695709552371583,0.0,-0.01383096748691992,-0.14695709552371583,-0.21611193295831543,False,False,empty,empty,2,0.0,0.0,False,0,0
3,cartoon,100,0.1,10,0,0.14695709552371583,0.0,-0.01383096748691992,-0.14695709552371583,-0.28526677039291504,False,False,empty,empty,2,0.0,0.0,False,0,0
3,cartoon,100,0.15,1,0,0.19695709552371587,0.0,-0.01383096748691992,-0.19695709552371587,-0.2107880630106358,False,False,empty,empty,0,0.0,0.0,False,0,0
3,cartoon,100,0.15,2,0,0.19695709552371587,0.0,-0.01383096748691992,-0.19695709552371587,-0.22461903049755572,False,False,empty,empty,1,0.0,0.0,False,0,0
3,cartoon,100,0.15,5,0,0.19695709552371587,0.0,-0.01383096748691992,-0.19695709552371587,-0.2661119329583155,False,False,empty,empty,2,0.0,0.0,False,0,0
3,cartoon,100,0.15,10,0,0.19695709552371587,0.0,-0.01383096748691992,-0.19695709552371587,-0.3352667703929151,False,False,empty,empty,2,0.0,0.0,False,0,0
3,photo,25,0.0,1,0,-0.039713648405846125,0.0,-0.026504782319742737,0.0,-0.026504782319742737,False,False,empty,empty,0,0.0,0.0,False,0,0
3,photo,25,0.0,2,0,-0.039713648405846125,0.0,-0.026504782319742737,0.0,-0.053009564639485474,False,False,empty,empty,0,0.0,0.0,False,0,0
3,photo,25,0.0,5,0,-0.039713648405846125,0.0,-0.026504782319742737,0.0,-0.13252391159871368,False,False,empty,empty,1,0.0,0.0,False,0,0
3,photo,25,0.0,10,0,-0.039713648405846125,0.0,-0.026504782319742737,0.0,-0.26504782319742737,False,False,empty,empty,1,0.0,0.0,False,0,0
3,photo,25,0.02,1,0,-0.019713648405846107,0.0,-0.03303051300866078,0.0,-0.03303051300866078,False,False,empty,empty,1,0.0,0.0,False,0,0
3,photo,25,0.02,2,0,-0.019713648405846107,0.0,-0.03303051300866078,0.0,-0.06606102601732156,False,False,empty,empty,1,0.0,0.0,False,0,0
3,photo,25,0.02,5,0,-0.019713648405846107,0.0,-0.03303051300866078,0.0,-0.1651525650433039,False,False,empty,empty,1,0.0,0.0,False,0,0
3,photo,25,0.02,10,0,-0.019713648405846107,0.0,-0.03303051300866078,0.0,-0.3303051300866078,False,False,empty,empty,2,0.0,0.0,False,0,0
3,photo,25,0.05,1,0,0.01028635159415392,0.0,-0.03421713340864374,-0.01028635159415392,-0.04450348500279766,False,False,empty,empty,2,0.0,0.0,False,0,1
3,photo,25,0.05,2,0,0.01028635159415392,0.0,-0.03421713340864374,-0.01028635159415392,-0.0787206184114414,False,False,empty,empty,2,0.0,0.0,False,0,1
3,photo,25,0.05,5,0,0.01028635159415392,0.0,-0.03421713340864374,-0.01028635159415392,-0.18137201863737262,False,False,empty,empty,2,0.0,0.0,False,0,1
3,photo,25,0.05,10,0,0.01028635159415392,0.0,-0.03421713340864374,-0.01028635159415392,-0.3524576856805913,False,False,empty,empty,2,0.0,0.0,False,0,1
3,photo,25,0.1,1,0,0.06028635159415385,0.0,-0.032384615903081726,-0.06028635159415385,-0.09267096749723558,False,False,empty,empty,0,0.0,0.0,False,0,0
3,photo,25,0.1,2,0,0.06028635159415385,0.0,-0.032384615903081726,-0.06028635159415385,-0.1250555834003173,False,False,empty,empty,1,0.0,0.0,False,0,0
3,photo,25,0.1,5,0,0.06028635159415385,0.0,-0.032384615903081726,-0.06028635159415385,-0.22220943110956248,False,False,empty,empty,2,0.0,0.0,False,0,1
3,photo,25,0.1,10,0,0.06028635159415385,0.0,-0.032384615903081726,-0.06028635159415385,-0.3841325106249711,False,False,empty,empty,2,0.0,0.0,False,0,1
3,photo,25,0.15,1,0,0.1102863515941539,0.0,-0.032384615903081726,-0.1102863515941539,-0.14267096749723562,False,False,empty,empty,0,0.0,0.0,False,0,0
3,photo,25,0.15,2,0,0.1102863515941539,0.0,-0.032384615903081726,-0.1102863515941539,-0.17505558340031735,False,False,empty,empty,1,0.0,0.0,False,0,0
3,photo,25,0.15,5,0,0.1102863515941539,0.0,-0.032384615903081726,-0.1102863515941539,-0.2722094311095625,False,False,empty,empty,2,0.0,0.0,False,0,0
3,photo,25,0.15,10,0,0.1102863515941539,0.0,-0.032384615903081726,-0.1102863515941539,-0.43413251062497116,False,False,empty,empty,2,0.0,0.0,False,0,0
3,photo,50,0.0,1,0,-0.039713648405846125,0.0,-0.026504782319742737,0.0,-0.026504782319742737,False,False,empty,empty,0,0.0,0.0,False,0,0
3,photo,50,0.0,2,0,-0.039713648405846125,0.0,-0.026504782319742737,0.0,-0.053009564639485474,False,False,empty,empty,0,0.0,0.0,False,0,0
3,photo,50,0.0,5,0,-0.039713648405846125,0.0,-0.026504782319742737,0.0,-0.13252391159871368,False,False,empty,empty,1,0.0,0.0,False,0,0
3,photo,50,0.0,10,0,-0.039713648405846125,0.0,-0.026504782319742737,0.0,-0.26504782319742737,False,False,empty,empty,1,0.0,0.0,False,0,0
3,photo,50,0.02,1,0,-0.019713648405846107,0.0,-0.029752343480837218,0.0,-0.029752343480837218,False,False,empty,empty,1,0.0,0.0,False,0,0
3,photo,50,0.02,2,0,-0.019713648405846107,0.0,-0.029752343480837218,0.0,-0.059504686961674436,False,False,empty,empty,1,0.0,0.0,False,0,0
3,photo,50,0.02,5,0,-0.019713648405846107,0.0,-0.029752343480837218,0.0,-0.1487617174041861,False,False,empty,empty,1,0.0,0.0,False,0,0
3,photo,50,0.02,10,0,-0.019713648405846107,0.0,-0.029752343480837218,0.0,-0.2975234348083722,False,False,empty,empty,2,0.0,0.0,False,0,0
3,photo,50,0.05,1,0,0.01028635159415392,0.0,-0.024823931379375663,-0.01028635159415392,-0.03511028297352958,False,False,empty,empty,2,0.0,0.0,False,0,1
3,photo,50,0.05,2,0,0.01028635159415392,0.0,-0.024823931379375663,-0.01028635159415392,-0.059934214352905246,False,False,empty,empty,2,0.0,0.0,False,0,1
3,photo,50,0.05,5,0,0.01028635159415392,0.0,-0.024823931379375663,-0.01028635159415392,-0.13440600849103224,False,False,empty,empty,2,0.0,0.0,False,0,1
3,photo,50,0.05,10,0,0.01028635159415392,0.0,-0.024823931379375663,-0.01028635159415392,-0.25852566538791055,False,False,empty,empty,2,0.0,0.0,False,0,1
3,photo,50,0.1,1,0,0.06028635159415385,0.0,-0.0254775131855276,-0.06028635159415385,-0.08576386477968145,False,False,empty,empty,0,0.0,0.0,False,0,0
3,photo,50,0.1,2,0,0.06028635159415385,0.0,-0.0254775131855276,-0.06028635159415385,-0.11124137796520905,False,False,empty,empty,1,0.0,0.0,False,0,0
3,photo,50,0.1,5,0,0.06028635159415385,0.0,-0.0254775131855276,-0.06028635159415385,-0.18767391752179186,False,False,empty,empty,2,0.0,0.0,False,0,1
3,photo,50,0.1,10,0,0.06028635159415385,0.0,-0.0254775131855276,-0.06028635159415385,-0.31506148344942986,False,False,empty,empty,2,0.0,0.0,False,0,1
3,photo,50,0.15,1,0,0.1102863515941539,0.0,-0.0254775131855276,-0.1102863515941539,-0.1357638647796815,False,False,empty,empty,0,0.0,0.0,False,0,0
3,photo,50,0.15,2,0,0.1102863515941539,0.0,-0.0254775131855276,-0.1102863515941539,-0.1612413779652091,False,False,empty,empty,1,0.0,0.0,False,0,0
3,photo,50,0.15,5,0,0.1102863515941539,0.0,-0.0254775131855276,-0.1102863515941539,-0.2376739175217919,False,False,empty,empty,2,0.0,0.0,False,0,0
3,photo,50,0.15,10,0,0.1102863515941539,0.0,-0.0254775131855276,-0.1102863515941539,-0.3650614834494299,False,False,empty,empty,2,0.0,0.0,False,0,1
3,photo,100,0.0,1,0,-0.039713648405846125,0.0,-0.017569694874803088,0.0,-0.017569694874803088,False,False,empty,empty,0,0.0,0.0,False,0,0
3,photo,100,0.0,2,0,-0.039713648405846125,0.0,-0.017569694874803088,0.0,-0.035139389749606176,False,False,empty,empty,0,0.0,0.0,False,0,0
3,photo,100,0.0,5,0,-0.039713648405846125,0.0,-0.017569694874803088,0.0,-0.08784847437401544,False,False,empty,empty,1,0.0,0.0,False,0,0
3,photo,100,0.0,10,0,-0.039713648405846125,0.0,-0.017569694874803088,0.0,-0.17569694874803088,False,False,empty,empty,1,0.0,0.0,False,0,0
3,photo,100,0.02,1,0,-0.019713648405846107,0.0,-0.01811561091852465,0.0,-0.01811561091852465,False,False,empty,empty,1,0.0,0.0,False,0,0
3,photo,100,0.02,2,0,-0.019713648405846107,0.0,-0.01811561091852465,0.0,-0.0362312218370493,False,False,empty,empty,1,0.0,0.0,False,0,0
3,photo,100,0.02,5,0,-0.019713648405846107,0.0,-0.01811561091852465,0.0,-0.09057805459262325,False,False,empty,empty,1,0.0,0.0,False,0,0
3,photo,100,0.02,10,0,-0.019713648405846107,0.0,-0.01811561091852465,0.0,-0.1811561091852465,False,False,empty,empty,2,0.0,0.0,False,0,0
3,photo,100,0.05,1,0,0.01028635159415392,0.0,-0.013187198817063095,-0.01028635159415392,-0.023473550411217015,False,False,empty,empty,2,0.0,0.0,False,0,1
3,photo,100,0.05,2,0,0.01028635159415392,0.0,-0.013187198817063095,-0.01028635159415392,-0.03666074922828011,False,False,empty,empty,2,0.0,0.0,False,0,1
3,photo,100,0.05,5,0,0.01028635159415392,0.0,-0.013187198817063095,-0.01028635159415392,-0.0762223456794694,False,False,empty,empty,2,0.0,0.0,False,0,1
3,photo,100,0.05,10,0,0.01028635159415392,0.0,-0.013187198817063095,-0.01028635159415392,-0.14215833976478487,False,False,empty,empty,2,0.0,0.0,False,0,1
3,photo,100,0.1,1,0,0.06028635159415385,0.0,-0.01919681399648976,-0.06028635159415385,-0.07948316559064361,False,False,empty,empty,0,0.0,0.0,False,0,0
3,photo,100,0.1,2,0,0.06028635159415385,0.0,-0.01919681399648976,-0.06028635159415385,-0.09867997958713337,False,False,empty,empty,1,0.0,0.0,False,0,1
3,photo,100,0.1,5,0,0.06028635159415385,0.0,-0.01919681399648976,-0.06028635159415385,-0.15627042157660265,False,False,empty,empty,2,0.0,0.0,False,0,2
3,photo,100,0.1,10,0,0.06028635159415385,0.0,-0.01919681399648976,-0.06028635159415385,-0.25225449155905144,False,False,empty,empty,2,0.0,0.0,False,0,2
3,photo,100,0.15,1,0,0.1102863515941539,0.0,-0.01919681399648976,-0.1102863515941539,-0.12948316559064366,False,False,empty,empty,0,0.0,0.0,False,0,0
3,photo,100,0.15,2,0,0.1102863515941539,0.0,-0.01919681399648976,-0.1102863515941539,-0.14867997958713342,False,False,empty,empty,1,0.0,0.0,False,0,0
3,photo,100,0.15,5,0,0.1102863515941539,0.0,-0.01919681399648976,-0.1102863515941539,-0.2062704215766027,False,False,empty,empty,2,0.0,0.0,False,0,0
3,photo,100,0.15,10,0,0.1102863515941539,0.0,-0.01919681399648976,-0.1102863515941539,-0.3022544915590515,False,False,empty,empty,2,0.0,0.0,False,0,1
3,sketch,25,0.0,1,0,0.059062033755255094,0.0,-0.0036214026582210845,-0.059062033755255094,-0.06268343641347618,False,False,empty,empty,0,0.0,0.0,False,0,0
3,sketch,25,0.0,2,0,0.059062033755255094,0.0,-0.0036214026582210845,-0.059062033755255094,-0.06630483907169726,False,False,empty,empty,0,0.0,0.0,False,0,0
3,sketch,25,0.0,5,0,0.059062033755255094,0.0,-0.0036214026582210845,-0.059062033755255094,-0.07716904704636052,False,False,empty,empty,1,0.0,0.0,False,0,0
3,sketch,25,0.0,10,0,0.059062033755255094,0.0,-0.0036214026582210845,-0.059062033755255094,-0.09527606033746594,False,False,empty,empty,1,0.0,0.0,False,0,0
3,sketch,25,0.02,1,0,0.07906203375525511,0.0,-0.0036214026582210845,-0.07906203375525511,-0.0826834364134762,False,False,empty,empty,1,0.0,0.0,False,0,0
3,sketch,25,0.02,2,0,0.07906203375525511,0.0,-0.0036214026582210845,-0.07906203375525511,-0.08630483907169728,False,False,empty,empty,1,0.0,0.0,False,0,0
3,sketch,25,0.02,5,0,0.07906203375525511,0.0,-0.0036214026582210845,-0.07906203375525511,-0.09716904704636053,False,False,empty,empty,1,0.0,0.0,False,0,0
3,sketch,25,0.02,10,0,0.07906203375525511,0.0,-0.0036214026582210845,-0.07906203375525511,-0.11527606033746596,False,False,empty,empty,2,0.0,0.0,False,0,0
3,sketch,25,0.05,1,0,0.10906203375525514,0.0,-0.00485292975181717,-0.10906203375525514,-0.11391496350707231,False,False,empty,empty,2,0.0,0.0,False,0,0
3,sketch,25,0.05,2,0,0.10906203375525514,0.0,-0.00485292975181717,-0.10906203375525514,-0.11876789325888948,False,False,empty,empty,2,0.0,0.0,False,0,0
3,sketch,25,0.05,5,0,0.10906203375525514,0.0,-0.00485292975181717,-0.10906203375525514,-0.133326682514341,False,False,empty,empty,2,0.0,0.0,False,0,0
3,sketch,25,0.05,10,0,0.10906203375525514,0.0,-0.00485292975181717,-0.10906203375525514,-0.15759133127342684,False,False,empty,empty,2,0.0,0.0,False,0,0
3,sketch,25,0.1,1,0,0.15906203375525507,0.0,-0.012182264994686332,-0.15906203375525507,-0.1712442987499414,False,False,empty,empty,0,0.0,0.0,False,0,0
3,sketch,25,0.1,2,0,0.15906203375525507,0.0,-0.012182264994686332,-0.15906203375525507,-0.18342656374462774,False,False,empty,empty,1,0.0,0.0,False,0,0
3,sketch,25,0.1,5,0,0.15906203375525507,0.0,-0.012182264994686332,-0.15906203375525507,-0.21997335872868673,False,False,empty,empty,2,0.0,0.0,False,0,0
3,sketch,25,0.1,10,0,0.15906203375525507,0.0,-0.012182264994686332,-0.15906203375525507,-0.2808846837021184,False,False,empty,empty,2,0.0,0.0,False,0,0
3,sketch,25,0.15,1,0,0.20906203375525512,0.0,-0.012182264994686332,-0.20906203375525512,-0.22124429874994145,False,False,empty,empty,0,0.0,0.0,False,0,0
3,sketch,25,0.15,2,0,0.20906203375525512,0.0,-0.012182264994686332,-0.20906203375525512,-0.23342656374462778,False,False,empty,empty,1,0.0,0.0,False,0,1
3,sketch,25,0.15,5,0,0.20906203375525512,0.0,-0.012182264994686332,-0.20906203375525512,-0.2699733587286868,False,False,empty,empty,2,0.0,0.0,False,0,1
3,sketch,25,0.15,10,0,0.20906203375525512,0.0,-0.012182264994686332,-0.20906203375525512,-0.33088468370211843,False,False,empty,empty,2,0.0,0.0,False,0,1
3,sketch,50,0.0,1,0,0.059062033755255094,0.0,-0.014323543457521626,-0.059062033755255094,-0.07338557721277672,False,False,empty,empty,0,0.0,0.0,False,0,0
3,sketch,50,0.0,2,0,0.059062033755255094,0.0,-0.014323543457521626,-0.059062033755255094,-0.08770912067029835,False,False,empty,empty,0,0.0,0.0,False,0,0
3,sketch,50,0.0,5,0,0.059062033755255094,0.0,-0.014323543457521626,-0.059062033755255094,-0.13067975104286322,False,False,empty,empty,1,0.0,0.0,False,0,0
3,sketch,50,0.0,10,0,0.059062033755255094,0.0,-0.014323543457521626,-0.059062033755255094,-0.20229746833047135,False,False,empty,empty,1,0.0,0.0,False,0,0
3,sketch,50,0.02,1,0,0.07906203375525511,0.0,-0.01932354345752163,-0.07906203375525511,-0.09838557721277674,False,False,empty,empty,1,0.0,0.0,False,0,0
3,sketch,50,0.02,2,0,0.07906203375525511,0.0,-0.01932354345752163,-0.07906203375525511,-0.11770912067029837,False,False,empty,empty,1,0.0,0.0,False,0,0
3,sketch,50,0.02,5,0,0.07906203375525511,0.0,-0.01932354345752163,-0.07906203375525511,-0.17567975104286326,False,False,empty,empty,1,0.0,0.0,False,0,0
3,sketch,50,0.02,10,0,0.07906203375525511,0.0,-0.01932354345752163,-0.07906203375525511,-0.2722974683304714,False,False,empty,empty,2,0.0,0.0,False,0,0
3,sketch,50,0.05,1,0,0.10906203375525514,0.0,-0.028011087440632187,-0.10906203375525514,-0.13707312119588733,False,False,empty,empty,2,0.0,0.0,False,0,1
3,sketch,50,0.05,2,0,0.10906203375525514,0.0,-0.028011087440632187,-0.10906203375525514,-0.1650842086365195,False,False,empty,empty,2,0.0,0.0,False,0,1
3,sketch,50,0.05,5,0,0.10906203375525514,0.0,-0.028011087440632187,-0.10906203375525514,-0.24911747095841608,False,False,empty,empty,2,0.0,0.0,False,0,1
3,sketch,50,0.05,10,0,0.10906203375525514,0.0,-0.028011087440632187,-0.10906203375525514,-0.389172908161577,False,False,empty,empty,2,0.0,0.0,False,0,1
3,sketch,50,0.1,1,0,0.15906203375525507,0.0,-0.041356713810491774,-0.15906203375525507,-0.20041874756574685,False,False,empty,empty,0,0.0,0.0,False,0,0
3,sketch,50,0.1,2,0,0.15906203375525507,0.0,-0.041356713810491774,-0.15906203375525507,-0.24177546137623862,False,False,empty,empty,1,0.0,0.0,False,0,0
3,sketch,50,0.1,5,0,0.15906203375525507,0.0,-0.041356713810491774,-0.15906203375525507,-0.36584560280771394,False,False,empty,empty,2,0.0,0.0,False,0,0
3,sketch,50,0.1,10,0,0.15906203375525507,0.0,-0.041356713810491774,-0.15906203375525507,-0.5726291718601728,False,False,empty,empty,2,0.0,0.0,False,0,0
3,sketch,50,0.15,1,0,0.20906203375525512,0.0,-0.041356713810491774,-0.20906203375525512,-0.2504187475657469,False,False,empty,empty,0,0.0,0.0,False,0,0
3,sketch,50,0.15,2,0,0.20906203375525512,0.0,-0.041356713810491774,-0.20906203375525512,-0.29177546137623867,False,False,empty,empty,1,0.0,0.0,False,0,1
3,sketch,50,0.15,5,0,0.20906203375525512,0.0,-0.041356713810491774,-0.20906203375525512,-0.415845602807714,False,False,empty,empty,2,0.0,0.0,False,0,1
3,sketch,50,0.15,10,0,0.20906203375525512,0.0,-0.041356713810491774,-0.20906203375525512,-0.6226291718601729,False,False,empty,empty,2,0.0,0.0,False,0,1
3,sketch,100,0.0,1,0,0.059062033755255094,0.0,-0.012880992194808094,-0.059062033755255094,-0.07194302595006319,False,False,empty,empty,0,0.0,0.0,False,0,0
3,sketch,100,0.0,2,0,0.059062033755255094,0.0,-0.012880992194808094,-0.059062033755255094,-0.08482401814487128,False,False,empty,empty,0,0.0,0.0,False,0,0
3,sketch,100,0.0,5,0,0.059062033755255094,0.0,-0.012880992194808094,-0.059062033755255094,-0.12346699472929556,False,False,empty,empty,1,0.0,0.0,False,0,0
3,sketch,100,0.0,10,0,0.059062033755255094,0.0,-0.012880992194808094,-0.059062033755255094,-0.18787195570333604,False,False,empty,empty,1,0.0,0.0,False,0,0
3,sketch,100,0.02,1,0,0.07906203375525511,0.0,-0.012880992194808094,-0.07906203375525511,-0.0919430259500632,False,False,empty,empty,1,0.0,0.0,False,0,0
3,sketch,100,0.02,2,0,0.07906203375525511,0.0,-0.012880992194808094,-0.07906203375525511,-0.1048240181448713,False,False,empty,empty,1,0.0,0.0,False,0,0
3,sketch,100,0.02,5,0,0.07906203375525511,0.0,-0.012880992194808094,-0.07906203375525511,-0.14346699472929558,False,False,empty,empty,1,0.0,0.0,False,0,0
3,sketch,100,0.02,10,0,0.07906203375525511,0.0,-0.012880992194808094,-0.07906203375525511,-0.20787195570333605,False,False,empty,empty,2,0.0,0.0,False,0,0
3,sketch,100,0.05,1,0,0.10906203375525514,0.0,-0.014191972649281404,-0.10906203375525514,-0.12325400640453654,False,False,empty,empty,2,0.0,0.0,False,0,1
3,sketch,100,0.05,2,0,0.10906203375525514,0.0,-0.014191972649281404,-0.10906203375525514,-0.13744597905381795,False,False,empty,empty,2,0.0,0.0,False,0,1
3,sketch,100,0.05,5,0,0.10906203375525514,0.0,-0.014191972649281404,-0.10906203375525514,-0.18002189700166216,False,False,empty,empty,2,0.0,0.0,False,0,1
3,sketch,100,0.05,10,0,0.10906203375525514,0.0,-0.014191972649281404,-0.10906203375525514,-0.2509817602480692,False,False,empty,empty,2,0.0,0.0,False,0,1
3,sketch,100,0.1,1,0,0.15906203375525507,0.0,-0.017690212741338085,-0.15906203375525507,-0.17675224649659316,False,False,empty,empty,0,0.0,0.0,False,0,0
3,sketch,100,0.1,2,0,0.15906203375525507,0.0,-0.017690212741338085,-0.15906203375525507,-0.19444245923793124,False,False,empty,empty,1,0.0,0.0,False,0,0
3,sketch,100,0.1,5,0,0.15906203375525507,0.0,-0.017690212741338085,-0.15906203375525507,-0.2475130974619455,False,False,empty,empty,2,0.0,0.0,False,0,0
3,sketch,100,0.1,10,0,0.15906203375525507,0.0,-0.017690212741338085,-0.15906203375525507,-0.3359641611686359,False,False,empty,empty,2,0.0,0.0,False,0,0
3,sketch,100,0.15,1,0,0.20906203375525512,0.0,-0.017690212741338085,-0.20906203375525512,-0.2267522464965932,False,False,empty,empty,0,0.0,0.0,False,0,0
3,sketch,100,0.15,2,0,0.20906203375525512,0.0,-0.017690212741338085,-0.20906203375525512,-0.2444424592379313,False,False,empty,empty,1,0.0,0.0,False,0,0
3,sketch,100,0.15,5,0,0.20906203375525512,0.0,-0.017690212741338085,-0.20906203375525512,-0.29751309746194554,False,False,empty,empty,2,0.0,0.0,False,0,1
3,sketch,100,0.15,10,0,0.20906203375525512,0.0,-0.017690212741338085,-0.20906203375525512,-0.38596416116863597,False,False,empty,empty,2,0.0,0.0,False,0,1
4,art_painting,25,0.0,1,O50,-0.03506932337382285,0.0008063570255687491,0.0,0.0008063570255687491,0.0,False,False,empty,empty,0,0.0,0.0,False,0,0
4,art_painting,25,0.0,2,O50,-0.03506932337382285,0.0008063570255687491,0.0,0.0016127140511374982,0.0,False,False,empty,empty,0,0.0,0.0,False,0,0
4,art_painting,25,0.0,5,O50,-0.03506932337382285,0.0008063570255687491,0.0,0.0040317851278437455,0.0,False,False,empty,empty,1,0.0,0.0,False,0,1
4,art_painting,25,0.0,10,O50,-0.03506932337382285,0.0008063570255687491,0.0,0.008063570255687491,0.0,False,False,empty,empty,1,0.0,0.0,False,0,1
4,art_painting,25,0.02,1,O50,-0.01506932337382283,0.005791858022727414,9.557257729697621e-05,0.005791858022727414,9.557257729697621e-05,False,False,empty,empty,1,0.0,0.0,False,0,0
4,art_painting,25,0.02,2,O50,-0.01506932337382283,0.005791858022727414,9.557257729697621e-05,0.011583716045454828,0.00019114515459395243,False,False,empty,empty,1,0.0,0.0,False,0,0
4,art_painting,25,0.02,5,O50,-0.01506932337382283,0.005791858022727414,9.557257729697621e-05,0.02895929011363707,0.00047786288648488107,False,False,empty,empty,1,0.0,0.0,False,0,0
4,art_painting,25,0.02,10,O50,-0.01506932337382283,0.005791858022727414,9.557257729697621e-05,0.05791858022727414,0.0009557257729697621,False,False,empty,empty,2,0.0,0.0,False,0,1
4,art_painting,25,0.05,1,REP,0.014930676626177197,0.013670434959778488,0.013670434959778488,-0.0012602416663987093,-0.0012602416663987093,False,False,empty,empty,2,0.0,0.0,False,0,0
4,art_painting,25,0.05,2,REP,0.014930676626177197,0.013670434959778488,0.013670434959778488,0.012410193293379779,0.012410193293379779,True,True,"[0,0.012410193293379779)","[0,0.012410193293379779)",2,0.0,0.0,False,0,1
4,art_painting,25,0.05,5,REP,0.014930676626177197,0.013670434959778488,0.013670434959778488,0.05342149817271524,0.05342149817271524,True,True,"[0,0.053421498172715243)","[0,0.053421498172715243)",2,0.0,0.0,False,0,1
4,art_painting,25,0.05,10,REP,0.014930676626177197,0.013670434959778488,0.013670434959778488,0.12177367297160768,0.12177367297160768,True,True,"[0,0.12177367297160768)","[0,0.12177367297160768)",2,0.0,0.0,False,0,2
4,art_painting,25,0.1,1,REP,0.06493067662617713,0.020464359426116796,0.020464359426116796,-0.044466317200060335,-0.044466317200060335,False,False,empty,empty,0,0.0,0.0,False,0,0
4,art_painting,25,0.1,2,REP,0.06493067662617713,0.020464359426116796,0.020464359426116796,-0.02400195777394354,-0.02400195777394354,False,False,empty,empty,1,0.0,0.0,False,0,0
4,art_painting,25,0.1,5,REP,0.06493067662617713,0.020464359426116796,0.020464359426116796,0.03739112050440685,0.03739112050440685,True,True,"[0,0.03739112050440685)","[0,0.03739112050440685)",2,0.0,0.0,False,0,1
4,art_painting,25,0.1,10,REP,0.06493067662617713,0.020464359426116796,0.020464359426116796,0.13971291763499083,0.13971291763499083,True,True,"[0,0.13971291763499083)","[0,0.13971291763499083)",2,0.0,0.0,False,0,2
4,art_painting,25,0.15,1,REP,0.11493067662617718,0.020464359426116796,0.020464359426116796,-0.09446631720006038,-0.09446631720006038,False,False,empty,empty,0,0.0,0.0,False,0,0
4,art_painting,25,0.15,2,REP,0.11493067662617718,0.020464359426116796,0.020464359426116796,-0.07400195777394358,-0.07400195777394358,False,False,empty,empty,1,0.0,0.0,False,0,0
4,art_painting,25,0.15,5,REP,0.11493067662617718,0.020464359426116796,0.020464359426116796,-0.012608879495593195,-0.012608879495593195,False,False,empty,empty,2,0.0,0.0,False,0,0
4,art_painting,25,0.15,10,REP,0.11493067662617718,0.020464359426116796,0.020464359426116796,0.08971291763499079,0.08971291763499079,True,True,"[0,0.089712917634990785)","[0,0.089712917634990785)",2,0.0,0.0,False,0,1
4,art_painting,50,0.0,1,REP,-0.03506932337382285,0.0043335187245086,0.0043335187245086,0.0043335187245086,0.0043335187245086,False,False,empty,empty,0,0.0,0.0,False,0,0
4,art_painting,50,0.0,2,REP,-0.03506932337382285,0.0043335187245086,0.0043335187245086,0.0086670374490172,0.0086670374490172,False,False,empty,empty,0,0.0,0.0,False,0,0
4,art_painting,50,0.0,5,REP,-0.03506932337382285,0.0043335187245086,0.0043335187245086,0.021667593622543002,0.021667593622543002,False,False,empty,empty,1,0.0,0.0,False,0,1
4,art_painting,50,0.0,10,REP,-0.03506932337382285,0.0043335187245086,0.0043335187245086,0.043335187245086004,0.043335187245086004,False,False,empty,empty,1,0.0,0.0,False,0,1
4,art_painting,50,0.02,1,REP,-0.01506932337382283,0.011022049819078061,0.011022049819078061,0.011022049819078061,0.011022049819078061,False,False,empty,empty,1,0.0,0.0,False,0,0
4,art_painting,50,0.02,2,REP,-0.01506932337382283,0.011022049819078061,0.011022049819078061,0.022044099638156123,0.022044099638156123,False,False,empty,empty,1,0.0,0.0,False,0,0
4,art_painting,50,0.02,5,REP,-0.01506932337382283,0.011022049819078061,0.011022049819078061,0.05511024909539031,0.05511024909539031,False,False,empty,empty,1,0.0,0.0,False,0,0
4,art_painting,50,0.02,10,REP,-0.01506932337382283,0.011022049819078061,0.011022049819078061,0.11022049819078061,0.11022049819078061,False,False,empty,empty,2,0.0,0.0,False,0,1
4,art_painting,50,0.05,1,REP,0.014930676626177197,0.019325153769716108,0.019325153769716108,0.004394477143538911,0.004394477143538911,True,True,"[0,0.0043944771435389107)","[0,0.0043944771435389107)",2,0.0,0.0,False,0,1
4,art_painting,50,0.05,2,REP,0.014930676626177197,0.019325153769716108,0.019325153769716108,0.02371963091325502,0.02371963091325502,True,True,"[0,0.023719630913255019)","[0,0.023719630913255019)",2,0.0,0.0,False,0,1
4,art_painting,50,0.05,5,REP,0.014930676626177197,0.019325153769716108,0.019325153769716108,0.08169509222240334,0.08169509222240334,True,True,"[0,0.081695092222403343)","[0,0.081695092222403343)",2,0.0,0.0,False,0,1
4,art_painting,50,0.05,10,REP,0.014930676626177197,0.019325153769716108,0.019325153769716108,0.17832086107098388,0.17832086107098388,True,True,"[0,0.17832086107098388)","[0,0.17832086107098388)",2,0.0,0.0,False,0,2
4,art_painting,50,0.1,1,REP,0.06493067662617713,0.01361907823605446,0.01361907823605446,-0.05131159839012267,-0.05131159839012267,False,False,empty,empty,0,0.0,0.0,False,0,0
4,art_painting,50,0.1,2,REP,0.06493067662617713,0.01361907823605446,0.01361907823605446,-0.03769252015406821,-0.03769252015406821,False,False,empty,empty,1,0.0,0.0,False,0,0
4,art_painting,50,0.1,5,REP,0.06493067662617713,0.01361907823605446,0.01361907823605446,0.0031647145540951716,0.0031647145540951716,True,True,"[0,0.0031647145540951716)","[0,0.0031647145540951716)",2,0.0,0.0,False,0,1
4,art_painting,50,0.1,10,REP,0.06493067662617713,0.01361907823605446,0.01361907823605446,0.07126010573436747,0.07126010573436747,True,True,"[0,0.071260105734367474)","[0,0.071260105734367474)",2,0.0,0.0,False,0,1
4,art_painting,50,0.15,1,REP,0.11493067662617718,0.010812058925785073,0.010812058925785073,-0.1041186177003921,-0.1041186177003921,False,False,empty,empty,0,0.0,0.0,False,0,0
4,art_painting,50,0.15,2,REP,0.11493067662617718,0.010812058925785073,0.010812058925785073,-0.09330655877460703,-0.09330655877460703,False,False,empty,empty,1,0.0,0.0,False,0,0
4,art_painting,50,0.15,5,REP,0.11493067662617718,0.010812058925785073,0.010812058925785073,-0.06087038199725181,-0.06087038199725181,False,False,empty,empty,2,0.0,0.0,False,0,0
4,art_painting,50,0.15,10,REP,0.11493067662617718,0.010812058925785073,0.010812058925785073,-0.006810087368326445,-0.006810087368326445,False,False,empty,empty,2,0.0,0.0,False,0,0
4,art_painting,100,0.0,1,REP,-0.03506932337382285,0.0007623739150832698,0.0007623739150832698,0.0007623739150832698,0.0007623739150832698,False,False,empty,empty,0,0.0,0.0,False,0,0
4,art_painting,100,0.0,2,REP,-0.03506932337382285,0.0007623739150832698,0.0007623739150832698,0.0015247478301665396,0.0015247478301665396,False,False,empty,empty,0,0.0,0.0,False,0,0
4,art_painting,100,0.0,5,REP,-0.03506932337382285,0.0007623739150832698,0.0007623739150832698,0.003811869575416349,0.003811869575416349,False,False,empty,empty,1,0.0,0.0,False,0,0
4,art_painting,100,0.0,10,REP,-0.03506932337382285,0.0007623739150832698,0.0007623739150832698,0.007623739150832698,0.007623739150832698,False,False,empty,empty,1,0.0,0.0,False,0,0
4,art_painting,100,0.02,1,REP,-0.01506932337382283,0.009384158986937674,0.009384158986937674,0.009384158986937674,0.009384158986937674,False,False,empty,empty,1,0.0,0.0,False,0,0
4,art_painting,100,0.02,2,REP,-0.01506932337382283,0.009384158986937674,0.009384158986937674,0.018768317973875348,0.018768317973875348,False,False,empty,empty,1,0.0,0.0,False,0,0
4,art_painting,100,0.02,5,REP,-0.01506932337382283,0.009384158986937674,0.009384158986937674,0.04692079493468837,0.04692079493468837,False,False,empty,empty,1,0.0,0.0,False,0,0
4,art_painting,100,0.02,10,REP,-0.01506932337382283,0.009384158986937674,0.009384158986937674,0.09384158986937674,0.09384158986937674,False,False,empty,empty,2,0.0,0.0,False,0,0
4,art_painting,100,0.05,1,REP,0.014930676626177197,0.024061509064571385,0.024061509064571385,0.009130832438394187,0.009130832438394187,True,True,"[0,0.0091308324383941875)","[0,0.0091308324383941875)",2,0.0,0.0,False,0,1
4,art_painting,100,0.05,2,REP,0.014930676626177197,0.024061509064571385,0.024061509064571385,0.03319234150296557,0.03319234150296557,True,True,"[0,0.033192341502965572)","[0,0.033192341502965572)",2,0.0,0.0,False,0,1
4,art_painting,100,0.05,5,REP,0.014930676626177197,0.024061509064571385,0.024061509064571385,0.10537686869667973,0.10537686869667973,True,True,"[0,0.10537686869667973)","[0,0.10537686869667973)",2,0.0,0.0,False,0,1
4,art_painting,100,0.05,10,REP,0.014930676626177197,0.024061509064571385,0.024061509064571385,0.22568441401953665,0.22568441401953665,True,True,"[0,0.22568441401953665)","[0,0.22568441401953665)",2,0.0,0.0,False,0,1
4,art_painting,100,0.1,1,REP,0.06493067662617713,0.030855433530909693,0.030855433530909693,-0.03407524309526744,-0.03407524309526744,False,False,empty,empty,0,0.0,0.0,False,0,0
4,art_painting,100,0.1,2,REP,0.06493067662617713,0.030855433530909693,0.030855433530909693,-0.003219809564357745,-0.003219809564357745,False,False,empty,empty,1,0.0,0.0,False,0,0
4,art_painting,100,0.1,5,REP,0.06493067662617713,0.030855433530909693,0.030855433530909693,0.08934649102837133,0.08934649102837133,True,True,"[0,0.089346491028371333)","[0,0.089346491028371333)",2,0.0,0.0,False,0,1
4,art_painting,100,0.1,10,REP,0.06493067662617713,0.030855433530909693,0.030855433530909693,0.2436236586829198,0.2436236586829198,True,True,"[0,0.2436236586829198)","[0,0.2436236586829198)",2,0.0,0.0,False,0,1
4,art_painting,100,0.15,1,REP,0.11493067662617718,0.030855433530909693,0.030855433530909693,-0.08407524309526748,-0.08407524309526748,False,False,empty,empty,0,0.0,0.0,False,0,0
4,art_painting,100,0.15,2,REP,0.11493067662617718,0.030855433530909693,0.030855433530909693,-0.05321980956435779,-0.05321980956435779,False,False,empty,empty,1,0.0,0.0,False,0,0
4,art_painting,100,0.15,5,REP,0.11493067662617718,0.030855433530909693,0.030855433530909693,0.03934649102837129,0.03934649102837129,True,True,"[0,0.039346491028371289)","[0,0.039346491028371289)",2,0.0,0.0,False,0,1
4,art_painting,100,0.15,10,REP,0.11493067662617718,0.030855433530909693,0.030855433530909693,0.19362365868291975,0.19362365868291975,True,True,"[0,0.19362365868291975)","[0,0.19362365868291975)",2,0.0,0.0,False,0,1
4,cartoon,25,0.0,1,0,-0.01994200398863455,0.0,0.0,0.0,0.0,False,False,empty,empty,0,0.0,0.0,False,0,0
4,cartoon,25,0.0,2,0,-0.01994200398863455,0.0,0.0,0.0,0.0,False,False,empty,empty,0,0.0,0.0,False,0,0
4,cartoon,25,0.0,5,0,-0.01994200398863455,0.0,0.0,0.0,0.0,False,False,empty,empty,1,0.0,0.0,False,0,0
4,cartoon,25,0.0,10,0,-0.01994200398863455,0.0,0.0,0.0,0.0,False,False,empty,empty,1,0.0,0.0,False,0,1
4,cartoon,25,0.02,1,O50,5.7996011365468725e-05,0.0043030621005605285,0.004081471806881565,0.00424506608919506,0.004023475795516096,True,True,"[0,0.0042450660891950598)","[0,0.004023475795516096)",1,0.0,0.0,False,0,1
4,cartoon,25,0.02,2,O50,5.7996011365468725e-05,0.0043030621005605285,0.004081471806881565,0.008548128189755588,0.00810494760239766,True,True,"[0,0.0085481281897555883)","[0,0.0081049476023976608)",1,0.0,0.0,False,0,1
4,cartoon,25,0.02,5,O50,5.7996011365468725e-05,0.0043030621005605285,0.004081471806881565,0.021457314491437174,0.020349363023042355,True,True,"[0,0.021457314491437174)","[0,0.020349363023042355)",1,0.0,0.0,False,0,1
4,cartoon,25,0.02,10,O50,5.7996011365468725e-05,0.0043030621005605285,0.004081471806881565,0.042972624994239816,0.04075672205745018,True,True,"[0,0.042972624994239816)","[0,0.040756722057450179)",2,0.0,0.0,False,0,1
4,cartoon,25,0.05,1,REP,0.030057996011365495,0.005230918458343892,0.005230918458343892,-0.024827077553021604,-0.024827077553021604,False,False,empty,empty,2,0.0,0.0,False,0,0
4,cartoon,25,0.05,2,REP,0.030057996011365495,0.005230918458343892,0.005230918458343892,-0.019596159094677712,-0.019596159094677712,False,False,empty,empty,2,0.0,0.0,False,0,0
4,cartoon,25,0.05,5,REP,0.030057996011365495,0.005230918458343892,0.005230918458343892,-0.003903403719646037,-0.003903403719646037,False,False,empty,empty,2,0.0,0.0,False,0,0
4,cartoon,25,0.05,10,REP,0.030057996011365495,0.005230918458343892,0.005230918458343892,0.02225118857207342,0.02225118857207342,True,True,"[0,0.022251188572073421)","[0,0.022251188572073421)",2,0.0,0.0,False,0,1
4,cartoon,25,0.1,1,REP,0.08005799601136543,0.0120248429246822,0.0120248429246822,-0.06803315308668323,-0.06803315308668323,False,False,empty,empty,0,0.0,0.0,False,0,0
4,cartoon,25,0.1,2,REP,0.08005799601136543,0.0120248429246822,0.0120248429246822,-0.05600831016200103,-0.05600831016200103,False,False,empty,empty,1,0.0,0.0,False,0,0
4,cartoon,25,0.1,5,REP,0.08005799601136543,0.0120248429246822,0.0120248429246822,-0.01993378138795443,-0.01993378138795443,False,False,empty,empty,2,0.0,0.0,False,0,0
4,cartoon,25,0.1,10,REP,0.08005799601136543,0.0120248429246822,0.0120248429246822,0.04019043323545657,0.04019043323545657,True,True,"[0,0.040190433235456569)","[0,0.040190433235456569)",2,0.0,0.0,False,0,2
4,cartoon,25,0.15,1,REP,0.13005799601136547,0.0120248429246822,0.0120248429246822,-0.11803315308668327,-0.11803315308668327,False,False,empty,empty,0,0.0,0.0,False,0,0
4,cartoon,25,0.15,2,REP,0.13005799601136547,0.0120248429246822,0.0120248429246822,-0.10600831016200107,-0.10600831016200107,False,False,empty,empty,1,0.0,0.0,False,0,0
4,cartoon,25,0.15,5,REP,0.13005799601136547,0.0120248429246822,0.0120248429246822,-0.06993378138795447,-0.06993378138795447,False,False,empty,empty,2,0.0,0.0,False,0,0
4,cartoon,25,0.15,10,REP,0.13005799601136547,0.0120248429246822,0.0120248429246822,-0.009809566764543476,-0.009809566764543476,False,False,empty,empty,2,0.0,0.0,False,0,1
4,cartoon,50,0.0,1,0,-0.01994200398863455,0.0,0.0,0.0,0.0,False,False,empty,empty,0,0.0,0.0,False,0,0
4,cartoon,50,0.0,2,0,-0.01994200398863455,0.0,0.0,0.0,0.0,False,False,empty,empty,0,0.0,0.0,False,0,0
4,cartoon,50,0.0,5,0,-0.01994200398863455,0.0,0.0,0.0,0.0,False,False,empty,empty,1,0.0,0.0,False,0,0
4,cartoon,50,0.0,10,0,-0.01994200398863455,0.0,0.0,0.0,0.0,False,False,empty,empty,1,0.0,0.0,False,0,0
4,cartoon,50,0.02,1,O50,5.7996011365468725e-05,0.00038309822288873363,-1.4499002841450448e-05,0.0003251022115232649,-7.249501420691917e-05,True,False,"[0,0.00032510221152326491)",empty,1,0.0,0.0,False,0,1
4,cartoon,50,0.02,2,O50,5.7996011365468725e-05,0.00038309822288873363,-1.4499002841450448e-05,0.0007082004344119985,-8.699401704836962e-05,True,False,"[0,0.00070820043441199854)",empty,1,0.0,0.0,False,0,1
4,cartoon,50,0.02,5,O50,5.7996011365468725e-05,0.00038309822288873363,-1.4499002841450448e-05,0.0018574951030781994,-0.00013049102557272096,True,False,"[0,0.0018574951030781994)",empty,1,0.0,0.0,False,0,1
4,cartoon,50,0.02,10,O50,5.7996011365468725e-05,0.00038309822288873363,-1.4499002841450448e-05,0.0037729862175218676,-0.0002029860397799732,True,False,"[0,0.0037729862175218676)",empty,2,0.0,0.0,False,0,1
4,cartoon,50,0.05,1,0,0.030057996011365495,0.0,-0.001729279596978217,-0.030057996011365495,-0.03178727560834371,False,False,empty,empty,2,0.0,0.0,False,0,0
4,cartoon,50,0.05,2,0,0.030057996011365495,0.0,-0.001729279596978217,-0.030057996011365495,-0.03351655520532193,False,False,empty,empty,2,0.0,0.0,False,0,0
4,cartoon,50,0.05,5,0,0.030057996011365495,0.0,-0.001729279596978217,-0.030057996011365495,-0.03870439399625658,False,False,empty,empty,2,0.0,0.0,False,0,0
4,cartoon,50,0.05,10,0,0.030057996011365495,0.0,-0.001729279596978217,-0.030057996011365495,-0.047350791981147666,False,False,empty,empty,2,0.0,0.0,False,0,1
4,cartoon,50,0.1,1,0,0.08005799601136543,0.0,-0.004452698388304532,-0.08005799601136543,-0.08451069439966996,False,False,empty,empty,0,0.0,0.0,False,0,0
4,cartoon,50,0.1,2,0,0.08005799601136543,0.0,-0.004452698388304532,-0.08005799601136543,-0.0889633927879745,False,False,empty,empty,1,0.0,0.0,False,0,0
4,cartoon,50,0.1,5,0,0.08005799601136543,0.0,-0.004452698388304532,-0.08005799601136543,-0.10232148795288809,False,False,empty,empty,2,0.0,0.0,False,0,0
4,cartoon,50,0.1,10,0,0.08005799601136543,0.0,-0.004452698388304532,-0.08005799601136543,-0.12458497989441075,False,False,empty,empty,2,0.0,0.0,False,0,1
4,cartoon,50,0.15,1,0,0.13005799601136547,0.0,-0.004452698388304532,-0.13005799601136547,-0.13451069439967,False,False,empty,empty,0,0.0,0.0,False,0,0
4,cartoon,50,0.15,2,0,0.13005799601136547,0.0,-0.004452698388304532,-0.13005799601136547,-0.13896339278797454,False,False,empty,empty,1,0.0,0.0,False,0,0
4,cartoon,50,0.15,5,0,0.13005799601136547,0.0,-0.004452698388304532,-0.13005799601136547,-0.15232148795288813,False,False,empty,empty,2,0.0,0.0,False,0,0
4,cartoon,50,0.15,10,0,0.13005799601136547,0.0,-0.004452698388304532,-0.13005799601136547,-0.1745849798944108,False,False,empty,empty,2,0.0,0.0,False,0,1
4,cartoon,100,0.0,1,0,-0.01994200398863455,0.0,0.0,0.0,0.0,False,False,empty,empty,0,0.0,0.0,False,0,0
4,cartoon,100,0.0,2,0,-0.01994200398863455,0.0,0.0,0.0,0.0,False,False,empty,empty,0,0.0,0.0,False,0,0
4,cartoon,100,0.0,5,0,-0.01994200398863455,0.0,0.0,0.0,0.0,False,False,empty,empty,1,0.0,0.0,False,0,0
4,cartoon,100,0.0,10,0,-0.01994200398863455,0.0,0.0,0.0,0.0,False,False,empty,empty,1,0.0,0.0,False,0,0
4,cartoon,100,0.02,1,O50,5.7996011365468725e-05,0.0030698654950898074,0.0002268157246868574,0.0030118694837243387,0.00016881971332138868,True,True,"[0,0.0030118694837243387)","[0,0.00016881971332138868)",1,0.0,0.0,False,0,1
4,cartoon,100,0.02,2,O50,5.7996011365468725e-05,0.0030698654950898074,0.0002268157246868574,0.006081734978814146,0.0003956354380082461,True,True,"[0,0.0060817349788141462)","[0,0.00039563543800824608)",1,0.0,0.0,False,0,1
4,cartoon,100,0.02,5,O50,5.7996011365468725e-05,0.0030698654950898074,0.0002268157246868574,0.015291331464083568,0.0010760826120688183,True,True,"[0,0.015291331464083568)","[0,0.0010760826120688183)",1,0.0,0.0,False,0,1
4,cartoon,100,0.02,10,O50,5.7996011365468725e-05,0.0030698654950898074,0.0002268157246868574,0.030640658939532606,0.0022101612355031053,True,True,"[0,0.030640658939532606)","[0,0.0022101612355031053)",2,0.0,0.0,False,0,1
4,cartoon,100,0.05,1,0,0.030057996011365495,0.0,-0.004188779149236654,-0.030057996011365495,-0.03424677516060215,False,False,empty,empty,2,0.0,0.0,False,0,0
4,cartoon,100,0.05,2,0,0.030057996011365495,0.0,-0.004188779149236654,-0.030057996011365495,-0.038435554309838804,False,False,empty,empty,2,0.0,0.0,False,0,0
4,cartoon,100,0.05,5,0,0.030057996011365495,0.0,-0.004188779149236654,-0.030057996011365495,-0.05100189175754877,False,False,empty,empty,2,0.0,0.0,False,0,0
4,cartoon,100,0.05,10,0,0.030057996011365495,0.0,-0.004188779149236654,-0.030057996011365495,-0.07194578750373204,False,False,empty,empty,2,0.0,0.0,False,0,0
4,cartoon,100,0.1,1,0,0.08005799601136543,0.0,-0.014583509363816916,-0.08005799601136543,-0.09464150537518234,False,False,empty,empty,0,0.0,0.0,False,0,0
4,cartoon,100,0.1,2,0,0.08005799601136543,0.0,-0.014583509363816916,-0.08005799601136543,-0.10922501473899926,False,False,empty,empty,1,0.0,0.0,False,0,0
4,cartoon,100,0.1,5,0,0.08005799601136543,0.0,-0.014583509363816916,-0.08005799601136543,-0.15297554283045,False,False,empty,empty,2,0.0,0.0,False,0,0
4,cartoon,100,0.1,10,0,0.08005799601136543,0.0,-0.014583509363816916,-0.08005799601136543,-0.22589308964953458,False,False,empty,empty,2,0.0,0.0,False,0,0
4,cartoon,100,0.15,1,0,0.13005799601136547,0.0,-0.027083509363816982,-0.13005799601136547,-0.15714150537518246,False,False,empty,empty,0,0.0,0.0,False,0,0
4,cartoon,100,0.15,2,0,0.13005799601136547,0.0,-0.027083509363816982,-0.13005799601136547,-0.18422501473899944,False,False,empty,empty,1,0.0,0.0,False,0,0
4,cartoon,100,0.15,5,0,0.13005799601136547,0.0,-0.027083509363816982,-0.13005799601136547,-0.2654755428304504,False,False,empty,empty,2,0.0,0.0,False,0,0
4,cartoon,100,0.15,10,0,0.13005799601136547,0.0,-0.027083509363816982,-0.13005799601136547,-0.4008930896495353,False,False,empty,empty,2,0.0,0.0,False,0,0
4,photo,25,0.0,1,0,-0.07717569786535317,0.0,0.0,0.0,0.0,False,False,empty,empty,0,0.0,0.0,False,0,0
4,photo,25,0.0,2,0,-0.07717569786535317,0.0,0.0,0.0,0.0,False,False,empty,empty,0,0.0,0.0,False,0,0
4,photo,25,0.0,5,0,-0.07717569786535317,0.0,0.0,0.0,0.0,False,False,empty,empty,1,0.0,0.0,False,0,0
4,photo,25,0.0,10,0,-0.07717569786535317,0.0,0.0,0.0,0.0,False,False,empty,empty,1,0.0,0.0,False,0,0
4,photo,25,0.02,1,0,-0.05717569786535315,0.0,-1.4499002841450448e-05,0.0,-1.4499002841450448e-05,False,False,empty,empty,1,0.0,0.0,False,0,0
4,photo,25,0.02,2,0,-0.05717569786535315,0.0,-1.4499002841450448e-05,0.0,-2.8998005682900896e-05,False,False,empty,empty,1,0.0,0.0,False,0,0
4,photo,25,0.02,5,0,-0.05717569786535315,0.0,-1.4499002841450448e-05,0.0,-7.249501420725224e-05,False,False,empty,empty,1,0.0,0.0,False,0,0
4,photo,25,0.02,10,0,-0.05717569786535315,0.0,-1.4499002841450448e-05,0.0,-0.00014499002841450448,False,False,empty,empty,2,0.0,0.0,False,0,0
4,photo,25,0.05,1,0,-0.02717569786535312,0.0,-0.0016409814478725027,0.0,-0.0016409814478725027,False,False,empty,empty,2,0.0,0.0,False,0,1
4,photo,25,0.05,2,0,-0.02717569786535312,0.0,-0.0016409814478725027,0.0,-0.0032819628957450053,False,False,empty,empty,2,0.0,0.0,False,0,1
4,photo,25,0.05,5,0,-0.02717569786535312,0.0,-0.0016409814478725027,0.0,-0.008204907239362513,False,False,empty,empty,2,0.0,0.0,False,0,1
4,photo,25,0.05,10,0,-0.02717569786535312,0.0,-0.0016409814478725027,0.0,-0.016409814478725027,False,False,empty,empty,2,0.0,0.0,False,0,1
4,photo,25,0.1,1,0,0.022824302134646812,0.0,-0.00734705698153415,-0.022824302134646812,-0.030171359116180962,False,False,empty,empty,0,0.0,0.0,False,0,0
4,photo,25,0.1,2,0,0.022824302134646812,0.0,-0.00734705698153415,-0.022824302134646812,-0.03751841609771511,False,False,empty,empty,1,0.0,0.0,False,0,0
4,photo,25,0.1,5,0,0.022824302134646812,0.0,-0.00734705698153415,-0.022824302134646812,-0.05955958704231756,False,False,empty,empty,2,0.0,0.0,False,0,1
4,photo,25,0.1,10,0,0.022824302134646812,0.0,-0.00734705698153415,-0.022824302134646812,-0.09629487194998831,False,False,empty,empty,2,0.0,0.0,False,0,1
4,photo,25,0.15,1,0,0.07282430213464686,0.0,-0.019847056981534217,-0.07282430213464686,-0.09267135911618107,False,False,empty,empty,0,0.0,0.0,False,0,0
4,photo,25,0.15,2,0,0.07282430213464686,0.0,-0.019847056981534217,-0.07282430213464686,-0.11251841609771529,False,False,empty,empty,1,0.0,0.0,False,0,0
4,photo,25,0.15,5,0,0.07282430213464686,0.0,-0.019847056981534217,-0.07282430213464686,-0.17205958704231794,False,False,empty,empty,2,0.0,0.0,False,0,0
4,photo,25,0.15,10,0,0.07282430213464686,0.0,-0.019847056981534217,-0.07282430213464686,-0.271294871949989,False,False,empty,empty,2,0.0,0.0,False,0,0
4,photo,50,0.0,1,0,-0.07717569786535317,0.0,0.0,0.0,0.0,False,False,empty,empty,0,0.0,0.0,False,0,0
4,photo,50,0.0,2,0,-0.07717569786535317,0.0,0.0,0.0,0.0,False,False,empty,empty,0,0.0,0.0,False,0,0
4,photo,50,0.0,5,0,-0.07717569786535317,0.0,0.0,0.0,0.0,False,False,empty,empty,1,0.0,0.0,False,0,0
4,photo,50,0.0,10,0,-0.07717569786535317,0.0,0.0,0.0,0.0,False,False,empty,empty,1,0.0,0.0,False,0,0
4,photo,50,0.02,1,STD,-0.05717569786535315,0.0019298571600909753,-1.4499002841450448e-05,0.0019298571600909753,-1.4499002841450448e-05,False,False,empty,empty,1,0.0,0.0,False,0,0
4,photo,50,0.02,2,STD,-0.05717569786535315,0.0019298571600909753,-1.4499002841450448e-05,0.0038597143201819506,-2.8998005682900896e-05,False,False,empty,empty,1,0.0,0.0,False,0,0
4,photo,50,0.02,5,STD,-0.05717569786535315,0.0019298571600909753,-1.4499002841450448e-05,0.009649285800454876,-7.249501420725224e-05,False,False,empty,empty,1,0.0,0.0,False,0,0
4,photo,50,0.02,10,STD,-0.05717569786535315,0.0019298571600909753,-1.4499002841450448e-05,0.019298571600909753,-0.00014499002841450448,False,False,empty,empty,2,0.0,0.0,False,0,0
4,photo,50,0.05,1,0,-0.02717569786535312,0.0,-0.0008144772857976434,0.0,-0.0008144772857976434,False,False,empty,empty,2,0.0,0.0,False,0,1
4,photo,50,0.05,2,0,-0.02717569786535312,0.0,-0.0008144772857976434,0.0,-0.001628954571595287,False,False,empty,empty,2,0.0,0.0,False,0,1
4,photo,50,0.05,5,0,-0.02717569786535312,0.0,-0.0008144772857976434,0.0,-0.004072386428988217,False,False,empty,empty,2,0.0,0.0,False,0,1
4,photo,50,0.05,10,0,-0.02717569786535312,0.0,-0.0008144772857976434,0.0,-0.008144772857976434,False,False,empty,empty,2,0.0,0.0,False,0,1
4,photo,50,0.1,1,0,0.022824302134646812,0.0,-0.003957656138994681,-0.022824302134646812,-0.026781958273641493,False,False,empty,empty,0,0.0,0.0,False,0,0
4,photo,50,0.1,2,0,0.022824302134646812,0.0,-0.003957656138994681,-0.022824302134646812,-0.030739614412636174,False,False,empty,empty,1,0.0,0.0,False,0,0
4,photo,50,0.1,5,0,0.022824302134646812,0.0,-0.003957656138994681,-0.022824302134646812,-0.042612582829620216,False,False,empty,empty,2,0.0,0.0,False,0,1
4,photo,50,0.1,10,0,0.022824302134646812,0.0,-0.003957656138994681,-0.022824302134646812,-0.06240086352459362,False,False,empty,empty,2,0.0,0.0,False,0,1
4,photo,50,0.15,1,0,0.07282430213464686,0.0,-0.003957656138994681,-0.07282430213464686,-0.07678195827364154,False,False,empty,empty,0,0.0,0.0,False,0,0
4,photo,50,0.15,2,0,0.07282430213464686,0.0,-0.003957656138994681,-0.07282430213464686,-0.08073961441263622,False,False,empty,empty,1,0.0,0.0,False,0,0
4,photo,50,0.15,5,0,0.07282430213464686,0.0,-0.003957656138994681,-0.07282430213464686,-0.09261258282962026,False,False,empty,empty,2,0.0,0.0,False,0,0
4,photo,50,0.15,10,0,0.07282430213464686,0.0,-0.003957656138994681,-0.07282430213464686,-0.11240086352459366,False,False,empty,empty,2,0.0,0.0,False,0,1
4,photo,100,0.0,1,0,-0.07717569786535317,0.0,0.0,0.0,0.0,False,False,empty,empty,0,0.0,0.0,False,0,0
4,photo,100,0.0,2,0,-0.07717569786535317,0.0,0.0,0.0,0.0,False,False,empty,empty,0,0.0,0.0,False,0,0
4,photo,100,0.0,5,0,-0.07717569786535317,0.0,0.0,0.0,0.0,False,False,empty,empty,1,0.0,0.0,False,0,0
4,photo,100,0.0,10,0,-0.07717569786535317,0.0,0.0,0.0,0.0,False,False,empty,empty,1,0.0,0.0,False,0,0
4,photo,100,0.02,1,REP,-0.05717569786535315,0.0041428846199143,0.0041428846199143,0.0041428846199143,0.0041428846199143,False,False,empty,empty,1,0.0,0.0,False,0,0
4,photo,100,0.02,2,REP,-0.05717569786535315,0.0041428846199143,0.0041428846199143,0.0082857692398286,0.0082857692398286,False,False,empty,empty,1,0.0,0.0,False,0,0
4,photo,100,0.02,5,REP,-0.05717569786535315,0.0041428846199143,0.0041428846199143,0.0207144230995715,0.0207144230995715,False,False,empty,empty,1,0.0,0.0,False,0,0
4,photo,100,0.02,10,REP,-0.05717569786535315,0.0041428846199143,0.0041428846199143,0.041428846199143,0.041428846199143,False,False,empty,empty,2,0.0,0.0,False,0,0
4,photo,100,0.05,1,REP,-0.02717569786535312,0.010540293821144409,0.010540293821144409,0.010540293821144409,0.010540293821144409,False,False,empty,empty,2,0.0,0.0,False,0,1
4,photo,100,0.05,2,REP,-0.02717569786535312,0.010540293821144409,0.010540293821144409,0.021080587642288817,0.021080587642288817,False,False,empty,empty,2,0.0,0.0,False,0,1
4,photo,100,0.05,5,REP,-0.02717569786535312,0.010540293821144409,0.010540293821144409,0.05270146910572204,0.05270146910572204,False,False,empty,empty,2,0.0,0.0,False,0,1
4,photo,100,0.05,10,REP,-0.02717569786535312,0.010540293821144409,0.010540293821144409,0.10540293821144409,0.10540293821144409,False,False,empty,empty,2,0.0,0.0,False,0,1
4,photo,100,0.1,1,REP,0.022824302134646812,0.012664773688487174,0.012664773688487174,-0.010159528446159638,-0.010159528446159638,False,False,empty,empty,0,0.0,0.0,False,0,0
4,photo,100,0.1,2,REP,0.022824302134646812,0.012664773688487174,0.012664773688487174,0.002505245242327536,0.002505245242327536,True,True,"[0,0.0025052452423275362)","[0,0.0025052452423275362)",1,0.0,0.0,False,0,1
4,photo,100,0.1,5,REP,0.022824302134646812,0.012664773688487174,0.012664773688487174,0.04049956630778906,0.04049956630778906,True,True,"[0,0.040499566307789059)","[0,0.040499566307789059)",2,0.0,0.0,False,0,2
4,photo,100,0.1,10,REP,0.022824302134646812,0.012664773688487174,0.012664773688487174,0.10382343475022493,0.10382343475022493,True,True,"[0,0.10382343475022493)","[0,0.10382343475022493)",2,0.0,0.0,False,0,2
4,photo,100,0.15,1,REP,0.07282430213464686,0.012664773688487174,0.012664773688487174,-0.06015952844615968,-0.06015952844615968,False,False,empty,empty,0,0.0,0.0,False,0,0
4,photo,100,0.15,2,REP,0.07282430213464686,0.012664773688487174,0.012664773688487174,-0.04749475475767251,-0.04749475475767251,False,False,empty,empty,1,0.0,0.0,False,0,0
4,photo,100,0.15,5,REP,0.07282430213464686,0.012664773688487174,0.012664773688487174,-0.009500433692210986,-0.009500433692210986,False,False,empty,empty,2,0.0,0.0,False,0,0
4,photo,100,0.15,10,REP,0.07282430213464686,0.012664773688487174,0.012664773688487174,0.053823434750224886,0.053823434750224886,True,True,"[0,0.053823434750224886)","[0,0.053823434750224886)",2,0.0,0.0,False,0,1
4,sketch,25,0.0,1,0,-0.04726829713048297,0.0,0.0,0.0,0.0,False,False,empty,empty,0,0.0,0.0,False,0,0
4,sketch,25,0.0,2,0,-0.04726829713048297,0.0,0.0,0.0,0.0,False,False,empty,empty,0,0.0,0.0,False,0,0
4,sketch,25,0.0,5,0,-0.04726829713048297,0.0,0.0,0.0,0.0,False,False,empty,empty,1,0.0,0.0,False,0,0
4,sketch,25,0.0,10,0,-0.04726829713048297,0.0,0.0,0.0,0.0,False,False,empty,empty,1,0.0,0.0,False,0,0
4,sketch,25,0.02,1,0,-0.027268297130482955,0.0,-1.4499002841450448e-05,0.0,-1.4499002841450448e-05,False,False,empty,empty,1,0.0,0.0,False,0,0
4,sketch,25,0.02,2,0,-0.027268297130482955,0.0,-1.4499002841450448e-05,0.0,-2.8998005682900896e-05,False,False,empty,empty,1,0.0,0.0,False,0,0
4,sketch,25,0.02,5,0,-0.027268297130482955,0.0,-1.4499002841450448e-05,0.0,-7.249501420725224e-05,False,False,empty,empty,1,0.0,0.0,False,0,0
4,sketch,25,0.02,10,0,-0.027268297130482955,0.0,-1.4499002841450448e-05,0.0,-0.00014499002841450448,False,False,empty,empty,2,0.0,0.0,False,0,0
4,sketch,25,0.05,1,0,0.002731702869517072,0.0,-0.004542540634858261,-0.002731702869517072,-0.007274243504375333,False,False,empty,empty,2,0.0,0.0,False,0,0
4,sketch,25,0.05,2,0,0.002731702869517072,0.0,-0.004542540634858261,-0.002731702869517072,-0.011816784139233594,False,False,empty,empty,2,0.0,0.0,False,0,0
4,sketch,25,0.05,5,0,0.002731702869517072,0.0,-0.004542540634858261,-0.002731702869517072,-0.025444406043808376,False,False,empty,empty,2,0.0,0.0,False,0,0
4,sketch,25,0.05,10,0,0.002731702869517072,0.0,-0.004542540634858261,-0.002731702869517072,-0.04815710921809968,False,False,empty,empty,2,0.0,0.0,False,0,0
4,sketch,25,0.1,1,0,0.052731702869517005,0.0,-0.012452558790162827,-0.052731702869517005,-0.06518426165967983,False,False,empty,empty,0,0.0,0.0,False,0,0
4,sketch,25,0.1,2,0,0.052731702869517005,0.0,-0.012452558790162827,-0.052731702869517005,-0.07763682044984266,False,False,empty,empty,1,0.0,0.0,False,0,0
4,sketch,25,0.1,5,0,0.052731702869517005,0.0,-0.012452558790162827,-0.052731702869517005,-0.11499449682033114,False,False,empty,empty,2,0.0,0.0,False,0,0
4,sketch,25,0.1,10,0,0.052731702869517005,0.0,-0.012452558790162827,-0.052731702869517005,-0.17725729077114527,False,False,empty,empty,2,0.0,0.0,False,0,0
4,sketch,25,0.15,1,0,0.10273170286951705,0.0,-0.012452558790162827,-0.10273170286951705,-0.11518426165967988,False,False,empty,empty,0,0.0,0.0,False,0,0
4,sketch,25,0.15,2,0,0.10273170286951705,0.0,-0.012452558790162827,-0.10273170286951705,-0.1276368204498427,False,False,empty,empty,1,0.0,0.0,False,0,1
4,sketch,25,0.15,5,0,0.10273170286951705,0.0,-0.012452558790162827,-0.10273170286951705,-0.16499449682033118,False,False,empty,empty,2,0.0,0.0,False,0,1
4,sketch,25,0.15,10,0,0.10273170286951705,0.0,-0.012452558790162827,-0.10273170286951705,-0.22725729077114531,False,False,empty,empty,2,0.0,0.0,False,0,1
4,sketch,50,0.0,1,0,-0.04726829713048297,0.0,0.0,0.0,0.0,False,False,empty,empty,0,0.0,0.0,False,0,0
4,sketch,50,0.0,2,0,-0.04726829713048297,0.0,0.0,0.0,0.0,False,False,empty,empty,0,0.0,0.0,False,0,0
4,sketch,50,0.0,5,0,-0.04726829713048297,0.0,0.0,0.0,0.0,False,False,empty,empty,1,0.0,0.0,False,0,0
4,sketch,50,0.0,10,0,-0.04726829713048297,0.0,0.0,0.0,0.0,False,False,empty,empty,1,0.0,0.0,False,0,0
4,sketch,50,0.02,1,REP,-0.027268297130482955,0.00339269221159455,0.00339269221159455,0.00339269221159455,0.00339269221159455,False,False,empty,empty,1,0.0,0.0,False,0,0
4,sketch,50,0.02,2,REP,-0.027268297130482955,0.00339269221159455,0.00339269221159455,0.0067853844231891,0.0067853844231891,False,False,empty,empty,1,0.0,0.0,False,0,0
4,sketch,50,0.02,5,REP,-0.027268297130482955,0.00339269221159455,0.00339269221159455,0.01696346105797275,0.01696346105797275,False,False,empty,empty,1,0.0,0.0,False,0,0
4,sketch,50,0.02,10,REP,-0.027268297130482955,0.00339269221159455,0.00339269221159455,0.0339269221159455,0.0339269221159455,False,False,empty,empty,2,0.0,0.0,False,0,0
4,sketch,50,0.05,1,REP,0.002731702869517072,0.005094201223236117,0.005094201223236117,0.0023624983537190447,0.0023624983537190447,True,True,"[0,0.0023624983537190447)","[0,0.0023624983537190447)",2,0.0,0.0,False,0,1
4,sketch,50,0.05,2,REP,0.002731702869517072,0.005094201223236117,0.005094201223236117,0.007456699576955161,0.007456699576955161,True,True,"[0,0.0074566995769551614)","[0,0.0074566995769551614)",2,0.0,0.0,False,0,1
4,sketch,50,0.05,5,REP,0.002731702869517072,0.005094201223236117,0.005094201223236117,0.02273930324666351,0.02273930324666351,True,True,"[0,0.022739303246663511)","[0,0.022739303246663511)",2,0.0,0.0,False,0,1
4,sketch,50,0.05,10,REP,0.002731702869517072,0.005094201223236117,0.005094201223236117,0.048210309362844095,0.048210309362844095,True,True,"[0,0.048210309362844095)","[0,0.048210309362844095)",2,0.0,0.0,False,0,1
4,sketch,50,0.1,1,REP,0.052731702869517005,0.004109547072365549,0.004109547072365549,-0.048622155797151456,-0.048622155797151456,False,False,empty,empty,0,0.0,0.0,False,0,0
4,sketch,50,0.1,2,REP,0.052731702869517005,0.004109547072365549,0.004109547072365549,-0.04451260872478591,-0.04451260872478591,False,False,empty,empty,1,0.0,0.0,False,0,0
4,sketch,50,0.1,5,REP,0.052731702869517005,0.004109547072365549,0.004109547072365549,-0.03218396750768926,-0.03218396750768926,False,False,empty,empty,2,0.0,0.0,False,0,0
4,sketch,50,0.1,10,REP,0.052731702869517005,0.004109547072365549,0.004109547072365549,-0.011636232145861514,-0.011636232145861514,False,False,empty,empty,2,0.0,0.0,False,0,0
4,sketch,50,0.15,1,REP,0.10273170286951705,0.004109547072365549,0.004109547072365549,-0.0986221557971515,-0.0986221557971515,False,False,empty,empty,0,0.0,0.0,False,0,0
4,sketch,50,0.15,2,REP,0.10273170286951705,0.004109547072365549,0.004109547072365549,-0.09451260872478595,-0.09451260872478595,False,False,empty,empty,1,0.0,0.0,False,0,1
4,sketch,50,0.15,5,REP,0.10273170286951705,0.004109547072365549,0.004109547072365549,-0.0821839675076893,-0.0821839675076893,False,False,empty,empty,2,0.0,0.0,False,0,1
4,sketch,50,0.15,10,REP,0.10273170286951705,0.004109547072365549,0.004109547072365549,-0.06163623214586156,-0.06163623214586156,False,False,empty,empty,2,0.0,0.0,False,0,1
4,sketch,100,0.0,1,0,-0.04726829713048297,0.0,0.0,0.0,0.0,False,False,empty,empty,0,0.0,0.0,False,0,0
4,sketch,100,0.0,2,0,-0.04726829713048297,0.0,0.0,0.0,0.0,False,False,empty,empty,0,0.0,0.0,False,0,0
4,sketch,100,0.0,5,0,-0.04726829713048297,0.0,0.0,0.0,0.0,False,False,empty,empty,1,0.0,0.0,False,0,0
4,sketch,100,0.0,10,0,-0.04726829713048297,0.0,0.0,0.0,0.0,False,False,empty,empty,1,0.0,0.0,False,0,0
4,sketch,100,0.02,1,REP,-0.027268297130482955,0.006901535009282922,0.006901535009282922,0.006901535009282922,0.006901535009282922,False,False,empty,empty,1,0.0,0.0,False,0,0
4,sketch,100,0.02,2,REP,-0.027268297130482955,0.006901535009282922,0.006901535009282922,0.013803070018565844,0.013803070018565844,False,False,empty,empty,1,0.0,0.0,False,0,0
4,sketch,100,0.02,5,REP,-0.027268297130482955,0.006901535009282922,0.006901535009282922,0.03450767504641461,0.03450767504641461,False,False,empty,empty,1,0.0,0.0,False,0,0
4,sketch,100,0.02,10,REP,-0.027268297130482955,0.006901535009282922,0.006901535009282922,0.06901535009282922,0.06901535009282922,False,False,empty,empty,2,0.0,0.0,False,0,0
4,sketch,100,0.05,1,REP,0.002731702869517072,0.010757110672539816,0.010757110672539816,0.008025407803022744,0.008025407803022744,True,True,"[0,0.0080254078030227438)","[0,0.0080254078030227438)",2,0.0,0.0,False,0,1
4,sketch,100,0.05,2,REP,0.002731702869517072,0.010757110672539816,0.010757110672539816,0.01878251847556256,0.01878251847556256,True,True,"[0,0.01878251847556256)","[0,0.01878251847556256)",2,0.0,0.0,False,0,1
4,sketch,100,0.05,5,REP,0.002731702869517072,0.010757110672539816,0.010757110672539816,0.05105385049318201,0.05105385049318201,True,True,"[0,0.051053850493182007)","[0,0.051053850493182007)",2,0.0,0.0,False,0,1
4,sketch,100,0.05,10,REP,0.002731702869517072,0.010757110672539816,0.010757110672539816,0.10483940385588109,0.10483940385588109,True,True,"[0,0.10483940385588109)","[0,0.10483940385588109)",2,0.0,0.0,False,0,1
4,sketch,100,0.1,1,REP,0.052731702869517005,0.005051035138878168,0.005051035138878168,-0.04768066773063884,-0.04768066773063884,False,False,empty,empty,0,0.0,0.0,False,0,0
4,sketch,100,0.1,2,REP,0.052731702869517005,0.005051035138878168,0.005051035138878168,-0.04262963259176067,-0.04262963259176067,False,False,empty,empty,1,0.0,0.0,False,0,0
4,sketch,100,0.1,5,REP,0.052731702869517005,0.005051035138878168,0.005051035138878168,-0.027476527175126164,-0.027476527175126164,False,False,empty,empty,2,0.0,0.0,False,0,0
4,sketch,100,0.1,10,REP,0.052731702869517005,0.005051035138878168,0.005051035138878168,-0.002221351480735323,-0.002221351480735323,False,False,empty,empty,2,0.0,0.0,False,0,0
4,sketch,100,0.15,1,0,0.10273170286951705,0.0,-0.004824930100165492,-0.10273170286951705,-0.10755663296968254,False,False,empty,empty,0,0.0,0.0,False,0,0
4,sketch,100,0.15,2,0,0.10273170286951705,0.0,-0.004824930100165492,-0.10273170286951705,-0.11238156306984803,False,False,empty,empty,1,0.0,0.0,False,0,0
4,sketch,100,0.15,5,0,0.10273170286951705,0.0,-0.004824930100165492,-0.10273170286951705,-0.1268563533703445,False,False,empty,empty,2,0.0,0.0,False,0,1
4,sketch,100,0.15,10,0,0.10273170286951705,0.0,-0.004824930100165492,-0.10273170286951705,-0.15098100387117197,False,False,empty,empty,2,0.0,0.0,False,0,1
